bin,the_geom,lm_orig,style_oth,hist_dist,mat_prim,shape_leng,lot,mat_other,mat_four,date_high,alt_arch_2,arch_build,circa,altered,notes,lm_new
3058494,"{'type': 'MultiPolygon', 'coordinates': [[[[-73.97214545744995, 40.69107951877106], [-73.97225629187905, 40.69106629269212], [-73.97228745991355, 40.69106257297794], [-73.97229818281974, 40.69111463242374], [-73.97226009707059, 40.6911191780452], [-73.97215618143085, 40.69113157913079], [-73.97214545744995, 40.69107951877106]]]]}",0,0,Fort Greene Historic District,Brick,118.11876305,25,0,Stone,1856,0,Henry Harteau (builder),1,0,0,0
3064894,"{'type': 'MultiPolygon', 'coordinates': [[[[-73.95572784063205, 40.72905989676456], [-73.95580776911635, 40.72905204891683], [-73.95581459035404, 40.729092251144635], [-73.95578458193829, 40.72909519779677], [-73.95578597212445, 40.7291033902584], [-73.95580339133693, 40.72920604773525], [-73.95575347232233, 40.729210949844415], [-73.95572861531309, 40.72906445994009], [-73.95572784063205, 40.72905989676456]]]]}",0,0,Greenpoint Historic District,Brick,155.652745235,24,0,0,1868,0,Thomas C. Smith,0,0,0,0
3415634,"{'type': 'MultiPolygon', 'coordinates': [[[[-73.956682137682, 40.6607682858866], [-73.95676921873682, 40.660764323055005], [-73.95677224582222, 40.660802904121134], [-73.95668515533589, 40.66080674538176], [-73.956682137682, 40.6607682858866]]]]}",0,0,Prospect Lefferts Gardens Historic District,Brick,76.5245219979,1,0,0,0,0,Not determined,0,0,0,0
3025106,"{'type': 'MultiPolygon', 'coordinates': [[[[-73.97680590077252, 40.671627425428646], [-73.97684503997301, 40.67158070287277], [-73.97689415468778, 40.67152207119141], [-73.97695349201736, 40.671550887875945], [-73.97687384241557, 40.67164596990938], [-73.97686523697489, 40.671656242158114], [-73.97680590077252, 40.671627425428646]]]]}",0,0,Park Slope Historic District,Brownstone,130.099083581,70,0,0,1885,0,Martin & Lee,0,0,0,0
3005802,"{'type': 'MultiPolygon', 'coordinates': [[[[-73.9884518468926, 40.68578386051851], [-73.98845690653843, 40.68577641287732], [-73.98848591428455, 40.685733710721706], [-73.98860422871735, 40.68578028266032], [-73.98859040702771, 40.68580062929835], [-73.98857016139041, 40.685830433392304], [-73.9884518468926, 40.68578386051851]]]]}",0,0,Boerum Hill Historic District,Brick,115.020521483,38,0,0,1851,0,Thomas Maynard (builder),0,0,0,0
3026165,"{'type': 'MultiPolygon', 'coordinates': [[[[-73.98096278159629, 40.66518799062713], [-73.98098355281444, 40.665162948012174], [-73.98105898350721, 40.66507200564212], [-73.9810796087375, 40.6650819246177], [-73.98109800332227, 40.665080286001036], [-73.98110965623277, 40.66508588912454], [-73.98112080718893, 40.66510173913567], [-73.98108778486618, 40.66514155272665], [-73.98102460534263, 40.66521772417198], [-73.98096278159629, 40.66518799062713]]]]}",0,0,Park Slope Historic District Extension,Brick,142.524323946,60,0,0,1893,0,Not determined,1,0,0,0
3024583,"{'type': 'MultiPolygon', 'coordinates': [[[[-73.97292277631634, 40.67381345023905], [-73.97294327930783, 40.673784343211636], [-73.97296082606742, 40.67375943278647], [-73.97298550009282, 40.67376950814218], [-73.9731395860919, 40.67383242358346], [-73.97314337973829, 40.673833973354995], [-73.97314892593657, 40.67383623764384], [-73.97311578043131, 40.673883293521875], [-73.9731108762935, 40.67389025605861], [-73.97292277631634, 40.67381345023905]]]]}",0,0,Park Slope Historic District,Euclid Stone,163.077446631,43,0,0,1889,0,Parfitt Brothers,0,0,0,0
3029110,"{'type': 'MultiPolygon', 'coordinates': [[[[-73.96654164980303, 40.67610601705549], [-73.96658558567546, 40.67598120766068], [-73.96660745087495, 40.6759856733582], [-73.966611390442, 40.67597447840043], [-73.96662051682014, 40.67594855162395], [-73.96663891193687, 40.675940730584614], [-73.96664946489591, 40.67594288317298], [-73.96665516991493, 40.67595623225759], [-73.96665251314336, 40.67596377780204], [-73.96664296154765, 40.67599091565023], [-73.96665469008866, 40.67599330901635], [-73.96660945732887, 40.676121813773925], [-73.966586179972, 40.67611706400458], [-73.96657343119105, 40.6761230532276], [-73.96654969969019, 40.676118210565946], [-73.96654164980303, 40.67610601705549]]]]}",0,0,Prospect Heights Historic District,Limestone,168.893589099,46,0,0,1906,0,Benjamin Driesler,1,0,0,0
3003410,"{'type': 'MultiPolygon', 'coordinates': [[[[-73.99441575197847, 40.68685800580834], [-73.99445622890813, 40.68678730754328], [-73.99447415605144, 40.68675599664744], [-73.99451663001521, 40.686681813468496], [-73.99455748432254, 40.68669536723714], [-73.99453333504522, 40.686737546149395], [-73.99452135007866, 40.68673975453928], [-73.99451302187502, 40.686754299238046], [-73.99455404775371, 40.686767910648825], [-73.99449061893522, 40.686878696015036], [-73.99448659502566, 40.686885723430336], [-73.9944137240478, 40.686861547429785], [-73.99441575197847, 40.68685800580834]]]]}",0,0,Cobble Hill Historic District,Brick,191.033967013,23,0,0,1858,0,"John Greacen, Jr. (architect), Thomas Sullivan (builder)",0,0,0,0
3026434,"{'type': 'MultiPolygon', 'coordinates': [[[[-73.97927150958282, 40.662528187879104], [-73.97919512143146, 40.662619224385544], [-73.97917619944427, 40.66264177439093], [-73.97915716269385, 40.66266446125082], [-73.97910991974234, 40.66264147330785], [-73.97912895650227, 40.66261878645578], [-73.97911505415301, 40.66261202195599], [-73.97914569134275, 40.662575508879264], [-73.9792103643534, 40.662498435494435], [-73.97923094827637, 40.66250845115232], [-73.97924759657492, 40.66250357515994], [-73.97926720622958, 40.66251311696411], [-73.97927150958282, 40.662528187879104]]]]}",0,neo-Grec,Park Slope Historic District,Brownstone,161.76883555,50,0,0,1896,0,Robert Dixon,0,0,0,0
3002948,"{'type': 'MultiPolygon', 'coordinates': [[[[-73.99505649262058, 40.69028803298479], [-73.9950742717972, 40.69025080022789], [-73.9951090929421, 40.69017787815377], [-73.9951232312825, 40.69014826897896], [-73.99514433050473, 40.690104082588164], [-73.99515463044582, 40.69008251302919], [-73.99522855720247, 40.690102965872754], [-73.99521897667945, 40.690123030710645], [-73.99519858979943, 40.690165724994245], [-73.99518343746773, 40.69019745664551], [-73.99514784493161, 40.690271995130594], [-73.99513042075806, 40.69030848679138], [-73.99505649262058, 40.69028803298479]]]]}",0,0,Cobble Hill Historic District,Brick,202.967340049,20,0,0,1852,0,Not determined,0,0,0,0
3115199,"{'type': 'MultiPolygon', 'coordinates': [[[[-73.9548526592112, 40.65925884696174], [-73.95487950767598, 40.65925720054579], [-73.95488135423817, 40.659254433982355], [-73.95488384271478, 40.6592519333231], [-73.95488689737441, 40.65924977508215], [-73.9548904259373, 40.65924802586154], [-73.95489432076097, 40.65924673874954], [-73.95489846238742, 40.65924595152085], [-73.95490272545536, 40.65924569024155], [-73.95490697870284, 40.65924596206391], [-73.95491109324384, 40.65924675883307], [-73.95491494375032, 40.6592480561859], [-73.95491841318288, 40.65924981355318], [-73.95492139515251, 40.65925197866349], [-73.95492379865182, 40.65925448574329], [-73.95493730512031, 40.65938224463503], [-73.9548661667262, 40.65938660676269], [-73.9548526592112, 40.65925884696174]]]]}",0,0,Prospect Lefferts Gardens Historic District,Limestone,135.775708389,69,0,0,1908,0,Axel S. Hedman,0,0,0,0
3024545,"{'type': 'MultiPolygon', 'coordinates': [[[[-73.97193710019135, 40.67440641751034], [-73.97194235260432, 40.67439854558871], [-73.97196937564782, 40.67435804070717], [-73.97206329183847, 40.674394362409124], [-73.97214386162175, 40.67442552175322], [-73.97211158625905, 40.67447389860493], [-73.97204084478601, 40.67444653999945], [-73.97193816923486, 40.674406831107525], [-73.97193710019135, 40.67440641751034]]]]}",0,0,Park Slope Historic District,Euclid Stone,148.109911614,6,0,0,1888,0,"Charles Werner (architect), William Gubbins (builder)",0,0,0,0
3115369,"{'type': 'MultiPolygon', 'coordinates': [[[[-73.9561877534137, 40.65893269990026], [-73.95617408157943, 40.658806556613555], [-73.95620577825026, 40.65880456413572], [-73.95619956761983, 40.65874725738893], [-73.95624231740656, 40.65874457030843], [-73.95626220122996, 40.65892802033123], [-73.95626041845854, 40.65893098505486], [-73.95625795830293, 40.658933672161716], [-73.9562548988631, 40.65893599703291], [-73.95625133951798, 40.65893788316225], [-73.95624739382676, 40.65893926935769], [-73.95624318952653, 40.658940112443126], [-73.95623886380442, 40.658940384554626], [-73.95623455265277, 40.658940076738645], [-73.95623039796347, 40.65893919895501], [-73.9562265321567, 40.65893778007063], [-73.95622308054662, 40.658935865159044], [-73.95622015424688, 40.65893351549776], [-73.95621784780566, 40.65893080856715], [-73.9561877534137, 40.65893269990026]]]]}",0,0,Prospect Lefferts Gardens Historic District,Limestone,178.758638112,11,0,0,1910,0,Benjamin Driesler,0,0,0,0
3032366,"{'type': 'MultiPolygon', 'coordinates': [[[[-73.94615584552328, 40.67122571393988], [-73.9461701349708, 40.67107479333261], [-73.94618560523504, 40.671075642552], [-73.94618983514867, 40.67103096455422], [-73.94622513372619, 40.67103290185825], [-73.94622090383606, 40.67107757985736], [-73.94624199642809, 40.671078736972], [-73.94622770832424, 40.671229658489175], [-73.94620005431958, 40.67122814079925], [-73.94618699466874, 40.67123718937433], [-73.94617144039854, 40.67123633561335], [-73.94615584552328, 40.67122571393988]]]]}",0,0,Crown Heights North II Historic District,Brick,185.60016504,17,0,0,1910,0,Arthur R. Koch,1,0,0,0
3035251,"{'type': 'MultiPolygon', 'coordinates': [[[[-73.9567563435962, 40.66146274258897], [-73.95674000176261, 40.661333901356684], [-73.95682263742226, 40.661327823300645], [-73.95684618566486, 40.66151349611602], [-73.95676355096035, 40.66151957328876], [-73.9567563435962, 40.66146274258897]]]]}",0,0,Prospect Lefferts Gardens Historic District,Brick,181.987018903,1,0,Limestone,1905,0,Albert Ullrich,0,0,0,0
3003308,"{'type': 'MultiPolygon', 'coordinates': [[[[-73.9979156316594, 40.68787282286476], [-73.99783986357188, 40.687848149199425], [-73.99782178987236, 40.6878422631027], [-73.99777505474019, 40.68782704353092], [-73.99779731330938, 40.68777884667698], [-73.99779960238965, 40.687779592345876], [-73.997819198575, 40.6877859737574], [-73.9979419714538, 40.687825955214834], [-73.99793561720652, 40.68783726104765], [-73.99797111634803, 40.68784882157035], [-73.9979539228531, 40.687879416211025], [-73.9979184225154, 40.68786785568299], [-73.9979156316594, 40.68787282286476]]]]}",0,0,Cobble Hill Historic District,Not determined,144.64116224,26,0,0,1873,0,Not determined,0,0,0,0
3025942,"{'type': 'MultiPolygon', 'coordinates': [[[[-73.97747764617458, 40.6656359251894], [-73.97748403366602, 40.66562823783481], [-73.97756807891173, 40.665527083090275], [-73.97758325390221, 40.66552416297364], [-73.97759790637589, 40.665531222270886], [-73.9776009760351, 40.66554293227727], [-73.9776307728825, 40.66555728689606], [-73.97756045623247, 40.66564191629547], [-73.97754034020701, 40.665666128143535], [-73.97751762481703, 40.665655185139435], [-73.97751358686466, 40.665656757551616], [-73.9775092510807, 40.665657778789495], [-73.97750474874564, 40.665658216460415], [-73.97750021349847, 40.66565805888371], [-73.97749578252014, 40.665657310588806], [-73.97749158825529, 40.66565599321391], [-73.97748775604705, 40.66565414730693], [-73.97748440177256, 40.665651826921426], [-73.97748162474727, 40.66564910231722], [-73.97747950772575, 40.66564605635794], [-73.9774781145383, 40.66564277820724], [-73.97747748772574, 40.66563936693019], [-73.97747764617458, 40.6656359251894]]]]}",0,0,Park Slope Historic District,Not determined,140.935878571,24,0,0,1902,0,Benjamin Driesler,0,0,0,0
3032758,"{'type': 'MultiPolygon', 'coordinates': [[[[-73.9468811199155, 40.67051476091673], [-73.94689315531811, 40.67038663211615], [-73.9469496157559, 40.670389706410354], [-73.94696399429867, 40.6703904901847], [-73.94696116142312, 40.670420648945466], [-73.94695196021495, 40.670518618092714], [-73.94694509287739, 40.67052682672716], [-73.94691292026069, 40.6705250738908], [-73.94690258133211, 40.67051592978734], [-73.9468811199155, 40.67051476091673]]]]}",0,0,Crown Heights North II Historic District,Limestone,136.159362129,111,0,0,1907,0,Axel S. Hedman,1,0,0,0
3029114,"{'type': 'MultiPolygon', 'coordinates': [[[[-73.96661013535964, 40.67577158843642], [-73.96661650389532, 40.6757542283577], [-73.96660767271865, 40.67574103505312], [-73.96661309017522, 40.67572627088293], [-73.96662801497763, 40.67572073254383], [-73.96679200273812, 40.67575560650414], [-73.96678639463127, 40.675770890224776], [-73.966835387585, 40.67578130980671], [-73.96684008083193, 40.67579093135978], [-73.96683643290287, 40.67580087379349], [-73.96682621303903, 40.67580441617435], [-73.96677786698572, 40.675794134554074], [-73.96677340062891, 40.67580630912586], [-73.96661013535964, 40.67577158843642]]]]}",0,0,Prospect Heights Historic District,Limestone,165.436304853,50,0,0,1906,0,Benjamin Driesler (attributed),1,0,0,0
3117511,"{'type': 'MultiPolygon', 'coordinates': [[[[-73.96654512691472, 40.64639726480448], [-73.96653899955201, 40.64636125761249], [-73.96652041459708, 40.646363092862316], [-73.96650563141301, 40.64627622009281], [-73.96653806488952, 40.6462730182873], [-73.96653031671057, 40.646227480441084], [-73.96654854574822, 40.646225681106834], [-73.96654449660583, 40.64620188464217], [-73.96664445831657, 40.64619201608538], [-73.96664989258443, 40.64622395273017], [-73.96669828855019, 40.64621917509827], [-73.96671957428295, 40.64634426320501], [-73.96672064816873, 40.64634822399371], [-73.96672098664767, 40.646352261113655], [-73.96672058503067, 40.64635629351686], [-73.96671945044892, 40.64636024556185], [-73.96671760540502, 40.64636403800946], [-73.96671508422081, 40.646367597927835], [-73.96671193658668, 40.64637085509069], [-73.96670822519279, 40.64637374828113], [-73.96670402100452, 40.646376218985786], [-73.96669940680432, 40.646378219501145], [-73.9666944712813, 40.64637971203127], [-73.96668931139612, 40.64638066598637], [-73.96668402646804, 40.6463810642854], [-73.96667872054122, 40.64638089795339], [-73.96667349647106, 40.646380170622216], [-73.96666845710695, 40.64637889763042], [-73.96666369938373, 40.64637710151909], [-73.96665931550031, 40.64637481833575], [-73.96665539173928, 40.64637209313139], [-73.96665200492231, 40.64636897815825], [-73.96665497315067, 40.646386420250614], [-73.96654512691472, 40.64639726480448]]]]}",0,0,Prospect Park South Historic District,Wood Frame,255.810370488,6,0,0,1903,0,Carroll H. Pratt,0,1,"New York State Supreme Court Justice William D. Dickey lived in No. 1314, c. 1909.",0
3019269,"{'type': 'MultiPolygon', 'coordinates': [[[[-73.97598896030772, 40.677833394351566], [-73.97602357390723, 40.67778228205649], [-73.97616644239015, 40.67783836337103], [-73.97616931033544, 40.677839488707846], [-73.97615912794552, 40.67785452429192], [-73.9761346956355, 40.67789060014565], [-73.97598896030772, 40.677833394351566]]]]}",0,0,Park Slope Historic District,Brownstone,132.861570929,9,0,Brick,1870,0,Daniel M. Wells (builder),0,0,0,0
3052960,"{'type': 'MultiPolygon', 'coordinates': [[[[-73.95180967420183, 40.68134251881744], [-73.95179707103058, 40.68127967114572], [-73.95179639213208, 40.681276291230944], [-73.95185637178848, 40.68126931934599], [-73.95186223553101, 40.681298561499716], [-73.95186439480781, 40.68130932444986], [-73.951890072776, 40.68143736401225], [-73.95187795067892, 40.68145029032883], [-73.95183235125536, 40.681455590587504], [-73.95180967420183, 40.68134251881744]]]]}",0,0,Bedford Historic District,Brownstone,163.422929986,29,0,0,1880,0,Thomas B. Jackson,1,0,0,0
3053421,"{'type': 'MultiPolygon', 'coordinates': [[[[-73.93798497843693, 40.68204550282627], [-73.93805730377625, 40.68203726155407], [-73.93808293090362, 40.682167604084924], [-73.9380941085824, 40.68222445956838], [-73.93810580078564, 40.68228392591808], [-73.93803347400201, 40.682292167219885], [-73.9380262463288, 40.68225540163145], [-73.93798497843693, 40.68204550282627]]]]}",0,0,Bedford Stuyvesant / Expanded Stuyvesant Heights Historic District,Brownstone,222.302909081,42,0,0,1872,0,Not determined,1,1,0,0
3019855,"{'type': 'MultiPolygon', 'coordinates': [[[[-73.97635230483606, 40.67550155426576], [-73.9764246194209, 40.67539317142944], [-73.97649215879551, 40.67541929297622], [-73.9764198442921, 40.675527675854646], [-73.97635230483606, 40.67550155426576]]]]}",0,0,Park Slope Historic District,Brownstone,130.605265251,23,0,0,1878,0,"Albert Wilkinson (architect, builder)",0,0,0,0
3030370,"{'type': 'MultiPolygon', 'coordinates': [[[[-73.94849646084822, 40.67665976913136], [-73.94850745657065, 40.67653211886599], [-73.94852627656924, 40.676533058419544], [-73.94852883423275, 40.67650335878208], [-73.94853660374815, 40.67650374587682], [-73.94853744277411, 40.6764940035817], [-73.94857211876808, 40.67649573546767], [-73.94857143131809, 40.67650372002587], [-73.9485770139196, 40.676503998979136], [-73.94857190341806, 40.676563328918604], [-73.94856330911149, 40.67666310662677], [-73.94849646084822, 40.67665976913136]]]]}",0,0,Crown Heights North Historic District,Brick,159.17858686,25,0,0,1889,0,William H. Burhans,1,0,0,0
3052747,"{'type': 'MultiPolygon', 'coordinates': [[[[-73.94509161397777, 40.682849723797624], [-73.94508652117305, 40.68282431065747], [-73.94512413191507, 40.682819942195565], [-73.94512922473284, 40.68284535623454], [-73.94516801969208, 40.68284085054432], [-73.94519433212959, 40.68297215624855], [-73.94511792508528, 40.68298102951863], [-73.94509161397777, 40.682849723797624]]]]}",0,0,Bedford Historic District,Brownstone,158.389123638,22,0,0,1890,0,Isaac D. Reynolds,1,0,0,0
3025187,"{'type': 'MultiPolygon', 'coordinates': [[[[-73.97625759743937, 40.670958828639534], [-73.97635217713847, 40.67084476182769], [-73.97637534311065, 40.670816822694654], [-73.97641884367063, 40.670837732581], [-73.97639474179412, 40.670866800777056], [-73.97641292153371, 40.67087553950476], [-73.97631927781278, 40.670988478212976], [-73.97630145619995, 40.67099032600291], [-73.97628066193631, 40.67098033049971], [-73.97627681660309, 40.670968067389204], [-73.97625759743937, 40.670958828639534]]]]}",0,0,Park Slope Historic District,Brownstone,165.313670754,26,0,0,1892,0,John Magilligan,0,0,0,0
3325256,"{'type': 'MultiPolygon', 'coordinates': [[[[-73.97170018687446, 40.679582632443434], [-73.97179764815887, 40.6796022605722], [-73.97178060138582, 40.67965131821989], [-73.97168314003474, 40.67963169007665], [-73.97170018687446, 40.679582632443434]]]]}",0,0,Prospect Heights Historic District,Wood,92.900465852,58,0,0,1854,0,Not determined,1,1,0,0
3046180,"{'type': 'MultiPolygon', 'coordinates': [[[[-73.93047122568883, 40.68416935193431], [-73.9305339904863, 40.68416199662038], [-73.93055930743387, 40.684287195075626], [-73.93049654370418, 40.68429455040396], [-73.93047122568883, 40.68416935193431]]]]}",0,0,Bedford Stuyvesant / Expanded Stuyvesant Heights Historic District,Brownstone,127.526458718,63,0,0,1887,0,Amzi Hill,1,0,0,0
3325264,"{'type': 'MultiPolygon', 'coordinates': [[[[-73.97004294862437, 40.67818396690546], [-73.97005382551656, 40.678153272094775], [-73.97008948564272, 40.67805263265434], [-73.97011039492462, 40.67805692723907], [-73.97013004395575, 40.67804922843931], [-73.97014269194902, 40.67805182610463], [-73.97015819450735, 40.67806674444933], [-73.97014227482175, 40.678111673296485], [-73.97011165761471, 40.67819807872803], [-73.97008621255304, 40.678192852732884], [-73.97006267635675, 40.67825927307003], [-73.97001941238794, 40.67825038813429], [-73.97004294862437, 40.67818396690546]]]]}",0,0,Prospect Heights Historic District,Brownstone,191.686671308,70,0,0,1889,0,Jeremiah J. Gilligan,1,0,0,0
3027902,"{'type': 'MultiPolygon', 'coordinates': [[[[-73.96789855868677, 40.679810539984366], [-73.96777350898844, 40.67978412355794], [-73.96776066800867, 40.67978141031283], [-73.96774482997323, 40.67977806496558], [-73.9677683195625, 40.67971361992917], [-73.96780248408363, 40.67972083721192], [-73.9679297110943, 40.6797477134763], [-73.96790622283179, 40.67981215854572], [-73.96789855868677, 40.679810539984366]]]]}",0,0,Prospect Heights Historic District,Brick,141.644483076,6,0,0,1879,0,John H. Doherty,1,0,0,0
3030802,"{'type': 'MultiPolygon', 'coordinates': [[[[-73.94123320532323, 40.675056826258036], [-73.9412497187027, 40.674872125537824], [-73.94125306699216, 40.67483468292882], [-73.94132792113022, 40.674838562722854], [-73.94132683649647, 40.67485070021285], [-73.94131942446793, 40.67493359425099], [-73.9412970273294, 40.674932433768404], [-73.94128566252839, 40.675059545580105], [-73.94123320532323, 40.675056826258036]]]]}",0,0,Crown Heights North III Historic District,Limestone,203.863958687,2,0,Metal Cornice,1908,0,Frank S. Lowe,1,0,0,0
3007580,"{'type': 'MultiPolygon', 'coordinates': [[[[-73.99337540077694, 40.67930794666603], [-73.99345304033925, 40.679214862232215], [-73.99347802840295, 40.67918659110024], [-73.99353508747629, 40.679214174375865], [-73.99353254521219, 40.67921751243993], [-73.99351262468915, 40.67924366676012], [-73.99349754397309, 40.679261747337996], [-73.99343498399362, 40.67933675033322], [-73.99337540077694, 40.67930794666603]]]]}",0,0,Carroll Gardens Historic District,Brownstone,143.504966901,32,0,0,1873,0,Edward P. Crane (mason),0,0,0,0
3026063,"{'type': 'MultiPolygon', 'coordinates': [[[[-73.97860239121461, 40.66527343098659], [-73.97861423831463, 40.66525928518335], [-73.97869076875627, 40.66516790511929], [-73.97874348913744, 40.665193506636406], [-73.97874985645039, 40.66519659838361], [-73.97866147896391, 40.665302125196476], [-73.97860239121461, 40.66527343098659]]]]}",0,0,Park Slope Historic District,Brownstone,130.081917961,12,0,0,1895,0,George W. Oelkus,0,0,0,0
3121332,"{'type': 'MultiPolygon', 'coordinates': [[[[-73.95988142296669, 40.634321369133566], [-73.96003192983389, 40.634304140585094], [-73.96005218900399, 40.63440685724036], [-73.95986818373356, 40.63442792024574], [-73.95985082266816, 40.63433989564007], [-73.95988432080156, 40.634336061214434], [-73.95988142296669, 40.634321369133566]]]]}",0,0,Fiske Terrace-Midwood Park Historic District,Wood Frame,178.974325179,27,0,Concrete Block,1910,0,Benjamin Driesler,1,0,0,0
3002145,"{'type': 'MultiPolygon', 'coordinates': [[[[-73.99737989991412, 40.69413512148851], [-73.99738579583952, 40.694123011526955], [-73.99740611742085, 40.69408126691667], [-73.9974286385543, 40.69403500718065], [-73.99745046984899, 40.693990163030804], [-73.9974545669152, 40.693991318479426], [-73.9974599878679, 40.69399284766984], [-73.99747924329854, 40.69395329306944], [-73.99749549101178, 40.69391991951992], [-73.99750665116036, 40.69392306705449], [-73.99753657758939, 40.69393150820526], [-73.99754652705707, 40.69394455504698], [-73.99753339827802, 40.69397152242251], [-73.99752807624482, 40.693982453632906], [-73.99750870369773, 40.694022246874695], [-73.9974907687191, 40.694059087362945], [-73.99747314490311, 40.69409528939152], [-73.9974555683965, 40.694131393262474], [-73.99744483672005, 40.694153436676466], [-73.9974022250057, 40.69414141837979], [-73.99737989991412, 40.69413512148851]]]]}",0,0,Brooklyn Heights Historic District,Brownstone,205.480748384,25,0,0,1879,0,Not determined,0,0,0,0
3026185,"{'type': 'MultiPolygon', 'coordinates': [[[[-73.97977724821477, 40.664567924442494], [-73.9798116313943, 40.664526846238786], [-73.9799924309945, 40.664614596192436], [-73.979977390162, 40.664632566074296], [-73.97995804788087, 40.66465567444983], [-73.97992784066896, 40.66464101418527], [-73.97977724821477, 40.664567924442494]]]]}",0,0,Park Slope Historic District Extension,Brick,154.456644648,2,0,0,1893,0,Walter M. Coots,1,0,0,0
3032777,"{'type': 'MultiPolygon', 'coordinates': [[[[-73.94348362308672, 40.67033364139303], [-73.94348808926921, 40.670285778482196], [-73.94349528504249, 40.67020865645842], [-73.94349790959689, 40.670180535545974], [-73.94352009817356, 40.670181736022336], [-73.94353361746585, 40.67017197476601], [-73.94354849499805, 40.670172779924016], [-73.94356237851913, 40.67018402336928], [-73.94355795536602, 40.67023142253909], [-73.9435480921562, 40.67033712922427], [-73.94354491203002, 40.670339770676996], [-73.94354120951814, 40.67034198232734], [-73.94353708283333, 40.670343705689966], [-73.94353264200483, 40.67034489489245], [-73.94352800769506, 40.670345516675], [-73.94352330055193, 40.670345555788046], [-73.94351864949022, 40.670345010493854], [-73.9435141763147, 40.67034389526036], [-73.94351000163424, 40.67034224076453], [-73.94350623540183, 40.6703400911855], [-73.94350298046383, 40.670337502405864], [-73.94350032309775, 40.670334544708176], [-73.94348362308672, 40.67033364139303]]]]}",0,0,Crown Heights North III Historic District,Stone,153.253715064,22,0,0,1909,0,Charles Infanger,1,0,0,0
3001811,"{'type': 'MultiPolygon', 'coordinates': [[[[-73.99544887512097, 40.69680829333488], [-73.99543177761453, 40.696803317326236], [-73.99527518487685, 40.69675774057129], [-73.99530662227363, 40.69669517064959], [-73.9954540065424, 40.69673806707362], [-73.99548317911649, 40.696746558253714], [-73.99545174186117, 40.69680912732276], [-73.99544887512097, 40.69680829333488]]]]}",0,0,Brooklyn Heights Historic District,Brick,153.643369115,63,0,0,1839,0,Not determined,0,0,A fourth story has been added to No. 162.,0
3030318,"{'type': 'MultiPolygon', 'coordinates': [[[[-73.95091572772768, 40.67681126485657], [-73.9509171754204, 40.67679527683328], [-73.95091845496573, 40.67678115190338], [-73.95092723530266, 40.676684194514124], [-73.95094652016611, 40.67668520681178], [-73.95095055912091, 40.676640609635285], [-73.95096267153073, 40.67663347911856], [-73.95099332977021, 40.67663508789338], [-73.95099817100036, 40.67664310994063], [-73.95098247676518, 40.67681640463507], [-73.95093117336867, 40.67681371093946], [-73.95093132005158, 40.67681208287121], [-73.95091572772768, 40.67681126485657]]]]}",0,0,Crown Heights North Historic District,Brick,166.521293575,29,0,Clay Tile,1889,0,George P. Chappell,1,0,0,0
3115109,"{'type': 'MultiPolygon', 'coordinates': [[[[-73.9581186564392, 40.65917603636244], [-73.9581042302181, 40.65905146443712], [-73.95812795079715, 40.65904987195571], [-73.9581332547557, 40.65904721015796], [-73.95813899940894, 40.65904514376193], [-73.95814506766416, 40.65904371504915], [-73.9581513400731, 40.65904295099161], [-73.9581576912821, 40.65904286685251], [-73.95816399594614, 40.659043465287816], [-73.95817012518093, 40.65904473454386], [-73.95817596075463, 40.6590466475623], [-73.9581903859261, 40.659171219478274], [-73.95815307907336, 40.659173724657094], [-73.95815701202343, 40.65920769177586], [-73.95812258937208, 40.659210003482364], [-73.9581186564392, 40.65917603636244]]]]}",0,0,Prospect Lefferts Gardens Historic District,Dark Brick,156.65417284,74,0,Galvanized Iron Cornice,1898,0,Robert Dixon,0,0,0,0
3059208,"{'type': 'MultiPolygon', 'coordinates': [[[[-73.97700335318515, 40.68644701837482], [-73.9771658772058, 40.68642736551066], [-73.9771743027352, 40.68646774261256], [-73.97701177861845, 40.68648739548843], [-73.97700335318515, 40.68644701837482]]]]}",0,0,Brooklyn Academy of Music Historic District,Brownstone,121.068213789,22,0,0,1856,0,Nathaniel Bonnell,1,0,0,0
3058960,"{'type': 'MultiPolygon', 'coordinates': [[[[-73.97345017019033, 40.68951305841108], [-73.97345739194746, 40.68939580333579], [-73.97350908128676, 40.68939764779077], [-73.973535043667, 40.68939857498953], [-73.97352782086335, 40.689515829168876], [-73.97346304138202, 40.68951351794015], [-73.97345017019033, 40.68951305841108]]]]}",0,0,Fort Greene Historic District,Brownstone,128.648934184,37,0,0,1868,0,William Brush (builder),1,0,0,0
3028536,"{'type': 'MultiPolygon', 'coordinates': [[[[-73.96796863838651, 40.677763948424385], [-73.96802189319925, 40.677619621544736], [-73.96808955066507, 40.6776340917881], [-73.9680298424037, 40.67779590580072], [-73.96796218596941, 40.67778143552284], [-73.96796863838651, 40.677763948424385]]]]}",0,0,Prospect Heights Historic District,Iron-Spot Brick,161.456486934,88,0,0,1895,0,Delaney & Collins (carpenters),1,0,0,0
3047826,"{'type': 'MultiPolygon', 'coordinates': [[[[-73.92928795678581, 40.68055183916858], [-73.92935981739897, 40.68054407044358], [-73.92938197337669, 40.68066285110877], [-73.92931011263907, 40.68067061894709], [-73.92928795678581, 40.68055183916858]]]]}",0,0,Bedford Stuyvesant / Expanded Stuyvesant Heights Historic District,Brick,127.681051069,54,0,0,1886,0,"W. J. Wilson (architect, builder)",1,0,0,0
3114982,"{'type': 'MultiPolygon', 'coordinates': [[[[-73.95622236601993, 40.65988592707548], [-73.95622560324126, 40.65988305205739], [-73.95622938887072, 40.65988059508759], [-73.95623363063349, 40.65987861556508], [-73.95623822443716, 40.65987716297854], [-73.95624305792084, 40.65987627150487], [-73.95624801636741, 40.65987596361323], [-73.95625297560899, 40.65987624646061], [-73.95625781739997, 40.65987711279788], [-73.95626242468667, 40.659878540968116], [-73.95626668396982, 40.65988049850964], [-73.9562704912217, 40.659882935854526], [-73.95629208346713, 40.65988159328624], [-73.95630536932703, 40.660005531031224], [-73.95623565056856, 40.66000986482791], [-73.95622236601993, 40.65988592707548]]]]}",0,0,Prospect Lefferts Gardens Historic District,Brick,131.206894804,87,0,0,1899,0,George Lawton,0,0,0,0
3399828,"{'type': 'MultiPolygon', 'coordinates': [[[[-73.97180533988359, 40.68719914184162], [-73.97185843618988, 40.68719311149186], [-73.9718659898794, 40.68723165171836], [-73.97181289354305, 40.68723768207154], [-73.97180533988359, 40.68719914184162]]]]}",0,0,Fort Greene Historic District,Not determined,58.1703071811,29,0,0,0,0,Not determined,0,0,0,0
3115156,"{'type': 'MultiPolygon', 'coordinates': [[[[-73.95533263106448, 40.65970068824016], [-73.9553270248525, 40.65964766904637], [-73.9553192600775, 40.659574223495], [-73.95533537821356, 40.659573234683805], [-73.95533378130771, 40.65955813330001], [-73.95535009337654, 40.65955713375595], [-73.95535169028604, 40.659572235139514], [-73.95538260801354, 40.65957033894146], [-73.95539284651662, 40.65956971165014], [-73.95540621764279, 40.65969617548637], [-73.95540323814922, 40.65969909740822], [-73.95539969957932, 40.659701649000915], [-73.95539568356692, 40.659703769060904], [-73.95539128356131, 40.65970540989692], [-73.95538660364967, 40.659706531926695], [-73.95538175027315, 40.65970711087745], [-73.95537683932805, 40.65970713058482], [-73.95537198315091, 40.65970659289343], [-73.95536729525426, 40.659705509554065], [-73.95536288559416, 40.65970390582387], [-73.95535885702267, 40.65970181956448], [-73.95535530174408, 40.65969929763855], [-73.95533263106448, 40.65970068824016]]]]}",0,0,Prospect Lefferts Gardens Historic District,Roman Brick,146.557339876,24,0,0,1899,0,George Lawton,0,0,0,0
3024617,"{'type': 'MultiPolygon', 'coordinates': [[[[-73.97229773650223, 40.673879372229045], [-73.97232998058526, 40.67383124925947], [-73.97245536772935, 40.67387995128516], [-73.97250106318779, 40.673897699661104], [-73.97248837625698, 40.67391663355907], [-73.97249458973624, 40.67392696125073], [-73.97248439639682, 40.67394217481615], [-73.97246881919607, 40.673945822678256], [-73.9723899173115, 40.67391517635309], [-73.97229773650223, 40.673879372229045]]]]}",0,0,Park Slope Historic District,Brownstone,148.858020992,8,0,0,1886,0,"Charles Werner (architect), William Gubbins (builder)",0,0,0,0
3055544,"{'type': 'MultiPolygon', 'coordinates': [[[[-73.96328330959773, 40.68825931908305], [-73.96335557723704, 40.68825068638241], [-73.9633800936551, 40.688369613297425], [-73.96330782588987, 40.68837824601334], [-73.96328330959773, 40.68825931908305]]]]}",0,0,Clinton Hill Historic District,Brownstone,128.292009119,26,0,0,1873,0,John S. King & William Vanse,1,0,0,0
3051995,"{'type': 'MultiPolygon', 'coordinates': [[[[-73.94531324559284, 40.6843240177853], [-73.94531016831972, 40.68430869947946], [-73.9453293704284, 40.68430646452315], [-73.94538265979497, 40.68430026007286], [-73.94539930097707, 40.68438309274877], [-73.94541078665415, 40.684440266430734], [-73.94533829384721, 40.68444870585431], [-73.94531324559284, 40.6843240177853]]]]}",0,0,Bedford Historic District,Brownstone,143.881109251,23,0,0,1882,0,Frederick D. Vrooman,1,0,0,0
3001345,"{'type': 'MultiPolygon', 'coordinates': [[[[-73.98712339883798, 40.68564987347816], [-73.98719252598238, 40.68554742614342], [-73.98725503130251, 40.685571865821906], [-73.98718590422885, 40.68567431319381], [-73.98712339883798, 40.68564987347816]]]]}",0,0,Boerum Hill Historic District,Brick,122.897520586,54,0,0,1873,0,Not determined,0,1,0,0
3059102,"{'type': 'MultiPolygon', 'coordinates': [[[[-73.97005316740595, 40.68837191073876], [-73.97022353322224, 40.688352313848306], [-73.97031735664889, 40.688341521119376], [-73.97032243339311, 40.68836709340901], [-73.97026151469427, 40.68837410078688], [-73.97026531073047, 40.68839321966856], [-73.97023114125489, 40.688397149680355], [-73.9700620400304, 40.688416601928374], [-73.97005316740595, 40.68837191073876]]]]}",0,0,Fort Greene Historic District,Brownstone,181.132860867,49,0,0,1865,0,Alfred Treadwell (builder),1,0,0,0
3002572,"{'type': 'MultiPolygon', 'coordinates': [[[[-73.99447588184579, 40.6917274398725], [-73.99445109947533, 40.691720472311395], [-73.9944278976543, 40.691713947873936], [-73.99445666064226, 40.691654670290724], [-73.99447986244554, 40.691661193821886], [-73.99450298853894, 40.691667694832006], [-73.99465868873543, 40.69171146439587], [-73.99462992590264, 40.69177074383025], [-73.99447588184579, 40.6917274398725]]]]}",0,0,Brooklyn Heights Historic District,Brick,165.494650813,13,0,0,1846,0,Not determined,0,1,A fourth story has been added to No. 41.,0
3121328,"{'type': 'MultiPolygon', 'coordinates': [[[[-73.95984378685934, 40.63376863801958], [-73.9599255329186, 40.633757597357], [-73.9599504063278, 40.633864473341646], [-73.95975983580601, 40.633890213885785], [-73.95973672527964, 40.63379090734157], [-73.95984554945802, 40.633776208399766], [-73.95984378685934, 40.63376863801958]]]]}",0,0,Fiske Terrace-Midwood Park Historic District,Wood Frame,186.528188325,19,0,Concrete Block,1908,0,Benjamin Driesler,1,0,0,0
3018966,"{'type': 'MultiPolygon', 'coordinates': [[[[-73.97500570690686, 40.67866807993406], [-73.97508300180272, 40.6785542257358], [-73.97515049637757, 40.67858078299834], [-73.97507320274853, 40.67869463814238], [-73.97500570690686, 40.67866807993406]]]]}",0,0,Park Slope Historic District,Brownstone,135.534096459,68,0,0,1872,0,John Gordon & Owen Nolan (builders),0,0,0,0
3047134,"{'type': 'MultiPolygon', 'coordinates': [[[[-73.93155081234048, 40.68216300503422], [-73.93154530363194, 40.682134138470246], [-73.93156466162402, 40.68213199775565], [-73.93157017034093, 40.68216086431869], [-73.9316099877435, 40.682156461062505], [-73.93163397583695, 40.68228217631747], [-73.93157480032492, 40.68228872030135], [-73.93155081234048, 40.68216300503422]]]]}",0,0,Bedford Stuyvesant / Expanded Stuyvesant Heights Historic District,Limestone,146.989185084,9,0,0,1896,0,Arthur Taylor,0,0,0,0
3053241,"{'type': 'MultiPolygon', 'coordinates': [[[[-73.94780825629486, 40.68102487386645], [-73.94792335266779, 40.68101307524587], [-73.94793339593129, 40.68106986352649], [-73.94779384970879, 40.6810841680042], [-73.94778380537922, 40.681027379710976], [-73.94780825629486, 40.68102487386645]]]]}",0,0,Bedford Historic District,Brick,119.860478299,27,0,0,1880,0,Parfitt Brothers,1,0,0,0
3027843,"{'type': 'MultiPolygon', 'coordinates': [[[[-73.9710460121392, 40.68021050013811], [-73.97106328988065, 40.680162303552336], [-73.97109891692902, 40.68016970572956], [-73.97120511212108, 40.68019176884148], [-73.97118783565729, 40.680239965448656], [-73.9710546864944, 40.680212302448794], [-73.9710460121392, 40.68021050013811]]]]}",0,0,Prospect Heights Historic District,Brownstone,117.953019803,2,0,0,1880,0,Not determined,1,0,0,0
3030080,"{'type': 'MultiPolygon', 'coordinates': [[[[-73.94904621078186, 40.67709517959602], [-73.94904719789434, 40.677085042037405], [-73.949059111139, 40.67696273848913], [-73.9490817633066, 40.676964017341355], [-73.94908239634171, 40.676957515904476], [-73.94909709185197, 40.67694782296174], [-73.94911638853307, 40.676948913015536], [-73.94913149496077, 40.67696028779448], [-73.94913086193046, 40.676966789231635], [-73.94911796053229, 40.677099230345966], [-73.94907526763825, 40.677096819690526], [-73.94907189085923, 40.677096629087885], [-73.9490686517691, 40.677129880063944], [-73.94904297167969, 40.67712842967087], [-73.94904621078186, 40.67709517959602]]]]}",0,0,Crown Heights North Historic District,Roman Brick,168.724754302,64,0,0,1892,0,George P. Chappell,1,0,0,0
3115351,"{'type': 'MultiPolygon', 'coordinates': [[[[-73.95910500975681, 40.658272375139695], [-73.95912944774341, 40.6582708718579], [-73.95913177083602, 40.65826778571188], [-73.95913477008605, 40.6582650573111], [-73.95913835084255, 40.65826277217113], [-73.95914240309257, 40.65826100049305], [-73.95914679909524, 40.65825979716302], [-73.9591514052071, 40.658259199955246], [-73.95915607715573, 40.65825922682874], [-73.95916067067917, 40.65825987683184], [-73.95916504271045, 40.658261130102396], [-73.9591690584705, 40.65826294877075], [-73.95917259383475, 40.658265274259556], [-73.95917553887647, 40.65826803628914], [-73.95918844448362, 40.65838971419092], [-73.95911791641876, 40.65839405304975], [-73.95910500975681, 40.658272375139695]]]]}",0,0,Prospect Lefferts Gardens Historic District,Limestone,130.939560896,89,0,0,1911,0,Benjamin Driesler,0,0,0,0
3052684,"{'type': 'MultiPolygon', 'coordinates': [[[[-73.94721157931608, 40.68256128161212], [-73.9472672426674, 40.68255472707749], [-73.947269272915, 40.68256472011373], [-73.9473008791272, 40.68272026240301], [-73.94724521564108, 40.68272681695369], [-73.94721157931608, 40.68256128161212]]]]}",0,0,Bedford Historic District,Brownstone,153.297236909,37,0,0,1882,0,Isaac D. Reynolds,1,0,0,0
3179085,"{'type': 'MultiPolygon', 'coordinates': [[[[-73.9601817639299, 40.63082020478283], [-73.96032371838648, 40.630806667718154], [-73.96034043155932, 40.630908389864814], [-73.96015384232221, 40.63092618445527], [-73.96014437234453, 40.63086854522282], [-73.96017599122757, 40.630865530433226], [-73.96017195284679, 40.63084095385693], [-73.96018496848747, 40.630839712946276], [-73.9601817639299, 40.63082020478283]]]]}",0,0,Fiske Terrace-Midwood Park Historic District,Wood Frame,179.0900441,15,0,0,1910,0,Slee & Bryson,1,0,0,0
3002950,"{'type': 'MultiPolygon', 'coordinates': [[[[-73.99491744169053, 40.69024956240675], [-73.9949181137667, 40.69024815493436], [-73.9949433438153, 40.69019532023454], [-73.99496886844842, 40.69014186598855], [-73.99498418060543, 40.690109798480876], [-73.99505547276023, 40.69012952280558], [-73.99503957138614, 40.690162824000325], [-73.99500780172106, 40.69022935524382], [-73.99498873397525, 40.69026928677244], [-73.99492250501129, 40.69025096292826], [-73.99491744169053, 40.69024956240675]]]]}",0,0,Cobble Hill Historic District,Brick,150.431511632,22,0,0,1852,0,Not determined,0,0,0,0
3115430,"{'type': 'MultiPolygon', 'coordinates': [[[[-73.95570795971209, 40.658484137160144], [-73.9557217246073, 40.65860582478623], [-73.95564851627294, 40.65861062695366], [-73.95563475151006, 40.658488939318936], [-73.95563763982675, 40.65848611010872], [-73.95564106593547, 40.65848363681001], [-73.95564495175296, 40.65848157792619], [-73.95564920856381, 40.658479978448725], [-73.95565373937838, 40.65847887796311], [-73.95565843775819, 40.65847829894106], [-73.95566319845267, 40.65847825665084], [-73.95566791267319, 40.65847875195102], [-73.95567246927504, 40.658479772191576], [-73.95567676658005, 40.658481294820334], [-73.95568070528321, 40.65848328467901], [-73.95568419318101, 40.65848569670625], [-73.95570795971209, 40.658484137160144]]]]}",0,0,Prospect Lefferts Gardens Historic District,Brick,131.780973875,81,0,0,1897,0,Levi Fowler,0,0,0,0
3052002,"{'type': 'MultiPolygon', 'coordinates': [[[[-73.94485557197233, 40.684384681319855], [-73.94491396513845, 40.68437788339212], [-73.94493756360434, 40.68449535773654], [-73.9448791703387, 40.68450215477572], [-73.94485557197233, 40.684384681319855]]]]}",0,0,Bedford Historic District,Brownstone,119.360090744,30,0,0,1886,0,George H. Stone (attributed),1,0,0,0
3032299,"{'type': 'MultiPolygon', 'coordinates': [[[[-73.94839589909027, 40.671407272251194], [-73.94839909739616, 40.67137330624346], [-73.94840755821029, 40.67128346921442], [-73.94846990674017, 40.67128687318993], [-73.9484596489158, 40.67139579944512], [-73.94845824773556, 40.671410676232846], [-73.94844778413614, 40.671418541149045], [-73.94842853870936, 40.671417490627256], [-73.94841650220698, 40.67140839722935], [-73.94839589909027, 40.671407272251194]]]]}",0,0,Crown Heights North II Historic District,Brownstone,127.646135785,30,0,0,1899,0,Frederick L. Hine,0,0,0,0
3003053,"{'type': 'MultiPolygon', 'coordinates': [[[[-73.99619863062226, 40.689505233205146], [-73.99625903382966, 40.68937813493766], [-73.9963144921697, 40.689393406731114], [-73.99625408905443, 40.68952050412699], [-73.99619863062226, 40.689505233205146]]]]}",0,0,Cobble Hill Historic District,Not determined,131.195375964,46,0,0,1880,0,Not determined,0,0,0,0
3117207,"{'type': 'MultiPolygon', 'coordinates': [[[[-73.95889529995118, 40.648801613533934], [-73.95888669188044, 40.64875504468453], [-73.95888429387858, 40.648742070968545], [-73.95894868425121, 40.64873516538676], [-73.95894959514366, 40.648740092444484], [-73.95895747265857, 40.64878270505415], [-73.95896800391814, 40.648839669260475], [-73.95894273511105, 40.64884237980603], [-73.95895145989503, 40.64888957545274], [-73.95891359153505, 40.648893636773366], [-73.9588970764868, 40.64880430311482], [-73.9588965544638, 40.64880147890467], [-73.95889529995118, 40.648801613533934]]]]}",0,0,Albemarle-Kenmore Terraces Historic District,Red Brick,147.716064214,121,0,0,1917,0,Slee & Bryson,0,0,0,0
3056059,"{'type': 'MultiPolygon', 'coordinates': [[[[-73.96495402593483, 40.68587217135486], [-73.96496014576272, 40.68586251250693], [-73.96498662076066, 40.68585984423862], [-73.96499390390899, 40.685867315315654], [-73.96506944619881, 40.68585970191474], [-73.96506595277943, 40.68583961039212], [-73.96517626776418, 40.685828492767016], [-73.96518717980355, 40.68589123666362], [-73.96488197834651, 40.68592199552804], [-73.96487470383984, 40.68588016534413], [-73.96495402593483, 40.68587217135486]]]]}",0,0,Clinton Hill Historic District,Wood Frame,220.088151484,23,0,0,1860,0,Not determined,1,0,0,0
3065064,"{'type': 'MultiPolygon', 'coordinates': [[[[-73.95519203346572, 40.727591571968766], [-73.95525458986393, 40.72770108286924], [-73.95526002498565, 40.72771059705667], [-73.955266305467, 40.727721592008876], [-73.95521330495028, 40.72773911421993], [-73.95517362410294, 40.727752232701214], [-73.9550993522489, 40.72762221170124], [-73.95519203346572, 40.727591571968766]]]]}",0,0,Greenpoint Historic District,Brick,159.317863453,28,0,0,1879,0,Not determined,1,0,0,0
3117565,"{'type': 'MultiPolygon', 'coordinates': [[[[-73.96489254539519, 40.64577076900723], [-73.96489065438003, 40.645758407919566], [-73.96485614865536, 40.64576146904702], [-73.9648509575254, 40.64572751703061], [-73.96487186667214, 40.645725662048484], [-73.96486943840323, 40.64570978877599], [-73.96488303614332, 40.645708581732265], [-73.96491572226542, 40.64570568213477], [-73.96491218059214, 40.645682516128524], [-73.96497261784896, 40.64567715485752], [-73.96496854242805, 40.645650500984004], [-73.96506550823663, 40.64564189901488], [-73.96506947294253, 40.64566782973546], [-73.96510742858425, 40.64566446251402], [-73.96512026416958, 40.645748406394496], [-73.96508263484965, 40.645753906145885], [-73.96489254539519, 40.64577076900723]]]]}",0,0,Prospect Park South Historic District,Wood Frame,228.116869793,62,0,0,1899,0,John J. Petit,0,0,0,0
3026445,"{'type': 'MultiPolygon', 'coordinates': [[[[-73.97980393155875, 40.662941099036814], [-73.9798955974699, 40.66283185546225], [-73.9799153101813, 40.66284144670194], [-73.97993031798015, 40.662837652744926], [-73.97995002242143, 40.662847240375164], [-73.97995480774651, 40.662860665204285], [-73.97988016623243, 40.662949621373535], [-73.97986314307498, 40.66296990882586], [-73.979852544165, 40.66296475151482], [-73.97980393155875, 40.662941099036814]]]]}",0,0,Park Slope Historic District,Not determined,136.390116554,61,0,0,1897,0,"William M. Calder (architect, builder)",0,0,0,0
3025726,"{'type': 'MultiPolygon', 'coordinates': [[[[-73.9774687179036, 40.66688806912855], [-73.97755581547054, 40.66678479248975], [-73.97760850589096, 40.66681055750954], [-73.97752502866626, 40.666909540335396], [-73.9775214071892, 40.666913834187575], [-73.9775180065064, 40.666912170270415], [-73.9774687179036, 40.66688806912855]]]]}",0,0,Park Slope Historic District,Limestone,124.177043033,73,0,0,1900,0,Not determined,1,0,0,0
3030051,"{'type': 'MultiPolygon', 'coordinates': [[[[-73.94729232222124, 40.67737554734221], [-73.94730230513889, 40.67726633297762], [-73.94730439669202, 40.677243450053346], [-73.94736862668061, 40.677246853681204], [-73.94736807903976, 40.67725284635677], [-73.9473565523371, 40.677378950076296], [-73.94733152145629, 40.67737762386941], [-73.94732870207739, 40.67738004496357], [-73.94732535195466, 40.67738203446812], [-73.94732158232517, 40.677383526696296], [-73.94731751860688, 40.67738447127677], [-73.94731329684784, 40.677384837654195], [-73.94730905781356, 40.67738461328587], [-73.94730494343564, 40.677383805440776], [-73.94730109090074, 40.677382440297], [-73.9472976290976, 40.6773805656406], [-73.94729467271206, 40.6773782418587], [-73.94729232222124, 40.67737554734221]]]]}",0,0,Crown Heights North Historic District,Limestone,134.26906812,32,0,0,1899,0,John L. Young,1,0,0,0
3046162,"{'type': 'MultiPolygon', 'coordinates': [[[[-73.92952713105919, 40.684661004944445], [-73.92953184804502, 40.684660452216015], [-73.9296066986854, 40.684651681095716], [-73.92960817439639, 40.68465897706333], [-73.92969223538768, 40.68464912730236], [-73.92969076085042, 40.684641831336585], [-73.92975285536707, 40.68463455438396], [-73.92976678885043, 40.68470346572654], [-73.92970191400646, 40.68471106697422], [-73.929699839294, 40.68470080254743], [-73.92961914176908, 40.68471025904555], [-73.92962121646939, 40.68472052347377], [-73.92954125715971, 40.684729893018876], [-73.92954106549857, 40.68472991541431], [-73.92954079601138, 40.68472858338897], [-73.92953952624745, 40.68472230422717], [-73.92953951919058, 40.684722265500646], [-73.92952713105919, 40.684661004944445]]]]}",0,0,Bedford Stuyvesant / Expanded Stuyvesant Heights Historic District,Iron-Spot Brick,190.430889125,42,0,0,1901,0,"Henry Loeffler, Jr.",1,0,0,0
3055467,"{'type': 'MultiPolygon', 'coordinates': [[[[-73.96648981589827, 40.68695392426144], [-73.96642347993092, 40.68696109462593], [-73.96636642497775, 40.686967261791374], [-73.9663559224487, 40.68691095680762], [-73.96641844777272, 40.68690419870584], [-73.96647931326713, 40.686897619288814], [-73.96648981589827, 40.68695392426144]]]]}",0,0,Clinton Hill Historic District,Brick,110.566421851,1,0,0,1890,0,Danmar & Fisher,0,0,0,0
3002682,"{'type': 'MultiPolygon', 'coordinates': [[[[-73.99306475447241, 40.69125473370731], [-73.99308320965574, 40.691214685398904], [-73.9931101563606, 40.691156213097905], [-73.99314978659588, 40.69116679379109], [-73.99316491538431, 40.6911339628835], [-73.99319884578884, 40.69114302225448], [-73.99319244046808, 40.69115692039495], [-73.9931837158321, 40.69117585316639], [-73.9931625236912, 40.6912218384115], [-73.99313831285602, 40.691274373804596], [-73.99306475447241, 40.69125473370731]]]]}",0,0,Brooklyn Heights Historic District,Brick,144.663774634,35,0,0,1848,0,Not determined,0,1,Stoop removed from No. 18.,0
3059386,"{'type': 'MultiPolygon', 'coordinates': [[[[-73.97226864361609, 40.68684355875283], [-73.97227714375313, 40.68684259364929], [-73.97231819402937, 40.6868379307663], [-73.9723872456463, 40.686830088573934], [-73.97239701399756, 40.68682897878312], [-73.97240733621182, 40.686881637892455], [-73.97232494695096, 40.68689099515587], [-73.97229194959706, 40.68689474325768], [-73.97226882116136, 40.686897369887745], [-73.97226105213603, 40.68689825231962], [-73.9722507312176, 40.6868455931976], [-73.97226864361609, 40.68684355875283]]]]}",0,0,Fort Greene Historic District,Wood Frame,120.832592959,15,0,0,1853,0,Not determined,1,1,0,0
3007627,"{'type': 'MultiPolygon', 'coordinates': [[[[-73.99226731594295, 40.67930396839986], [-73.99230153218953, 40.67925311594319], [-73.99234424412694, 40.67926977290674], [-73.99238519017031, 40.67928574084409], [-73.99246100273544, 40.67931530612287], [-73.99258497421361, 40.67936365289232], [-73.99255075812654, 40.67941450453204], [-73.99245057147337, 40.67937543458762], [-73.99231088543202, 40.67932095952423], [-73.99226731594295, 40.67930396839986]]]]}",0,0,Carroll Gardens Historic District,Brick,218.295917567,8,0,0,1884,0,"Charles Rentz, Jr.",0,0,0,0
3379618,"{'type': 'MultiPolygon', 'coordinates': [[[[-73.9380802802794, 40.68076598440612], [-73.93814024340938, 40.680760033640404], [-73.9381473694804, 40.680801658349985], [-73.93808740631466, 40.68080760821887], [-73.9380802802794, 40.68076598440612]]]]}",0,0,Bedford Stuyvesant / Expanded Stuyvesant Heights Historic District,Brick,64.1305908552,16,0,0,0,0,Not determined,0,0,0,0
3051641,"{'type': 'MultiPolygon', 'coordinates': [[[[-73.94850115494233, 40.684311366811926], [-73.94852902046725, 40.68444747666378], [-73.94853119126228, 40.68445807758509], [-73.94857265567227, 40.68466060731251], [-73.94859230374041, 40.68475658026424], [-73.94832035629798, 40.68478846091626], [-73.94831778720065, 40.68477591019971], [-73.9481834547483, 40.68479184741873], [-73.94818305406773, 40.68478988952092], [-73.94817687768507, 40.6847597240241], [-73.94788275806324, 40.68479461758028], [-73.9476318860031, 40.684824380035195], [-73.94762788524164, 40.684804840663354], [-73.94743063515917, 40.6848282406269], [-73.94743634102012, 40.68485611504125], [-73.94743680060088, 40.68485835933203], [-73.94744010672235, 40.68485863729995], [-73.94744319120876, 40.68485945277338], [-73.947445963002, 40.68486076969021], [-73.94744828256478, 40.68486252314976], [-73.9474500352204, 40.684864625749775], [-73.94745113351274, 40.684866972990676], [-73.94745152430144, 40.68486944778155], [-73.94745118638978, 40.68487192764268], [-73.94745013643698, 40.68487428831081], [-73.94744842895005, 40.68487641364455], [-73.94744614563643, 40.68487819742039], [-73.94744340249474, 40.684879550540586], [-73.94744033561706, 40.684880406429045], [-73.94743709645485, 40.68488072193047], [-73.94743384708453, 40.68488048090941], [-73.94743074837702, 40.68487969694718], [-73.94742795408541, 40.68487840793566], [-73.94742560374661, 40.68487667877556], [-73.94727197398755, 40.684894904223775], [-73.94726178321181, 40.684845128146804], [-73.9472889533456, 40.684841905049275], [-73.94726950037858, 40.68474688380782], [-73.9472606120689, 40.684747937838424], [-73.9472367237161, 40.684631241887146], [-73.94722874012731, 40.68459224777125], [-73.94722345245246, 40.68459214268758], [-73.94721823145663, 40.68459148922128], [-73.9472131764947, 40.68459030272657], [-73.94720837863824, 40.684588603056646], [-73.94720392894794, 40.684586422671806], [-73.9471999101979, 40.68458380213319], [-73.94719639687514, 40.68458079010273], [-73.94719345399699, 40.68457744244224], [-73.94719113711204, 40.684573822213224], [-73.9471894899363, 40.68456999607379], [-73.9471885408033, 40.684566036078195], [-73.94718830858271, 40.684562014276075], [-73.94718879912872, 40.68455800721387], [-73.94719000055386, 40.68455408782781], [-73.94719189268899, 40.684550330851245], [-73.94719443880857, 40.68454680470637], [-73.94719759272483, 40.68454357600989], [-73.94720129524357, 40.68454070416864], [-73.94720547771148, 40.68453824318185], [-73.94721006201893, 40.68453623803938], [-73.94721496296366, 40.684534726523566], [-73.94722008825386, 40.6845337374086], [-73.947225344423, 40.684533288661854], [-73.94723063328107, 40.68453338744234], [-73.94723585427816, 40.684534033704026], [-73.94724091397282, 40.684535213896254], [-73.9472457141965, 40.68453690816281], [-73.94725016862165, 40.68453908224469], [-73.94725419328923, 40.68454169828173], [-73.94725771371385, 40.684544705811064], [-73.94726066251205, 40.68454804897012], [-73.94726241584209, 40.684550776530095], [-73.94730603740146, 40.68454560144862], [-73.94735891516468, 40.68453932835624], [-73.9473613333843, 40.68453746900056], [-73.9473642197012, 40.68453605021031], [-73.94736743920917, 40.6845351367607], [-73.9473708428223, 40.68453477270874], [-73.94737426964787, 40.6845349741901], [-73.94737756117844, 40.68453573302765], [-73.9473805601116, 40.6845370122284], [-73.94738312927221, 40.68453875319631], [-73.94738514569971, 40.68454087302773], [-73.94738651720154, 40.68454327442513], [-73.94738717880581, 40.684545842993565], [-73.94738709985057, 40.684548458950644], [-73.94738628279745, 40.684551000728106], [-73.9473847667772, 40.68455334947595], [-73.94738262285463, 40.68455539356289], [-73.9473799516545, 40.684557038481096], [-73.94739002109677, 40.684606224657124], [-73.94759329464674, 40.684582109796665], [-73.94758899105976, 40.68456108803886], [-73.94777810562742, 40.68453865216418], [-73.94777947732847, 40.684545349008765], [-73.94781809098306, 40.6845407676007], [-73.94779836513455, 40.68444441266047], [-73.94777954752729, 40.684446644601216], [-73.94776890275062, 40.68439464499137], [-73.94776735311089, 40.6843870790697], [-73.94785527854974, 40.68437664777026], [-73.94785679048391, 40.684384036272455], [-73.94803851513632, 40.68436247642282], [-73.9480368063817, 40.68435412518471], [-73.94812774377588, 40.6843433366326], [-73.94814165670597, 40.68441129569109], [-73.94811991225386, 40.68441387576785], [-73.94813012009769, 40.68446373912874], [-73.94818774884887, 40.68445690137369], [-73.94816609334727, 40.68435111904612], [-73.94850115494233, 40.684311366811926]]]]}",Boys' High School,0,Bedford Historic District,Stone,1308.51215567,38,0,0,1892,0,James W. Naughton,0,0,0,Boys' High School
3025629,"{'type': 'MultiPolygon', 'coordinates': [[[[-73.97619006153604, 40.66755330534234], [-73.97627516893704, 40.66745078119941], [-73.97634239760038, 40.66736979365369], [-73.9763641496857, 40.667343589514616], [-73.97641561404403, 40.667368358856685], [-73.97636705075749, 40.66742686080117], [-73.97630507523807, 40.66750152061841], [-73.9763233616467, 40.66751032152157], [-73.97625981123012, 40.667586876575065], [-73.97625389207144, 40.66758697801224], [-73.97624800387057, 40.66758649231919], [-73.97624224833167, 40.66758542852215], [-73.97623672242493, 40.667583804651535], [-73.97623151956972, 40.66758164774209], [-73.97622672963345, 40.6675789947335], [-73.97622243183734, 40.66757589066811], [-73.97621870066887, 40.667572388691724], [-73.97621559878716, 40.667568547350974], [-73.97621317820496, 40.66756443149361], [-73.97619006153604, 40.66755330534234]]]]}",0,0,Park Slope Historic District,Brick,227.686919429,21,0,0,1910,0,William Debus,0,0,"Nos. 564-580 5th Street are described in the designation report as ""four-family apartments.""",0
3026273,"{'type': 'MultiPolygon', 'coordinates': [[[[-73.98169257031951, 40.665133449565744], [-73.98175725133918, 40.66505566696787], [-73.98179544756567, 40.66500973409668], [-73.98181704602801, 40.665020148377856], [-73.98180123780699, 40.665039157571435], [-73.98180811370256, 40.665042472557765], [-73.98184012830623, 40.66505790885786], [-73.98175305934164, 40.665162615181664], [-73.98169257031951, 40.665133449565744]]]]}",0,0,Park Slope Historic District Extension,Brick,146.423729904,20,0,0,1879,0,Abraham V. B. Bush,1,0,0,0
3058537,"{'type': 'MultiPolygon', 'coordinates': [[[[-73.97045918560397, 40.689612005512835], [-73.97053064871828, 40.68961543227821], [-73.97053424661341, 40.68973791561746], [-73.97047077750291, 40.68973899617406], [-73.97045918560397, 40.689612005512835]]]]}",0,0,Fort Greene Historic District,Brownstone,128.476982796,68,0,0,1869,0,Abram Purdy (builder),1,0,0,0
3055923,"{'type': 'MultiPolygon', 'coordinates': [[[[-73.96900970038438, 40.685510201983895], [-73.96917783048328, 40.68549064385586], [-73.96917859589902, 40.685490554910054], [-73.96918912720729, 40.68554301355888], [-73.96902265794604, 40.685562378539956], [-73.96899295219615, 40.685565834815854], [-73.96898521048222, 40.685566735044375], [-73.96898005407678, 40.68554104649878], [-73.96897467933078, 40.685514276376985], [-73.96900970038438, 40.685510201983895]]]]}",0,0,Fort Greene Historic District,Brownstone,153.090181196,21,0,0,1869,0,T. B. Jackson (builder),1,0,0,0
3399732,"{'type': 'MultiPolygon', 'coordinates': [[[[-73.96750707057325, 40.690911811235715], [-73.96757377641559, 40.690879291807505], [-73.96761218051645, 40.69095283492683], [-73.96754460281139, 40.69098027793826], [-73.96750936203951, 40.69099458885536], [-73.9674937047835, 40.69091832717655], [-73.96750707057325, 40.690911811235715]]]]}",0,0,Clinton Hill Historic District,Not determined,115.641385132,21,0,0,0,0,Not determined,0,0,0,0
3056109,"{'type': 'MultiPolygon', 'coordinates': [[[[-73.96381450900954, 40.6851765508682], [-73.96388316146998, 40.68516830842069], [-73.96398558232951, 40.68515601248683], [-73.96399692332335, 40.68521075286917], [-73.96388437681394, 40.685224264931286], [-73.96382435214781, 40.685231471799675], [-73.96381301129189, 40.68517673140049], [-73.96381450900954, 40.6851765508682]]]]}",0,0,Clinton Hill Historic District,Brick,137.285818721,3,0,0,1860,0,Not determined,1,0,0,0
3115066,"{'type': 'MultiPolygon', 'coordinates': [[[[-73.95887537823432, 40.65947959530317], [-73.95880473506578, 40.65948459941038], [-73.9587897129087, 40.65936160596826], [-73.95882591424517, 40.65935904165369], [-73.95882255401833, 40.65933153056745], [-73.958856995707, 40.65932909078501], [-73.95886035594755, 40.6593566027707], [-73.95887537823432, 40.65947959530317]]]]}",0,0,Prospect Lefferts Gardens Historic District,Roman Brick,149.508390299,28,0,0,1898,0,William M. Miller,0,0,0,0
3002601,"{'type': 'MultiPolygon', 'coordinates': [[[[-73.99207045185518, 40.6912817884435], [-73.99209290620176, 40.69123335769303], [-73.99211684090193, 40.69118173201881], [-73.99218310320683, 40.69119953067756], [-73.99218112581187, 40.69120379897524], [-73.99215721245136, 40.69125540125083], [-73.9921367331753, 40.691299593433605], [-73.99207045185518, 40.6912817884435]]]]}",0,0,Brooklyn Heights Historic District,Brownstone,116.292429092,3,0,0,1852,0,Not determined,0,0,0,0
3046753,"{'type': 'MultiPolygon', 'coordinates': [[[[-73.93521620205095, 40.68210890346273], [-73.93524701786605, 40.682105150354744], [-73.93526247431149, 40.68211054322713], [-73.93528546600577, 40.68210844265303], [-73.93528820360476, 40.68212147103326], [-73.93531077562727, 40.68222885475243], [-73.93524314586314, 40.68223709243854], [-73.93521620205095, 40.68210890346273]]]]}",0,0,Stuyvesant Heights Historic District,Stone,130.514731615,43,0,0,1895,0,"F. D. Vrooman (architect), John F. Saddington (builder)",0,0,0,0
3030730,"{'type': 'MultiPolygon', 'coordinates': [[[[-73.94814197859671, 40.675416711090726], [-73.94808969022323, 40.6754136680843], [-73.94808831820411, 40.67542733548197], [-73.94808288853723, 40.67548141616177], [-73.94808088951308, 40.675501324745696], [-73.94790673390963, 40.67549118907368], [-73.94788809410971, 40.67549010451721], [-73.94789355493474, 40.675435707779954], [-73.94789708342424, 40.67540056227734], [-73.94788509294003, 40.67539986435075], [-73.9478872720244, 40.67537815752303], [-73.94784930059485, 40.675375947564014], [-73.947846560037, 40.67540324453363], [-73.94783485168169, 40.67540930599528], [-73.94783174277538, 40.675440261589834], [-73.9478270960791, 40.67548655495889], [-73.94763140071169, 40.67547516638985], [-73.94763293494522, 40.67545989255281], [-73.94763855094898, 40.67540395241528], [-73.94757645898831, 40.67540033919018], [-73.94757012170639, 40.675463457901586], [-73.94756694709776, 40.67549507984006], [-73.94751342746865, 40.67549196577051], [-73.94751381490435, 40.67548811354408], [-73.94747118702529, 40.675485632082044], [-73.94746855717376, 40.6755118286636], [-73.9473151076547, 40.675502897431976], [-73.94732219624223, 40.675432298500716], [-73.9473297318703, 40.67535725122878], [-73.94743107489185, 40.675363150024616], [-73.94743170910841, 40.675356835002596], [-73.9474577444469, 40.67535834985472], [-73.94746002261867, 40.67533565431475], [-73.94743382762172, 40.67533412948449], [-73.94743532732461, 40.675319200531206], [-73.9473341428538, 40.67531331171732], [-73.94733850017579, 40.67526991789301], [-73.94734855478377, 40.67516977892006], [-73.94762923137658, 40.675186113590904], [-73.94762194883182, 40.67525864225849], [-73.9476117052595, 40.67525804595626], [-73.94760500085769, 40.675324818793484], [-73.94771254370114, 40.67533107766904], [-73.94771912640604, 40.675265512361044], [-73.94771163857891, 40.675265076711064], [-73.9477173152934, 40.675208535052036], [-73.94778468084608, 40.67521245586932], [-73.94778554748324, 40.675203823925585], [-73.9479480927039, 40.67521328364596], [-73.94794738105003, 40.675220376680855], [-73.94801413634242, 40.675224261967614], [-73.9480087769647, 40.675277638474235], [-73.9480009839908, 40.67527718559548], [-73.9479955113489, 40.67533169759935], [-73.94810276447247, 40.67533793886943], [-73.94810741572483, 40.67529161127104], [-73.94809672388965, 40.675290989595425], [-73.94810408102161, 40.675217709001885], [-73.94810485344954, 40.67521001354892], [-73.94838827076875, 40.67522650609463], [-73.94838427649064, 40.6752662908573], [-73.94837864085551, 40.675322439042006], [-73.94837381099578, 40.67537054508811], [-73.948240625332, 40.67536279575155], [-73.94823938684925, 40.67537513224992], [-73.94821688902175, 40.675373823583776], [-73.94821486143984, 40.67539400861556], [-73.94824174955579, 40.67539557410293], [-73.94824049319591, 40.6754080843927], [-73.94833762704826, 40.675413737357125], [-73.94834804924325, 40.67541434358054], [-73.94834808354244, 40.67541434539697], [-73.9483480657785, 40.67541437420547], [-73.94833783621668, 40.67551627639197], [-73.94828369441902, 40.675513126380785], [-73.94814423765307, 40.67550501120633], [-73.94814687558052, 40.67547873446722], [-73.94815207991459, 40.675426886059626], [-73.94814102141201, 40.67542624261057], [-73.94814112392245, 40.675425225074804], [-73.94814197859671, 40.675416711090726]]]]}",0,0,Crown Heights North II Historic District,Brick,1374.74501737,47,0,0,1937,0,Cohn Brothers,0,0,"Shirley Chisholm, who would become the first black woman elected to the United States Congress in 1968, lived in No. 751 in 1965-66 with her husband, Conrad Chisholm, while serving in the New York State Assembly.",0
3001671,"{'type': 'MultiPolygon', 'coordinates': [[[[-73.99449996534663, 40.699260170430485], [-73.99452312341646, 40.69921199953641], [-73.99454230995075, 40.69917209154906], [-73.9946094764557, 40.699190795650885], [-73.994588462782, 40.699234504625444], [-73.99456713192842, 40.69927887455682], [-73.99449996534663, 40.699260170430485]]]]}",0,0,Brooklyn Heights Historic District,Brick,108.004247643,10,0,0,1853,0,Not determined,0,0,0,0
3058171,"{'type': 'MultiPolygon', 'coordinates': [[[[-73.9702237730231, 40.694125651328505], [-73.97021559909058, 40.69408814195423], [-73.97017355557502, 40.69409443555591], [-73.97015739504842, 40.69403188804972], [-73.97019797728625, 40.69402581380058], [-73.97019038066199, 40.693996413691536], [-73.97037934155894, 40.69397680068365], [-73.97040674454284, 40.69410255354255], [-73.9702237730231, 40.694125651328505]]]]}",0,0,Wallabout Historic District,Metal,222.1031958,77,0,0,2008,0,Bricolage Design,0,0,0,0
3026454,"{'type': 'MultiPolygon', 'coordinates': [[[[-73.98034635413889, 40.66320502442166], [-73.98043801952447, 40.66309578041824], [-73.98046016694056, 40.66310655705755], [-73.98047649349611, 40.6631021788184], [-73.98049542953767, 40.66311139251022], [-73.98050073488695, 40.66312629515145], [-73.98040906956221, 40.66323553920447], [-73.98034635413889, 40.66320502442166]]]]}",0,0,Park Slope Historic District,Limestone,139.065032889,70,0,0,1897,0,"William M. Calder (architect, builder)",0,0,0,0
3027852,"{'type': 'MultiPolygon', 'coordinates': [[[[-73.97088746527778, 40.68065277566863], [-73.97089460906776, 40.68063284999449], [-73.97090538040914, 40.6806028025556], [-73.970955219789, 40.68061315755408], [-73.9710472035162, 40.68063226893826], [-73.97102928966598, 40.68068224207351], [-73.97088746527778, 40.68065277566863]]]]}",0,0,Prospect Heights Historic District,Brownstone,119.295076944,11,0,0,1880,0,Not determined,1,1,0,0
3030784,"{'type': 'MultiPolygon', 'coordinates': [[[[-73.94215776502965, 40.67510702212938], [-73.94216975248338, 40.67496376971366], [-73.94218556943811, 40.67495316239089], [-73.94220932324674, 40.674954314376876], [-73.94221859540207, 40.674966139194865], [-73.94223783830896, 40.67496707278576], [-73.94222139310521, 40.675163587535714], [-73.9422062743983, 40.67516957647218], [-73.94218851575567, 40.675168714762556], [-73.94217731169906, 40.675161449179754], [-73.94218176844713, 40.675108186853656], [-73.94215776502965, 40.67510702212938]]]]}",0,0,Crown Heights North Historic District,Limestone,186.714531513,51,0,0,1910,0,Axel S. Hedman,1,0,0,0
3003779,"{'type': 'MultiPolygon', 'coordinates': [[[[-73.99907507313446, 40.68604361490613], [-73.99909963582189, 40.68599184997285], [-73.99925218620318, 40.68603379609179], [-73.99922762361874, 40.6860855601568], [-73.99907507313446, 40.68604361490613]]]]}",0,0,Cobble Hill Historic District,Not determined,130.070978087,16,0,0,1855,0,Not determined,1,0,0,0
3321913,"{'type': 'MultiPolygon', 'coordinates': [[[[-73.96494244008689, 40.68629495362315], [-73.9652602303923, 40.686259010540994], [-73.96527073673073, 40.686312841919595], [-73.96515151311064, 40.686326326188905], [-73.96513666054653, 40.686313366899775], [-73.96508791084845, 40.68631888127416], [-73.96508232796617, 40.686335511167975], [-73.96500011937583, 40.68634480921182], [-73.96499668615472, 40.68632721663227], [-73.96494977252084, 40.686332522587406], [-73.96494244008689, 40.68629495362315]]]]}",0,0,Clinton Hill Historic District,Stone,225.0675079,28,0,0,1889,0,Mercein Thomas,0,0,0,0
3001949,"{'type': 'MultiPolygon', 'coordinates': [[[[-73.99653113367127, 40.69604520613486], [-73.99657265831515, 40.69595806207836], [-73.99661270139673, 40.69587402833261], [-73.99665277036486, 40.695885089600196], [-73.99663577507128, 40.69592075570556], [-73.99666242148126, 40.69592811096736], [-73.99659784918583, 40.69606362270731], [-73.99653113367127, 40.69604520613486]]]]}",0,0,Brooklyn Heights Historic District,Brick,172.038596392,25,0,0,1895,0,J. C. Cady,1,0,0,0
3046520,"{'type': 'MultiPolygon', 'coordinates': [[[[-73.92973088456591, 40.683488376424144], [-73.92978834750565, 40.68348160631465], [-73.92980351096223, 40.68355619795651], [-73.92981417895156, 40.683608672025265], [-73.92975671708781, 40.68361544214827], [-73.92975194386955, 40.683591965529864], [-73.92973088456591, 40.683488376424144]]]]}",0,0,Bedford Stuyvesant / Expanded Stuyvesant Heights Historic District,Brownstone,125.943462477,51,0,0,1882,0,George Nicholls,1,0,0,0
3023534,"{'type': 'MultiPolygon', 'coordinates': [[[[-73.98398562714529, 40.66420808999517], [-73.98402405445523, 40.664161593589355], [-73.98409265051068, 40.664194466528656], [-73.9841881319527, 40.66424022320672], [-73.9841497047118, 40.66428671966692], [-73.98405419485083, 40.66424094944557], [-73.98398562714529, 40.66420808999517]]]]}",0,0,Park Slope Historic District Extension,Brick,147.598781317,46,0,0,1890,0,Daniel Ryan,1,0,0,0
3046719,"{'type': 'MultiPolygon', 'coordinates': [[[[-73.93735542263197, 40.68225144352311], [-73.937427450226, 40.682243154757465], [-73.93742931395037, 40.68225254363274], [-73.93744961247718, 40.682354772949466], [-73.9373775847654, 40.68236306172895], [-73.93736743967014, 40.68231196642813], [-73.93735542263197, 40.68225144352311]]]]}",0,0,Bedford Stuyvesant / Expanded Stuyvesant Heights Historic District,Brownstone,122.663631638,6,0,0,1873,0,Not determined,1,0,0,0
3002219,"{'type': 'MultiPolygon', 'coordinates': [[[[-73.99407419275198, 40.69322008674165], [-73.99407477503719, 40.69321781567818], [-73.99409947478468, 40.693121489085385], [-73.99418863638172, 40.69313473386306], [-73.99417727598352, 40.693179043024756], [-73.99416643867802, 40.69322130624627], [-73.99416335565876, 40.69323333243929], [-73.99407419275198, 40.69322008674165]]]]}",0,0,Brooklyn Heights Historic District,Wood Frame,123.583891629,12,0,0,1833,0,Not determined,0,0,A cast iron porch has been added to No. 135.,0
3053406,"{'type': 'MultiPolygon', 'coordinates': [[[[-73.93908204303085, 40.68205375764119], [-73.93907573790665, 40.68202168878857], [-73.9391391430685, 40.68201450562047], [-73.93914544822908, 40.682046567265566], [-73.93916831285591, 40.68216285556645], [-73.93910491461563, 40.68217008017791], [-73.93908204303085, 40.68205375764119]]]]}",0,0,Bedford Stuyvesant / Expanded Stuyvesant Heights Historic District,Brick,144.87506889,27,0,0,1888,0,Thomas F. Houghton,0,0,0,0
3055915,"{'type': 'MultiPolygon', 'coordinates': [[[[-73.96892473813028, 40.68506029407705], [-73.96907223783005, 40.685042853941], [-73.96908325800601, 40.68509686612021], [-73.96893575818942, 40.685114306270286], [-73.96892473813028, 40.68506029407705]]]]}",0,0,Fort Greene Historic District,Brick,122.625340851,13,0,0,1866,0,T. B. Jackson,1,0,0,0
3032516,"{'type': 'MultiPolygon', 'coordinates': [[[[-73.939665821553, 40.67030880873625], [-73.93950078038891, 40.670299982560174], [-73.93945638671963, 40.67029760796], [-73.93946110715481, 40.670246439544805], [-73.93946118599034, 40.670245582295465], [-73.9398128582207, 40.67026438947645], [-73.93981276983537, 40.670265349379825], [-73.93980805922213, 40.67031641605608], [-73.939665821553, 40.67030880873625]]]]}",0,0,Crown Heights North III Historic District,Stone,233.594218829,50,0,0,1902,0,Louis Berger & Company,1,1,0,0
3047771,"{'type': 'MultiPolygon', 'coordinates': [[[[-73.93356685531064, 40.68006434267888], [-73.93360029514463, 40.68006049246979], [-73.93363598622221, 40.6800563824002], [-73.93363777521759, 40.680065383174906], [-73.93366116044574, 40.68018308491115], [-73.9335920282228, 40.68019104520413], [-73.93356685531064, 40.68006434267888]]]]}",0,0,Stuyvesant Heights Historic District,Stone,132.158215436,69,0,0,1901,0,Charles Infanger,0,0,0,0
3032338,"{'type': 'MultiPolygon', 'coordinates': [[[[-73.94947966714699, 40.67094320255904], [-73.9494910976419, 40.670821801881495], [-73.9494981341657, 40.67081157781608], [-73.94952371843978, 40.67081297493724], [-73.94953469368826, 40.67082418126425], [-73.94955946666992, 40.670825533896426], [-73.94954803629881, 40.67094693458069], [-73.94947966714699, 40.67094320255904]]]]}",0,0,Crown Heights North II Historic District,Brick,131.004293769,69,0,0,1897,0,Frederick L. Hine,1,0,0,0
3031276,"{'type': 'MultiPolygon', 'coordinates': [[[[-73.94933259892274, 40.67366679332831], [-73.94935019369035, 40.67350302617848], [-73.94941537415897, 40.673507086461434], [-73.94939181063307, 40.673726410981345], [-73.94935806479852, 40.67372430873826], [-73.94935500229892, 40.67375281589962], [-73.9493235674386, 40.67375085784571], [-73.94933259892274, 40.67366679332831]]]]}",0,0,Crown Heights North II Historic District,Limestone,217.469236922,72,0,0,1908,0,William Debus,1,0,0,0
3001609,"{'type': 'MultiPolygon', 'coordinates': [[[[-73.9924760727776, 40.69970235597094], [-73.99248836823968, 40.69967504153975], [-73.99251726117558, 40.69961085041459], [-73.99258430582, 40.699628330092246], [-73.99252887045232, 40.69975148684895], [-73.99252779109419, 40.6997538830416], [-73.99251384119046, 40.69978397094643], [-73.99244726021278, 40.69976662003171], [-73.99246182569857, 40.699734007139256], [-73.9924632766811, 40.699730782500346], [-73.99246526734329, 40.699726362016676], [-73.9924760727776, 40.69970235597094]]]]}",0,0,Brooklyn Heights Historic District,Brick,159.120616103,37,0,0,1840,0,Not determined,0,0,0,0
3001683,"{'type': 'MultiPolygon', 'coordinates': [[[[-73.99416322528148, 40.69915548641513], [-73.99420448507304, 40.69906966608636], [-73.99421607542816, 40.6990455572564], [-73.99428821458582, 40.69906564678351], [-73.99424260940715, 40.69916050536587], [-73.99423164151794, 40.69918332019336], [-73.99419768680114, 40.69917386490972], [-73.99418854873508, 40.69916253780644], [-73.99416322528148, 40.69915548641513]]]]}",0,0,Brooklyn Heights Historic District,Brick,131.944267471,114,0,0,1899,0,Not determined,0,0,0,0
3053604,"{'type': 'MultiPolygon', 'coordinates': [[[[-73.93907359501262, 40.68092579044937], [-73.93914811592947, 40.68091719665198], [-73.93917311149265, 40.68104281722582], [-73.93909859043843, 40.681051411039334], [-73.93907359501262, 40.68092579044937]]]]}",0,0,Bedford Stuyvesant / Expanded Stuyvesant Heights Historic District,Brownstone,134.388475729,60,0,0,1890,0,Rulef Van Brunt,0,0,0,0
3047481,"{'type': 'MultiPolygon', 'coordinates': [[[[-73.93108533433893, 40.68145970008943], [-73.9311147090525, 40.68145621557804], [-73.93110935511477, 40.68143005963171], [-73.93114154898119, 40.68142624000891], [-73.9311469041141, 40.681452395954466], [-73.93117280770323, 40.681578928329344], [-73.93111123781316, 40.68158623337856], [-73.93108533433893, 40.68145970008943]]]]}",0,0,Bedford Stuyvesant / Expanded Stuyvesant Heights Historic District,Brownstone,147.166568983,14,0,0,1884,0,William Baker (architect),0,0,0,0
3056172,"{'type': 'MultiPolygon', 'coordinates': [[[[-73.9634624294541, 40.684996190959716], [-73.96343007425119, 40.68484578045636], [-73.96350491501417, 40.68483645057901], [-73.96352935055307, 40.68495004554465], [-73.96348192167211, 40.68495595858558], [-73.96349248573864, 40.68500506425729], [-73.96346507371307, 40.68500848111201], [-73.9634624294541, 40.684996190959716]]]]}",0,0,Clinton Hill Historic District,Brick,162.198411554,71,0,0,1864,0,William Montgomery & William Rushmore (attributed),1,0,0,0
3056074,"{'type': 'MultiPolygon', 'coordinates': [[[[-73.96447307556278, 40.68611656468664], [-73.9644731855858, 40.686116552113376], [-73.96465099585848, 40.686095833820936], [-73.96465106565812, 40.68609582573777], [-73.96465523056567, 40.68611653523099], [-73.9646617492971, 40.68614895482699], [-73.96448375787989, 40.68616969469241], [-73.96447320298297, 40.68611720409069], [-73.96447307556278, 40.68611656468664]]]]}",0,0,Clinton Hill Historic District,Brick,139.041409112,53,0,0,1868,0,Henry Strybing,1,0,0,0
3356838,"{'type': 'MultiPolygon', 'coordinates': [[[[-73.96170576677055, 40.63969024194007], [-73.96178144550134, 40.639681965236015], [-73.96178819750772, 40.639717791912524], [-73.96171251755487, 40.639726068620575], [-73.96170576677055, 40.63969024194007]]]]}",0,0,Ditmas Park Historic District,Not determined,68.8103971405,80,0,0,0,0,Not determined,0,0,0,0
3025278,"{'type': 'MultiPolygon', 'coordinates': [[[[-73.97480796982137, 40.669824440936935], [-73.97487736060613, 40.669741492519435], [-73.97490873465955, 40.66970398839342], [-73.97492750863785, 40.66971309309608], [-73.97493291010062, 40.66971265302062], [-73.97493430446252, 40.66971269925073], [-73.97493833853277, 40.669712831604805], [-73.97494366975432, 40.669713624319186], [-73.97494878668685, 40.66971501402842], [-73.97495357343973, 40.66971696918928], [-73.97495792477085, 40.66971944565358], [-73.97496174135578, 40.66972238936892], [-73.97496493924916, 40.669725733678895], [-73.97496744515317, 40.66972940292429], [-73.97496920587773, 40.66973331604727], [-73.97486843992189, 40.669853768643], [-73.97484615162459, 40.66984295848674], [-73.97481218504298, 40.66988356160173], [-73.97477400322633, 40.669865043140206], [-73.97480796982137, 40.669824440936935]]]]}",0,0,Park Slope Historic District,Brownstone,180.272639338,63,0,0,1909,0,Eisenla & Carlson,0,0,0,0
3179065,"{'type': 'MultiPolygon', 'coordinates': [[[[-73.96142687745777, 40.630615495397755], [-73.96149100006868, 40.6306096464053], [-73.96150852018451, 40.63072113118616], [-73.96142017487723, 40.63072919004264], [-73.9614188805317, 40.63072930757641], [-73.96141759099638, 40.63072110431143], [-73.96140328602172, 40.63063008220085], [-73.96142880410325, 40.63062775391596], [-73.96142687745777, 40.630615495397755]]]]}",0,0,Fiske Terrace-Midwood Park Historic District,Wood Frame,131.931779216,32,0,Wood Shingles,1911,0,Benjamin Driesler,1,0,0,0
3026224,"{'type': 'MultiPolygon', 'coordinates': [[[[-73.97781514905046, 40.66380897794394], [-73.97773494444358, 40.66377004844509], [-73.97773306632998, 40.66376706287064], [-73.97773193922183, 40.66376386491974], [-73.97773160092474, 40.66376056446266], [-73.97773206322735, 40.663757273165764], [-73.97773330953632, 40.66375410178917], [-73.97773529842554, 40.663751158386944], [-73.97773796363775, 40.663748542002864], [-73.97774121171913, 40.663746342670535], [-73.97774493621407, 40.66374463421155], [-73.9777490082023, 40.663743474234], [-73.97775328930989, 40.66374290233376], [-73.97775763643911, 40.663742937394005], [-73.97777079899397, 40.66372721332471], [-73.97797954297121, 40.66382853091884], [-73.9779672819231, 40.66384317996829], [-73.97797129145299, 40.6638556898055], [-73.97796066418064, 40.66386838594754], [-73.97794453201054, 40.66387035768752], [-73.97786638696888, 40.66383242734789], [-73.97786209686524, 40.6638244587558], [-73.97783017012176, 40.663808961928936], [-73.97782018837152, 40.66381142291642], [-73.97781514905046, 40.66380897794394]]]]}",0,0,Park Slope Historic District,Limestone,181.287967373,46,0,0,1899,0,"Frank Holmberg (architect), Christian Doenecke (builder)",0,0,0,0
3030563,"{'type': 'MultiPolygon', 'coordinates': [[[[-73.94029743686706, 40.67583220123526], [-73.94030953327093, 40.675702660322095], [-73.94033570232669, 40.67570407689797], [-73.94034052049479, 40.67570199380372], [-73.94034568590143, 40.67570047010902], [-73.94035108970114, 40.67569953817606], [-73.94035661359715, 40.67569921865535], [-73.94036214048836, 40.67569951778981], [-73.94036754973638, 40.6757004292132], [-73.94037272544523, 40.67570193395464], [-73.94037755646373, 40.67570399773704], [-73.94038193874401, 40.67570657908292], [-73.94036984366295, 40.675836120004334], [-73.94035513132607, 40.6758462890984], [-73.94033764109571, 40.67584534259399], [-73.94033611963728, 40.675861646529725], [-73.94030411137392, 40.67585991444581], [-73.94030665270677, 40.67583270039982], [-73.94029743686706, 40.67583220123526]]]]}",0,0,Crown Heights North III Historic District,Stone,153.471239085,78,0,0,1902,0,Axel S. Hedman,1,0,0,0
3001657,"{'type': 'MultiPolygon', 'coordinates': [[[[-73.99507556613607, 40.69912388596833], [-73.99506977566685, 40.69912229361487], [-73.99511737491366, 40.69902201730764], [-73.99518470117454, 40.69904052927183], [-73.99530579341065, 40.69907382440912], [-73.99525819441047, 40.6991741007937], [-73.9951912856563, 40.69915570415585], [-73.99507556613607, 40.69912388596833]]]]}",0,0,Brooklyn Heights Historic District,Brick,188.790394849,16,0,0,1839,0,Not determined,0,1,"The original owner of No. 70, Adrian Van Sinderen, was the first president of the Brooklyn Savings Bank.",0
3114852,"{'type': 'MultiPolygon', 'coordinates': [[[[-73.95979279670101, 40.660011771955716], [-73.95981368200817, 40.66016315428908], [-73.95975581070718, 40.66016778432411], [-73.9597349255294, 40.66001640288077], [-73.95979279670101, 40.660011771955716]]]]}",0,0,Prospect Lefferts Gardens Historic District,Flemish-Bond Brick,143.201583173,16,0,0,1922,0,George Lobenstein,0,0,0,0
3025856,"{'type': 'MultiPolygon', 'coordinates': [[[[-73.98079367475678, 40.66727395255892], [-73.98083565636543, 40.66722321729901], [-73.98089525181703, 40.66725180958124], [-73.98103617677528, 40.66731942110717], [-73.98105381813433, 40.66732788435931], [-73.98102943678283, 40.66735734971873], [-73.98102997959656, 40.6673657264055], [-73.98103015032683, 40.66736837124841], [-73.98102237653949, 40.66737776684786], [-73.98101978181897, 40.66737781054507], [-73.98100603003623, 40.667378044210494], [-73.98100372624606, 40.66737808345282], [-73.98099181870799, 40.66737237041517], [-73.98098929558859, 40.66737015923212], [-73.98098336259359, 40.66736495957427], [-73.98097694766085, 40.66736188145138], [-73.98090876967277, 40.667329171530476], [-73.98090381894941, 40.66732988301678], [-73.98089343614909, 40.66733137614889], [-73.98087221782411, 40.667321196795065], [-73.98086936273806, 40.667313648197386], [-73.98086780047703, 40.66730951637141], [-73.98083658553021, 40.66729454010171], [-73.98083131772701, 40.667295721601214], [-73.98082243318754, 40.66729771386238], [-73.98081605256053, 40.66729465194555], [-73.98080130475262, 40.66728757683463], [-73.980796742121, 40.66727943000775], [-73.98079367475678, 40.66727395255892]]]]}",0,0,Park Slope Historic District Extension,Brick,193.616539301,4,0,0,1888,0,Van Tuyl & Lincoln,1,0,0,0
3357121,"{'type': 'MultiPolygon', 'coordinates': [[[[-73.95979143850171, 40.6345834977421], [-73.95985467251903, 40.63457781054554], [-73.959861645597, 40.63462280561831], [-73.95979841035565, 40.63462849281826], [-73.95979143850171, 40.6345834977421]]]]}",0,0,Fiske Terrace-Midwood Park Historic District,Brick,68.3591677138,31,0,Slate,1908,0,David A. Walsh,1,0,0,0
3029942,"{'type': 'MultiPolygon', 'coordinates': [[[[-73.94052691581349, 40.677398321833365], [-73.94053908568758, 40.67727773387731], [-73.9406058828071, 40.677281641492534], [-73.94059371187039, 40.67740222945495], [-73.94052691581349, 40.677398321833365]]]]}",0,0,Crown Heights North III Historic District,Brownstone,125.290964982,68,0,0,1879,0,Amzi Hill,1,0,0,0
3024953,"{'type': 'MultiPolygon', 'coordinates': [[[[-73.97232415529957, 40.67153736282781], [-73.97242014880777, 40.67139465060036], [-73.97245725270568, 40.67140911816321], [-73.97246646693785, 40.67139541992861], [-73.9724585759887, 40.671392342780024], [-73.97248015474754, 40.67136026258273], [-73.97251540681431, 40.67137400927163], [-73.9723886204332, 40.67156250089354], [-73.97232415529957, 40.67153736282781]]]]}",0,0,Park Slope Historic District,Brownstone,199.411448033,24,0,0,1887,0,William B. Tubby,0,0,0,0
3031304,"{'type': 'MultiPolygon', 'coordinates': [[[[-73.94610767825844, 40.67331779567331], [-73.94609984321762, 40.673406282033206], [-73.9460792264587, 40.67340522327239], [-73.94606733140401, 40.673412766716154], [-73.94606533681763, 40.673435295771604], [-73.94608039513324, 40.67344603517029], [-73.94609625036779, 40.67344684856107], [-73.94608934872431, 40.67352479572606], [-73.94607057930315, 40.67352383238338], [-73.94606531889495, 40.67358323870731], [-73.94599536105392, 40.67357964795505], [-73.9460006215242, 40.67352024163431], [-73.94598419029981, 40.67351939824295], [-73.94600252015886, 40.673312398206896], [-73.94610767825844, 40.67331779567331]]]]}",0,0,Crown Heights North II Historic District,Brick,266.603014165,65,0,0,1906,0,William Debus,1,0,0,0
3002941,"{'type': 'MultiPolygon', 'coordinates': [[[[-73.99613021968138, 40.69027694105513], [-73.99614683757423, 40.69024170723286], [-73.99616091632892, 40.69021185839219], [-73.99633738821989, 40.690260083924386], [-73.9963066917224, 40.69032516663405], [-73.99617352433748, 40.690288775246614], [-73.99613021968138, 40.69027694105513]]]]}",0,0,Cobble Hill Historic District,Brick,154.382315817,3,0,0,1871,0,Not determined,0,0,0,0
3055100,"{'type': 'MultiPolygon', 'coordinates': [[[[-73.96611321005615, 40.69159808474054], [-73.96628962338536, 40.691576676423246], [-73.96630101368204, 40.69163106174605], [-73.96628042229617, 40.69163356094206], [-73.96607740705235, 40.69165819695045], [-73.96607267326283, 40.69163559717845], [-73.9661198675904, 40.69162987031101], [-73.96611321005615, 40.69159808474054]]]]}",0,0,Clinton Hill Historic District,Brownstone,165.714562587,33,0,0,1879,0,W. H. Gaylor,0,0,0,0
3019290,"{'type': 'MultiPolygon', 'coordinates': [[[[-73.97415447029198, 40.67662288796452], [-73.97416766375314, 40.67660331013468], [-73.97416471136724, 40.67658833481195], [-73.97417032698783, 40.67658000090815], [-73.97418935341693, 40.67657112520194], [-73.97435351812, 40.67663525154682], [-73.9743186350892, 40.67668701345822], [-73.97415447029198, 40.67662288796452]]]]}",0,0,Park Slope Historic District,Brownstone,146.690167611,48,0,0,1881,0,"Robert Dixon (architect), Thomas Fagen (builder)",0,0,0,0
3047142,"{'type': 'MultiPolygon', 'coordinates': [[[[-73.93066754123114, 40.68225436650303], [-73.93069199585103, 40.6823734094236], [-73.93063113734563, 40.68238065430976], [-73.93060668401472, 40.682261611377086], [-73.93066754123114, 40.68225436650303]]]]}",0,0,Bedford Stuyvesant / Expanded Stuyvesant Heights Historic District,Brownstone,121.964461668,23,0,0,1893,0,"R. H. Heasman (architect), George Adams (builder)",0,0,0,0
3031938,"{'type': 'MultiPolygon', 'coordinates': [[[[-73.94854511073162, 40.67231663269016], [-73.94855590864918, 40.67219904282262], [-73.94861885535911, 40.67220239385366], [-73.94860805636931, 40.67231998372653], [-73.94854511073162, 40.67231663269016]]]]}",0,0,Crown Heights North II Historic District,Brick,120.899183107,31,0,0,1889,0,J. H. Herbert,1,0,0,0
3345903,"{'type': 'MultiPolygon', 'coordinates': [[[[-73.97145456454676, 40.67899173882424], [-73.97143707214033, 40.67903987328674], [-73.97138412095612, 40.67902872076555], [-73.9713343702779, 40.67901824080118], [-73.97135186275284, 40.678970106354114], [-73.97142166788983, 40.67898480930375], [-73.97145456454676, 40.67899173882424]]]]}",0,0,Prospect Heights Historic District,Brick,95.5039029384,8,0,0,1922,0,Not determined,1,0,0,0
3026108,"{'type': 'MultiPolygon', 'coordinates': [[[[-73.97889033091106, 40.66503786508152], [-73.97898208289799, 40.664928308897224], [-73.9790427679472, 40.66495777854849], [-73.97895101601962, 40.665067334780744], [-73.97889033091106, 40.66503786508152]]]]}",0,0,Park Slope Historic District,Not determined,134.615911429,66,0,0,1890,0,Not determined,1,0,0,0
3007413,"{'type': 'MultiPolygon', 'coordinates': [[[[-73.99272531478523, 40.68003528798665], [-73.99272761342313, 40.68003220657183], [-73.99280753798631, 40.67992507920476], [-73.99285895692239, 40.67994731250474], [-73.99277673377878, 40.680057522223564], [-73.99272947826505, 40.68003708927847], [-73.99272531478523, 40.68003528798665]]]]}",0,0,Carroll Gardens Historic District,Brownstone,125.157393193,37,0,0,1881,0,William J. Bedell (builder),0,0,0,0
3064804,"{'type': 'MultiPolygon', 'coordinates': [[[[-73.95738094557784, 40.72932361580945], [-73.95722232407489, 40.72933940234159], [-73.95721117935997, 40.72927460299849], [-73.95736980071132, 40.72925881648161], [-73.95738094557784, 40.72932361580945]]]]}",0,0,Greenpoint Historic District,Brick,136.295216591,1,0,Metal Cornice,1855,0,Not determined,1,0,0,0
3064685,"{'type': 'MultiPolygon', 'coordinates': [[[[-73.95707342245676, 40.730405854407586], [-73.95715120477448, 40.73039845328153], [-73.95717132103466, 40.73052079214986], [-73.95709353857634, 40.73052819328947], [-73.95707342245676, 40.730405854407586]]]]}",0,0,Greenpoint Historic District,Brick,133.289808671,12,0,0,1864,0,"James R. Sparrow, Jr.",0,0,0,0
3028903,"{'type': 'MultiPolygon', 'coordinates': [[[[-73.96506540974671, 40.67617769602305], [-73.9651091274472, 40.676057025892284], [-73.96513755983102, 40.67606299681976], [-73.96517582132896, 40.67607103199403], [-73.96513210373992, 40.67619170214999], [-73.96507192267815, 40.676179064081374], [-73.96506540974671, 40.67617769602305]]]]}",0,0,Prospect Heights Historic District,Brownstone,129.591564464,68,0,0,1893,0,Not determined,1,0,0,0
3028538,"{'type': 'MultiPolygon', 'coordinates': [[[[-73.96810204517479, 40.677811348054114], [-73.96816175327481, 40.67764953400433], [-73.9682277159922, 40.677663641690565], [-73.9682285107669, 40.67766381120676], [-73.96822672713631, 40.677668644676935], [-73.96816880281608, 40.67782562529093], [-73.96810204517479, 40.677811348054114]]]]}",0,0,Prospect Heights Historic District,Iron-Spot Brick,160.938180787,90,0,0,1895,0,Delaney & Collins (carpenters),1,0,0,0
3059362,"{'type': 'MultiPolygon', 'coordinates': [[[[-73.97266262951761, 40.68660025499298], [-73.9727364697912, 40.68659181488682], [-73.97283453384745, 40.686580605971784], [-73.97284530983048, 40.686635235474235], [-73.97267340418009, 40.68665488451118], [-73.97267091917206, 40.68664228213308], [-73.97266262951761, 40.68660025499298]]]]}",0,0,Fort Greene Historic District,Brick,136.672416024,33,0,0,1859,0,Thomas Skelly (builder),1,0,0,0
3035032,"{'type': 'MultiPolygon', 'coordinates': [[[[-73.95269447649841, 40.66289137463455], [-73.95268672020441, 40.662819530053696], [-73.95268207724527, 40.662776522185794], [-73.9527525844023, 40.662772108019276], [-73.95275842927711, 40.662826250361825], [-73.95276487921386, 40.66288599236255], [-73.9527412187136, 40.662887473899595], [-73.95273823066688, 40.662890418260865], [-73.95273465517023, 40.66289296435241], [-73.95273058569519, 40.66289504287299], [-73.95272612989206, 40.66289660073613], [-73.95272140486445, 40.66289759566584], [-73.95271653716445, 40.66289800159902], [-73.95271165333325, 40.66289780868191], [-73.95270688226641, 40.66289702147034], [-73.95270235166636, 40.66289565982795], [-73.952698179763, 40.662893760724664], [-73.95269447649841, 40.66289137463455]]]]}",0,0,Prospect Lefferts Gardens Historic District,Brownstone,124.738907265,16,0,0,1910,0,Benjamin Driesler,0,0,0,0
3026315,"{'type': 'MultiPolygon', 'coordinates': [[[[-73.97996469679886, 40.664315752415376], [-73.9800528976699, 40.66420824252324], [-73.98011162581957, 40.664236181297035], [-73.98003676232794, 40.66432743293078], [-73.9800234250065, 40.66434369033336], [-73.97999242916336, 40.66432894529975], [-73.97996469679886, 40.664315752415376]]]]}",0,0,Park Slope Historic District Extension,Brick,130.789821451,11,0,0,1890,0,Allison V. B. Norris,1,0,0,0
3026708,"{'type': 'MultiPolygon', 'coordinates': [[[[-73.98042142653054, 40.66073231670825], [-73.98034864925332, 40.66069702746721], [-73.98030231767048, 40.66067456156321], [-73.98034564270637, 40.660622746053875], [-73.98036757786593, 40.660596510551464], [-73.98044344216049, 40.660633296964086], [-73.98048668664313, 40.66065426562941], [-73.98047908156714, 40.660663361356214], [-73.9805206743349, 40.66068352826868], [-73.98058859576363, 40.660716462631505], [-73.98058552132359, 40.66072014072228], [-73.98061085915863, 40.660732426239136], [-73.98056745854957, 40.66078433278712], [-73.98054212070328, 40.660772046360286], [-73.98053989323888, 40.66077471061166], [-73.98053902969752, 40.66077574245729], [-73.98042951662558, 40.66072264113533], [-73.98042142653054, 40.66073231670825]]]]}",0,0,Park Slope Historic District Extension,Brick,234.484381551,40,0,0,1905,0,Thomas Bennett,1,0,0,0
3053204,"{'type': 'MultiPolygon', 'coordinates': [[[[-73.93996537353678, 40.68234441714016], [-73.94003472975048, 40.68233630455121], [-73.94004902181085, 40.68240711403402], [-73.9400574703448, 40.682448972538396], [-73.93998811283384, 40.682457085140356], [-73.93998480362245, 40.68244069135294], [-73.93996537353678, 40.68234441714016]]]]}",0,0,Bedford Stuyvesant / Expanded Stuyvesant Heights Historic District,Brownstone,121.984129815,69,0,0,1873,0,Not determined,1,0,0,0
3065284,"{'type': 'MultiPolygon', 'coordinates': [[[[-73.95533295106453, 40.727178826219], [-73.95541591867638, 40.72732251926875], [-73.95541190266108, 40.727323861272964], [-73.95535174173784, 40.72734396433578], [-73.95534669200558, 40.727335217535256], [-73.95526877542125, 40.72720027124068], [-73.95533295106453, 40.727178826219]]]]}",0,0,Greenpoint Historic District,Brick,153.215190767,20,0,0,1876,0,Frederick Weber,0,0,0,0
3115130,"{'type': 'MultiPolygon', 'coordinates': [[[[-73.95958099233938, 40.65896683637623], [-73.95964169788526, 40.658962758539516], [-73.95965387659871, 40.65906790894133], [-73.95963707508547, 40.65906903679733], [-73.95964302975736, 40.65912043947812], [-73.95959912441434, 40.65912338856645], [-73.95958099233938, 40.65896683637623]]]]}",0,0,Prospect Lefferts Gardens Historic District,Red Brick,148.332671641,95,0,Spanish Tiles,1915,0,Peter J. Collins,0,0,0,0
3056778,"{'type': 'MultiPolygon', 'coordinates': [[[[-73.96216265026905, 40.68439630060515], [-73.96231190526149, 40.68437764230983], [-73.96232339345664, 40.68443089616257], [-73.96217413834815, 40.68444955447267], [-73.96216265026905, 40.68439630060515]]]]}",0,0,Clinton Hill Historic District,Brick,123.222962643,44,0,0,0,0,Not determined,0,0,0,0
3115432,"{'type': 'MultiPolygon', 'coordinates': [[[[-73.95579493293192, 40.65860102167167], [-73.95578116790334, 40.65847933495484], [-73.9557840515123, 40.658476462514315], [-73.95578748355285, 40.65847395049128], [-73.9557913835766, 40.65847185918928], [-73.95579566168355, 40.65847023630132], [-73.95580021733767, 40.65846911961005], [-73.95580494409928, 40.65846853428936], [-73.95580973435325, 40.65846849470598], [-73.95581447576298, 40.658469002617835], [-73.9558190595497, 40.658470043574944], [-73.95582337575688, 40.65847159682308], [-73.95582732744731, 40.65847362270241], [-73.95583082123426, 40.6584760770517], [-73.95585437608486, 40.658474531802305], [-73.95586814124525, 40.65859621941099], [-73.9558719020126, 40.65862946883271], [-73.95583793134362, 40.65863169718136], [-73.9558341694105, 40.65859844775818], [-73.95579493293192, 40.65860102167167]]]]}",0,0,Prospect Lefferts Gardens Historic District,Brick,156.153740741,83,0,0,1897,0,Levi Fowler,0,0,0,0
3052749,"{'type': 'MultiPolygon', 'coordinates': [[[[-73.9449513603135, 40.68286601192426], [-73.94494309033406, 40.68282474640671], [-73.94495295197709, 40.68281220876291], [-73.944971667439, 40.68281003576873], [-73.94498977148973, 40.68281484416591], [-73.94499891797176, 40.68286048929969], [-73.94502311795544, 40.682857678652994], [-73.94504869264091, 40.682985305437484], [-73.94504943011502, 40.68298898348956], [-73.94497767233506, 40.682997316777126], [-73.94497371757201, 40.68297758281911], [-73.9449513603135, 40.68286601192426]]]]}",0,0,Bedford Historic District,Stone,171.628467238,24,0,0,1891,0,Jeremiah D. McAuliffe,1,0,0,0
3381940,"{'type': 'MultiPolygon', 'coordinates': [[[[-73.96852150587247, 40.645761306031076], [-73.96860553868511, 40.645755240599456], [-73.9686124453129, 40.64581075491714], [-73.96852841243054, 40.64581682125426], [-73.96852150587247, 40.645761306031076]]]]}",0,0,Prospect Park South Historic District,Not determined,87.4805765865,12,0,0,0,0,Not determined,0,0,0,0
3024796,"{'type': 'MultiPolygon', 'coordinates': [[[[-73.97327218798125, 40.6725634872717], [-73.97329080460185, 40.67253578634461], [-73.97317275002159, 40.67248979207885], [-73.97321836674145, 40.67242191736792], [-73.97330191341649, 40.672454467897744], [-73.97332041520134, 40.67242693803674], [-73.97332207555681, 40.67242446650751], [-73.97345988099322, 40.67247815557826], [-73.97345611650407, 40.672483757715305], [-73.97342274021656, 40.67253342062737], [-73.97337548575616, 40.672603732734096], [-73.97332135587115, 40.67258264363668], [-73.97327218798125, 40.6725634872717]]]]}",0,0,Park Slope Historic District,Marble,240.734043237,6,0,0,1912,0,Frank J. Helmle,0,0,0,0
3003527,"{'type': 'MultiPolygon', 'coordinates': [[[[-73.99533971564519, 40.68643142411317], [-73.99540050415591, 40.68632701110251], [-73.99542129681134, 40.68633402513188], [-73.99546573422191, 40.68634901684155], [-73.99540494579321, 40.68645343078692], [-73.99536592859654, 40.6864402682156], [-73.99533971564519, 40.68643142411317]]]]}",0,0,Cobble Hill Historic District,Brick,122.794056196,16,0,0,1850,0,Not determined,1,0,0,0
3028064,"{'type': 'MultiPolygon', 'coordinates': [[[[-73.97161930708499, 40.679854407585516], [-73.97163802231073, 40.679801506978755], [-73.97178682719475, 40.67983201786994], [-73.97182489894591, 40.679839823852575], [-73.97181660902784, 40.67986325861021], [-73.97177853726427, 40.67985545262492], [-73.97176811326085, 40.679884919401566], [-73.97161930708499, 40.679854407585516]]]]}",0,0,Prospect Heights Historic District,Brick,147.280628281,54,0,0,1874,0,Henry C. Brucker,1,0,0,0
3002224,"{'type': 'MultiPolygon', 'coordinates': [[[[-73.99450498271159, 40.693554077713834], [-73.99453773050183, 40.693487785319306], [-73.99454385288192, 40.69347539095105], [-73.99456388017212, 40.693434848109284], [-73.99464487217351, 40.69345802660436], [-73.99460779837543, 40.693533079015886], [-73.99458597483726, 40.6935772571506], [-73.99450498271159, 40.693554077713834]]]]}",0,0,Brooklyn Heights Historic District,Brick,140.805832436,27,0,0,0,0,Not determined,0,0,0,0
3026135,"{'type': 'MultiPolygon', 'coordinates': [[[[-73.98134980436488, 40.66581186302031], [-73.98143806143975, 40.66570545612666], [-73.98146476304149, 40.66567326338617], [-73.9814913397901, 40.66568604508548], [-73.98146463819607, 40.66571823783206], [-73.98149271194586, 40.6657317392844], [-73.9814229548037, 40.66581584162885], [-73.9814044549234, 40.66583814621965], [-73.98137039794103, 40.66582176662889], [-73.98134980436488, 40.66581186302031]]]]}",0,0,Park Slope Historic District Extension,Brick,155.311822976,19,0,0,1887,0,L. Bouard,1,0,0,0
3025384,"{'type': 'MultiPolygon', 'coordinates': [[[[-73.97454512702943, 40.66891051920437], [-73.9745517269542, 40.66890261053558], [-73.974643308143, 40.66879286781275], [-73.97470267876976, 40.66882159292251], [-73.97463490135436, 40.66890281350989], [-73.97457878664628, 40.66897005703051], [-73.97456613224696, 40.668985220716834], [-73.97453177621432, 40.66896859860392], [-73.97453117198309, 40.66896830670311], [-73.97456953865186, 40.66892233036241], [-73.97454512702943, 40.66891051920437]]]]}",0,0,Park Slope Historic District,Brownstone,180.289489282,53,0,0,1910,0,Axel S. Hedman,0,0,0,0
3001107,"{'type': 'MultiPolygon', 'coordinates': [[[[-73.98606387273593, 40.68603529687753], [-73.9861334113586, 40.68593215683808], [-73.98619753245838, 40.68595720873336], [-73.98612799272586, 40.68606034881105], [-73.98606387273593, 40.68603529687753]]]]}",0,0,Boerum Hill Historic District,Brownstone,124.451412921,45,0,0,1871,0,Not determined,0,0,0,0
3003284,"{'type': 'MultiPolygon', 'coordinates': [[[[-73.99417229009637, 40.68706456074319], [-73.99422478473032, 40.68697386816608], [-73.99429154342613, 40.68699625916495], [-73.99424529005579, 40.687076170235756], [-73.99423904886535, 40.68708695177228], [-73.99423208120972, 40.687098988587934], [-73.99420569780014, 40.68709013971683], [-73.99420843564455, 40.68708541035738], [-73.99421266545954, 40.68707810290272], [-73.99417229009637, 40.68706456074319]]]]}",0,0,Cobble Hill Historic District,Brick,122.262744918,48,0,0,1847,0,"John Greacen, Jr.",0,0,0,0
3059148,"{'type': 'MultiPolygon', 'coordinates': [[[[-73.96913457450556, 40.688800012551994], [-73.96927766154185, 40.68878245030619], [-73.9692911214966, 40.688780797854584], [-73.9693014728822, 40.688829663375024], [-73.9691331552542, 40.68885032385591], [-73.96912280280621, 40.68880145741962], [-73.96913457450556, 40.688800012551994]]]]}",0,0,Fort Greene Historic District,Brownstone,130.63098712,41,0,0,1879,0,L. W. Seaman,0,0,0,0
3007396,"{'type': 'MultiPolygon', 'coordinates': [[[[-73.99372459073204, 40.680467371270105], [-73.99380681281421, 40.68035716178009], [-73.99386110785612, 40.680380637495475], [-73.99377888583444, 40.680490847924524], [-73.99372459073204, 40.680467371270105]]]]}",0,0,Carroll Gardens Historic District,Brownstone,126.991629616,18,0,0,1881,0,John Layton (builder),0,0,0,0
3055466,"{'type': 'MultiPolygon', 'coordinates': [[[[-73.96829727923314, 40.68652579280917], [-73.96837833198465, 40.686516139991625], [-73.9683921374316, 40.686583315800874], [-73.96840333689775, 40.68663780535649], [-73.96832228400238, 40.68664745729094], [-73.96831224596811, 40.68659861606914], [-73.96829727923314, 40.68652579280917]]]]}",0,0,Clinton Hill Historic District,Brownstone,135.235183795,44,0,0,1878,0,Joseph Kirby,0,0,0,0
3019012,"{'type': 'MultiPolygon', 'coordinates': [[[[-73.97702956479094, 40.679086606151145], [-73.97707592871971, 40.67901801060291], [-73.97710590894845, 40.67897365452716], [-73.97713128936671, 40.678983596751706], [-73.97716991587018, 40.67899872856311], [-73.97709357179222, 40.679111680229276], [-73.97702956479094, 40.679086606151145]]]]}",0,0,Park Slope Historic District Extension II,Brownstone,132.492030536,25,0,0,1880,0,Jeremiah J. Gilligan,0,0,0,0
3024757,"{'type': 'MultiPolygon', 'coordinates': [[[[-73.97418015699749, 40.6730458835743], [-73.97426249365219, 40.672922503531986], [-73.97427988046431, 40.67289644831276], [-73.97430505243173, 40.67290618580459], [-73.97429069518323, 40.67292769950628], [-73.97432958368512, 40.6729427431907], [-73.97429445030193, 40.67299539206904], [-73.97424421756348, 40.67307066570137], [-73.97420038708037, 40.67305370998706], [-73.97418015699749, 40.6730458835743]]]]}",0,0,Park Slope Historic District,Brownstone,162.000738998,32,0,0,1888,0,William Flanagan,0,0,0,0
3025272,"{'type': 'MultiPolygon', 'coordinates': [[[[-73.97444246852, 40.66964717038892], [-73.97451288779042, 40.6695629941148], [-73.97454323493298, 40.6695267181633], [-73.97456200881119, 40.66953582382638], [-73.97456741026218, 40.66953538376799], [-73.9745728374965, 40.6695355614687], [-73.97457430866253, 40.669535780619114], [-73.97457816869942, 40.66953635510048], [-73.97458328561102, 40.66953774392554], [-73.97458807352312, 40.66953969910185], [-73.97459242364614, 40.669542176480384], [-73.9745962402051, 40.66954511930738], [-73.9745994380717, 40.669548463627535], [-73.97460194513155, 40.669552132881265], [-73.97460370464684, 40.66955604691013], [-73.97450293829907, 40.669676498287785], [-73.97448065012009, 40.669665688960954], [-73.97444668340663, 40.66970629106843], [-73.97440850179274, 40.66968777248519], [-73.97444246852, 40.66964717038892]]]]}",0,0,Park Slope Historic District,Limestone,180.272217771,57,0,0,1908,0,Eisenla & Carlson,0,1,0,0
3032038,"{'type': 'MultiPolygon', 'coordinates': [[[[-73.94384382718182, 40.67206393765738], [-73.94385425362691, 40.67195485791302], [-73.9439257610647, 40.67195882083592], [-73.94392184612117, 40.6719997824727], [-73.94391965537172, 40.67202270582534], [-73.9439153347365, 40.67206789968619], [-73.94390739313148, 40.67206745996502], [-73.94384382718182, 40.67206393765738]]]]}",0,0,Crown Heights North III Historic District,Brick,119.468494171,18,0,0,1906,0,Mann & MacNeille,1,0,0,0
3053200,"{'type': 'MultiPolygon', 'coordinates': [[[[-73.93967409642025, 40.68237848704578], [-73.93974743004942, 40.682369909348225], [-73.93977016898593, 40.68248257829168], [-73.93969683523599, 40.68249115600353], [-73.93967409642025, 40.68237848704578]]]]}",0,0,Bedford Stuyvesant / Expanded Stuyvesant Heights Historic District,Brick,124.216567352,65,0,0,1873,0,Not determined,1,0,0,0
3002394,"{'type': 'MultiPolygon', 'coordinates': [[[[-73.99677805966266, 40.692231179773515], [-73.99668996176726, 40.69220578730996], [-73.99657869961368, 40.69217371768928], [-73.99660344503899, 40.692123978587595], [-73.99667848772079, 40.692145608398306], [-73.9968148852041, 40.692184922347366], [-73.99681794460213, 40.69218580403427], [-73.99685437344839, 40.69219630411653], [-73.99682962818342, 40.692246043271794], [-73.99682278061518, 40.69224407005901], [-73.99677805966266, 40.692231179773515]]]]}",0,0,Brooklyn Heights Historic District,Brownstone,187.570070945,46,0,0,1879,0,Not determined,0,0,0,0
3028817,"{'type': 'MultiPolygon', 'coordinates': [[[[-73.9662100139656, 40.676882642062154], [-73.96622698496836, 40.676835748236535], [-73.96638410057237, 40.67686870626104], [-73.96636712967212, 40.676915600109616], [-73.9662100139656, 40.676882642062154]]]]}",0,0,Prospect Heights Historic District,Brownstone,125.851266084,45,0,0,1896,0,William H. Reynolds,1,0,0,0
3121306,"{'type': 'MultiPolygon', 'coordinates': [[[[-73.9605340623514, 40.634919201110435], [-73.96053259021076, 40.63491200455696], [-73.96049763415455, 40.634916155653094], [-73.96047676848943, 40.63481418090164], [-73.96058111989177, 40.63480178955881], [-73.96058292088212, 40.634810590949655], [-73.96064185075421, 40.634803592489924], [-73.96064799159458, 40.63483360349106], [-73.9606692796479, 40.634831074912846], [-73.96067088735039, 40.634838929790604], [-73.96069131716764, 40.634836503573894], [-73.96070298599528, 40.63489353113473], [-73.96068182559543, 40.6348960435535], [-73.96068294650993, 40.63490152089406], [-73.9605340623514, 40.634919201110435]]]]}",0,0,Fiske Terrace-Midwood Park Historic District,Wood Frame,195.679477018,44,0,0,1904,0,Benjamin Driesler,1,1,0,0
3356413,"{'type': 'MultiPolygon', 'coordinates': [[[[-73.9577623644041, 40.659256103397354], [-73.95779457335048, 40.65925396928875], [-73.9577999734608, 40.659301239389954], [-73.9578007707773, 40.659308218686604], [-73.95776856180515, 40.65931035279698], [-73.95776783739949, 40.65930401649574], [-73.9577623644041, 40.659256103397354]]]]}",0,0,Prospect Lefferts Gardens Historic District,Not determined,57.6187341824,69,0,0,0,0,Not determined,0,0,0,0
3114868,"{'type': 'MultiPolygon', 'coordinates': [[[[-73.95714304778154, 40.65982766636552], [-73.95720587232798, 40.659823273622095], [-73.95721906511136, 40.65993271290983], [-73.95719656455569, 40.65993428584643], [-73.95720174121983, 40.65997722080203], [-73.95716141828436, 40.659980039717816], [-73.95714304778154, 40.65982766636552]]]]}",0,0,Prospect Lefferts Gardens Historic District,Flemish-Bond Brick,146.5023672,60,0,0,1924,0,Slee & Bryson,0,0,0,0
3025542,"{'type': 'MultiPolygon', 'coordinates': [[[[-73.97547230812505, 40.66803934207595], [-73.97547867005196, 40.66803167554122], [-73.9755739982122, 40.66791679452287], [-73.97559712917345, 40.66788891856557], [-73.97563356840837, 40.66790644942418], [-73.97563152389358, 40.667908912802], [-73.97559775979363, 40.66794960265038], [-73.97561311378054, 40.667956990134776], [-73.97554572271656, 40.66803820324393], [-73.97552410141115, 40.66806426047001], [-73.97547230812505, 40.66803934207595]]]]}",0,0,Park Slope Historic District,Brownstone,163.644786361,25,0,0,1907,0,"Arthur R. Koch (architect), Arthur Singer (builder)",0,0,0,0
3024873,"{'type': 'MultiPolygon', 'coordinates': [[[[-73.97597847884938, 40.67244918562113], [-73.97601201884989, 40.6724091746242], [-73.97602656030828, 40.67241624129642], [-73.97612484087571, 40.67246400164647], [-73.97615569881066, 40.6724789971214], [-73.97612994336095, 40.672509721861616], [-73.97612215886129, 40.672519008159966], [-73.9759964117843, 40.672457900047526], [-73.97597847884938, 40.67244918562113]]]]}",0,0,Park Slope Historic District,Brownstone,129.151133566,27,0,0,1895,0,"J. D. McAuliffe (architect), B. L. Martin (builder)",0,0,0,0
3032723,"{'type': 'MultiPolygon', 'coordinates': [[[[-73.94680986570019, 40.670510880092344], [-73.94682190123832, 40.67038275219961], [-73.94685617533645, 40.67038461859663], [-73.94685884007592, 40.67035624548296], [-73.94689582004098, 40.67035825990201], [-73.94689315531811, 40.67038663211615], [-73.9468811199155, 40.67051476091673], [-73.94687774815729, 40.67051760228739], [-73.94687381025533, 40.670519983233106], [-73.94686941151997, 40.6705218398659], [-73.94686467262696, 40.6705231209119], [-73.9468597213353, 40.67052379131007], [-73.94685469248597, 40.67052383401291], [-73.94684972327278, 40.67052324728268], [-73.94684494851103, 40.6705220464905], [-73.9468404970877, 40.67052026501499], [-73.94683648959902, 40.670517951539814], [-73.94683303716914, 40.670515167351326], [-73.94683023080393, 40.67051198993608], [-73.94680986570019, 40.670510880092344]]]]}",0,0,Crown Heights North II Historic District,Limestone,156.547721574,12,0,0,1907,0,Axel S. Hedman,1,0,0,0
3117072,"{'type': 'MultiPolygon', 'coordinates': [[[[-73.96438588125847, 40.648218992614474], [-73.96458078416502, 40.648199326062226], [-73.96460255598936, 40.64832449482979], [-73.96435814239007, 40.648349157466946], [-73.96434465475907, 40.64827161600492], [-73.96439416503608, 40.64826661996239], [-73.96438588125847, 40.648218992614474]]]]}",0,0,Prospect Park South Historic District,Wood Frame,228.834410795,67,0,0,1910,0,Not determined,1,0,0,0
3019090,"{'type': 'MultiPolygon', 'coordinates': [[[[-73.97499456469652, 40.678270259003014], [-73.97507783152003, 40.67814620146923], [-73.97512915649182, 40.678166167978084], [-73.97504588973881, 40.678290225548636], [-73.97502173206979, 40.67829208887449], [-73.97501007408562, 40.67827629221809], [-73.97499456469652, 40.678270259003014]]]]}",0,0,Park Slope Historic District,Nova Scotia Stone,135.667756274,18,0,0,1877,0,"Parfitt Brothers (architect), Philip J. Cooty (builder)",0,0,0,0
3031310,"{'type': 'MultiPolygon', 'coordinates': [[[[-73.94163228047842, 40.67314726992846], [-73.94163337907987, 40.67313529453289], [-73.94150862588245, 40.673128664618865], [-73.94150900203398, 40.67312457286857], [-73.94145180383542, 40.67312153245201], [-73.94142655350956, 40.673120191339564], [-73.94142986854209, 40.67308404184064], [-73.94143379739299, 40.67304118021293], [-73.94143395502402, 40.67303946120952], [-73.94171944662394, 40.673054633082685], [-73.9417190871958, 40.67305855104268], [-73.94171057190944, 40.67315143037874], [-73.94163228047842, 40.67314726992846]]]]}",0,0,Crown Heights North III Historic District,Blonde Brick,229.476065621,1,0,0,1903,0,Axel S. Hedman,1,0,0,0
3120168,"{'type': 'MultiPolygon', 'coordinates': [[[[-73.96295670143513, 40.63684460354535], [-73.96295186435633, 40.63681894079992], [-73.96278119110765, 40.636837607471826], [-73.96276575724278, 40.63675571288654], [-73.96289409215454, 40.63674167655883], [-73.96289163473806, 40.63672863535117], [-73.96294543278594, 40.636722751599585], [-73.96296166479362, 40.63680887885717], [-73.96302051312176, 40.636802442877986], [-73.96302336096448, 40.636802131313736], [-73.96302985521784, 40.63683660256458], [-73.96302939771893, 40.63683665194605], [-73.96302709721843, 40.63683690425217], [-73.96295670143513, 40.63684460354535]]]]}",0,0,Ditmas Park Historic District,Wood Frame,225.509220091,16,0,0,1909,0,Arlington D. Isham,0,0,0,0
3046384,"{'type': 'MultiPolygon', 'coordinates': [[[[-73.93564917673828, 40.682855132473584], [-73.93563591017362, 40.68278792957909], [-73.93577803966599, 40.68277166736029], [-73.93578255999421, 40.68279456635912], [-73.9357913075526, 40.68283887113978], [-73.93576996190792, 40.68284131312809], [-73.93578871659807, 40.682936311640944], [-73.93579541589256, 40.68297024495536], [-73.93578774266126, 40.68297112227713], [-73.9357961971267, 40.683013945546996], [-73.93571664909898, 40.68302304765769], [-73.93570819468351, 40.68298022438203], [-73.93570073676389, 40.68298107750439], [-73.93567528177562, 40.68285214565568], [-73.93564917673828, 40.682855132473584]]]]}",0,0,Bedford Stuyvesant / Expanded Stuyvesant Heights Historic District,Buff Brick,255.799868309,57,0,0,1916,0,P. Tillion & Son Architects [Philip G. Tillion],1,0,0,0
3114793,"{'type': 'MultiPolygon', 'coordinates': [[[[-73.95637018420406, 40.66057797079186], [-73.9563903528526, 40.660576733025614], [-73.95640409095141, 40.66056285677074], [-73.95642699841447, 40.6605614516394], [-73.95643996145729, 40.660573688265266], [-73.95645372149308, 40.66070371455476], [-73.95643810450962, 40.66070467219427], [-73.95643881201777, 40.66071136239949], [-73.95642924977699, 40.66071194951675], [-73.95643458196213, 40.66076233903781], [-73.95638998494225, 40.660765075918285], [-73.95637018420406, 40.66057797079186]]]]}",0,0,Prospect Lefferts Gardens Historic District,Limestone,180.248676718,89,0,0,1909,0,Axel S. Hedman,0,0,0,0
3028175,"{'type': 'MultiPolygon', 'coordinates': [[[[-73.97095609912284, 40.67927855851859], [-73.97099528931699, 40.6791696944032], [-73.97101911679793, 40.679174665844045], [-73.97103939410079, 40.67917251691893], [-73.97104780955216, 40.6791764101598], [-73.97106450800493, 40.67918413717252], [-73.97102221273599, 40.67930162655749], [-73.97100832142681, 40.67929872880461], [-73.97098024667571, 40.6792928710848], [-73.97097257727035, 40.67931417352157], [-73.97094532570442, 40.67930848709854], [-73.97095609912284, 40.67927855851859]]]]}",0,0,Prospect Heights Historic District,Brownstone,145.450575424,93,0,0,1883,0,Jeremiah J. Gilligan,1,0,0,0
3025442,"{'type': 'MultiPolygon', 'coordinates': [[[[-73.97726487271066, 40.66931706015861], [-73.97734762617753, 40.669217531694194], [-73.9773557462485, 40.66922144693327], [-73.97736084919104, 40.669215309123125], [-73.9774031026633, 40.66923567808673], [-73.97739800563903, 40.669241807795295], [-73.9774074311719, 40.669246351847015], [-73.97734354200477, 40.66932319107944], [-73.97732467184336, 40.66934588575605], [-73.97731464796726, 40.669341054315154], [-73.97726487271066, 40.66931706015861]]]]}",0,0,Park Slope Historic District,Brick,130.394036832,51,0,0,1891,0,Allan Brothers,0,0,0,0
3052299,"{'type': 'MultiPolygon', 'coordinates': [[[[-73.94777340307127, 40.68329454932127], [-73.94775843343376, 40.683221787286946], [-73.94782317828087, 40.68321406863956], [-73.94783156522352, 40.68325483601596], [-73.94786438246335, 40.683414351753775], [-73.94780299724084, 40.68342167031899], [-73.94779963742673, 40.683422070424236], [-73.94779413883413, 40.68339534157095], [-73.94777340307127, 40.68329454932127]]]]}",0,0,Bedford Historic District,Brownstone,184.068597317,32,0,0,1885,0,Isaac D. Reynolds,1,0,0,0
3025379,"{'type': 'MultiPolygon', 'coordinates': [[[[-73.97420139018371, 40.66880935255531], [-73.97427366067596, 40.66872274994488], [-73.97433829575272, 40.668645295724424], [-73.97439891714001, 40.66867462641705], [-73.97436713149301, 40.66871271565194], [-73.97430073695215, 40.66879227760201], [-73.97427317776301, 40.66877894381141], [-73.97423445245954, 40.66882534951972], [-73.97420139018371, 40.66880935255531]]]]}",0,0,Park Slope Historic District,Brownstone,181.482258971,48,0,0,1910,0,Axel S. Hedman,0,0,0,0
3030008,"{'type': 'MultiPolygon', 'coordinates': [[[[-73.95030619585916, 40.67715125643067], [-73.95031800068047, 40.677022163726036], [-73.95034065058502, 40.67702336398469], [-73.95035367994203, 40.677009696190524], [-73.95037811936318, 40.67701099086752], [-73.95038715588758, 40.6770175352035], [-73.95038674805083, 40.67702199257602], [-73.95037049289779, 40.67719974628715], [-73.95036405329402, 40.6772701727709], [-73.95029565269579, 40.67726654748701], [-73.95030619585916, 40.67715125643067]]]]}",0,0,Crown Heights North Historic District,Brownstone,223.241312755,50,0,0,1892,0,Jeremiah D. McAuliffe,1,0,0,0
3024662,"{'type': 'MultiPolygon', 'coordinates': [[[[-73.97444565417247, 40.673547133541796], [-73.97450618282541, 40.67345644889136], [-73.97452581818288, 40.673427029810334], [-73.97455014484746, 40.67343644197483], [-73.97456726658125, 40.67342942894733], [-73.97458769549718, 40.67343733368035], [-73.97459096720753, 40.673452237027284], [-73.97458179213987, 40.67346598316457], [-73.97451080210129, 40.67357234080349], [-73.97444565417247, 40.673547133541796]]]]}",0,0,Park Slope Historic District,Stone,143.261855385,52,0,0,1888,0,"Edward B. Sturges (architect, builder)",0,0,0,0
3003907,"{'type': 'MultiPolygon', 'coordinates': [[[[-73.99693818356619, 40.685195943236266], [-73.99709502833767, 40.68524028679944], [-73.99706989892934, 40.6852917919472], [-73.99691305405365, 40.68524744835012], [-73.99693818356619, 40.685195943236266]]]]}",0,0,Cobble Hill Historic District,Not determined,132.840347137,46,0,0,1872,0,Not determined,0,0,0,0
3052659,"{'type': 'MultiPolygon', 'coordinates': [[[[-73.94933163331038, 40.682325028431], [-73.94934000419458, 40.682369315804586], [-73.94936121008652, 40.682481514803044], [-73.94928638622183, 40.682489710749046], [-73.94927274661391, 40.68241754202964], [-73.94926326947434, 40.6823674017216], [-73.94930657801815, 40.6823626579899], [-73.9493001181397, 40.68232848062857], [-73.94933163331038, 40.682325028431]]]]}",0,0,Bedford Historic District,Brick,157.132094335,8,0,0,1887,0,John G. Prague,1,0,0,0
3030398,"{'type': 'MultiPolygon', 'coordinates': [[[[-73.94620660390444, 40.67655734045601], [-73.94621542491866, 40.67646973438638], [-73.94622516718051, 40.67647030266245], [-73.9462316618999, 40.676405791909694], [-73.94623690802703, 40.67639647223088], [-73.94624298778378, 40.67633609374593], [-73.94632212266093, 40.67634071161184], [-73.94631604415835, 40.67640109010143], [-73.94632130907827, 40.676411023436316], [-73.94631481444488, 40.67647553419405], [-73.94633096481526, 40.67647647736365], [-73.94634555396408, 40.676477328850886], [-73.94635204856775, 40.67641281809143], [-73.94635914448922, 40.6764036055303], [-73.946365222953, 40.67634322703842], [-73.94644094327083, 40.67634764601804], [-73.9464348648752, 40.676408024513876], [-73.9464400529349, 40.67641795330485], [-73.94643355841585, 40.676482464069274], [-73.94645006006508, 40.67648342719701], [-73.94646568057047, 40.67648433858309], [-73.94647217505859, 40.676419827816865], [-73.9464780988647, 40.67641054806506], [-73.94648417840438, 40.67635016956745], [-73.94656190112104, 40.676354704664696], [-73.94655582283406, 40.676415083166916], [-73.9465601889051, 40.67642496474385], [-73.94655369331961, 40.67648947461391], [-73.9465676248679, 40.676490287945946], [-73.94655818789064, 40.67658402716295], [-73.94644062174065, 40.67657716640392], [-73.94632152750714, 40.67657021656137], [-73.9462246854738, 40.67656456473419], [-73.94620598626638, 40.676563473574106], [-73.94620660390444, 40.67655734045601]]]]}",0,0,Crown Heights North Historic District,Brick,552.001778536,13,0,0,1905,0,George F. Roosen,1,0,0,0
3053059,"{'type': 'MultiPolygon', 'coordinates': [[[[-73.94724358304379, 40.68160562911757], [-73.94721658487805, 40.68147694134209], [-73.94728601526884, 40.68146849933078], [-73.94731301356536, 40.68159718709004], [-73.94726984219209, 40.681602436223656], [-73.94727499555057, 40.68162700101386], [-73.94724873639373, 40.68163019300847], [-73.94724358304379, 40.68160562911757]]]]}",0,0,Bedford Historic District,Stone,152.08584107,62,0,0,1892,0,Robert Dixon,1,0,0,0
3046802,"{'type': 'MultiPolygon', 'coordinates': [[[[-73.93416251762025, 40.68261449711485], [-73.9341753637187, 40.682601608198816], [-73.93419310585169, 40.682599525551616], [-73.93420678471635, 40.682610607898724], [-73.93420851393013, 40.6826120082867], [-73.93423572989316, 40.68260881351115], [-73.93425855424327, 40.68272147188758], [-73.93418591984967, 40.68273000056096], [-73.93416688728743, 40.68263606242997], [-73.93416251762025, 40.68261449711485]]]]}",0,0,Bedford Stuyvesant / Expanded Stuyvesant Heights Historic District,Brick,129.24418733,16,0,0,1881,0,Marshall J. Morrill,1,0,0,0
3003336,"{'type': 'MultiPolygon', 'coordinates': [[[[-73.99827844377367, 40.68802120826799], [-73.99829481609935, 40.687992661334874], [-73.99830927583207, 40.687997466687975], [-73.99839902606644, 40.68802729297713], [-73.998382936527, 40.68805534554705], [-73.9983826537769, 40.688055839024436], [-73.99838247632765, 40.688055780488604], [-73.99828746883597, 40.688024207112434], [-73.99827844377367, 40.68802120826799]]]]}",0,0,Cobble Hill Historic District,Brick,85.7659751716,58,0,0,1879,0,"William Field & Son (architect), James H. Stevenson (mason)",0,0,0,0
3031259,"{'type': 'MultiPolygon', 'coordinates': [[[[-73.94803976853932, 40.673570722482786], [-73.94805317922763, 40.673434687705985], [-73.94812520878814, 40.67343880404209], [-73.94811262083151, 40.67356649772585], [-73.94811179824588, 40.67357483882718], [-73.94803976853932, 40.673570722482786]]]]}",0,0,Crown Heights North II Historic District,Brick,139.474684411,53,0,0,1893,0,Frederick B. Langston,1,0,0,0
3333871,"{'type': 'MultiPolygon', 'coordinates': [[[[-73.9650208734368, 40.64845184796896], [-73.96501138455349, 40.648394953973025], [-73.96501063496908, 40.64839045475828], [-73.96502490843814, 40.64838907410361], [-73.96507419754192, 40.64838430553199], [-73.9650770521152, 40.64840142524137], [-73.96514067262837, 40.648395269692465], [-73.96514195848921, 40.648402983917286], [-73.96519447071192, 40.648397903791455], [-73.96519989588, 40.64843043303484], [-73.96520858387638, 40.64842959187827], [-73.96521683773625, 40.648479086830385], [-73.96520670843378, 40.648480066231244], [-73.96520849639388, 40.64849079373951], [-73.96501731296276, 40.64850929001251], [-73.96500794193608, 40.64845309845634], [-73.9650208734368, 40.64845184796896]]]]}",0,0,Prospect Park South Historic District,Wood Frame,198.992290564,6,0,Stained Glass,1904,0,John Slee & Henry Lapointe,0,0,0,0
3119442,"{'type': 'MultiPolygon', 'coordinates': [[[[-73.96149562166973, 40.63939840642317], [-73.96150485241918, 40.63939739733066], [-73.96152314919766, 40.639494482968644], [-73.96147921085868, 40.639499287834184], [-73.96135454113626, 40.639512921280364], [-73.96133814437286, 40.63942591395886], [-73.96136636863753, 40.639422827461615], [-73.9613644688587, 40.6394127491189], [-73.96149562166973, 40.63939840642317]]]]}",0,0,Ditmas Park Historic District,Wood Frame,166.014990202,24,0,Brick,1901,0,A. White Pierce,0,0,0,0
3028419,"{'type': 'MultiPolygon', 'coordinates': [[[[-73.96946420212414, 40.678601813819824], [-73.96946730971483, 40.67859345786944], [-73.9695061912459, 40.67848890403238], [-73.96951371741498, 40.678468666961976], [-73.9695177132105, 40.67845792308083], [-73.96952908977659, 40.6784603754938], [-73.96958154925267, 40.67847168272769], [-73.96953953066358, 40.6785846690787], [-73.96952095622143, 40.67863461750302], [-73.96945712003617, 40.67862085692222], [-73.96946420212414, 40.678601813819824]]]]}",0,0,Prospect Heights Historic District,Brick,160.194471042,36,0,0,1893,0,George M. Miller,1,0,0,0
3025694,"{'type': 'MultiPolygon', 'coordinates': [[[[-73.97578100846704, 40.666403363053206], [-73.97566812465482, 40.666349030022126], [-73.97562696725979, 40.66632921986641], [-73.97566623092791, 40.6662819204784], [-73.9757517583225, 40.666323086709575], [-73.97589347770707, 40.666391298151524], [-73.97589793134368, 40.66640797483715], [-73.97588424364021, 40.66642446401583], [-73.97586303560708, 40.666427970679194], [-73.97578982994575, 40.66639273522101], [-73.97578100846704, 40.666403363053206]]]]}",0,0,Park Slope Historic District,Brick,193.457822151,39,0,0,1896,0,"Charles G. Peterson (architect, builder)",0,0,0,0
3179111,"{'type': 'MultiPolygon', 'coordinates': [[[[-73.95908690014448, 40.63063746519758], [-73.95908470026392, 40.63062622773191], [-73.95904879017873, 40.63063030690825], [-73.95902329198574, 40.63050000255099], [-73.95903240335929, 40.630498967498845], [-73.9590272801633, 40.6304727866693], [-73.95915547881313, 40.630458224954666], [-73.95916848488962, 40.63052468701673], [-73.95914649016223, 40.63052718534956], [-73.95916410693921, 40.63061720844213], [-73.95912824769307, 40.63062128135764], [-73.9591304463995, 40.63063251792157], [-73.95908690014448, 40.63063746519758]]]]}",0,0,Fiske Terrace-Midwood Park Historic District,Wood Frame,200.631003819,7,0,0,1906,0,A. White Pierce,1,1,0,0
3064923,"{'type': 'MultiPolygon', 'coordinates': [[[[-73.95535706457854, 40.72886571468912], [-73.95533990635718, 40.72875276622678], [-73.95540475476369, 40.72874706502481], [-73.9554246885517, 40.72887828857619], [-73.9554349123965, 40.72894559295528], [-73.95543470167978, 40.7289456117844], [-73.95539523968837, 40.72894908057314], [-73.95539227567023, 40.72892956269885], [-73.95538364878051, 40.72887277867785], [-73.95537054648977, 40.7288739307541], [-73.95536913696266, 40.72886465316661], [-73.95535706457854, 40.72886571468912]]]]}",0,0,Greenpoint Historic District,Brownstone,181.808419163,65,0,0,1884,0,Not determined,1,0,0,0
3003408,"{'type': 'MultiPolygon', 'coordinates': [[[[-73.99456092463683, 40.68691038302931], [-73.99463030460815, 40.686789204174794], [-73.99470200801201, 40.68681299366426], [-73.99463262932925, 40.68693417166119], [-73.99456092463683, 40.68691038302931]]]]}",0,0,Cobble Hill Historic District,Brick,139.704658495,21,0,0,1858,0,"John Greacen, Jr. (architect), Thomas Sullivan (builder)",0,0,0,0
3025705,"{'type': 'MultiPolygon', 'coordinates': [[[[-73.97628245115787, 40.666307993937444], [-73.97636955098686, 40.66620471819002], [-73.97642797401383, 40.66623328733519], [-73.97636515061109, 40.66630777772425], [-73.97634087423806, 40.66633656312646], [-73.97631293023974, 40.6663228983516], [-73.97628245115787, 40.666307993937444]]]]}",0,0,Park Slope Historic District,Brownstone,127.958140837,51,0,0,1889,0,Charles G. Peterson,0,0,0,0
3025301,"{'type': 'MultiPolygon', 'coordinates': [[[[-73.9766465463528, 40.67031442469276], [-73.97673615379959, 40.67020666555854], [-73.97677160366045, 40.67022375549942], [-73.97679709460373, 40.670236044574416], [-73.97676169253809, 40.670278618301104], [-73.97670748721593, 40.67034380375568], [-73.9766465463528, 40.67031442469276]]]]}",0,0,Park Slope Historic District,Brick,132.952592055,28,0,0,1891,0,John E. Dwyer,0,0,0,0
3001849,"{'type': 'MultiPolygon', 'coordinates': [[[[-73.99481200059081, 40.69680227527922], [-73.99483225239776, 40.69676091655364], [-73.99483419308616, 40.696756953485405], [-73.99484030988516, 40.69675868814683], [-73.99498465815255, 40.69679963362496], [-73.99496246456212, 40.696844955447425], [-73.99481200059081, 40.69680227527922]]]]}",0,0,Brooklyn Heights Historic District,Brownstone,124.295838199,85,0,0,1879,0,Not determined,0,0,0,0
3002627,"{'type': 'MultiPolygon', 'coordinates': [[[[-73.9926486825756, 40.69185359859097], [-73.99269530308904, 40.691753043070904], [-73.99273374938709, 40.691763369886786], [-73.99277333496134, 40.69177400293567], [-73.99272671455093, 40.69187455848701], [-73.9926666469967, 40.69185842378532], [-73.9926486825756, 40.69185359859097]]]]}",0,0,Brooklyn Heights Historic District,Brick,123.593836632,34,0,0,1847,0,Not determined,0,0,Stoop removed from No. 44.,0
3002606,"{'type': 'MultiPolygon', 'coordinates': [[[[-73.99240097283575, 40.691421481221816], [-73.99240782209644, 40.691406701552786], [-73.99246635901133, 40.69128038142506], [-73.99255318488187, 40.69130369415579], [-73.99252893096859, 40.69135603310556], [-73.99248413520695, 40.691452699366536], [-73.9923973079832, 40.69142938748457], [-73.99240097283575, 40.691421481221816]]]]}",0,0,Brooklyn Heights Historic District,Stucco,166.195714421,8,0,0,1899,0,Not determined,1,1,Original details and stoop have been removed from No. 27.,0
3121277,"{'type': 'MultiPolygon', 'coordinates': [[[[-73.96187013631709, 40.63278008941402], [-73.9618666685158, 40.63275894767242], [-73.96183677111871, 40.63276179420029], [-73.96182280691225, 40.63267666887587], [-73.96181562218364, 40.6326773526859], [-73.96180556044743, 40.632616012270645], [-73.961912713036, 40.632605809810634], [-73.96194020820565, 40.63277341816936], [-73.96187013631709, 40.63278008941402]]]]}",0,0,Fiske Terrace-Midwood Park Historic District,Wood Frame,183.023968889,230,0,0,1906,0,Benjamin Driesler,1,0,0,0
3058550,"{'type': 'MultiPolygon', 'coordinates': [[[[-73.96986758216357, 40.69003004690256], [-73.96998483407405, 40.6900150821968], [-73.97007530985023, 40.69000353416349], [-73.97008809731095, 40.690061580971744], [-73.96994874368539, 40.690079367624875], [-73.96991665658744, 40.690083462880295], [-73.9698719729221, 40.690089165848015], [-73.96985918564441, 40.69003111901602], [-73.96986758216357, 40.69003004690256]]]]}",0,0,Fort Greene Historic District,Brownstone,164.432460044,5,0,0,1868,0,Michael Murray (builder),1,0,0,0
3002536,"{'type': 'MultiPolygon', 'coordinates': [[[[-73.99372288099009, 40.69285079659807], [-73.99376532196479, 40.692699079588564], [-73.99385195933161, 40.692713121445045], [-73.99380951854519, 40.6928648375856], [-73.99372288099009, 40.69285079659807]]]]}",0,0,Brooklyn Heights Historic District,Brownstone,162.156026208,13,0,0,1855,0,Not determined,0,0,Stoop removed from No. 138.,0
3058269,"{'type': 'MultiPolygon', 'coordinates': [[[[-73.9733160703325, 40.692075495279425], [-73.9734535476662, 40.692059816723216], [-73.97347331302967, 40.69205756279416], [-73.97348563471755, 40.69212015939403], [-73.97339352443048, 40.6921306642324], [-73.97329180827091, 40.69214226359312], [-73.97328273715493, 40.69209617503172], [-73.9733193207356, 40.692092003337564], [-73.9733160703325, 40.692075495279425]]]]}",0,0,Fort Greene Historic District,Not determined,154.821960616,6,0,0,0,0,Not determined,0,1,0,0
3059275,"{'type': 'MultiPolygon', 'coordinates': [[[[-73.97497076234886, 40.68639574582036], [-73.97505382269682, 40.68627217555867], [-73.9751187123618, 40.686297449916715], [-73.97503529819598, 40.68642154604809], [-73.97497076234886, 40.68639574582036]]]]}",0,0,Brooklyn Academy of Music Historic District,Cast Iron,141.789793363,19,0,0,1882,0,Charles A. Snedecker,0,0,0,0
3026117,"{'type': 'MultiPolygon', 'coordinates': [[[[-73.97899001922313, 40.66546166794383], [-73.97905830946637, 40.66538012697059], [-73.97907852062059, 40.66535599411909], [-73.97911986047782, 40.66537606872748], [-73.97913296054247, 40.66538243054806], [-73.97904445919619, 40.66548810441441], [-73.9790403836198, 40.665489125757496], [-73.97903613319484, 40.66548958334561], [-73.97903184274277, 40.66548946369556], [-73.9790276470794, 40.66548877043398], [-73.97902367628458, 40.66548752519695], [-73.97902005451962, 40.66548576672934], [-73.97901689766249, 40.665483550884396], [-73.97901430384753, 40.66548094611917], [-73.97901235464843, 40.66547803619657], [-73.97901111034909, 40.66547491117928], [-73.97901061112795, 40.665471668330284], [-73.97899001922313, 40.66546166794383]]]]}",0,0,Park Slope Historic District Extension,Limestone,129.111343519,105,0,0,1903,0,Axel S. Hedman,1,0,0,0
3024443,"{'type': 'MultiPolygon', 'coordinates': [[[[-73.97267399006402, 40.67575098802562], [-73.97275000380515, 40.67563909006764], [-73.97275610827904, 40.67563010437491], [-73.97278814476401, 40.67564271916445], [-73.97280896835946, 40.67561206425804], [-73.9728497111088, 40.675628107546814], [-73.97274467816639, 40.675782722726524], [-73.9727285958475, 40.675788412871036], [-73.97270091362402, 40.67577751277813], [-73.97269935870013, 40.67576487728536], [-73.97267190000217, 40.675754064588396], [-73.97267399006402, 40.67575098802562]]]]}",0,0,Park Slope Historic District,Brownstone,176.327890895,28,0,0,1889,0,"Robert Dixon (architect), William Flanagan (builder)",0,0,0,0
3026214,"{'type': 'MultiPolygon', 'coordinates': [[[[-73.97819562892197, 40.66428830715606], [-73.97828541009068, 40.66418104746023], [-73.97833883070143, 40.66420697528489], [-73.97824904958338, 40.66431423592264], [-73.97819562892197, 40.66428830715606]]]]}",0,0,Park Slope Historic District,Brownstone,127.831987972,32,0,0,1889,0,Not determined,1,0,0,0
3025641,"{'type': 'MultiPolygon', 'coordinates': [[[[-73.97543995677155, 40.66717205568799], [-73.9755314136517, 40.667061883564415], [-73.9755936860282, 40.667091855151554], [-73.97550222920947, 40.66720202822474], [-73.97543995677155, 40.66717205568799]]]]}",0,0,Park Slope Historic District,Limestone,135.845277182,34,0,0,1892,0,Magnus Dahlander,0,0,0,0
3002730,"{'type': 'MultiPolygon', 'coordinates': [[[[-73.99607975378443, 40.69131638815486], [-73.99621891637142, 40.69135627203282], [-73.99621643993568, 40.69136127700312], [-73.9962375253354, 40.6913673210377], [-73.996240712872, 40.691360877970794], [-73.99625684604925, 40.69136550173081], [-73.99631023922781, 40.69138080407273], [-73.99627938380816, 40.69144317891798], [-73.99618947825974, 40.691417411396884], [-73.9961861262505, 40.69142418674619], [-73.99612454403076, 40.6914065373342], [-73.99604625844717, 40.69138410018913], [-73.99606866598222, 40.69133880334819], [-73.99607975378443, 40.69131638815486]]]]}",0,0,Brooklyn Heights Historic District,Brick,193.912189332,40,0,0,1849,0,Not determined,0,0,0,0
3059462,"{'type': 'MultiPolygon', 'coordinates': [[[[-73.97033620086832, 40.68702508864839], [-73.97046874987923, 40.687008856762915], [-73.97048038383876, 40.687063907244536], [-73.97034783590418, 40.68708013914352], [-73.97033620086832, 40.68702508864839]]]]}",0,0,Fort Greene Historic District,Brownstone,115.094648579,11,0,0,1859,0,Edward Robbins (builder)(attributed),1,0,0,0
3025647,"{'type': 'MultiPolygon', 'coordinates': [[[[-73.97542926349496, 40.6668186243723], [-73.97537223783446, 40.666791177063814], [-73.97528024344004, 40.66674689878181], [-73.97532060320022, 40.66669827959327], [-73.97542187598211, 40.66674702368286], [-73.97556113531485, 40.6668140508268], [-73.9755644659575, 40.66682597616464], [-73.97556672299986, 40.66683405787286], [-73.97555392840657, 40.66684947018418], [-73.97552994627038, 40.666851622721296], [-73.97550450177843, 40.666839375694416], [-73.97545641160735, 40.66681622939244], [-73.97542926349496, 40.6668186243723]]]]}",0,0,Park Slope Historic District,Sandstone,201.313516946,43,0,0,1899,0,Axel S. Hedman,0,0,0,0
3053423,"{'type': 'MultiPolygon', 'coordinates': [[[[-73.93801157149849, 40.68180464937699], [-73.93808101592151, 40.681796736125996], [-73.93808810700573, 40.68183280554196], [-73.93810287316384, 40.68190790647805], [-73.93803342744572, 40.68191581884102], [-73.93801914289607, 40.68184316215148], [-73.93801157149849, 40.68180464937699]]]]}",0,0,Stuyvesant Heights Historic District,Brownstone,120.858269479,46,0,0,1873,0,Not determined,0,0,0,0
3356936,"{'type': 'MultiPolygon', 'coordinates': [[[[-73.96129848502464, 40.63711596547665], [-73.96121824071075, 40.63712356853738], [-73.96121342895201, 40.63709410013505], [-73.96129367323097, 40.637086497077576], [-73.96129848502464, 40.63711596547665]]]]}",0,0,Ditmas Park Historic District,Not determined,66.5233422048,45,0,0,0,0,Not determined,0,0,0,0
3052649,"{'type': 'MultiPolygon', 'coordinates': [[[[-73.95278947933852, 40.68158393504637], [-73.95286413276926, 40.68157550171809], [-73.95286611402416, 40.68158566483352], [-73.95288774874439, 40.68169665667694], [-73.95281309518107, 40.681705090020394], [-73.95278947933852, 40.68158393504637]]]]}",0,0,Bedford Historic District,Brownstone,131.11200341,98,0,0,1879,0,Thomas B. Jackson,1,0,0,0
3059116,"{'type': 'MultiPolygon', 'coordinates': [[[[-73.97040724607234, 40.68779599068137], [-73.97047365634968, 40.68778754921653], [-73.97049309759768, 40.68787616923631], [-73.97049577524335, 40.68788837818461], [-73.97049946114277, 40.687905178209185], [-73.97043304956861, 40.687913619688445], [-73.97043039082152, 40.68790150079493], [-73.97040724607234, 40.68779599068137]]]]}",0,0,Fort Greene Historic District,Brownstone,124.243826773,63,0,0,1876,0,Giddings H. Pinney (builder)(attributed),0,0,0,0
3356400,"{'type': 'MultiPolygon', 'coordinates': [[[[-73.95740907834515, 40.65999962156531], [-73.95743928788887, 40.65999772725386], [-73.95744076911048, 40.66001142285831], [-73.95744477545685, 40.66004847969769], [-73.95741456470827, 40.66005037310966], [-73.95741155761357, 40.6600225523373], [-73.95740907834515, 40.65999962156531]]]]}",0,0,Prospect Lefferts Gardens Historic District,Not determined,53.9260047603,63,0,0,0,0,Not determined,0,0,0,0
3059042,"{'type': 'MultiPolygon', 'coordinates': [[[[-73.97210119835269, 40.68790638723933], [-73.9720254529278, 40.687915219097576], [-73.97194484983551, 40.68792461794594], [-73.97193496995243, 40.68787551863971], [-73.97205971529726, 40.687860972383056], [-73.97209131835719, 40.687857287946436], [-73.97210119835269, 40.68790638723933]]]]}",0,0,Fort Greene Historic District,Not determined,123.926014991,60,0,0,0,0,Not determined,0,0,0,0
3340818,"{'type': 'MultiPolygon', 'coordinates': [[[[-73.98077838215636, 40.66719573841115], [-73.98083565636543, 40.66722321729901], [-73.98079367475678, 40.66727395255892], [-73.98073640052118, 40.66724647455083], [-73.98077838215636, 40.66719573841115]]]]}",0,0,Park Slope Historic District Extension,Brick,81.2545401905,4,0,0,1927,0,Howard G. Dangler,1,0,0,0
3024776,"{'type': 'MultiPolygon', 'coordinates': [[[[-73.97472664085761, 40.67286003413316], [-73.97476532404387, 40.67280206655772], [-73.97480972181663, 40.6727355345199], [-73.97483445270518, 40.6727451016022], [-73.97485091622976, 40.672739155498434], [-73.97485310695001, 40.6727383644245], [-73.97486885866013, 40.67274445805037], [-73.97487495541894, 40.67276077041321], [-73.97486474621033, 40.67277606973699], [-73.97485869784065, 40.672785133901606], [-73.97479328043687, 40.67288316317574], [-73.97478368157438, 40.67287945004935], [-73.97477960118952, 40.67288556455338], [-73.97475426681092, 40.67292352831787], [-73.97473247889768, 40.67292856191713], [-73.97469149244705, 40.67291270654321], [-73.9747055809296, 40.672891594362135], [-73.97472664085761, 40.67286003413316]]]]}",0,0,Park Slope Historic District,Brownstone,186.989754976,60,0,0,1888,0,John Magilligan,0,0,0,0
3051449,"{'type': 'MultiPolygon', 'coordinates': [[[[-73.9469120789106, 40.685402333240944], [-73.9470688733341, 40.68538389630768], [-73.94707930525337, 40.68543531234518], [-73.94692251071258, 40.68545374839203], [-73.9469120789106, 40.685402333240944]]]]}",0,0,Bedford Historic District,Brownstone,125.911244873,4,0,0,1883,0,Frederick C. Vrooman,1,0,0,0
3064584,"{'type': 'MultiPolygon', 'coordinates': [[[[-73.95536930060416, 40.73105408234717], [-73.9553178626097, 40.73105894315519], [-73.95529677455237, 40.731061313213395], [-73.95527593592107, 40.73093368415787], [-73.95534852195816, 40.73092682613858], [-73.95536691562343, 40.73103947697618], [-73.95536930060416, 40.73105408234717]]]]}",0,0,Greenpoint Historic District,Brick,134.121931497,54,0,0,1889,0,Theobald Engelhardt,0,0,0,0
3029188,"{'type': 'MultiPolygon', 'coordinates': [[[[-73.96400532338897, 40.67544119204863], [-73.96398206911005, 40.67550399748742], [-73.96395944731566, 40.67556509664344], [-73.96393306248093, 40.675559433141835], [-73.9639230964936, 40.67556572551699], [-73.96388646640014, 40.675557864236914], [-73.9639083799198, 40.67549867846724], [-73.96394803855358, 40.67539156474592], [-73.96401812909578, 40.67540660727613], [-73.96400532338897, 40.67544119204863]]]]}",0,0,Prospect Heights Historic District,Brick,164.892870243,47,0,0,1900,0,Not determined,1,0,0,0
3030795,"{'type': 'MultiPolygon', 'coordinates': [[[[-73.94324001548426, 40.67519700028573], [-73.94324500187449, 40.67515136644348], [-73.94325645279471, 40.6750465593419], [-73.94325752326073, 40.6750367631663], [-73.94332778690983, 40.67504121302301], [-73.94331503915573, 40.67515788738081], [-73.94330813003059, 40.67522112354701], [-73.94329678662346, 40.675220404749155], [-73.94329574358471, 40.67522994159001], [-73.94330164769252, 40.67523031551182], [-73.94329916345286, 40.67525305319316], [-73.94329908358434, 40.67525378527251], [-73.94329317947445, 40.675253411350525], [-73.94329082039816, 40.67527500183708], [-73.94328774297072, 40.675278984198805], [-73.94328387225809, 40.67528254382781], [-73.9432793065079, 40.675285589820426], [-73.94327416288216, 40.67528804388961], [-73.94326857272189, 40.675289843964435], [-73.94326267799919, 40.675290945089145], [-73.94322997829727, 40.67528887398377], [-73.94323362959338, 40.675255454970376], [-73.94324001548426, 40.67519700028573]]]]}",0,0,Crown Heights North Historic District,Limestone,223.106366629,68,0,0,1898,0,Not determined,1,0,0,0
3324478,"{'type': 'MultiPolygon', 'coordinates': [[[[-73.94338737485232, 40.675364739784975], [-73.9433927919444, 40.67528953773772], [-73.94352581672051, 40.675295092649314], [-73.94352039977812, 40.67537029470282], [-73.94338737485232, 40.675364739784975]]]]}",0,0,Crown Heights North Historic District,Orange Roman Brick,128.787560437,70,0,0,1892,0,Montrose W. Morris,0,0,0,0
3058875,"{'type': 'MultiPolygon', 'coordinates': [[[[-73.97462792047092, 40.688830677344114], [-73.97477348638084, 40.6888145208167], [-73.97479396055579, 40.68881224790466], [-73.97480391258703, 40.68886419709984], [-73.97478368092565, 40.68886644305128], [-73.97463787119267, 40.68888262655315], [-73.97462792047092, 40.688830677344114]]]]}",0,0,Fort Greene Historic District,Brownstone,131.322660319,21,0,0,1875,0,Lawrence Kane (builder),1,0,0,0
3024680,"{'type': 'MultiPolygon', 'coordinates': [[[[-73.9729735801518, 40.672844696130994], [-73.97300911293407, 40.67279240705417], [-73.97319480591582, 40.6728655578914], [-73.97319274450682, 40.672877082204074], [-73.97318921082538, 40.672896849489476], [-73.97315927205699, 40.67291784792531], [-73.97309390905596, 40.67289209863618], [-73.9729735801518, 40.672844696130994]]]]}",0,0,Park Slope Historic District,Not determined,160.238605215,1,0,0,1883,0,"Charles Werner (architect), William Gubbins (builder)",0,0,0,0
3002383,"{'type': 'MultiPolygon', 'coordinates': [[[[-73.99627093698513, 40.69279233350774], [-73.99628203087023, 40.692770033564905], [-73.99629631589261, 40.69274132117112], [-73.99645856446116, 40.692788086311914], [-73.99643318566022, 40.69283909868398], [-73.9962971514493, 40.69279988965752], [-73.99627093698513, 40.69279233350774]]]]}",0,0,Brooklyn Heights Historic District,Brownstone,135.968820445,35,0,0,1879,0,Not determined,0,1,No. 18 has been stuccoed and has had its details simplified.,0
3024815,"{'type': 'MultiPolygon', 'coordinates': [[[[-73.97180595756996, 40.67212675752916], [-73.97181343948013, 40.67211554344505], [-73.97186422811735, 40.6720394146108], [-73.97188802293606, 40.67200374651559], [-73.97192807041908, 40.67201923525094], [-73.97196937967861, 40.67203521145849], [-73.9718873144238, 40.672158222529625], [-73.97187887352365, 40.67215495880057], [-73.97186935785554, 40.67215652967436], [-73.97186731400159, 40.672159591826976], [-73.97183964516822, 40.67214889053877], [-73.97184168784038, 40.672145828386384], [-73.97183588265469, 40.67213833197705], [-73.9718213883928, 40.672132725422074], [-73.97180595756996, 40.67212675752916]]]]}",0,0,Park Slope Historic District,Not determined,154.765950683,29,0,0,1890,0,Not determined,1,0,0,0
3035333,"{'type': 'MultiPolygon', 'coordinates': [[[[-73.95308660329445, 40.66207281907011], [-73.9530856058766, 40.662063488412976], [-73.95307161385145, 40.6619326097555], [-73.95308557199897, 40.66192502049363], [-73.95310130876562, 40.66192404534775], [-73.95310676170257, 40.661923707175575], [-73.95311130078365, 40.66192637995769], [-73.95311656682777, 40.66192947988051], [-73.95312345070272, 40.66192905313965], [-73.95312957062254, 40.66192867381446], [-73.95314534641507, 40.66192769597688], [-73.9531603712485, 40.6620682465921], [-73.95313828864029, 40.66206961538823], [-73.95313471999968, 40.66207258653897], [-73.95313444908005, 40.66207275302414], [-73.95313060887908, 40.66207511891714], [-73.9531260487397, 40.66207715582819], [-73.9531211389467, 40.662078652286674], [-73.95311599186581, 40.662079574118835], [-73.95311072103617, 40.66207990065888], [-73.95310544589977, 40.662079624751485], [-73.95310028352436, 40.66207875274805], [-73.95309534978507, 40.66207730450698], [-73.95309075581943, 40.662075311591934], [-73.95308660329445, 40.66207281907011]]]]}",0,0,Prospect Lefferts Gardens Historic District,Red Brick,147.016950726,9,0,0,1905,0,Frank S. Lowe,0,0,0,0
3058421,"{'type': 'MultiPolygon', 'coordinates': [[[[-73.97294925887964, 40.69033422337393], [-73.97313388488584, 40.6903137898535], [-73.97314652273573, 40.69037995351022], [-73.97296189773311, 40.690400387051014], [-73.97294925887964, 40.69033422337393]]]]}",0,0,Fort Greene Historic District,Not determined,152.195467996,11,0,0,1865,0,Thomas Skelly (builder),1,0,0,0
3032312,"{'type': 'MultiPolygon', 'coordinates': [[[[-73.94777989837827, 40.671019724022685], [-73.94778532069566, 40.670965817124404], [-73.94794918841896, 40.67097537200707], [-73.94794376623346, 40.671029278913], [-73.94777989837827, 40.671019724022685]]]]}",0,0,Crown Heights North II Historic District,Brick,130.5751826,43,0,0,1899,0,Frederick L. Hine,1,0,0,0
3321950,"{'type': 'MultiPolygon', 'coordinates': [[[[-73.96379456564071, 40.68447490109757], [-73.96382372099893, 40.68447164410327], [-73.96386769359106, 40.68446673210795], [-73.9638893385701, 40.68457902758492], [-73.96381621049903, 40.68458719658818], [-73.96380145933702, 40.684510663574706], [-73.96379456564071, 40.68447490109757]]]]}",0,0,Clinton Hill Historic District,Brick,123.698972998,26,0,0,1865,0,James H. Scribner (attributed),1,0,0,0
3403997,"{'type': 'MultiPolygon', 'coordinates': [[[[-73.96002370000542, 40.65983259470175], [-73.96002779284841, 40.659832269236595], [-73.96003505722335, 40.65988514469219], [-73.96002771351401, 40.659885730177855], [-73.96000594136683, 40.65988746510946], [-73.96000161555538, 40.65988780940369], [-73.95999389342597, 40.65988842447267], [-73.95998663026664, 40.659835548114366], [-73.95999250286467, 40.65983508008742], [-73.96002370000542, 40.65983259470175]]]]}",0,0,Prospect Lefferts Gardens Historic District,Not determined,61.7045173722,98,0,0,0,0,Not determined,0,0,0,0
3119467,"{'type': 'MultiPolygon', 'coordinates': [[[[-73.96071889975653, 40.63866545558025], [-73.9608028631548, 40.63862470153859], [-73.96084050054901, 40.63866969887557], [-73.96081318675597, 40.6386829560129], [-73.96088409439614, 40.63876772977494], [-73.96086101853719, 40.63877892977921], [-73.96087348719324, 40.638793836707016], [-73.96084593213241, 40.6388072108373], [-73.96087410032065, 40.63884088811882], [-73.96087470987369, 40.63884161684588], [-73.96080932285453, 40.6388733540741], [-73.96077221577202, 40.63882898907304], [-73.96078041738059, 40.63882500887625], [-73.96071326516171, 40.638744724519384], [-73.96072559949152, 40.63873873758157], [-73.96068006870428, 40.6386843036741], [-73.96071889975653, 40.63866545558025]]]]}",0,0,Ditmas Park Historic District,Wood Frame,249.063660574,49,0,Brick,1903,0,Arlington D. Isham,0,0,0,0
3002711,"{'type': 'MultiPolygon', 'coordinates': [[[[-73.99670999334398, 40.69115707291326], [-73.99675922900452, 40.69105440681144], [-73.99678761137031, 40.69106229249995], [-73.99684178407519, 40.69107734427495], [-73.99680995426114, 40.69114371571524], [-73.99678250451542, 40.69120095426495], [-73.99669995049516, 40.69117801585881], [-73.99670999334398, 40.69115707291326]]]]}",0,0,Brooklyn Heights Historic District,Brick,144.625242983,9,0,0,1849,0,Not determined,0,0,The storefront of No. 103 was modernized by the time of designation.,0
3001889,"{'type': 'MultiPolygon', 'coordinates': [[[[-73.9931141409535, 40.69659722057812], [-73.99311508295169, 40.69659522780037], [-73.99314299731681, 40.69653618466434], [-73.99315052078987, 40.69653824548491], [-73.99315634293359, 40.69653983973833], [-73.99316252356391, 40.69654153216863], [-73.99316337067941, 40.696541763650714], [-73.99323840549583, 40.696562313275805], [-73.99331244298497, 40.69658259083917], [-73.99332293019357, 40.69658546228189], [-73.99329407397354, 40.69664649914093], [-73.99319007262474, 40.69661801612823], [-73.99312820355362, 40.696601072009976], [-73.99312399636783, 40.696599920003216], [-73.9931141409535, 40.69659722057812]]]]}",0,0,Brooklyn Heights Historic District,Faux Stone,153.318980442,28,0,0,1844,0,Not determined,0,1,Original details and stoop have been removed from No. 135.,0
3025729,"{'type': 'MultiPolygon', 'coordinates': [[[[-73.97558864176774, 40.666375388392034], [-73.97577882118951, 40.66646692550357], [-73.97581588873811, 40.6664847662172], [-73.97581787510872, 40.66648922779022], [-73.97581910099609, 40.666493846793706], [-73.97581954868825, 40.666498548480945], [-73.97581920993453, 40.66650325540601], [-73.9758180894925, 40.66650789192656], [-73.97581620749497, 40.666512380602384], [-73.9758135935326, 40.66651665119945], [-73.9758102890238, 40.6665206307846], [-73.9758063495744, 40.66652425633345], [-73.97580183906729, 40.66652746842525], [-73.97579683084476, 40.6665302148455], [-73.97579140770672, 40.66653244968521], [-73.97578565599738, 40.66653413784238], [-73.97577967033739, 40.66653525052041], [-73.97577355007338, 40.66653577063036], [-73.97568886072486, 40.666495008024725], [-73.97554630299874, 40.66642639272212], [-73.97558864176774, 40.666375388392034]]]]}",0,0,Park Slope Historic District,Brick,196.858760279,7501,0,0,1896,0,"Charles G. Peterson (architect, builder)",0,0,0,0
3058493,"{'type': 'MultiPolygon', 'coordinates': [[[[-73.97228745991355, 40.69106257297794], [-73.97225629187905, 40.69106629269212], [-73.97214545744995, 40.69107951877106], [-73.97213417149318, 40.691024724315994], [-73.97225215895386, 40.691010643584775], [-73.97227617266016, 40.69100777763581], [-73.97228745991355, 40.69106257297794]]]]}",0,0,Fort Greene Historic District,Brick,120.135971174,24,0,Stone,1856,0,Henry Harteau (builder),1,0,0,0
3051417,"{'type': 'MultiPolygon', 'coordinates': [[[[-73.94804714731083, 40.68524126038412], [-73.9480349851004, 40.68517934185868], [-73.94802460800562, 40.685126507621966], [-73.94804807041155, 40.685123837387046], [-73.94809907203573, 40.68511803227553], [-73.94812267546, 40.68523820209422], [-73.94808874411888, 40.68524206440499], [-73.94809599529027, 40.6852789806419], [-73.94805546244748, 40.6852835945957], [-73.94804714731083, 40.68524126038412]]]]}",0,0,Bedford Historic District,Brownstone,157.498069432,56,0,0,1881,0,Frederick D. Vrooman,1,0,0,0
3387628,"{'type': 'MultiPolygon', 'coordinates': [[[[-73.9930775081374, 40.68018757678249], [-73.99310807287854, 40.68014660881751], [-73.99315973094397, 40.680077367751025], [-73.99321131807436, 40.680099673844786], [-73.9931326313988, 40.68020514461751], [-73.99312909532523, 40.680209883813234], [-73.9930775081374, 40.68018757678249]]]]}",0,0,Carroll Gardens Historic District,Brownstone,125.264661641,30,0,0,1883,0,Chester Bedell (builder),0,0,0,0
3032324,"{'type': 'MultiPolygon', 'coordinates': [[[[-73.94850647135696, 40.67089007652036], [-73.94851790361416, 40.67076867593875], [-73.94857861133514, 40.67077198997036], [-73.94856717918788, 40.67089339055798], [-73.94850647135696, 40.67089007652036]]]]}",0,0,Crown Heights North II Historic District,Rustic Brick,122.453851928,55,0,0,1899,0,Frederick L. Hine,1,0,0,0
3025986,"{'type': 'MultiPolygon', 'coordinates': [[[[-73.98123610365715, 40.666542700499015], [-73.98124424166905, 40.666532934831515], [-73.98132652903311, 40.66643418504556], [-73.98135463754728, 40.66640045177914], [-73.98136322930998, 40.666404603648814], [-73.98138628749548, 40.666376931828864], [-73.9813913673686, 40.6663708343575], [-73.98139666361101, 40.6663733935796], [-73.9814265479539, 40.666387831876214], [-73.98138812002206, 40.66643394738478], [-73.98139839443516, 40.66643891088885], [-73.98133780140046, 40.66651162673319], [-73.98129014931446, 40.66656881255365], [-73.98123610365715, 40.666542700499015]]]]}",0,0,Park Slope Historic District Extension,Brownstone,187.410005377,6,0,0,1884,0,Jefferson F. Wood,1,0,0,0
3047841,"{'type': 'MultiPolygon', 'coordinates': [[[[-73.93080966612068, 40.68036262512099], [-73.930869028423, 40.680355745750205], [-73.93089396888998, 40.68048047299555], [-73.93083460647935, 40.68048735237907], [-73.93080966612068, 40.68036262512099]]]]}",0,0,Bedford Stuyvesant / Expanded Stuyvesant Heights Historic District,Brownstone,125.239583381,75,0,0,1890,0,"S. W. & C. J. Dodge Architects (arch), R. Sweet (bldr)",1,0,0,0
3032037,"{'type': 'MultiPolygon', 'coordinates': [[[[-73.9439153347365, 40.67206789968619], [-73.94391965537172, 40.67202270582534], [-73.94392184612117, 40.6719997824727], [-73.9439244326098, 40.67199992601482], [-73.94393425700984, 40.67200047021167], [-73.94393972550755, 40.67194325592887], [-73.94400013718119, 40.67194660374938], [-73.9439872517876, 40.672081402830436], [-73.94391443027229, 40.67207736726405], [-73.9439153347365, 40.67206789968619]]]]}",0,0,Crown Heights North III Historic District,Brick,138.990198622,17,0,0,1900,0,King & Symonds,1,0,0,0
3035033,"{'type': 'MultiPolygon', 'coordinates': [[[[-73.9526226798167, 40.662896360062206], [-73.95261022781807, 40.662781019504074], [-73.9526249501217, 40.66278009803643], [-73.95268207724527, 40.662776522185794], [-73.95268672020441, 40.662819530053696], [-73.95269447649841, 40.66289137463455], [-73.95266912722585, 40.6628929617232], [-73.95266116798354, 40.66290216982947], [-73.95263422454599, 40.662903856211614], [-73.9526226798167, 40.662896360062206]]]]}",0,0,Prospect Lefferts Gardens Historic District,Brownstone,126.931771898,17,0,0,1910,0,Benjamin Driesler,0,0,0,0
3025411,"{'type': 'MultiPolygon', 'coordinates': [[[[-73.97809956738253, 40.67010623124132], [-73.97820592678642, 40.66997831070632], [-73.97823815222914, 40.66999384529506], [-73.9782495980086, 40.66998007857826], [-73.97826442535758, 40.66998722607018], [-73.97825004892087, 40.67000451685193], [-73.97822191954478, 40.67003834929925], [-73.9782295726801, 40.67004203835845], [-73.97823193559529, 40.67005318628638], [-73.97819093705141, 40.67010249525013], [-73.97819512310133, 40.67010451409869], [-73.97820362173057, 40.67010861035288], [-73.97817526275539, 40.670142719203035], [-73.97813211450256, 40.67012191990897], [-73.97809956738253, 40.67010623124132]]]]}",0,0,Park Slope Historic District,Flemish-Bond Brick,170.202365728,12,0,0,1929,0,Slee & Bryson,0,0,0,0
3025358,"{'type': 'MultiPolygon', 'coordinates': [[[[-73.97465788690207, 40.669349860614375], [-73.97472183369726, 40.66927274462646], [-73.97474861569978, 40.66924044721439], [-73.97476570810265, 40.669248664567114], [-73.97479193396572, 40.66921703790697], [-73.97482248561536, 40.669180193699916], [-73.97486376751493, 40.669200040184194], [-73.97484650568505, 40.66922085723137], [-73.97484324476095, 40.66922478997027], [-73.97479692208672, 40.66928065231851], [-73.97474868489616, 40.66933882314942], [-73.97473041370648, 40.6693608745641], [-73.97471626128764, 40.669377924517256], [-73.97469596321478, 40.669368165670214], [-73.97468516640758, 40.66936864326978], [-73.97468136947022, 40.669373222456244], [-73.97465821458653, 40.66936209058806], [-73.97466213102922, 40.66935736824669], [-73.97465788690207, 40.669349860614375]]]]}",0,0,Park Slope Historic District,Brownstone,196.683929671,21,0,0,1903,0,Benjamin Driesler,0,0,0,0
3047408,"{'type': 'MultiPolygon', 'coordinates': [[[[-73.93394848478346, 40.6812670815653], [-73.93392161897924, 40.681131118172836], [-73.93396103235703, 40.68112660490872], [-73.9339540387211, 40.68109121427778], [-73.93398790136376, 40.681087336283014], [-73.93399489501721, 40.681122726911916], [-73.93402175508157, 40.68125866146749], [-73.93399643256578, 40.68126156191007], [-73.93398543504597, 40.68127136490514], [-73.93395856986713, 40.6812744418556], [-73.93394909563554, 40.681270176083586], [-73.93394848478346, 40.6812670815653]]]]}",0,0,Stuyvesant Heights Historic District,Stone,170.332505538,10,0,0,1897,0,"Magnus Dahlander & Assoc. (arch), Eli H. Bishop (builder)",0,0,0,0
3117495,"{'type': 'MultiPolygon', 'coordinates': [[[[-73.96715759884854, 40.6446966374335], [-73.96713519950124, 40.644582849668666], [-73.967287719795, 40.64456542940643], [-73.96729156194534, 40.64458494652829], [-73.96731013706629, 40.644582824786006], [-73.96731960847441, 40.64458174235364], [-73.96732125713837, 40.644590112237594], [-73.96732476084011, 40.64460791107348], [-73.96734181907475, 40.64460596269512], [-73.96735456262783, 40.644670700058825], [-73.96731268313137, 40.6446754825213], [-73.9673133458987, 40.64467884884638], [-73.96715759884854, 40.6446966374335]]]]}",0,0,Prospect Park South Historic District,Wood Frame,194.75251467,35,0,0,1905,0,John B. Slee,0,1,0,0
3031655,"{'type': 'MultiPolygon', 'coordinates': [[[[-73.94208526020783, 40.67281957529499], [-73.94209469070032, 40.672722223528766], [-73.9421161054058, 40.67272342568674], [-73.94212115716132, 40.67267128748991], [-73.9421296567133, 40.67258354465001], [-73.94218596496214, 40.6725867067529], [-73.94217671840852, 40.6726821603342], [-73.9421629833917, 40.672823940469165], [-73.94208526020783, 40.67281957529499]]]]}",0,0,Crown Heights North III Historic District,Brick,216.568245618,36,0,0,1909,0,A. White Pierce,1,0,0,0
3028789,"{'type': 'MultiPolygon', 'coordinates': [[[[-73.96813890401714, 40.67738364621942], [-73.96816990604793, 40.67729847781684], [-73.96817529965372, 40.677283661339516], [-73.96818268654597, 40.677263366681665], [-73.96824942009371, 40.6772774466534], [-73.9682056376758, 40.67739772621634], [-73.96813890401714, 40.67738364621942]]]]}",0,0,Prospect Heights Historic District,Brownstone,129.361634571,16,0,0,1892,0,Charles Infanger,1,0,0,0
3046523,"{'type': 'MultiPolygon', 'coordinates': [[[[-73.92990531059638, 40.68346782681319], [-73.92994837672035, 40.68346275252646], [-73.92996743952945, 40.6834605065408], [-73.92999378088983, 40.6835900732496], [-73.92993165183988, 40.6835973926356], [-73.92990953898398, 40.683488622262814], [-73.92990531059638, 40.68346782681319]]]]}",0,0,Bedford Stuyvesant / Expanded Stuyvesant Heights Historic District,Brownstone,130.406647955,54,0,0,1882,0,George Nicholls,1,0,0,0
3024737,"{'type': 'MultiPolygon', 'coordinates': [[[[-73.97547874590124, 40.67354824087108], [-73.97557219284755, 40.673408219847346], [-73.97558300315428, 40.673392020974994], [-73.9756078786714, 40.673401644653346], [-73.97558574091855, 40.67343481583436], [-73.9756272103942, 40.67345085919855], [-73.97554509099376, 40.673573907965356], [-73.9755284241095, 40.673579262486214], [-73.9755072275436, 40.67357106238804], [-73.97550002405461, 40.67355647160944], [-73.97547874590124, 40.67354824087108]]]]}",0,0,Park Slope Historic District,Brownstone,172.238470952,12,0,0,1887,0,S. Harbison,0,0,0,0
3025997,"{'type': 'MultiPolygon', 'coordinates': [[[[-73.98059774074129, 40.66622758696134], [-73.98067929520953, 40.66612971641453], [-73.98069756525494, 40.66613854363649], [-73.98072240881073, 40.66610872992099], [-73.98076633331384, 40.66612995342709], [-73.98074022038227, 40.66616129061225], [-73.98068474584859, 40.666227862752216], [-73.98065993535633, 40.66625763684203], [-73.98061002641433, 40.66623352253175], [-73.98059774074129, 40.66622758696134]]]]}",0,0,Park Slope Historic District Extension,Brick,151.055290819,17,0,0,1882,0,L. Pearson,1,0,0,0
3029345,"{'type': 'MultiPolygon', 'coordinates': [[[[-73.96688557458347, 40.674966313240944], [-73.9669037615437, 40.67491495850387], [-73.96710292606919, 40.67495584226969], [-73.96708473925068, 40.67500719793859], [-73.96688557458347, 40.674966313240944]]]]}",0,0,Prospect Heights Historic District,Brick,153.19285223,57,0,0,1915,0,Not determined,1,0,0,0
3027842,"{'type': 'MultiPolygon', 'coordinates': [[[[-73.97106328988065, 40.680162303552336], [-73.97093726940304, 40.680136120853454], [-73.97095391952372, 40.68008967472509], [-73.97113962187437, 40.68012825806573], [-73.97122176206874, 40.68014532357516], [-73.97120511212108, 40.68019176884148], [-73.97109891692902, 40.68016970572956], [-73.97106328988065, 40.680162303552336]]]]}",0,0,Prospect Heights Historic District,Brownstone,189.09390871,1,0,0,1880,0,Not determined,1,1,0,0
3026622,"{'type': 'MultiPolygon', 'coordinates': [[[[-73.98095385242331, 40.66181445576904], [-73.98099775501116, 40.66176180083522], [-73.98104162795643, 40.66170918099968], [-73.98106192864817, 40.66170477541572], [-73.98108008993458, 40.661713556637515], [-73.9810830051876, 40.661729186478325], [-73.9811049796466, 40.66173981168002], [-73.98106283737505, 40.66179035613438], [-73.98101720535543, 40.66184508649755], [-73.98099116586377, 40.6618324965814], [-73.98097274383787, 40.66183811726011], [-73.98095458371407, 40.66182933692223], [-73.98095385242331, 40.66181445576904]]]]}",0,0,Park Slope Historic District Extension,Limestone,141.120089328,61,0,0,1904,0,Woodruff Leeming,1,0,0,0
3031691,"{'type': 'MultiPolygon', 'coordinates': [[[[-73.94159004521599, 40.67237161842951], [-73.94159496236927, 40.67231830771401], [-73.94172704658457, 40.67232536899405], [-73.94179921671196, 40.672329227313234], [-73.94179430090374, 40.672382538037965], [-73.9417201402822, 40.67237857334724], [-73.94159004521599, 40.67237161842951]]]]}",0,0,Crown Heights North III Historic District,Brick,152.538844487,4,0,0,1910,0,Cohn Brothers,1,0,0,0
3368946,"{'type': 'MultiPolygon', 'coordinates': [[[[-73.95816015248828, 40.63103335397792], [-73.95821582421135, 40.63102612684218], [-73.95822867552704, 40.63108358825817], [-73.95818414024009, 40.631089369614415], [-73.95814876024465, 40.63109396199852], [-73.95813591017776, 40.63103650057399], [-73.95816015248828, 40.63103335397792]]]]}",0,0,Fiske Terrace-Midwood Park Historic District,Asphalt Shingles,87.4756513725,16,0,0,0,0,Not determined,0,0,0,0
3398050,"{'type': 'MultiPolygon', 'coordinates': [[[[-73.98594877590168, 40.70302236395947], [-73.98595482170975, 40.70292461144505], [-73.98595962319635, 40.70284699061848], [-73.98596285861278, 40.702794688388956], [-73.98596398655609, 40.70277644956101], [-73.98607178720634, 40.70278031144352], [-73.98617043537287, 40.70278384614043], [-73.98616881240231, 40.70281009406263], [-73.98616596656564, 40.70285609726478], [-73.98616381645347, 40.70289085856148], [-73.98616134578002, 40.70293080586658], [-73.9861552254785, 40.703029760566], [-73.98604653697383, 40.70302586623574], [-73.98594877590168, 40.70302236395947]]]]}",0,0,DUMBO Historic District,Brick,293.996957905,7501,0,0,1898,0,Edward N. Stone,0,1,0,0
3117013,"{'type': 'MultiPolygon', 'coordinates': [[[[-73.96818541355412, 40.64718383197107], [-73.96823402850387, 40.64717973454538], [-73.96824837576219, 40.64727850370427], [-73.96822037229039, 40.647280864331385], [-73.96822144818634, 40.64728827048758], [-73.96812081892347, 40.64729675073017], [-73.96806529789207, 40.64730142972611], [-73.96803543459939, 40.64730394648191], [-73.96802841136586, 40.64725559482539], [-73.96804209800897, 40.64725444146399], [-73.96803652066518, 40.64721604453403], [-73.96814930178662, 40.6472065402403], [-73.968146480682, 40.64718711258713], [-73.96818541355412, 40.64718383197107]]]]}",0,0,Prospect Park South Historic District,Wood Frame,197.341540425,7,0,0,1909,0,Benjamin Driesler (attributed),0,0,0,0
3002039,"{'type': 'MultiPolygon', 'coordinates': [[[[-73.99611901283188, 40.69490891176071], [-73.99613489959505, 40.69491337523615], [-73.99620726673885, 40.694933707617814], [-73.9962735243536, 40.69495232337909], [-73.99628525014386, 40.69495561783347], [-73.996283165234, 40.694959916813666], [-73.99628094661489, 40.69496449224682], [-73.99622082843295, 40.69508845125881], [-73.99617051225263, 40.695192197657384], [-73.99613404518529, 40.6951819522064], [-73.996004274431, 40.69514549142029], [-73.99605276977744, 40.69504549926863], [-73.99611901283188, 40.69490891176071]]]]}",0,0,Brooklyn Heights Historic District,Stone,282.032546404,35,0,0,1930,0,Murray Klein,0,0,0,0
3046470,"{'type': 'MultiPolygon', 'coordinates': [[[[-73.93432877125869, 40.683089594491165], [-73.93430273007823, 40.6829591689518], [-73.9343758874923, 40.68295070353913], [-73.93440152858763, 40.68307912969227], [-73.93435547120316, 40.68308445968514], [-73.93436257979312, 40.68312006467073], [-73.9343354819776, 40.68312320010966], [-73.93432877125869, 40.683089594491165]]]]}",0,0,Bedford Stuyvesant / Expanded Stuyvesant Heights Historic District,Brownstone,161.941515738,80,0,0,1890,0,J. S. Stevens,1,0,0,0
3018615,"{'type': 'MultiPolygon', 'coordinates': [[[[-73.9753459414173, 40.68026327238154], [-73.97540933204247, 40.68016807366343], [-73.97543103216388, 40.6801764476795], [-73.97545393712562, 40.680173338589334], [-73.9754658409726, 40.680177931950354], [-73.97547616270904, 40.68019386515021], [-73.97541277097174, 40.680289063904624], [-73.9753459414173, 40.68026327238154]]]]}",0,0,Park Slope Historic District Extension II,Brownstone,121.928235367,49,0,0,1889,0,Walter M. Coots,1,0,0,0
3393763,"{'type': 'MultiPolygon', 'coordinates': [[[[-73.94781930013231, 40.6821610902185], [-73.9478903241889, 40.68215307901144], [-73.94791409144867, 40.68227520580914], [-73.94785910883913, 40.68228140796364], [-73.94784306844747, 40.682283217031284], [-73.94784129295037, 40.682274092216126], [-73.94781930013231, 40.6821610902185]]]]}",0,0,Bedford Historic District,Limestone,129.787559316,7501,0,0,1892,0,William H. Burhans,1,0,0,0
3005878,"{'type': 'MultiPolygon', 'coordinates': [[[[-73.98732816704731, 40.684916257550164], [-73.98734298647602, 40.68489427043498], [-73.98739671333156, 40.684814554744705], [-73.9874576483885, 40.684838353878106], [-73.98740543145281, 40.6849158292836], [-73.98738910217273, 40.68494005671958], [-73.98732816704731, 40.684916257550164]]]]}",0,0,Boerum Hill Historic District,Brick,121.280248871,57,0,0,1869,0,Not determined,0,0,0,0
3001592,"{'type': 'MultiPolygon', 'coordinates': [[[[-73.9931815712646, 40.700289090757465], [-73.99319283435125, 40.700265941960716], [-73.99319729248178, 40.70025677861357], [-73.9932065473734, 40.700259387043154], [-73.99334537911807, 40.7002985115964], [-73.99334048667336, 40.700308568232046], [-73.99334817308176, 40.70031845719936], [-73.99334876461728, 40.70031921726565], [-73.99334149458936, 40.70033415904184], [-73.99332477612381, 40.700329447494916], [-73.9931815712646, 40.700289090757465]]]]}",0,0,Brooklyn Heights Historic District,Brick,117.845191467,8,0,0,1899,0,Not determined,0,0,0,0
3031590,"{'type': 'MultiPolygon', 'coordinates': [[[[-73.94596160698968, 40.673037599374005], [-73.94597282253314, 40.67291102821363], [-73.94597550943433, 40.672880706424046], [-73.94604263991747, 40.6728841544822], [-73.94602873763002, 40.67304104744011], [-73.94601665343914, 40.6730499991961], [-73.94599348218236, 40.673048808646456], [-73.94597969622556, 40.673038528195576], [-73.94596160698968, 40.673037599374005]]]]}",0,0,Crown Heights North II Historic District,Brownstone,154.745966847,26,0,0,1897,0,Axel S. Hedman,1,0,0,0
3028089,"{'type': 'MultiPolygon', 'coordinates': [[[[-73.97325593180676, 40.679797575539645], [-73.97330034076947, 40.67967417215396], [-73.97337464160967, 40.67968967011449], [-73.97333023277454, 40.67981307262822], [-73.97325593180676, 40.679797575539645]]]]}",0,0,Prospect Heights Historic District,Brownstone,135.967941427,82,0,0,1874,0,Not determined,1,1,0,0
3056060,"{'type': 'MultiPolygon', 'coordinates': [[[[-73.9651886199186, 40.68596289638195], [-73.96512779015733, 40.68597039635321], [-73.96497825214311, 40.685988832182986], [-73.96497017112885, 40.68595085145641], [-73.96506966158009, 40.685938586084845], [-73.96506572017323, 40.68592006312146], [-73.96517659853303, 40.68590639361111], [-73.9651886199186, 40.68596289638195]]]]}",0,0,Clinton Hill Historic District,Wood Frame,159.915234569,24,0,0,1860,0,Not determined,1,0,0,0
3051908,"{'type': 'MultiPolygon', 'coordinates': [[[[-73.94956222485018, 40.683875038858744], [-73.9495967435779, 40.68387084408073], [-73.9495901394224, 40.68383935291248], [-73.94963085607127, 40.68383440350696], [-73.94963346685807, 40.68384685335621], [-73.9496564076493, 40.68395624073331], [-73.94965895126182, 40.683968368168365], [-73.94958371575473, 40.68397751146764], [-73.94957574314371, 40.683939496375565], [-73.94956222485018, 40.683875038858744]]]]}",0,0,Bedford Historic District,Brick,141.111557948,11,0,0,1875,0,Not determined,1,1,0,0
3324453,"{'type': 'MultiPolygon', 'coordinates': [[[[-73.94841652837884, 40.67790433842431], [-73.94841381626935, 40.67790419852908], [-73.94835865151762, 40.67790135066928], [-73.94836014301933, 40.67788459996372], [-73.94836059165839, 40.677879567188285], [-73.94837168837097, 40.67775498685464], [-73.9483767677863, 40.67769796313678], [-73.94846346631321, 40.67770243883923], [-73.9484556200726, 40.67779042912283], [-73.94845147023227, 40.677836980273625], [-73.94847167851776, 40.67784956231218], [-73.94846928501171, 40.67787643079889], [-73.94844668309732, 40.67789085412418], [-73.94844534912497, 40.6779058263848], [-73.94841652837884, 40.67790433842431]]]]}",0,0,Crown Heights North Historic District,Brick,202.306070151,58,0,0,1880,0,John Mumford,1,0,0,0
3381919,"{'type': 'MultiPolygon', 'coordinates': [[[[-73.96522640619486, 40.6475806215109], [-73.9652469861959, 40.64757849350442], [-73.96525754390926, 40.64763774086215], [-73.96517823882559, 40.64764593860516], [-73.96517393372768, 40.64762176199984], [-73.96516768945715, 40.647586691242786], [-73.96522640619486, 40.6475806215109]]]]}",0,0,Prospect Park South Historic District,Not determined,87.9817070607,54,0,0,1923,0,Gilbert I. Prowler,0,0,0,0
3031078,"{'type': 'MultiPolygon', 'coordinates': [[[[-73.9392082083363, 40.67447229074119], [-73.93921817406292, 40.67435186380928], [-73.9392876772233, 40.674355197292606], [-73.93927771280457, 40.6744756242311], [-73.9392082083363, 40.67447229074119]]]]}",0,0,Crown Heights North III Historic District,Brownstone,126.559295615,39,0,0,1890,0,Frederick B. Langston,1,0,0,0
3002957,"{'type': 'MultiPolygon', 'coordinates': [[[[-73.99473342038922, 40.689890410549005], [-73.99466716939446, 40.689872081153], [-73.99472223233552, 40.689756767566685], [-73.99475022115155, 40.689764511459884], [-73.99487659146482, 40.68979947507984], [-73.99487115690593, 40.689810856424785], [-73.99492854004221, 40.689826732314884], [-73.99493804688727, 40.689842769073366], [-73.99497933991809, 40.689854192992335], [-73.99494954750973, 40.68991658554968], [-73.99490596413281, 40.68990452755745], [-73.99488729227033, 40.68991968596929], [-73.99477077857652, 40.689887450464525], [-73.99475399755715, 40.68988280665448], [-73.99473342038922, 40.689890410549005]]]]}",0,0,Cobble Hill Historic District,Not determined,240.028553467,30,0,0,1892,0,H. W. Billard,0,0,0,0
3059474,"{'type': 'MultiPolygon', 'coordinates': [[[[-73.97002582889357, 40.687483118395974], [-73.97009183765351, 40.68747516512499], [-73.9701172161523, 40.68759722822611], [-73.97005120727499, 40.6876051806109], [-73.97002582889357, 40.687483118395974]]]]}",0,0,Fort Greene Historic District,Not determined,127.117564262,23,0,0,1875,0,Giddings H. Pinney (builder),1,0,0,0
3002150,"{'type': 'MultiPolygon', 'coordinates': [[[[-73.99692186398302, 40.69366859679915], [-73.99695255946521, 40.69356860917529], [-73.99696987403287, 40.69357168938632], [-73.9970263821198, 40.69358173968287], [-73.99699568555906, 40.693681726425616], [-73.99696933684797, 40.6936770394661], [-73.99692186398302, 40.69366859679915]]]]}",0,0,Brooklyn Heights Historic District,Brick,116.864976253,39,0,0,1845,0,Not determined,0,0,0,0
3003170,"{'type': 'MultiPolygon', 'coordinates': [[[[-73.99342163968322, 40.68822809447799], [-73.99326136916343, 40.68818282449895], [-73.99326073154077, 40.68818264435891], [-73.99323930907873, 40.68817659345314], [-73.99326546131788, 40.68812294419686], [-73.99340833961543, 40.688163301775376], [-73.99342312442201, 40.6881674774016], [-73.99347686220553, 40.688182656813275], [-73.99350155206709, 40.68818963088567], [-73.99348411341087, 40.68822540369614], [-73.99343035429763, 40.68821021888371], [-73.99342163968322, 40.68822809447799]]]]}",0,0,Cobble Hill Historic District,Not determined,181.370843811,26,0,0,1858,0,Not determined,0,0,0,0
3002450,"{'type': 'MultiPolygon', 'coordinates': [[[[-73.9959568388238, 40.69201014275043], [-73.9957772807963, 40.6919598912785], [-73.99578761866707, 40.69193848916465], [-73.99580821984495, 40.69189584252113], [-73.99585868412909, 40.69190996529273], [-73.99598777772322, 40.69194609394524], [-73.99597050386667, 40.69198185361373], [-73.99600924772487, 40.6919926971403], [-73.99599558269615, 40.69202098628156], [-73.9959568388238, 40.69201014275043]]]]}",0,0,Brooklyn Heights Historic District,Stucco,178.725532798,52,0,0,1852,0,Not determined,0,1,Original details and stoop have been removed from No. 276.,0
3003991,"{'type': 'MultiPolygon', 'coordinates': [[[[-73.99616675945624, 40.68446910102237], [-73.99616053137059, 40.684467364624], [-73.99618552634068, 40.68441542021436], [-73.99619175323903, 40.68441715661128], [-73.99632949032761, 40.68445556440099], [-73.99630449663776, 40.68450750794121], [-73.99616675945624, 40.68446910102237]]]]}",0,0,Cobble Hill Historic District,Not determined,125.353299296,67,0,0,1853,0,"Thomas S. Purdy (builder), James W. Deering (Mason)",0,0,0,0
3027828,"{'type': 'MultiPolygon', 'coordinates': [[[[-73.9714573327777, 40.68031189636351], [-73.97147627714791, 40.680260371828744], [-73.97162615641727, 40.68029231140778], [-73.97160721097099, 40.680343835966745], [-73.9714573327777, 40.68031189636351]]]]}",0,0,Prospect Heights Historic District,Brownstone,125.324319874,55,0,0,1882,0,"Charles Werner (architect), A. Wilson (carpenter)",1,0,0,0
3001518,"{'type': 'MultiPolygon', 'coordinates': [[[[-73.99781420162321, 40.69547161564824], [-73.99779108808376, 40.69546516303402], [-73.99779666577071, 40.695453588852416], [-73.99777733823908, 40.69544819350978], [-73.99772802796505, 40.69543442821165], [-73.99772238045772, 40.69544614917219], [-73.99770431769417, 40.695441106843134], [-73.99766282907385, 40.69542952541593], [-73.9976153089035, 40.695416259890386], [-73.99765896386691, 40.695325668316734], [-73.99772890415908, 40.695345192831816], [-73.99783919611357, 40.69537598168078], [-73.99789751112831, 40.69539226042698], [-73.99787554477396, 40.69543784667355], [-73.99791395730965, 40.69544856977987], [-73.99791409927879, 40.69544879941317], [-73.99792336631884, 40.695463707566965], [-73.99791198143515, 40.69548753942709], [-73.99790272548024, 40.695496327361276], [-73.99788059510142, 40.69549014943942], [-73.99781420162321, 40.69547161564824]]]]}",0,0,Brooklyn Heights Historic District,Brick,248.003817778,506,0,0,1879,0,Not determined,0,0,Original details and stoop removed from No. 6. Modern brick facade added.,0
3003346,"{'type': 'MultiPolygon', 'coordinates': [[[[-73.99844589418137, 40.68772923716998], [-73.99846046221828, 40.68770383748246], [-73.99851040804853, 40.68772043550387], [-73.99856181016551, 40.687737517097524], [-73.99856467063695, 40.6877384680755], [-73.99855010381532, 40.6877638677761], [-73.99853775812076, 40.687759764880525], [-73.99844589418137, 40.68772923716998]]]]}",0,0,Cobble Hill Historic District,Brick,83.2636043927,68,0,0,1879,0,"William Field & Son (architect), James H. Stevenson (mason)",0,0,0,0
3001832,"{'type': 'MultiPolygon', 'coordinates': [[[[-73.99399545536869, 40.69650376701955], [-73.99402195592832, 40.6964480933137], [-73.99398762994171, 40.69643862803978], [-73.99400560662359, 40.69640086058275], [-73.99404111571737, 40.696410650997635], [-73.99404847394315, 40.69639519318076], [-73.9941188473447, 40.696414598340155], [-73.99409381899713, 40.696467178883736], [-73.99427376537587, 40.69651679721054], [-73.9942469585062, 40.69657311662612], [-73.99399545536869, 40.69650376701955]]]]}",0,0,Brooklyn Heights Historic District,Brick,252.99778627,46,0,0,0,0,Not determined,0,0,0,0
3026690,"{'type': 'MultiPolygon', 'coordinates': [[[[-73.9818151383198, 40.66180214461275], [-73.9818959994046, 40.66170543380961], [-73.98191510712927, 40.661682581710785], [-73.98196939739033, 40.661708905121614], [-73.98186942863873, 40.661828468070325], [-73.9818151383198, 40.66180214461275]]]]}",0,0,Park Slope Historic District Extension,Brick,138.993455526,13,0,0,1891,0,Edwin J. Bedell,1,1,0,0
3029084,"{'type': 'MultiPolygon', 'coordinates': [[[[-73.96849512058637, 40.676517709383624], [-73.96854092075377, 40.676392811509345], [-73.96860956230213, 40.676407401487005], [-73.96856376225342, 40.6765322993884], [-73.96849512058637, 40.676517709383624]]]]}",0,0,Prospect Heights Historic District,Brownstone,134.02358065,16,0,0,1897,0,William H. Reynolds,1,0,0,0
3046471,"{'type': 'MultiPolygon', 'coordinates': [[[[-73.93440152858763, 40.68307912969227], [-73.9343758874923, 40.68295070353913], [-73.9344450379004, 40.682942702263574], [-73.93447068030869, 40.68307112840208], [-73.93443080792848, 40.68307574243632], [-73.93443852748594, 40.68311440501124], [-73.9344092481285, 40.68311779226908], [-73.93440152858763, 40.68307912969227]]]]}",0,0,Bedford Stuyvesant / Expanded Stuyvesant Heights Historic District,Brownstone,161.947727474,81,0,0,1890,0,J. S. Stevens,1,0,0,0
3056158,"{'type': 'MultiPolygon', 'coordinates': [[[[-73.96359614938991, 40.68586225387749], [-73.96346615696909, 40.68587706125175], [-73.9634547754417, 40.68581916270687], [-73.96358476775262, 40.68580435444477], [-73.96359614938991, 40.68586225387749]]]]}",0,0,Clinton Hill Historic District,Wood,115.565239263,54,0,0,1866,0,John T. Barnard,1,0,0,0
3031765,"{'type': 'MultiPolygon', 'coordinates': [[[[-73.9395507831063, 40.67210367748168], [-73.93928722879338, 40.67208943933249], [-73.9392932078926, 40.67202528526626], [-73.93957922427587, 40.672040735587785], [-73.93957324544957, 40.672104890569244], [-73.9395507831063, 40.67210367748168]]]]}",0,0,Crown Heights North III Historic District,Brick,205.943323175,90,0,0,1899,0,Amzi Hill & Son,1,1,0,0
3031576,"{'type': 'MultiPolygon', 'coordinates': [[[[-73.94909662892478, 40.67273025327964], [-73.94910892590991, 40.67260455939211], [-73.94917327433905, 40.67260820880994], [-73.949160976291, 40.672733903604424], [-73.94909662892478, 40.67273025327964]]]]}",0,0,Crown Heights North II Historic District,Brick,127.640251875,66,0,0,1897,0,John L. Young,1,0,0,0
3046460,"{'type': 'MultiPolygon', 'coordinates': [[[[-73.93359723713584, 40.68305678767113], [-73.9336640287411, 40.68304905925998], [-73.93368686358025, 40.683163435030934], [-73.93368847497203, 40.68317150366677], [-73.93365186534258, 40.68317574019487], [-73.93362168324711, 40.68317923209189], [-73.93361752708378, 40.68315841520792], [-73.93359723713584, 40.68305678767113]]]]}",0,0,Bedford Stuyvesant / Expanded Stuyvesant Heights Historic District,Brownstone,127.71971892,70,0,0,1878,0,Benjamin T. Robbins,1,1,0,0
3002622,"{'type': 'MultiPolygon', 'coordinates': [[[[-73.99318042112867, 40.69199594750505], [-73.99318984047918, 40.69197562888736], [-73.99320063012478, 40.691952356667166], [-73.99323081780055, 40.69196046576537], [-73.99326599792165, 40.691969915111244], [-73.99337597357402, 40.69199945471839], [-73.99334786121564, 40.69206009274177], [-73.99317251762679, 40.69201299464809], [-73.99318042112867, 40.69199594750505]]]]}",0,0,Brooklyn Heights Historic District,Brick,149.982881585,27,0,0,1851,0,Not determined,0,0,0,0
3028368,"{'type': 'MultiPolygon', 'coordinates': [[[[-73.97199526143501, 40.67887645725391], [-73.97202928651963, 40.67888341029814], [-73.97214867242198, 40.678907808081554], [-73.97214665801975, 40.67891352315949], [-73.9721422893377, 40.67892591228098], [-73.97218094726429, 40.67893381194218], [-73.97217408456757, 40.67895327490365], [-73.97216945298528, 40.67896641048905], [-73.9720294872615, 40.67893780772679], [-73.97199286957981, 40.67893032454905], [-73.97197738394573, 40.67892715997272], [-73.97198562516832, 40.67890378732447], [-73.97199526143501, 40.67887645725391]]]]}",0,0,Prospect Heights Historic District,Brick,148.572361161,44,0,0,1880,0,Not determined,1,1,0,0
3027660,"{'type': 'MultiPolygon', 'coordinates': [[[[-73.96738755786127, 40.68071993741531], [-73.96743589829042, 40.68072986306746], [-73.96756523984901, 40.680756420646865], [-73.96753864183582, 40.68083149712935], [-73.96736096084513, 40.680795014757976], [-73.9673625433548, 40.680790545954245], [-73.96736323866266, 40.680788584831284], [-73.96729101952643, 40.6807737562669], [-73.96729156558816, 40.68077221474163], [-73.96731533997674, 40.680705108866405], [-73.96732048969426, 40.68070616663243], [-73.96738755786127, 40.68071993741531]]]]}",0,0,Prospect Heights Historic District,Brick,200.238599582,10,0,0,1880,0,Not determined,1,0,"No. 565 has been mixed-use since at least 1939, but it is unclear if it was built with a storefront.",0
3179120,"{'type': 'MultiPolygon', 'coordinates': [[[[-73.95938532128956, 40.63166665405359], [-73.95949829188132, 40.63165426583473], [-73.9595181142931, 40.63175918513069], [-73.95935893341421, 40.63177664047664], [-73.95934127443533, 40.63168316842103], [-73.95933911124743, 40.63167172115345], [-73.95938532128956, 40.63166665405359]]]]}",0,0,Fiske Terrace-Midwood Park Historic District,Wood Frame,166.514319423,26,0,Concrete Block,1906,0,Benjamin Driesler,1,1,0,0
3114881,"{'type': 'MultiPolygon', 'coordinates': [[[[-73.95840867717735, 40.65987559808218], [-73.95839508297071, 40.65975066539729], [-73.95846752949952, 40.65974609354029], [-73.95848404800743, 40.65989789868751], [-73.95844678933773, 40.659900249990585], [-73.95844386518654, 40.6598733775188], [-73.95840867717735, 40.65987559808218]]]]}",0,0,Prospect Lefferts Gardens Historic District,Roman Brick,151.330957863,77,0,0,1898,0,William M. Miller,0,0,0,0
3025346,"{'type': 'MultiPolygon', 'coordinates': [[[[-73.97557252709854, 40.66972490704474], [-73.97560681283183, 40.66974149461081], [-73.97559819677807, 40.6697518198952], [-73.9756142145314, 40.669759569525894], [-73.97562283058406, 40.66974924333969], [-73.97565859797928, 40.66976654801448], [-73.97564169007559, 40.66978680873592], [-73.9756027592621, 40.669833461596795], [-73.97551763785432, 40.66979227915006], [-73.97536869870129, 40.66972022232834], [-73.97539533496088, 40.66968830385331], [-73.97541282978226, 40.669667339990745], [-73.9754418333601, 40.66968137171458], [-73.97556081934127, 40.66973893729114], [-73.97557252709854, 40.66972490704474]]]]}",0,0,Park Slope Historic District,Limestone,220.537425355,7501,0,0,1909,0,Thomas Bennett,0,0,0,0
3028351,"{'type': 'MultiPolygon', 'coordinates': [[[[-73.97304615969435, 40.67938604912962], [-73.97307068411655, 40.67931775985569], [-73.97309041374699, 40.67926282138272], [-73.97316106176156, 40.6792775252745], [-73.97311680901197, 40.67940075394917], [-73.97304615969435, 40.67938604912962]]]]}",0,0,Prospect Heights Historic District,Brownstone,133.715924295,25,0,0,1880,0,Not determined,1,0,0,0
3055090,"{'type': 'MultiPolygon', 'coordinates': [[[[-73.96584873000154, 40.69047422554569], [-73.96592050742403, 40.6904658603441], [-73.96603726814995, 40.69045225208627], [-73.96603831165955, 40.690452130824916], [-73.96612152386402, 40.69044243251031], [-73.96615691651218, 40.6906183824983], [-73.96607861877646, 40.69062750866012], [-73.96594518757387, 40.690643059837925], [-73.9659265025392, 40.6906452371512], [-73.96585392158487, 40.690653695771346], [-73.96584045726412, 40.69058676112998], [-73.96581852971767, 40.690477745690906], [-73.96584873000154, 40.69047422554569]]]]}",0,0,Clinton Hill Historic District,Brick,299.713056811,13,0,0,1925,0,Not determined,1,0,0,0
3019861,"{'type': 'MultiPolygon', 'coordinates': [[[[-73.975944696886, 40.6753439084794], [-73.97605112388199, 40.67518440086624], [-73.97611864279459, 40.67521051452407], [-73.97601221591836, 40.67537002219918], [-73.975944696886, 40.6753439084794]]]]}",0,0,Park Slope Historic District,Brownstone,172.376412401,29,0,0,1882,0,"Frederick E. Lockwood (architect), Thomas A. Brush (bldr)",0,0,0,0
3001296,"{'type': 'MultiPolygon', 'coordinates': [[[[-73.98790807871342, 40.68617955971724], [-73.98781201763974, 40.686141999964114], [-73.98784438655372, 40.68609402942262], [-73.98797992762482, 40.68614702538235], [-73.98794755996535, 40.686194996862305], [-73.98790807871342, 40.68617955971724]]]]}",0,0,Boerum Hill Historic District,Brick,123.815182558,2,0,0,1872,0,Not determined,0,0,0,0
3356831,"{'type': 'MultiPolygon', 'coordinates': [[[[-73.96266092117884, 40.6393999136592], [-73.96274088617092, 40.63939116854508], [-73.96274957518727, 40.6394372707116], [-73.9626696101406, 40.639446016732265], [-73.96266092117884, 40.6393999136592]]]]}",0,0,Ditmas Park Historic District,Not determined,78.7782690554,84,0,0,0,0,Not determined,0,0,0,0
3035338,"{'type': 'MultiPolygon', 'coordinates': [[[[-73.95272926520795, 40.662095106445946], [-73.95272060608981, 40.66201409603365], [-73.95271444920928, 40.661956499174806], [-73.95272647210176, 40.66194650658319], [-73.95274360907065, 40.66194544381102], [-73.95275551405857, 40.6619516451546], [-73.95278480336367, 40.66194982913199], [-73.95279208455149, 40.662017948082216], [-73.95279980747047, 40.66209019427936], [-73.95277412029328, 40.662091786655544], [-73.95276202685282, 40.66209951082221], [-73.95274188131927, 40.66210075966855], [-73.95272926520795, 40.662095106445946]]]]}",0,0,Prospect Lefferts Gardens Historic District,Red Brick,145.034223582,14,0,0,1905,0,Frank S. Lowe,0,0,0,0
3025631,"{'type': 'MultiPolygon', 'coordinates': [[[[-73.97605120103769, 40.667466252479635], [-73.97614265731144, 40.667356079874], [-73.97615072519362, 40.66734636047939], [-73.97616162789278, 40.667333226915936], [-73.97617640004181, 40.66734033684627], [-73.97621947376926, 40.66736106752612], [-73.97615778801739, 40.667435377023864], [-73.97610982194729, 40.66749315857059], [-73.97610904580034, 40.66749409404518], [-73.97610525248233, 40.66749574300224], [-73.97610113058559, 40.66749684707879], [-73.97609681494379, 40.66749737028229], [-73.97609324575727, 40.66749730920613], [-73.97609244511472, 40.667497295531994], [-73.9760881641971, 40.66749662555906], [-73.97608411055255, 40.66749538110423], [-73.97608041898717, 40.66749360361917], [-73.97607720774413, 40.66749135166209], [-73.9760745808697, 40.66748869729593], [-73.97607262584827, 40.66748572788898], [-73.97607140650703, 40.66748254071022], [-73.97607096065377, 40.66747923842624], [-73.97607130480668, 40.66747592910253], [-73.97605120103769, 40.667466252479635]]]]}",0,0,Park Slope Historic District,Limestone,155.998696203,7503,0,0,1892,0,Magnus Dahlander,0,0,0,0
3114768,"{'type': 'MultiPolygon', 'coordinates': [[[[-73.9545744456476, 40.66068778344855], [-73.9545978971741, 40.66068634467671], [-73.95460890282865, 40.660675999383585], [-73.95463159041113, 40.660674607130254], [-73.9546492786127, 40.66068319242582], [-73.95465155100732, 40.660704666138486], [-73.95466024580175, 40.66078684169939], [-73.9546620153086, 40.66080357129228], [-73.95458718220932, 40.660808162323306], [-73.95458406386403, 40.6607786871862], [-73.95457691423171, 40.660711118607836], [-73.9545744456476, 40.66068778344855]]]]}",0,0,Prospect Lefferts Gardens Historic District,Brownstone,132.341077919,64,0,0,1910,0,Benjamin Driesler,0,0,0,0
3025696,"{'type': 'MultiPolygon', 'coordinates': [[[[-73.97585953679956, 40.66630876325885], [-73.97583877362644, 40.66629876947747], [-73.97570549572315, 40.66623462107687], [-73.97574346611265, 40.666188880181814], [-73.97590935608451, 40.66626872596117], [-73.97596935174312, 40.66629760274428], [-73.9759751024626, 40.66631501001643], [-73.97596277185077, 40.66632986505171], [-73.97594020407561, 40.66633271677023], [-73.97586835825287, 40.66629813632101], [-73.97585953679956, 40.66630876325885]]]]}",0,0,Park Slope Historic District,Brick,191.853444384,41,0,0,1896,0,"Charles G. Peterson (architect, builder)",0,0,0,0
3058561,"{'type': 'MultiPolygon', 'coordinates': [[[[-73.97003666392268, 40.69068181229341], [-73.97019286876059, 40.69066187407213], [-73.97019376556443, 40.690661759939196], [-73.97020697120574, 40.69072170692046], [-73.97004723580073, 40.690742095399095], [-73.97000370761381, 40.69074765103416], [-73.97000350926689, 40.69074674866822], [-73.96999881149517, 40.69072542419167], [-73.96997325890773, 40.690719817235724], [-73.96996864497447, 40.6906988700948], [-73.96998132587454, 40.690688875005236], [-73.97003666392268, 40.69068181229341]]]]}",0,0,Fort Greene Historic District,Brownstone,167.423744998,16,0,0,1871,0,Joseph H. Townsend (builder),0,0,0,0
3026031,"{'type': 'MultiPolygon', 'coordinates': [[[[-73.9804405809315, 40.66581408578167], [-73.98054940852934, 40.66568348440177], [-73.98060983841084, 40.66571268212506], [-73.98050101088391, 40.66584328266117], [-73.9804405809315, 40.66581408578167]]]]}",0,0,Park Slope Historic District Extension,Brick,152.412929663,52,0,0,1890,0,I. D. Reynolds & Son,1,0,0,0
3019472,"{'type': 'MultiPolygon', 'coordinates': [[[[-73.97484528316868, 40.67662060877974], [-73.97496114344281, 40.676450269266844], [-73.97499865155345, 40.67646505667166], [-73.97496242370514, 40.676518319645105], [-73.97498254371008, 40.67652625215363], [-73.97498820966905, 40.676528485761565], [-73.97491246736975, 40.67663984223428], [-73.97490857616336, 40.67664556235599], [-73.97490317395265, 40.676646496812516], [-73.9748892703875, 40.676648899053895], [-73.97486973575703, 40.67664119718879], [-73.97486525299679, 40.676628481841874], [-73.97484528316868, 40.67662060877974]]]]}",0,0,Park Slope Historic District,Brownstone,182.172248119,34,0,0,1891,0,William L. Dowling (builder),0,0,0,0
3115100,"{'type': 'MultiPolygon', 'coordinates': [[[[-73.95745568842095, 40.65909052854187], [-73.95745710096583, 40.65908765461505], [-73.95745916846877, 40.659085003358086], [-73.95746182938917, 40.65908265489413], [-73.95746499972351, 40.659080682133904], [-73.95746858483452, 40.65907914447654], [-73.95747247472082, 40.659078088708235], [-73.95747655111282, 40.65907754720371], [-73.95748068865574, 40.659077537026455], [-73.95748476200546, 40.65907805813023], [-73.9574886458285, 40.659079094259376], [-73.95749222307828, 40.65908061385256], [-73.95749538262943, 40.659082571842895], [-73.95749802992252, 40.65908490605979], [-73.95750008222659, 40.65908754803352], [-73.95752722274479, 40.65908572460631], [-73.95752967710757, 40.65910692367538], [-73.95754033662183, 40.65919897482378], [-73.95754176902325, 40.65921134845169], [-73.9574702345657, 40.65921615239631], [-73.95745809689552, 40.65911133316924], [-73.95745568842095, 40.65909052854187]]]]}",0,0,Prospect Lefferts Gardens Historic District,Dark Brick,135.2627593,65,0,Galvanized Iron Cornice,1899,0,Robert Dixon,1,0,0,0
3019673,"{'type': 'MultiPolygon', 'coordinates': [[[[-73.97492465650619, 40.67561020707206], [-73.97485386206439, 40.67558218650947], [-73.9748550069682, 40.67556344524438], [-73.9748745970565, 40.67555182027512], [-73.97488912017894, 40.67553055148353], [-73.97489026388924, 40.675511810217714], [-73.97490985395623, 40.67550018524236], [-73.97498064833431, 40.67552820577077], [-73.97498385461405, 40.67553831654832], [-73.97501764525867, 40.675551691133066], [-73.9750745878416, 40.67557422896204], [-73.97509032456942, 40.675571615473906], [-73.97514789042935, 40.675594399242], [-73.97509189875109, 40.675676400623935], [-73.97503433283984, 40.67565361592759], [-73.97503188039313, 40.67564240398553], [-73.97495400796072, 40.67561158224776], [-73.97493715342789, 40.67560491116555], [-73.97492465650619, 40.67561020707206]]]]}",0,0,Park Slope Historic District,Brownstone,224.4571747,7501,0,0,1889,0,Thomas Stent,0,0,0,0
3065095,"{'type': 'MultiPolygon', 'coordinates': [[[[-73.95432065666957, 40.728547207083516], [-73.95430047460712, 40.72851205942097], [-73.95431307821195, 40.72850787165341], [-73.95430782874958, 40.7284987294061], [-73.954320711774, 40.72849444809566], [-73.95438268311115, 40.72847385461364], [-73.95441415985644, 40.72852867294565], [-73.95440635734433, 40.728531266023325], [-73.95439384490818, 40.72853542412042], [-73.95432670183338, 40.72855773552876], [-73.95432065666957, 40.728547207083516]]]]}",0,0,Greenpoint Historic District,Philadelphia Brick,96.4921322971,6,0,0,1874,0,E. S. Evans,0,0,0,0
3025904,"{'type': 'MultiPolygon', 'coordinates': [[[[-73.98026907991, 40.6665578429708], [-73.98034894347006, 40.66646216152577], [-73.98040900384677, 40.666491228713895], [-73.98031782217228, 40.666600469132035], [-73.98028513201538, 40.666584648675695], [-73.98026938334291, 40.66660351538406], [-73.9802615460307, 40.666599722868], [-73.9802420130594, 40.66659026950186], [-73.98026777264762, 40.666559408743645], [-73.98026907991, 40.6665578429708]]]]}",0,0,Park Slope Historic District Extension,Brownstone,150.090164276,59,0,0,1891,0,Baker & Lincoln,1,0,0,0
3259290,"{'type': 'MultiPolygon', 'coordinates': [[[[-73.98095305240405, 40.6626490748324], [-73.9810434467824, 40.662541135877774], [-73.98109928631791, 40.66256825240608], [-73.98099891256662, 40.66268810808846], [-73.9809612415858, 40.66266981507674], [-73.98095508074083, 40.66267717127449], [-73.98093691212544, 40.662668347708596], [-73.98095305240405, 40.6626490748324]]]]}",0,0,Park Slope Historic District,Brick,146.68638153,71,0,0,1890,0,William Hawkins,0,0,0,0
3002482,"{'type': 'MultiPolygon', 'coordinates': [[[[-73.99522220056988, 40.69223490875278], [-73.99517389878052, 40.69222164308176], [-73.99520022628121, 40.692166105044706], [-73.9952509497487, 40.692180036283915], [-73.99525483437688, 40.6921718444775], [-73.99539751323074, 40.69221103069135], [-73.99536730244046, 40.692274760583395], [-73.99522220056988, 40.69223490875278]]]]}",0,0,Brooklyn Heights Historic District,Brick,163.403528964,19,0,0,1849,0,Not determined,0,1,Original details and stoop have been removed from No. 277.,0
3121289,"{'type': 'MultiPolygon', 'coordinates': [[[[-73.9605701501075, 40.633009698527594], [-73.960581461272, 40.63299713746014], [-73.96061500485887, 40.63299318396835], [-73.96062467061932, 40.63299866783931], [-73.96062584332901, 40.633004445972716], [-73.96064561532215, 40.633002114993715], [-73.96064277488091, 40.63298812805613], [-73.96072482637267, 40.63297845751967], [-73.96074605911981, 40.6330830105586], [-73.96056377850707, 40.633104494909475], [-73.96055310863903, 40.63305195315269], [-73.96057295275733, 40.63304961410622], [-73.96056497127702, 40.633010309104684], [-73.9605701501075, 40.633009698527594]]]]}",0,0,Fiske Terrace-Midwood Park Historic District,Wood Frame,184.829301417,11,0,Cement Block,1903,0,Benjamin Driesler,1,1,0,0
3117190,"{'type': 'MultiPolygon', 'coordinates': [[[[-73.95913736197465, 40.648416123303555], [-73.95915857264953, 40.64841390655887], [-73.95915171613761, 40.64837584283925], [-73.9591502962918, 40.64836795830173], [-73.95917024180736, 40.648365874382144], [-73.95918927097942, 40.64836388648939], [-73.95921572268496, 40.64851074961029], [-73.95915553838914, 40.64851703817994], [-73.95913736197465, 40.648416123303555]]]]}",0,0,Albemarle-Kenmore Terraces Historic District,Red Brick,141.72969718,103,0,0,1917,0,Slee & Bryson,0,0,0,0
3026231,"{'type': 'MultiPolygon', 'coordinates': [[[[-73.97821351864572, 40.66386227908617], [-73.97830458753599, 40.66375347973139], [-73.978358195811, 40.66377950033701], [-73.97826712697312, 40.66388829883337], [-73.97825301752309, 40.663881450443476], [-73.97825427224723, 40.66389229919826], [-73.97822811291839, 40.66392355206466], [-73.97821595295098, 40.66392573171316], [-73.97818677394875, 40.663911569170125], [-73.97818126311184, 40.663900813261144], [-73.97821351864572, 40.66386227908617]]]]}",0,0,Park Slope Historic District,Roman Brick,167.681477145,54,0,0,1901,0,Thomas Bennett,0,0,0,0
3052644,"{'type': 'MultiPolygon', 'coordinates': [[[[-73.95243481904023, 40.68163070668038], [-73.95250819257737, 40.68162241803674], [-73.95253052797274, 40.68173700959179], [-73.9524571543131, 40.68174529734912], [-73.95243481904023, 40.68163070668038]]]]}",0,0,Bedford Historic District,Brownstone,125.558897611,93,0,0,1881,0,Thomas B. Jackson,1,0,0,0
3002681,"{'type': 'MultiPolygon', 'coordinates': [[[[-73.99313831285602, 40.691274373804596], [-73.9931625236912, 40.6912218384115], [-73.9931837158321, 40.69117585316639], [-73.99319244046808, 40.69115692039495], [-73.993278654819, 40.69117993987584], [-73.99325563451156, 40.691229893592386], [-73.99322452734035, 40.691297393325655], [-73.99313831285602, 40.691274373804596]]]]}",0,0,Brooklyn Heights Historic District,Brownstone,141.3701861,34,0,0,1860,0,Not determined,0,1,Stoop removed and a fourth story added to No. 14.,0
3026575,"{'type': 'MultiPolygon', 'coordinates': [[[[-73.98411867615678, 40.66331290717882], [-73.98416676718452, 40.66325474856907], [-73.98427600137747, 40.66330712586518], [-73.98436448520805, 40.66334955223684], [-73.98431639428415, 40.66340771182922], [-73.98414156802625, 40.66332388312633], [-73.98411867615678, 40.66331290717882]]]]}",0,0,Park Slope Historic District Extension,Buff Brick,179.723637593,2,0,0,1894,0,Robert Dixon,0,1,0,0
3003113,"{'type': 'MultiPolygon', 'coordinates': [[[[-73.99822317954342, 40.68922691199974], [-73.99823225148587, 40.689207977946545], [-73.9982643167624, 40.68914105498616], [-73.99826635995593, 40.68913679018585], [-73.99834664414607, 40.68915907907211], [-73.99832963728063, 40.689194574360044], [-73.99830346264444, 40.68924920091585], [-73.99822317954342, 40.68922691199974]]]]}",0,0,Cobble Hill Historic District,Brick,117.298049989,39,0,0,1853,0,Not determined,0,0,0,0
3028895,"{'type': 'MultiPolygon', 'coordinates': [[[[-73.964562419932, 40.67607206759838], [-73.96460613847381, 40.6759513967566], [-73.96466742147986, 40.675964266839976], [-73.96462370304071, 40.67608493680425], [-73.96460495433422, 40.67613668722805], [-73.96454367118137, 40.6761238180122], [-73.964562419932, 40.67607206759838]]]]}",0,0,Prospect Heights Historic District,Sandstone,165.594546073,60,0,0,1895,0,Dahlander & Hedman,1,0,0,0
3053578,"{'type': 'MultiPolygon', 'coordinates': [[[[-73.93878774423135, 40.68132256478863], [-73.9388266144112, 40.68131809009235], [-73.93882105685553, 40.681290115358685], [-73.93885697777131, 40.68128597947844], [-73.93886253534177, 40.68131395421032], [-73.93888810022051, 40.68144264409575], [-73.93881330896907, 40.68145125469063], [-73.93878774423135, 40.68132256478863]]]]}",0,0,Stuyvesant Heights Historic District,Brownstone,157.412616463,26,0,0,1888,0,Arthur Taylor (builder),0,0,0,0
3052746,"{'type': 'MultiPolygon', 'coordinates': [[[[-73.94516801969208, 40.68284085054432], [-73.94516328971048, 40.682817244011936], [-73.94519661079362, 40.68281337506835], [-73.94520134196979, 40.68283698159993], [-73.94523545687147, 40.68283301936976], [-73.94526036280327, 40.68295730217992], [-73.94526176943941, 40.68296432415819], [-73.94523023820493, 40.68296798595374], [-73.94519433212959, 40.68297215624855], [-73.94516801969208, 40.68284085054432]]]]}",0,0,Bedford Historic District,Brownstone,152.023736007,21,0,0,1890,0,Isaac D. Reynolds,1,0,0,0
3119452,"{'type': 'MultiPolygon', 'coordinates': [[[[-73.96171922671596, 40.638828869682236], [-73.96171626385603, 40.63881314653938], [-73.96174751429189, 40.63880972866446], [-73.96175083308036, 40.638827340312716], [-73.96180573237253, 40.63882133679191], [-73.96180708417253, 40.63882850987252], [-73.96184691624477, 40.63882415377854], [-73.96185998291244, 40.638893492651796], [-73.96165101824538, 40.638916344956435], [-73.96163624290776, 40.63883794447004], [-73.96171922671596, 40.638828869682236]]]]}",0,0,Ditmas Park Historic District,Wood Frame,186.466122894,64,0,0,1920,0,Seth H. Cutting,0,0,0,0
