trip_id,qday1triptravelcode11,qagecode,qday1triptravelcode01,ntacode_home,qday1triptransitto7,qday1triptravelcode14,qday1tripbikestore,qntacode_end,qday1tripstartpm,qday1trippurpose,qwelfare3,qrace,qborough_start,qday1triptravelcode_sp,qsurveyzone_home,qeducation,qday1triptravelcode17,qprecipitation,qdisability4,qhispanic,qday1triptravelcode13,qpurposerecode,qday1triptravelcode23,qwelfare5,qday1triptransitfrom2,qwelfare2,qwelfare4,qday1tripparkpay_amount,qsunrise,qday1triptravelcode22,allwt,qday1triptravelcode27,qcaraccess,qborough_home
1105048,No,35-44,Yes,,No,No,,MN36,,Commute to/from work,Yes,Asian,Manhattan,Subway,Northern Manhattan,"Bachelor's degree (i.e., BA, BS, AB)",No,,No,"No, not of Hispanic, Latino, or Spanish origin",No,Commute to/from work,No,No,No,No,No,,,No,0.641300558,No,I personally own or lease a car,Manhattan
1100178,No,25-34,Yes,,No,No,,QN66,Home,Personal errands,Yes,Black/ African American/ Caribbean American,Queens,Local bus,Outer Queens,Some college but degree not received or in progress,No,0.0,No,"No, not of Hispanic, Latino, or Spanish origin",No,Personal errands,No,No,No,No,No,,5.47,No,1.106620083,No,"I do not personally own or lease a car, but I have access to a car belonging to a member of my household",Queens
1103313,No,65 or older,Yes,,,No,,QN53,,Dining,Yes,White/Caucasian,Queens,Walk,Middle Queens,Some college but degree not received or in progress,No,0.0,No,"No, not of Hispanic, Latino, or Spanish origin",No,Dining,No,No,,No,No,,5.25,No,0.945319395,No,"I do not personally own or lease a car, but I have access to a car belonging to a member of my household",Queens
1100938,No,35-44,Yes,,No,No,,MN40,,Commute to/from work,Yes,White/Caucasian,Queens,Subway,Inner Queens,"Graduate degree (i.e., Master's, Professional, Doctorate)",No,0.65,No,"No, not of Hispanic, Latino, or Spanish origin",No,Commute to/from work,No,No,No,No,No,,5.35,No,0.233434,No,"I do not personally own or lease a car, but I have access to a car belonging to a member of my household",Queens
1103799,Yes,35-44,No,,,No,,MN12,,Shopping,Yes,White/Caucasian,Manhattan,Personal car,Northern Manhattan,"Bachelor's degree (i.e., BA, BS, AB)",No,,No,"No, not of Hispanic, Latino, or Spanish origin",No,Shopping,No,No,,No,No,,,No,0.30794519,No,I personally own or lease a car,Manhattan
1104398,No,65 or older,Yes,,,No,,MN17,,Other,Yes,Black/ African American/ Caribbean American,Manhattan,Walk,Manhattan Core,"Graduate degree (i.e., Master's, Professional, Doctorate)",No,,No,"No, not of Hispanic, Latino, or Spanish origin",No,Other,No,No,,No,No,,,No,0.674810451,No,Other,Manhattan
1101314,Yes,55-64,No,,,No,,MN12,,Social/recreation,Yes,Asian,Queens,Personal car,Inner Queens,"Graduate degree (i.e., Master's, Professional, Doctorate)",No,0.0,No,"No, not of Hispanic, Latino, or Spanish origin",No,Social/recreation,No,No,,No,No,,5.34,No,0.622708658,No,Other,Queens
1103761,No,35-44,Yes,,,No,,QN22,,Personal errands,Yes,Asian,Queens,Walk,Middle Queens,"Graduate degree (i.e., Master's, Professional, Doctorate)",No,0.0,No,"No, not of Hispanic, Latino, or Spanish origin",No,Personal errands,No,No,,No,No,,5.24,No,0.682939784,No,"I do not personally own or lease a car, but I have access to a car belonging to a member of my household",Queens
5103166,No,25-34,Yes,,,No,,MN12,Other,Dining,Yes,White/Caucasian,Manhattan,Walk,Inner Queens,"Bachelor's degree (i.e., BA, BS, AB)",No,0.0,No,"No, not of Hispanic, Latino, or Spanish origin",No,Dining,No,No,,No,No,,5.25,No,0.193717525,No,I do not have access to a car,Queens
1105251,No,35-44,Yes,,No,No,,BK68,,Other,Yes,Black/ African American/ Caribbean American,Manhattan,Subway,Northern Manhattan,Some college but degree not received or in progress,No,,No,"No, not of Hispanic, Latino, or Spanish origin",No,Social/recreation,No,No,No,No,No,,,No,0.910288733,No,Other,Manhattan
52201756,No,25-34,No,MN36,,No,In your home or apartment,,,Social/recreation,Yes,White/Caucasian,Manhattan,Personal bicycle,Northern Manhattan,"Graduate degree (i.e., Master's, Professional, Doctorate)",No,0.44,No,"No, not of Hispanic, Latino, or Spanish origin",No,Social/recreation,No,No,,No,No,,5.29,No,0.897165996,No,I do not have access to a car,Manhattan
1103978,No,18-24,Yes,,,No,,BK37,,Social/recreation,Yes,Other,Brooklyn,Walk,Inner Brooklyn,"Bachelor's degree (i.e., BA, BS, AB)",No,,No,"Yes, Mexican, Mexican American, Chicano",No,Social/recreation,No,No,,No,No,,,No,0.913253347,No,I do not have access to a car,Brooklyn
2100034,No,65 or older,Yes,,,No,,MN12,,Shopping,Yes,Black/ African American/ Caribbean American,Manhattan,Walk,Manhattan Core,"Bachelor's degree (i.e., BA, BS, AB)",No,0.0,No,"No, not of Hispanic, Latino, or Spanish origin",No,Shopping,No,No,,No,No,,5.51,No,0.840285905,No,I do not have access to a car,Manhattan
1101976,No,25-34,Yes,,,No,,BK28,,Shopping,Yes,Other,Brooklyn,Walk,Outer Brooklyn,"Bachelor's degree (i.e., BA, BS, AB)",No,0.0,No,"Yes, Puerto Rican",No,Shopping,No,No,,No,No,,5.3,No,1.745094062,No,I personally own or lease a car,Brooklyn
1104773,No,18-24,Yes,,No,No,,MN17,,Commute to/from work,Yes,Two or more races,Manhattan,Subway,Manhattan Core,"Graduate degree (i.e., Master's, Professional, Doctorate)",No,,No,"No, not of Hispanic, Latino, or Spanish origin",No,Commute to/from work,No,No,No,No,No,,,No,0.147336945,No,"I do not personally own or lease a car, but I have access to a car belonging to a member of my household",Manhattan
1103639,Yes,25-34,No,,,No,,BX06,,Shopping,Yes,Black/ African American/ Caribbean American,The Bronx,Personal car,Northern Bronx,"Bachelor's degree (i.e., BA, BS, AB)",No,0.01,No,"No, not of Hispanic, Latino, or Spanish origin",No,Shopping,No,No,,No,No,,5.24,No,0.172997652,No,I personally own or lease a car,The Bronx
1104215,No,18-24,Yes,,No,No,,MN40,,School,Yes,Other,Queens,Subway,Inner Queens,"High school graduate or equivalent (i.e., GED)",No,,No,"No, not of Hispanic, Latino, or Spanish origin",No,School,No,No,No,No,No,,,No,1.109846903,No,I do not have access to a car,Queens
1104484,No,18-24,Yes,,,No,,BX30,,Shopping,Yes,White/Caucasian,The Bronx,Walk,Southern Bronx,Some high school,No,,No,"Yes, Other",No,Shopping,No,No,,No,No,,,No,2.530809258,No,"I do not personally own or lease a car, but I have access to a car belonging to a member of my household",The Bronx
1101895,No,45-54,Yes,,No,No,,MN25,,Commute to/from work,Yes,White/Caucasian,Staten Island,Staten Island ferry,Staten Island,"Bachelor's degree (i.e., BA, BS, AB)",No,0.0,No,"No, not of Hispanic, Latino, or Spanish origin",No,Commute to/from work,No,No,No,No,No,,5.31,No,0.11397276,No,I personally own or lease a car,Staten Island
1101346,Yes,45-54,No,,,No,,SI24,,Shopping,Yes,White/Caucasian,Staten Island,Personal car,Staten Island,"High school graduate or equivalent (i.e., GED)",No,0.0,No,"No, not of Hispanic, Latino, or Spanish origin",No,Shopping,No,No,,No,No,,5.34,No,0.83910675,No,I personally own or lease a car,Staten Island
1100652,Yes,65 or older,No,,,No,,SI36,,Other,Yes,White/Caucasian,Staten Island,Personal car,Staten Island,"Graduate degree (i.e., Master's, Professional, Doctorate)",No,0.34,No,"No, not of Hispanic, Latino, or Spanish origin",No,Other,No,No,,No,No,,5.38,No,0.17276586,No,I personally own or lease a car,Staten Island
1101262,No,55-64,Yes,,,No,,QN17,,Shopping,Yes,White/Caucasian,Queens,Walk,Middle Queens,"Bachelor's degree (i.e., BA, BS, AB)",No,0.0,No,"No, not of Hispanic, Latino, or Spanish origin",No,Shopping,No,No,,No,No,,5.34,No,0.442655554,No,I do not have access to a car,Queens
11202339,No,55-64,Yes,QN72,No,No,,,,Commute to/from work,Yes,Refused,Queens,Subway,Inner Queens,Some college but degree not received or in progress,No,0.1,No,Refused,No,Commute to/from work,No,No,No,No,No,,5.27,No,0.618996125,No,I do not have access to a car,Queens
1100442,No,65 or older,Yes,,,No,,BK60,,Shopping,Yes,White/Caucasian,Brooklyn,Walk,Inner Brooklyn,"Graduate degree (i.e., Master's, Professional, Doctorate)",No,0.1,No,"No, not of Hispanic, Latino, or Spanish origin",No,Shopping,No,No,,No,No,,5.41,No,1.1061315,No,I do not have access to a car,Brooklyn
1102673,Yes,35-44,No,,,No,,QN01,,Commute to/from work,Yes,Black/ African American/ Caribbean American,Brooklyn,Personal car,Inner Brooklyn,Some college but degree not received or in progress,No,0.25,No,"No, not of Hispanic, Latino, or Spanish origin",No,Commute to/from work,No,No,,No,No,,5.26,No,1.250532902,No,"I do not personally own or lease a car, but I have access to a car belonging to a member of my household",Brooklyn
1100197,Yes,25-34,No,,,No,,MN99,,Commute to/from work,Yes,Asian,Queens,Personal car,Outer Queens,"Bachelor's degree (i.e., BA, BS, AB)",No,0.0,No,"No, not of Hispanic, Latino, or Spanish origin",No,Commute to/from work,No,No,,No,No,,5.46,No,0.779616457,No,I personally own or lease a car,Queens
1100338,No,25-34,Yes,,No,No,,BK34,,School,No,White/Caucasian,Brooklyn,Local bus,Inner Brooklyn,"High school graduate or equivalent (i.e., GED)",No,0.25,No,"Yes, Puerto Rican",No,School,No,No,No,No,No,,5.44,No,8.416539952,No,I do not have access to a car,Brooklyn
1100201,No,35-44,Yes,,No,No,,BX49,,Personal errands,Yes,White/Caucasian,The Bronx,Local bus,Southern Bronx,"Bachelor's degree (i.e., BA, BS, AB)",No,0.0,No,"No, not of Hispanic, Latino, or Spanish origin",No,Personal errands,No,No,No,No,No,,5.46,No,0.195956424,No,I do not have access to a car,The Bronx
52201530,No,18-24,No,,,No,On the street,,,Social/recreation,Yes,White/Caucasian,Brooklyn,Citi Bike,Manhattan Core,Some college but degree not received or in progress,No,0.0,No,"No, not of Hispanic, Latino, or Spanish origin",No,Social/recreation,No,No,,No,No,,5.31,Yes,0.724989327,No,I personally own or lease a car,Manhattan
1100557,No,35-44,Yes,,,No,,BK78,,Business,Yes,Other,Brooklyn,Walk,Inner Brooklyn,"High school graduate or equivalent (i.e., GED)",No,0.58,No,"No, not of Hispanic, Latino, or Spanish origin",No,Business,No,No,,No,No,,5.39,No,3.97458533,No,"I do not personally own or lease a car, but I have access to a car belonging to a member of my household",Brooklyn
12202276,No,25-34,No,,,No,,,,Social/recreation,Yes,Other,Queens,Personal bicycle,Inner Queens,"Graduate degree (i.e., Master's, Professional, Doctorate)",No,0.1,No,"Yes, Mexican, Mexican American, Chicano",No,Social/recreation,No,No,,No,No,,5.27,No,0.717781843,No,"I do not personally own or lease a car, but I have access to a car belonging to a member of my household",Queens
1100170,No,45-54,Yes,,,No,,BK61,,Shopping,Yes,White/Caucasian,Brooklyn,Walk,Inner Brooklyn,"High school graduate or equivalent (i.e., GED)",No,0.0,No,"Yes, Puerto Rican",No,Shopping,No,No,,No,No,,5.47,No,8.196935001,No,"I do not personally own or lease a car, but I have access to a car belonging to a member of my household",Brooklyn
1103094,No,65 or older,No,,,No,,SI24,Other,Other,Yes,White/Caucasian,Staten Island,Other,Staten Island,Some college but degree not received or in progress,No,0.0,No,"No, not of Hispanic, Latino, or Spanish origin",No,Other,No,No,,No,No,,5.26,No,0.429860778,No,I do not have access to a car,Staten Island
14200055,No,45-54,Yes,BX26,No,No,,,Work,Commute to/from work,Yes,Other,The Bronx,Subway,Southern Bronx,"Bachelor's degree (i.e., BA, BS, AB)",No,0.0,No,"Yes, Puerto Rican",No,Commute to/from work,No,No,No,No,No,,5.51,No,0.472276648,No,I do not have access to a car,The Bronx
4100749,No,35-44,No,,,No,On the street,BK37,Home,Other,Yes,Black/ African American/ Caribbean American,Brooklyn,Personal bicycle,Inner Brooklyn,"Bachelor's degree (i.e., BA, BS, AB)",No,0.22,No,"No, not of Hispanic, Latino, or Spanish origin",No,Other,No,No,,No,No,,5.37,No,1.168061244,No,I personally own or lease a car,Brooklyn
53202733,No,35-44,No,BK64,,No,On the street,,Work,Commute to/from work,Yes,White/Caucasian,Brooklyn,Citi Bike,Inner Brooklyn,"Bachelor's degree (i.e., BA, BS, AB)",No,0.0,No,"No, not of Hispanic, Latino, or Spanish origin",No,Commute to/from work,No,No,,No,No,,5.25,Yes,0.750643702,No,I do not have access to a car,Brooklyn
1100167,No,35-44,Yes,,No,No,,MN13,,Shopping,Yes,White/Caucasian,Manhattan,Subway,Manhattan Core,"Graduate degree (i.e., Master's, Professional, Doctorate)",No,0.0,No,"No, not of Hispanic, Latino, or Spanish origin",No,Shopping,No,No,No,No,No,,5.47,No,0.265064237,No,I do not have access to a car,Manhattan
1102242,No,35-44,Yes,,,No,,MN33,,Shopping,Yes,Black/ African American/ Caribbean American,Manhattan,Walk,Northern Manhattan,"Bachelor's degree (i.e., BA, BS, AB)",No,0.0,No,"No, not of Hispanic, Latino, or Spanish origin",No,Shopping,No,No,,No,No,,5.28,No,0.300540206,No,I personally own or lease a car,Manhattan
1105404,No,35-44,No,,,No,,BK38,,Personal errands,Yes,White/Caucasian,Brooklyn,Carshare,Inner Brooklyn,"Associate degree (i.e., AA, AS)",No,,No,"No, not of Hispanic, Latino, or Spanish origin",No,Personal errands,No,No,,No,No,,,No,1.354085043,No,I do not have access to a car,Brooklyn
2100085,No,55-64,Yes,,,No,,BK68,,Commute to/from work,Yes,White/Caucasian,Brooklyn,Walk,Inner Brooklyn,"Graduate degree (i.e., Master's, Professional, Doctorate)",No,0.0,No,"No, not of Hispanic, Latino, or Spanish origin",No,Commute to/from work,No,No,,No,No,,5.49,No,0.768186785,No,I personally own or lease a car,Brooklyn
1100603,No,35-44,Yes,,,No,,BX52,,Other,Yes,White/Caucasian,The Bronx,Walk,Northern Bronx,Some college but degree not received or in progress,No,0.58,No,"No, not of Hispanic, Latino, or Spanish origin",No,Shopping,No,No,,No,No,,5.39,No,0.338536086,No,"I do not personally own or lease a car, but I have access to a car belonging to a member of my household",The Bronx
1102254,No,55-64,Yes,,No,No,,MN13,,Social/recreation,Yes,Asian,Queens,Subway,Inner Queens,"Graduate degree (i.e., Master's, Professional, Doctorate)",No,0.0,No,"No, not of Hispanic, Latino, or Spanish origin",No,Social/recreation,No,No,No,No,No,,5.28,No,0.821771412,No,I do not have access to a car,Queens
3105371,No,25-34,No,,,No,,BK90,Other,Business,Yes,White/Caucasian,Queens,Carshare,Inner Brooklyn,"Graduate degree (i.e., Master's, Professional, Doctorate)",No,,No,"No, not of Hispanic, Latino, or Spanish origin",No,Business,No,No,,No,No,,,No,0.686552403,No,I do not have access to a car,Brooklyn
3100499,No,55-64,Yes,,No,No,,MN12,Friend or family member's home,Other,No,White/Caucasian,Manhattan,Local bus,Northern Manhattan,"High school graduate or equivalent (i.e., GED)",No,0.03,No,"Yes, Other",No,Social/recreation,No,No,No,No,No,,5.4,No,6.486804385,No,I do not have access to a car,Manhattan
3103071,No,45-54,Yes,,,No,,SI48,,,Yes,White/Caucasian,Staten Island,Walk,Staten Island,Some college but degree not received or in progress,No,0.0,No,"Yes, Other",No,,No,No,,No,No,,5.26,No,0.364794553,No,I do not have access to a car,Staten Island
1100298,No,65 or older,Yes,,,No,,BK31,,Shopping,Yes,White/Caucasian,Brooklyn,Walk,Outer Brooklyn,"Bachelor's degree (i.e., BA, BS, AB)",No,0.25,No,"No, not of Hispanic, Latino, or Spanish origin",No,Shopping,No,No,,No,No,,5.44,No,1.406169933,No,I personally own or lease a car,Brooklyn
11201480,No,65 or older,Yes,,No,No,,,,Commute to/from work,Yes,Other,,Local bus,Inner Queens,No high school,No,0.0,No,"Yes, Other",No,Commute to/from work,No,No,No,No,No,,5.31,No,2.337011869,No,I do not have access to a car,Queens
1100456,No,65 or older,Yes,,No,No,,MN17,,Commute to/from work,Yes,White/Caucasian,Staten Island,Subway,Staten Island,"High school graduate or equivalent (i.e., GED)",No,0.1,Yes,"No, not of Hispanic, Latino, or Spanish origin",No,Commute to/from work,No,No,No,No,No,,5.41,No,1.477734334,No,I personally own or lease a car,Staten Island
1105405,Yes,25-34,No,,,No,,BK60,,Social/recreation,No,White/Caucasian,Brooklyn,Personal car,Inner Brooklyn,"High school graduate or equivalent (i.e., GED)",No,,Yes,"No, not of Hispanic, Latino, or Spanish origin",No,Social/recreation,No,No,,No,No,100.0,,No,1.407968516,No,I personally own or lease a car,Brooklyn
11200778,No,45-54,No,BK33,,No,On the street,,,Social/recreation,Yes,White/Caucasian,Brooklyn,Personal bicycle,Inner Brooklyn,"Bachelor's degree (i.e., BA, BS, AB)",No,0.0,No,"No, not of Hispanic, Latino, or Spanish origin",No,Social/recreation,No,No,,No,No,,5.36,No,0.917171928,No,I personally own or lease a car,Brooklyn
1102730,No,35-44,Yes,,,No,,BK96,,Personal errands,Yes,Other,Brooklyn,Walk,Inner Brooklyn,"High school graduate or equivalent (i.e., GED)",No,0.25,No,"No, not of Hispanic, Latino, or Spanish origin",No,Personal errands,No,No,,No,No,,5.26,No,3.97458533,No,"I do not personally own or lease a car, but I have access to a car belonging to a member of my household",Brooklyn
1102079,No,45-54,Yes,,No,No,,QN48,,Commute to/from work,Yes,White/Caucasian,Queens,Local bus,Inner Queens,"Graduate degree (i.e., Master's, Professional, Doctorate)",No,0.0,No,"No, not of Hispanic, Latino, or Spanish origin",No,Commute to/from work,No,No,No,No,No,,5.29,No,0.303081642,No,I do not have access to a car,Queens
1102635,No,18-24,Yes,,No,No,,MN24,,School,No,Black/ African American/ Caribbean American,Manhattan,Subway,Northern Manhattan,Some high school,No,0.25,No,"No, not of Hispanic, Latino, or Spanish origin",No,School,No,No,No,Yes,No,,5.26,No,2.308654053,No,I do not have access to a car,Manhattan
1103103,No,35-44,No,,,No,,BX99,,Social/recreation,Yes,Black/ African American/ Caribbean American,The Bronx,Car Service,Northern Bronx,"Associate degree (i.e., AA, AS)",No,0.0,No,"No, not of Hispanic, Latino, or Spanish origin",No,Social/recreation,No,No,,No,No,,5.26,No,0.312646917,No,"I do not personally own or lease a car, but I have access to a car belonging to a member of my household",The Bronx
1103845,No,35-44,Yes,,No,No,,BK73,,Commute to/from work,Yes,Asian,Queens,Subway,Middle Queens,"Bachelor's degree (i.e., BA, BS, AB)",No,,No,"No, not of Hispanic, Latino, or Spanish origin",No,Commute to/from work,No,No,No,No,No,,,No,0.662516599,No,"I do not personally own or lease a car, but I have access to a car belonging to a member of my household",Queens
11202346,No,55-64,Yes,QN29,No,No,,,,Commute to/from work,Yes,White/Caucasian,Queens,Subway,Inner Queens,"High school graduate or equivalent (i.e., GED)",No,0.1,No,"Yes, Other",No,Commute to/from work,No,No,No,No,No,,5.27,No,1.935029233,No,I do not have access to a car,Queens
3101847,No,55-64,Yes,,,No,,QN28,,Other,Yes,White/Caucasian,Queens,Walk,Inner Queens,Some college but degree not received or in progress,No,0.29,No,"No, not of Hispanic, Latino, or Spanish origin",No,Other,No,No,,No,No,,5.33,No,0.860310724,No,I do not have access to a car,Queens
1104457,No,65 or older,Yes,,No,No,,MN99,,Social/recreation,Yes,Black/ African American/ Caribbean American,The Bronx,Express bus,Northern Bronx,"Bachelor's degree (i.e., BA, BS, AB)",No,,No,"No, not of Hispanic, Latino, or Spanish origin",No,Social/recreation,No,No,No,No,No,,,No,0.505979809,No,I personally own or lease a car,The Bronx
1103528,No,18-24,Yes,,No,No,,QN29,,Commute to/from work,Yes,Asian,Queens,Subway,Inner Queens,"Associate degree (i.e., AA, AS)",No,0.0,No,"No, not of Hispanic, Latino, or Spanish origin",No,Commute to/from work,No,No,No,No,No,,5.24,No,0.943003536,No,"I do not personally own or lease a car, but I have access to a car belonging to a member of my household",Queens
1102273,Yes,25-34,No,,,No,,MN03,,Commute to/from work,Yes,White/Caucasian,Manhattan,Personal car,Northern Bronx,"Bachelor's degree (i.e., BA, BS, AB)",No,0.0,No,"No, not of Hispanic, Latino, or Spanish origin",No,Commute to/from work,No,No,,No,No,2.0,5.28,No,0.349968433,No,I personally own or lease a car,The Bronx
1101916,No,35-44,No,,,No,,QN38,,Business,No,White/Caucasian,The Bronx,Carshare,Manhattan Core,"Graduate degree (i.e., Master's, Professional, Doctorate)",No,0.0,No,"No, not of Hispanic, Latino, or Spanish origin",No,Business,No,No,,No,No,200.0,5.31,No,0.270605678,No,I personally own or lease a car,Manhattan
51200985,No,45-54,No,BK73,,No,On the street,,,Commute to/from work,Yes,White/Caucasian,Brooklyn,Personal bicycle,Inner Brooklyn,"Bachelor's degree (i.e., BA, BS, AB)",No,0.0,No,"No, not of Hispanic, Latino, or Spanish origin",No,Commute to/from work,No,No,,No,No,,5.34,No,0.490646326,No,I personally own or lease a car,Brooklyn
1102239,No,25-34,Yes,,No,No,,QN26,,Shopping,Yes,Asian,Queens,Subway,Inner Queens,"Graduate degree (i.e., Master's, Professional, Doctorate)",No,0.0,No,"No, not of Hispanic, Latino, or Spanish origin",No,Shopping,No,No,No,No,No,,5.28,No,0.39351635,No,I do not have access to a car,Queens
1100161,No,45-54,Yes,,No,No,,QN22,,Other,Yes,Asian,Queens,Local bus,Outer Queens,"Bachelor's degree (i.e., BA, BS, AB)",No,0.0,No,"No, not of Hispanic, Latino, or Spanish origin",No,Other,No,No,No,No,No,,5.47,No,0.854167131,No,I personally own or lease a car,Queens
1102263,No,65 or older,No,,,No,,BK73,,Other,Yes,White/Caucasian,Brooklyn,Other,Inner Brooklyn,"Graduate degree (i.e., Master's, Professional, Doctorate)",No,0.0,No,"No, not of Hispanic, Latino, or Spanish origin",No,Other,No,No,,No,No,,5.28,No,1.1061315,No,I personally own or lease a car,Brooklyn
1100435,Yes,65 or older,No,,,No,,QN98,,Other,Yes,Black/ African American/ Caribbean American,Queens,Personal car,Outer Queens,"Associate degree (i.e., AA, AS)",No,0.1,No,"No, not of Hispanic, Latino, or Spanish origin",No,Shopping,No,No,,No,No,,5.41,No,1.530590011,No,I personally own or lease a car,Queens
1100648,No,45-54,Yes,,,No,,SI54,,Shopping,Yes,White/Caucasian,Staten Island,Walk,Staten Island,"Graduate degree (i.e., Master's, Professional, Doctorate)",No,0.34,No,"No, not of Hispanic, Latino, or Spanish origin",No,Shopping,No,No,,No,No,,5.38,No,0.129462772,No,I personally own or lease a car,Staten Island
12200113,No,35-44,Yes,,No,No,,,,Commute to/from work,Yes,White/Caucasian,Manhattan,Subway,Manhattan Core,"Graduate degree (i.e., Master's, Professional, Doctorate)",No,0.0,No,"No, not of Hispanic, Latino, or Spanish origin",No,Commute to/from work,No,No,No,No,No,,5.49,No,0.398314885,No,I do not have access to a car,Manhattan
1100480,Yes,55-64,No,,,No,,SI01,,Dining,Yes,White/Caucasian,Staten Island,Personal car,Staten Island,"Graduate degree (i.e., Master's, Professional, Doctorate)",No,0.03,No,"No, not of Hispanic, Latino, or Spanish origin",No,Dining,No,No,,No,No,,5.4,No,0.134977678,No,I personally own or lease a car,Staten Island
1103989,Yes,65 or older,No,,,No,,QN22,,Other,Yes,White/Caucasian,Queens,Personal car,Middle Queens,"Graduate degree (i.e., Master's, Professional, Doctorate)",No,,No,"No, not of Hispanic, Latino, or Spanish origin",No,Other,No,No,,No,No,,,No,0.474454779,No,"I do not personally own or lease a car, but I have access to a car belonging to a member of my household",Queens
1100194,No,65 or older,No,,,No,,QN17,,Medical visit (doctor's office),Yes,White/Caucasian,Queens,Car Service,Middle Queens,"Bachelor's degree (i.e., BA, BS, AB)",No,0.0,No,"No, not of Hispanic, Latino, or Spanish origin",No,Medical visit (doctor's office),No,No,,No,No,,5.47,No,0.547183641,No,"I do not personally own or lease a car, but I have access to a car belonging to a member of my household",Queens
1100950,Yes,65 or older,No,,,No,,QN61,,Commute to/from work,Yes,White/Caucasian,Queens,Personal car,Middle Queens,Some college but degree not received or in progress,No,0.65,No,"No, not of Hispanic, Latino, or Spanish origin",No,Commute to/from work,No,No,,No,No,12.0,5.35,No,0.85786783,No,I personally own or lease a car,Queens
12201504,No,45-54,Yes,BX41,No,No,,,,Commute to/from work,Yes,Other,The Bronx,Subway,Southern Bronx,"High school graduate or equivalent (i.e., GED)",No,0.0,No,"Yes, Other",No,Commute to/from work,No,No,No,No,No,,5.31,No,1.331324012,No,I do not have access to a car,The Bronx
2100132,No,55-64,No,,,No,,QN41,Home,Social/recreation,Yes,Two or more races,Queens,Carshare,Manhattan Core,"Associate degree (i.e., AA, AS)",No,0.0,No,"No, not of Hispanic, Latino, or Spanish origin",No,Social/recreation,No,No,,No,No,,5.47,No,0.745412704,No,"I do not personally own or lease a car, but I have access to a car belonging to a member of my household",Manhattan
1100279,Yes,55-64,No,,,No,,BK58,,Medical visit (doctor's office),Yes,White/Caucasian,Brooklyn,Personal car,Outer Brooklyn,Some college but degree not received or in progress,No,0.0,No,"No, not of Hispanic, Latino, or Spanish origin",No,Medical visit (doctor's office),No,No,,No,No,,5.45,No,1.832983317,No,I personally own or lease a car,Brooklyn
1103693,No,18-24,Yes,,,No,,BX05,,Shopping,Yes,White/Caucasian,The Bronx,Walk,Southern Bronx,Some college but degree not received or in progress,No,0.0,No,"No, not of Hispanic, Latino, or Spanish origin",No,Shopping,No,No,,No,No,,5.24,No,0.16935925,No,I personally own or lease a car,The Bronx
1100778,Yes,45-54,No,,,No,,MN99,,Commute to/from work,Yes,White/Caucasian,Queens,Personal car,Inner Queens,"Bachelor's degree (i.e., BA, BS, AB)",No,0.22,No,"No, not of Hispanic, Latino, or Spanish origin",No,Commute to/from work,No,No,,No,No,,5.37,No,0.188663034,No,I personally own or lease a car,Queens
1103757,No,35-44,Yes,,,No,,BX29,,Shopping,Yes,Black/ African American/ Caribbean American,The Bronx,Walk,Northern Bronx,Some college but degree not received or in progress,No,0.0,No,"No, not of Hispanic, Latino, or Spanish origin",No,Shopping,No,No,,No,No,,5.24,No,0.584106445,No,I do not have access to a car,The Bronx
1100329,Yes,25-34,No,,,No,,BK61,,Shopping,No,White/Caucasian,Brooklyn,Personal car,Inner Brooklyn,"Graduate degree (i.e., Master's, Professional, Doctorate)",No,0.25,Yes,"No, not of Hispanic, Latino, or Spanish origin",No,Shopping,No,No,,No,No,20.0,5.44,No,0.772356217,No,I personally own or lease a car,Brooklyn
1102123,Yes,65 or older,No,,,No,,SI22,,Other,Yes,White/Caucasian,Staten Island,Personal car,Staten Island,"Bachelor's degree (i.e., BA, BS, AB)",No,0.0,No,"No, not of Hispanic, Latino, or Spanish origin",No,Other,No,No,,No,No,,5.29,No,0.212109533,No,I personally own or lease a car,Staten Island
1101237,Yes,25-34,No,,,No,,QN17,,Commute to/from work,Yes,White/Caucasian,Queens,Personal car,Middle Queens,"Graduate degree (i.e., Master's, Professional, Doctorate)",No,0.0,No,"No, not of Hispanic, Latino, or Spanish origin",No,Commute to/from work,No,No,,No,No,,5.34,No,0.276629043,No,I personally own or lease a car,Queens
1100092,No,55-64,Yes,,,No,,MN23,,Shopping,Yes,White/Caucasian,Manhattan,Walk,Manhattan Core,"Bachelor's degree (i.e., BA, BS, AB)",No,0.0,No,"No, not of Hispanic, Latino, or Spanish origin",No,Shopping,No,No,,No,No,,5.49,No,0.391581363,No,I do not have access to a car,Manhattan
1104798,No,35-44,Yes,,No,No,,MN13,,Commute to/from work,No,Asian,Queens,Subway,Middle Queens,"Graduate degree (i.e., Master's, Professional, Doctorate)",No,,No,"No, not of Hispanic, Latino, or Spanish origin",No,Commute to/from work,No,No,No,No,No,,,No,0.517507071,No,"I do not personally own or lease a car, but I have access to a car belonging to a member of my household",Queens
11202717,No,25-34,No,,,No,In your home or apartment,,,Commute to/from work,Yes,Black/ African American/ Caribbean American,Queens,Personal bicycle,Middle Queens,"Bachelor's degree (i.e., BA, BS, AB)",No,0.25,No,"No, not of Hispanic, Latino, or Spanish origin",No,Commute to/from work,No,No,,No,No,,5.26,No,0.868686684,No,I personally own or lease a car,Queens
1100907,No,35-44,Yes,,No,No,,MN24,,Commute to/from work,Yes,Black/ African American/ Caribbean American,The Bronx,Subway,Northern Bronx,"Associate degree (i.e., AA, AS)",No,0.65,No,"No, not of Hispanic, Latino, or Spanish origin",No,Commute to/from work,No,No,No,No,No,,5.35,No,0.548132149,No,"I do not personally own or lease a car, but I have access to a car belonging to a member of my household",The Bronx
1100460,No,45-54,Yes,,,No,,BK38,,Personal errands,No,White/Caucasian,Brooklyn,Walk,Inner Brooklyn,"Bachelor's degree (i.e., BA, BS, AB)",No,0.1,No,"No, not of Hispanic, Latino, or Spanish origin",No,Personal errands,No,No,,No,No,,5.41,No,0.744964657,No,I do not have access to a car,Brooklyn
1103355,No,18-24,No,,,No,,MN33,,School,Yes,White/Caucasian,Manhattan,Ride-hail service such as Uber or Lyft,Northern Manhattan,"High school graduate or equivalent (i.e., GED)",Yes,0.0,No,"No, not of Hispanic, Latino, or Spanish origin",No,School,No,No,,No,No,,5.24,No,1.367415,No,"I do not personally own or lease a car, but I have access to a car belonging to a member of my household",Manhattan
1103370,No,18-24,Yes,,No,No,,MN25,,Commute to/from work,Yes,White/Caucasian,Manhattan,Subway,Northern Manhattan,Some college but degree not received or in progress,No,0.0,No,"No, not of Hispanic, Latino, or Spanish origin",No,Commute to/from work,No,No,No,No,No,,5.24,No,0.466609917,No,I do not have access to a car,Manhattan
1100090,No,55-64,Yes,,,No,,MN12,Home,Shopping,Yes,Asian,Manhattan,Walk,Manhattan Core,Some college but degree not received or in progress,No,0.0,No,"No, not of Hispanic, Latino, or Spanish origin",No,Shopping,No,No,,No,No,,5.49,No,0.962348743,No,I do not have access to a car,Manhattan
1101944,Yes,35-44,No,,,No,,MN22,,Business,Yes,White/Caucasian,Manhattan,Personal car,Manhattan Core,"Graduate degree (i.e., Master's, Professional, Doctorate)",No,0.0,No,"No, not of Hispanic, Latino, or Spanish origin",No,Business,No,No,,No,No,,5.31,No,0.347350423,No,I personally own or lease a car,Manhattan
1103467,No,18-24,Yes,,No,No,,MN40,,School,No,Other,The Bronx,Subway,Northern Bronx,Some college but degree not received or in progress,No,0.0,No,"Yes, Puerto Rican",No,School,No,No,No,Yes,No,,5.24,No,0.394453454,No,I do not have access to a car,The Bronx
1104823,No,25-34,Yes,,No,No,,MN17,,Commute to/from work,Yes,Two or more races,The Bronx,Subway,Southern Bronx,"Bachelor's degree (i.e., BA, BS, AB)",No,,No,"Yes, Other",No,Commute to/from work,No,No,No,No,No,,,No,0.279956593,No,I do not have access to a car,The Bronx
12202463,No,45-54,Yes,BK33,No,No,,,,Commute to/from work,No,Refused,Brooklyn,Local bus,Inner Brooklyn,Some college but degree not received or in progress,No,0.27,No,Refused,No,Commute to/from work,No,No,No,Yes,No,,5.27,No,0.41719944,No,I do not have access to a car,Brooklyn
1100787,No,25-34,Yes,,No,No,,MN23,,Commute to/from work,Yes,White/Caucasian,Queens,Subway,Outer Queens,"Bachelor's degree (i.e., BA, BS, AB)",No,0.22,No,"Yes, Mexican, Mexican American, Chicano",No,Commute to/from work,No,No,No,No,No,,5.37,No,0.451186145,No,"I do not personally own or lease a car, but I have access to a car belonging to a member of my household",Queens
1102290,No,45-54,Yes,,No,No,,MN03,,Commute to/from work,Yes,Black/ African American/ Caribbean American,The Bronx,Subway,Northern Bronx,"Bachelor's degree (i.e., BA, BS, AB)",No,0.0,No,"No, not of Hispanic, Latino, or Spanish origin",No,Commute to/from work,No,No,No,No,No,,5.28,No,0.238279726,No,"I do not personally own or lease a car, but I have access to a car belonging to a member of my household",The Bronx
52200634,No,45-54,Yes,,No,No,,,,Commute to/from work,No,Other,Brooklyn,Local bus,Inner Brooklyn,Some college but degree not received or in progress,No,0.0,No,"Yes, Other",No,Commute to/from work,No,No,No,Yes,No,,5.36,No,0.574761291,No,I do not have access to a car,Brooklyn
2100204,No,25-34,Yes,,,No,,MN31,,Other,Yes,White/Caucasian,Manhattan,Walk,Manhattan Core,"Bachelor's degree (i.e., BA, BS, AB)",No,0.0,No,"Yes, Other",No,Other,No,No,,No,No,,5.46,No,0.815109052,No,I do not have access to a car,Manhattan
1102104,No,65 or older,Yes,,,No,,QN70,,Social/recreation,Yes,White/Caucasian,Queens,Walk,Inner Queens,"Graduate degree (i.e., Master's, Professional, Doctorate)",No,0.0,No,"No, not of Hispanic, Latino, or Spanish origin",No,Social/recreation,No,No,,No,No,,5.29,No,0.584046653,No,I do not have access to a car,Queens
2104294,No,35-44,Yes,,No,No,,QN62,,Shopping,No,Asian,Queens,Subway,Middle Queens,"Bachelor's degree (i.e., BA, BS, AB)",No,,No,"No, not of Hispanic, Latino, or Spanish origin",No,Shopping,No,No,No,No,Yes,,,No,0.622347259,No,I personally own or lease a car,Queens
1100129,No,35-44,Yes,,,No,,BK44,Home,Social/recreation,Yes,Black/ African American/ Caribbean American,Brooklyn,Walk,Outer Brooklyn,Some college but degree not received or in progress,No,0.0,No,"No, not of Hispanic, Latino, or Spanish origin",No,Social/recreation,No,No,,No,No,,5.47,No,2.074656852,No,I do not have access to a car,Brooklyn
1104620,No,18-24,Yes,,,No,,QN53,,Medical visit (doctor's office),Yes,White/Caucasian,Queens,Walk,Middle Queens,"Bachelor's degree (i.e., BA, BS, AB)",No,,No,"Yes, Cuban",No,Medical visit (doctor's office),No,No,,No,No,,,No,0.509751567,No,I personally own or lease a car,Queens
1101606,Yes,55-64,No,,,No,,BX62,,Dining,Yes,White/Caucasian,The Bronx,Personal car,Southern Bronx,"Bachelor's degree (i.e., BA, BS, AB)",No,0.0,No,"Yes, Other",No,Dining,No,No,,No,No,,5.33,No,0.352393424,No,I personally own or lease a car,The Bronx
1103558,No,18-24,Yes,,No,No,,MN14,,Personal errands,Yes,Asian,Manhattan,Subway,Northern Manhattan,"Bachelor's degree (i.e., BA, BS, AB)",No,0.01,No,"No, not of Hispanic, Latino, or Spanish origin",No,Personal errands,No,No,No,No,No,,5.24,No,0.453726926,No,"I do not personally own or lease a car, but I have access to a car belonging to a member of my household",Manhattan
1100220,No,45-54,Yes,,No,No,,MN17,,Commute to/from work,Yes,White/Caucasian,Manhattan,Subway,Manhattan Core,"Bachelor's degree (i.e., BA, BS, AB)",No,0.0,No,"No, not of Hispanic, Latino, or Spanish origin",No,Commute to/from work,No,No,No,No,No,,5.46,No,0.302972228,No,I do not have access to a car,Manhattan
12200643,Yes,25-34,No,,,No,,,Work,Commute to/from work,Yes,Black/ African American/ Caribbean American,Brooklyn,Personal car,Outer Queens,"Bachelor's degree (i.e., BA, BS, AB)",No,0.34,No,"Yes, Other",No,Commute to/from work,No,No,,No,No,1.0,5.38,No,1.424107248,No,I personally own or lease a car,Queens
1101896,No,55-64,Yes,,No,No,,SI22,,Other,Yes,White/Caucasian,Staten Island,Local bus,Staten Island,"Bachelor's degree (i.e., BA, BS, AB)",No,0.0,No,"No, not of Hispanic, Latino, or Spanish origin",No,Other,No,No,No,No,No,,5.31,No,0.172799479,No,I do not have access to a car,Staten Island
52200330,No,55-64,No,QN60,,No,In a parking garage/lot,,,Social/recreation,Yes,White/Caucasian,Queens,Personal bicycle,Middle Queens,"High school graduate or equivalent (i.e., GED)",No,0.0,No,"No, not of Hispanic, Latino, or Spanish origin",No,Social/recreation,No,No,,No,No,,5.43,No,2.43311884,No,I personally own or lease a car,Queens
1100538,Yes,55-64,No,,,No,,BK78,,Shopping,No,Black/ African American/ Caribbean American,Brooklyn,Personal car,Inner Brooklyn,"High school graduate or equivalent (i.e., GED)",No,0.03,No,"No, not of Hispanic, Latino, or Spanish origin",No,Shopping,No,No,,No,Yes,,5.4,No,8.581899694,No,I personally own or lease a car,Brooklyn
11201000,No,45-54,Yes,,No,No,,,,Commute to/from work,Yes,White/Caucasian,,Local bus,Outer Brooklyn,"Bachelor's degree (i.e., BA, BS, AB)",No,0.65,No,"No, not of Hispanic, Latino, or Spanish origin",No,Commute to/from work,No,No,No,No,No,,5.35,No,0.490646326,No,I do not have access to a car,Brooklyn
1100988,No,55-64,Yes,,,No,,QN53,,Shopping,Yes,White/Caucasian,Queens,Walk,Middle Queens,"High school graduate or equivalent (i.e., GED)",No,0.65,No,"No, not of Hispanic, Latino, or Spanish origin",No,Shopping,No,No,,No,No,,5.35,No,2.957494055,No,I personally own or lease a car,Queens
1105474,No,25-34,Yes,,,No,,MN15,,Shopping,Yes,Black/ African American/ Caribbean American,Manhattan,Walk,Northern Manhattan,"Bachelor's degree (i.e., BA, BS, AB)",No,,No,"No, not of Hispanic, Latino, or Spanish origin",No,Shopping,No,No,,No,No,,,No,0.503692199,No,"I do not personally own or lease a car, but I have access to a car belonging to a member of my household",Manhattan
1100498,Yes,35-44,No,,,No,,QN70,,Dining,Yes,White/Caucasian,Queens,Personal car,Inner Queens,"Bachelor's degree (i.e., BA, BS, AB)",No,0.03,No,"No, not of Hispanic, Latino, or Spanish origin",No,Dining,No,No,,No,No,,5.4,No,0.367872482,No,I personally own or lease a car,Queens
1103578,No,35-44,Yes,,No,No,,MN23,,Commute to/from work,No,Black/ African American/ Caribbean American,The Bronx,Subway,Southern Bronx,"Associate degree (i.e., AA, AS)",No,0.01,No,"No, not of Hispanic, Latino, or Spanish origin",No,Commute to/from work,No,No,No,Yes,No,,5.24,No,0.351720843,No,I do not have access to a car,The Bronx
1102409,Yes,65 or older,No,,,No,,QN98,,Accompanying other traveler,Yes,White/Caucasian,Staten Island,Personal car,Staten Island,"Graduate degree (i.e., Master's, Professional, Doctorate)",No,0.1,No,"No, not of Hispanic, Latino, or Spanish origin",No,Accompanying other traveler,No,No,,No,No,,5.27,No,0.122159977,No,I personally own or lease a car,Staten Island
2100023,No,45-54,Yes,,No,No,,MN40,Work,Commute to/from work,Yes,White/Caucasian,Manhattan,Subway,Manhattan Core,"Graduate degree (i.e., Master's, Professional, Doctorate)",No,0.0,No,"No, not of Hispanic, Latino, or Spanish origin",No,Commute to/from work,No,No,No,No,No,,5.51,No,0.283419862,No,I personally own or lease a car,Manhattan
13201363,No,65 or older,Yes,BX08,,No,,,,Refused,Yes,White/Caucasian,The Bronx,Walk,Northern Bronx,No high school,No,0.29,No,"Yes, Other",No,Refused,No,No,,No,No,,5.32,No,1.029669579,No,I do not have access to a car,The Bronx
1102070,Yes,35-44,Yes,,No,No,,MN17,,Commute to/from work,Yes,Other,Queens,Subway,Middle Queens,"Bachelor's degree (i.e., BA, BS, AB)",No,0.44,No,"No, not of Hispanic, Latino, or Spanish origin",No,Commute to/from work,No,No,No,No,No,,5.29,No,0.225161412,No,I personally own or lease a car,Queens
1104020,No,18-24,Yes,,No,No,,MN40,,Social/recreation,Yes,Black/ African American/ Caribbean American,The Bronx,Subway,Northern Bronx,Some college but degree not received or in progress,No,,No,"No, not of Hispanic, Latino, or Spanish origin",No,Social/recreation,No,No,No,No,No,,,No,0.243750363,No,"I do not personally own or lease a car, but I have access to a car belonging to a member of my household",The Bronx
1104199,No,35-44,Yes,,,No,,BX28,,Other,Yes,Other,The Bronx,Walk,Southern Bronx,"Graduate degree (i.e., Master's, Professional, Doctorate)",No,,No,"Yes, Other",No,Social/recreation,No,No,,No,No,,,No,0.23853764,No,I do not have access to a car,The Bronx
3105048,No,35-44,Yes,,,No,,MN36,,Dining,Yes,Asian,Manhattan,Walk,Northern Manhattan,"Bachelor's degree (i.e., BA, BS, AB)",No,,No,"No, not of Hispanic, Latino, or Spanish origin",No,Dining,No,No,,No,No,,,No,0.641300558,No,I personally own or lease a car,Manhattan
1105432,No,65 or older,Yes,,,No,,MN40,,Social/recreation,Yes,White/Caucasian,Manhattan,Walk,Manhattan Core,"Graduate degree (i.e., Master's, Professional, Doctorate)",No,,No,"No, not of Hispanic, Latino, or Spanish origin",No,Social/recreation,No,No,,No,No,,,No,0.294694826,No,I do not have access to a car,Manhattan
1100859,No,65 or older,Yes,,,No,,QN18,,Shopping,Yes,White/Caucasian,Queens,Walk,Middle Queens,"Associate degree (i.e., AA, AS)",No,0.0,No,"No, not of Hispanic, Latino, or Spanish origin",No,Shopping,No,No,,No,No,,5.36,No,0.945319395,No,"I do not personally own or lease a car, but I have access to a car belonging to a member of my household",Queens
1103115,No,35-44,Yes,,,No,,QN72,,School,Yes,White/Caucasian,Queens,Walk,Inner Queens,"Bachelor's degree (i.e., BA, BS, AB)",No,0.0,No,"No, not of Hispanic, Latino, or Spanish origin",No,School,No,No,,No,No,,5.25,No,0.327004212,No,I personally own or lease a car,Queens
1102128,Yes,25-34,No,,,No,,QN21,,Commute to/from work,Yes,White/Caucasian,Queens,Personal car,Inner Queens,"Bachelor's degree (i.e., BA, BS, AB)",No,0.0,No,"No, not of Hispanic, Latino, or Spanish origin",No,Commute to/from work,No,No,,No,No,,5.29,No,0.339625301,No,I personally own or lease a car,Queens
1100565,No,65 or older,Yes,,No,No,,BK82,,Commute to/from work,Yes,Other,Queens,Subway,Outer Queens,Some college but degree not received or in progress,No,0.58,No,"No, not of Hispanic, Latino, or Spanish origin",No,Commute to/from work,No,No,No,No,No,,5.39,No,0.486524547,No,I do not have access to a car,Queens
1104442,Yes,45-54,No,,,No,,QN43,,Commute to/from work,Yes,Asian,Queens,Personal car,Middle Queens,"Graduate degree (i.e., Master's, Professional, Doctorate)",No,,No,"No, not of Hispanic, Latino, or Spanish origin",No,Commute to/from work,No,No,,No,No,,,No,0.671911088,No,I personally own or lease a car,Queens
1100071,No,55-64,Yes,,No,No,,MN99,,Medical visit (doctor's office),Yes,White/Caucasian,Manhattan,Subway,Manhattan Core,"Bachelor's degree (i.e., BA, BS, AB)",No,0.0,No,"No, not of Hispanic, Latino, or Spanish origin",No,Medical visit (doctor's office),No,No,No,No,No,,5.49,No,0.348079189,No,I do not have access to a car,Manhattan
52200563,No,45-54,No,QN12,,No,On the street,,,Other,Yes,White/Caucasian,Queens,Personal bicycle,Outer Queens,"High school graduate or equivalent (i.e., GED)",No,0.22,No,"No, not of Hispanic, Latino, or Spanish origin",No,Other,No,No,,No,No,,5.37,No,3.055570242,No,I personally own or lease a car,Queens
1100798,No,55-64,Yes,,,No,,BK61,,Dining,Yes,White/Caucasian,Brooklyn,Walk,Inner Brooklyn,"High school graduate or equivalent (i.e., GED)",No,0.22,No,"No, not of Hispanic, Latino, or Spanish origin",No,Dining,No,No,,No,No,,5.37,No,6.707968871,No,I do not have access to a car,Brooklyn
1101743,Yes,65 or older,No,,,No,,QN99,,Other,Yes,Asian,Queens,Personal car,Inner Queens,"Bachelor's degree (i.e., BA, BS, AB)",No,0.0,No,"No, not of Hispanic, Latino, or Spanish origin",No,Other,No,No,,No,No,,5.33,No,1.256070646,No,I personally own or lease a car,Queens
1100429,Yes,55-64,No,,,No,,QN42,,Other,Yes,White/Caucasian,Queens,Personal car,Inner Queens,"Graduate degree (i.e., Master's, Professional, Doctorate)",No,0.1,No,"No, not of Hispanic, Latino, or Spanish origin",No,Other,No,No,,No,No,,5.41,No,0.405609027,No,I personally own or lease a car,Queens
1100749,No,35-44,Yes,,No,No,,QN60,,Commute to/from work,Yes,Black/ African American/ Caribbean American,Brooklyn,Commuter rail,Inner Brooklyn,"Bachelor's degree (i.e., BA, BS, AB)",No,0.22,No,"No, not of Hispanic, Latino, or Spanish origin",No,Commute to/from work,No,No,No,No,No,,5.37,No,1.168061244,No,I personally own or lease a car,Brooklyn
1100333,No,25-34,Yes,,No,No,,QN31,,Commute to/from work,No,White/Caucasian,Brooklyn,Subway,Inner Brooklyn,"Graduate degree (i.e., Master's, Professional, Doctorate)",No,0.25,No,"No, not of Hispanic, Latino, or Spanish origin",No,Commute to/from work,No,No,No,Yes,No,,5.44,No,0.686552403,No,I personally own or lease a car,Brooklyn
1103367,No,35-44,Yes,,No,No,,MN25,,Commute to/from work,Yes,Asian,Queens,Commuter rail,Middle Queens,"Graduate degree (i.e., Master's, Professional, Doctorate)",No,0.0,No,"No, not of Hispanic, Latino, or Spanish origin",No,Commute to/from work,No,No,No,No,No,,5.24,No,0.570262055,No,"I do not personally own or lease a car, but I have access to a car belonging to a member of my household",Queens
53203033,No,35-44,No,BK91,,No,On the street,,,Medical visit (doctor's office),Yes,White/Caucasian,Brooklyn,Personal bicycle,Outer Brooklyn,"Bachelor's degree (i.e., BA, BS, AB)",No,,No,"No, not of Hispanic, Latino, or Spanish origin",No,Medical visit (doctor's office),No,No,,No,No,,,No,0.750643702,No,I do not have access to a car,Brooklyn
1101839,Yes,25-34,Yes,,No,No,,BX99,,School,No,White/Caucasian,The Bronx,Express bus,Northern Bronx,Some college but degree not received or in progress,No,0.29,No,"No, not of Hispanic, Latino, or Spanish origin",No,School,No,No,Yes,No,No,100.0,5.33,No,0.409566474,No,I personally own or lease a car,The Bronx
1104700,Yes,18-24,No,,,No,,SI24,,Dining,Yes,Asian,Staten Island,Personal car,Staten Island,"High school graduate or equivalent (i.e., GED)",No,,No,"No, not of Hispanic, Latino, or Spanish origin",No,Dining,No,No,,No,No,,,No,1.474114155,No,"I do not personally own or lease a car, but I have access to a car belonging to a member of my household",Staten Island
51201756,No,25-34,No,MN36,,No,On the street,,,Social/recreation,Yes,White/Caucasian,Manhattan,Personal bicycle,Northern Manhattan,"Graduate degree (i.e., Master's, Professional, Doctorate)",No,0.44,No,"No, not of Hispanic, Latino, or Spanish origin",No,Social/recreation,No,No,,No,No,,5.29,No,0.897165996,No,I do not have access to a car,Manhattan
1100511,No,45-54,Yes,,,No,,QN63,,Shopping,Yes,Asian,Queens,Walk,Inner Queens,"Bachelor's degree (i.e., BA, BS, AB)",No,0.03,No,"No, not of Hispanic, Latino, or Spanish origin",No,Shopping,No,No,,No,No,,5.4,No,0.693889221,No,"I do not personally own or lease a car, but I have access to a car belonging to a member of my household",Queens
1102459,Yes,55-64,No,,,No,,MN03,,Commute to/from work,Yes,White/Caucasian,Staten Island,Personal car,Staten Island,Some college but degree not received or in progress,No,0.1,No,"No, not of Hispanic, Latino, or Spanish origin",No,Commute to/from work,No,No,,No,No,,5.27,No,0.286292307,No,I personally own or lease a car,Staten Island
1100091,Yes,25-34,No,,,No,,SI24,,Commute to/from work,Yes,Black/ African American/ Caribbean American,Manhattan,Personal car,Manhattan Core,"Bachelor's degree (i.e., BA, BS, AB)",No,0.0,No,"No, not of Hispanic, Latino, or Spanish origin",No,Commute to/from work,No,No,,No,No,,5.49,No,0.323204988,No,I personally own or lease a car,Manhattan
11200837,No,45-54,Yes,,No,No,,,,Commute to/from work,Yes,White/Caucasian,,Local bus,Manhattan Core,Some college but degree not received or in progress,No,0.0,No,"No, not of Hispanic, Latino, or Spanish origin",No,Commute to/from work,No,No,No,No,No,,5.36,No,0.484125119,No,I do not have access to a car,Manhattan
53200991,No,45-54,No,BK76,,No,In your home or apartment,,,Other,Yes,Refused,Brooklyn,Personal bicycle,Inner Brooklyn,"Graduate degree (i.e., Master's, Professional, Doctorate)",No,0.0,No,Refused,No,Social/recreation,No,No,,No,No,,5.34,No,0.303161265,No,Other,Brooklyn
1103217,Yes,55-64,No,,,No,,QN17,,Social/recreation,Yes,White/Caucasian,Queens,Personal car,Middle Queens,"Bachelor's degree (i.e., BA, BS, AB)",No,0.0,No,"No, not of Hispanic, Latino, or Spanish origin",No,Social/recreation,No,No,,No,No,,5.25,No,0.380008383,No,I personally own or lease a car,Queens
1102918,Yes,45-54,No,,,No,,SI54,,Other,Yes,White/Caucasian,Staten Island,Personal car,Staten Island,"Bachelor's degree (i.e., BA, BS, AB)",No,0.16,No,"No, not of Hispanic, Latino, or Spanish origin",No,Other,No,No,,No,No,,5.26,No,0.125591212,No,I personally own or lease a car,Staten Island
11200051,No,65 or older,Yes,,,No,,,,Personal errands,No,Other,,Walk,Manhattan Core,"High school graduate or equivalent (i.e., GED)",No,0.0,No,"Yes, Puerto Rican",No,Personal errands,No,No,,Yes,No,,5.51,No,3.099465694,No,I personally own or lease a car,Manhattan
1103417,Yes,18-24,No,,,No,,BX36,,School,Yes,Other,The Bronx,Personal car,Southern Bronx,"High school graduate or equivalent (i.e., GED)",No,0.0,No,"Yes, Other",No,School,No,No,,No,No,,5.24,No,2.249652607,No,"I do not personally own or lease a car, but I have access to a car belonging to a member of my household",The Bronx
1103553,No,45-54,Yes,,No,No,,QN31,,Commute to/from work,Yes,Asian,Queens,Subway,Inner Queens,"Associate degree (i.e., AA, AS)",No,0.0,No,"No, not of Hispanic, Latino, or Spanish origin",No,Commute to/from work,No,No,No,No,No,,5.24,No,1.266821943,No,I personally own or lease a car,Queens
1100340,No,45-54,Yes,,,No,,BX26,,Shopping,Yes,Black/ African American/ Caribbean American,The Bronx,Walk,Southern Bronx,Some high school,No,0.0,No,"No, not of Hispanic, Latino, or Spanish origin",No,Shopping,No,No,,No,No,,5.43,No,1.867528438,No,I personally own or lease a car,The Bronx
1100314,Yes,65 or older,No,,,No,,QN55,,Commute to/from work,Yes,White/Caucasian,Queens,Personal car,Outer Queens,"High school graduate or equivalent (i.e., GED)",No,0.25,No,"Yes, Puerto Rican",No,Commute to/from work,No,No,,No,No,,5.44,No,5.463749014,No,I personally own or lease a car,Queens
1100235,Yes,25-34,No,,,No,,BK37,,Commute to/from work,No,White/Caucasian,Brooklyn,Personal car,Inner Brooklyn,"Graduate degree (i.e., Master's, Professional, Doctorate)",No,0.0,No,"Yes, Mexican, Mexican American, Chicano",No,Commute to/from work,No,No,,No,Yes,,5.46,No,1.599044443,No,I personally own or lease a car,Brooklyn
1102930,No,18-24,Yes,,No,No,,SI22,,Social/recreation,No,Two or more races,Staten Island,Local bus,Staten Island,Some college but degree not received or in progress,No,0.16,No,"Yes, Other",No,Social/recreation,No,No,No,Yes,No,,5.26,No,0.450502536,No,I do not have access to a car,Staten Island
1103058,No,45-54,No,,,No,On the street,MN19,,Commute to/from work,Yes,Asian,Queens,Personal bicycle,Inner Queens,"Graduate degree (i.e., Master's, Professional, Doctorate)",No,0.0,No,"No, not of Hispanic, Latino, or Spanish origin",No,Commute to/from work,No,No,,No,No,,5.26,No,0.782680563,No,I do not have access to a car,Queens
1102489,No,65 or older,Yes,,,No,,MN03,,Other,Yes,Two or more races,Manhattan,Walk,Northern Manhattan,Some college but degree not received or in progress,No,0.27,No,"Yes, Other",No,Other,No,No,,No,No,,5.27,No,1.455817981,No,I personally own or lease a car,Manhattan
1101298,Yes,55-64,No,,,No,,SI11,,Shopping,Yes,White/Caucasian,Staten Island,Personal car,Staten Island,Some college but degree not received or in progress,No,0.0,No,"No, not of Hispanic, Latino, or Spanish origin",No,Shopping,No,No,,No,No,,5.34,No,0.315477118,No,I personally own or lease a car,Staten Island
1100932,Yes,65 or older,No,,,No,,SI24,,Shopping,Yes,White/Caucasian,Staten Island,Personal car,Staten Island,"Bachelor's degree (i.e., BA, BS, AB)",No,0.65,No,"No, not of Hispanic, Latino, or Spanish origin",No,Shopping,No,No,,No,No,,5.35,No,0.242017717,No,I personally own or lease a car,Staten Island
1100858,No,55-64,Yes,,,No,,BX44,,Shopping,No,White/Caucasian,The Bronx,Walk,Northern Bronx,"High school graduate or equivalent (i.e., GED)",No,0.0,No,"No, not of Hispanic, Latino, or Spanish origin",No,Shopping,No,No,,No,No,,5.36,No,1.67706566,No,I do not have access to a car,The Bronx
1100189,No,55-64,Yes,,,No,,QN22,,Commute to/from work,Yes,Asian,Queens,Walk,Middle Queens,"Bachelor's degree (i.e., BA, BS, AB)",No,0.0,No,"No, not of Hispanic, Latino, or Spanish origin",No,Commute to/from work,No,No,,No,No,,5.47,No,0.896828364,No,I do not have access to a car,Queens
1104628,Yes,25-34,No,,,No,,BX03,,Commute to/from work,Yes,White/Caucasian,The Bronx,Personal car,Northern Bronx,"Graduate degree (i.e., Master's, Professional, Doctorate)",No,,No,"No, not of Hispanic, Latino, or Spanish origin",No,Commute to/from work,No,No,,No,No,,,No,0.224931053,No,I personally own or lease a car,The Bronx
1100570,No,45-54,Yes,,No,No,,MN11,,Commute to/from work,Yes,Asian,Queens,Subway,Middle Queens,"Bachelor's degree (i.e., BA, BS, AB)",No,0.58,No,"No, not of Hispanic, Latino, or Spanish origin",No,Commute to/from work,No,No,No,No,No,,5.39,No,0.759274649,No,"I do not personally own or lease a car, but I have access to a car belonging to a member of my household",Queens
1100604,Yes,65 or older,No,,,No,,QN22,,Other,Yes,White/Caucasian,Queens,Personal car,Outer Queens,"High school graduate or equivalent (i.e., GED)",No,0.58,No,"No, not of Hispanic, Latino, or Spanish origin",No,Other,No,No,,No,No,,5.39,No,2.085258705,No,I personally own or lease a car,Queens
1101744,No,35-44,Yes,,,No,,BX06,,Other,Yes,Black/ African American/ Caribbean American,The Bronx,Walk,Northern Manhattan,Some college but degree not received or in progress,No,0.0,No,"Yes, Other",No,Other,No,No,,No,No,,5.33,No,1.309440304,No,I do not have access to a car,Manhattan
1100912,Yes,65 or older,No,,,No,,QN22,,Shopping,Yes,White/Caucasian,Queens,Personal car,Middle Queens,"Bachelor's degree (i.e., BA, BS, AB)",No,0.65,No,"No, not of Hispanic, Latino, or Spanish origin",No,Shopping,No,No,,No,No,25.0,5.35,No,0.351112213,No,I personally own or lease a car,Queens
2100019,No,45-54,Yes,,No,No,,MN17,,Shopping,Yes,White/Caucasian,Manhattan,Local bus,Manhattan Core,"Bachelor's degree (i.e., BA, BS, AB)",No,0.0,No,"No, not of Hispanic, Latino, or Spanish origin",No,Shopping,No,No,No,No,No,,5.51,No,0.274944245,No,I do not have access to a car,Manhattan
52200588,No,18-24,Yes,,No,No,,,School,Other,No,Two or more races,Manhattan,Subway,Outer Brooklyn,Some college but degree not received or in progress,No,0.0,No,Refused,No,School,No,No,No,Yes,No,,5.36,No,0.024157964,No,I do not have access to a car,Brooklyn
1100252,No,25-34,Yes,,,No,,MN04,,Medical visit (doctor's office),Yes,Black/ African American/ Caribbean American,Manhattan,Walk,Northern Manhattan,"Graduate degree (i.e., Master's, Professional, Doctorate)",No,0.0,No,"No, not of Hispanic, Latino, or Spanish origin",No,Medical visit (doctor's office),No,No,,No,No,,5.45,No,0.47789854,No,I personally own or lease a car,Manhattan
11201441,No,65 or older,Yes,QN12,No,No,,,,Other,Yes,Other,Queens,Local bus,Outer Queens,Some high school,No,0.0,No,"Yes, Other",No,Social/recreation,No,No,No,No,No,,5.31,No,2.337011869,No,I do not have access to a car,Queens
1101754,No,25-34,Yes,,,No,,BX37,,Dining,Yes,Other,The Bronx,Walk,Northern Bronx,Some high school,No,0.0,No,"Yes, Mexican, Mexican American, Chicano",No,Dining,No,No,,No,No,,5.33,No,3.27928971,No,I do not have access to a car,The Bronx
1100155,No,45-54,No,,,No,,MN32,,Medical visit (doctor's office),No,White/Caucasian,Queens,Other,Inner Queens,Some college but degree not received or in progress,No,0.0,No,"No, not of Hispanic, Latino, or Spanish origin",No,Medical visit (doctor's office),No,No,,Yes,No,,5.47,No,0.57143048,No,I do not have access to a car,Queens
1103801,No,25-34,Yes,,,No,,QN63,,Shopping,Yes,White/Caucasian,Queens,Walk,Inner Queens,"Bachelor's degree (i.e., BA, BS, AB)",No,,No,"No, not of Hispanic, Latino, or Spanish origin",No,Shopping,No,No,,No,No,,,No,0.301895112,No,"I do not personally own or lease a car, but I have access to a car belonging to a member of my household",Queens
11200085,No,55-64,Yes,,,No,,,,Shopping,Yes,White/Caucasian,,Walk,Manhattan Core,"Graduate degree (i.e., Master's, Professional, Doctorate)",No,0.0,No,"No, not of Hispanic, Latino, or Spanish origin",No,Shopping,No,No,,No,No,,5.49,No,0.390110643,No,I personally own or lease a car,Manhattan
1103065,Yes,25-34,No,,,No,,SI45,,Shopping,Yes,Asian,Staten Island,Personal car,Staten Island,"Graduate degree (i.e., Master's, Professional, Doctorate)",No,0.0,No,"No, not of Hispanic, Latino, or Spanish origin",No,Shopping,No,No,,No,No,,5.26,No,0.26743669,No,"I do not personally own or lease a car, but I have access to a car belonging to a member of my household",Staten Island
1105484,No,25-34,Yes,,,No,,MN04,,Dining,Yes,White/Caucasian,Manhattan,Walk,Northern Manhattan,"Bachelor's degree (i.e., BA, BS, AB)",No,,No,"No, not of Hispanic, Latino, or Spanish origin",No,Dining,No,No,,No,No,,,No,0.311089188,No,"I do not personally own or lease a car, but I have access to a car belonging to a member of my household",Manhattan
2100203,Yes,65 or older,No,,,No,,QN47,,Personal errands,Yes,White/Caucasian,Queens,Personal car,Outer Queens,Some college but degree not received or in progress,No,0.0,No,"No, not of Hispanic, Latino, or Spanish origin",No,Personal errands,No,No,,No,No,,5.46,No,0.945319395,No,I personally own or lease a car,Queens
1101466,No,25-34,Yes,,,No,,MN35,,Shopping,Yes,Asian,Manhattan,Walk,Northern Manhattan,"Graduate degree (i.e., Master's, Professional, Doctorate)",No,0.0,No,"No, not of Hispanic, Latino, or Spanish origin",No,Shopping,No,No,,No,No,,5.34,No,0.405500709,No,I do not have access to a car,Manhattan
4102005,No,65 or older,Yes,,,No,,MN03,Home,Dining,No,Black/ African American/ Caribbean American,Manhattan,Walk,Northern Bronx,No high school,No,0.44,No,"Yes, Cuban",No,Dining,No,No,,Yes,No,,5.29,No,6.154398251,No,I do not have access to a car,The Bronx
1100944,No,65 or older,No,,,No,,SI05,,,Yes,White/Caucasian,Manhattan,Don't know,Northern Manhattan,"Graduate degree (i.e., Master's, Professional, Doctorate)",No,0.65,No,"No, not of Hispanic, Latino, or Spanish origin",No,,No,No,,No,No,,5.35,No,0.41677484,No,I personally own or lease a car,Manhattan
11201766,No,18-24,Yes,MN36,No,No,,,,Commute to/from work,Yes,Other,Manhattan,Subway,Northern Manhattan,Some college but degree not received or in progress,No,0.0,No,"Yes, Other",No,Commute to/from work,No,No,No,No,No,,5.3,No,1.351222336,No,I do not have access to a car,Manhattan
1100649,Yes,65 or older,No,,,No,,SI24,,Commute to/from work,Yes,White/Caucasian,Staten Island,Personal car,Staten Island,"Graduate degree (i.e., Master's, Professional, Doctorate)",No,0.34,No,"No, not of Hispanic, Latino, or Spanish origin",No,Commute to/from work,No,No,,No,No,,5.38,No,0.190377716,No,"I do not personally own or lease a car, but I have access to a car belonging to a member of my household",Staten Island
1102885,No,25-34,Yes,,No,No,,MN24,,Commute to/from work,Yes,White/Caucasian,Queens,Subway,Inner Queens,"Bachelor's degree (i.e., BA, BS, AB)",No,0.16,No,"No, not of Hispanic, Latino, or Spanish origin",No,Commute to/from work,No,No,No,No,No,,5.26,No,0.301895112,No,I do not have access to a car,Queens
4103836,No,25-34,No,,,No,On the street,MN25,,Social/recreation,Yes,White/Caucasian,Manhattan,Personal bicycle,Staten Island,"Bachelor's degree (i.e., BA, BS, AB)",No,,No,"No, not of Hispanic, Latino, or Spanish origin",No,Social/recreation,No,No,,No,No,,,No,0.082747367,No,I do not have access to a car,Staten Island
1102383,No,65 or older,No,,,No,,SI01,,Other,Yes,White/Caucasian,Staten Island,Other,Staten Island,"Graduate degree (i.e., Master's, Professional, Doctorate)",No,0.1,No,"No, not of Hispanic, Latino, or Spanish origin",No,Other,No,No,,No,No,,5.27,No,0.214170706,No,I personally own or lease a car,Staten Island
52201611,No,18-24,No,,,No,In your home or apartment,,Work,Commute to/from work,Yes,Other,Manhattan,Personal bicycle,Outer Brooklyn,"High school graduate or equivalent (i.e., GED)",No,0.0,No,"Yes, Other",No,Commute to/from work,No,No,,No,No,,5.3,No,0.06530013,No,I personally own or lease a car,Brooklyn
1101847,No,55-64,Yes,,,No,,QN28,,Social/recreation,Yes,White/Caucasian,Queens,Walk,Inner Queens,Some college but degree not received or in progress,No,0.29,No,"No, not of Hispanic, Latino, or Spanish origin",No,Social/recreation,No,No,,No,No,,5.33,No,0.860310724,No,I do not have access to a car,Queens
1100116,No,55-64,Yes,,,No,,QN53,,Other,No,White/Caucasian,Queens,Walk,Middle Queens,Some college but degree not received or in progress,No,0.0,No,"Yes, Other",No,Other,No,No,,No,No,,5.48,No,1.720162353,No,I do not have access to a car,Queens
53200716,No,25-34,No,BK75,,No,On the street,,,Social/recreation,Yes,White/Caucasian,Brooklyn,Personal bicycle,Inner Brooklyn,"Bachelor's degree (i.e., BA, BS, AB)",No,0.65,No,"No, not of Hispanic, Latino, or Spanish origin",No,Social/recreation,No,No,,No,No,,5.35,No,1.310723223,No,I personally own or lease a car,Brooklyn
1103055,No,25-34,Yes,,,No,,MN35,,Other,Yes,White/Caucasian,Manhattan,Walk,Northern Manhattan,Some college but degree not received or in progress,No,0.0,No,"No, not of Hispanic, Latino, or Spanish origin",No,Social/recreation,No,No,,No,No,,5.26,No,0.680171283,No,Other,Manhattan
1101717,Yes,55-64,No,,,No,,BK40,,Shopping,Yes,Black/ African American/ Caribbean American,Brooklyn,Personal car,Inner Brooklyn,"Bachelor's degree (i.e., BA, BS, AB)",No,0.0,No,"No, not of Hispanic, Latino, or Spanish origin",No,Shopping,No,No,,No,No,,5.33,No,1.40551094,No,I personally own or lease a car,Brooklyn
1105423,Yes,45-54,No,,,No,,QN43,,Social/recreation,Yes,White/Caucasian,Brooklyn,Personal car,Outer Brooklyn,"Bachelor's degree (i.e., BA, BS, AB)",No,,No,"No, not of Hispanic, Latino, or Spanish origin",No,Social/recreation,No,No,,No,No,8.0,,No,0.820906804,No,I personally own or lease a car,Brooklyn
1102592,No,35-44,Yes,,,No,,BX99,,Shopping,No,Black/ African American/ Caribbean American,The Bronx,Walk,Northern Bronx,"High school graduate or equivalent (i.e., GED)",No,0.08,No,"Yes, Puerto Rican",No,Shopping,No,No,,Yes,No,,5.26,No,1.73929475,No,Other,The Bronx
11200001,Yes,25-34,No,,,No,,,,Commute to/from work,Yes,Asian,Manhattan,Personal car,Outer Brooklyn,Some high school,No,0.0,No,"No, not of Hispanic, Latino, or Spanish origin",No,Commute to/from work,No,No,,No,No,,5.24,No,4.743456071,No,I personally own or lease a car,Brooklyn
1100724,No,65 or older,No,,,No,,BX14,,Other,Yes,Two or more races,The Bronx,Other,Southern Bronx,"Bachelor's degree (i.e., BA, BS, AB)",No,0.22,No,"No, not of Hispanic, Latino, or Spanish origin",No,Other,No,No,,No,No,,5.37,No,0.281974733,No,I do not have access to a car,The Bronx
1104544,No,25-34,No,,,No,,QN31,,Shopping,Yes,Two or more races,Queens,Ride-hail service such as Uber or Lyft,Inner Queens,Some college but degree not received or in progress,Yes,,No,"Yes, Puerto Rican",No,Shopping,No,No,,No,No,,,No,1.636591461,No,I personally own or lease a car,Queens
1105387,No,18-24,Yes,,No,No,,QN55,,School,Yes,Asian,Queens,Subway,Outer Queens,Some college but degree not received or in progress,No,,No,"No, not of Hispanic, Latino, or Spanish origin",No,School,No,No,No,No,No,,,No,0.943003536,No,I personally own or lease a car,Queens
1100019,No,45-54,Yes,,No,No,,MN04,,Social/recreation,Yes,White/Caucasian,Manhattan,Select bus service,Manhattan Core,"Bachelor's degree (i.e., BA, BS, AB)",No,0.0,No,"No, not of Hispanic, Latino, or Spanish origin",No,Social/recreation,No,No,No,No,No,,5.51,No,0.274944245,No,I do not have access to a car,Manhattan
1105472,No,65 or older,Yes,,No,No,,MN24,,Social/recreation,Yes,White/Caucasian,Brooklyn,Subway,Outer Brooklyn,Some college but degree not received or in progress,No,,No,"No, not of Hispanic, Latino, or Spanish origin",No,Social/recreation,No,No,No,No,No,,,No,3.074476527,No,I personally own or lease a car,Brooklyn
1103252,No,35-44,Yes,,No,No,,BX46,,Commute to/from work,Yes,Black/ African American/ Caribbean American,The Bronx,Local bus,Northern Bronx,"Associate degree (i.e., AA, AS)",No,0.0,No,"Yes, Puerto Rican",No,Commute to/from work,No,No,No,No,No,,5.25,No,0.839374545,No,I personally own or lease a car,The Bronx
2100115,No,25-34,No,,,No,,MN12,,Other,Yes,White/Caucasian,Manhattan,Carshare,Manhattan Core,"Graduate degree (i.e., Master's, Professional, Doctorate)",No,0.0,No,"No, not of Hispanic, Latino, or Spanish origin",No,Dining,No,No,,No,No,,5.49,No,0.320679034,No,I personally own or lease a car,Manhattan
1103101,No,35-44,Yes,,No,No,,BX40,,Commute to/from work,Yes,Other,The Bronx,Subway,Northern Bronx,Some college but degree not received or in progress,No,0.0,No,"Yes, Puerto Rican",No,Commute to/from work,No,No,No,No,No,,5.26,No,0.505946554,No,I do not have access to a car,The Bronx
1100270,No,55-64,Yes,,,No,,QN28,,Shopping,Yes,White/Caucasian,Queens,Walk,Inner Queens,"Graduate degree (i.e., Master's, Professional, Doctorate)",No,0.0,No,"Yes, Puerto Rican",No,Shopping,No,No,,No,No,,5.45,No,0.735975788,No,I do not have access to a car,Queens
2100142,No,35-44,Yes,,,No,,BK61,,Dining,No,Black/ African American/ Caribbean American,Brooklyn,Walk,Inner Brooklyn,Some college but degree not received or in progress,No,0.0,No,"No, not of Hispanic, Latino, or Spanish origin",No,Dining,No,No,,No,No,,5.47,No,2.192432581,No,I personally own or lease a car,Brooklyn
1103624,No,45-54,Yes,,No,No,,QN18,,Shopping,Yes,Two or more races,Manhattan,Subway,Inner Queens,Some college but degree not received or in progress,No,0.01,No,"No, not of Hispanic, Latino, or Spanish origin",No,Shopping,No,No,No,No,No,,5.24,No,0.458328391,No,I personally own or lease a car,Queens
12201142,No,65 or older,No,,,No,In your home or apartment,,Work,Commute to/from work,Yes,Refused,Manhattan,Personal bicycle,Manhattan Core,"Bachelor's degree (i.e., BA, BS, AB)",No,0.0,No,Refused,No,Commute to/from work,No,No,,No,No,,5.34,No,0.456661354,No,I personally own or lease a car,Manhattan
1104826,No,65 or older,Yes,,No,No,,MN04,,Other,Yes,White/Caucasian,Queens,Subway,Middle Queens,"Graduate degree (i.e., Master's, Professional, Doctorate)",No,,No,"No, not of Hispanic, Latino, or Spanish origin",No,Other,No,No,No,No,No,,,No,0.4456879,No,I personally own or lease a car,Queens
3105363,No,25-34,Yes,,,No,,MN13,,Social/recreation,Yes,White/Caucasian,Manhattan,Walk,Manhattan Core,"Bachelor's degree (i.e., BA, BS, AB)",No,,No,"No, not of Hispanic, Latino, or Spanish origin",No,Social/recreation,No,No,,No,No,,,No,0.199617103,No,Other,Manhattan
1103775,No,45-54,Yes,,No,No,,BK82,,Shopping,Yes,White/Caucasian,Queens,Subway,Inner Queens,"Associate degree (i.e., AA, AS)",No,0.0,No,"No, not of Hispanic, Latino, or Spanish origin",No,Shopping,No,No,No,No,No,,5.24,No,0.684339077,No,I personally own or lease a car,Queens
12200820,No,18-24,No,BK88,,No,On the street,,School,School,Yes,White/Caucasian,Brooklyn,Personal bicycle,Outer Brooklyn,Some high school,No,0.0,No,"No, not of Hispanic, Latino, or Spanish origin",No,School,No,No,,No,No,,5.36,No,2.417228877,No,"I do not personally own or lease a car, but I have access to a car belonging to a member of my household",Brooklyn
1100285,No,45-54,Yes,,No,No,,MN25,,Commute to/from work,Yes,White/Caucasian,Staten Island,Staten Island ferry,Staten Island,"Graduate degree (i.e., Master's, Professional, Doctorate)",No,0.0,No,"No, not of Hispanic, Latino, or Spanish origin",No,Commute to/from work,No,No,No,No,No,,5.45,No,0.129462772,No,I personally own or lease a car,Staten Island
1104513,Yes,45-54,No,,,No,,BK38,,Commute to/from work,Yes,White/Caucasian,Staten Island,Personal car,Staten Island,"Bachelor's degree (i.e., BA, BS, AB)",No,,No,"No, not of Hispanic, Latino, or Spanish origin",No,Commute to/from work,No,No,,No,No,,,No,0.11397276,No,I personally own or lease a car,Staten Island
2105467,No,65 or older,Yes,,,No,,BK45,,Shopping,Yes,White/Caucasian,Brooklyn,Walk,Outer Brooklyn,"High school graduate or equivalent (i.e., GED)",No,,No,"No, not of Hispanic, Latino, or Spanish origin",No,Shopping,No,No,,No,No,,,No,5.822102068,No,Other,Brooklyn
1100028,No,35-44,Yes,,No,No,,MN19,,Commute to/from work,Yes,Two or more races,Queens,Subway,Outer Queens,"Graduate degree (i.e., Master's, Professional, Doctorate)",No,0.0,No,"Yes, Puerto Rican",No,Commute to/from work,No,No,No,No,No,,5.51,No,0.59911355,No,I personally own or lease a car,Queens
1100190,No,55-64,Yes,,,No,,QN22,,,Yes,Black/ African American/ Caribbean American,Queens,Walk,Middle Queens,Some college but degree not received or in progress,No,0.0,No,"No, not of Hispanic, Latino, or Spanish origin",No,,No,No,,No,No,,5.47,No,0.682074444,No,I personally own or lease a car,Queens
1105435,No,65 or older,Yes,,,No,,MN22,,Other,Yes,White/Caucasian,Manhattan,Walk,Manhattan Core,"Bachelor's degree (i.e., BA, BS, AB)",No,,No,"No, not of Hispanic, Latino, or Spanish origin",No,Other,No,No,,No,No,,,No,0.656802327,No,I do not have access to a car,Manhattan
1101886,Yes,18-24,No,,,No,,SI35,,Commute to/from work,Yes,White/Caucasian,Staten Island,Personal car,Staten Island,"Bachelor's degree (i.e., BA, BS, AB)",No,0.29,No,"No, not of Hispanic, Latino, or Spanish origin",No,Commute to/from work,No,No,,No,No,,5.32,No,0.067486015,No,I personally own or lease a car,Staten Island
1100322,No,35-44,Yes,,,No,,BK09,,Shopping,Yes,White/Caucasian,Brooklyn,Walk,Inner Brooklyn,"Bachelor's degree (i.e., BA, BS, AB)",No,0.25,No,"No, not of Hispanic, Latino, or Spanish origin",No,Shopping,No,No,,No,No,,5.44,No,0.741686723,No,I personally own or lease a car,Brooklyn
1100297,No,45-54,Yes,,No,No,,MN31,,Medical visit (doctor's office),No,Black/ African American/ Caribbean American,Manhattan,Local bus,Northern Manhattan,"High school graduate or equivalent (i.e., GED)",No,0.25,No,"No, not of Hispanic, Latino, or Spanish origin",No,Medical visit (doctor's office),No,No,No,Yes,No,,5.44,No,3.101423805,No,I do not have access to a car,Manhattan
1100488,No,25-34,No,,,No,,BX99,,Social/recreation,Yes,White/Caucasian,The Bronx,"Shared-ride service such a Uber Pool, Via, or Lyft Line",Northern Bronx,"Bachelor's degree (i.e., BA, BS, AB)",No,0.03,No,"Yes, Puerto Rican",No,Social/recreation,No,No,,No,No,,5.4,No,0.436292622,No,"I do not personally own or lease a car, but I have access to a car belonging to a member of my household",The Bronx
2100842,No,25-34,Yes,,No,No,,BX41,Work,Commute to/from work,Yes,Other,Manhattan,Subway,Southern Bronx,"Bachelor's degree (i.e., BA, BS, AB)",No,0.0,No,"Yes, Other",No,Commute to/from work,No,No,No,No,No,,5.36,No,0.279956593,No,I do not have access to a car,The Bronx
1104576,No,18-24,No,,,No,,SI24,,Accompanying other traveler,No,Black/ African American/ Caribbean American,Staten Island,Carpool,Staten Island,Some college but degree not received or in progress,No,,No,"No, not of Hispanic, Latino, or Spanish origin",Yes,Accompanying other traveler,No,No,,Yes,No,,,No,0.278385588,No,"I do not personally own or lease a car, but I have access to a car belonging to a member of my household",Staten Island
1100132,Yes,55-64,No,,,No,,BK35,,Personal errands,Yes,Two or more races,Brooklyn,Personal car,Manhattan Core,"Associate degree (i.e., AA, AS)",No,0.0,No,"No, not of Hispanic, Latino, or Spanish origin",No,Personal errands,No,No,,No,No,,5.47,No,0.745412704,No,"I do not personally own or lease a car, but I have access to a car belonging to a member of my household",Manhattan
1100842,No,25-34,Yes,,No,No,,MN17,,Commute to/from work,Yes,Other,The Bronx,Subway,Southern Bronx,"Bachelor's degree (i.e., BA, BS, AB)",No,0.0,No,"Yes, Other",No,Commute to/from work,No,No,No,No,No,,5.36,No,0.279956593,No,I do not have access to a car,The Bronx
1105085,Yes,45-54,No,,,No,,MN99,,Commute to/from work,Yes,White/Caucasian,Brooklyn,Personal car,Inner Brooklyn,Some college but degree not received or in progress,No,,No,"No, not of Hispanic, Latino, or Spanish origin",No,Commute to/from work,No,No,,No,No,7.0,,No,1.858471969,No,I personally own or lease a car,Brooklyn
51201611,No,18-24,No,,,No,On the street,,,Commute to/from work,Yes,Other,,Personal bicycle,Outer Brooklyn,"High school graduate or equivalent (i.e., GED)",No,0.0,No,"Yes, Other",No,Commute to/from work,No,No,,No,No,,5.3,No,0.06530013,No,I personally own or lease a car,Brooklyn
14200998,No,35-44,No,,,No,In your home or apartment,,,Social/recreation,Yes,White/Caucasian,The Bronx,Personal bicycle,Northern Manhattan,"Graduate degree (i.e., Master's, Professional, Doctorate)",No,0.65,No,"No, not of Hispanic, Latino, or Spanish origin",No,Social/recreation,No,No,,No,No,,5.35,No,0.398314885,No,I do not have access to a car,Manhattan
1100535,No,25-34,Yes,,,No,,QN20,,Dining,Yes,White/Caucasian,Brooklyn,Walk,Inner Brooklyn,"Bachelor's degree (i.e., BA, BS, AB)",No,0.03,No,"No, not of Hispanic, Latino, or Spanish origin",No,Dining,No,No,,No,No,,5.4,No,0.749259051,No,I do not have access to a car,Brooklyn
1101868,No,25-34,Yes,,No,No,,QN37,,Commute to/from work,Yes,White/Caucasian,Queens,Subway,Inner Queens,"Graduate degree (i.e., Master's, Professional, Doctorate)",No,0.29,No,"No, not of Hispanic, Latino, or Spanish origin",No,Commute to/from work,No,No,No,No,No,,5.32,No,0.177505006,No,I do not have access to a car,Queens
1102160,Yes,18-24,No,,,No,,SI45,,Social/recreation,Yes,Asian,Staten Island,Personal car,Staten Island,"Bachelor's degree (i.e., BA, BS, AB)",No,0.0,No,"No, not of Hispanic, Latino, or Spanish origin",No,Social/recreation,No,No,,No,No,,5.29,No,0.220634364,No,I personally own or lease a car,Staten Island
1103059,No,25-34,Yes,,No,No,,MN19,,Commute to/from work,Yes,White/Caucasian,Queens,Subway,Inner Queens,"Bachelor's degree (i.e., BA, BS, AB)",No,0.0,No,"No, not of Hispanic, Latino, or Spanish origin",No,Commute to/from work,No,No,No,No,No,,5.26,No,0.339625301,No,I personally own or lease a car,Queens
1103164,No,35-44,Yes,,No,No,,MN36,,Commute to/from work,Yes,Other,The Bronx,Subway,Southern Bronx,"Bachelor's degree (i.e., BA, BS, AB)",No,0.0,No,"Yes, Other",No,Commute to/from work,No,No,No,No,No,,5.25,No,0.531641763,No,I personally own or lease a car,The Bronx
1102586,No,18-24,Yes,,,No,,MN31,,School,Yes,White/Caucasian,Manhattan,Walk,Northern Manhattan,"High school graduate or equivalent (i.e., GED)",No,0.08,No,"No, not of Hispanic, Latino, or Spanish origin",No,School,No,No,,No,No,,5.26,No,0.966877284,No,,Manhattan
1100085,No,55-64,Yes,,,No,,BK68,,Commute to/from work,Yes,White/Caucasian,Brooklyn,Walk,Inner Brooklyn,"Graduate degree (i.e., Master's, Professional, Doctorate)",No,0.0,No,"No, not of Hispanic, Latino, or Spanish origin",No,Commute to/from work,No,No,,No,No,,5.49,No,0.768186785,No,I personally own or lease a car,Brooklyn
51202535,No,35-44,No,,,No,On the street,,,Social/recreation,Yes,Other,,Personal bicycle,Outer Brooklyn,No high school,No,0.16,No,"Yes, Mexican, Mexican American, Chicano",No,Social/recreation,No,No,,No,No,,5.26,No,1.653807094,No,I do not have access to a car,Brooklyn
1100328,No,45-54,Yes,,No,No,,MN17,,Commute to/from work,Yes,Asian,Brooklyn,Subway,Outer Brooklyn,"Bachelor's degree (i.e., BA, BS, AB)",No,0.25,No,"No, not of Hispanic, Latino, or Spanish origin",No,Commute to/from work,No,No,No,No,No,,5.44,No,1.884407468,No,I personally own or lease a car,Brooklyn
1104794,No,25-34,Yes,,No,No,,MN17,,Commute to/from work,Yes,White/Caucasian,Queens,Subway,Inner Queens,"Bachelor's degree (i.e., BA, BS, AB)",No,,No,"No, not of Hispanic, Latino, or Spanish origin",No,Commute to/from work,No,No,No,No,No,,,No,0.301895112,No,I do not have access to a car,Queens
1104394,Yes,35-44,No,,,No,,BK99,,Commute to/from work,Yes,Other,Queens,Personal car,Outer Queens,"Graduate degree (i.e., Master's, Professional, Doctorate)",No,,No,"Yes, Other",No,Commute to/from work,No,No,,No,No,,,No,0.673989448,No,I personally own or lease a car,Queens
1104014,No,35-44,Yes,,No,No,,MN12,,Personal errands,Yes,Asian,The Bronx,Subway,Northern Bronx,Some college but degree not received or in progress,No,,No,"No, not of Hispanic, Latino, or Spanish origin",No,Personal errands,No,No,No,No,No,,,No,0.4815817,No,I do not have access to a car,The Bronx
1100482,Yes,35-44,Yes,,,No,,MN21,,Social/recreation,No,White/Caucasian,Manhattan,Personal car,Manhattan Core,"Bachelor's degree (i.e., BA, BS, AB)",No,0.03,Yes,"Yes, Mexican, Mexican American, Chicano",No,Social/recreation,No,No,,No,No,,5.4,No,0.882902978,No,I personally own or lease a car,Manhattan
1101863,Yes,25-34,No,,,No,,SI24,,Personal errands,Yes,White/Caucasian,Staten Island,Personal car,Staten Island,"High school graduate or equivalent (i.e., GED)",No,0.29,No,"No, not of Hispanic, Latino, or Spanish origin",No,Personal errands,No,No,,No,No,,5.33,No,0.969266646,No,I personally own or lease a car,Staten Island
1100315,Yes,55-64,No,,,No,,BX55,,Personal errands,Yes,White/Caucasian,The Bronx,Personal car,Northern Bronx,"High school graduate or equivalent (i.e., GED)",No,0.25,No,"Yes, Puerto Rican",No,Personal errands,No,No,,No,No,,5.44,No,3.669213026,No,I personally own or lease a car,The Bronx
1102001,No,65 or older,Yes,,No,No,,MN21,,Social/recreation,Yes,White/Caucasian,Queens,Subway,Inner Queens,"Graduate degree (i.e., Master's, Professional, Doctorate)",No,0.0,No,"No, not of Hispanic, Latino, or Spanish origin",No,Social/recreation,No,No,No,No,No,,5.3,No,0.4456879,No,I do not have access to a car,Queens
1103042,No,45-54,Yes,,,No,,BX09,,Personal errands,No,Other,The Bronx,Walk,Northern Bronx,"High school graduate or equivalent (i.e., GED)",No,0.0,No,"Yes, Puerto Rican",No,Personal errands,No,No,,Yes,No,,5.26,No,1.821656819,No,I do not have access to a car,The Bronx
1104909,No,45-54,Yes,,,No,,BX63,,Social/recreation,Yes,White/Caucasian,The Bronx,Walk,Southern Bronx,Some college but degree not received or in progress,No,,No,"No, not of Hispanic, Latino, or Spanish origin",No,Social/recreation,No,No,,No,No,,,No,0.37745252,No,I personally own or lease a car,The Bronx
1100806,No,45-54,Yes,,,No,,BK61,,Shopping,Yes,Black/ African American/ Caribbean American,Brooklyn,Walk,Inner Brooklyn,"Bachelor's degree (i.e., BA, BS, AB)",No,0.0,No,"No, not of Hispanic, Latino, or Spanish origin",No,Shopping,No,No,,No,No,,5.36,No,1.376267795,No,I personally own or lease a car,Brooklyn
1100311,Yes,65 or older,No,,,No,,QN70,,Other,Yes,White/Caucasian,Queens,Personal car,Outer Queens,Some college but degree not received or in progress,No,0.25,No,"No, not of Hispanic, Latino, or Spanish origin",No,Other,No,No,,No,No,,5.44,No,1.063463341,No,I personally own or lease a car,Queens
51200019,No,35-44,No,MN15,,No,Other,,,Commute to/from work,Yes,Asian,Manhattan,Citi Bike,Manhattan Core,"Graduate degree (i.e., Master's, Professional, Doctorate)",No,0.0,No,"No, not of Hispanic, Latino, or Spanish origin",No,Commute to/from work,No,No,,No,No,,5.51,Yes,2.087324243,No,I personally own or lease a car,Manhattan
1102476,No,65 or older,Yes,,,No,,SI54,,Social/recreation,Yes,White/Caucasian,Staten Island,Walk,Staten Island,Some college but degree not received or in progress,No,0.27,No,"No, not of Hispanic, Latino, or Spanish origin",No,Social/recreation,No,No,,No,No,,5.27,No,0.454263448,No,I personally own or lease a car,Staten Island
3103474,No,25-34,Yes,,No,No,,QN17,Work,Commute to/from work,Yes,Asian,Manhattan,Subway,Middle Queens,"Bachelor's degree (i.e., BA, BS, AB)",No,0.0,No,"No, not of Hispanic, Latino, or Spanish origin",No,Commute to/from work,No,No,No,No,No,,5.24,No,0.877051212,No,I personally own or lease a car,Queens
52202535,No,35-44,No,,,No,On the street,,,Social/recreation,Yes,Other,Brooklyn,Personal bicycle,Outer Brooklyn,No high school,No,0.16,No,"Yes, Mexican, Mexican American, Chicano",No,Social/recreation,No,No,,No,No,,5.26,No,1.653807094,No,I do not have access to a car,Brooklyn
1100301,Yes,35-44,No,,,No,,MN13,,Commute to/from work,No,White/Caucasian,Manhattan,Personal car,Manhattan Core,"Graduate degree (i.e., Master's, Professional, Doctorate)",No,0.25,No,"No, not of Hispanic, Latino, or Spanish origin",No,Commute to/from work,No,No,,No,No,10.0,5.44,No,0.308762023,No,I personally own or lease a car,Manhattan
1101990,No,45-54,Yes,,,No,,BX17,,Social/recreation,No,Other,The Bronx,Walk,Southern Bronx,"High school graduate or equivalent (i.e., GED)",No,0.0,No,"Yes, Puerto Rican",No,Social/recreation,No,No,,Yes,No,,5.3,No,1.821656819,No,I do not have access to a car,The Bronx
1100432,No,25-34,No,,,No,,MN09,,Other,Yes,Other,Manhattan,Other,Northern Manhattan,Some college but degree not received or in progress,No,0.1,No,"No, not of Hispanic, Latino, or Spanish origin",No,Other,No,No,,No,No,,5.41,No,0.564885512,No,I do not have access to a car,Manhattan
1105261,No,18-24,Yes,,No,No,,QN28,,Shopping,Yes,Other,Queens,Subway,Northern Bronx,"High school graduate or equivalent (i.e., GED)",No,,No,"Yes, Puerto Rican",No,Shopping,No,No,No,No,No,,,No,1.356014418,No,I do not have access to a car,The Bronx
1100513,Yes,55-64,No,,,No,,SI32,,Social/recreation,Yes,White/Caucasian,Staten Island,Personal car,Staten Island,"Bachelor's degree (i.e., BA, BS, AB)",No,0.03,No,"No, not of Hispanic, Latino, or Spanish origin",No,Social/recreation,No,No,,No,No,,5.4,No,0.168076591,No,I personally own or lease a car,Staten Island
1103027,No,65 or older,Yes,,No,No,,BK38,,Personal errands,No,White/Caucasian,Queens,Subway,Middle Queens,"Graduate degree (i.e., Master's, Professional, Doctorate)",No,0.0,No,"No, not of Hispanic, Latino, or Spanish origin",No,Personal errands,No,No,No,Yes,No,,5.26,No,0.321727089,No,I do not have access to a car,Queens
1100326,Yes,65 or older,No,,,No,,BK58,,Shopping,Yes,White/Caucasian,Brooklyn,Personal car,Outer Brooklyn,"Bachelor's degree (i.e., BA, BS, AB)",No,0.25,No,"No, not of Hispanic, Latino, or Spanish origin",No,Shopping,No,No,,No,No,100.0,5.44,No,1.35802893,No,I personally own or lease a car,Brooklyn
4102010,No,45-54,Yes,,No,No,,QN70,Work,Commute to/from work,Yes,White/Caucasian,Manhattan,Subway,Inner Queens,"Bachelor's degree (i.e., BA, BS, AB)",No,0.44,No,"No, not of Hispanic, Latino, or Spanish origin",No,Commute to/from work,No,No,No,No,No,,5.29,No,0.342489076,No,I personally own or lease a car,Queens
1104983,No,35-44,Yes,,No,No,,BK73,,Commute to/from work,No,Other,The Bronx,Subway,Southern Bronx,Some college but degree not received or in progress,No,,No,"Yes, Puerto Rican",No,Commute to/from work,No,No,No,Yes,No,,,No,0.88702481,No,"I do not personally own or lease a car, but I have access to a car belonging to a member of my household",The Bronx
1102414,No,65 or older,Yes,,,No,,QN17,,Business,Yes,White/Caucasian,Queens,Walk,Middle Queens,Some college but degree not received or in progress,No,0.1,No,"No, not of Hispanic, Latino, or Spanish origin",No,Business,No,No,,No,No,,5.27,No,1.101162237,No,I personally own or lease a car,Queens
1100924,No,45-54,Yes,,No,No,,MN25,,Commute to/from work,Yes,White/Caucasian,Queens,Subway,Inner Queens,"Bachelor's degree (i.e., BA, BS, AB)",No,0.65,No,"No, not of Hispanic, Latino, or Spanish origin",No,Commute to/from work,No,No,No,No,No,,5.35,No,0.300164793,No,Other,Queens
1104322,No,45-54,Yes,,,No,,QN22,,Commute to/from work,Yes,Asian,Queens,Walk,Middle Queens,"Bachelor's degree (i.e., BA, BS, AB)",No,,No,"No, not of Hispanic, Latino, or Spanish origin",No,Commute to/from work,No,No,,No,No,,,No,0.418252928,No,I do not have access to a car,Queens
1100289,No,65 or older,Yes,,,No,,MN28,,Other,No,White/Caucasian,Manhattan,Walk,Manhattan Core,Some college but degree not received or in progress,No,0.0,No,"Yes, Puerto Rican",No,Other,No,No,,Yes,No,,5.45,No,2.717078502,No,I do not have access to a car,Manhattan
1104139,No,25-34,Yes,,No,No,,QN70,,Social/recreation,Yes,White/Caucasian,Manhattan,Subway,Northern Manhattan,"Graduate degree (i.e., Master's, Professional, Doctorate)",No,,No,"No, not of Hispanic, Latino, or Spanish origin",No,Social/recreation,No,No,No,No,No,,,No,0.303452412,No,I personally own or lease a car,Manhattan
1101820,No,25-34,Yes,,,No,,SI08,,Shopping,Yes,Asian,Staten Island,Walk,Staten Island,"Bachelor's degree (i.e., BA, BS, AB)",No,0.0,No,"No, not of Hispanic, Latino, or Spanish origin",No,Shopping,No,No,,No,No,,5.33,No,0.321615878,No,I personally own or lease a car,Staten Island
1102289,No,25-34,Yes,,,No,,BX06,,Commute to/from work,Yes,White/Caucasian,The Bronx,Walk,Southern Bronx,"Graduate degree (i.e., Master's, Professional, Doctorate)",No,0.0,No,"No, not of Hispanic, Latino, or Spanish origin",No,Commute to/from work,No,No,,No,No,,5.28,No,0.110140121,No,I do not have access to a car,The Bronx
2100092,No,55-64,Yes,,,No,,MN23,,Business,Yes,White/Caucasian,Manhattan,Walk,Manhattan Core,"Bachelor's degree (i.e., BA, BS, AB)",No,0.0,No,"No, not of Hispanic, Latino, or Spanish origin",No,Business,No,No,,No,No,,5.49,No,0.391581363,No,I do not have access to a car,Manhattan
54200173,No,45-54,Yes,BK37,,No,Other,,Home,Accompanying other traveler,Yes,White/Caucasian,Brooklyn,Citi Bike,Inner Brooklyn,"Graduate degree (i.e., Master's, Professional, Doctorate)",No,0.0,No,"No, not of Hispanic, Latino, or Spanish origin",No,Accompanying other traveler,No,No,,No,No,,5.46,Yes,0.227665715,No,I do not have access to a car,Brooklyn
1100160,No,25-34,No,,,No,,MN14,,,No,Asian,Queens,Don't know,Manhattan Core,"Bachelor's degree (i.e., BA, BS, AB)",No,0.0,No,"No, not of Hispanic, Latino, or Spanish origin",No,,No,No,,No,Yes,,5.47,No,0.775855868,No,I personally own or lease a car,Manhattan
2103291,No,35-44,No,,,No,In your home or apartment,MN11,Work,Commute to/from work,Yes,Asian,Manhattan,Personal bicycle,Northern Manhattan,"Graduate degree (i.e., Master's, Professional, Doctorate)",No,0.0,No,"No, not of Hispanic, Latino, or Spanish origin",No,Commute to/from work,No,No,,No,No,,5.25,No,0.587629123,No,I do not have access to a car,Manhattan
1104718,No,18-24,Yes,,No,No,,QN35,,Commute to/from work,No,Black/ African American/ Caribbean American,Manhattan,Subway,Northern Manhattan,Some college but degree not received or in progress,No,,No,"Yes, Puerto Rican",No,Commute to/from work,No,No,No,Yes,No,,,No,0.655072934,No,I do not have access to a car,Manhattan
1102431,No,25-34,Yes,,No,No,,QN22,Other,Other,Yes,Asian,Queens,Local bus,Middle Queens,"Bachelor's degree (i.e., BA, BS, AB)",No,0.1,No,"No, not of Hispanic, Latino, or Spanish origin",No,Other,No,No,No,No,No,,5.27,No,0.669280631,No,I do not have access to a car,Queens
12202918,No,65 or older,Yes,,No,No,,,,Other,No,Other,The Bronx,Select bus service,Southern Bronx,"High school graduate or equivalent (i.e., GED)",No,0.16,No,"Yes, Puerto Rican",No,Other,No,No,No,Yes,No,,5.26,No,1.771267022,No,I do not have access to a car,The Bronx
1102371,No,25-34,Yes,,No,No,,MN17,,Commute to/from work,Yes,Black/ African American/ Caribbean American,Manhattan,Subway,Northern Manhattan,"Associate degree (i.e., AA, AS)",No,0.1,No,"No, not of Hispanic, Latino, or Spanish origin",No,Commute to/from work,No,No,No,No,No,,5.27,No,0.978936774,No,I personally own or lease a car,Manhattan
11200567,Yes,55-64,No,,,No,,,,School,Yes,White/Caucasian,,Personal car,Middle Queens,"Bachelor's degree (i.e., BA, BS, AB)",No,0.58,No,"No, not of Hispanic, Latino, or Spanish origin",No,School,No,No,,No,No,,5.39,No,0.363663771,No,I personally own or lease a car,Queens
1103857,No,65 or older,Yes,,,No,,QN72,Home,Dining,Yes,White/Caucasian,Queens,Walk,Inner Queens,"Bachelor's degree (i.e., BA, BS, AB)",No,,No,"No, not of Hispanic, Latino, or Spanish origin",No,Dining,No,No,,No,No,,,No,0.547183641,No,I personally own or lease a car,Queens
1103911,No,25-34,No,,,No,,BX46,,,No,Black/ African American/ Caribbean American,The Bronx,Don't know,Northern Bronx,Some college but degree not received or in progress,No,,No,"No, not of Hispanic, Latino, or Spanish origin",No,,No,No,,No,No,,,No,0.557802913,No,"I do not personally own or lease a car, but I have access to a car belonging to a member of my household",The Bronx
1103874,No,25-34,Yes,,,No,,QN17,,Other,Yes,Asian,Queens,Walk,Middle Queens,"Graduate degree (i.e., Master's, Professional, Doctorate)",No,,No,"No, not of Hispanic, Latino, or Spanish origin",No,Other,No,No,,No,No,,,No,0.613267501,No,I personally own or lease a car,Queens
1100470,No,55-64,Yes,,,No,,BX44,,Shopping,Yes,Black/ African American/ Caribbean American,The Bronx,Walk,Northern Bronx,"Bachelor's degree (i.e., BA, BS, AB)",No,0.03,No,"No, not of Hispanic, Latino, or Spanish origin",No,Shopping,No,No,,No,No,,5.4,No,0.339362986,No,I personally own or lease a car,The Bronx
52201021,No,35-44,No,,,No,In your home or apartment,,Park/Recreational area/Gym,Other,Yes,Asian,Queens,Personal bicycle,Inner Queens,"High school graduate or equivalent (i.e., GED)",No,0.0,No,"Yes, Other",No,Social/recreation,No,No,,No,No,,5.34,No,2.291830568,No,I do not have access to a car,Queens
12200055,No,45-54,Yes,BX26,,No,,,,Dining,Yes,Other,The Bronx,Walk,Southern Bronx,"Bachelor's degree (i.e., BA, BS, AB)",No,0.0,No,"Yes, Puerto Rican",No,Dining,No,No,,No,No,,5.51,No,0.472276648,No,I do not have access to a car,The Bronx
2100158,No,65 or older,Yes,,,No,,MN40,,Dining,Yes,White/Caucasian,Manhattan,Walk,Manhattan Core,"Graduate degree (i.e., Master's, Professional, Doctorate)",No,0.0,No,"No, not of Hispanic, Latino, or Spanish origin",No,Dining,No,No,,No,No,,5.47,No,0.45926112,No,I personally own or lease a car,Manhattan
1100714,No,35-44,No,,,No,,BK61,,Medical visit (doctor's office),Yes,White/Caucasian,Brooklyn,Car Service,Inner Brooklyn,"Associate degree (i.e., AA, AS)",No,0.22,No,"No, not of Hispanic, Latino, or Spanish origin",No,Medical visit (doctor's office),No,No,,No,No,,5.37,No,1.441484323,No,I do not have access to a car,Brooklyn
1102127,Yes,35-44,No,,,No,,BK79,,Shopping,Yes,White/Caucasian,Queens,Personal car,Middle Queens,"Bachelor's degree (i.e., BA, BS, AB)",No,0.0,No,"No, not of Hispanic, Latino, or Spanish origin",No,Shopping,No,No,,No,No,,5.29,No,0.280724687,No,I personally own or lease a car,Queens
1100233,No,65 or older,Yes,,,No,,BX46,,Personal errands,Yes,Black/ African American/ Caribbean American,The Bronx,Walk,Northern Bronx,"High school graduate or equivalent (i.e., GED)",No,0.0,No,"No, not of Hispanic, Latino, or Spanish origin",No,Personal errands,No,No,,No,No,,5.46,No,2.902140324,No,I do not have access to a car,The Bronx
11201439,No,65 or older,Yes,MN09,No,No,,,,Personal errands,No,Other,Manhattan,Local bus,Northern Manhattan,Some high school,No,0.0,No,"Yes, Other",No,Personal errands,No,No,No,Yes,No,,5.31,No,2.643281409,No,I do not have access to a car,Manhattan
1103221,No,35-44,No,,,No,,QN01,,Other,Yes,Black/ African American/ Caribbean American,Queens,Other,Middle Queens,"Associate degree (i.e., AA, AS)",No,0.0,No,"No, not of Hispanic, Latino, or Spanish origin",No,Other,No,No,,No,No,,5.25,No,0.785247162,No,"I do not personally own or lease a car, but I have access to a car belonging to a member of my household",Queens
1100256,No,35-44,Yes,,,No,,MN17,,Commute to/from work,Yes,White/Caucasian,Manhattan,Walk,Manhattan Core,"Bachelor's degree (i.e., BA, BS, AB)",No,0.0,No,"No, not of Hispanic, Latino, or Spanish origin",No,Commute to/from work,No,No,,No,No,,5.45,No,0.295321599,No,I personally own or lease a car,Manhattan
1100911,Yes,55-64,No,,,No,,SI45,,Shopping,Yes,White/Caucasian,Staten Island,Personal car,Staten Island,"Associate degree (i.e., AA, AS)",No,0.65,No,"No, not of Hispanic, Latino, or Spanish origin",No,Shopping,No,No,,No,No,,5.35,No,0.315477118,No,I personally own or lease a car,Staten Island
11201518,No,45-54,Yes,BX35,No,No,,,,Commute to/from work,No,Two or more races,The Bronx,Local bus,Southern Bronx,"High school graduate or equivalent (i.e., GED)",No,0.0,No,"Yes, Puerto Rican",No,Commute to/from work,No,No,No,No,No,,5.31,No,1.135377629,No,I do not have access to a car,The Bronx
3100291,No,45-54,Yes,,No,No,,MN27,Work,Commute to/from work,Yes,Asian,Manhattan,Local bus,Manhattan Core,"Bachelor's degree (i.e., BA, BS, AB)",No,0.0,No,"No, not of Hispanic, Latino, or Spanish origin",No,Commute to/from work,No,No,No,No,No,,5.45,No,0.755612182,No,I do not have access to a car,Manhattan
1102570,Yes,45-54,No,,,No,,SI11,,Shopping,Yes,White/Caucasian,Staten Island,Personal car,Staten Island,"Associate degree (i.e., AA, AS)",No,0.08,No,"No, not of Hispanic, Latino, or Spanish origin",No,Shopping,No,No,,No,No,,5.26,No,0.284329167,No,I personally own or lease a car,Staten Island
1104133,No,35-44,Yes,,,No,,MN11,,Shopping,Yes,White/Caucasian,Manhattan,Walk,Northern Manhattan,"Bachelor's degree (i.e., BA, BS, AB)",No,,No,"No, not of Hispanic, Latino, or Spanish origin",No,Shopping,No,No,,No,No,,,No,0.185618934,No,I personally own or lease a car,Manhattan
1105437,No,65 or older,Yes,,,No,,MN99,,Social/recreation,Yes,White/Caucasian,Manhattan,Walk,Manhattan Core,"High school graduate or equivalent (i.e., GED)",No,,No,"No, not of Hispanic, Latino, or Spanish origin",No,Social/recreation,No,No,,No,No,,,No,3.348697739,No,I do not have access to a car,Manhattan
1100402,No,65 or older,No,,,No,,BK69,,Other,Yes,White/Caucasian,Brooklyn,Other,Inner Brooklyn,Some college but degree not received or in progress,No,0.22,No,"No, not of Hispanic, Latino, or Spanish origin",No,Other,No,No,,No,No,,5.42,No,2.809715991,No,I do not have access to a car,Brooklyn
11200560,Yes,45-54,No,,,No,,,,School,Yes,White/Caucasian,,Personal car,Outer Brooklyn,"Graduate degree (i.e., Master's, Professional, Doctorate)",No,0.58,No,"No, not of Hispanic, Latino, or Spanish origin",No,School,No,No,,No,No,,5.39,No,0.229176951,No,I personally own or lease a car,Brooklyn
1100479,No,25-34,Yes,,,No,,BK21,,Personal errands,Yes,Black/ African American/ Caribbean American,Brooklyn,Walk,Outer Brooklyn,"High school graduate or equivalent (i.e., GED)",No,0.03,No,"No, not of Hispanic, Latino, or Spanish origin",No,Personal errands,No,No,,No,No,,5.4,No,4.623162321,No,"I do not personally own or lease a car, but I have access to a car belonging to a member of my household",Brooklyn
11200004,No,35-44,Yes,,No,No,,,,Commute to/from work,Yes,Refused,,Subway,Southern Bronx,"High school graduate or equivalent (i.e., GED)",No,,No,"No, not of Hispanic, Latino, or Spanish origin",No,Commute to/from work,No,No,No,No,No,,,No,0.721440213,No,Other,The Bronx
11202476,No,25-34,Yes,BK75,No,No,,,,Commute to/from work,Yes,White/Caucasian,Brooklyn,Subway,Inner Brooklyn,"Bachelor's degree (i.e., BA, BS, AB)",No,0.27,No,"No, not of Hispanic, Latino, or Spanish origin",No,Commute to/from work,No,No,No,No,No,,5.27,No,0.96104854,No,Other,Brooklyn
51200196,No,18-24,Yes,QN33,,No,,,,School,No,White/Caucasian,Queens,Walk,Outer Queens,"Bachelor's degree (i.e., BA, BS, AB)",No,0.0,No,"No, not of Hispanic, Latino, or Spanish origin",No,School,No,No,,No,No,,5.46,No,0.590974693,No,I do not have access to a car,Queens
1101836,No,65 or older,Yes,,,No,,QN28,,Shopping,Yes,White/Caucasian,Queens,Walk,Inner Queens,"Graduate degree (i.e., Master's, Professional, Doctorate)",No,0.29,No,"No, not of Hispanic, Latino, or Spanish origin",No,Shopping,No,No,,No,No,,5.33,No,0.321727089,No,I personally own or lease a car,Queens
2100050,No,18-24,Yes,,No,No,,QN01,,Other,Yes,White/Caucasian,Queens,Local bus,Outer Queens,Some high school,No,0.0,No,"Yes, Puerto Rican",No,School,No,No,No,No,No,,5.51,No,3.62560523,No,I do not have access to a car,Queens
1100916,Yes,25-34,No,,,No,,MN31,,Social/recreation,Yes,White/Caucasian,Staten Island,Personal car,Staten Island,"Bachelor's degree (i.e., BA, BS, AB)",No,0.65,No,"No, not of Hispanic, Latino, or Spanish origin",No,Social/recreation,No,No,,No,No,20.0,5.35,No,0.14507257,No,I personally own or lease a car,Staten Island
1103724,No,55-64,No,,,No,,BX27,Friend or family member's home,Social/recreation,No,Black/ African American/ Caribbean American,Manhattan,"Shared-ride service such a Uber Pool, Via, or Lyft Line",Southern Bronx,Some college but degree not received or in progress,No,0.0,No,"No, not of Hispanic, Latino, or Spanish origin",No,Social/recreation,No,No,,No,No,,5.24,No,0.624128362,No,I do not have access to a car,The Bronx
1100727,No,55-64,Yes,,No,No,,MN31,,Medical visit (doctor's office),Yes,White/Caucasian,Queens,Subway,Middle Queens,"Graduate degree (i.e., Master's, Professional, Doctorate)",No,0.22,No,"No, not of Hispanic, Latino, or Spanish origin",No,Medical visit (doctor's office),No,No,No,No,No,,5.37,No,0.280887704,No,I personally own or lease a car,Queens
1100619,No,25-34,Yes,,No,No,,BK35,,Commute to/from work,Yes,White/Caucasian,The Bronx,Subway,Northern Bronx,Some college but degree not received or in progress,No,0.34,No,"No, not of Hispanic, Latino, or Spanish origin",No,Commute to/from work,No,No,No,No,No,,5.38,No,0.262807183,No,I personally own or lease a car,The Bronx
3100140,No,45-54,No,,,No,On the street,MN13,,Commute to/from work,Yes,White/Caucasian,Manhattan,Citi Bike,Manhattan Core,"Graduate degree (i.e., Master's, Professional, Doctorate)",No,0.0,No,"No, not of Hispanic, Latino, or Spanish origin",No,Commute to/from work,No,No,,No,No,,5.47,Yes,0.363798756,No,I personally own or lease a car,Manhattan
1100259,No,65 or older,Yes,,,No,,MN20,,Shopping,Yes,White/Caucasian,Manhattan,Walk,Manhattan Core,"Bachelor's degree (i.e., BA, BS, AB)",No,0.0,No,"No, not of Hispanic, Latino, or Spanish origin",No,Shopping,No,No,,No,No,,5.45,No,0.361805174,No,I do not have access to a car,Manhattan
2100112,No,18-24,Yes,,,No,,MN04,,Commute to/from work,Yes,White/Caucasian,Manhattan,Walk,Northern Manhattan,"Bachelor's degree (i.e., BA, BS, AB)",No,0.0,No,"No, not of Hispanic, Latino, or Spanish origin",No,Commute to/from work,No,No,,No,No,,5.49,No,0.144714949,No,I personally own or lease a car,Manhattan
1100339,No,55-64,Yes,,No,No,,BK09,Home,Business,Yes,Two or more races,Brooklyn,Subway,Inner Brooklyn,"Bachelor's degree (i.e., BA, BS, AB)",No,0.25,No,"No, not of Hispanic, Latino, or Spanish origin",No,Business,No,No,No,No,No,,5.44,No,0.636295019,No,I do not have access to a car,Brooklyn
1100572,No,45-54,Yes,,No,No,,MN17,,Social/recreation,Yes,White/Caucasian,Manhattan,Subway,Northern Manhattan,"Bachelor's degree (i.e., BA, BS, AB)",No,0.58,No,"No, not of Hispanic, Latino, or Spanish origin",No,Social/recreation,No,No,No,No,No,,5.39,No,0.340837032,No,,Manhattan
1100075,No,55-64,Yes,,,No,,BK26,,Commute to/from work,No,White/Caucasian,Brooklyn,Walk,Outer Brooklyn,"Associate degree (i.e., AA, AS)",No,0.0,No,"No, not of Hispanic, Latino, or Spanish origin",No,Commute to/from work,No,No,,No,No,,5.49,No,1.734516915,No,I do not have access to a car,Brooklyn
1101457,Yes,25-34,No,,,No,,SI45,,Social/recreation,Yes,White/Caucasian,Staten Island,Personal car,Staten Island,"Associate degree (i.e., AA, AS)",No,0.0,No,"Yes, Puerto Rican",No,Social/recreation,No,No,,No,No,,5.34,No,0.583737525,No,I personally own or lease a car,Staten Island
1102247,No,25-34,Yes,,,No,,QN28,Home,Social/recreation,No,Asian,Queens,Walk,Inner Queens,"Bachelor's degree (i.e., BA, BS, AB)",No,0.0,No,"No, not of Hispanic, Latino, or Spanish origin",No,Social/recreation,No,No,,No,No,,5.28,No,0.80152338,No,I personally own or lease a car,Queens
1100433,No,25-34,Yes,,,No,,QN56,,Shopping,Yes,Asian,Queens,Walk,Outer Queens,"Bachelor's degree (i.e., BA, BS, AB)",No,0.1,No,"No, not of Hispanic, Latino, or Spanish origin",No,Shopping,No,No,,No,No,,5.41,No,0.669280631,No,I personally own or lease a car,Queens
1101825,Yes,45-54,No,,,No,,QN41,,Commute to/from work,Yes,White/Caucasian,Queens,Personal car,Middle Queens,"Associate degree (i.e., AA, AS)",No,0.0,No,"No, not of Hispanic, Latino, or Spanish origin",No,Commute to/from work,No,No,,No,No,,5.33,No,0.66563499,No,I personally own or lease a car,Queens
1100687,No,25-34,Yes,,,No,,QN31,,Personal errands,Yes,Asian,Queens,Walk,Inner Queens,"Bachelor's degree (i.e., BA, BS, AB)",No,0.22,No,"No, not of Hispanic, Latino, or Spanish origin",No,Personal errands,No,No,,No,No,,5.37,No,0.752925857,No,I do not have access to a car,Queens
53200019,No,35-44,No,MN15,,No,Other,,Friend or family member's home,Social/recreation,Yes,Asian,Manhattan,Citi Bike,Manhattan Core,"Graduate degree (i.e., Master's, Professional, Doctorate)",No,0.0,No,"No, not of Hispanic, Latino, or Spanish origin",No,Social/recreation,No,No,,No,No,,5.51,Yes,2.087324243,No,I personally own or lease a car,Manhattan
1100943,Yes,25-34,No,,,No,,BX08,"Entertainment event (i.e. sporting event, play, etc.)",Social/recreation,Yes,Black/ African American/ Caribbean American,The Bronx,Personal car,Northern Bronx,"Associate degree (i.e., AA, AS)",No,0.65,No,"Yes, Puerto Rican",No,Social/recreation,No,No,,No,No,,5.35,No,0.847944226,No,I personally own or lease a car,The Bronx
53201530,No,18-24,No,,,No,On the street,,Home,Social/recreation,Yes,White/Caucasian,,Citi Bike,Manhattan Core,Some college but degree not received or in progress,No,0.0,No,"No, not of Hispanic, Latino, or Spanish origin",No,Social/recreation,No,No,,No,No,,5.31,Yes,0.724989327,No,I personally own or lease a car,Manhattan
1103445,No,25-34,Yes,,No,No,,MN14,,Social/recreation,Yes,White/Caucasian,Manhattan,Subway,Northern Manhattan,"Bachelor's degree (i.e., BA, BS, AB)",No,0.0,No,"No, not of Hispanic, Latino, or Spanish origin",No,Social/recreation,No,No,No,No,No,,5.24,No,0.282310305,No,I do not have access to a car,Manhattan
51202733,No,35-44,No,BK64,,No,Other,,,Commute to/from work,Yes,White/Caucasian,Brooklyn,Citi Bike,Inner Brooklyn,"Bachelor's degree (i.e., BA, BS, AB)",No,0.0,No,"No, not of Hispanic, Latino, or Spanish origin",No,Commute to/from work,No,No,,No,No,,5.25,Yes,0.750643702,No,I do not have access to a car,Brooklyn
1101748,No,45-54,Yes,,,No,,BK61,,Other,Yes,Black/ African American/ Caribbean American,Brooklyn,Walk,Outer Brooklyn,"Associate degree (i.e., AA, AS)",No,0.0,No,"No, not of Hispanic, Latino, or Spanish origin",No,Other,No,No,,No,No,,5.33,No,1.473440001,No,I personally own or lease a car,Brooklyn
1105290,No,45-54,Yes,,,No,,QN68,,Shopping,Yes,Other,Queens,Walk,Inner Queens,"Associate degree (i.e., AA, AS)",No,,No,"No, not of Hispanic, Latino, or Spanish origin",No,Shopping,No,No,,No,No,,,No,0.29409632,No,"I do not personally own or lease a car, but I have access to a car belonging to a member of my household",Queens
1100104,No,35-44,Yes,,No,No,,MN25,,Commute to/from work,Yes,Asian,Manhattan,Subway,Northern Manhattan,"Graduate degree (i.e., Master's, Professional, Doctorate)",No,0.0,No,"No, not of Hispanic, Latino, or Spanish origin",No,Commute to/from work,No,No,No,No,No,,5.49,No,0.587629123,No,I personally own or lease a car,Manhattan
1100034,No,65 or older,Yes,,,No,,MN12,,Shopping,Yes,Black/ African American/ Caribbean American,Manhattan,Walk,Manhattan Core,"Bachelor's degree (i.e., BA, BS, AB)",No,0.0,No,"No, not of Hispanic, Latino, or Spanish origin",No,Shopping,No,No,,No,No,,5.51,No,0.840285905,No,I do not have access to a car,Manhattan
1100616,Yes,35-44,No,,,No,,MN12,,Business,Yes,White/Caucasian,Manhattan,Personal car,Manhattan Core,"Graduate degree (i.e., Master's, Professional, Doctorate)",No,0.34,No,"Yes, Cuban",No,Business,No,No,,No,No,,5.38,No,0.809011463,No,I personally own or lease a car,Manhattan
2100028,No,35-44,Yes,,No,No,,QN56,,Commute to/from work,Yes,Two or more races,Manhattan,Subway,Outer Queens,"Graduate degree (i.e., Master's, Professional, Doctorate)",No,0.0,No,"Yes, Puerto Rican",No,Commute to/from work,No,No,No,No,No,,5.51,No,0.59911355,No,I personally own or lease a car,Queens
1100020,No,45-54,Yes,,No,No,,MN24,,Commute to/from work,Yes,White/Caucasian,Staten Island,Express bus,Staten Island,"High school graduate or equivalent (i.e., GED)",No,0.0,No,"No, not of Hispanic, Latino, or Spanish origin",No,Commute to/from work,No,No,No,No,No,,5.51,No,0.83910675,No,"I do not personally own or lease a car, but I have access to a car belonging to a member of my household",Staten Island
1102870,No,18-24,No,,,No,,BX99,,Social/recreation,Yes,Asian,Queens,Carpool,Northern Bronx,"Associate degree (i.e., AA, AS)",No,0.16,No,"No, not of Hispanic, Latino, or Spanish origin",Yes,Social/recreation,No,No,,No,No,10.0,5.26,No,0.37545777,No,I personally own or lease a car,The Bronx
1104779,Yes,65 or older,No,,,No,,QN23,,Dining,Yes,White/Caucasian,Queens,Personal car,Outer Queens,"Bachelor's degree (i.e., BA, BS, AB)",No,,No,"No, not of Hispanic, Latino, or Spanish origin",No,Dining,No,No,,No,No,,,No,0.486395054,No,I personally own or lease a car,Queens
1100610,No,25-34,Yes,,No,No,,BK81,,Commute to/from work,Yes,White/Caucasian,Brooklyn,Subway,Northern Bronx,"Graduate degree (i.e., Master's, Professional, Doctorate)",No,0.34,No,"No, not of Hispanic, Latino, or Spanish origin",No,Commute to/from work,No,No,No,No,No,,5.38,No,0.224931053,No,I personally own or lease a car,The Bronx
1101685,No,25-34,No,,,No,,BK68,,Business,No,Other,Manhattan,Carshare,Southern Bronx,"Bachelor's degree (i.e., BA, BS, AB)",No,0.0,No,"Yes, Puerto Rican",No,Business,No,No,,Yes,No,,5.33,No,0.464453084,No,I do not have access to a car,The Bronx
1103864,Yes,25-34,No,,,No,,QN06,,Commute to/from work,Yes,Black/ African American/ Caribbean American,Queens,Personal car,Inner Queens,"Bachelor's degree (i.e., BA, BS, AB)",No,,No,"No, not of Hispanic, Latino, or Spanish origin",No,Commute to/from work,No,No,,No,No,10.0,,No,0.488805842,No,I personally own or lease a car,Queens
1103967,No,55-64,Yes,,,No,,MN36,,,Yes,White/Caucasian,Manhattan,Walk,Northern Manhattan,"Bachelor's degree (i.e., BA, BS, AB)",No,,No,"No, not of Hispanic, Latino, or Spanish origin",No,,No,No,,No,No,,,No,0.391581363,No,I do not have access to a car,Manhattan
4101996,No,18-24,Yes,,No,No,,QN22,Work,Commute to/from work,Yes,Asian,Manhattan,Subway,Middle Queens,"Bachelor's degree (i.e., BA, BS, AB)",No,0.0,No,"No, not of Hispanic, Latino, or Spanish origin",No,Commute to/from work,No,No,No,No,No,,5.3,No,0.635829391,No,I personally own or lease a car,Queens
