avoided_emissions_onsite,data_center_ups_output_meter,multifamily_housing_number_4,financial_office_number_of_1,energy_power_station_gross,fuel_oil_2_use_kbtu,third_party_certification_1,data_center_it_site_energy,hotel_percent_that_can_be,non_refrigerated_warehouse,convenience_store_with_gas,water_use_all_water_sources,courthouse_gross_floor_area,count_of_buildings,data_quality_checker_run,national_median_energy_star,office_number_of_workers,temporary_values,mailing_center_post_office,senior_care_community_living,supermarket_grocery_number,wholesale_club_supercenter,latitude,data_center_pdu_input_meter,multifamily_housing_number_5,avoided_emissions_offsite,retail_store_open_or_closed,address_2,water_current_date,percent_of_recs_retained,energy_star_certification,retail_store_walk_in,alert_property_has_no_uses,multifamily_housing_number_6,office_computer_density_number,electricity_use_generated,third_party_certification_2,municipally_supplied_potable,hospital_general_medical_10,_3rd_largest_property_use_1,convenience_store_with_gas_1,retail_store_gross_floor,source_energy_use_adjusted,restaurant_weekly_operating,laboratory_gross_floor_area,hotel_room_density_number,office_number_of_computers,repair_services_vehicle_shoe,financial_office_number_of,city,multifamily_housing_gross,estimated_data_flag_1,property_gfa_calculated_2,leed_us_project_id,multifamily_housing_number_1,multifamily_housing_percent_1,_2nd_largest_property_use,propane_use_kbtu,multifamily_housing_number_3,estimated_values_water,green_power_offsite_kwh,weather_normalized_site_energy,third_party_certification,alert_individual_monthly,nyc_building_identification,hospital_general_medical_9,borough,default_values,primary_property_type_self,data_center_ups_system,alert_meter_has_less_than,hospital_general_medical_4,financial_office_gross_floor,property_name-hospital_general_medical_17
Not Available,Not Available,Not Available,Not Available,Not Available,2044314.5,Not Available,Not Available,Not Available,Not Available,Not Available,379.9,Not Available,,No,50,143.49,No,Not Available,Not Available,Not Available,Not Available,40.750916,Not Available,Not Available,0,0.12804,Not Available,12/31/2016,Not Available,Not Available,0,Ok,Not Available,3.47316,Not Available,Not Available,Not Available,Not Available,Not Available,Not Available,7810,6997319.9,Not Available,Not Available,Not Available,176.34,Not Available,Not Available,New York,Not Available,Not Available,Not Available,Not Available,Not Available,Not Available,Retail Store,Not Available,Not Available,No,0,3918804.4,Not Available,Ok,1015951,Not Available,MANHATTAN,Yes,Office,Not Available,Ok,Not Available,Not Available,40 West 37th-Not Available
Not Available,Not Available,45,Not Available,Not Available,Not Available,Not Available,Not Available,Not Available,Not Available,Not Available,516480.3,Not Available,,No,50,Not Available,No,Not Available,Not Available,Not Available,Not Available,,Not Available,0.9,0,Not Available,Not Available,12/31/2016,Not Available,Not Available,Not Available,Ok,0,Not Available,Not Available,Not Available,Not Available,Not Available,Not Available,Not Available,Not Available,3863679.1,Not Available,Not Available,Not Available,Not Available,Not Available,Not Available,Flushing,50000,Not Available,2500,Not Available,0,100,Parking,Not Available,1.4,No,0,3657445.1,Not Available,Ok,4311340,Not Available,,Yes,Multifamily Housing,Not Available,Ok,Not Available,Not Available,Roosevelt Plaza Condo-Not Available
Not Available,Not Available,0,Not Available,Not Available,Not Available,Not Available,Not Available,Not Available,Not Available,Not Available,Not Available,Not Available,,No,50,Not Available,No,Not Available,Not Available,Not Available,Not Available,40.712731,Not Available,0,0,Not Available,Not Available,Not Available,Not Available,Not Available,Not Available,Ok,78,Not Available,Not Available,Not Available,Not Available,Not Available,Not Available,Not Available,Not Available,8776539.9,Not Available,Not Available,Not Available,Not Available,Not Available,Not Available,Jamaica,68796,Not Available,Not Available,Not Available,0,100,Not Available,Not Available,2.34025,Unable to Check (not enough data),0,6882227.1,Not Available,Ok,4207809,Not Available,QUEENS,No,Multifamily Housing,Not Available,Ok,Not Available,Not Available,141-60 84th Road-Not Available
Not Available,Not Available,0,Not Available,Not Available,Not Available,Not Available,Not Available,Not Available,Not Available,Not Available,Not Available,Not Available,,No,50,Not Available,No,Not Available,Not Available,Not Available,Not Available,40.653129,Not Available,0,0,Not Available,Not Available,Not Available,Not Available,Not Available,Not Available,Ok,0,Not Available,Not Available,Not Available,Not Available,Not Available,Not Available,Not Available,Not Available,1951775.3,Not Available,Not Available,Not Available,Not Available,Not Available,Not Available,Brooklyn,87000,Not Available,Not Available,Not Available,Not Available,100,Not Available,Not Available,1.4,Unable to Check (not enough data),0,871147.1,Not Available,Ok,3421831,Not Available,BROOKLYN,Yes,Multifamily Housing,Not Available,Ok,Not Available,Not Available,Metropolitan Homes: 2100 Bedford-Not Available
Not Available,Not Available,0,Not Available,Not Available,39747036.8,Not Available,Not Available,Not Available,Not Available,Not Available,Not Available,Not Available,15.0,No,50,Not Available,No,Not Available,Not Available,Not Available,Not Available,40.817342,Not Available,0,Not Available,Not Available,Not Available,Not Available,Not Available,Not Available,Not Available,Ok,1258,Not Available,Not Available,Not Available,Not Available,Not Available,Not Available,Not Available,Not Available,139809931.5,Not Available,Not Available,Not Available,Not Available,Not Available,Not Available,BRONX,1188700,Not Available,Not Available,Not Available,Not Available,90,Not Available,Not Available,2.28653,Unable to Check (not enough data),Not Available,145416394,Not Available,Ok,2092604;2092605;2092608;2092610;2092611;2092638;2092647;2092649;2092651;2092652;2092654;2092656;2092659;2112985;2112986,Not Available,BRONX,No,Multifamily Housing,Not Available,Ok,Not Available,Not Available,SOUNDVIEW-Not Available
Not Available,Not Available,0,Not Available,Not Available,Not Available,Not Available,Not Available,Not Available,Not Available,Not Available,Not Available,Not Available,,No,50,Not Available,No,Not Available,Not Available,Not Available,Not Available,40.809967,Not Available,0,0,Not Available,Not Available,Not Available,Not Available,Not Available,Not Available,Ok,0,Not Available,Not Available,Not Available,Not Available,Not Available,Not Available,Not Available,Not Available,7877553,Not Available,Not Available,Not Available,Not Available,Not Available,Not Available,New York,65800,Not Available,Not Available,Not Available,Not Available,Not Available,Not Available,Not Available,1.4,Unable to Check (not enough data),0,7722084.6,Not Available,Ok,1059255,Not Available,MANHATTAN,Yes,Multifamily Housing,Not Available,Ok,Not Available,Not Available,98 Morningside Ave-Not Available
Not Available,Not Available,Not Available,Not Available,Not Available,Not Available,Not Available,Not Available,Not Available,Not Available,Not Available,Not Available,Not Available,,Yes,50,Not Available,No,Not Available,Not Available,Not Available,Not Available,40.82073,Not Available,Not Available,0,Not Available,Not Available,12/31/2014,Not Available,Not Available,Not Available,Ok,Not Available,Not Available,Not Available,Not Available,Not Available,Not Available,Not Available,Not Available,Not Available,Not Available,Not Available,Not Available,Not Available,Not Available,Not Available,Not Available,New York,Not Available,Not Available,Not Available,Not Available,Not Available,Not Available,Not Available,Not Available,Not Available,No,0,3383893.7,Not Available,Not Available,1059941,Not Available,MANHATTAN,No,Self-Storage Facility,Not Available,Not Available,Not Available,Not Available,MMS406 - 570-571 Riverside Dr-Not Available
Not Available,Not Available,0,Not Available,Not Available,Not Available,Not Available,Not Available,Not Available,Not Available,Not Available,6549.2,Not Available,,Yes,50,Not Available,No,Not Available,Not Available,Not Available,Not Available,,Not Available,0,0,Not Available,Not Available,12/31/2016,Not Available,Not Available,Not Available,Ok,0,Not Available,Not Available,Not Available,Not Available,Not Available,Not Available,Not Available,Not Available,3582336.7,Not Available,Not Available,Not Available,Not Available,Not Available,Not Available,Queens,71100,Not Available,Not Available,Not Available,Not Available,Not Available,Not Available,Not Available,1.43938,No,0,3442670.1,Not Available,Ok,4298279,Not Available,,Yes,Multifamily Housing,Not Available,Ok,Not Available,Not Available,1420 Gateway-Not Available
Not Available,Not Available,0,Not Available,Not Available,Not Available,Not Available,Not Available,Not Available,Not Available,Not Available,Not Available,Not Available,,No,50,Not Available,No,Not Available,Not Available,Not Available,Not Available,40.652461,Not Available,0,0,Not Available,Not Available,Not Available,Not Available,Not Available,Not Available,Ok,40,Not Available,Not Available,Not Available,Not Available,Not Available,Not Available,Not Available,Not Available,1334311.5,Not Available,Not Available,Not Available,Not Available,Not Available,Not Available,brooklyn,121750,Not Available,4000,Not Available,12,100,Parking,Not Available,1.43737,Unable to Check (not enough data),0,Not Available,Not Available,Possible Issue,3116659,Not Available,BROOKLYN,No,Multifamily Housing,Not Available,Ok,Not Available,Not Available,MP 155 Linden Blvd-Not Available
Not Available,Not Available,Not Available,Not Available,Not Available,Not Available,Not Available,Not Available,Not Available,Not Available,Not Available,2800,Not Available,,No,50,300,No,Not Available,Not Available,Not Available,Not Available,,Not Available,Not Available,0,Not Available,Not Available,12/31/2016,Not Available,Not Available,Not Available,Ok,Not Available,2.83152,Not Available,Not Available,Not Available,Not Available,Not Available,Not Available,Not Available,26577633.7,Not Available,Not Available,Not Available,300,Not Available,Not Available,New York,Not Available,Not Available,Not Available,Not Available,Not Available,Not Available,Not Available,Not Available,Not Available,No,0,10661188.9,Not Available,Ok,1024838,Not Available,,No,Office,Not Available,Ok,Not Available,Not Available,CBS  Ed Sullivan Theater 1697 Broadway-Not Available
Not Available,Not Available,0,Not Available,Not Available,Not Available,Not Available,Not Available,Not Available,Not Available,Not Available,19651.3,Not Available,,Yes,50,Not Available,No,Not Available,Not Available,Not Available,Not Available,40.827412,Not Available,0,0,Not Available,Not Available,12/31/2016,Not Available,Not Available,Not Available,Ok,0,Not Available,Not Available,Not Available,Not Available,Not Available,Not Available,Not Available,Not Available,17723585.1,Not Available,Not Available,Not Available,Not Available,Not Available,Not Available,Bronx,304205,Not Available,Not Available,Not Available,Not Available,Not Available,Not Available,Not Available,1.4,No,0,6428729.9,Not Available,Not Available,2002802,Not Available,BRONX,Yes,Multifamily Housing,Not Available,Not Available,Not Available,Not Available,MID00900G 900 Grand Concourse-Not Available
Not Available,Not Available,0,Not Available,Not Available,Not Available,Not Available,Not Available,Not Available,Not Available,Not Available,259739.4,Not Available,,No,50,Not Available,No,Not Available,Not Available,Not Available,Not Available,40.733732,Not Available,0,0,Not Available,Not Available,04/30/2017,Not Available,Not Available,Not Available,Ok,13,Not Available,Not Available,Not Available,Not Available,Not Available,Not Available,Not Available,Not Available,4424698.2,Not Available,Not Available,Not Available,Not Available,Not Available,Not Available,New York,64377,Not Available,Not Available,Not Available,Not Available,Not Available,Not Available,Not Available,0.71454,No,0,4166982.8,Not Available,Ok,1009206,Not Available,MANHATTAN,Yes,Multifamily Housing,Not Available,Ok,Not Available,Not Available,Village Place Corporation-Not Available
Not Available,Not Available,0,Not Available,Not Available,1106760,Not Available,Not Available,Not Available,Not Available,Not Available,4974,Not Available,,No,50,Not Available,No,Not Available,Not Available,Not Available,Not Available,40.70895,Not Available,0,0,Not Available,Not Available,03/31/2017,Not Available,Not Available,Not Available,Ok,55,Not Available,Not Available,Not Available,Not Available,Not Available,Not Available,Not Available,Not Available,8124879.4,Not Available,Not Available,Not Available,Not Available,Not Available,Not Available,Jamaica,59470,Not Available,Not Available,Not Available,0,10,Not Available,Not Available,1.1098,No,0,6665914.7,Not Available,Ok,4210060,Not Available,QUEENS,No,Multifamily Housing,Not Available,Ok,Not Available,Not Available,ZARA - 87-84 165 Street-Not Available
Not Available,Not Available,0,Not Available,Not Available,0,Not Available,Not Available,Not Available,Not Available,Not Available,Not Available,Not Available,24.0,Yes,50,Not Available,No,Not Available,Not Available,Not Available,Not Available,40.712545,Not Available,0,0,Not Available,Not Available,Not Available,Not Available,Not Available,Not Available,Ok,1757,Not Available,Not Available,Not Available,Not Available,Not Available,Not Available,Not Available,Not Available,300009665.3,Not Available,Not Available,Not Available,Not Available,Not Available,Not Available,MANHATTAN,1391256,Not Available,Not Available,Not Available,0,90,Not Available,Not Available,2.09235,Unable to Check (not enough data),0,223334883.3,Not Available,Ok,1077520;1077521;1077522;1077523;1077524;1077525;1077526;1077527;1077528;1077529;1083388;1083389;1083390;1083391;1083392;1083393;1083394;1083395;1083404;1083405;1083396;1083397;1083398;1083399,Not Available,MANHATTAN,No,Multifamily Housing,Not Available,Ok,Not Available,Not Available,VLADECK/VLADECK II CAMPUS-Not Available
Not Available,Not Available,Not Available,Not Available,Not Available,Not Available,Not Available,Not Available,Not Available,Not Available,Not Available,17717.6,Not Available,,No,50,7,No,Not Available,Not Available,Not Available,Not Available,40.751272,Not Available,Not Available,0,Not Available,Not Available,12/31/2016,Not Available,Not Available,Not Available,Ok,Not Available,5.86667,Not Available,Not Available,Not Available,Not Available,12000,Not Available,Not Available,Not Available,Not Available,Not Available,Not Available,176,Not Available,Not Available,Queens,Not Available,Not Available,12000,Not Available,Not Available,Not Available,Office,Not Available,Not Available,Yes,0,1961554.9,Not Available,Not Available,4540403,Not Available,QUEENS,Yes,Other,Not Available,Not Available,Not Available,Not Available,3036 Northern Blvd Realty 30-46 Northern Blvd.-Not Available
Not Available,Not Available,82,Not Available,Not Available,Not Available,Not Available,Not Available,Not Available,Not Available,Not Available,Not Available,Not Available,,No,50,Not Available,No,Not Available,Not Available,Not Available,Not Available,40.693089,Not Available,0.45977,0,0,Not Available,Not Available,Not Available,Not Available,0,Ok,68,Not Available,Not Available,Not Available,Not Available,Not Available,44722,Not Available,44722,Not Available,Not Available,Not Available,Not Available,Not Available,Not Available,Not Available,Brooklyn,178351,Not Available,60977,Not Available,205,100,Parking,Not Available,1.14942,Unable to Check (not enough data),0,9891272.9,Not Available,Not Available,3420464,Not Available,BROOKLYN,Yes,Multifamily Housing,Not Available,Not Available,Not Available,Not Available,81 Fleet Place-Not Available
Not Available,Not Available,Not Available,Not Available,Not Available,Not Available,Not Available,Not Available,Not Available,Not Available,Not Available,9648.4,Not Available,,No,50,Not Available,Yes,Not Available,Not Available,Not Available,346578,40.67229,Not Available,Not Available,0,Not Available,Not Available,09/30/2017,Not Available,Not Available,Not Available,Ok,Not Available,Not Available,Not Available,Not Available,Not Available,Not Available,Not Available,Not Available,Not Available,61410111.6,Not Available,Not Available,Not Available,Not Available,Not Available,Not Available,Brooklyn,Not Available,Not Available,34657,Not Available,Not Available,Not Available,Parking,Not Available,Not Available,No,0,26569177.9,Not Available,Not Available,3336703,Not Available,BROOKLYN,Yes,Wholesale Club/Supercenter,Not Available,Not Available,Not Available,Not Available,Brooklyn - 921-Not Available
Not Available,Not Available,0,Not Available,Not Available,Not Available,Not Available,Not Available,Not Available,Not Available,Not Available,74.8,Not Available,,No,50,Not Available,No,Not Available,Not Available,Not Available,Not Available,40.823048,Not Available,0,0,Not Available,Not Available,12/31/2016,Not Available,Not Available,Not Available,Ok,60,Not Available,Not Available,Not Available,Not Available,Not Available,Not Available,Not Available,Not Available,4205005.2,Not Available,Not Available,Not Available,Not Available,Not Available,Not Available,New York,76250,Not Available,Not Available,Not Available,4,90,Other,Not Available,1.70492,Yes,0,Not Available,Not Available,Possible Issue,1079499;1079500,Not Available,MANHATTAN,No,Multifamily Housing,Not Available,Ok,Not Available,Not Available,Neroulias 640 W 139 St.-Not Available
Not Available,Not Available,19,Not Available,Not Available,Not Available,Not Available,Not Available,Not Available,Not Available,Not Available,3186.6,Not Available,,Yes,50,Not Available,No,Not Available,Not Available,Not Available,Not Available,40.74168,Not Available,0.30027,0,Not Available,Not Available,01/31/2017,Not Available,Not Available,Not Available,Ok,17,Not Available,Not Available,Not Available,3186.6,Not Available,Not Available,Not Available,Not Available,5917563.6,Not Available,Not Available,Not Available,Not Available,Not Available,Not Available,Manhattan,63277,Not Available,Not Available,Not Available,Not Available,100,Not Available,Not Available,0.77437,No,0,4178045.7,Not Available,Ok,1019887,Not Available,MANHATTAN,No,Multifamily Housing,Not Available,Ok,Not Available,Not Available,385 3rd Avenue-Not Available
Not Available,Not Available,0,Not Available,Not Available,Not Available,Not Available,Not Available,Not Available,Not Available,Not Available,5633.3,Not Available,,Yes,50,Not Available,No,Not Available,Not Available,Not Available,Not Available,40.744465,Not Available,0,0,Not Available,Not Available,12/31/2016,Not Available,Not Available,Not Available,Ok,0,Not Available,Not Available,Not Available,Not Available,Not Available,Not Available,Not Available,Not Available,844904.3,Not Available,Not Available,Not Available,Not Available,Not Available,Not Available,Queens,67898,Not Available,100,Not Available,0,100,Parking,Not Available,1.40004,No,0,615631.7,Not Available,Ok,4038912,Not Available,QUEENS,Yes,Multifamily Housing,Not Available,Ok,Not Available,Not Available,42-37 Hampton-Not Available
Not Available,Not Available,Not Available,Not Available,Not Available,Not Available,Not Available,Not Available,Not Available,Not Available,Not Available,Not Available,Not Available,,Yes,50,Not Available,No,Not Available,Not Available,Not Available,Not Available,40.779346,Not Available,Not Available,0,Not Available,Not Available,Not Available,Not Available,Not Available,Not Available,Ok,Not Available,Not Available,Not Available,Not Available,Not Available,Not Available,Not Available,Not Available,Not Available,5579198.4,Not Available,Not Available,Not Available,Not Available,Not Available,Not Available,New York,Not Available,Not Available,Not Available,Not Available,Not Available,Not Available,Worship Facility,Not Available,Not Available,Unable to Check (not enough data),0,2070078.5,Not Available,Ok,1046786;1046799,Not Available,MANHATTAN,No,K-12 School,Not Available,Ok,Not Available,Not Available,St. Ignatius Loyola-Not Available
32.6,Not Available,0,Not Available,Not Available,Not Available,Not Available,Not Available,Not Available,Not Available,Not Available,2810.4,Not Available,,No,50,Not Available,No,Not Available,Not Available,Not Available,Not Available,40.679079,Not Available,0,0,Not Available,Not Available,06/30/2017,100,Not Available,Not Available,Ok,20,Not Available,186336.1,Not Available,2810.4,Not Available,Not Available,Not Available,Not Available,6290114.4,Not Available,Not Available,Not Available,Not Available,Not Available,Not Available,Brooklyn,53221,Not Available,Not Available,Not Available,0,100,Not Available,Not Available,1.05222,Yes,0,Not Available,Not Available,Not Available,Not Available,Not Available,BROOKLYN,No,Multifamily Housing,Not Available,Not Available,Not Available,Not Available,Herkimer Residence-Not Available
Not Available,Not Available,86,Not Available,Not Available,Not Available,Not Available,Not Available,Not Available,Not Available,Not Available,3759.7,Not Available,,Yes,50,Not Available,No,Not Available,Not Available,Not Available,Not Available,40.773025,Not Available,0.66486,0,Not Available,Not Available,12/31/2016,Not Available,Not Available,Not Available,Ok,0,Not Available,Not Available,Not Available,Not Available,Not Available,Not Available,Not Available,Not Available,11031569.8,Not Available,Not Available,Not Available,Not Available,Not Available,Not Available,New York,129350,Not Available,Not Available,Not Available,Not Available,100,Not Available,Not Available,1.15964,No,0,7186161,Not Available,Ok,1049250,Not Available,MANHATTAN,No,Multifamily Housing,Not Available,Ok,Not Available,Not Available,325 East 79th Street-Not Available
Not Available,Not Available,Not Available,Not Available,Not Available,31716542.8,Not Available,Not Available,Not Available,Not Available,Not Available,15346.5,Not Available,,Yes,50,Not Available,No,Not Available,1.584,Not Available,Not Available,40.865365,Not Available,Not Available,0,Not Available,Not Available,02/28/2017,Not Available,Not Available,Not Available,Ok,Not Available,Not Available,Not Available,Not Available,Not Available,Not Available,Not Available,Not Available,Not Available,86857326.6,Not Available,Not Available,Not Available,Not Available,Not Available,Not Available,Bronx,Not Available,Not Available,Not Available,Not Available,Not Available,Not Available,Not Available,Not Available,Not Available,No,0,53776371.2,Not Available,Ok,2051277;2801660;2111063,Not Available,BRONX,Yes,Senior Care Community,Not Available,Ok,Not Available,Not Available,BETHCO - 612 Allerton Avenue-Not Available
Not Available,Not Available,Not Available,Not Available,Not Available,Not Available,Not Available,Not Available,Not Available,Not Available,Not Available,377,Not Available,,Yes,50,5,No,Not Available,Not Available,Not Available,Not Available,40.755156,Not Available,Not Available,0,Not Available,Exec Offic,02/28/2017,Not Available,Not Available,Not Available,Ok,Not Available,0.29792,Not Available,Not Available,Not Available,Not Available,Not Available,Not Available,Not Available,1558086.8,Not Available,Not Available,Not Available,20,Not Available,Not Available,New York,Not Available,Not Available,Not Available,Not Available,Not Available,Not Available,Not Available,Not Available,Not Available,No,0,516939.2,Not Available,Ok,Not Available,Not Available,MANHATTAN,No,Office,Not Available,Ok,Not Available,Not Available,The General Society Building-Not Available
Not Available,Not Available,Not Available,Not Available,Not Available,Not Available,Not Available,Not Available,Not Available,Not Available,Not Available,3034.1,Not Available,,Yes,50,Not Available,No,Not Available,Not Available,Not Available,Not Available,40.769128,Not Available,Not Available,0,Not Available,Not Available,12/31/2016,Not Available,Not Available,Not Available,Ok,Not Available,Not Available,Not Available,Not Available,Not Available,Not Available,Not Available,Not Available,Not Available,Not Available,Not Available,Not Available,Not Available,Not Available,Not Available,Not Available,Flushing,Not Available,Not Available,17213,Not Available,Not Available,Not Available,Parking,Not Available,Not Available,No,0,12576633.4,Not Available,Ok,4822421,Not Available,QUEENS,No,Manufacturing/Industrial Plant,Not Available,Ok,Not Available,Not Available,Crystal HQ and Factory-Not Available
Not Available,Not Available,0,Not Available,Not Available,Not Available,Not Available,Not Available,Not Available,Not Available,Not Available,79106,Not Available,,Yes,50,Not Available,No,Not Available,Not Available,Not Available,Not Available,40.766906,Not Available,0,0,Not Available,Not Available,12/31/2016,Not Available,Not Available,Not Available,Ok,84,Not Available,Not Available,Not Available,Not Available,Not Available,Not Available,Not Available,Not Available,9208532.2,Not Available,Not Available,Not Available,Not Available,Not Available,Not Available,Astoria,2580773,Not Available,28715,Not Available,214,100,Parking,Not Available,0.08951,Yes,0,5315969.2,Not Available,Not Available,Not Available,Not Available,QUEENS,No,Multifamily Housing,Not Available,Not Available,Not Available,Not Available,12-15 Broadway-Not Available
Not Available,Not Available,0,Not Available,Not Available,Not Available,Not Available,Not Available,Not Available,Not Available,Not Available,Not Available,Not Available,,Yes,50,Not Available,No,Not Available,Not Available,Not Available,Not Available,40.606758,Not Available,0,0,Not Available,Not Available,Not Available,Not Available,Not Available,Not Available,Ok,0,Not Available,Not Available,Not Available,Not Available,Not Available,Not Available,Not Available,Not Available,2552714.2,Not Available,Not Available,Not Available,Not Available,Not Available,Not Available,Far Rockaway,104463,Not Available,Not Available,Not Available,Not Available,Not Available,Not Available,Not Available,1.40002,Unable to Check (not enough data),0,2361092.6,Not Available,Ok,4452153,Not Available,QUEENS,Yes,Multifamily Housing,Not Available,Ok,Not Available,Not Available,13-25 Eggert Place-Not Available
Not Available,Not Available,0,Not Available,Not Available,Not Available,Not Available,Not Available,Not Available,Not Available,Not Available,7637.6,Not Available,,Yes,50,Not Available,No,Not Available,Not Available,Not Available,Not Available,40.768819,Not Available,0,0,Not Available,31-90 140 St,12/31/2016,Not Available,Not Available,Not Available,Ok,136,Not Available,Not Available,Not Available,Not Available,Not Available,Not Available,Not Available,Not Available,10837117.8,Not Available,Not Available,Not Available,Not Available,Not Available,Not Available,Queens,176086,Not Available,Not Available,Not Available,Not Available,10,Not Available,Not Available,1.4,No,0,11595954.4,Not Available,Ok,4433336;4433335;4433334,Not Available,QUEENS,Yes,Multifamily Housing,Not Available,Ok,Not Available,Not Available,Linden Towers Co-op-Not Available
Not Available,Not Available,Not Available,Not Available,Not Available,Not Available,Not Available,Not Available,100,Not Available,Not Available,5749.7,Not Available,,No,50,Not Available,No,Not Available,Not Available,Not Available,Not Available,40.755062,Not Available,Not Available,0,Not Available,Not Available,02/28/2017,Not Available,Not Available,Not Available,Ok,Not Available,Not Available,Not Available,Not Available,Not Available,Not Available,Not Available,Not Available,Not Available,24072350.6,Not Available,Not Available,2.19792,Not Available,Not Available,Not Available,New York,Not Available,Not Available,Not Available,Not Available,Not Available,Not Available,Not Available,Not Available,Not Available,No,0,10653963.8,Not Available,Ok,1036218,Not Available,MANHATTAN,No,Hotel,Not Available,Ok,Not Available,Not Available,Residence Inn by Marriott-Not Available
Not Available,Not Available,Not Available,Not Available,Not Available,Not Available,Not Available,Not Available,Not Available,Not Available,Not Available,Not Available,Not Available,,No,50,1500,No,Not Available,Not Available,Not Available,Not Available,40.842742,Not Available,Not Available,0,Not Available,Not Available,Not Available,Not Available,Not Available,Not Available,Ok,Not Available,5.35714,Not Available,Not Available,Not Available,Not Available,Not Available,Not Available,Not Available,237055306.3,Not Available,Not Available,Not Available,3000,Not Available,Not Available,Bronx,Not Available,Not Available,205760,Not Available,Not Available,Not Available,Parking,Not Available,Not Available,Unable to Check (not enough data),0,106197352.7,Not Available,Ok,2117335,Not Available,BRONX,No,Office,Not Available,Ok,Not Available,Not Available,Simone: 1250 Waters Place-Not Available
Not Available,Not Available,5,Not Available,Not Available,Not Available,Not Available,Not Available,Not Available,Not Available,Not Available,Not Available,Not Available,,No,50,Not Available,No,Not Available,Not Available,Not Available,Not Available,40.698415,Not Available,0.00504,0,Not Available,Not Available,Not Available,Not Available,Not Available,Not Available,Ok,65,Not Available,Not Available,Not Available,Not Available,Not Available,Not Available,Not Available,Not Available,17822496.4,Not Available,Not Available,Not Available,Not Available,Not Available,Not Available,Brooklyn,992374,Not Available,13036,Not Available,107,80,Parking,Not Available,0.12596,Unable to Check (not enough data),0,11524485.5,Not Available,Not Available,3418152,Not Available,BROOKLYN,No,Multifamily Housing,Not Available,Not Available,Not Available,Not Available,Brooklyn Warehouse 180 LLC-Not Available
Not Available,Not Available,Not Available,Not Available,Not Available,Not Available,Not Available,Not Available,Not Available,Not Available,Not Available,3745.7,Not Available,,Yes,50,Not Available,No,Not Available,Not Available,Not Available,Not Available,40.819186,Not Available,Not Available,0,0,Not Available,02/28/2017,Not Available,Not Available,0,Ok,Not Available,Not Available,Not Available,Not Available,Not Available,Not Available,Not Available,Not Available,70000,Not Available,Not Available,Not Available,Not Available,Not Available,Not Available,Not Available,Bronx,Not Available,Not Available,Not Available,Not Available,Not Available,Not Available,Not Available,Not Available,Not Available,Yes,0,12187617.4,Not Available,Not Available,2021926,Not Available,BRONX,Yes,Retail Store,Not Available,Not Available,Not Available,Not Available,Castle Hill Ave-Not Available
Not Available,Not Available,0,Not Available,Not Available,Not Available,Not Available,Not Available,Not Available,Not Available,Not Available,8575.9,Not Available,,No,50,Not Available,Yes,Not Available,Not Available,Not Available,Not Available,40.803026,Not Available,0,0,Not Available,Not Available,12/31/2016,Not Available,Not Available,Not Available,Ok,0,Not Available,Not Available,Not Available,Not Available,Not Available,Not Available,Not Available,Not Available,15282496.7,Not Available,Not Available,Not Available,Not Available,Not Available,Not Available,Bronx,63756,Not Available,Not Available,Not Available,0,100,Not Available,Not Available,1.40002,No,0,8712645,Not Available,Ok,2003998,Not Available,BRONX,Yes,Multifamily Housing,Not Available,Ok,Not Available,Not Available,Willow LLc-Not Available
Not Available,Not Available,Not Available,10,Not Available,Not Available,Not Available,Not Available,Not Available,5700,Not Available,0,Not Available,,Yes,50,Not Available,Yes,Not Available,Not Available,0.25,Not Available,40.674635,Not Available,Not Available,0,0.32,Not Available,12/31/2016,Not Available,Not Available,0,Ok,Not Available,Not Available,Not Available,Not Available,0,Not Available,10000,Not Available,25000,Not Available,Not Available,Not Available,Not Available,Not Available,Not Available,8,Brooklyn,Not Available,Not Available,Not Available,Not Available,Not Available,Not Available,Supermarket/Grocery Store,Not Available,Not Available,No,0,637682.7,Not Available,Ok,3329546;3809539;3835581,Not Available,BROOKLYN,Yes,Mixed Use Property,Not Available,Ok,Not Available,10000,Alwayne Construction Corp-Not Available
Not Available,Not Available,84,Not Available,Not Available,Not Available,Not Available,Not Available,Not Available,Not Available,Not Available,4225,Not Available,,No,50,Not Available,No,Not Available,Not Available,Not Available,Not Available,40.766347,Not Available,1.24264,0,Not Available,Not Available,12/31/2016,Not Available,Not Available,Not Available,Ok,0,Not Available,Not Available,Not Available,Not Available,Not Available,1500,Not Available,Not Available,10254756.3,Not Available,Not Available,Not Available,Not Available,Not Available,Not Available,Queens,67598,Not Available,11556,Not Available,Not Available,100,Parking,Not Available,1.50892,No,0,5830369.1,Not Available,Ok,4312870,Not Available,QUEENS,No,Multifamily Housing,Not Available,Ok,Not Available,Not Available,Royale Tower - 147-20 35th Avenue-Not Available
Not Available,Not Available,0,Not Available,Not Available,10651764.9,Not Available,Not Available,Not Available,Not Available,Not Available,Not Available,Not Available,,No,50,Not Available,No,Not Available,Not Available,Not Available,Not Available,40.750792,Not Available,0,0,Not Available,Not Available,Not Available,Not Available,Not Available,Not Available,Ok,0,Not Available,Not Available,Not Available,Not Available,Not Available,Not Available,Not Available,Not Available,22211113,Not Available,Not Available,Not Available,Not Available,Not Available,Not Available,Queens,121968,Not Available,Not Available,Not Available,Not Available,100,Not Available,Not Available,1.58238,No,0,15898534.8,Not Available,Ok,4453481;4453475;4453494;4453485;4453463;4453459;4453500;4453501;4453509,Not Available,QUEENS,No,Multifamily Housing,Not Available,Ok,Not Available,Not Available,Parkwood Estates 2-Not Available
Not Available,Not Available,0,Not Available,Not Available,Not Available,Not Available,Not Available,Not Available,Not Available,Not Available,3170.8,Not Available,,No,50,Not Available,No,Not Available,Not Available,Not Available,Not Available,40.829416,Not Available,0,0,Not Available,Not Available,12/31/2016,Not Available,Not Available,Not Available,Ok,0,Not Available,Not Available,Not Available,Not Available,Not Available,Not Available,Not Available,Not Available,10444962,Not Available,Not Available,Not Available,Not Available,Not Available,Not Available,Bronx,74966,Not Available,Not Available,Not Available,Not Available,100,Not Available,Not Available,1.4,No,0,Not Available,Not Available,Possible Issue,2091982,Not Available,BRONX,Yes,Multifamily Housing,Not Available,Ok,Not Available,Not Available,Parrocks Assoc-Not Available
Not Available,Not Available,0,Not Available,Not Available,Not Available,Not Available,Not Available,Not Available,Not Available,Not Available,Not Available,Not Available,,No,50,Not Available,Yes,Not Available,Not Available,Not Available,Not Available,,Not Available,0,0,Not Available,Not Available,12/31/2015,Not Available,Not Available,Not Available,Ok,0,Not Available,Not Available,Not Available,Not Available,Not Available,Not Available,Not Available,Not Available,19382538.3,Not Available,Not Available,Not Available,Not Available,Not Available,Not Available,Queens,120700,Not Available,Not Available,Not Available,Not Available,0,Not Available,Not Available,1.4,No,0,14014530.1,Not Available,Ok,4434837;4434830;4434831;4434832;4434833;4434834;4434835;4434836;4434840;4434838,Not Available,,Yes,Multifamily Housing,Not Available,Possible Issue,Not Available,Not Available,Cross Bay Co-op Corp-Not Available
Not Available,Not Available,0,Not Available,Not Available,317400,Not Available,Not Available,Not Available,Not Available,Not Available,Not Available,Not Available,,No,50,Not Available,No,Not Available,Not Available,Not Available,Not Available,40.627189,Not Available,0,0,Not Available,Not Available,Not Available,Not Available,Not Available,Not Available,Ok,0,Not Available,Not Available,Not Available,Not Available,Not Available,Not Available,Not Available,Not Available,6580133.1,Not Available,Not Available,Not Available,Not Available,Not Available,Not Available,Brooklyn,50400,Not Available,Not Available,Not Available,0,100,Not Available,Not Available,1.38889,Unable to Check (not enough data),0,5345049.7,Not Available,Ok,3179804,Not Available,BROOKLYN,No,Multifamily Housing,Not Available,Ok,Not Available,Not Available,1430 Ocean Avenue-Not Available
Not Available,Not Available,34,Not Available,Not Available,Not Available,Not Available,Not Available,Not Available,Not Available,Not Available,2810.2,Not Available,,No,50,Not Available,No,Not Available,Not Available,Not Available,Not Available,40.751473,Not Available,0.53968,0,Not Available,Not Available,12/31/2016,Not Available,Not Available,Not Available,Ok,42,Not Available,Not Available,Not Available,Not Available,Not Available,Not Available,Not Available,Not Available,10705775.2,Not Available,Not Available,Not Available,Not Available,Not Available,Not Available,New York,63000,Not Available,Not Available,Not Available,2,90,Not Available,Not Available,1.74603,No,0,Not Available,Not Available,Possible Issue,1038771,Not Available,MANHATTAN,No,Multifamily Housing,Not Available,Ok,Not Available,Not Available,ABC REALTY 321 EAST 45TH ST-Not Available
Not Available,Not Available,1511,Not Available,Not Available,0,Not Available,Not Available,Not Available,Not Available,Not Available,Not Available,Not Available,17.0,Yes,50,Not Available,No,Not Available,Not Available,Not Available,Not Available,40.786135,Not Available,1.07591,0,Not Available,Not Available,Not Available,Not Available,Not Available,Not Available,Ok,0,Not Available,Not Available,Not Available,Not Available,Not Available,Not Available,Not Available,Not Available,108462375,Not Available,Not Available,Not Available,Not Available,Not Available,Not Available,MANHATTAN,1404388,Not Available,Not Available,Not Available,Not Available,90,Not Available,Not Available,2.31916,Unable to Check (not enough data),0,116053983.5,Not Available,Ok,1074265;1079202;1079203;1080680;1080681;1080682;1080683;1082342;1082343;1082344;1082345;1083456;1083457;1083461;1083462;1083464;1813126,Not Available,MANHATTAN,No,Multifamily Housing,Not Available,Ok,Not Available,Not Available,WASHINGTON-Not Available
Not Available,0,Not Available,Not Available,Not Available,Not Available,Not Available,Not Available,Not Available,Not Available,Not Available,21608.8,Not Available,,Yes,50,300,No,Not Available,Not Available,Not Available,Not Available,40.775674,0,Not Available,0,Not Available,Not Available,12/31/2016,Not Available,Not Available,Not Available,Ok,Not Available,1.08018,Not Available,Not Available,21608.8,Not Available,Not Available,Not Available,Not Available,Not Available,Not Available,Not Available,Not Available,290,Not Available,Not Available,New York,Not Available,Not Available,Not Available,Not Available,Not Available,Not Available,Data Center,Not Available,Not Available,No,0,31447890.8,Not Available,Ok,1083025,Not Available,MANHATTAN,No,Office,Not Available,Ok,Not Available,Not Available,ABC 125 West End Avenue-Not Available
Not Available,Not Available,Not Available,Not Available,Not Available,Not Available,Not Available,Not Available,Not Available,Not Available,Not Available,1435.6,Not Available,,Yes,50,139.44,No,Not Available,Not Available,Not Available,Not Available,40.744829,Not Available,Not Available,0,0,Not Available,02/28/2017,Not Available,Not Available,0,Ok,Not Available,2,Not Available,Not Available,1435.6,Not Available,Not Available,Not Available,6000,Not Available,Not Available,Not Available,Not Available,121.25,Not Available,Not Available,New York,Not Available,Not Available,Not Available,Not Available,Not Available,Not Available,Retail Store,Not Available,Not Available,No,0,2900236.4,Not Available,Not Available,1015664,Not Available,MANHATTAN,Yes,Office,Not Available,Not Available,Not Available,Not Available,"34 West 27th Street, New York-Not Available"
Not Available,Not Available,0,Not Available,Not Available,1521433.1,Not Available,Not Available,Not Available,Not Available,Not Available,3227.8,Not Available,,No,50,Not Available,No,Not Available,Not Available,Not Available,Not Available,40.76019,Not Available,0,0,Not Available,Not Available,12/31/2016,Not Available,Not Available,Not Available,Ok,25,Not Available,Not Available,Not Available,Not Available,Not Available,Not Available,Not Available,Not Available,4213067.3,Not Available,Not Available,Not Available,Not Available,Not Available,Not Available,Queens,72901,Not Available,5000,Not Available,0,100,Parking,Not Available,1.15225,No,0,Not Available,Not Available,Possible Issue,4113660,Not Available,QUEENS,No,Multifamily Housing,Not Available,Ok,Not Available,Not Available,Total Management 143-43 41st Ave-Not Available
Not Available,Not Available,Not Available,Not Available,Not Available,Not Available,Not Available,Not Available,100,Not Available,Not Available,Not Available,Not Available,,No,50,Not Available,Yes,Not Available,Not Available,Not Available,Not Available,40.7096,Not Available,Not Available,0,Not Available,Not Available,Not Available,Not Available,Not Available,Not Available,Ok,Not Available,Not Available,Not Available,Not Available,Not Available,Not Available,Not Available,Not Available,Not Available,10558385.9,Not Available,Not Available,4.76364,Not Available,Not Available,Not Available,New York,Not Available,Not Available,Not Available,Not Available,Not Available,Not Available,Not Available,Not Available,Not Available,Unable to Check (not enough data),0,6772373,Not Available,Ok,10001088,Not Available,MANHATTAN,Yes,Hotel,Not Available,Ok,Not Available,Not Available,Inn On Broadway-Not Available
Not Available,Not Available,Not Available,Not Available,Not Available,Not Available,Not Available,Not Available,Not Available,81497.3,Not Available,2088.7,Not Available,,No,50,Not Available,No,Not Available,Not Available,Not Available,Not Available,40.722495,Not Available,Not Available,0,Not Available,Not Available,05/31/2017,Not Available,Not Available,Not Available,Ok,Not Available,Not Available,Not Available,Not Available,Not Available,Not Available,Not Available,Not Available,Not Available,3144075.6,Not Available,Not Available,Not Available,Not Available,Not Available,Not Available,Brooklyn,Not Available,Not Available,15000,Not Available,Not Available,Not Available,Parking,Not Available,Not Available,No,0,3507431.2,Not Available,Ok,2791924,Not Available,BROOKLYN,No,Non-Refrigerated Warehouse,Not Available,Ok,Not Available,Not Available,1 NASSAU-Not Available
Not Available,Not Available,Not Available,Not Available,Not Available,Not Available,Not Available,Not Available,Not Available,Not Available,Not Available,8468.5,Not Available,,Yes,50,2344,No,Not Available,Not Available,Not Available,Not Available,40.765298,Not Available,Not Available,0,Not Available,Not Available,02/28/2017,Not Available,Not Available,Not Available,Ok,Not Available,3.81568,Not Available,Not Available,Not Available,Not Available,Not Available,Not Available,Not Available,140101200.2,Not Available,Not Available,Not Available,2344,Not Available,Not Available,New York,Not Available,Not Available,Not Available,Not Available,Not Available,Not Available,Not Available,Not Available,Not Available,No,0,50884357.7,Not Available,Not Available,1024876,Not Available,MANHATTAN,No,Office,Not Available,Not Available,Not Available,Not Available,Random House NY 1745 Broadway-Not Available
Not Available,Not Available,0,Not Available,Not Available,822590.3,Not Available,Not Available,Not Available,Not Available,Not Available,Not Available,Not Available,,No,50,Not Available,No,Not Available,1.584,Not Available,Not Available,,Not Available,0,0,Not Available,Not Available,Not Available,Not Available,Not Available,Not Available,Ok,0,Not Available,Not Available,Not Available,Not Available,Not Available,Not Available,Not Available,Not Available,Not Available,Not Available,Not Available,Not Available,Not Available,Not Available,Not Available,Brooklyn,15164,Not Available,Not Available,Not Available,Not Available,Not Available,Senior Care Community,Not Available,1.4,Unable to Check (not enough data),0,Not Available,Not Available,Possible Issue,3328774,Not Available,,Yes,Senior Care Community,Not Available,Ok,Not Available,Not Available,1250 67th Street and 1270 67th Street Norwegian Christian Home-Not Available
Not Available,Not Available,29,Not Available,Not Available,Not Available,Not Available,Not Available,Not Available,Not Available,Not Available,Not Available,Not Available,,No,50,Not Available,No,Not Available,Not Available,Not Available,Not Available,40.743287,Not Available,0.67071,0,Not Available,Not Available,Not Available,Not Available,Not Available,Not Available,Ok,0,Not Available,Not Available,Not Available,Not Available,Not Available,Not Available,Not Available,Not Available,5420321.2,Not Available,Not Available,Not Available,Not Available,Not Available,Not Available,New York,43238,Not Available,Not Available,Not Available,29,100,Not Available,Not Available,1.34141,Unable to Check (not enough data),0,2888925.9,Not Available,Ok,1088888,Not Available,MANHATTAN,No,Multifamily Housing,Not Available,Ok,Not Available,Not Available,Halstead - 124 West 23rd Street-Not Available
Not Available,Not Available,20,Not Available,Not Available,Not Available,Not Available,Not Available,Not Available,Not Available,Not Available,3787.8,Not Available,,Yes,50,Not Available,No,Not Available,Not Available,Not Available,Not Available,40.769341,Not Available,0.39635,0,Not Available,Not Available,01/31/2017,Not Available,Not Available,Not Available,Ok,25,Not Available,Not Available,Not Available,3787.8,Not Available,Not Available,Not Available,Not Available,5479538.3,Not Available,Not Available,Not Available,Not Available,Not Available,Not Available,New York,50460,Not Available,Not Available,Not Available,0,100,Bank Branch,Not Available,1.32778,No,0,4423840.6,Not Available,Ok,1044897,Not Available,MANHATTAN,No,Multifamily Housing,Not Available,Ok,Not Available,Not Available,Domen Holding Co-Not Available
Not Available,Not Available,0,Not Available,Not Available,0,Not Available,Not Available,Not Available,Not Available,Not Available,Not Available,Not Available,20.0,No,50,Not Available,No,Not Available,Not Available,Not Available,Not Available,40.712545,Not Available,0,Not Available,Not Available,Not Available,Not Available,Not Available,Not Available,Not Available,Ok,1518,Not Available,Not Available,Not Available,Not Available,Not Available,Not Available,Not Available,Not Available,99131100,Not Available,Not Available,Not Available,Not Available,Not Available,Not Available,MANHATTAN,1190112,Not Available,Not Available,Not Available,Not Available,90,Not Available,Not Available,2.04266,Unable to Check (not enough data),Not Available,100504914.3,Not Available,Ok,1077520;1077521;1077522;1077523;1077524;1077525;1077526;1077527;1077528;1077529;1083388;1083389;1083390;1083391;1083392;1083393;1083394;1083395;1083404;1083405,Not Available,MANHATTAN,No,Multifamily Housing,Not Available,Ok,Not Available,Not Available,VLADECK-Not Available
Not Available,Not Available,Not Available,Not Available,Not Available,Not Available,Not Available,Not Available,Not Available,Not Available,Not Available,1080.6,Not Available,,Yes,50,218.66,No,Not Available,Not Available,Not Available,Not Available,40.745266,Not Available,Not Available,0,Not Available,Not Available,12/31/2016,Not Available,Not Available,Not Available,Ok,Not Available,2,Not Available,Not Available,Not Available,Not Available,Not Available,Not Available,Not Available,Not Available,Not Available,Not Available,Not Available,190.14,Not Available,Not Available,New York,Not Available,Not Available,Not Available,Not Available,Not Available,Not Available,Not Available,Not Available,Not Available,Yes,0,Not Available,Not Available,Not Available,Not Available,Not Available,MANHATTAN,Yes,Office,Not Available,Not Available,Not Available,Not Available,134 West 26th Street-Not Available
Not Available,Not Available,38,Not Available,Not Available,8831999.8,Not Available,Not Available,Not Available,Not Available,Not Available,8164.1,Not Available,,No,50,Not Available,No,Not Available,Not Available,Not Available,Not Available,40.739109,Not Available,0.38718,0,Not Available,Not Available,12/31/2016,Not Available,Not Available,Not Available,Ok,0,Not Available,Not Available,Not Available,Not Available,Not Available,Not Available,Not Available,Not Available,18288760.3,Not Available,Not Available,Not Available,Not Available,Not Available,Not Available,New York,98146,Not Available,Not Available,Not Available,0,10,Not Available,Not Available,0.7336,No,0,11815579.6,Not Available,Ok,1016184,Not Available,MANHATTAN,No,Multifamily Housing,Not Available,Ok,Not Available,Not Available,Justin - 9-- Broadway-Not Available
Not Available,Not Available,0,Not Available,Not Available,Not Available,Not Available,Not Available,Not Available,Not Available,Not Available,149.7,Not Available,,No,50,Not Available,No,Not Available,Not Available,Not Available,Not Available,40.806845,Not Available,0,0,Not Available,Not Available,02/28/2017,Not Available,Not Available,Not Available,Ok,11,Not Available,Not Available,Not Available,Not Available,Not Available,Not Available,Not Available,Not Available,Not Available,Not Available,Not Available,Not Available,Not Available,Not Available,Not Available,New York,10000,Not Available,Not Available,Not Available,0,100,Not Available,Not Available,2,No,0,440460.2,Not Available,Not Available,1058501;1058502,Not Available,MANHATTAN,No,Multifamily Housing,Not Available,Not Available,Not Available,Not Available,"133 EQUITIES, LLC - 229 West 121st Street-Not Available"
Not Available,Not Available,2091,Not Available,Not Available,31602,Not Available,Not Available,Not Available,Not Available,Not Available,Not Available,Not Available,19.0,Yes,50,Not Available,No,Not Available,Not Available,Not Available,Not Available,40.834848,Not Available,0.98868,Not Available,Not Available,Not Available,Not Available,Not Available,Not Available,Not Available,Ok,0,Not Available,Not Available,Not Available,Not Available,Not Available,Not Available,Not Available,Not Available,226827776.7,Not Available,Not Available,Not Available,Not Available,Not Available,Not Available,BRONX,2114950,Not Available,Not Available,Not Available,Not Available,90,Not Available,Not Available,0.21135,Unable to Check (not enough data),Not Available,Not Available,Not Available,Possible Issue,2092079;2092082;2092083;2092084;2092085;2092095;2092098;2092099;2092100;2092101;2092075;2092093;2092094;2092109;2092112;2092113;2092114;2091182;2091183,Not Available,BRONX,No,Multifamily Housing,Not Available,Ok,Not Available,Not Available,MORRIS I/MORRIS II/MORRISANIA-Not Available
Not Available,Not Available,0,Not Available,Not Available,Not Available,Not Available,Not Available,Not Available,Not Available,Not Available,17755.9,Not Available,,No,50,Not Available,Yes,Not Available,Not Available,Not Available,Not Available,40.74911,Not Available,0,0,0.10001,Not Available,12/31/2016,Not Available,Not Available,0.10001,Ok,109,Not Available,Not Available,Not Available,Not Available,Not Available,Not Available,Not Available,9999,18711291.9,Not Available,Not Available,Not Available,Not Available,Not Available,Not Available,Jackson Heights,100000,Not Available,Not Available,Not Available,18,100,Retail Store,Not Available,2.3,No,0,Not Available,Not Available,Possible Issue,Not Available,Not Available,QUEENS,Yes,Multifamily Housing,Not Available,Ok,Not Available,Not Available,37-60 88th Street-Not Available
Not Available,Not Available,0,Not Available,Not Available,Not Available,Not Available,Not Available,Not Available,Not Available,Not Available,Not Available,Not Available,,Yes,50,Not Available,No,Not Available,Not Available,Not Available,Not Available,40.781788,Not Available,0,0,Not Available,Not Available,12/31/2015,Not Available,Not Available,Not Available,Ok,0,Not Available,Not Available,Not Available,Not Available,Not Available,Not Available,Not Available,Not Available,14520298.4,Not Available,Not Available,Not Available,Not Available,Not Available,Not Available,Queens,99000,Not Available,Not Available,Not Available,Not Available,100,Not Available,Not Available,1.4,No,0,12454241.7,Not Available,Ok,4450091;4450092,Not Available,QUEENS,Yes,Multifamily Housing,Not Available,Possible Issue,Not Available,Not Available,Bay Terrace Co Op Section 9-Not Available
Not Available,Not Available,185,Not Available,Not Available,690000,Not Available,Not Available,Not Available,Not Available,Not Available,8622.8,Not Available,,No,50,Not Available,No,Not Available,Not Available,Not Available,Not Available,40.734942,Not Available,0.98412,0,Not Available,Not Available,12/31/2016,Not Available,Not Available,Not Available,Ok,0,Not Available,Not Available,Not Available,Not Available,Not Available,Not Available,Not Available,Not Available,38848416.1,Not Available,Not Available,Not Available,Not Available,Not Available,Not Available,Elmhurst,187985,Not Available,Not Available,Not Available,0,100,Not Available,Not Available,0.98412,No,0,23973532.5,Not Available,Ok,4047257,Not Available,QUEENS,No,Multifamily Housing,Not Available,Ok,Not Available,Not Available,Kaled: 94-11 59th Ave-Not Available
Not Available,Not Available,Not Available,Not Available,Not Available,Not Available,Not Available,Not Available,Not Available,87969,Not Available,647.2,Not Available,,No,50,Not Available,No,Not Available,Not Available,Not Available,Not Available,40.704298,Not Available,Not Available,0,Not Available,Not Available,12/31/2016,Not Available,Not Available,Not Available,Ok,Not Available,Not Available,Not Available,Not Available,Not Available,Not Available,Not Available,Not Available,Not Available,6382051.6,Not Available,Not Available,Not Available,Not Available,Not Available,Not Available,Queens,Not Available,Not Available,Not Available,Not Available,Not Available,Not Available,Not Available,Not Available,Not Available,No,0,2819943.7,Not Available,Ok,4089238,Not Available,QUEENS,Yes,Non-Refrigerated Warehouse,Not Available,Ok,Not Available,Not Available,65-45 Otto Rd-Not Available
Not Available,Not Available,0,Not Available,Not Available,0,Not Available,Not Available,Not Available,Not Available,Not Available,Not Available,Not Available,24.0,Yes,50,Not Available,No,Not Available,Not Available,Not Available,Not Available,40.712545,Not Available,0,0,Not Available,Not Available,Not Available,Not Available,Not Available,Not Available,Ok,1757,Not Available,Not Available,Not Available,Not Available,Not Available,Not Available,Not Available,Not Available,200002807.7,Not Available,Not Available,Not Available,Not Available,Not Available,Not Available,MANHATTAN,1391256,Not Available,Not Available,Not Available,0,90,Not Available,Not Available,2.09235,Unable to Check (not enough data),0,119660735.4,Not Available,Ok,1077520;1077521;1077522;1077523;1077524;1077525;1077526;1077527;1077528;1077529;1083388;1083389;1083390;1083391;1083392;1083393;1083394;1083395;1083404;1083405;1083396;1083397;1083398;1083399,Not Available,MANHATTAN,No,Multifamily Housing,Not Available,Ok,Not Available,Not Available,VLADECK/VLADECK II-Not Available
Not Available,Not Available,0,Not Available,Not Available,276000,Not Available,Not Available,Not Available,Not Available,Not Available,1889.6,Not Available,,No,50,Not Available,No,Not Available,Not Available,Not Available,Not Available,40.636663,Not Available,0,0,Not Available,Not Available,12/31/2016,Not Available,Not Available,Not Available,Ok,21,Not Available,Not Available,Not Available,Not Available,Not Available,Not Available,Not Available,Not Available,5801358.1,Not Available,Not Available,Not Available,Not Available,Not Available,Not Available,Brooklyn,50000,Not Available,Not Available,Not Available,0,100,Not Available,Not Available,1.4,No,0,Not Available,Not Available,Ok,3126788,Not Available,BROOKLYN,Yes,Multifamily Housing,Not Available,Ok,Not Available,Not Available,490 Ocean Parkway-Not Available
Not Available,Not Available,Not Available,Not Available,Not Available,Not Available,Not Available,Not Available,Not Available,Not Available,Not Available,4748.8,Not Available,,Yes,50,703,No,Not Available,Not Available,Not Available,Not Available,40.763117,Not Available,Not Available,0,0.44352,Not Available,02/28/2017,Not Available,2016,0.14784,Ok,Not Available,3.36889,Not Available,Not Available,Not Available,Not Available,Not Available,Not Available,6764,39499359.9,Not Available,Not Available,Not Available,740,Not Available,Not Available,New york,Not Available,Not Available,Not Available,Not Available,Not Available,Not Available,Retail Store,Not Available,Not Available,No,0,14858920.7,Not Available,Ok,1041900,Not Available,MANHATTAN,No,Office,Not Available,Ok,Not Available,Not Available,CW Glorious Sun 505 Park Avenue-Not Available
Not Available,Not Available,Not Available,Not Available,Not Available,Not Available,Not Available,Not Available,Not Available,Not Available,Not Available,1916545.9,Not Available,,Yes,50,Not Available,No,Not Available,Not Available,Not Available,Not Available,40.732131,Not Available,Not Available,0,Not Available,Not Available,01/31/2017,Not Available,Not Available,Not Available,Ok,Not Available,Not Available,Not Available,Not Available,Not Available,262.54,Not Available,Not Available,Not Available,112632617.4,Not Available,Not Available,Not Available,Not Available,Not Available,Not Available,new York,Not Available,Not Available,Not Available,Not Available,Not Available,Not Available,Other,Not Available,Not Available,No,0,61664090.6,Not Available,Ok,1006511;1006510,91.49,MANHATTAN,Yes,Hospital (General Medical & Surgical),Not Available,Ok,137.24,Not Available,New York Eye & Ear Infirmary-Not Available
Not Available,Not Available,0,Not Available,Not Available,Not Available,Not Available,Not Available,Not Available,Not Available,Not Available,8035.6,Not Available,,No,50,Not Available,No,Not Available,Not Available,Not Available,Not Available,40.703934,Not Available,0,0,Not Available,Not Available,12/31/2016,Not Available,Not Available,Not Available,Ok,0,Not Available,Not Available,Not Available,Not Available,Not Available,Not Available,Not Available,Not Available,8727438,Not Available,Not Available,Not Available,Not Available,Not Available,Not Available,Queens,57716,Not Available,Not Available,Not Available,Not Available,100,Not Available,Not Available,1.4,No,0,6592312.9,Not Available,Ok,4088137,Not Available,QUEENS,Yes,Multifamily Housing,Not Available,Ok,Not Available,Not Available,69-01 LLC-Not Available
Not Available,Not Available,2091,Not Available,Not Available,31602,Not Available,Not Available,Not Available,Not Available,Not Available,Not Available,Not Available,19.0,Yes,50,Not Available,No,Not Available,Not Available,Not Available,Not Available,40.834848,Not Available,0.98868,0,Not Available,Not Available,Not Available,Not Available,Not Available,Not Available,Ok,0,Not Available,Not Available,Not Available,Not Available,Not Available,Not Available,Not Available,Not Available,398833445,Not Available,Not Available,Not Available,Not Available,Not Available,Not Available,BRONX,2114950,Not Available,Not Available,Not Available,0,90,Not Available,Not Available,2.23977,Unable to Check (not enough data),0,Not Available,Not Available,Possible Issue,2092079;2092082;2092083;2092084;2092085;2092095;2092098;2092099;2092100;2092101;2092075;2092093;2092094;2092109;2092112;2092113;2092114;2091182;2091183,Not Available,BRONX,No,Multifamily Housing,Not Available,Ok,Not Available,Not Available,MORRIS I/MORRIS II/MORRISANIA CAMPUS-Not Available
Not Available,Not Available,0,Not Available,Not Available,Not Available,Not Available,Not Available,Not Available,Not Available,Not Available,2565.8,Not Available,,No,50,Not Available,No,Not Available,Not Available,Not Available,Not Available,40.743326,Not Available,0,0,Not Available,Not Available,12/31/2016,Not Available,Not Available,Not Available,Ok,13,Not Available,Not Available,Not Available,Not Available,Not Available,Not Available,Not Available,Not Available,5214077.3,Not Available,Not Available,Not Available,Not Available,Not Available,Not Available,Manhattan,50000,Not Available,Not Available,Not Available,25,100,Not Available,Not Available,1,No,0,3046745.3,Not Available,Ok,1020002,Not Available,MANHATTAN,No,Multifamily Housing,Not Available,Ok,Not Available,Not Available,250 East 31st Street-Not Available
Not Available,Not Available,0,Not Available,Not Available,0,Not Available,Not Available,Not Available,Not Available,Not Available,Not Available,Not Available,27.0,Yes,50,Not Available,No,Not Available,Not Available,Not Available,Not Available,40.697916,Not Available,0,0,Not Available,Not Available,Not Available,Not Available,Not Available,Not Available,Ok,1047,Not Available,Not Available,Not Available,Not Available,Not Available,Not Available,Not Available,Not Available,213085310.7,Not Available,Not Available,Not Available,Not Available,Not Available,Not Available,QUEENS,1000518,Not Available,Not Available,Not Available,0,90,Not Available,Not Available,1.99397,Unable to Check (not enough data),0,163318225.5,Not Available,Ok,4440732;4440733;4440734;4440735;4440736;4440737;4440738;4440739;4457466;4457470;4457473;4215754;4215773;4435245;4435246;4435247;4435248;4435249;4451835;4451836;4451837;4451838;4451839;4457478;4457479;4457481;4457482,Not Available,QUEENS,No,Multifamily Housing,Not Available,Ok,Not Available,Not Available,SOUTH JAMAICA I/SOUTH JAMAICA II CAMPUS-Not Available
Not Available,Not Available,Not Available,Not Available,Not Available,Not Available,Not Available,Not Available,Not Available,Not Available,Not Available,Not Available,Not Available,,No,50,Not Available,No,Not Available,Not Available,Not Available,Not Available,40.860915,Not Available,Not Available,0,Not Available,Not Available,Not Available,Not Available,Not Available,Not Available,Ok,Not Available,Not Available,Not Available,Not Available,Not Available,Not Available,Not Available,Not Available,Not Available,15123333.1,Not Available,Not Available,Not Available,Not Available,Not Available,Not Available,Bronx,Not Available,Not Available,Not Available,Not Available,Not Available,Not Available,Not Available,Not Available,Not Available,Unable to Check (not enough data),0,5282091.1,Not Available,Not Available,2013469,Not Available,BRONX,Yes,Medical Office,Not Available,Not Available,Not Available,Not Available,STB00260E 260 E 188th Street-Not Available
Not Available,Not Available,Not Available,Not Available,Not Available,Not Available,Not Available,Not Available,Not Available,Not Available,Not Available,Not Available,Not Available,,Yes,50,0,No,Not Available,Not Available,Not Available,Not Available,40.762647,Not Available,Not Available,0,Not Available,Not Available,Not Available,Not Available,Not Available,Not Available,Ok,Not Available,0,Not Available,Not Available,Not Available,Not Available,Not Available,Not Available,Not Available,Not Available,Not Available,Not Available,Not Available,0,Not Available,Not Available,New York,Not Available,Not Available,Not Available,Not Available,Not Available,Not Available,Not Available,Not Available,Not Available,Unable to Check (not enough data),0,Not Available,Not Available,Not Available,1041926,Not Available,MANHATTAN,No,Office,Not Available,Not Available,Not Available,Not Available,Parkview Tower Owner LLC-Not Available
Not Available,Not Available,0,Not Available,Not Available,Not Available,Not Available,Not Available,Not Available,Not Available,Not Available,6032.9,Not Available,,No,50,Not Available,No,Not Available,Not Available,Not Available,Not Available,40.767347,Not Available,0,0,Not Available,Not Available,01/31/2017,Not Available,Not Available,Not Available,Ok,70,Not Available,Not Available,Not Available,Not Available,Not Available,Not Available,Not Available,Not Available,Not Available,Not Available,Not Available,Not Available,Not Available,Not Available,Not Available,New York,55636,Not Available,Not Available,Not Available,Not Available,Not Available,Not Available,Not Available,1.07844,No,0,8105982.6,Not Available,Not Available,1086230,Not Available,MANHATTAN,No,Multifamily Housing,Not Available,Not Available,Not Available,Not Available,The School and The Flats-Not Available
Not Available,Not Available,0,Not Available,Not Available,Not Available,Not Available,Not Available,Not Available,Not Available,Not Available,Not Available,Not Available,,Yes,50,Not Available,No,Not Available,Not Available,Not Available,Not Available,40.83228,Not Available,0,Not Available,Not Available,Not Available,Not Available,Not Available,Not Available,Not Available,Ok,237,Not Available,Not Available,Not Available,Not Available,Not Available,Not Available,Not Available,Not Available,Not Available,Not Available,Not Available,Not Available,Not Available,Not Available,Not Available,Bronx,273132,Not Available,Not Available,Not Available,Not Available,100,Not Available,Not Available,0.86771,Unable to Check (not enough data),Not Available,Not Available,Not Available,Not Available,2128557,Not Available,BRONX,No,Multifamily Housing,Not Available,Not Available,Not Available,Not Available,Compass One A & One B-Not Available
Not Available,Not Available,480,Not Available,Not Available,Not Available,Not Available,Not Available,Not Available,Not Available,Not Available,Not Available,Not Available,,No,50,Not Available,No,Not Available,Not Available,Not Available,Not Available,40.847771,Not Available,0.9348,0,0,260 Audobon Avenue,Not Available,Not Available,Not Available,0,Ok,0,Not Available,Not Available,Not Available,Not Available,Not Available,14600,Not Available,15728,105865480.4,Not Available,Not Available,Not Available,Not Available,Not Available,Not Available,New York,513478,Not Available,14600,Not Available,0,100,Retail Store,Not Available,1.6359,Unable to Check (not enough data),0,78760385.2,Not Available,Ok,1079909;1079908,Not Available,MANHATTAN,Yes,Multifamily Housing,Not Available,Ok,Not Available,Not Available,Clipper - 1370 St. Nicholas Ave-Not Available
Not Available,Not Available,0,Not Available,Not Available,Not Available,Not Available,Not Available,Not Available,Not Available,Not Available,Not Available,Not Available,,No,50,Not Available,No,Not Available,Not Available,Not Available,Not Available,,Not Available,0,0,Not Available,Not Available,Not Available,Not Available,Not Available,Not Available,Ok,336,Not Available,Not Available,Not Available,Not Available,Not Available,Not Available,Not Available,Not Available,41799341.4,Not Available,Not Available,Not Available,Not Available,Not Available,Not Available,Brooklyn,343440,Not Available,Not Available,Not Available,0,100,Not Available,Not Available,2.09644,Unable to Check (not enough data),0,27587320.2,Not Available,Ok,3327402;3327403;3327404;3327405;3327406;3327407;3327408;3327409,Not Available,,No,Multifamily Housing,Not Available,Ok,Not Available,Not Available,Clipper - 1402 New York Ave-Not Available
Not Available,Not Available,0,Not Available,Not Available,Not Available,Not Available,Not Available,Not Available,Not Available,Not Available,6195.7,Not Available,,No,50,Not Available,No,Not Available,Not Available,Not Available,Not Available,40.703215,Not Available,0,0,Not Available,Not Available,03/31/2017,Not Available,Not Available,Not Available,Ok,90,Not Available,Not Available,Not Available,Not Available,Not Available,Not Available,Not Available,Not Available,11826409.1,Not Available,Not Available,Not Available,Not Available,Not Available,Not Available,Jamaica,98748,Not Available,Not Available,Not Available,0,10,Not Available,Not Available,1.23547,No,0,8759058,Not Available,Ok,4206805,Not Available,QUEENS,No,Multifamily Housing,Not Available,Ok,Not Available,Not Available,ZARA - 90-10 149 Street-Not Available
Not Available,Not Available,Not Available,Not Available,Not Available,Not Available,Not Available,Not Available,Not Available,Not Available,Not Available,444.7,Not Available,,No,50,153.38,No,Not Available,Not Available,Not Available,Not Available,40.587998,Not Available,Not Available,0,Not Available,Not Available,12/31/2016,Not Available,Not Available,Not Available,Ok,Not Available,2.00006,Not Available,Not Available,Not Available,Not Available,Not Available,Not Available,Not Available,3585607.4,Not Available,Not Available,Not Available,133.38,Not Available,Not Available,Brooklyn,Not Available,Not Available,Not Available,Not Available,Not Available,Not Available,Not Available,Not Available,Not Available,No,0,1205361.7,Not Available,Ok,3195026,Not Available,BROOKLYN,Yes,Office,Not Available,Ok,Not Available,Not Available,325 Avenue Y-Not Available
Not Available,Not Available,0,Not Available,Not Available,Not Available,Not Available,Not Available,Not Available,Not Available,Not Available,Not Available,Not Available,,No,50,Not Available,No,Not Available,Not Available,Not Available,Not Available,40.784224,Not Available,0,0,Not Available,Not Available,12/31/2015,Not Available,Not Available,Not Available,Ok,0,Not Available,Not Available,Not Available,Not Available,Not Available,Not Available,Not Available,Not Available,14877473,Not Available,Not Available,Not Available,Not Available,Not Available,Not Available,Queens,60812,Not Available,Not Available,Not Available,Not Available,Not Available,Not Available,Not Available,1.4,No,0,5704247.6,Not Available,Ok,4800761;4446238;4446239;4446240;4446246;4446265;4446266,Not Available,QUEENS,Yes,Multifamily Housing,Not Available,Possible Issue,Not Available,Not Available,Bay Terrace 3-3-Not Available
Not Available,Not Available,0,Not Available,Not Available,Not Available,Not Available,Not Available,Not Available,Not Available,Not Available,3379.9,Not Available,,Yes,50,Not Available,No,Not Available,Not Available,Not Available,Not Available,40.85637,Not Available,0,0,Not Available,Not Available,12/31/2016,Not Available,Not Available,Not Available,Ok,74,Not Available,Not Available,Not Available,Not Available,Not Available,Not Available,Not Available,Not Available,9672320.6,Not Available,Not Available,Not Available,Not Available,Not Available,Not Available,Bronx,87354,Not Available,Not Available,Not Available,0,100,Not Available,Not Available,0.77844,No,0,7231054,Not Available,Ok,2049372,Not Available,BRONX,No,Multifamily Housing,Not Available,Ok,Not Available,Not Available,2190 Boston Owners Inc.-Not Available
Not Available,Not Available,12,Not Available,Not Available,Not Available,Not Available,Not Available,Not Available,Not Available,Not Available,41142.8,Not Available,,No,50,Not Available,No,Not Available,Not Available,Not Available,Not Available,40.707482,Not Available,0.1444,0,Not Available,Not Available,12/31/2016,Not Available,Not Available,Not Available,Ok,40,Not Available,Not Available,Not Available,Not Available,Not Available,Not Available,Not Available,Not Available,7415907.7,Not Available,Not Available,Not Available,Not Available,Not Available,Not Available,Queens,83100,Not Available,Not Available,Not Available,Not Available,Not Available,Not Available,Not Available,0.95066,Yes,0,6353882.5,Not Available,Not Available,4208959,Not Available,QUEENS,No,Multifamily Housing,Not Available,Not Available,Not Available,Not Available,Prime Property Management of NY LLC  88-34 161 Street-Not Available
Not Available,Not Available,Not Available,Not Available,Not Available,Not Available,Not Available,Not Available,Not Available,54040,Not Available,Not Available,Not Available,,Yes,50,Not Available,No,Not Available,Not Available,Not Available,Not Available,40.680345,Not Available,Not Available,0,Not Available,Not Available,Not Available,Not Available,Not Available,Not Available,Ok,Not Available,Not Available,Not Available,Not Available,Not Available,Not Available,Not Available,Not Available,Not Available,9678820.6,Not Available,Not Available,Not Available,Not Available,Not Available,Not Available,Brooklyn,Not Available,Not Available,Not Available,Not Available,Not Available,Not Available,Not Available,Not Available,Not Available,Unable to Check (not enough data),0,2978883.3,Not Available,Not Available,3255165,Not Available,BROOKLYN,No,Non-Refrigerated Warehouse,Not Available,Not Available,Not Available,Not Available,345 Butler Street-Not Available
Not Available,Not Available,287,Not Available,Not Available,Not Available,Not Available,Not Available,Not Available,Not Available,Not Available,29455.3,Not Available,,No,50,Not Available,No,Not Available,Not Available,Not Available,Not Available,40.692048,Not Available,1.05515,0,Not Available,Not Available,12/31/2016,Not Available,Not Available,Not Available,Ok,0,Not Available,Not Available,Not Available,14744.1,Not Available,Not Available,Not Available,Not Available,23335347.9,Not Available,Not Available,Not Available,Not Available,Not Available,Not Available,Brooklyn,272000,Not Available,Not Available,Not Available,0,80,Not Available,Not Available,1.4,No,0,22315598.5,Not Available,Not Available,3054896,Not Available,BROOKLYN,Yes,Multifamily Housing,Not Available,Not Available,Not Available,Not Available,195 Willoughby Avenue-Not Available
Not Available,Not Available,0,Not Available,Not Available,Not Available,Not Available,Not Available,Not Available,Not Available,Not Available,Not Available,Not Available,35.0,Yes,50,Not Available,No,Not Available,Not Available,Not Available,Not Available,40.756011,Not Available,0,0,Not Available,Not Available,Not Available,Not Available,Not Available,Not Available,Ok,3144,Not Available,Not Available,Not Available,Not Available,Not Available,Not Available,Not Available,Not Available,214438364.3,Not Available,Not Available,Not Available,Not Available,Not Available,Not Available,QUEENS,2533600,Not Available,Not Available,Not Available,Not Available,90,Not Available,Not Available,2.01216,Unable to Check (not enough data),0,75390157.3,Not Available,Ok,4433367;4433372;4433373;4433378;4433379;4433380;4433381;4433382;4433383;4433384;4433385;4433386;4433387;4433388;4441787;4441791;4441792;4441793;4441798;4433389;4433390;4433391;4433392;4433393;4433398;4433399;4433403;4433404;4433405;4433410;4433411;4433416;4433417;4433421;4433422,Not Available,QUEENS,No,Multifamily Housing,Not Available,Ok,Not Available,Not Available,QUEENSBRIDGE NORTH/QUEENSBRIDGE SOUTH-Not Available
Not Available,Not Available,29,Not Available,Not Available,Not Available,Not Available,Not Available,Not Available,Not Available,Not Available,Not Available,Not Available,,No,50,Not Available,No,Not Available,Not Available,Not Available,Not Available,40.712991,Not Available,0.35802,0,Not Available,Not Available,Not Available,Not Available,Not Available,Not Available,Ok,0,Not Available,Not Available,Not Available,Not Available,Not Available,Not Available,Not Available,Not Available,4208269.4,Not Available,Not Available,Not Available,Not Available,Not Available,Not Available,Brooklyn,81000,Not Available,Not Available,Not Available,29,100,Not Available,Not Available,0.58025,Unable to Check (not enough data),0,1431438.7,Not Available,Not Available,3396771,Not Available,BROOKLYN,No,Multifamily Housing,Not Available,Not Available,Not Available,Not Available,Sun Sun Group : 467 Keap Street-Not Available
Not Available,Not Available,0,Not Available,Not Available,Not Available,Not Available,Not Available,Not Available,Not Available,Not Available,6353.9,Not Available,,No,50,Not Available,No,Not Available,Not Available,Not Available,Not Available,40.837161,Not Available,0,0,Not Available,Not Available,12/31/2016,Not Available,Not Available,Not Available,Ok,0,Not Available,Not Available,Not Available,Not Available,Not Available,Not Available,Not Available,Not Available,13097646.6,Not Available,Not Available,Not Available,Not Available,Not Available,Not Available,Bronx,55000,Not Available,Not Available,Not Available,Not Available,100,Not Available,Not Available,1.4,No,0,Not Available,Not Available,Possible Issue,2008053,Not Available,BRONX,Yes,Multifamily Housing,Not Available,Ok,Not Available,Not Available,Concourse Green-Not Available
Not Available,Not Available,0,Not Available,Not Available,Not Available,Not Available,Not Available,Not Available,Not Available,Not Available,Not Available,Not Available,,No,50,Not Available,No,Not Available,Not Available,Not Available,Not Available,40.720027,Not Available,0,0,Not Available,Not Available,Not Available,Not Available,Not Available,Not Available,Ok,75,Not Available,Not Available,Not Available,Not Available,Not Available,Not Available,Not Available,Not Available,11557906.6,Not Available,Not Available,Not Available,Not Available,Not Available,Not Available,Queens,80000,Not Available,Not Available,Not Available,0,100,Not Available,Not Available,1.875,Unable to Check (not enough data),0,9075251.5,Not Available,Not Available,4145164,Not Available,QUEENS,No,Multifamily Housing,Not Available,Not Available,Not Available,Not Available,Leiter - 150-15 79th Avenue-Not Available
Not Available,Not Available,0,Not Available,Not Available,Not Available,Not Available,Not Available,Not Available,Not Available,Not Available,Not Available,Not Available,,No,50,Not Available,No,Not Available,Not Available,Not Available,Not Available,40.798387,Not Available,0,0,Not Available,Not Available,Not Available,Not Available,Not Available,Not Available,Ok,0,Not Available,Not Available,Not Available,Not Available,Not Available,Not Available,Not Available,Not Available,10850839.1,Not Available,Not Available,Not Available,Not Available,Not Available,Not Available,NY,108000,Not Available,Not Available,Not Available,Not Available,Not Available,Not Available,Not Available,1.4,Unable to Check (not enough data),0,10370499,Not Available,Ok,1056493,Not Available,MANHATTAN,Yes,Multifamily Housing,Not Available,Ok,Not Available,Not Available,838 West End Ave Owner LLC-Not Available
Not Available,Not Available,84,Not Available,Not Available,Not Available,Not Available,Not Available,Not Available,Not Available,Not Available,Not Available,Not Available,,No,50,Not Available,No,Not Available,Not Available,Not Available,Not Available,40.770068,Not Available,0.87684,0,Not Available,Not Available,Not Available,Not Available,Not Available,Not Available,Ok,0,Not Available,Not Available,Not Available,Not Available,Not Available,Not Available,Not Available,Not Available,9474391.9,Not Available,Not Available,Not Available,Not Available,Not Available,Not Available,New York,95798,Not Available,Not Available,Not Available,0,100,Not Available,Not Available,1.75369,Unable to Check (not enough data),0,6662001.4,Not Available,Not Available,1043992,Not Available,MANHATTAN,No,Multifamily Housing,Not Available,Not Available,Not Available,Not Available,Rudd - 235 East 73rd Street-Not Available
Not Available,Not Available,79,Not Available,Not Available,Not Available,Not Available,Not Available,Not Available,Not Available,Not Available,Not Available,Not Available,,No,50,Not Available,No,Not Available,Not Available,Not Available,Not Available,40.762421,Not Available,0.87959,0,Not Available,Not Available,Not Available,Not Available,Not Available,Not Available,Ok,0,Not Available,Not Available,Not Available,Not Available,Not Available,12000,Not Available,Not Available,Not Available,Not Available,Not Available,Not Available,Not Available,Not Available,Not Available,New York,89815,Not Available,12000,Not Available,1,100,Restaurant,Not Available,0.97979,Unable to Check (not enough data),0,15757432.3,Not Available,Ok,1034818,Not Available,MANHATTAN,No,Multifamily Housing,Not Available,Ok,Not Available,Not Available,57 West 55th Street-Not Available
Not Available,Not Available,0,Not Available,Not Available,Not Available,Not Available,Not Available,Not Available,Not Available,Not Available,Not Available,Not Available,,No,50,Not Available,No,Not Available,Not Available,Not Available,Not Available,40.770949,Not Available,0,0,Not Available,Not Available,Not Available,Not Available,Not Available,Not Available,Ok,38,Not Available,Not Available,Not Available,Not Available,Not Available,Not Available,Not Available,Not Available,9225409.9,Not Available,Not Available,Not Available,Not Available,Not Available,Not Available,ASTORIA,84000,Not Available,13260,Not Available,0,100,Parking,Not Available,0.70238,Unable to Check (not enough data),0,3968546.6,Not Available,Ok,4864150,Not Available,QUEENS,No,Multifamily Housing,Not Available,Ok,Not Available,Not Available,30 VERNON LLC-Not Available
Not Available,Not Available,Not Available,Not Available,Not Available,4478996.7,Not Available,Not Available,Not Available,Not Available,Not Available,2969,Not Available,,Yes,50,700,No,Not Available,Not Available,Not Available,Not Available,40.739279,Not Available,Not Available,0,0.08696,Not Available,12/31/2016,Not Available,2014,0,Ok,Not Available,2.69876,Not Available,Not Available,Not Available,Not Available,Not Available,Not Available,45997,47418731.6,Not Available,Not Available,Not Available,800,Not Available,Not Available,New York,Not Available,Not Available,Not Available,Not Available,Not Available,Not Available,Retail Store,Not Available,Not Available,No,0,17841322.3,Not Available,Ok,1016201,Not Available,MANHATTAN,No,Office,Not Available,Ok,Not Available,Not Available,Newmark_Rosen Portfolio - 902 Broadway (BBL): 1-00849-0016 (BIN): 1016201-Not Available
Not Available,Not Available,0,Not Available,Not Available,0,Not Available,Not Available,Not Available,Not Available,Not Available,Not Available,Not Available,18.0,Yes,50,Not Available,No,Not Available,Not Available,Not Available,Not Available,40.675027,Not Available,0,Not Available,Not Available,Not Available,Not Available,Not Available,Not Available,Not Available,Ok,2528,Not Available,Not Available,Not Available,Not Available,Not Available,Not Available,Not Available,Not Available,163478472.9,Not Available,Not Available,Not Available,Not Available,Not Available,Not Available,BROOKLYN,2397300,Not Available,Not Available,Not Available,Not Available,90,Not Available,Not Available,1.78117,Unable to Check (not enough data),Not Available,Not Available,Not Available,Possible Issue,3332069;3332216;3332217;3332218;3332219;3332220;3332221;3332224;3332225;3332226;3332227;3332228;3332230;3334251;3339411;3339412;3339413;3398223,Not Available,BROOKLYN,No,Multifamily Housing,Not Available,Ok,Not Available,Not Available,RED HOOK EAST-Not Available
Not Available,Not Available,0,Not Available,Not Available,Not Available,Not Available,Not Available,Not Available,Not Available,Not Available,4832.6,Not Available,,Yes,50,Not Available,Yes,Not Available,Not Available,Not Available,Not Available,40.863602,Not Available,0,0,Not Available,Not Available,01/31/2017,Not Available,Not Available,Not Available,Ok,100,Not Available,Not Available,Not Available,Not Available,Not Available,Not Available,Not Available,Not Available,9110948.2,Not Available,Not Available,Not Available,Not Available,Not Available,Not Available,Bronx,66832,Not Available,Not Available,Not Available,0,10,Not Available,Not Available,1.5711,No,0,6801899.7,Not Available,Ok,2087904,Not Available,BRONX,No,Multifamily Housing,Not Available,Ok,Not Available,Not Available,BETHCO - 2505 Barker Avenue-Not Available
Not Available,Not Available,Not Available,Not Available,Not Available,Not Available,Not Available,Not Available,Not Available,Not Available,Not Available,Not Available,Not Available,,No,50,Not Available,No,Not Available,Not Available,Not Available,Not Available,40.746756,Not Available,Not Available,0,Not Available,Not Available,06/30/2016,Not Available,Not Available,Not Available,Ok,Not Available,Not Available,Not Available,Not Available,Not Available,Not Available,Not Available,Not Available,Not Available,140678966.5,Not Available,Not Available,Not Available,Not Available,Not Available,Not Available,New York,Not Available,Not Available,Not Available,Not Available,Not Available,Not Available,Not Available,Not Available,Not Available,No,0,44860154.6,Not Available,Ok,10219225,Not Available,MANHATTAN,No,Medical Office,Not Available,Possible Issue,Not Available,Not Available,333 E. 38th St-Not Available
Not Available,Not Available,0,Not Available,Not Available,Not Available,Not Available,Not Available,Not Available,Not Available,Not Available,Not Available,Not Available,,No,50,Not Available,No,Not Available,Not Available,Not Available,Not Available,40.839561,Not Available,0,0,Not Available,Not Available,Not Available,Not Available,Not Available,Not Available,Ok,0,Not Available,Not Available,Not Available,Not Available,Not Available,Not Available,Not Available,Not Available,3717856.4,Not Available,Not Available,Not Available,Not Available,Not Available,Not Available,Bronx,87413,Not Available,Not Available,Not Available,Not Available,Not Available,Not Available,Not Available,1.39567,Unable to Check (not enough data),0,1697823.5,Not Available,Ok,2009658,Not Available,BRONX,No,Multifamily Housing,Not Available,Ok,Not Available,Not Available,1625-1631 Fulton Avenue-Not Available
Not Available,Not Available,Not Available,Not Available,Not Available,Not Available,Not Available,Not Available,Not Available,Not Available,Not Available,Not Available,Not Available,,No,50,1500,No,Not Available,Not Available,Not Available,Not Available,40.842733,Not Available,Not Available,0,Not Available,Not Available,Not Available,Not Available,Not Available,Not Available,Ok,Not Available,10.71429,Not Available,Not Available,Not Available,Not Available,Not Available,Not Available,Not Available,245039145.3,Not Available,Not Available,Not Available,3000,Not Available,Not Available,Bronx,Not Available,Not Available,20000,Not Available,Not Available,Not Available,Parking,Not Available,Not Available,Unable to Check (not enough data),0,86169471.5,Not Available,Ok,2087151,Not Available,BRONX,Yes,Office,Not Available,Ok,Not Available,Not Available,Simone: 1200 Waters Place-Not Available
Not Available,Not Available,0,Not Available,Not Available,Not Available,Not Available,Not Available,Not Available,Not Available,Not Available,Not Available,Not Available,,No,50,Not Available,No,Not Available,Not Available,Not Available,Not Available,40.727758,Not Available,0,0,Not Available,Not Available,Not Available,Not Available,Not Available,Not Available,Ok,0,Not Available,Not Available,Not Available,Not Available,Not Available,Not Available,Not Available,Not Available,5378896.8,Not Available,Not Available,Not Available,Not Available,Not Available,Not Available,Rego Park,300000,Not Available,20000,Not Available,Not Available,100,Parking,Not Available,1.4,Unable to Check (not enough data),0,1713024.4,Not Available,Not Available,Not Available,Not Available,QUEENS,No,Multifamily Housing,Not Available,Not Available,Not Available,Not Available,Howard-Not Available
Not Available,Not Available,0,Not Available,Not Available,Not Available,Not Available,Not Available,Not Available,Not Available,Not Available,4643.3,Not Available,,Yes,50,Not Available,No,Not Available,Not Available,Not Available,Not Available,40.702582,Not Available,0,0,Not Available,Not Available,03/31/2017,Not Available,Not Available,Not Available,Ok,47,Not Available,Not Available,Not Available,Not Available,Not Available,Not Available,Not Available,Not Available,7820848.5,Not Available,Not Available,Not Available,Not Available,Not Available,Not Available,Jamaica,51282,Not Available,Not Available,Not Available,0,10,Not Available,Not Available,1.209,No,0,6526757.7,Not Available,Ok,4206806,Not Available,QUEENS,No,Multifamily Housing,Not Available,Ok,Not Available,Not Available,ZARA - 148-15 Lowe Court-Not Available
Not Available,Not Available,535,Not Available,Not Available,8828550.1,Not Available,Not Available,Not Available,Not Available,Not Available,Not Available,Not Available,4.0,No,50,Not Available,No,Not Available,Not Available,Not Available,Not Available,40.670245,Not Available,0.98891,0,Not Available,Not Available,Not Available,Not Available,Not Available,Not Available,Ok,0,Not Available,Not Available,Not Available,Not Available,Not Available,Not Available,Not Available,Not Available,109260131,Not Available,Not Available,Not Available,Not Available,Not Available,Not Available,BROOKLYN,541000,Not Available,Not Available,Not Available,0,90,Not Available,Not Available,2.23475,Unable to Check (not enough data),0,75560266.8,Not Available,Ok,3084013;3327013;3327014;3327015,Not Available,BROOKLYN,No,Multifamily Housing,Not Available,Ok,Not Available,Not Available,LOW HOUSES-Not Available
Not Available,Not Available,Not Available,Not Available,Not Available,Not Available,Not Available,Not Available,Not Available,Not Available,Not Available,638.8,Not Available,,No,50,138.34,No,Not Available,Not Available,Not Available,Not Available,40.750214,Not Available,Not Available,0,Not Available,Not Available,12/31/2016,Not Available,Not Available,Not Available,Ok,Not Available,1.66254,Not Available,Not Available,Not Available,Not Available,Not Available,Not Available,Not Available,7335333.3,Not Available,Not Available,Not Available,100,Not Available,Not Available,New York,Not Available,Not Available,Not Available,Not Available,Not Available,Not Available,Not Available,Not Available,Not Available,No,0,Not Available,Not Available,Possible Issue,1015904,Not Available,MANHATTAN,Yes,Office,Not Available,Ok,Not Available,Not Available,28 West 36-Not Available
Not Available,Not Available,0,Not Available,Not Available,Not Available,Not Available,Not Available,Not Available,Not Available,Not Available,7362.3,Not Available,,No,50,Not Available,No,Not Available,Not Available,Not Available,Not Available,40.833211,Not Available,0,0,Not Available,Not Available,12/31/2016,Not Available,Not Available,Not Available,Ok,12,Not Available,Not Available,Not Available,Not Available,Not Available,Not Available,Not Available,Not Available,7634082,Not Available,Not Available,Not Available,Not Available,Not Available,Not Available,Bronx,55000,Not Available,Not Available,Not Available,0,100,Not Available,Not Available,1.34546,No,0,5416007.3,Not Available,Ok,2002947,Not Available,BRONX,No,Multifamily Housing,Not Available,Ok,Not Available,Not Available,1112-1114 Gerard Ave-Not Available
Not Available,Not Available,Not Available,Not Available,Not Available,Not Available,Not Available,Not Available,Not Available,Not Available,Not Available,11386.6,Not Available,,Yes,50,3000,No,Not Available,Not Available,Not Available,Not Available,40.749641,Not Available,Not Available,0,Not Available,Not Available,02/28/2017,Not Available,Not Available,Not Available,Ok,Not Available,4.34518,Not Available,Not Available,Not Available,Not Available,4200,Not Available,Not Available,139388121.6,Not Available,Not Available,Not Available,2829,Not Available,Not Available,Long Island City,Not Available,Not Available,27433,Not Available,Not Available,Not Available,Parking,Not Available,Not Available,No,0,51770094.6,Not Available,Ok,4538327,Not Available,QUEENS,No,Office,Not Available,Ok,Not Available,Not Available,Gotham Tower-Not Available
Not Available,Not Available,0,Not Available,Not Available,Not Available,Not Available,Not Available,Not Available,Not Available,Not Available,3748.5,Not Available,,No,50,Not Available,No,Not Available,Not Available,Not Available,Not Available,40.732843,Not Available,0,0,0.75,Not Available,12/31/2016,Not Available,Not Available,0.5,Ok,0,Not Available,Not Available,Not Available,Not Available,Not Available,Not Available,Not Available,4000,Not Available,Not Available,Not Available,Not Available,Not Available,Not Available,Not Available,New York,56939,Not Available,Not Available,Not Available,Not Available,100,Retail Store,Not Available,1.4,No,0,Not Available,Not Available,Possible Issue,1032045,Not Available,MANHATTAN,Yes,Multifamily Housing,Not Available,Ok,Not Available,Not Available,21 East 10-Not Available
Not Available,Not Available,Not Available,Not Available,Not Available,828413.9,Not Available,Not Available,Not Available,Not Available,Not Available,Not Available,Not Available,,Yes,50,200,No,Not Available,Not Available,Not Available,Not Available,40.745782,Not Available,Not Available,0,Not Available,Not Available,12/31/2013,Not Available,2014,Not Available,Ok,Not Available,2.27353,Not Available,Not Available,Not Available,Not Available,Not Available,Not Available,Not Available,15347223.7,Not Available,Not Available,Not Available,200,Not Available,Not Available,New York,Not Available,Not Available,Not Available,Not Available,Not Available,Not Available,Other,Not Available,Not Available,No,0,5304763.1,Not Available,Ok,1015051,Not Available,MANHATTAN,No,Office,Not Available,Possible Issue,Not Available,Not Available,17153 - 122 West 27th Street (BBL): 1-00802-0056 (BIN) 1015051-Not Available
Not Available,Not Available,106,Not Available,Not Available,4416689.9,Not Available,Not Available,Not Available,Not Available,Not Available,7423.2,Not Available,,No,50,Not Available,No,Not Available,Not Available,Not Available,Not Available,40.760678,Not Available,1.28544,0,0,Not Available,12/31/2016,Not Available,Not Available,0,Ok,0,Not Available,Not Available,Not Available,Not Available,Not Available,Not Available,Not Available,8000,16117068.5,Not Available,Not Available,Not Available,Not Available,Not Available,Not Available,New York,82462,Not Available,Not Available,Not Available,2,80,Retail Store,Not Available,1.30969,No,0,9038926.7,Not Available,Ok,1038613,Not Available,MANHATTAN,Yes,Multifamily Housing,Not Available,Ok,Not Available,Not Available,210 East 58th Street-Not Available
Not Available,Not Available,Not Available,Not Available,Not Available,Not Available,Not Available,Not Available,Not Available,Not Available,Not Available,1704.1,Not Available,,No,50,174.22,No,Not Available,Not Available,Not Available,Not Available,40.745504,Not Available,Not Available,0,Not Available,Not Available,12/31/2016,Not Available,Not Available,Not Available,Ok,Not Available,1.18812,Not Available,Not Available,Not Available,Not Available,Not Available,Not Available,Not Available,9493451.8,Not Available,Not Available,Not Available,90,Not Available,Not Available,Manhattan,Not Available,Not Available,Not Available,Not Available,Not Available,Not Available,Not Available,Not Available,Not Available,No,0,6272010.8,Not Available,Ok,1015725,Not Available,MANHATTAN,Yes,Office,Not Available,Ok,Not Available,Not Available,Mocal: 1182 Broadway-Not Available
Not Available,Not Available,0,Not Available,Not Available,Not Available,Not Available,Not Available,Not Available,Not Available,Not Available,Not Available,Not Available,61.0,Yes,50,Not Available,No,Not Available,Not Available,Not Available,Not Available,40.822381,Not Available,0,0,Not Available,Not Available,Not Available,Not Available,Not Available,Not Available,Ok,1659,Not Available,Not Available,Not Available,Not Available,Not Available,Not Available,Not Available,Not Available,148411478.4,Not Available,Not Available,Not Available,Not Available,Not Available,Not Available,BRONX,1538500,Not Available,Not Available,Not Available,0,90,Not Available,Not Available,2.34579,Unable to Check (not enough data),0,Not Available,Not Available,Possible Issue,2092682;2092683;2092684;2092685;2092686;2092687;2092688;2092689;2092690;2092691;2092692;2092693;2092694;2092695;2092696;2092697;2092727;2092728;2092729;2092730;2092731;2092732;2092733;2092734;2092735;2092736;2092737;2092738;2092739;2092740;2092741;2092742;2092743;2092744;2092745;2092746;2092747;2095238;2095239;2095240;2095241;2095242;2095243;2095244;2095245;2095246;2092604;2092605;2092608;2092610;2092611;2092638;2092647;2092649;2092651;2092652;2092654;2092656;2092659;2112985;2112986,Not Available,BRONX,No,Multifamily Housing,Not Available,Ok,Not Available,Not Available,CLASON POINT GARDENS/SOUNDVIEW-Not Available
Not Available,Not Available,0,Not Available,Not Available,Not Available,Not Available,Not Available,Not Available,Not Available,Not Available,3879.8,Not Available,,No,50,Not Available,No,Not Available,Not Available,Not Available,Not Available,40.648737,Not Available,0,0,Not Available,Not Available,12/31/2016,Not Available,Not Available,Not Available,Ok,0,Not Available,Not Available,Not Available,Not Available,Not Available,Not Available,Not Available,Not Available,3494696,Not Available,Not Available,Not Available,Not Available,Not Available,Not Available,BROOKLYN,72295,Not Available,Not Available,Not Available,0,100,Not Available,Not Available,1.20064,No,0,1393903.2,Not Available,Ok,3343056,Not Available,BROOKLYN,Yes,Multifamily Housing,Not Available,Ok,Not Available,Not Available,Carriage House: 2507 SNYDER AVENUE-Not Available
Not Available,Not Available,0,Not Available,Not Available,9206808.3,Not Available,Not Available,Not Available,Not Available,Not Available,140095,Not Available,,Yes,50,Not Available,No,Not Available,Not Available,Not Available,Not Available,40.624158,Not Available,0,0,Not Available,Not Available,01/31/2017,Not Available,Not Available,Not Available,Ok,50,Not Available,Not Available,Not Available,Not Available,Not Available,Not Available,Not Available,Not Available,11444039.6,Not Available,Not Available,Not Available,Not Available,Not Available,Not Available,Staten Island,143419,Not Available,Not Available,Not Available,Not Available,Not Available,Not Available,Not Available,1.39452,Yes,0,9699149.5,Not Available,Not Available,5015196,Not Available,STATEN IS,Yes,Multifamily Housing,Not Available,Not Available,Not Available,Not Available,B.Gans Mgt 800 Victory Blvd-Not Available
Not Available,Not Available,439,Not Available,Not Available,0,Not Available,Not Available,Not Available,Not Available,Not Available,Not Available,Not Available,4.0,Yes,50,Not Available,No,Not Available,Not Available,Not Available,Not Available,40.670439,Not Available,0.97556,0,Not Available,Not Available,Not Available,Not Available,Not Available,Not Available,Ok,0,Not Available,Not Available,Not Available,Not Available,Not Available,Not Available,Not Available,Not Available,82477721.3,Not Available,Not Available,Not Available,Not Available,Not Available,Not Available,BROOKLYN,450000,Not Available,Not Available,Not Available,Not Available,90,Not Available,Not Available,1.34222,Unable to Check (not enough data),0,59865082.4,Not Available,Ok,3080766;3326947;3326948;3326949,Not Available,BROOKLYN,No,Multifamily Housing,Not Available,Ok,Not Available,Not Available,GLENMORE PLAZA-Not Available
Not Available,Not Available,Not Available,Not Available,Not Available,Not Available,Not Available,Not Available,Not Available,Not Available,Not Available,Not Available,Not Available,,No,50,Not Available,No,Not Available,Not Available,Not Available,Not Available,40.853237,Not Available,Not Available,0,Not Available,Not Available,Not Available,Not Available,Not Available,Not Available,Ok,Not Available,Not Available,Not Available,Not Available,Not Available,Not Available,Not Available,Not Available,Not Available,Not Available,Not Available,Not Available,Not Available,Not Available,Not Available,Not Available,Bronx,Not Available,Not Available,Not Available,Not Available,Not Available,Not Available,Not Available,Not Available,Not Available,Unable to Check (not enough data),0,9303057.6,Not Available,Not Available,2011594,Not Available,BRONX,No,Urgent Care/Clinic/Other Outpatient,Not Available,Not Available,Not Available,Not Available,STB044873 St Barnabas Clinic 4487 3rd Ave-Not Available
Not Available,Not Available,0,Not Available,Not Available,690276.1,Not Available,Not Available,Not Available,Not Available,Not Available,9112,Not Available,,No,50,Not Available,No,Not Available,Not Available,Not Available,Not Available,40.754665,Not Available,0,0,Not Available,Not Available,12/31/2016,Not Available,Not Available,Not Available,Ok,122,Not Available,Not Available,Not Available,Not Available,Not Available,Not Available,Not Available,Not Available,4958695.7,Not Available,Not Available,Not Available,Not Available,Not Available,Not Available,Queens,90250,Not Available,Not Available,Not Available,0,100,Not Available,Not Available,1.3518,No,0,2394373.3,Not Available,Not Available,4115790,Not Available,QUEENS,No,Multifamily Housing,Not Available,Not Available,Not Available,Not Available,First Zone: 137-05 Franklin Ave-Not Available
Not Available,Not Available,Not Available,Not Available,Not Available,Not Available,Not Available,Not Available,Not Available,Not Available,Not Available,1481060.4,Not Available,,Yes,50,2004,No,Not Available,Not Available,Not Available,Not Available,40.704275,Not Available,Not Available,0,Not Available,Not Available,12/31/2016,Not Available,Not Available,Not Available,Ok,Not Available,3.13887,Not Available,Not Available,Not Available,Not Available,Not Available,Not Available,Not Available,119808618.5,Not Available,Not Available,Not Available,2004,Not Available,Not Available,New York,Not Available,Not Available,Not Available,Not Available,Not Available,Not Available,Other,Not Available,Not Available,No,0,57383814,Not Available,Not Available,1-00033-0001,Not Available,MANHATTAN,No,Office,Not Available,Not Available,Not Available,Not Available,77 Water Street-Not Available
Not Available,Not Available,1552,Not Available,Not Available,0,Not Available,Not Available,Not Available,Not Available,Not Available,Not Available,Not Available,25.0,Yes,50,Not Available,No,Not Available,Not Available,Not Available,Not Available,40.668057,Not Available,0.90377,0,Not Available,Not Available,Not Available,Not Available,Not Available,Not Available,Ok,0,Not Available,Not Available,Not Available,Not Available,Not Available,Not Available,Not Available,Not Available,201677258.1,Not Available,Not Available,Not Available,Not Available,Not Available,Not Available,BROOKLYN,1717250,Not Available,Not Available,Not Available,Not Available,90,Not Available,Not Available,2.05619,Unable to Check (not enough data),0,199680756.2,Not Available,Ok,3000000;3328024;3328025;3328026;3328027;3328028;3328029;3328030;3328031;3328032;3328040;3328041;3328042;3328043;3328044;3328045;3328046;3328127;3328129;3328130;3328131;3328132;3339378;3394294;3328126,Not Available,BROOKLYN,No,Multifamily Housing,Not Available,Ok,Not Available,Not Available,VAN DYKE I/VAN DYKE II-Not Available
Not Available,Not Available,0,Not Available,Not Available,Not Available,Not Available,Not Available,Not Available,Not Available,Not Available,Not Available,Not Available,,Yes,50,Not Available,No,Not Available,Not Available,Not Available,Not Available,40.879338,Not Available,0,0,Not Available,Not Available,Not Available,Not Available,Not Available,Not Available,Ok,65,Not Available,Not Available,Not Available,Not Available,Not Available,Not Available,Not Available,Not Available,6998548.3,Not Available,Not Available,Not Available,Not Available,Not Available,Not Available,Bronx,55000,Not Available,Not Available,Not Available,0,100,Not Available,Not Available,2.47273,Unable to Check (not enough data),0,4961870.2,Not Available,Ok,2018213,Not Available,BRONX,No,Multifamily Housing,Not Available,Ok,Not Available,Not Available,282 Gun Hill Road-Not Available
Not Available,Not Available,Not Available,Not Available,Not Available,Not Available,Not Available,Not Available,Not Available,Not Available,Not Available,Not Available,Not Available,,No,50,Not Available,No,Not Available,Not Available,Not Available,Not Available,40.817685,Not Available,Not Available,0,0,Not Available,Not Available,Not Available,Not Available,0,Ok,Not Available,Not Available,Not Available,Not Available,Not Available,Not Available,Not Available,Not Available,177000,2575695.5,Not Available,Not Available,Not Available,Not Available,Not Available,Not Available,Bronx,Not Available,Not Available,Not Available,Not Available,Not Available,Not Available,Not Available,Not Available,Not Available,Unable to Check (not enough data),0,1188534.6,Not Available,Ok,2001173,Not Available,BRONX,No,Retail Store,Not Available,Ok,Not Available,Not Available,2948 3 Ave-Not Available
Not Available,Not Available,Not Available,Not Available,Not Available,Not Available,Not Available,Not Available,Not Available,Not Available,Not Available,3988.6,Not Available,,No,50,1506,No,Not Available,Not Available,Not Available,Not Available,40.759789,Not Available,Not Available,0,0,Not Available,05/31/2017,Not Available,"2017, 2016",0,Ok,Not Available,6.59043,Not Available,Not Available,Not Available,Not Available,2200,Not Available,28900,68879157.5,Not Available,Not Available,Not Available,2342,Not Available,Not Available,New York,Not Available,Not Available,Not Available,Not Available,Not Available,Not Available,Retail Store,Not Available,Not Available,No,0,29272408.6,Not Available,Not Available,1034517,Not Available,MANHATTAN,No,Office,Not Available,Not Available,Not Available,Not Available,650 Fifth Avenue-Not Available
Not Available,Not Available,0,Not Available,Not Available,483027.7,Not Available,Not Available,Not Available,Not Available,Not Available,Not Available,Not Available,,No,50,Not Available,No,Not Available,Not Available,Not Available,Not Available,40.712014,Not Available,0,0,Not Available,Not Available,Not Available,Not Available,Not Available,Not Available,Ok,22,Not Available,Not Available,Not Available,Not Available,Not Available,Not Available,Not Available,Not Available,10623683.5,Not Available,Not Available,Not Available,Not Available,Not Available,Not Available,Queens,52000,Not Available,Not Available,Not Available,0,100,Not Available,Not Available,1.4,No,0,9012200.6,Not Available,Ok,4210567,Not Available,QUEENS,Yes,Multifamily Housing,Not Available,Possible Issue,Not Available,Not Available,170-49 Cedarcroft Road-Not Available
Not Available,Not Available,109,Not Available,Not Available,Not Available,Not Available,Not Available,Not Available,Not Available,Not Available,13505,Not Available,,Yes,50,Not Available,No,Not Available,Not Available,Not Available,Not Available,,Not Available,0.47419,0,Not Available,Not Available,12/31/2016,Not Available,Not Available,Not Available,Ok,75,Not Available,Not Available,Not Available,Not Available,Not Available,Not Available,Not Available,Not Available,18893676.3,Not Available,Not Available,Not Available,Not Available,Not Available,Not Available,Brooklyn,229865,Not Available,Not Available,Not Available,Not Available,Not Available,Not Available,Not Available,1.4,No,0,11305169.7,Not Available,Ok,3189510,Not Available,,Yes,Multifamily Housing,Not Available,Ok,Not Available,Not Available,2911 West 36th Street-Not Available
Not Available,Not Available,Not Available,Not Available,Not Available,Not Available,Not Available,Not Available,Not Available,56400,Not Available,Not Available,Not Available,,Yes,50,Not Available,No,Not Available,Not Available,Not Available,Not Available,,Not Available,Not Available,0,Not Available,Not Available,Not Available,Not Available,Not Available,Not Available,Ok,Not Available,Not Available,Not Available,Not Available,Not Available,Not Available,Not Available,Not Available,Not Available,5063288.5,Not Available,Not Available,Not Available,Not Available,Not Available,Not Available,Brooklyn,Not Available,Not Available,Not Available,Not Available,Not Available,Not Available,Not Available,Not Available,Not Available,Unable to Check (not enough data),0,3171967.5,Not Available,Ok,3009588,Not Available,,Yes,Non-Refrigerated Warehouse,Not Available,Ok,Not Available,Not Available,Royal Industries-Not Available
Not Available,Not Available,Not Available,Not Available,Not Available,Not Available,Not Available,Not Available,Not Available,Not Available,Not Available,Not Available,Not Available,,No,50,Not Available,No,Not Available,Not Available,Not Available,10565,40.670102,Not Available,Not Available,0,Not Available,Not Available,Not Available,Not Available,Not Available,Not Available,Ok,Not Available,Not Available,Not Available,Not Available,Not Available,Not Available,8010,Not Available,Not Available,Not Available,Not Available,Not Available,Not Available,Not Available,Not Available,Not Available,Brooklyn,Not Available,Not Available,Not Available,Not Available,Not Available,Not Available,Wholesale Club/Supercenter,Not Available,Not Available,Unable to Check (not enough data),0,1361664.2,Not Available,Ok,3398400;3398367,Not Available,BROOKLYN,No,Mixed Use Property,Not Available,Ok,Not Available,Not Available,CC - 250 Utica Avenue-Not Available
Not Available,Not Available,0,Not Available,Not Available,Not Available,Not Available,Not Available,Not Available,Not Available,Not Available,Not Available,Not Available,,No,50,Not Available,No,Not Available,Not Available,Not Available,Not Available,40.762775,Not Available,0,0,Not Available,Not Available,12/31/2012,Not Available,Not Available,Not Available,Ok,65,Not Available,Not Available,Not Available,Not Available,Not Available,Not Available,Not Available,Not Available,13016670.8,Not Available,Not Available,Not Available,Not Available,Not Available,Not Available,Astorea,102044,Not Available,Not Available,Not Available,0,100,Not Available,Not Available,0.95057,No,0,5631632,Not Available,Ok,4540364,Not Available,QUEENS,No,Multifamily Housing,Not Available,Possible Issue,Not Available,Not Available,HRV:  31-72 31st Street-Not Available
Not Available,Not Available,Not Available,Not Available,Not Available,Not Available,Not Available,Not Available,Not Available,Not Available,Not Available,Not Available,Not Available,,No,50,Not Available,No,Not Available,Not Available,Not Available,Not Available,40.668293,Not Available,Not Available,0,Not Available,Not Available,Not Available,Not Available,Not Available,Not Available,Ok,Not Available,Not Available,Not Available,Not Available,Not Available,396,Not Available,Not Available,Not Available,364737171.1,Not Available,Not Available,Not Available,Not Available,Not Available,Not Available,Brooklyn,Not Available,Not Available,Not Available,Not Available,Not Available,Not Available,Not Available,Not Available,Not Available,Unable to Check (not enough data),0,180201582.8,Not Available,Not Available,Not Available,713,BROOKLYN,No,Hospital (General Medical & Surgical),Not Available,Not Available,207,Not Available,New York Presbyterian Brooklyn Methodist Hospital-Not Available
Not Available,Not Available,Not Available,Not Available,Not Available,Not Available,Not Available,Not Available,Not Available,Not Available,Not Available,807.9,Not Available,,Yes,50,100,No,Not Available,Not Available,Not Available,Not Available,40.78466,Not Available,Not Available,0,Not Available,Not Available,05/31/2017,Not Available,Not Available,Not Available,Ok,Not Available,1.43164,Not Available,Not Available,Not Available,Not Available,Not Available,Not Available,Not Available,12471266.1,Not Available,Not Available,Not Available,100,Not Available,Not Available,Whitestone,Not Available,Not Available,Not Available,Not Available,Not Available,Not Available,Not Available,Not Available,Not Available,Yes,0,Not Available,Not Available,Possible Issue,4099028,Not Available,QUEENS,No,Office,Not Available,Ok,Not Available,Not Available,"1616 WSE, LLC-Not Available"
Not Available,Not Available,Not Available,Not Available,Not Available,1555715.2,Not Available,Not Available,Not Available,24000,Not Available,381.8,Not Available,,No,50,132,No,Not Available,Not Available,Not Available,Not Available,40.748771,Not Available,Not Available,0,0,Not Available,12/31/2016,Not Available,Not Available,0,Ok,Not Available,1.94444,Not Available,Not Available,Not Available,Not Available,24000,Not Available,50000,Not Available,Not Available,Not Available,Not Available,105,Not Available,Not Available,New York,Not Available,Not Available,Not Available,Not Available,Not Available,Not Available,Retail Store,Not Available,Not Available,No,0,Not Available,Not Available,Possible Issue,1080604;1080603,Not Available,MANHATTAN,Yes,Mixed Use Property,Not Available,Ok,Not Available,Not Available,Steinberg 110 W 32nd St. And 115 W 31st St.-Not Available
Not Available,Not Available,0,Not Available,Not Available,Not Available,Not Available,Not Available,Not Available,Not Available,Not Available,Not Available,Not Available,,Yes,50,Not Available,No,Not Available,Not Available,Not Available,Not Available,40.668679,Not Available,0,0,Not Available,Not Available,12/31/2015,Not Available,Not Available,Not Available,Ok,0,Not Available,Not Available,Not Available,Not Available,Not Available,Not Available,Not Available,Not Available,7949848.9,Not Available,Not Available,Not Available,Not Available,Not Available,Not Available,Brooklyn,54912,Not Available,Not Available,Not Available,Not Available,100,Not Available,Not Available,1.4,No,0,6020821.1,Not Available,Ok,3037590,Not Available,BROOKLYN,Yes,Multifamily Housing,Not Available,Ok,Not Available,Not Available,1196 Eastern Holding LLC-Not Available
Not Available,Not Available,Not Available,Not Available,Not Available,Not Available,Not Available,Not Available,100,Not Available,Not Available,Not Available,Not Available,,No,50,Not Available,No,Not Available,Not Available,Not Available,Not Available,40.68386,Not Available,Not Available,Not Available,Not Available,Not Available,Not Available,Not Available,Not Available,Not Available,Ok,Not Available,Not Available,Not Available,Not Available,Not Available,Not Available,Not Available,Not Available,Not Available,Not Available,Not Available,Not Available,24.8,Not Available,Not Available,Not Available,South Ozone Park,Not Available,Not Available,Not Available,Not Available,Not Available,Not Available,Not Available,Not Available,Not Available,Unable to Check (not enough data),Not Available,Not Available,Not Available,Not Available,Not Available,Not Available,QUEENS,Yes,Hotel,Not Available,Not Available,Not Available,Not Available,View Inn and Suites JFK-Not Available
Not Available,Not Available,Not Available,Not Available,Not Available,Not Available,Not Available,Not Available,Not Available,Not Available,Not Available,1002.4,Not Available,,Yes,50,Not Available,No,Not Available,Not Available,Not Available,Not Available,40.754952,Not Available,Not Available,0,Not Available,Not Available,12/31/2016,Not Available,Not Available,Not Available,Ok,Not Available,Not Available,Not Available,Not Available,Not Available,Not Available,Not Available,Not Available,Not Available,Not Available,Not Available,Not Available,Not Available,Not Available,Not Available,Not Available,New York,Not Available,Not Available,Not Available,Not Available,Not Available,Not Available,Not Available,Not Available,Not Available,No,0,5991835.4,Not Available,Ok,1014471,Not Available,MANHATTAN,No,Manufacturing/Industrial Plant,Not Available,Ok,Not Available,Not Available,580 Realty Corp.-Not Available
Not Available,Not Available,0,Not Available,Not Available,Not Available,Not Available,Not Available,Not Available,Not Available,Not Available,Not Available,Not Available,,No,50,Not Available,No,Not Available,Not Available,Not Available,Not Available,40.798464,Not Available,0,0,Not Available,Not Available,Not Available,Not Available,Not Available,Not Available,Ok,0,Not Available,Not Available,Not Available,Not Available,Not Available,Not Available,Not Available,Not Available,6828272.7,Not Available,Not Available,Not Available,Not Available,Not Available,Not Available,NY,47800,Not Available,Not Available,Not Available,Not Available,Not Available,Not Available,Not Available,1.4,Unable to Check (not enough data),0,5631931.2,Not Available,Ok,1056498,Not Available,MANHATTAN,Yes,Multifamily Housing,Not Available,Ok,Not Available,Not Available,840 West End Avenue LLC-Not Available
Not Available,359210,Not Available,358,Not Available,Not Available,Not Available,359210,Not Available,Not Available,Not Available,3747.4,Not Available,,Yes,50,Not Available,No,Not Available,Not Available,Not Available,Not Available,40.759558,0,Not Available,0,Not Available,Not Available,03/31/2017,Not Available,Not Available,Not Available,Ok,Not Available,Not Available,Not Available,Not Available,Not Available,Not Available,Not Available,Not Available,Not Available,31483111.8,Not Available,Not Available,Not Available,Not Available,Not Available,358,New York,Not Available,Not Available,Not Available,Not Available,Not Available,Not Available,Data Center,Not Available,Not Available,No,0,12510529.4,Not Available,Ok,1035731,Not Available,MANHATTAN,No,Financial Office,N,Ok,Not Available,119500,Santander Bank New York Building-Not Available
Not Available,Not Available,Not Available,Not Available,Not Available,Not Available,Not Available,Not Available,Not Available,Not Available,Not Available,1565.7,Not Available,,No,50,Not Available,No,Not Available,Not Available,Not Available,Not Available,40.736046,Not Available,Not Available,0,Not Available,Not Available,04/30/2017,Not Available,Not Available,Not Available,Ok,Not Available,Not Available,Not Available,Not Available,Not Available,Not Available,Not Available,Not Available,Not Available,Not Available,Not Available,Not Available,Not Available,Not Available,Not Available,Not Available,New York,Not Available,Not Available,Not Available,Not Available,Not Available,Not Available,Not Available,Not Available,Not Available,No,0,13810262.7,Not Available,Ok,Not Available,Not Available,MANHATTAN,No,College/University,Not Available,Ok,Not Available,Not Available,Arnhold Hall-Not Available
Not Available,Not Available,Not Available,Not Available,Not Available,Not Available,Not Available,Not Available,Not Available,71475,Not Available,1224.6,Not Available,,No,50,52,No,Not Available,Not Available,Not Available,Not Available,40.652612,Not Available,Not Available,0,Not Available,Not Available,12/31/2016,Not Available,Not Available,Not Available,Ok,Not Available,2.70445,Not Available,Not Available,Not Available,Not Available,3272,Not Available,Not Available,15274758.5,Not Available,Not Available,Not Available,67,Not Available,Not Available,Jamaica,Not Available,Not Available,Not Available,Not Available,Not Available,Not Available,Office,Not Available,Not Available,No,0,Not Available,Not Available,Possible Issue,4853217,Not Available,QUEENS,No,Non-Refrigerated Warehouse,Not Available,Ok,Not Available,Not Available,Prologis LOG-A 230-19 Rockaway Blvd.-Not Available
Not Available,Not Available,6019,Not Available,Not Available,0,Not Available,Not Available,Not Available,Not Available,Not Available,6771.8,Not Available,55.0,Yes,50,Not Available,No,Not Available,Not Available,Not Available,Not Available,40.725076,Not Available,1.1253,0,Not Available,Not Available,12/31/2016,Not Available,Not Available,Not Available,Ok,0,Not Available,Not Available,Not Available,Not Available,Not Available,Not Available,Not Available,Not Available,1127795359,Not Available,Not Available,Not Available,Not Available,Not Available,Not Available,MANHATTAN,5348775,Not Available,Not Available,Not Available,0,90,Not Available,Not Available,2.42915,No,0,847002774.7,Not Available,Ok,1077504;1077538;1077539;1077540;1077541;1077543;1077544;1077545;1077546;1077547;1077548;1077549;1077550;1077507;1077551;1077552;1077553;1077554;1077555;1077896;1078045;1078046;1078047;1078048;1078049;1078050;1078051;1078052;1078053;1078054;1078055;1078056;1078057;1078058;1078059;1085575;1078027;1078028;1078029;1078030;1078031;1078032;1078033;1078034;1078035;1078036;1078037;1078038;1078039;1078040;1078041;1078042;1083421;1087112;1078043,Not Available,MANHATTAN,No,Multifamily Housing,Not Available,Ok,Not Available,Not Available,RIIS/RIIS II/WALD/BARUCH/BARUCH HOUSES ADDITION CAMPUS-Not Available
Not Available,Not Available,0,Not Available,Not Available,1927561.3,Not Available,Not Available,Not Available,Not Available,Not Available,1873.9,Not Available,,No,50,Not Available,No,Not Available,Not Available,Not Available,Not Available,40.776501,Not Available,0,0,Not Available,Not Available,12/31/2016,Not Available,Not Available,Not Available,Ok,16,Not Available,Not Available,Not Available,Not Available,Not Available,Not Available,Not Available,Not Available,4058224.6,Not Available,Not Available,Not Available,Not Available,Not Available,Not Available,Manhattan,51000,Not Available,Not Available,Not Available,0,100,Not Available,Not Available,1.47059,No,0,Not Available,Not Available,Possible Issue,1085655,Not Available,MANHATTAN,No,Multifamily Housing,Not Available,Ok,Not Available,Not Available,Vanderbilt 420 E 86th St.-Not Available
Not Available,Not Available,Not Available,Not Available,Not Available,Not Available,Not Available,Not Available,Not Available,Not Available,Not Available,10481.7,Not Available,,No,50,Not Available,No,Not Available,Not Available,Not Available,Not Available,40.752162,Not Available,Not Available,0,Not Available,Not Available,12/31/2016,Not Available,Not Available,Not Available,Ok,Not Available,Not Available,Not Available,Not Available,Not Available,Not Available,Not Available,Not Available,Not Available,Not Available,Not Available,Not Available,Not Available,Not Available,Not Available,Not Available,Queens,Not Available,Not Available,Not Available,Not Available,Not Available,Not Available,Not Available,Not Available,Not Available,No,0,2203606.1,Not Available,Not Available,4004868,Not Available,QUEENS,No,Residential Care Facility,Not Available,Not Available,Not Available,Not Available,Pam's Place-Not Available
Not Available,Not Available,108,Not Available,Not Available,Not Available,Not Available,Not Available,Not Available,Not Available,Not Available,Not Available,Not Available,,No,50,Not Available,No,Not Available,Not Available,Not Available,Not Available,40.575856,Not Available,0.62812,0,Not Available,Not Available,Not Available,Not Available,Not Available,Not Available,Ok,0,Not Available,Not Available,Not Available,Not Available,Not Available,Not Available,Not Available,Not Available,17094410.1,Not Available,Not Available,Not Available,Not Available,Not Available,Not Available,Brooklyn,171942,Not Available,Not Available,Not Available,1,100,Not Available,Not Available,0.87239,Unable to Check (not enough data),0,9426094.9,Not Available,Not Available,3387622,Not Available,BROOKLYN,No,Multifamily Housing,Not Available,Not Available,Not Available,Not Available,Taube Management Realty : 125 Oceana Drive East-Not Available
Not Available,Not Available,Not Available,Not Available,Not Available,Not Available,Not Available,Not Available,Not Available,Not Available,Not Available,13224.2,Not Available,,Yes,50,Not Available,Yes,Not Available,Not Available,Not Available,Not Available,40.732131,Not Available,Not Available,0,Not Available,Not Available,01/31/2017,Not Available,Not Available,Not Available,Ok,Not Available,Not Available,Not Available,Not Available,Not Available,182.2,Not Available,Not Available,Not Available,99616388.9,Not Available,Not Available,Not Available,Not Available,Not Available,Not Available,New York,Not Available,Not Available,Not Available,Not Available,Not Available,Not Available,Not Available,Not Available,Not Available,No,0,52030487,Not Available,Ok,1006511,69,MANHATTAN,Yes,Hospital (General Medical & Surgical),Not Available,Ok,95.3,Not Available,NYEEI North Bldg-100% Yes
Not Available,Not Available,0,Not Available,Not Available,55501533.2,Not Available,Not Available,Not Available,Not Available,Not Available,Not Available,Not Available,31.0,Yes,50,Not Available,No,Not Available,Not Available,Not Available,Not Available,40.818411,Not Available,0,0,Not Available,Not Available,Not Available,Not Available,Not Available,Not Available,Ok,822,Not Available,Not Available,Not Available,Not Available,Not Available,Not Available,Not Available,Not Available,275086832.8,Not Available,Not Available,Not Available,Not Available,Not Available,Not Available,BRONX,1284280,Not Available,Not Available,Not Available,Not Available,90,Not Available,Not Available,1.9217,Unable to Check (not enough data),0,210082635.3,Not Available,Ok,2091468;2091469;2091471;2091472;2091473;2091474;2091475;2091476;2091477;2091478;2091479;2091480;2091482;2091483;2091484;2091485;2091486;2091487;2093883;2093884;2093885;2093886;2093887;2093888;2093889;2093890;2093891;2093892;2093893;2112983;2112984,Not Available,BRONX,No,Multifamily Housing,Not Available,Ok,Not Available,Not Available,THROGGS NECK-Not Available
Not Available,Not Available,0,Not Available,Not Available,Not Available,Not Available,Not Available,Not Available,Not Available,Not Available,Not Available,Not Available,,No,50,Not Available,No,Not Available,Not Available,Not Available,Not Available,40.682183,Not Available,0,0,Not Available,Not Available,Not Available,Not Available,Not Available,Not Available,Ok,46,Not Available,Not Available,Not Available,Not Available,Not Available,Not Available,Not Available,Not Available,7129061.7,Not Available,Not Available,Not Available,Not Available,Not Available,Not Available,Brooklyn,77452,Not Available,7000,Not Available,93,90,Parking,Not Available,1.31694,Unable to Check (not enough data),0,6366203.3,Not Available,Ok,3420463,Not Available,BROOKLYN,Yes,Multifamily Housing,Not Available,Ok,Not Available,Not Available,REA00482F 482 Franklin Ave-Not Available
Not Available,Not Available,0,Not Available,Not Available,Not Available,Not Available,Not Available,Not Available,Not Available,Not Available,6192.7,Not Available,,No,50,Not Available,No,Not Available,Not Available,Not Available,Not Available,40.691631,Not Available,0,0,Not Available,Not Available,12/31/2016,Not Available,Not Available,Not Available,Ok,42,Not Available,Not Available,Not Available,Not Available,Not Available,Not Available,Not Available,Not Available,3043262.4,Not Available,Not Available,Not Available,Not Available,Not Available,Not Available,Brooklyn,73673,Not Available,Not Available,Not Available,63,100,Not Available,Not Available,2.37536,No,0,1891749.2,Not Available,Ok,3392429;3826915;3826913;3826912;3826911,Not Available,BROOKLYN,No,Multifamily Housing,Not Available,Ok,Not Available,Not Available,222 Skillman-Not Available
Not Available,Not Available,Not Available,Not Available,Not Available,Not Available,Not Available,Not Available,Not Available,Not Available,Not Available,Not Available,Not Available,,No,50,Not Available,No,Not Available,Not Available,Not Available,Not Available,40.784999,Not Available,Not Available,0,Not Available,Not Available,Not Available,Not Available,Not Available,Not Available,Ok,Not Available,Not Available,Not Available,Not Available,Not Available,Not Available,Not Available,Not Available,Not Available,20772735.6,Not Available,Not Available,Not Available,Not Available,Not Available,Not Available,New York,Not Available,Not Available,Not Available,Not Available,Not Available,Not Available,Not Available,Not Available,Not Available,Unable to Check (not enough data),0,9277473.1,Not Available,Ok,1083912;1047038,Not Available,MANHATTAN,No,K-12 School,Not Available,Ok,Not Available,Not Available,The Nightingale Bamford School-Not Available
Not Available,Not Available,Not Available,Not Available,Not Available,Not Available,Not Available,Not Available,Not Available,Not Available,Not Available,1471.8,Not Available,,Yes,50,Not Available,No,Not Available,Not Available,Not Available,Not Available,40.754746,Not Available,Not Available,0,Not Available,Not Available,12/31/2016,Not Available,Not Available,Not Available,Ok,Not Available,Not Available,Not Available,Not Available,Not Available,Not Available,Not Available,Not Available,Not Available,Not Available,Not Available,Not Available,Not Available,Not Available,Not Available,Not Available,New York,Not Available,Not Available,Not Available,Not Available,Not Available,Not Available,Not Available,Not Available,Not Available,No,0,5730954.2,Not Available,Ok,1014498,Not Available,MANHATTAN,No,Manufacturing/Industrial Plant,Not Available,Ok,Not Available,Not Available,251 West 39th Street Realty-Not Available
Not Available,Not Available,0,Not Available,Not Available,Not Available,Not Available,Not Available,Not Available,Not Available,Not Available,10,Not Available,,Yes,50,Not Available,No,Not Available,Not Available,Not Available,Not Available,40.631783,Not Available,0,0,Not Available,Not Available,12/31/2016,Not Available,Not Available,Not Available,Ok,18,Not Available,Not Available,Not Available,Not Available,Not Available,Not Available,Not Available,Not Available,6873863.6,Not Available,Not Available,Not Available,Not Available,Not Available,Not Available,Brooklyn,65917,Not Available,Not Available,Not Available,0,100,Not Available,Not Available,0.53097,Yes,0,Not Available,Not Available,Possible Issue,3127827,Not Available,BROOKLYN,Yes,Multifamily Housing,Not Available,Ok,Not Available,Not Available,BRG 679 Ocean Parkway LLC-Not Available
Not Available,Not Available,0,Not Available,Not Available,0,Not Available,Not Available,Not Available,Not Available,Not Available,Not Available,Not Available,35.0,Yes,50,Not Available,No,Not Available,Not Available,Not Available,Not Available,40.594125,Not Available,0,0,Not Available,Not Available,Not Available,Not Available,Not Available,Not Available,Ok,2146,Not Available,Not Available,Not Available,Not Available,Not Available,Not Available,Not Available,Not Available,446210385.7,Not Available,Not Available,Not Available,Not Available,Not Available,Not Available,BROOKLYN,2104000,Not Available,Not Available,Not Available,0,90,Not Available,Not Available,2.01473,Unable to Check (not enough data),0,343333517.1,Not Available,Ok,3320775;3320776;3320777;3320778;3320779;3320780;3320781;3320782;3320783;3345785;3345786;3345787;3345788;3345789;3345791;3345792;3345793;3334399;3337289;3337294;3337295;3337297;3337299;3337300;3337302;3337303;3337305;3344548;3344549;3344550;3344551;3344552;3344553;3344554;3344555,Not Available,BROOKLYN,No,Multifamily Housing,Not Available,Ok,Not Available,Not Available,SHEEPSHEAD BAY/NOSTRAND CAMPUS-Not Available
Not Available,Not Available,0,Not Available,Not Available,Not Available,Not Available,Not Available,Not Available,Not Available,Not Available,Not Available,Not Available,,Yes,50,Not Available,No,Not Available,Not Available,Not Available,Not Available,40.80386,Not Available,0,0,Not Available,Not Available,09/30/2017,Not Available,Not Available,Not Available,Ok,8,Not Available,Not Available,Not Available,Not Available,Not Available,Not Available,Not Available,Not Available,Not Available,Not Available,Not Available,Not Available,Not Available,Not Available,Not Available,New York,9000,Not Available,Not Available,Not Available,0,100,Not Available,Not Available,1.77778,No,0,152879.5,Not Available,Not Available,1058372,Not Available,MANHATTAN,No,Multifamily Housing,Not Available,Not Available,Not Available,Not Available,"133 EQUITIES, LLC - 235 West 116th Street-Not Available"
Not Available,Not Available,0,Not Available,Not Available,Not Available,Not Available,Not Available,Not Available,Not Available,Not Available,2475.6,Not Available,,No,50,Not Available,No,Not Available,Not Available,Not Available,Not Available,40.629371,Not Available,0,0,Not Available,Not Available,12/31/2016,Not Available,Not Available,Not Available,Ok,0,Not Available,Not Available,Not Available,Not Available,Not Available,Not Available,Not Available,Not Available,6275315.1,Not Available,Not Available,Not Available,Not Available,Not Available,Not Available,Brooklyn,70560,Not Available,Not Available,Not Available,Not Available,100,Not Available,Not Available,1.4,Yes,0,Not Available,Not Available,Possible Issue,3206388,Not Available,BROOKLYN,Yes,Multifamily Housing,Not Available,Ok,Not Available,Not Available,Kings Realty-Not Available
Not Available,Not Available,Not Available,Not Available,Not Available,Not Available,Not Available,Not Available,Not Available,Not Available,Not Available,Not Available,Not Available,,Yes,50,Not Available,No,Not Available,Not Available,Not Available,Not Available,40.877795,Not Available,Not Available,0,Not Available,Not Available,Not Available,Not Available,Not Available,Not Available,Ok,Not Available,Not Available,Not Available,Not Available,Not Available,Not Available,Not Available,Not Available,Not Available,Not Available,Not Available,Not Available,Not Available,Not Available,Not Available,Not Available,Bronx,Not Available,Not Available,Not Available,Not Available,Not Available,Not Available,Not Available,Not Available,Not Available,Unable to Check (not enough data),0,8497005.1,Not Available,Ok,2124371,Not Available,BRONX,No,Strip Mall,Not Available,Ok,Not Available,Not Available,Broadway Plaza-Not Available
Not Available,Not Available,Not Available,Not Available,Not Available,Not Available,Not Available,Not Available,Not Available,120000,Not Available,Not Available,Not Available,,No,50,Not Available,No,Not Available,Not Available,Not Available,Not Available,40.747407,Not Available,Not Available,0,Not Available,Not Available,03/31/2016,Not Available,Not Available,Not Available,Ok,Not Available,Not Available,Not Available,Not Available,Not Available,Not Available,Not Available,Not Available,Not Available,Not Available,Not Available,Not Available,Not Available,Not Available,Not Available,Not Available,New York,Not Available,Not Available,Not Available,Not Available,Not Available,Not Available,Not Available,Not Available,Not Available,No,0,741010.5,Not Available,Ok,1012310,Not Available,MANHATTAN,No,Non-Refrigerated Warehouse,Not Available,Possible Issue,Not Available,Not Available,510 West 22nd Street-Not Available
Not Available,Not Available,Not Available,Not Available,Not Available,Not Available,Not Available,Not Available,Not Available,47642,Not Available,Not Available,Not Available,,No,50,42,No,Not Available,Not Available,Not Available,Not Available,40.809671,Not Available,Not Available,0,Not Available,Not Available,Not Available,Not Available,Not Available,Not Available,Ok,Not Available,6.2069,Not Available,Not Available,Not Available,Not Available,5800,Not Available,Not Available,23633425,Not Available,Not Available,Not Available,36,Not Available,Not Available,Bronx,Not Available,Not Available,Not Available,Not Available,Not Available,Not Available,Refrigerated Warehouse,Not Available,Not Available,Unable to Check (not enough data),0,8577605.3,Not Available,Ok,2004170,Not Available,BRONX,Yes,Non-Refrigerated Warehouse,Not Available,Ok,Not Available,Not Available,Victory Food Service - 515 Truxton St-Not Available
Not Available,Not Available,92,Not Available,Not Available,Not Available,Not Available,Not Available,Not Available,Not Available,Not Available,219,Not Available,,Yes,50,Not Available,No,Not Available,Not Available,Not Available,Not Available,40.802802,Not Available,1.0831,0,Not Available,Not Available,12/31/2016,Not Available,Not Available,Not Available,Ok,0,Not Available,Not Available,Not Available,Not Available,Not Available,Not Available,Not Available,Not Available,15755395.2,Not Available,Not Available,Not Available,Not Available,Not Available,Not Available,New York,84941,Not Available,Not Available,Not Available,0,10,Not Available,Not Available,2.15444,No,0,11390544.7,Not Available,Ok,1054408,Not Available,MANHATTAN,No,Multifamily Housing,Not Available,Ok,Not Available,Not Available,Renaissance Realty - 114 East 122 Street-Not Available
Not Available,Not Available,Not Available,Not Available,Not Available,Not Available,Not Available,Not Available,Not Available,86937,Not Available,Not Available,Not Available,,No,50,Not Available,No,Not Available,Not Available,Not Available,Not Available,40.747372,Not Available,Not Available,0,Not Available,Not Available,Not Available,Not Available,Not Available,Not Available,Ok,Not Available,Not Available,Not Available,Not Available,Not Available,Not Available,Not Available,Not Available,Not Available,Not Available,Not Available,Not Available,Not Available,Not Available,Not Available,Not Available,Queens,Not Available,Not Available,Not Available,Not Available,Not Available,Not Available,Not Available,Not Available,Not Available,Unable to Check (not enough data),0,296361.8,Not Available,Ok,4439038,Not Available,QUEENS,No,Non-Refrigerated Warehouse,Not Available,Ok,Not Available,Not Available,45-40 Vernon Boulevard-Not Available
Not Available,Not Available,0,Not Available,Not Available,Not Available,Not Available,Not Available,Not Available,Not Available,Not Available,Not Available,Not Available,,Yes,50,Not Available,No,Not Available,Not Available,Not Available,Not Available,40.75557,Not Available,0,0,Not Available,Not Available,Not Available,Not Available,Not Available,Not Available,Ok,0,Not Available,Not Available,Not Available,Not Available,Not Available,Not Available,Not Available,Not Available,8135238.9,Not Available,Not Available,Not Available,Not Available,Not Available,Not Available,Jackson Heights,33830,Not Available,Not Available,Not Available,Not Available,Not Available,Not Available,Not Available,1.4,Unable to Check (not enough data),0,4777710.5,Not Available,Ok,4440874,Not Available,QUEENS,Yes,Multifamily Housing,Not Available,Ok,Not Available,Not Available,82-10 Northern Blvd-Not Available
Not Available,Not Available,0,Not Available,Not Available,Not Available,Not Available,Not Available,Not Available,Not Available,Not Available,7343.6,Not Available,,Yes,50,Not Available,No,Not Available,Not Available,Not Available,Not Available,40.724422,Not Available,0,0,Not Available,Not Available,12/31/2016,Not Available,Not Available,Not Available,Ok,90,Not Available,Not Available,Not Available,Not Available,Not Available,Not Available,Not Available,Not Available,31135726.4,Not Available,Not Available,Not Available,Not Available,Not Available,Not Available,New York,123500,Not Available,Not Available,Not Available,Not Available,0,Not Available,Not Available,0.87449,No,0,14381193.8,Not Available,Ok,1087698,Not Available,MANHATTAN,No,Multifamily Housing,Not Available,Ok,Not Available,Not Available,NY021_Avalon Bowery Place II-Not Available
Not Available,Not Available,0,Not Available,Not Available,Not Available,Not Available,Not Available,Not Available,Not Available,Not Available,3116.4,Not Available,,No,50,Not Available,No,Not Available,Not Available,Not Available,Not Available,40.73937,Not Available,0,0,Not Available,Not Available,12/31/2016,Not Available,Not Available,Not Available,Ok,68,Not Available,Not Available,Not Available,Not Available,Not Available,Not Available,Not Available,Not Available,6994312.2,Not Available,Not Available,Not Available,Not Available,Not Available,Not Available,New York,63500,Not Available,Not Available,Not Available,0,100,Not Available,Not Available,1.40158,No,0,4633482.2,Not Available,Ok,1014571,Not Available,MANHATTAN,No,Multifamily Housing,Not Available,Ok,Not Available,Not Available,Buchbinder: 160 W 16th St-Not Available
Not Available,Not Available,0,Not Available,Not Available,Not Available,Not Available,Not Available,Not Available,Not Available,Not Available,Not Available,Not Available,,No,50,Not Available,No,Not Available,Not Available,Not Available,Not Available,40.691391,Not Available,0,0,Not Available,Not Available,12/31/2012,Not Available,Not Available,Not Available,Ok,133,Not Available,Not Available,Not Available,Not Available,Not Available,1200,Not Available,Not Available,Not Available,Not Available,Not Available,Not Available,Not Available,Not Available,Not Available,Jamaica,233436,Not Available,Not Available,Not Available,0,100,Other,Not Available,1.79064,No,0,Not Available,Not Available,Possible Issue,4435291,Not Available,QUEENS,No,Multifamily Housing,Not Available,Possible Issue,Not Available,Not Available,RAJRAJ11204 112-04 167th St.-Not Available
Not Available,Not Available,Not Available,Not Available,Not Available,Not Available,Not Available,Not Available,90,Not Available,Not Available,3527.1,Not Available,,No,50,Not Available,No,Not Available,Not Available,Not Available,Not Available,40.753298,Not Available,Not Available,0,Not Available,Not Available,12/31/2016,Not Available,Not Available,Not Available,Ok,Not Available,Not Available,Not Available,Not Available,Not Available,Not Available,Not Available,Not Available,Not Available,17605824.6,Not Available,Not Available,1.96648,Not Available,Not Available,Not Available,Long island City,Not Available,Not Available,Not Available,Not Available,Not Available,Not Available,Not Available,Not Available,Not Available,No,0,Not Available,Not Available,Possible Issue,4538549,Not Available,QUEENS,No,Hotel,Not Available,Ok,Not Available,Not Available,Ferruqui 39-05 29th st.-Not Available
Not Available,Not Available,0,Not Available,Not Available,Not Available,Not Available,Not Available,Not Available,Not Available,Not Available,7843,Not Available,,Yes,50,Not Available,No,Not Available,Not Available,Not Available,Not Available,40.675098,Not Available,0,0,Not Available,Not Available,12/31/2016,Not Available,Not Available,Not Available,Ok,125,Not Available,Not Available,Not Available,Not Available,Not Available,Not Available,Not Available,Not Available,13793895.1,Not Available,Not Available,Not Available,Not Available,Not Available,Not Available,Brooklyn,155586,Not Available,Not Available,Not Available,0,100,Not Available,Not Available,1.60683,No,0,10655587,Not Available,Ok,3030730,Not Available,BROOKLYN,No,Multifamily Housing,Not Available,Ok,Not Available,Not Available,North 751 Realty Corp 2-Not Available
Not Available,Not Available,Not Available,Not Available,Not Available,Not Available,Not Available,Not Available,Not Available,Not Available,Not Available,Not Available,Not Available,,No,50,150,No,Not Available,Not Available,Not Available,Not Available,40.746335,Not Available,Not Available,0,Not Available,Not Available,Not Available,Not Available,Not Available,Not Available,Ok,Not Available,1.12406,Not Available,Not Available,Not Available,Not Available,Not Available,Not Available,Not Available,10537132.4,Not Available,Not Available,Not Available,100,Not Available,Not Available,Manhattan,Not Available,Not Available,Not Available,Not Available,Not Available,Not Available,Not Available,Not Available,Not Available,No,0,3479969.5,Not Available,Not Available,1017000,Not Available,MANHATTAN,Yes,Office,Not Available,Not Available,Not Available,Not Available,148 Madison Avenue-Not Available
Not Available,Not Available,0,Not Available,Not Available,Not Available,Not Available,Not Available,Not Available,Not Available,Not Available,Not Available,Not Available,5.0,Yes,50,Not Available,No,Not Available,Not Available,Not Available,Not Available,40.668843,Not Available,0,0,Not Available,Not Available,Not Available,Not Available,Not Available,Not Available,Ok,229,Not Available,Not Available,Not Available,Not Available,Not Available,Not Available,Not Available,Not Available,19812345.5,Not Available,Not Available,Not Available,Not Available,Not Available,Not Available,BROOKLYN,253750,Not Available,Not Available,Not Available,Not Available,90,Not Available,Not Available,1.84039,Unable to Check (not enough data),0,Not Available,Not Available,Possible Issue,3084282;3328033;3328034;3328050;3328051,Not Available,BROOKLYN,No,Multifamily Housing,Not Available,Ok,Not Available,Not Available,LONG ISLAND BAPTIST HOUSES-Not Available
Not Available,Not Available,1114,Not Available,Not Available,0,Not Available,Not Available,Not Available,Not Available,Not Available,Not Available,Not Available,19.0,No,50,Not Available,No,Not Available,Not Available,Not Available,Not Available,40.79612,Not Available,0.74382,0,Not Available,Not Available,Not Available,Not Available,Not Available,Not Available,Ok,372,Not Available,Not Available,Not Available,Not Available,Not Available,Not Available,Not Available,Not Available,182353411.1,Not Available,Not Available,Not Available,Not Available,Not Available,Not Available,MANHATTAN,1497670,Not Available,Not Available,Not Available,Not Available,90,Not Available,Not Available,2.15935,Unable to Check (not enough data),0,185179916.7,Not Available,Ok,1052513;1080703;1080704;1080705;1080706;1080707;1080708;1080709;1081086;1081087;1081088;1081089;1081090;1081091;1081092;1081093;1081094;1081095;1081096,Not Available,MANHATTAN,No,Multifamily Housing,Not Available,Ok,Not Available,Not Available,JEFFERSON-Not Available
Not Available,Not Available,0,Not Available,Not Available,Not Available,Not Available,Not Available,Not Available,Not Available,Not Available,2607.1,Not Available,,No,50,Not Available,No,Not Available,Not Available,Not Available,Not Available,40.772025,Not Available,0,0,Not Available,Not Available,12/31/2016,Not Available,Not Available,Not Available,Ok,16,Not Available,Not Available,Not Available,Not Available,Not Available,Not Available,Not Available,Not Available,9740262.3,Not Available,Not Available,Not Available,Not Available,Not Available,Not Available,New York,82230,Not Available,Not Available,Not Available,0,Not Available,Not Available,Not Available,1.39998,No,0,Not Available,Not Available,Ok,1028139,Not Available,MANHATTAN,Yes,Multifamily Housing,Not Available,Ok,Not Available,Not Available,Sierra Real Estate Touro College-Not Available
Not Available,Not Available,33,Not Available,Not Available,Not Available,Not Available,Not Available,Not Available,Not Available,Not Available,Not Available,Not Available,,Yes,50,0,No,Not Available,Not Available,Not Available,Not Available,40.739965,Not Available,0.38057,0,0,Not Available,Not Available,Not Available,Not Available,0,Ok,0,0,Not Available,Not Available,Not Available,Not Available,3700,Not Available,3700,Not Available,Not Available,Not Available,Not Available,0,Not Available,Not Available,Manhattan,86713,Not Available,Not Available,Not Available,33,100,Office,Not Available,1.01484,Unable to Check (not enough data),0,13298503.1,Not Available,Ok,1016227,Not Available,MANHATTAN,No,Multifamily Housing,Not Available,Ok,Not Available,Not Available,"141-147 5th Avenue, New York-Not Available"
Not Available,Not Available,92,Not Available,Not Available,Not Available,Not Available,Not Available,Not Available,Not Available,Not Available,8911.5,Not Available,,Yes,50,Not Available,No,Not Available,Not Available,Not Available,Not Available,40.767988,Not Available,0.65518,0,Not Available,Not Available,12/31/2016,Not Available,Not Available,Not Available,Ok,0,Not Available,Not Available,Not Available,Not Available,Not Available,Not Available,Not Available,Not Available,11871528.6,Not Available,Not Available,Not Available,Not Available,Not Available,Not Available,New York,140420,Not Available,Not Available,Not Available,40,90,Not Available,Not Available,0.89375,Yes,0,7490812.9,Not Available,Not Available,1043923,Not Available,MANHATTAN,No,Multifamily Housing,Not Available,Not Available,Not Available,Not Available,225 E 70-Not Available
Not Available,Not Available,1853,Not Available,Not Available,0,Not Available,Not Available,Not Available,Not Available,Not Available,Not Available,Not Available,16.0,Yes,50,Not Available,No,Not Available,Not Available,Not Available,Not Available,40.795701,Not Available,0.83402,0,Not Available,Not Available,Not Available,Not Available,Not Available,Not Available,Ok,203,Not Available,Not Available,Not Available,Not Available,Not Available,Not Available,Not Available,Not Available,345128870.7,Not Available,Not Available,Not Available,Not Available,Not Available,Not Available,MANHATTAN,2221782,Not Available,Not Available,Not Available,0,90,Not Available,Not Available,1.86157,Unable to Check (not enough data),0,Not Available,Not Available,Possible Issue,1079365;1079375;1079388;1081297;1081298;1081299;1081300;1081301;1081302;1083820;1079336;1079347;1079350;1079356;1079408;1079419,Not Available,MANHATTAN,No,Multifamily Housing,Not Available,Ok,Not Available,Not Available,DOUGLASS I/DOUGLASS II CAMPUS-Not Available
Not Available,Not Available,0,Not Available,Not Available,Not Available,Not Available,Not Available,Not Available,Not Available,Not Available,10447,Not Available,,Yes,50,Not Available,No,Not Available,Not Available,Not Available,Not Available,40.664737,Not Available,0,0,Not Available,Not Available,12/31/2016,Not Available,Not Available,Not Available,Ok,68,Not Available,Not Available,Not Available,Not Available,Not Available,Not Available,Not Available,Not Available,8579664.3,Not Available,Not Available,Not Available,Not Available,Not Available,Not Available,brooklyn,84000,Not Available,7000,Not Available,0,100,Parking,Not Available,1.61905,No,0,5113764.8,Not Available,Ok,3414173,Not Available,BROOKLYN,Yes,Multifamily Housing,Not Available,Ok,Not Available,Not Available,ENY Plaza LLC-Not Available
Not Available,Not Available,Not Available,Not Available,Not Available,Not Available,Not Available,Not Available,Not Available,Not Available,Not Available,Not Available,Not Available,,No,50,Not Available,No,Not Available,Not Available,Not Available,Not Available,40.671837,Not Available,Not Available,0,Not Available,Not Available,Not Available,Not Available,Not Available,Not Available,Ok,Not Available,Not Available,Not Available,Not Available,Not Available,Not Available,Not Available,Not Available,Not Available,Not Available,Not Available,Not Available,Not Available,Not Available,Not Available,Not Available,Queens,Not Available,Not Available,Not Available,Not Available,Not Available,Not Available,Not Available,Not Available,Not Available,Unable to Check (not enough data),0,15880540.9,Not Available,Ok,4541230,Not Available,QUEENS,No,Mixed Use Property,Not Available,Ok,Not Available,Not Available,133-40 79th Street-Not Available
Not Available,Not Available,0,Not Available,Not Available,Not Available,Not Available,Not Available,Not Available,Not Available,Not Available,Not Available,Not Available,,No,50,Not Available,No,Not Available,Not Available,Not Available,Not Available,40.754994,Not Available,0,0,Not Available,Not Available,12/31/2012,Not Available,Not Available,Not Available,Ok,194,Not Available,Not Available,Not Available,Not Available,Not Available,Not Available,Not Available,Not Available,12924316.1,Not Available,Not Available,Not Available,Not Available,Not Available,Not Available,Flushing,200000,Not Available,10000,Not Available,0,100,Parking,Not Available,0.97,No,0,7595933.7,Not Available,Not Available,4115789,Not Available,QUEENS,No,Multifamily Housing,Not Available,Not Available,Not Available,Not Available,First Zone:  138-15 Franklin Ave-Not Available
Not Available,Not Available,62,Not Available,Not Available,Not Available,Not Available,Not Available,Not Available,Not Available,Not Available,Not Available,Not Available,,No,50,Not Available,No,Not Available,Not Available,Not Available,Not Available,40.790501,Not Available,1.11901,0,Not Available,Not Available,Not Available,Not Available,Not Available,Not Available,Ok,0,Not Available,Not Available,Not Available,Not Available,Not Available,Not Available,Not Available,Not Available,9824146,Not Available,Not Available,Not Available,Not Available,Not Available,Not Available,Manhattan,55406,Not Available,Not Available,Not Available,0,100,Not Available,Not Available,1.11901,Unable to Check (not enough data),0,4054166.9,Not Available,Not Available,1089312,Not Available,MANHATTAN,No,Multifamily Housing,Not Available,Not Available,Not Available,Not Available,Sun Sun Group : 1635 Lexington Ave-Not Available
Not Available,Not Available,Not Available,Not Available,Not Available,3865103.9,Not Available,Not Available,Not Available,Not Available,Not Available,Not Available,Not Available,,No,50,484,No,Not Available,Not Available,Not Available,Not Available,40.752382,Not Available,Not Available,0,Not Available,Not Available,09/30/2015,Not Available,"2016, 2015",Not Available,Ok,Not Available,5.16983,Not Available,Not Available,Not Available,Not Available,Not Available,Not Available,Not Available,28698037.1,Not Available,Not Available,Not Available,758,Not Available,Not Available,New York,Not Available,Not Available,Not Available,Not Available,Not Available,Not Available,Food Sales,Not Available,Not Available,No,0,Not Available,Not Available,Ok,1037588,Not Available,MANHATTAN,No,Office,Not Available,Possible Issue,Not Available,Not Available,A&E_227 E 45 ST-Not Available
Not Available,Not Available,0,Not Available,Not Available,Not Available,Not Available,Not Available,Not Available,Not Available,Not Available,10815.3,Not Available,,No,50,Not Available,No,Not Available,Not Available,Not Available,Not Available,40.819332,Not Available,0,0,Not Available,Not Available,12/31/2016,Not Available,Not Available,Not Available,Ok,0,Not Available,Not Available,Not Available,Not Available,Not Available,Not Available,Not Available,Not Available,Not Available,Not Available,Not Available,Not Available,Not Available,Not Available,Not Available,Bronx,125125,Not Available,Not Available,Not Available,0,100,Not Available,Not Available,0.00799,No,0,13058316.2,Not Available,Ok,2086555,Not Available,BRONX,No,Multifamily Housing,Not Available,Ok,Not Available,Not Available,Archcare: 900 Intervale Avenue-Not Available
Not Available,Not Available,Not Available,Not Available,Not Available,2311500.4,Not Available,Not Available,Not Available,Not Available,Not Available,4558.3,Not Available,,Yes,50,Not Available,No,Not Available,Not Available,Not Available,Not Available,40.746216,Not Available,Not Available,0,Not Available,Not Available,12/31/2016,Not Available,Not Available,Not Available,Ok,Not Available,Not Available,Not Available,Not Available,Not Available,Not Available,Not Available,Not Available,Not Available,Not Available,Not Available,Not Available,Not Available,Not Available,Not Available,Not Available,New York,Not Available,Not Available,Not Available,Not Available,Not Available,Not Available,Not Available,Not Available,Not Available,No,0,7727084,Not Available,Not Available,1088996,Not Available,MANHATTAN,Yes,Residence Hall/Dormitory,Not Available,Not Available,Not Available,Not Available,General Theological - Hoffman West Quad-Not Available
Not Available,Not Available,Not Available,Not Available,Not Available,Not Available,Not Available,Not Available,Not Available,Not Available,Not Available,1768.4,Not Available,,Yes,50,Not Available,No,Not Available,Not Available,Not Available,Not Available,40.802964,Not Available,Not Available,0,Not Available,Not Available,12/31/2016,Not Available,Not Available,Not Available,Ok,Not Available,Not Available,Not Available,Not Available,Not Available,Not Available,Not Available,Not Available,Not Available,Not Available,Not Available,Not Available,Not Available,Not Available,Not Available,Not Available,New York,Not Available,Not Available,Not Available,Not Available,Not Available,Not Available,Residence Hall/Dormitory,Not Available,Not Available,No,0,3639899.5,Not Available,Ok,Not Available,Not Available,MANHATTAN,Yes,Mixed Use Property,Not Available,Ok,Not Available,Not Available,Rockfeld Group 124 LLC-Not Available
Not Available,Not Available,0,Not Available,Not Available,Not Available,Not Available,Not Available,Not Available,Not Available,Not Available,335115.3,Not Available,,No,50,Not Available,No,Not Available,Not Available,Not Available,Not Available,40.793705,Not Available,0,0,Not Available,Not Available,12/31/2016,Not Available,Not Available,Not Available,Ok,0,Not Available,Not Available,Not Available,335115.3,Not Available,Not Available,Not Available,Not Available,12324612.2,Not Available,Not Available,Not Available,Not Available,Not Available,Not Available,NYC,102791,Not Available,Not Available,Not Available,Not Available,100,Not Available,Not Available,1.4,No,0,7552717,Not Available,Ok,1034114,Not Available,MANHATTAN,Yes,Multifamily Housing,Not Available,Ok,Not Available,Not Available,Terrace Court-Not Available
Not Available,Not Available,0,Not Available,Not Available,Not Available,Not Available,Not Available,Not Available,Not Available,Not Available,Not Available,Not Available,,No,50,Not Available,No,Not Available,Not Available,Not Available,Not Available,40.740495,Not Available,0,0,Not Available,Not Available,12/31/2013,Not Available,Not Available,Not Available,Ok,0,Not Available,Not Available,Not Available,Not Available,Not Available,Not Available,Not Available,Not Available,26879837.8,Not Available,Not Available,Not Available,Not Available,Not Available,Not Available,Elmhurst,106050,Not Available,Not Available,Not Available,0,80,Not Available,Not Available,0.70721,No,0,20789153.4,Not Available,Not Available,4038419,Not Available,QUEENS,No,Multifamily Housing,Not Available,Not Available,Not Available,Not Available,Quantum: 80-06 47 Ave-Not Available
Not Available,Not Available,0,Not Available,Not Available,Not Available,Not Available,Not Available,Not Available,Not Available,Not Available,Not Available,Not Available,,No,50,Not Available,No,Not Available,Not Available,Not Available,Not Available,40.736593,Not Available,0,0,Not Available,Not Available,Not Available,Not Available,Not Available,Not Available,Ok,45,Not Available,Not Available,Not Available,Not Available,Not Available,Not Available,Not Available,Not Available,15111022,Not Available,Not Available,Not Available,Not Available,Not Available,Not Available,Queens,174771,Not Available,Not Available,Not Available,0,100,Not Available,Not Available,1.75086,Unable to Check (not enough data),0,4675760.7,Not Available,Ok,4431757;4431758;4537843,Not Available,QUEENS,No,Multifamily Housing,Not Available,Ok,Not Available,Not Available,KWM099116 99-11 60th Ave-Not Available
Not Available,Not Available,Not Available,Not Available,Not Available,Not Available,Not Available,Not Available,Not Available,Not Available,Not Available,11638,Not Available,,No,50,300,No,Not Available,Not Available,Not Available,Not Available,40.745092,Not Available,Not Available,0,Not Available,Not Available,02/28/2017,Not Available,Not Available,Not Available,Ok,Not Available,1.66667,Not Available,Not Available,Not Available,Not Available,Not Available,Not Available,Not Available,21710262.7,Not Available,Not Available,Not Available,300,Not Available,Not Available,New York,Not Available,Not Available,Not Available,Not Available,Not Available,Not Available,Not Available,Not Available,Not Available,No,0,11371131.7,Not Available,Ok,1016967,Not Available,MANHATTAN,No,Office,Not Available,Ok,Not Available,Not Available,460 Park Avenue South-Not Available
Not Available,Not Available,Not Available,Not Available,Not Available,Not Available,Not Available,Not Available,Not Available,Not Available,Not Available,5.2,Not Available,,No,50,Not Available,No,Not Available,Not Available,Not Available,Not Available,40.877517,Not Available,Not Available,0,Not Available,Not Available,12/31/2016,Not Available,Not Available,Not Available,Ok,Not Available,Not Available,Not Available,Not Available,Not Available,Not Available,Not Available,Not Available,Not Available,Not Available,Not Available,Not Available,Not Available,Not Available,Not Available,Not Available,Bronx,Not Available,Not Available,Not Available,Not Available,Not Available,Not Available,Not Available,Not Available,Not Available,Yes,0,2685530.4,Not Available,Ok,2124371,Not Available,BRONX,No,Strip Mall,Not Available,Ok,Not Available,Not Available,Regency 171 W 230 St-Not Available
Not Available,Not Available,200,Not Available,Not Available,Not Available,Not Available,Not Available,Not Available,Not Available,Not Available,6376003.1,Not Available,,Yes,50,Not Available,No,Not Available,Not Available,Not Available,Not Available,40.779876,Not Available,1.87901,0,Not Available,Not Available,03/31/2017,Not Available,Not Available,Not Available,Ok,0,Not Available,Not Available,Not Available,Not Available,Not Available,1955,Not Available,Not Available,Not Available,Not Available,Not Available,Not Available,Not Available,Not Available,Not Available,New York,106439,Not Available,Not Available,Not Available,0,100,Other - Recreation,Not Available,2.00115,No,0,6261394.2,Not Available,Ok,1030522,Not Available,MANHATTAN,No,Multifamily Housing,Not Available,Ok,Not Available,Not Available,"AIMCO 240 West 73rd Street, LLC-Not Available"
Not Available,Not Available,Not Available,Not Available,Not Available,Not Available,Not Available,Not Available,Not Available,Not Available,Not Available,196.5,Not Available,,Yes,50,Not Available,No,Not Available,Not Available,Not Available,Not Available,40.779095,Not Available,Not Available,0,Not Available,Not Available,12/31/2016,Not Available,Not Available,Not Available,Ok,Not Available,Not Available,Not Available,Not Available,Not Available,Not Available,Not Available,Not Available,Not Available,27644943.8,Not Available,Not Available,Not Available,Not Available,Not Available,Not Available,New York,Not Available,Not Available,Not Available,Not Available,Not Available,Not Available,Worship Facility,Not Available,Not Available,Yes,0,14708847.4,Not Available,Not Available,1047929;1047930,Not Available,MANHATTAN,Yes,K-12 School,Not Available,Not Available,Not Available,Not Available,KJ-Not Available
Not Available,Not Available,0,Not Available,Not Available,0,Not Available,Not Available,Not Available,Not Available,Not Available,Not Available,Not Available,5.0,Yes,50,Not Available,No,Not Available,Not Available,Not Available,Not Available,40.676051,Not Available,0,0,Not Available,Not Available,Not Available,Not Available,Not Available,Not Available,Ok,0,Not Available,Not Available,Not Available,Not Available,Not Available,Not Available,Not Available,Not Available,22001318.3,Not Available,Not Available,Not Available,Not Available,Not Available,Not Available,BROOKLYN,127100,Not Available,Not Available,Not Available,Not Available,Not Available,Not Available,Not Available,1.79386,Unable to Check (not enough data),0,Not Available,Not Available,Possible Issue,3038518;3038519;3038520;3038671;3038674,Not Available,BROOKLYN,No,Multifamily Housing,Not Available,Ok,Not Available,Not Available,OCEAN HILL-BROWNSVILLE-Not Available
Not Available,Not Available,Not Available,Not Available,Not Available,Not Available,Not Available,Not Available,Not Available,Not Available,Not Available,8397,Not Available,,Yes,50,Not Available,No,Not Available,Not Available,Not Available,Not Available,40.811221,Not Available,Not Available,0,Not Available,Not Available,07/31/2017,Not Available,2012,Not Available,Ok,Not Available,Not Available,Not Available,Not Available,Not Available,Not Available,Not Available,Not Available,Not Available,25470009.8,Not Available,Not Available,Not Available,Not Available,Not Available,Not Available,New York,Not Available,Not Available,Not Available,Not Available,Not Available,Not Available,Not Available,Not Available,Not Available,No,0,11062051.2,Not Available,Not Available,1811388,Not Available,MANHATTAN,No,Medical Office,Not Available,Not Available,Not Available,Not Available,Harlem Health Center-Not Available
Not Available,Not Available,0,Not Available,Not Available,Not Available,Not Available,Not Available,Not Available,Not Available,Not Available,Not Available,Not Available,,No,50,Not Available,No,Not Available,Not Available,Not Available,Not Available,40.721142,Not Available,0,0,Not Available,Not Available,Not Available,Not Available,Not Available,Not Available,Ok,12,Not Available,Not Available,Not Available,Not Available,Not Available,Not Available,Not Available,Not Available,Not Available,72,Not Available,Not Available,Not Available,Not Available,Not Available,New York,41382,Not Available,Not Available,Not Available,12,100,Restaurant,Not Available,0.65246,Unable to Check (not enough data),0,809402.2,Not Available,Not Available,1002799,Not Available,MANHATTAN,No,Multifamily Housing,Not Available,Not Available,Not Available,Not Available,Samson - 407 Greenwich Street-Not Available
Not Available,Not Available,0,Not Available,Not Available,Not Available,Not Available,Not Available,Not Available,Not Available,Not Available,366714.4,Not Available,,No,50,Not Available,No,Not Available,Not Available,Not Available,Not Available,40.786963,Not Available,0,0,Not Available,Not Available,07/31/2017,Not Available,Not Available,Not Available,Ok,20,Not Available,Not Available,Not Available,366714.4,Not Available,Not Available,Not Available,Not Available,9744187.8,Not Available,Not Available,Not Available,Not Available,Not Available,Not Available,New York,94148,Not Available,Not Available,Not Available,Not Available,100,Not Available,Not Available,1.18962,No,0,7335166.4,Not Available,Ok,1052383,Not Available,MANHATTAN,Yes,Multifamily Housing,Not Available,Ok,Not Available,Not Available,El Barrio Artspace LP-Not Available
Not Available,Not Available,Not Available,Not Available,Not Available,Not Available,Not Available,Not Available,Not Available,263000,Not Available,1984.2,Not Available,,No,50,Not Available,Yes,Not Available,Not Available,Not Available,Not Available,40.75728,Not Available,Not Available,0,Not Available,Not Available,12/31/2016,Not Available,Not Available,Not Available,Ok,Not Available,Not Available,Not Available,Not Available,Not Available,Not Available,Not Available,Not Available,Not Available,32696199.1,Not Available,Not Available,Not Available,Not Available,Not Available,Not Available,New York,Not Available,Not Available,Not Available,Not Available,Not Available,Not Available,Not Available,Not Available,Not Available,No,0,28749389.4,Not Available,Ok,1012527,Not Available,MANHATTAN,Yes,Non-Refrigerated Warehouse,Not Available,Ok,Not Available,Not Available,501 10 Avenue-Not Available
Not Available,Not Available,0,Not Available,Not Available,Not Available,Not Available,Not Available,Not Available,Not Available,Not Available,Not Available,Not Available,,No,50,Not Available,No,Not Available,Not Available,Not Available,Not Available,40.833126,Not Available,0,0,Not Available,Not Available,Not Available,Not Available,Not Available,Not Available,Ok,84,Not Available,Not Available,Not Available,Not Available,Not Available,Not Available,Not Available,Not Available,10374383.6,Not Available,Not Available,Not Available,Not Available,Not Available,Not Available,Bronx,83424,Not Available,Not Available,Not Available,0,100,Not Available,Not Available,1.66619,Unable to Check (not enough data),0,6201946.4,Not Available,Ok,2127575,Not Available,BRONX,No,Multifamily Housing,Not Available,Ok,Not Available,Not Available,1500 Hoe Avenue-Not Available
Not Available,Not Available,Not Available,Not Available,Not Available,Not Available,Not Available,Not Available,Not Available,Not Available,Not Available,0,Not Available,,Yes,50,Not Available,Yes,Not Available,Not Available,Not Available,Not Available,40.835694,Not Available,Not Available,0,0.11719,Not Available,12/31/2016,Not Available,Not Available,0,Ok,Not Available,Not Available,Not Available,Not Available,0,Not Available,10000,Not Available,25600,Not Available,Not Available,Not Available,Not Available,Not Available,Not Available,Not Available,Bronx,Not Available,Not Available,Not Available,Not Available,Not Available,Not Available,Supermarket/Grocery Store,Not Available,Not Available,No,0,1884559,Not Available,Ok,2009624;2806358;2806357,Not Available,BRONX,Yes,Mixed Use Property,Not Available,Ok,Not Available,Not Available,Royal Third Ave RLTYCP-Not Available
Not Available,Not Available,0,Not Available,Not Available,Not Available,Not Available,Not Available,Not Available,Not Available,Not Available,5316,Not Available,,No,50,Not Available,No,Not Available,Not Available,Not Available,Not Available,40.764048,Not Available,0,0,Not Available,141-02 Northern Blvd.,12/31/2016,Not Available,Not Available,Not Available,Ok,62,Not Available,Not Available,Not Available,Not Available,Not Available,Not Available,Not Available,Not Available,4332027.5,Not Available,Not Available,Not Available,Not Available,Not Available,Not Available,Flushing,60282,Not Available,Not Available,Not Available,0,100,Not Available,Not Available,1.06168,No,0,Not Available,Not Available,Possible Issue,4113391,Not Available,QUEENS,No,Multifamily Housing,Not Available,Ok,Not Available,Not Available,Bowne Street Building-Not Available
Not Available,Not Available,Not Available,Not Available,Not Available,Not Available,Not Available,Not Available,Not Available,Not Available,Not Available,Not Available,Not Available,,No,50,Not Available,No,Not Available,Not Available,Not Available,Not Available,40.700703,Not Available,Not Available,0,Not Available,Not Available,Not Available,Not Available,Not Available,Not Available,Ok,Not Available,Not Available,Not Available,Not Available,Not Available,Not Available,Not Available,Not Available,Not Available,15193207.7,Not Available,Not Available,Not Available,Not Available,Not Available,Not Available,Brooklyn,Not Available,Not Available,Not Available,Not Available,Not Available,Not Available,Not Available,Not Available,Not Available,Unable to Check (not enough data),0,5358239,Not Available,Not Available,3335307,Not Available,BROOKLYN,Yes,K-12 School,Not Available,Not Available,Not Available,Not Available,Central UTA: 762 Wythe-Not Available
Not Available,Not Available,0,Not Available,Not Available,Not Available,Not Available,Not Available,Not Available,Not Available,Not Available,3312.4,Not Available,,No,50,Not Available,No,Not Available,Not Available,Not Available,Not Available,40.699958,Not Available,0,0,Not Available,Not Available,12/31/2016,Not Available,Not Available,Not Available,Ok,16,Not Available,Not Available,Not Available,Not Available,Not Available,Not Available,Not Available,Not Available,8255082.8,Not Available,Not Available,Not Available,Not Available,Not Available,Not Available,Brooklyn,64150,Not Available,Not Available,Not Available,24,100,Not Available,Not Available,0.93531,No,0,4541536.3,Not Available,Ok,3061385,Not Available,BROOKLYN,No,Multifamily Housing,Not Available,Ok,Not Available,Not Available,200 Wallabout-Not Available
Not Available,Not Available,0,Not Available,Not Available,Not Available,Not Available,Not Available,Not Available,Not Available,Not Available,Not Available,Not Available,,Yes,50,Not Available,No,Not Available,Not Available,Not Available,Not Available,,Not Available,0,0,Not Available,2583 Francis Lewis Blvd,02/29/2016,Not Available,Not Available,Not Available,Ok,0,Not Available,Not Available,Not Available,Not Available,Not Available,Not Available,Not Available,Not Available,13817055.8,Not Available,Not Available,Not Available,Not Available,Not Available,Not Available,Flushing,69000,Not Available,Not Available,Not Available,0,0,Not Available,Not Available,0,No,0,7545490.2,Not Available,Ok,4440851;4440854;4440852;4440853;4440855;4440856;4440839;4440849;4440850,Not Available,,No,Multifamily Housing,Not Available,Possible Issue,Not Available,Not Available,Bay Terrace Co OP 4-Not Available
Not Available,Not Available,Not Available,Not Available,Not Available,Not Available,Not Available,Not Available,Not Available,Not Available,Not Available,Not Available,Not Available,,No,50,108.43,No,Not Available,Not Available,Not Available,Not Available,40.748183,Not Available,Not Available,0,Not Available,Not Available,Not Available,Not Available,Not Available,Not Available,Ok,Not Available,2,Not Available,Not Available,Not Available,Not Available,Not Available,Not Available,Not Available,14944922.8,Not Available,Not Available,Not Available,94.29,Not Available,Not Available,New York,Not Available,Not Available,Not Available,Not Available,Not Available,Not Available,Bank Branch,Not Available,Not Available,Unable to Check (not enough data),0,5993738.6,Not Available,Not Available,1017096,Not Available,MANHATTAN,Yes,Office,Not Available,Not Available,Not Available,Not Available,349 Fifth Avenue-Not Available
Not Available,Not Available,Not Available,Not Available,Not Available,Not Available,Not Available,Not Available,Not Available,Not Available,Not Available,3073.4,Not Available,,No,50,Not Available,No,Not Available,Not Available,Not Available,Not Available,40.584504,Not Available,Not Available,0,Not Available,Not Available,06/30/2017,Not Available,Not Available,Not Available,Ok,Not Available,Not Available,Not Available,Not Available,Not Available,Not Available,Not Available,Not Available,Not Available,Not Available,Not Available,Not Available,Not Available,Not Available,Not Available,Not Available,Brooklyn,Not Available,Not Available,10224,Not Available,Not Available,Not Available,Parking,Not Available,Not Available,No,0,12094021.8,Not Available,Not Available,3423929,Not Available,BROOKLYN,No,Fitness Center/Health Club/Gym,Not Available,Not Available,Not Available,Not Available,Brooklyn Tennis & Sports Club-Not Available
Not Available,Not Available,0,Not Available,Not Available,Not Available,Not Available,Not Available,Not Available,Not Available,Not Available,5670.2,Not Available,,Yes,50,Not Available,No,Not Available,Not Available,Not Available,Not Available,40.751714,Not Available,0,0,Not Available,Not Available,12/31/2016,Not Available,Not Available,Not Available,Ok,126,Not Available,Not Available,Not Available,Not Available,Not Available,Not Available,Not Available,Not Available,1014825.7,Not Available,Not Available,Not Available,Not Available,Not Available,Not Available,Queens,90000,Not Available,Not Available,Not Available,Not Available,10,Not Available,Not Available,1.4,No,0,323192.9,Not Available,Ok,4029199,Not Available,QUEENS,Yes,Multifamily Housing,Not Available,Ok,Not Available,Not Available,81-05 Tenants LTD-Not Available
Not Available,Not Available,Not Available,Not Available,Not Available,Not Available,Not Available,Not Available,Not Available,Not Available,Not Available,Not Available,Not Available,,No,50,200,No,Not Available,Not Available,Not Available,Not Available,40.766689,Not Available,Not Available,0,Not Available,Not Available,Not Available,Not Available,Not Available,Not Available,Ok,Not Available,2.04918,Not Available,Not Available,Not Available,Not Available,Not Available,Not Available,Not Available,38160270.1,Not Available,Not Available,Not Available,250,Not Available,Not Available,New York,Not Available,Not Available,Not Available,Not Available,Not Available,Not Available,Not Available,Not Available,Not Available,Unable to Check (not enough data),0,16436504.2,Not Available,Ok,1027141,Not Available,MANHATTAN,No,Office,Not Available,Ok,Not Available,Not Available,609 West 51st Street-Not Available
Not Available,Not Available,0,Not Available,Not Available,Not Available,Not Available,Not Available,Not Available,Not Available,Not Available,2330.2,Not Available,,No,50,Not Available,No,Not Available,Not Available,Not Available,Not Available,40.783473,Not Available,0,0,Not Available,Not Available,01/31/2017,Not Available,Not Available,Not Available,Ok,0,Not Available,Not Available,Not Available,Not Available,Not Available,Not Available,Not Available,Not Available,4241624.6,Not Available,Not Available,Not Available,Not Available,Not Available,Not Available,New York,70000,Not Available,Not Available,Not Available,Not Available,100,Not Available,Not Available,1.4,No,0,4274225.2,Not Available,Ok,Not Available,Not Available,MANHATTAN,Yes,Multifamily Housing,Not Available,Ok,Not Available,Not Available,Park Columbus-Not Available
Not Available,Not Available,26,Not Available,Not Available,Not Available,Not Available,Not Available,Not Available,Not Available,Not Available,Not Available,Not Available,,No,50,Not Available,No,Not Available,Not Available,Not Available,Not Available,40.741434,Not Available,0.25245,0,Not Available,Not Available,Not Available,Not Available,Not Available,Not Available,Ok,0,Not Available,Not Available,Not Available,Not Available,Not Available,Not Available,Not Available,Not Available,Not Available,Not Available,Not Available,Not Available,Not Available,Not Available,Not Available,New York,102991,Not Available,Not Available,Not Available,0,100,Not Available,Not Available,0.11652,Unable to Check (not enough data),0,5475353.9,Not Available,Not Available,1086198,Not Available,MANHATTAN,No,Multifamily Housing,Not Available,Not Available,Not Available,Not Available,J&C Lamb Management Corp : 224 W 18th St-Not Available
Not Available,Not Available,Not Available,Not Available,Not Available,Not Available,Not Available,Not Available,90,Not Available,Not Available,5828,Not Available,,Yes,50,Not Available,No,Not Available,Not Available,Not Available,Not Available,40.751916,Not Available,Not Available,0,Not Available,Not Available,04/30/2017,Not Available,Not Available,Not Available,Ok,Not Available,Not Available,Not Available,Not Available,Not Available,Not Available,Not Available,Not Available,Not Available,20825926,Not Available,Not Available,1.47531,Not Available,Not Available,Not Available,New York,Not Available,Not Available,Not Available,Not Available,Not Available,Not Available,Not Available,Not Available,Not Available,No,0,9936407.6,Not Available,Ok,1080469,Not Available,MANHATTAN,No,Hotel,Not Available,Ok,Not Available,Not Available,FFIS-NY/Penn Station-Not Available
Not Available,Not Available,0,Not Available,Not Available,Not Available,Not Available,Not Available,Not Available,Not Available,Not Available,Not Available,Not Available,,No,50,Not Available,No,Not Available,Not Available,Not Available,Not Available,40.828409,Not Available,0,0,Not Available,Not Available,12/31/2012,Not Available,Not Available,Not Available,Ok,63,Not Available,Not Available,Not Available,Not Available,Not Available,Not Available,Not Available,Not Available,11522700.8,Not Available,Not Available,Not Available,Not Available,Not Available,Not Available,Bronx,84240,Not Available,Not Available,Not Available,16,100,Not Available,Not Available,0.74786,No,0,9012415,Not Available,Ok,2026053,Not Available,BRONX,No,Multifamily Housing,Not Available,Possible Issue,Not Available,Not Available,Rraci: 2039 Blackrock Ave-Not Available
Not Available,Not Available,Not Available,Not Available,Not Available,Not Available,Not Available,Not Available,Not Available,Not Available,Not Available,Not Available,Not Available,,No,50,280.46,No,Not Available,Not Available,Not Available,Not Available,40.764308,Not Available,Not Available,0,Not Available,Not Available,Not Available,Not Available,Not Available,Not Available,Ok,Not Available,2,Not Available,Not Available,Not Available,Not Available,Not Available,Not Available,Not Available,24564653.1,Not Available,Not Available,Not Available,243.88,Not Available,Not Available,New york,Not Available,Not Available,Not Available,Not Available,Not Available,Not Available,Other,Not Available,Not Available,Unable to Check (not enough data),0,Not Available,Not Available,Not Available,1024842,Not Available,MANHATTAN,Yes,Office,Not Available,Not Available,Not Available,Not Available,250 West 54th Street-Not Available
Not Available,Not Available,0,Not Available,Not Available,Not Available,Not Available,Not Available,Not Available,Not Available,Not Available,Not Available,Not Available,16.0,No,50,Not Available,No,Not Available,Not Available,Not Available,Not Available,40.675095,Not Available,0,0,Not Available,Not Available,Not Available,Not Available,Not Available,Not Available,Ok,1157,Not Available,Not Available,Not Available,Not Available,Not Available,Not Available,Not Available,Not Available,80459871.8,Not Available,Not Available,Not Available,Not Available,Not Available,Not Available,BROOKLYN,838000,Not Available,Not Available,Not Available,Not Available,90,Not Available,Not Available,2.18138,Unable to Check (not enough data),0,29243624.4,Not Available,Ok,3257063;3257064;3324598;3324599;3324600;3324601;3324602;3324603;3331187;3331188;3331195;3331196;3331197;3331198;3331199;3331200,Not Available,BROOKLYN,No,Multifamily Housing,Not Available,Ok,Not Available,Not Available,KINGSBOROUGH-Not Available
Not Available,Not Available,0,Not Available,Not Available,Not Available,Not Available,Not Available,Not Available,Not Available,Not Available,Not Available,Not Available,,No,50,Not Available,No,Not Available,Not Available,Not Available,Not Available,40.816023,Not Available,0,0,Not Available,Not Available,Not Available,Not Available,Not Available,Not Available,Ok,0,Not Available,Not Available,Not Available,Not Available,Not Available,Not Available,Not Available,Not Available,2221261,Not Available,Not Available,Not Available,Not Available,Not Available,Not Available,NY,16576,Not Available,Not Available,Not Available,Not Available,Not Available,Not Available,Not Available,1.40022,Unable to Check (not enough data),0,1994625.4,Not Available,Ok,1059718,Not Available,MANHATTAN,Yes,Multifamily Housing,Not Available,Ok,Not Available,Not Available,566 West 126th Street LLC 16576-Not Available
Not Available,Not Available,974,Not Available,Not Available,8828550.1,Not Available,Not Available,Not Available,Not Available,Not Available,Not Available,Not Available,8.0,Yes,50,Not Available,No,Not Available,Not Available,Not Available,Not Available,40.670245,Not Available,0.98285,0,Not Available,Not Available,Not Available,Not Available,Not Available,Not Available,Ok,0,Not Available,Not Available,Not Available,Not Available,Not Available,Not Available,Not Available,Not Available,196961158.1,Not Available,Not Available,Not Available,Not Available,Not Available,Not Available,BROOKLYN,991000,Not Available,Not Available,Not Available,Not Available,90,Not Available,Not Available,1.82946,Unable to Check (not enough data),0,143468817.2,Not Available,Ok,3080766;3326947;3326948;3326949;3084013;3327013;3327014;3327015,Not Available,BROOKLYN,No,Multifamily Housing,Not Available,Ok,Not Available,Not Available,LOW HOUSES/GLENMORE PLAZA CAMPUS-Not Available
Not Available,Not Available,Not Available,Not Available,Not Available,Not Available,Not Available,Not Available,Not Available,Not Available,Not Available,Not Available,Not Available,,Yes,50,Not Available,No,Not Available,Not Available,Not Available,Not Available,,Not Available,Not Available,0,Not Available,Metropolitan Avenue,Not Available,Not Available,Not Available,Not Available,Ok,Not Available,Not Available,Not Available,Not Available,Not Available,Not Available,Not Available,Not Available,Not Available,73180738.1,Not Available,Not Available,Not Available,Not Available,Not Available,Not Available,Ridgewood,Not Available,Not Available,Not Available,Not Available,Not Available,Not Available,Refrigerated Warehouse,Not Available,Not Available,Unable to Check (not enough data),0,24754680.1,Not Available,Not Available,4059024,Not Available,,Yes,Supermarket/Grocery Store,Not Available,Not Available,Not Available,Not Available,4705 Metropolitan-Not Available
Not Available,Not Available,0,Not Available,Not Available,Not Available,Not Available,Not Available,Not Available,Not Available,Not Available,6246.3,Not Available,,No,50,Not Available,No,Not Available,Not Available,Not Available,Not Available,40.710574,Not Available,0,0,Not Available,Not Available,03/31/2017,Not Available,Not Available,Not Available,Ok,81,Not Available,Not Available,Not Available,Not Available,Not Available,Not Available,Not Available,Not Available,7552662.1,Not Available,Not Available,Not Available,Not Available,Not Available,Not Available,Jamaica,62676,Not Available,Not Available,Not Available,0,10,Not Available,Not Available,1.49978,No,0,5849071,Not Available,Ok,4210222,Not Available,QUEENS,No,Multifamily Housing,Not Available,Ok,Not Available,Not Available,ZARA - 87-87 171 Street-Not Available
Not Available,Not Available,0,Not Available,Not Available,Not Available,Not Available,Not Available,Not Available,Not Available,Not Available,Not Available,Not Available,,No,50,Not Available,No,Not Available,Not Available,Not Available,Not Available,40.639958,Not Available,0,0,Not Available,Not Available,Not Available,Not Available,Not Available,Not Available,Ok,504,Not Available,Not Available,Not Available,Not Available,Not Available,Not Available,Not Available,Not Available,57912715.6,Not Available,Not Available,Not Available,Not Available,Not Available,Not Available,Brooklyn,412128,Not Available,Not Available,Not Available,0,100,Not Available,Not Available,1.74703,Unable to Check (not enough data),0,38874094.7,Not Available,Ok,3337096;3337097;3337101;3337103;3337104;3339189;3339190;3345202;3339192;3337095;3339191;3345201,Not Available,BROOKLYN,No,Multifamily Housing,Not Available,Ok,Not Available,Not Available,Clipper - 1350 - 1372 New York Ave-Not Available
Not Available,Not Available,Not Available,Not Available,Not Available,752178.1,Not Available,Not Available,Not Available,Not Available,Not Available,994.8,Not Available,,Yes,50,110,No,Not Available,Not Available,Not Available,Not Available,40.816522,Not Available,Not Available,0,Not Available,Not Available,12/31/2016,Not Available,Not Available,Not Available,Ok,Not Available,8.5,Not Available,Not Available,Not Available,Not Available,12000,Not Available,Not Available,9062568.8,Not Available,Not Available,Not Available,102,Not Available,Not Available,bronx,Not Available,Not Available,84745,Not Available,Not Available,Not Available,Parking,Not Available,Not Available,No,0,Not Available,Not Available,Possible Issue,2088660,Not Available,BRONX,No,Distribution Center,Not Available,Ok,Not Available,Not Available,500 bursh-Not Available
Not Available,Not Available,0,Not Available,Not Available,Not Available,Not Available,Not Available,Not Available,Not Available,Not Available,3400.6,Not Available,,No,50,Not Available,No,Not Available,Not Available,Not Available,Not Available,40.633116,Not Available,0,0,Not Available,Not Available,12/31/2016,Not Available,Not Available,Not Available,Ok,73,Not Available,Not Available,Not Available,Not Available,Not Available,Not Available,Not Available,Not Available,7869281.8,Not Available,Not Available,Not Available,Not Available,Not Available,Not Available,Brooklyn,96330,Not Available,5400,Not Available,0,80,Parking,Not Available,0.75781,No,0,5832415.2,Not Available,Ok,3147800,Not Available,BROOKLYN,No,Multifamily Housing,Not Available,Ok,Not Available,Not Available,New Bedford : 123 74th Street-Not Available
Not Available,Not Available,0,Not Available,Not Available,0,Not Available,Not Available,Not Available,Not Available,Not Available,4794.2,Not Available,,No,50,Not Available,No,Not Available,Not Available,Not Available,Not Available,40.862012,Not Available,0,0,Not Available,Not Available,12/31/2016,Not Available,Not Available,Not Available,Ok,9,Not Available,Not Available,Not Available,Not Available,Not Available,Not Available,Not Available,Not Available,11377587.9,Not Available,Not Available,Not Available,Not Available,Not Available,Not Available,New York,63005,Not Available,Not Available,Not Available,2,100,Not Available,Not Available,1.31736,No,0,Not Available,Not Available,Possible Issue,1064209,Not Available,MANHATTAN,No,Multifamily Housing,Not Available,Ok,Not Available,Not Available,MP 35-45 Arden St-Not Available
Not Available,Not Available,0,Not Available,Not Available,Not Available,Not Available,Not Available,Not Available,Not Available,Not Available,Not Available,Not Available,,No,50,Not Available,No,Not Available,Not Available,Not Available,Not Available,40.755259,Not Available,0,0,Not Available,Not Available,Not Available,Not Available,Not Available,Not Available,Ok,0,Not Available,Not Available,Not Available,Not Available,Not Available,Not Available,Not Available,Not Available,11269254.4,Not Available,Not Available,Not Available,Not Available,Not Available,Not Available,New York,80392,Not Available,Not Available,Not Available,Not Available,Not Available,Not Available,Not Available,0.62195,Unable to Check (not enough data),0,7718409.5,Not Available,Not Available,1013628,Not Available,MANHATTAN,No,Multifamily Housing,Not Available,Not Available,Not Available,Not Available,344 West 38th Street-Not Available
Not Available,Not Available,Not Available,Not Available,Not Available,Not Available,Not Available,Not Available,Not Available,Not Available,Not Available,9092.7,Not Available,,No,50,Not Available,No,Not Available,Not Available,Not Available,Not Available,40.732592,Not Available,Not Available,0,Not Available,Not Available,04/30/2017,Not Available,Not Available,Not Available,Ok,Not Available,Not Available,Not Available,Not Available,Not Available,Not Available,Not Available,Not Available,Not Available,24151977.5,Not Available,Not Available,Not Available,Not Available,Not Available,Not Available,New York,Not Available,Not Available,Not Available,Not Available,Not Available,Not Available,Not Available,Not Available,Not Available,No,0,13575919,Not Available,Ok,1020414,Not Available,MANHATTAN,No,Residence Hall/Dormitory,Not Available,Ok,Not Available,Not Available,Stuyvesant Park Residence-Not Available
Not Available,Not Available,Not Available,Not Available,Not Available,Not Available,Not Available,Not Available,Not Available,Not Available,Not Available,2405.6,Not Available,,No,50,172.28,No,Not Available,Not Available,Not Available,Not Available,40.650424,Not Available,Not Available,0,0,Not Available,12/31/2016,Not Available,Not Available,0,Ok,Not Available,2.13338,Not Available,Not Available,Not Available,Not Available,Not Available,Not Available,18726,15408024.6,Not Available,Not Available,Not Available,149.81,Not Available,Not Available,Brooklyn,Not Available,Not Available,Not Available,Not Available,Not Available,Not Available,Retail Store,Not Available,Not Available,No,0,6251173.2,Not Available,Ok,3117228,Not Available,BROOKLYN,Yes,Office,Not Available,Ok,Not Available,Not Available,2244 Church Avenue-Not Available
Not Available,Not Available,0,Not Available,Not Available,Not Available,Not Available,Not Available,Not Available,Not Available,Not Available,5056.2,Not Available,,No,50,Not Available,No,Not Available,Not Available,Not Available,Not Available,40.699274,Not Available,0,0,Not Available,Not Available,12/31/2016,Not Available,Not Available,Not Available,Ok,12,Not Available,Not Available,Not Available,Not Available,Not Available,Not Available,Not Available,Not Available,5838392.3,Not Available,Not Available,Not Available,Not Available,Not Available,Not Available,Brooklyn,54369,Not Available,Not Available,Not Available,22,100,Not Available,Not Available,0.80928,No,0,3361315,Not Available,Ok,3413713;3396775,Not Available,BROOKLYN,No,Multifamily Housing,Not Available,Ok,Not Available,Not Available,515 Flushing-Not Available
Not Available,Not Available,0,Not Available,Not Available,Not Available,Not Available,Not Available,Not Available,Not Available,Not Available,6186.7,Not Available,,No,50,Not Available,No,Not Available,Not Available,Not Available,Not Available,40.755906,Not Available,0,0,Not Available,Not Available,12/31/2016,Not Available,Not Available,Not Available,Ok,0,Not Available,Not Available,Not Available,6186.7,Not Available,Not Available,Not Available,Not Available,Not Available,Not Available,Not Available,Not Available,Not Available,Not Available,Not Available,Flushing,125000,Not Available,Not Available,Not Available,Not Available,100,Not Available,Not Available,1.4,No,0,7910803.6,Not Available,Ok,2965595,Not Available,QUEENS,Yes,Multifamily Housing,Not Available,Ok,Not Available,Not Available,Sanford Tower Condo-Not Available
Not Available,Not Available,Not Available,Not Available,Not Available,3164437.1,Not Available,Not Available,Not Available,Not Available,Not Available,3350.5,Not Available,,Yes,50,180,No,Not Available,Not Available,Not Available,Not Available,40.751281,Not Available,Not Available,0,Not Available,Not Available,12/31/2016,Not Available,Not Available,Not Available,Ok,Not Available,2.16875,Not Available,Not Available,Not Available,Not Available,Not Available,Not Available,Not Available,25321812,Not Available,Not Available,Not Available,180,Not Available,Not Available,New York,Not Available,Not Available,Not Available,Not Available,Not Available,Not Available,Not Available,Not Available,Not Available,No,0,11356017.6,Not Available,Ok,1017228,Not Available,MANHATTAN,No,Office,Not Available,Ok,Not Available,Not Available,17151 - 10 East 39th Street (BBL): 1-00868-0010 (BIN) 1017228-Not Available
Not Available,Not Available,0,Not Available,Not Available,Not Available,Not Available,Not Available,Not Available,Not Available,Not Available,Not Available,Not Available,,Yes,50,Not Available,No,Not Available,Not Available,Not Available,Not Available,40.756781,Not Available,0,0,Not Available,Not Available,Not Available,Not Available,Not Available,Not Available,Ok,102,Not Available,Not Available,Not Available,Not Available,Not Available,Not Available,Not Available,Not Available,18464912,Not Available,Not Available,Not Available,Not Available,Not Available,Not Available,Queens,151909,Not Available,Not Available,Not Available,0,100,Not Available,Not Available,1.35608,Unable to Check (not enough data),0,15323122,Not Available,Not Available,4115673,Not Available,QUEENS,No,Multifamily Housing,Not Available,Not Available,Not Available,Not Available,Yorkshire Gardens-Not Available
Not Available,Not Available,Not Available,Not Available,Not Available,Not Available,Not Available,Not Available,Not Available,Not Available,Not Available,796.2,Not Available,,Yes,50,Not Available,No,Not Available,Not Available,Not Available,Not Available,40.808701,Not Available,Not Available,0,Not Available,Not Available,01/31/2017,Not Available,Not Available,Not Available,Ok,Not Available,Not Available,Not Available,Not Available,Not Available,Not Available,Not Available,Not Available,Not Available,Not Available,Not Available,Not Available,Not Available,Not Available,Not Available,Not Available,Bronx,Not Available,Not Available,Not Available,Not Available,Not Available,Not Available,Not Available,Not Available,Not Available,No,0,15643477.7,Not Available,Ok,Not Available,Not Available,BRONX,No,Other,Not Available,Ok,Not Available,Not Available,Towne Partners LLC-Not Available
Not Available,Not Available,132,Not Available,Not Available,Not Available,Not Available,Not Available,100,Not Available,Not Available,Not Available,Not Available,,No,50,Not Available,No,Not Available,Not Available,Not Available,Not Available,40.765205,Not Available,0.30189,0,0,Not Available,Not Available,Not Available,Not Available,0,Ok,0,Not Available,Not Available,Not Available,Not Available,Not Available,15587,Not Available,5412,204830288.5,Not Available,Not Available,0.8078,Not Available,Not Available,Not Available,New York,437241,Not Available,15587,Not Available,132,100,Hotel,Not Available,0.79133,Unable to Check (not enough data),0,91083144.4,Not Available,Ok,1088565,Not Available,MANHATTAN,Yes,Multifamily Housing,Not Available,Ok,Not Available,Not Available,One57- EXTELL Management Services-Not Available
Not Available,Not Available,0,Not Available,Not Available,4333200,Not Available,Not Available,Not Available,Not Available,Not Available,374902.7,Not Available,,No,50,Not Available,No,Not Available,Not Available,Not Available,Not Available,40.781698,Not Available,0,0,Not Available,Not Available,12/31/2016,Not Available,Not Available,Not Available,Ok,0,Not Available,Not Available,Not Available,Not Available,Not Available,Not Available,Not Available,Not Available,4765192.2,Not Available,Not Available,Not Available,Not Available,Not Available,Not Available,New York,59375,Not Available,Not Available,Not Available,0,100,Not Available,Not Available,1.40008,Yes,0,4744354.5,Not Available,Ok,Not Available,Not Available,MANHATTAN,Yes,Multifamily Housing,Not Available,Ok,Not Available,Not Available,"AIMCO 173 EAST 90TH STREET, LLC-Not Available"
Not Available,Not Available,0,Not Available,Not Available,Not Available,Not Available,Not Available,Not Available,Not Available,Not Available,Not Available,Not Available,,No,50,Not Available,No,Not Available,Not Available,Not Available,Not Available,40.853235,Not Available,0,0,Not Available,Not Available,Not Available,Not Available,Not Available,Not Available,Ok,65,Not Available,Not Available,Not Available,Not Available,Not Available,Not Available,Not Available,Not Available,9586291.2,Not Available,Not Available,Not Available,Not Available,Not Available,Not Available,NEW YORK,58150,Not Available,Not Available,Not Available,0,100,Not Available,Not Available,1.70249,Unable to Check (not enough data),0,7840398.5,Not Available,Ok,1063852,Not Available,MANHATTAN,No,Multifamily Housing,Not Available,Ok,Not Available,Not Available,Gilman: 461 AUDUBON AVE-Not Available
Not Available,Not Available,0,Not Available,Not Available,Not Available,Not Available,Not Available,Not Available,Not Available,Not Available,Not Available,Not Available,,No,50,Not Available,No,Not Available,Not Available,Not Available,Not Available,,Not Available,0,0,Not Available,Not Available,Not Available,Not Available,Not Available,Not Available,Ok,115,Not Available,Not Available,Not Available,Not Available,Not Available,Not Available,Not Available,Not Available,9895290,Not Available,Not Available,Not Available,Not Available,Not Available,Not Available,Brooklyn,97850,Not Available,Not Available,Not Available,0,100,Not Available,Not Available,1.41032,Unable to Check (not enough data),0,6159794.8,Not Available,Ok,3413856,Not Available,,No,Multifamily Housing,Not Available,Ok,Not Available,Not Available,Wavecrest - 228 Riverdale Avenue-Not Available
Not Available,Not Available,Not Available,Not Available,Not Available,1188869.9,Not Available,Not Available,Not Available,Not Available,Not Available,2774.5,Not Available,,Yes,50,191,No,Not Available,Not Available,Not Available,Not Available,40.742883,Not Available,Not Available,0,Not Available,Not Available,12/31/2016,Not Available,Not Available,Not Available,Ok,Not Available,2.27143,Not Available,Not Available,Not Available,Not Available,Not Available,Not Available,Not Available,13482191.1,Not Available,Not Available,Not Available,159,Not Available,Not Available,New York,Not Available,Not Available,Not Available,Not Available,Not Available,Not Available,Other,Not Available,Not Available,No,0,6390613.6,Not Available,Ok,1015593,Not Available,MANHATTAN,No,Office,Not Available,Ok,Not Available,Not Available,4323 Company (BBL): 1-00826-0013 (BIN): 1015593-Not Available
Not Available,Not Available,Not Available,Not Available,Not Available,Not Available,Not Available,Not Available,Not Available,Not Available,Not Available,4089.2,Not Available,,No,50,Not Available,No,Not Available,0.80653,Not Available,Not Available,40.671047,Not Available,Not Available,0,Not Available,Not Available,12/31/2016,Not Available,Not Available,Not Available,Ok,Not Available,Not Available,Not Available,Not Available,Not Available,Not Available,Not Available,Not Available,Not Available,19255327.2,Not Available,Not Available,Not Available,Not Available,Not Available,Not Available,Brooklyn,Not Available,Not Available,Not Available,Not Available,Not Available,Not Available,Not Available,Not Available,Not Available,No,0,8383525,Not Available,Ok,3098621,Not Available,BROOKLYN,No,Senior Care Community,Not Available,Ok,Not Available,Not Available,Brooklyn-Queens Nursing 1510 Dumont Ave-Not Available
Not Available,Not Available,0,Not Available,Not Available,Not Available,Not Available,Not Available,Not Available,Not Available,Not Available,6462.8,Not Available,,Yes,50,Not Available,No,Not Available,Not Available,Not Available,Not Available,40.879455,Not Available,0,0,Not Available,Not Available,12/31/2016,Not Available,Not Available,Not Available,Ok,0,Not Available,Not Available,Not Available,Not Available,Not Available,Not Available,Not Available,Not Available,7196999.4,Not Available,Not Available,Not Available,Not Available,Not Available,Not Available,Bronx,61500,Not Available,Not Available,Not Available,Not Available,100,Not Available,Not Available,1.4,No,0,5397001.4,Not Available,Ok,2017738,Not Available,BRONX,Yes,Multifamily Housing,Not Available,Ok,Not Available,Not Available,3320 Holding LLC-Not Available
Not Available,Not Available,83,Not Available,Not Available,Not Available,Not Available,Not Available,Not Available,Not Available,Not Available,Not Available,Not Available,,No,50,Not Available,No,Not Available,Not Available,Not Available,Not Available,40.737411,Not Available,0.67546,0,Not Available,Not Available,Not Available,Not Available,Not Available,Not Available,Ok,0,Not Available,Not Available,Not Available,Not Available,Not Available,Not Available,Not Available,Not Available,Not Available,Not Available,Not Available,Not Available,Not Available,Not Available,Not Available,Queens,122880,Not Available,Not Available,Not Available,0,100,Not Available,Not Available,0.6429,Unable to Check (not enough data),0,6116948.5,Not Available,Not Available,4045397,Not Available,QUEENS,No,Multifamily Housing,Not Available,Not Available,Not Available,Not Available,Pi Capital Partners : 86-55 Broadway-Not Available
Not Available,Not Available,Not Available,Not Available,Not Available,Not Available,Not Available,Not Available,Not Available,Not Available,Not Available,Not Available,Not Available,,No,50,60,No,Not Available,Not Available,Not Available,Not Available,40.716784,Not Available,Not Available,0,Not Available,Not Available,Not Available,Not Available,Not Available,Not Available,Ok,Not Available,1.40598,Not Available,Not Available,Not Available,Not Available,Not Available,Not Available,Not Available,6054910.1,Not Available,Not Available,Not Available,80,Not Available,Not Available,Brooklyn,Not Available,Not Available,Not Available,Not Available,Not Available,Not Available,Not Available,Not Available,Not Available,Unable to Check (not enough data),0,3571001.8,Not Available,Not Available,3251740,Not Available,BROOKLYN,No,Office,Not Available,Not Available,Not Available,Not Available,240 Kent  Avenue-Not Available
Not Available,Not Available,Not Available,Not Available,Not Available,Not Available,Not Available,Not Available,Not Available,Not Available,Not Available,Not Available,Not Available,,No,50,55,No,Not Available,Not Available,Not Available,Not Available,40.692648,Not Available,Not Available,0,Not Available,Not Available,Not Available,Not Available,Not Available,Not Available,Ok,Not Available,1.13852,Not Available,Not Available,Not Available,Not Available,Not Available,Not Available,Not Available,5417807.2,Not Available,Not Available,Not Available,60,Not Available,Not Available,Brooklyn,Not Available,Not Available,Not Available,Not Available,Not Available,Not Available,Not Available,Not Available,Not Available,Unable to Check (not enough data),0,3226546.8,Not Available,Not Available,3058261,Not Available,BROOKLYN,No,Office,Not Available,Not Available,Not Available,Not Available,147 Prince Street-Not Available
Not Available,Not Available,0,Not Available,Not Available,Not Available,Not Available,Not Available,Not Available,Not Available,Not Available,Not Available,Not Available,,Yes,50,Not Available,No,Not Available,Not Available,Not Available,Not Available,40.68581,Not Available,0,0,Not Available,Not Available,Not Available,Not Available,Not Available,Not Available,Ok,0,Not Available,Not Available,Not Available,Not Available,Not Available,Not Available,Not Available,Not Available,20586682.6,Not Available,Not Available,Not Available,Not Available,Not Available,Not Available,Brooklyn,148500,Not Available,Not Available,Not Available,Not Available,Not Available,Not Available,Not Available,1.4,Unable to Check (not enough data),0,13204547.3,Not Available,Ok,3000753,Not Available,BROOKLYN,Yes,Multifamily Housing,Not Available,Ok,Not Available,Not Available,YWCA of Brooklyn-Not Available
Not Available,Not Available,Not Available,Not Available,Not Available,Not Available,Not Available,Not Available,Not Available,Not Available,Not Available,5297.9,Not Available,,No,50,305,No,Not Available,Not Available,Not Available,Not Available,40.690019,Not Available,Not Available,0,Not Available,Not Available,12/31/2016,Not Available,Not Available,Not Available,Ok,Not Available,3.63992,Not Available,Not Available,Not Available,Not Available,Not Available,Not Available,Not Available,19262914.6,Not Available,Not Available,Not Available,324,Not Available,Not Available,Brooklyn,Not Available,Not Available,Not Available,Not Available,Not Available,Not Available,Not Available,Not Available,Not Available,No,0,7919307.7,Not Available,Ok,3391746,Not Available,BROOKLYN,No,Office,Not Available,Ok,Not Available,Not Available,Treeline West LLC 177 Livingston St-Not Available
Not Available,Not Available,817,Not Available,Not Available,Not Available,Not Available,Not Available,Not Available,Not Available,Not Available,Not Available,Not Available,17.0,Yes,50,Not Available,No,Not Available,Not Available,Not Available,Not Available,40.694013,Not Available,0.60559,Not Available,Not Available,Not Available,Not Available,Not Available,Not Available,Not Available,Ok,835,Not Available,Not Available,Not Available,Not Available,Not Available,Not Available,Not Available,Not Available,Not Available,Not Available,Not Available,Not Available,Not Available,Not Available,Not Available,BROOKLYN,1349100,Not Available,Not Available,Not Available,Not Available,90,Not Available,Not Available,2.73886,Unable to Check (not enough data),Not Available,Not Available,Not Available,Ok,3335245;3335246;3335247;3335249;3335250;3335251;3335252;3335253;3335254;3335255;3335256;3335257;3335258;3335259;3335261;3335262;3345021,Not Available,BROOKLYN,No,Multifamily Housing,Not Available,Possible Issue,Not Available,Not Available,WHITMAN-Not Available
Not Available,Not Available,Not Available,Not Available,Not Available,Not Available,Not Available,Not Available,Not Available,104500,Not Available,Not Available,Not Available,,No,50,Not Available,No,Not Available,Not Available,Not Available,Not Available,40.714432,Not Available,Not Available,0,Not Available,Not Available,Not Available,Not Available,Not Available,Not Available,Ok,Not Available,Not Available,Not Available,Not Available,Not Available,Not Available,Not Available,Not Available,Not Available,7374881.9,Not Available,Not Available,Not Available,Not Available,Not Available,Not Available,Brooklyn,Not Available,Not Available,Not Available,Not Available,Not Available,Not Available,Not Available,Not Available,Not Available,No,0,6058577.5,Not Available,Ok,3070523,Not Available,BROOKLYN,Yes,Non-Refrigerated Warehouse,Not Available,Possible Issue,Not Available,Not Available,1148 Metropolitan Avenue-Not Available
Not Available,Not Available,209,Not Available,Not Available,Not Available,Not Available,Not Available,Not Available,Not Available,Not Available,Not Available,Not Available,1.0,No,50,Not Available,No,Not Available,Not Available,Not Available,Not Available,40.70395,Not Available,0.93137,0,Not Available,Not Available,Not Available,Not Available,Not Available,Not Available,Ok,0,Not Available,Not Available,Not Available,Not Available,Not Available,Not Available,Not Available,Not Available,16200227.7,Not Available,Not Available,Not Available,Not Available,Not Available,Not Available,BROOKLYN,224400,Not Available,Not Available,Not Available,0,90,Not Available,Not Available,1.83155,Unable to Check (not enough data),0,5904226.9,Not Available,Ok,3071469,Not Available,BROOKLYN,No,Multifamily Housing,Not Available,Ok,Not Available,Not Available,HYLAN-Not Available
Not Available,Not Available,Not Available,Not Available,Not Available,Not Available,Not Available,Not Available,Not Available,Not Available,Not Available,118.6,Not Available,,No,50,Not Available,No,Not Available,Not Available,Not Available,Not Available,40.672944,Not Available,Not Available,0,Not Available,Not Available,12/31/2016,Not Available,Not Available,Not Available,Ok,Not Available,Not Available,Not Available,Not Available,Not Available,Not Available,Not Available,Not Available,Not Available,12676497.5,Not Available,Not Available,Not Available,Not Available,Not Available,Not Available,Brooklyn,Not Available,Not Available,Not Available,Not Available,Not Available,Not Available,Not Available,Not Available,Not Available,No,0,7588014.7,Not Available,Ok,3413958,Not Available,BROOKLYN,Yes,K-12 School,Not Available,Ok,Not Available,Not Available,556 Columbia Street-Not Available
Not Available,Not Available,0,Not Available,Not Available,Not Available,Not Available,Not Available,Not Available,Not Available,Not Available,6209.1,Not Available,,Yes,50,Not Available,No,Not Available,Not Available,Not Available,Not Available,40.761667,Not Available,0,0,Not Available,Not Available,12/31/2016,Not Available,Not Available,Not Available,Ok,0,Not Available,Not Available,Not Available,3097.9,Not Available,Not Available,Not Available,Not Available,1025671.1,Not Available,Not Available,Not Available,Not Available,Not Available,Not Available,Bayside,51150,Not Available,Not Available,Not Available,0,100,Not Available,Not Available,3.60704,No,0,490254.5,Not Available,Ok,4138367,Not Available,QUEENS,No,Multifamily Housing,Not Available,Ok,Not Available,Not Available,21432 43rd ave-Not Available
Not Available,Not Available,Not Available,Not Available,Not Available,Not Available,Not Available,Not Available,Not Available,Not Available,Not Available,2754.8,Not Available,,Yes,50,2344,No,Not Available,Not Available,Not Available,Not Available,40.765595,Not Available,Not Available,0,Not Available,Not Available,02/28/2017,Not Available,Not Available,Not Available,Ok,Not Available,12.235,Not Available,Not Available,Not Available,Not Available,Not Available,Not Available,Not Available,4275080.6,Not Available,Not Available,Not Available,2447,Not Available,Not Available,New York,Not Available,Not Available,Not Available,Not Available,Not Available,Not Available,Not Available,Not Available,Not Available,No,0,1847997.3,Not Available,Not Available,1086135,Not Available,MANHATTAN,No,Office,Not Available,Not Available,Not Available,Not Available,Random House NY Cellar-Not Available
Not Available,Not Available,Not Available,Not Available,Not Available,Not Available,Not Available,Not Available,Not Available,Not Available,Not Available,Not Available,Not Available,,No,50,Not Available,No,Not Available,Not Available,Not Available,Not Available,40.823831,Not Available,Not Available,0,Not Available,Not Available,Not Available,Not Available,Not Available,Not Available,Ok,Not Available,Not Available,Not Available,Not Available,Not Available,Not Available,Not Available,Not Available,Not Available,Not Available,Not Available,Not Available,Not Available,Not Available,Not Available,Not Available,Bronx,Not Available,Not Available,30000,Not Available,Not Available,Not Available,Parking,Not Available,Not Available,Unable to Check (not enough data),0,6371371.4,Not Available,Ok,2022641,Not Available,BRONX,Yes,Office,Not Available,Ok,Not Available,Not Available,Soundview Ave-Not Available
Not Available,Not Available,Not Available,2777.81,Not Available,Not Available,LEED,Not Available,Not Available,Not Available,Not Available,16237.6,Not Available,,No,50,Not Available,No,Not Available,Not Available,Not Available,Not Available,40.713767,Not Available,Not Available,0,Not Available,Not Available,02/28/2017,Not Available,"2012, 2011, 2010, 2009, 2008",Not Available,Ok,Not Available,Not Available,Not Available,07/01/2011,Not Available,Not Available,Not Available,Not Available,Not Available,257382253.3,Not Available,Not Available,Not Available,Not Available,Not Available,3030.81,New York,Not Available,Not Available,Not Available,1000002490,Not Available,Not Available,Not Available,Not Available,Not Available,No,0,105321100.8,07/01/2011,Ok,1001416,Not Available,MANHATTAN,No,Financial Office,Not Available,Ok,Not Available,1149222,101 Barclay-Not Available
Not Available,Not Available,Not Available,Not Available,Not Available,Not Available,Not Available,Not Available,90,Not Available,Not Available,155.6,Not Available,,No,50,Not Available,No,Not Available,Not Available,Not Available,Not Available,40.761252,Not Available,Not Available,0,Not Available,Not Available,03/31/2017,Not Available,Not Available,Not Available,Ok,Not Available,Not Available,Not Available,Not Available,Not Available,Not Available,Not Available,Not Available,Not Available,40256008.1,Not Available,Not Available,0.5,Not Available,Not Available,Not Available,New York,Not Available,Not Available,Not Available,Not Available,Not Available,Not Available,Not Available,Not Available,Not Available,No,0,14083700,Not Available,Ok,1034800,Not Available,MANHATTAN,No,Hotel,Not Available,Ok,Not Available,Not Available,university club of New York-Not Available
Not Available,Not Available,0,Not Available,Not Available,Not Available,Not Available,Not Available,Not Available,Not Available,Not Available,Not Available,Not Available,,No,50,Not Available,No,Not Available,Not Available,Not Available,Not Available,40.856966,Not Available,0,0,Not Available,Not Available,12/31/2012,Not Available,Not Available,Not Available,Ok,63,Not Available,Not Available,Not Available,Not Available,Not Available,Not Available,Not Available,Not Available,8560486.6,Not Available,Not Available,Not Available,Not Available,Not Available,Not Available,Bronx,87500,Not Available,2500,Not Available,5,100,Parking,Not Available,0.72,No,0,6464159.5,Not Available,Ok,2049243,Not Available,BRONX,No,Multifamily Housing,Not Available,Possible Issue,Not Available,Not Available,Rraci:  1144 Pelham Parkway S.-Not Available
Not Available,Not Available,Not Available,Not Available,Not Available,1173427.7,Not Available,Not Available,Not Available,Not Available,Not Available,12953.1,Not Available,,Yes,50,Not Available,No,Not Available,Not Available,Not Available,Not Available,40.692375,Not Available,Not Available,0,Not Available,Not Available,12/31/2016,Not Available,Not Available,Not Available,Ok,Not Available,Not Available,Not Available,Not Available,Not Available,Not Available,Not Available,Not Available,Not Available,Not Available,Not Available,Not Available,Not Available,Not Available,Not Available,Not Available,Brooklyn,Not Available,Not Available,Not Available,Not Available,Not Available,Not Available,Not Available,Not Available,Not Available,No,0,21123588,Not Available,Not Available,3058264,Not Available,BROOKLYN,No,Residential Care Facility,Not Available,Not Available,Not Available,Not Available,The Phoenix Rehab-Not Available
Not Available,Not Available,Not Available,Not Available,Not Available,Not Available,Not Available,Not Available,Not Available,Not Available,Not Available,Not Available,Not Available,,Yes,50,313,No,Not Available,Not Available,Not Available,Not Available,40.753288,Not Available,Not Available,0,Not Available,Not Available,12/31/2014,Not Available,Not Available,Not Available,Ok,Not Available,1.07083,Not Available,Not Available,Not Available,Not Available,Not Available,Not Available,Not Available,18645279.6,Not Available,Not Available,Not Available,188,Not Available,Not Available,New York,Not Available,Not Available,Not Available,Not Available,Not Available,Not Available,Not Available,Not Available,Not Available,No,0,Not Available,Not Available,Ok,1014457,Not Available,MANHATTAN,No,Office,Not Available,Possible Issue,Not Available,Not Available,225 West 37th Street BBL: 1007870025 (BIN): 1014457-Not Available
Not Available,Not Available,Not Available,Not Available,Not Available,Not Available,Not Available,Not Available,Not Available,Not Available,Not Available,2456.1,Not Available,,No,50,287.5,No,Not Available,Not Available,Not Available,Not Available,40.70236,Not Available,Not Available,0,Not Available,Not Available,12/31/2016,Not Available,Not Available,Not Available,Ok,Not Available,2,Not Available,Not Available,Not Available,Not Available,Not Available,Not Available,Not Available,Not Available,Not Available,Not Available,Not Available,250,Not Available,Not Available,Jamaica,Not Available,Not Available,Not Available,Not Available,Not Available,Not Available,Not Available,Not Available,Not Available,No,0,19651616.3,Not Available,Ok,4196414,Not Available,QUEENS,Yes,Office,Not Available,Ok,Not Available,Not Available,Axel Building-Not Available
Not Available,Not Available,Not Available,Not Available,Not Available,Not Available,Not Available,Not Available,Not Available,Not Available,Not Available,Not Available,Not Available,,No,50,Not Available,No,Not Available,Not Available,Not Available,Not Available,40.729704,Not Available,Not Available,0,Not Available,Not Available,Not Available,Not Available,Not Available,Not Available,Ok,Not Available,Not Available,Not Available,Not Available,Not Available,Not Available,Not Available,Not Available,Not Available,5983893.5,Not Available,Not Available,Not Available,Not Available,Not Available,Not Available,FLUSHING,Not Available,Not Available,Not Available,Not Available,Not Available,Not Available,Not Available,Not Available,Not Available,Unable to Check (not enough data),0,2242810.2,Not Available,Ok,4143956,Not Available,QUEENS,No,K-12 School,Not Available,Ok,Not Available,Not Available,YESHIVA CENTRAL QUEENS-Not Available
Not Available,Not Available,Not Available,Not Available,Not Available,Not Available,Not Available,Not Available,Not Available,Not Available,Not Available,Not Available,Not Available,,No,50,Not Available,No,Not Available,Not Available,Not Available,Not Available,40.851605,Not Available,Not Available,0,Not Available,Not Available,Not Available,Not Available,Not Available,Not Available,Ok,Not Available,Not Available,Not Available,Not Available,Not Available,Not Available,Not Available,Not Available,Not Available,Not Available,Not Available,Not Available,Not Available,Not Available,Not Available,Not Available,Bronx,Not Available,Not Available,198200,Not Available,Not Available,Not Available,Not Available,Not Available,Not Available,Unable to Check (not enough data),0,1130713.4,Not Available,Not Available,2118236,Not Available,BRONX,No,Parking,Not Available,Not Available,Not Available,Not Available,STB044003 St Barnabas Parking 4400 3rd Ave-Not Available
Not Available,Not Available,0,Not Available,Not Available,4088802.1,Not Available,Not Available,Not Available,Not Available,Not Available,6043.3,Not Available,,No,50,Not Available,No,Not Available,Not Available,Not Available,Not Available,40.706554,Not Available,0,0,Not Available,Not Available,03/31/2017,Not Available,Not Available,Not Available,Ok,0,Not Available,Not Available,Not Available,Not Available,Not Available,Not Available,Not Available,Not Available,11631964.8,Not Available,Not Available,Not Available,Not Available,Not Available,Not Available,Jamaica,55500,Not Available,Not Available,Not Available,0,10,Not Available,Not Available,1.31532,No,0,10390998.4,Not Available,Ok,4208904,Not Available,QUEENS,No,Multifamily Housing,Not Available,Ok,Not Available,Not Available,ZARA - 88-06 Parsons Blvd-Not Available
Not Available,Not Available,0,Not Available,Not Available,Not Available,Not Available,Not Available,Not Available,Not Available,Not Available,Not Available,Not Available,,No,50,Not Available,Yes,Not Available,Not Available,Not Available,Not Available,40.750574,Not Available,0,0,Not Available,35-30 73rd Street,02/29/2016,Not Available,Not Available,Not Available,Ok,96,Not Available,Not Available,Not Available,Not Available,Not Available,Not Available,Not Available,Not Available,7609518.3,Not Available,Not Available,Not Available,Not Available,Not Available,Not Available,Queens,99552,Not Available,Not Available,Not Available,Not Available,0,Not Available,Not Available,1.4,No,0,7475508.5,Not Available,Ok,4431325;4431326,Not Available,QUEENS,Yes,Multifamily Housing,Not Available,Possible Issue,Not Available,Not Available,Surfair Equities LTD-Not Available
Not Available,Not Available,0,Not Available,Not Available,11952221.2,Not Available,Not Available,Not Available,Not Available,Not Available,Not Available,Not Available,,Yes,50,Not Available,No,Not Available,Not Available,Not Available,Not Available,40.836194,Not Available,0,0,Not Available,Not Available,Not Available,Not Available,Not Available,Not Available,Ok,168,Not Available,Not Available,Not Available,Not Available,Not Available,Not Available,Not Available,Not Available,27765061.7,Not Available,Not Available,Not Available,Not Available,Not Available,Not Available,Bronx,217800,Not Available,Not Available,Not Available,Not Available,Not Available,Not Available,Not Available,1.43251,Unable to Check (not enough data),0,21769233,Not Available,Ok,2092914;2092915,Not Available,BRONX,No,Multifamily Housing,Not Available,Ok,Not Available,Not Available,"Archer Cooperative, Inc.-Not Available"
Not Available,Not Available,157,Not Available,Not Available,Not Available,Not Available,Not Available,100,Not Available,Not Available,Not Available,Not Available,,No,50,Not Available,Yes,Not Available,Not Available,Not Available,Not Available,40.712427,Not Available,0.32723,0,Not Available,Not Available,Not Available,Not Available,Not Available,Not Available,Ok,0,Not Available,Not Available,Not Available,Not Available,Not Available,0,Not Available,Not Available,109663874,Not Available,Not Available,0.80244,Not Available,Not Available,Not Available,New York,479788,Not Available,Not Available,Not Available,Not Available,100,Hotel,Not Available,0.62528,Unable to Check (not enough data),0,Not Available,Not Available,Not Available,1089428,Not Available,MANHATTAN,Yes,Multifamily Housing,Not Available,Not Available,Not Available,Not Available,Four Seasons Hotel NYC Downtown-Not Available
Not Available,Not Available,Not Available,Not Available,Not Available,Not Available,Not Available,Not Available,90,Not Available,Not Available,Not Available,Not Available,,Yes,50,Not Available,No,Not Available,Not Available,Not Available,Not Available,40.758876,Not Available,Not Available,0,Not Available,Not Available,Not Available,Not Available,Not Available,Not Available,Ok,Not Available,Not Available,Not Available,Not Available,Not Available,Not Available,Not Available,Not Available,Not Available,106771203,Not Available,Not Available,2.39437,Not Available,Not Available,Not Available,New York,Not Available,Not Available,Not Available,Not Available,Not Available,Not Available,Not Available,Not Available,Not Available,Unable to Check (not enough data),0,60622571.2,Not Available,Ok,1024711,Not Available,MANHATTAN,No,Hotel,Not Available,Ok,Not Available,Not Available,Row NYC-Not Available
Not Available,Not Available,92,Not Available,Not Available,Not Available,Not Available,Not Available,Not Available,Not Available,Not Available,3022.2,Not Available,,Yes,50,Not Available,No,Not Available,Not Available,Not Available,Not Available,40.775856,Not Available,1.06977,0,Not Available,Not Available,12/31/2016,Not Available,Not Available,Not Available,Ok,0,Not Available,Not Available,Not Available,Not Available,Not Available,Not Available,Not Available,Not Available,11423299.3,Not Available,Not Available,Not Available,Not Available,Not Available,Not Available,New York,86000,Not Available,4000,Not Available,2,100,Parking,Not Available,1.26744,No,0,8376057.3,Not Available,Ok,1050534,Not Available,MANHATTAN,No,Multifamily Housing,Not Available,Ok,Not Available,Not Available,"415 East 85th Street, New York-Not Available"
Not Available,Not Available,0,Not Available,Not Available,Not Available,Not Available,Not Available,Not Available,Not Available,Not Available,8103.3,Not Available,,No,50,Not Available,No,Not Available,Not Available,Not Available,Not Available,40.855513,Not Available,0,0,Not Available,Not Available,02/28/2017,Not Available,Not Available,Not Available,Ok,0,Not Available,Not Available,Not Available,Not Available,Not Available,Not Available,Not Available,Not Available,6418100.3,Not Available,Not Available,Not Available,Not Available,Not Available,Not Available,New York,85000,Not Available,Not Available,Not Available,Not Available,100,Not Available,Not Available,1.4,No,0,6193321.8,Not Available,Ok,Not Available,Not Available,MANHATTAN,Yes,Multifamily Housing,Not Available,Ok,Not Available,Not Available,S & E Bridge-Not Available
Not Available,Not Available,0,Not Available,Not Available,Not Available,Not Available,Not Available,Not Available,Not Available,Not Available,126.4,Not Available,,No,50,Not Available,No,Not Available,Not Available,Not Available,Not Available,40.709058,Not Available,0,0,Not Available,Not Available,12/31/2016,Not Available,Not Available,Not Available,Ok,0,Not Available,Not Available,Not Available,Not Available,Not Available,Not Available,Not Available,Not Available,Not Available,Not Available,Not Available,Not Available,Not Available,Not Available,Not Available,Brooklyn,118664,Not Available,Not Available,Not Available,0,100,Not Available,Not Available,0.00843,No,0,531183.6,Not Available,Ok,3072166,Not Available,BROOKLYN,No,Multifamily Housing,Not Available,Ok,Not Available,Not Available,Lincoln Property: 1300 Flushing Ave-Not Available
Not Available,Not Available,0,Not Available,Not Available,Not Available,Not Available,Not Available,Not Available,Not Available,Not Available,5321.6,Not Available,,No,50,Not Available,No,Not Available,Not Available,Not Available,Not Available,40.766106,Not Available,0,0,0,Not Available,12/31/2016,Not Available,Not Available,0,Ok,34,Not Available,Not Available,Not Available,Not Available,Not Available,Not Available,Not Available,10000,13748913.3,Not Available,Not Available,Not Available,Not Available,Not Available,Not Available,New York,90000,Not Available,Not Available,Not Available,0,100,Retail Store,Not Available,1.13333,No,0,7251639.9,Not Available,Ok,1025421,Not Available,MANHATTAN,Yes,Multifamily Housing,Not Available,Ok,Not Available,Not Available,360 West 55th Street-Not Available
Not Available,Not Available,0,Not Available,Not Available,Not Available,Not Available,Not Available,Not Available,Not Available,Not Available,3876.6,Not Available,,Yes,50,Not Available,No,Not Available,Not Available,Not Available,Not Available,40.766878,Not Available,0,0,Not Available,Not Available,12/31/2016,Not Available,Not Available,Not Available,Ok,68,Not Available,Not Available,Not Available,1934.2,Not Available,Not Available,Not Available,Not Available,5485418.1,Not Available,Not Available,Not Available,Not Available,Not Available,Not Available,Douglaston,61578,Not Available,Not Available,Not Available,0,100,Not Available,Not Available,1.4,No,0,5155796.5,Not Available,Ok,4168843,Not Available,QUEENS,Yes,Multifamily Housing,Not Available,Ok,Not Available,Not Available,4325 Douglaston Parkway-Not Available
Not Available,Not Available,0,Not Available,Not Available,703524,Not Available,Not Available,Not Available,Not Available,Not Available,Not Available,Not Available,13.0,Yes,50,Not Available,No,Not Available,Not Available,Not Available,Not Available,40.66713,Not Available,0,Not Available,Not Available,Not Available,Not Available,Not Available,Not Available,Not Available,Ok,857,Not Available,Not Available,Not Available,Not Available,Not Available,Not Available,Not Available,Not Available,Not Available,Not Available,Not Available,Not Available,Not Available,Not Available,Not Available,BROOKLYN,944590,Not Available,Not Available,Not Available,0,90,Not Available,Not Available,1.91618,Unable to Check (not enough data),Not Available,Not Available,Not Available,Ok,3328033;3328034;3328050;3328051;3084282;3084284;3328036;3328035;3328048;3328049;3336125;3336124;3084439,Not Available,BROOKLYN,No,Multifamily Housing,Not Available,Possible Issue,Not Available,Not Available,UNITY PLAZA (ALL SITES)/LONG ISLAND BAPTIST HOUSES CAMPUS-Not Available
Not Available,Not Available,Not Available,Not Available,Not Available,2167938.4,Not Available,Not Available,Not Available,Not Available,Not Available,819.3,Not Available,,Yes,50,200,No,Not Available,Not Available,Not Available,Not Available,40.738851,Not Available,Not Available,0,Not Available,Not Available,12/31/2016,Not Available,Not Available,Not Available,Ok,Not Available,3.04878,Not Available,Not Available,Not Available,Not Available,Not Available,Not Available,Not Available,6582802.2,Not Available,Not Available,Not Available,200,Not Available,Not Available,New York,Not Available,Not Available,Not Available,Not Available,Not Available,Not Available,Not Available,Not Available,Not Available,No,0,3539821.6,Not Available,Ok,1016211,Not Available,MANHATTAN,No,Office,Not Available,Ok,Not Available,Not Available,17219 - 45 East 20th Street (BBL): 1-00849-0031 (BIN) 1016211-Not Available
Not Available,Not Available,Not Available,Not Available,Not Available,Not Available,Not Available,Not Available,Not Available,Not Available,Not Available,Not Available,Not Available,,No,50,Not Available,No,Not Available,Not Available,Not Available,Not Available,40.782088,Not Available,Not Available,0,Not Available,Not Available,Not Available,Not Available,Not Available,Not Available,Ok,Not Available,Not Available,Not Available,Not Available,Not Available,Not Available,Not Available,Not Available,Not Available,10954724.2,Not Available,Not Available,Not Available,Not Available,Not Available,Not Available,New York,Not Available,Not Available,Not Available,Not Available,Not Available,Not Available,Not Available,Not Available,Not Available,Unable to Check (not enough data),0,4692296.7,Not Available,Ok,1031012,Not Available,MANHATTAN,No,K-12 School,Not Available,Ok,Not Available,Not Available,310 West 75th Street-Not Available
Not Available,Not Available,0,Not Available,Not Available,Not Available,Not Available,Not Available,Not Available,Not Available,Not Available,29888.4,Not Available,,No,50,Not Available,No,Not Available,Not Available,Not Available,Not Available,40.877681,Not Available,0,0,Not Available,Not Available,12/31/2016,Not Available,Not Available,Not Available,Ok,20,Not Available,Not Available,Not Available,Not Available,Not Available,Not Available,Not Available,Not Available,3015391.1,Not Available,Not Available,Not Available,Not Available,Not Available,Not Available,Bronx,60850,Not Available,Not Available,Not Available,0,90,Not Available,Not Available,1.28184,No,0,1148327.3,Not Available,Ok,2018610,Not Available,BRONX,No,Multifamily Housing,Not Available,Ok,Not Available,Not Available,"DECATUR ENTERPRISE, LLC-Not Available"
Not Available,Not Available,0,Not Available,Not Available,553587,Not Available,Not Available,Not Available,Not Available,Not Available,12561.7,Not Available,,No,50,Not Available,No,Not Available,Not Available,Not Available,Not Available,40.651888,Not Available,0,0,Not Available,Not Available,12/31/2016,Not Available,Not Available,Not Available,Ok,0,Not Available,Not Available,Not Available,Not Available,Not Available,Not Available,Not Available,Not Available,15467481.9,Not Available,Not Available,Not Available,Not Available,Not Available,Not Available,Brooklyn,115374,Not Available,Not Available,Not Available,Not Available,100,Not Available,Not Available,1.4,No,0,11967284.1,Not Available,Not Available,3116550,Not Available,BROOKLYN,Yes,Multifamily Housing,Not Available,Not Available,Not Available,Not Available,441 Ocean Avenue Associates-Not Available
Not Available,Not Available,1054,Not Available,Not Available,48714,Not Available,Not Available,Not Available,Not Available,Not Available,Not Available,Not Available,13.0,No,50,Not Available,No,Not Available,Not Available,Not Available,Not Available,40.788974,Not Available,0.90546,0,Not Available,Not Available,Not Available,Not Available,Not Available,Not Available,Ok,192,Not Available,Not Available,Not Available,Not Available,Not Available,Not Available,Not Available,Not Available,103669299,Not Available,Not Available,Not Available,Not Available,Not Available,Not Available,MANHATTAN,1164050,Not Available,Not Available,Not Available,Not Available,90,Not Available,Not Available,2.28083,Unable to Check (not enough data),0,107295633.2,Not Available,Ok,1078838;1078839;1078840;1078841;1079192;1079193;1082312;1082313;1082314;1082315;1082659;1082660;1082661,Not Available,MANHATTAN,No,Multifamily Housing,Not Available,Ok,Not Available,Not Available,CARVER-Not Available
Not Available,Not Available,75,Not Available,Not Available,Not Available,Not Available,Not Available,Not Available,Not Available,Not Available,1487.1,Not Available,,No,50,Not Available,No,Not Available,Not Available,Not Available,Not Available,40.584033,Not Available,0.42657,0,Not Available,Not Available,12/31/2016,Not Available,Not Available,Not Available,Ok,0,Not Available,Not Available,Not Available,Not Available,Not Available,Not Available,Not Available,Not Available,2066682.1,Not Available,Not Available,Not Available,Not Available,Not Available,Not Available,Brooklyn,175820,Not Available,Not Available,Not Available,0,100,Not Available,Not Available,0.69389,No,0,722573.6,Not Available,Ok,3394338,Not Available,BROOKLYN,No,Multifamily Housing,Not Available,Ok,Not Available,Not Available,Jalen Management: 3132 Emmons Ave-Not Available
Not Available,Not Available,0,Not Available,Not Available,Not Available,Not Available,Not Available,Not Available,Not Available,Not Available,Not Available,Not Available,,No,50,Not Available,No,Not Available,Not Available,Not Available,Not Available,40.689767,Not Available,0,0,Not Available,Not Available,Not Available,Not Available,Not Available,Not Available,Ok,11,Not Available,Not Available,Not Available,Not Available,Not Available,Not Available,Not Available,Not Available,4336382.2,Not Available,Not Available,Not Available,Not Available,Not Available,Not Available,Queens,53197,Not Available,Not Available,Not Available,0,100,Not Available,Not Available,1.39106,No,0,2513565.4,Not Available,Ok,4607744,Not Available,QUEENS,No,Multifamily Housing,Not Available,Possible Issue,Not Available,Not Available,162-25 112th Road-Not Available
Not Available,Not Available,0,Not Available,Not Available,Not Available,Not Available,Not Available,Not Available,Not Available,Not Available,739.3,Not Available,,Yes,50,Not Available,No,Not Available,Not Available,Not Available,Not Available,40.861098,Not Available,0,0,Not Available,Not Available,12/31/2016,Not Available,Not Available,Not Available,Ok,0,Not Available,Not Available,Not Available,Not Available,Not Available,Not Available,Not Available,Not Available,5743943.7,Not Available,Not Available,Not Available,Not Available,Not Available,Not Available,New York,51780,Not Available,Not Available,Not Available,Not Available,100,Not Available,Not Available,1.4,No,0,5754200.5,Not Available,Ok,1064194,Not Available,MANHATTAN,Yes,Multifamily Housing,Not Available,Ok,Not Available,Not Available,Dunmore Realty LLC-Not Available
Not Available,Not Available,0,Not Available,Not Available,Not Available,Not Available,Not Available,Not Available,Not Available,Not Available,Not Available,Not Available,,Yes,50,Not Available,No,Not Available,Not Available,Not Available,Not Available,40.665144,Not Available,0,0,Not Available,Not Available,12/31/2014,Not Available,Not Available,Not Available,Ok,59,Not Available,Not Available,Not Available,Not Available,Not Available,Not Available,Not Available,Not Available,7793340.7,Not Available,Not Available,Not Available,Not Available,Not Available,Not Available,Brooklyn,58631,Not Available,Not Available,Not Available,0,100,Not Available,Not Available,3.44528,No,0,6151201.5,Not Available,Ok,3038310,Not Available,BROOKLYN,No,Multifamily Housing,Not Available,Possible Issue,Not Available,Not Available,Brenda Management Corp.-Not Available
Not Available,Not Available,0,Not Available,Not Available,0,Not Available,Not Available,Not Available,Not Available,Not Available,Not Available,Not Available,16.0,Yes,50,Not Available,No,Not Available,Not Available,Not Available,Not Available,40.754771,Not Available,0,Not Available,Not Available,Not Available,Not Available,Not Available,Not Available,Not Available,Ok,1604,Not Available,Not Available,Not Available,Not Available,Not Available,Not Available,Not Available,Not Available,Not Available,Not Available,Not Available,Not Available,Not Available,Not Available,Not Available,QUEENS,1284600,Not Available,Not Available,Not Available,Not Available,90,Not Available,Not Available,2.03954,Unable to Check (not enough data),Not Available,Not Available,Not Available,Possible Issue,4433389;4433390;4433391;4433392;4433393;4433398;4433399;4433403;4433404;4433405;4433410;4433411;4433416;4433417;4433421;4433422,Not Available,QUEENS,No,Multifamily Housing,Not Available,Possible Issue,Not Available,Not Available,QUEENSBRIDGE SOUTH-Not Available
Not Available,Not Available,0,Not Available,Not Available,Not Available,Not Available,Not Available,Not Available,Not Available,Not Available,5608.5,Not Available,,No,50,Not Available,Yes,Not Available,Not Available,Not Available,Not Available,40.866186,Not Available,0,0,1.001,Not Available,12/31/2016,Not Available,Not Available,1.001,Ok,72,Not Available,Not Available,Not Available,Not Available,Not Available,Not Available,Not Available,999,Not Available,Not Available,Not Available,Not Available,Not Available,Not Available,Not Available,New York,86352,Not Available,Not Available,Not Available,2,100,Retail Store,Not Available,1.56337,No,0,Not Available,Not Available,Possible Issue,Not Available,Not Available,MANHATTAN,Yes,Multifamily Housing,Not Available,Ok,Not Available,Not Available,1803 Riverside Drive-Not Available
Not Available,Not Available,0,Not Available,Not Available,Not Available,Not Available,Not Available,Not Available,Not Available,Not Available,9746.8,Not Available,,No,50,Not Available,No,Not Available,Not Available,Not Available,Not Available,40.604581,Not Available,0,0,Not Available,Not Available,12/31/2016,Not Available,Not Available,Not Available,Ok,81,Not Available,Not Available,Not Available,Not Available,Not Available,Not Available,Not Available,Not Available,10067828.6,Not Available,Not Available,Not Available,Not Available,Not Available,Not Available,Brooklyn,84460,Not Available,Not Available,Not Available,0,100,Not Available,Not Available,0.87615,No,0,7157841,Not Available,Ok,3183927,Not Available,BROOKLYN,No,Multifamily Housing,Not Available,Ok,Not Available,Not Available,Clipper - 1833 East 12th St-Not Available
Not Available,Not Available,Not Available,Not Available,Not Available,Not Available,Not Available,Not Available,Not Available,Not Available,Not Available,11594.9,Not Available,,No,50,Not Available,No,Not Available,Not Available,Not Available,Not Available,40.752328,Not Available,Not Available,0,Not Available,Not Available,04/30/2017,Not Available,Not Available,Not Available,Ok,Not Available,Not Available,Not Available,Not Available,Not Available,Not Available,Not Available,Not Available,Not Available,Not Available,Not Available,Not Available,Not Available,Not Available,Not Available,Not Available,New York,Not Available,Not Available,Not Available,Not Available,Not Available,Not Available,Not Available,Not Available,Not Available,No,0,34311635.3,Not Available,Ok,Not Available,Not Available,MANHATTAN,No,Other,Not Available,Ok,Not Available,Not Available,"Gadol 45 Owner, LLC-Not Available"
Not Available,Not Available,Not Available,Not Available,Not Available,Not Available,Not Available,Not Available,100,Not Available,Not Available,3928.3,Not Available,,No,50,Not Available,No,Not Available,Not Available,Not Available,Not Available,40.717182,Not Available,Not Available,0,Not Available,Not Available,07/31/2017,Not Available,Not Available,Not Available,Ok,Not Available,Not Available,Not Available,Not Available,Not Available,Not Available,Not Available,Not Available,Not Available,14979694.6,Not Available,Not Available,1.95,Not Available,Not Available,Not Available,New York,Not Available,Not Available,Not Available,Not Available,Not Available,Not Available,Not Available,Not Available,Not Available,No,0,9171839.9,Not Available,Ok,1082490,Not Available,MANHATTAN,Yes,Hotel,Not Available,Ok,Not Available,Not Available,Wyndham Garden Chinatown-Not Available
Not Available,882075.1,Not Available,Not Available,Not Available,Not Available,Not Available,882075.1,Not Available,15000,Not Available,624.6,Not Available,,Yes,50,75,No,Not Available,Not Available,Not Available,Not Available,40.630095,0,Not Available,0,Not Available,Not Available,02/28/2017,Not Available,Not Available,Not Available,Ok,Not Available,4.19355,Not Available,Not Available,Not Available,Not Available,5450,Not Available,Not Available,15089916.7,Not Available,Not Available,Not Available,130,Not Available,Not Available,Staten Island,Not Available,Not Available,50439,Not Available,Not Available,Not Available,Non-Refrigerated Warehouse,Not Available,Not Available,No,0,5820175.5,Not Available,Ok,5028501,Not Available,STATEN IS,No,Office,N+2,Ok,Not Available,Not Available,Charter Communications-Not Available
Not Available,Not Available,0,Not Available,Not Available,Not Available,Not Available,Not Available,Not Available,Not Available,Not Available,6987.6,Not Available,,No,50,Not Available,No,Not Available,Not Available,Not Available,Not Available,40.701615,Not Available,0,0,Not Available,Not Available,12/31/2016,Not Available,Not Available,Not Available,Ok,117,Not Available,Not Available,Not Available,Not Available,Not Available,Not Available,Not Available,Not Available,14216600.5,Not Available,Not Available,Not Available,Not Available,Not Available,Not Available,Queens,114648,Not Available,Not Available,Not Available,0,100,Not Available,Not Available,1.4,No,0,9385919.9,Not Available,Not Available,4525224,Not Available,QUEENS,Yes,Multifamily Housing,Not Available,Not Available,Not Available,Not Available,Richmond Hill Housing-Not Available
Not Available,Not Available,Not Available,Not Available,Not Available,Not Available,Not Available,Not Available,Not Available,Not Available,Not Available,Not Available,Not Available,,Yes,50,Not Available,No,Not Available,Not Available,Not Available,Not Available,40.713639,Not Available,Not Available,0,Not Available,Not Available,Not Available,Not Available,Not Available,Not Available,Ok,Not Available,Not Available,Not Available,Not Available,Not Available,Not Available,Not Available,Not Available,Not Available,Not Available,Not Available,Not Available,Not Available,Not Available,Not Available,Not Available,Ridgewood,Not Available,Not Available,Not Available,Not Available,Not Available,Not Available,Not Available,Not Available,Not Available,Unable to Check (not enough data),0,864284.1,Not Available,Ok,4462338;4437482,Not Available,QUEENS,No,Manufacturing/Industrial Plant,Not Available,Ok,Not Available,Not Available,"Chloe Realty USA,LLC-Not Available"
Not Available,Not Available,Not Available,Not Available,Not Available,Not Available,Not Available,Not Available,Not Available,Not Available,Not Available,11053.5,Not Available,,No,50,Not Available,No,Not Available,Not Available,Not Available,Not Available,40.54843,Not Available,Not Available,0,0,Not Available,03/31/2017,Not Available,Not Available,0,Ok,Not Available,Not Available,Not Available,Not Available,Not Available,Not Available,Not Available,Not Available,116518,22352079.8,Not Available,Not Available,Not Available,Not Available,Not Available,Not Available,STATEN ISLAND,Not Available,Not Available,Not Available,Not Available,Not Available,Not Available,Not Available,Not Available,Not Available,No,0,7759869.2,Not Available,Ok,5158451,Not Available,STATEN IS,No,Retail Store,Not Available,Ok,Not Available,Not Available,N001597-S STATEN ISLAND NY-Not Available
Not Available,Not Available,Not Available,Not Available,Not Available,Not Available,Not Available,Not Available,Not Available,Not Available,Not Available,Not Available,Not Available,,No,50,444.19,No,Not Available,Not Available,Not Available,Not Available,40.690647,Not Available,Not Available,0,Not Available,Not Available,12/31/2015,Not Available,Not Available,Not Available,Ok,Not Available,2,Not Available,Not Available,Not Available,Not Available,Not Available,Not Available,Not Available,24151493,Not Available,Not Available,Not Available,386.25,Not Available,Not Available,Brooklyn,Not Available,Not Available,Not Available,Not Available,Not Available,Not Available,Not Available,Not Available,Not Available,No,0,7556751.3,Not Available,Ok,3000428,Not Available,BROOKLYN,Yes,Office,Not Available,Possible Issue,Not Available,Not Available,Clipper - 141 Livingston St-Not Available
Not Available,Not Available,0,Not Available,Not Available,Not Available,Not Available,Not Available,Not Available,Not Available,Not Available,3628.5,Not Available,,No,50,Not Available,No,Not Available,Not Available,Not Available,Not Available,40.847448,Not Available,0,0,Not Available,Not Available,01/31/2017,Not Available,Not Available,Not Available,Ok,0,Not Available,Not Available,Not Available,Not Available,Not Available,Not Available,Not Available,Not Available,4314178.6,Not Available,Not Available,Not Available,Not Available,Not Available,Not Available,New York,84800,Not Available,Not Available,Not Available,Not Available,100,Not Available,Not Available,1.4,No,0,4233384.7,Not Available,Ok,Not Available,Not Available,MANHATTAN,Yes,Multifamily Housing,Not Available,Ok,Not Available,Not Available,P & R Heights-Not Available
Not Available,Not Available,2121,26.72,Not Available,Not Available,Not Available,Not Available,Not Available,Not Available,Not Available,Not Available,Not Available,,No,50,Not Available,No,Not Available,Not Available,Not Available,Not Available,40.841727,Not Available,0.94145,0,0,Not Available,12/31/2011,Not Available,Not Available,0,Ok,0,Not Available,Not Available,Not Available,Not Available,Not Available,11616,Not Available,190848,Not Available,Not Available,Not Available,Not Available,Not Available,Not Available,23.23,Bronx,2252907,Not Available,Not Available,Not Available,0,90,Retail Store,Not Available,1.34049,No,0,Not Available,Not Available,Possible Issue,2096613;2096614;2096615;2096616;2096617;2096618;2096619;2096620;2096621;2096623;2096603;2096605;2096606;2096607;2096608;2096609;2096625;2096610;2096611;2096612;2096622;2096624;2096626;2096627;2096629;2096637;2096638;2096639;2096640;2097005;2812000;2029113,Not Available,BRONX,Yes,Multifamily Housing,Not Available,Possible Issue,Not Available,11616,Parkchester South (3937)-Not Available
Not Available,Not Available,0,Not Available,Not Available,Not Available,Not Available,Not Available,Not Available,Not Available,Not Available,15924.7,Not Available,,Yes,50,Not Available,No,Not Available,Not Available,Not Available,Not Available,40.646539,Not Available,0,0,Not Available,Not Available,03/31/2017,Not Available,Not Available,Not Available,Ok,0,Not Available,Not Available,Not Available,15924.7,Not Available,Not Available,Not Available,Not Available,35394109.2,Not Available,Not Available,Not Available,Not Available,Not Available,Not Available,Staten Island,287866,Not Available,Not Available,Not Available,0,100,Not Available,Not Available,1.19847,No,0,26751037.3,Not Available,Ok,5112218;5112219;5112216;5112217,Not Available,STATEN IS,No,Multifamily Housing,Not Available,Ok,Not Available,Not Available,Seaview Estates-Not Available
Not Available,Not Available,500,Not Available,Not Available,Not Available,Not Available,Not Available,Not Available,Not Available,Not Available,18551.7,Not Available,,Yes,50,1789,Yes,Not Available,Not Available,Not Available,Not Available,40.704884,Not Available,1.00314,0,0.35294,Not Available,03/31/2017,Not Available,Not Available,0,Ok,0,2.78821,Not Available,Not Available,Not Available,Not Available,65171,Not Available,8500,162092643.5,Not Available,Not Available,Not Available,2067,Not Available,Not Available,New York,498437,Not Available,31790,Not Available,500,100,Multifamily Housing,Not Available,1.60502,No,0,58483952.9,Not Available,Ok,1082634,Not Available,MANHATTAN,No,Office,Not Available,Ok,Not Available,Not Available,17 Battery-Not Available
Not Available,Not Available,0,Not Available,Not Available,Not Available,Not Available,Not Available,Not Available,Not Available,Not Available,3252.5,Not Available,,No,50,Not Available,No,Not Available,Not Available,Not Available,Not Available,40.74517,Not Available,0,0,Not Available,Not Available,12/31/2016,Not Available,Not Available,Not Available,Ok,25,Not Available,Not Available,Not Available,Not Available,Not Available,Not Available,Not Available,Not Available,9738206.7,Not Available,Not Available,Not Available,Not Available,Not Available,Not Available,Queens,67416,Not Available,Not Available,Not Available,0,100,Not Available,Not Available,1.32016,No,0,7560368,Not Available,Ok,4030734,Not Available,QUEENS,No,Multifamily Housing,Not Available,Ok,Not Available,Not Available,41-31 51st Street-Not Available
Not Available,Not Available,125,Not Available,Not Available,Not Available,Not Available,Not Available,Not Available,Not Available,Not Available,Not Available,Not Available,1.0,Yes,50,Not Available,No,Not Available,Not Available,Not Available,Not Available,40.803901,Not Available,0.96451,0,Not Available,Not Available,Not Available,Not Available,Not Available,Not Available,Ok,0,Not Available,Not Available,Not Available,Not Available,Not Available,Not Available,Not Available,Not Available,10360441.5,Not Available,Not Available,Not Available,Not Available,Not Available,Not Available,BRONX,129600,Not Available,Not Available,Not Available,Not Available,90,Not Available,Not Available,2.3071,Unable to Check (not enough data),0,Not Available,Not Available,Possible Issue,2003599,Not Available,BRONX,No,Multifamily Housing,Not Available,Ok,Not Available,Not Available,MILL BROOK EXTENSION-Not Available
Not Available,Not Available,0,Not Available,Not Available,Not Available,Not Available,Not Available,Not Available,Not Available,Not Available,12510.4,Not Available,,Yes,50,Not Available,No,Not Available,Not Available,Not Available,Not Available,40.708829,Not Available,0,0,Not Available,Not Available,12/31/2016,Not Available,Not Available,Not Available,Ok,0,Not Available,Not Available,Not Available,4165.2,Not Available,Not Available,Not Available,Not Available,10071827.7,Not Available,Not Available,Not Available,Not Available,Not Available,Not Available,Queens,133140,Not Available,Not Available,Not Available,Not Available,Not Available,Not Available,Not Available,1.4,No,0,Not Available,Not Available,Possible Issue,4080140,Not Available,QUEENS,Yes,Multifamily Housing,Not Available,Ok,Not Available,Not Available,83 33 Gardens Corp-Not Available
Not Available,Not Available,Not Available,Not Available,Not Available,Not Available,Not Available,Not Available,Not Available,Not Available,Not Available,Not Available,Not Available,,No,50,Not Available,No,Not Available,Not Available,Not Available,Not Available,40.6686,Not Available,Not Available,0,Not Available,Not Available,Not Available,Not Available,Not Available,Not Available,Ok,Not Available,Not Available,Not Available,Not Available,Not Available,Not Available,Not Available,Not Available,Not Available,Not Available,Not Available,Not Available,Not Available,Not Available,Not Available,Not Available,Brooklyn,Not Available,Not Available,Not Available,Not Available,Not Available,Not Available,Not Available,Not Available,Not Available,Unable to Check (not enough data),0,Not Available,Not Available,Possible Issue,3080697,Not Available,BROOKLYN,No,Adult Education,Not Available,Ok,Not Available,Not Available,1501 Pitkin Avenue-Not Available
Not Available,Not Available,12,Not Available,Not Available,Not Available,Not Available,Not Available,Not Available,Not Available,Not Available,6288.6,Not Available,,Yes,50,Not Available,No,Not Available,Not Available,Not Available,Not Available,40.770703,Not Available,0.15938,0,Not Available,Not Available,02/28/2017,Not Available,Not Available,Not Available,Ok,42,Not Available,Not Available,Not Available,6288.6,Not Available,Not Available,Not Available,Not Available,5775353.5,49,Not Available,Not Available,Not Available,Not Available,Not Available,New York,75294,Not Available,Not Available,Not Available,0,100,Restaurant,Not Available,1.14219,No,0,4486708.6,Not Available,Ok,1045948,Not Available,MANHATTAN,No,Multifamily Housing,Not Available,Ok,Not Available,Not Available,GP Associates-Not Available
Not Available,Not Available,550,Not Available,Not Available,Not Available,Not Available,Not Available,Not Available,Not Available,Not Available,32912,Not Available,,Yes,50,Not Available,No,Not Available,Not Available,Not Available,Not Available,40.76183,Not Available,1.23845,0,Not Available,Not Available,12/31/2016,Not Available,Not Available,Not Available,Ok,0,Not Available,Not Available,Not Available,Not Available,Not Available,Not Available,Not Available,Not Available,116385171.2,Not Available,Not Available,Not Available,Not Available,Not Available,Not Available,New York,444104,Not Available,Not Available,Not Available,Not Available,0,Not Available,Not Available,1.45461,No,0,63890441.7,Not Available,Ok,1085498,Not Available,MANHATTAN,No,Multifamily Housing,Not Available,Ok,Not Available,Not Available,NY525_Avalon Midtown West-Not Available
Not Available,Not Available,0,Not Available,Not Available,Not Available,Not Available,Not Available,Not Available,Not Available,Not Available,Not Available,Not Available,,No,50,Not Available,No,Not Available,Not Available,Not Available,Not Available,40.707047,Not Available,0,0,Not Available,Not Available,12/31/2012,Not Available,Not Available,Not Available,Ok,209,Not Available,Not Available,Not Available,Not Available,Not Available,Not Available,Not Available,Not Available,20544063.8,Not Available,Not Available,Not Available,Not Available,Not Available,Not Available,New York,230765,Not Available,9033,Not Available,0,100,Parking,Not Available,1.20469,No,0,10625957.2,Not Available,Ok,1085778,Not Available,MANHATTAN,No,Multifamily Housing,Not Available,Possible Issue,Not Available,Not Available,Clipper - 70 Battery Place-Not Available
Not Available,Not Available,0,Not Available,Not Available,4789289.2,Not Available,Not Available,Not Available,Not Available,Not Available,4162.2,Not Available,,No,50,Not Available,No,Not Available,Not Available,Not Available,Not Available,40.845159,Not Available,0,0,Not Available,Not Available,12/31/2016,Not Available,Not Available,Not Available,Ok,57,Not Available,Not Available,Not Available,Not Available,Not Available,Not Available,Not Available,Not Available,Not Available,Not Available,Not Available,Not Available,Not Available,Not Available,Not Available,New York,56845,Not Available,Not Available,Not Available,3,100,Medical Office,Not Available,2.00545,No,0,Not Available,Not Available,Ok,Not Available,Not Available,MANHATTAN,No,Multifamily Housing,Not Available,Ok,Not Available,Not Available,300 Fort Washington Avenue-Not Available
Not Available,Not Available,2785,Not Available,Not Available,Not Available,Not Available,Not Available,Not Available,Not Available,Not Available,Not Available,Not Available,29.0,Yes,50,Not Available,No,Not Available,Not Available,Not Available,Not Available,40.797353,Not Available,1.00948,0,Not Available,Not Available,Not Available,Not Available,Not Available,Not Available,Ok,0,Not Available,Not Available,Not Available,Not Available,Not Available,Not Available,Not Available,Not Available,237234154.7,Not Available,Not Available,Not Available,Not Available,Not Available,Not Available,MANHATTAN,2758857,Not Available,Not Available,Not Available,0,90,Not Available,Not Available,2.21795,Unable to Check (not enough data),0,Not Available,Not Available,Possible Issue,1052513;1080703;1080704;1080705;1080706;1080707;1080708;1080709;1081086;1081087;1081088;1081089;1081090;1081091;1081092;1081093;1081094;1081095;1081096;1079194;1079195;1079196;1079198;1079199;1079200;1082330;1082333;1082337;1087213,Not Available,MANHATTAN,No,Multifamily Housing,Not Available,Ok,Not Available,Not Available,JOHNSON/JEFFERSON-Not Available
Not Available,Not Available,23,Not Available,Not Available,Not Available,Not Available,Not Available,Not Available,Not Available,Not Available,Not Available,Not Available,,No,50,Not Available,No,Not Available,Not Available,Not Available,Not Available,40.694345,Not Available,0.44231,0,0,Not Available,Not Available,Not Available,Not Available,0,Ok,0,Not Available,Not Available,Not Available,Not Available,Not Available,Not Available,Not Available,5000,Not Available,Not Available,Not Available,Not Available,Not Available,Not Available,Not Available,Brooklyn,52000,Not Available,Not Available,Not Available,23,100,Retail Store,Not Available,0.96154,Unable to Check (not enough data),0,1041506.2,Not Available,Not Available,3002093,Not Available,BROOKLYN,No,Multifamily Housing,Not Available,Not Available,Not Available,Not Available,166 Montague St - 30023-Not Available
Not Available,Not Available,80,Not Available,Not Available,Not Available,Not Available,Not Available,Not Available,Not Available,Not Available,12625.6,Not Available,,Yes,50,Not Available,No,Not Available,Not Available,Not Available,Not Available,40.770568,Not Available,0.3807,0,0.04681,Not Available,12/31/2016,Not Available,Not Available,0,Ok,0,Not Available,Not Available,Not Available,Not Available,Not Available,4000,Not Available,42724,58830873,Not Available,Not Available,Not Available,Not Available,Not Available,Not Available,New York,210139,Not Available,Not Available,Not Available,148,100,Retail Store,Not Available,1.18493,No,0,26589594.2,Not Available,Not Available,1087912,Not Available,MANHATTAN,Yes,Multifamily Housing,Not Available,Not Available,Not Available,Not Available,255 EAST 74 STREET-Not Available
Not Available,Not Available,0,Not Available,Not Available,Not Available,Not Available,Not Available,Not Available,Not Available,Not Available,2070.6,Not Available,,Yes,50,Not Available,No,Not Available,Not Available,Not Available,Not Available,40.609283,Not Available,0,0,Not Available,Not Available,12/31/2016,Not Available,Not Available,Not Available,Ok,59,Not Available,Not Available,Not Available,Not Available,Not Available,Not Available,Not Available,Not Available,8030344.4,Not Available,Not Available,Not Available,Not Available,Not Available,Not Available,Brooklyn,71400,Not Available,Not Available,Not Available,0,100,Not Available,Not Available,1.16246,No,0,5611203.8,Not Available,Ok,3176119,Not Available,BROOKLYN,No,Multifamily Housing,Not Available,Ok,Not Available,Not Available,Rainbow Investments Associates-Not Available
