property_id,address_1,parking_partially_enclosed,hotel_cooking_facilities,parking_completely_enclosed,worship_facility_weekly,multifamily_housing_percent_1,direct_ghg_emissions_mtco2e,indoor_water_use_all_water,senior_care_community_number,data_center_pue,indirect_ghg_emissions_mtco2e,non_refrigerated_warehouse_1,year_ending,fuel_oil_5_6_use_kbtu,estimated_data_flag_district,other_use_kbtu,bank_branch_computer_density,retail_store_weekly_operating,data_center_it_source_energy,bank_branch_gross_floor_area,postcode,source_eui_kbtu_ft,senior_care_community_average,electricity_use_grid_purchase,target_energy_star_score,senior_care_community_percent,energy_star_certification_1,office_weekly_operating_hours,estimated_data_flag_district_1,medical_office_gross_floor,refrigerated_warehouse_worker,water_current_date,primary_property_type_self,estimated_data_flag_1,community_board,site_eui_kbtu_ft,estimated_data_flag_fuel,egrid_output_emissions_rate,service_and_product_provider,hotel_type_of_laundry_facility,office_worker_density_number,data_center_ups_output_site,multifamily_housing_resident,retail_store_computer_density,k_12_school_gross_floor_area
1753814,80 Birdsell Road,Not Available,Not Available,Not Available,Not Available,Not Available,228.09,Not Available,Not Available,Not Available,901.62,Not Available,2012-12-31T00:00:00.000,Not Available,Not Available,Not Available,Not Available,Not Available,Not Available,Not Available,10589,475.5,Not Available,9877387.44,75,Not Available,Eligible,Not Available,Not Available,Not Available,Not Available,01-JAN-00,Supermarket/Grocery,Not Available,,179.7,Not Available,Not Available,Not Available,Not Available,Not Available,Not Available,Not Available,Not Available,Not Available
1241799,1100 E Jericho Trnpike,Not Available,Not Available,Not Available,Not Available,Not Available,191.46,Not Available,Not Available,Not Available,1678.39,Not Available,2012-12-31T00:00:00.000,Not Available,Not Available,Not Available,Not Available,Not Available,Not Available,Not Available,11743,484.5,Not Available,8862586.85,75,Not Available,Eligible,Not Available,Not Available,Not Available,Not Available,01-JAN-00,Supermarket/Grocery,Not Available,,180.9,Not Available,Not Available,Not Available,Not Available,Not Available,Not Available,Not Available,Not Available,Not Available
260039000.00%,1801 Dorchester Road,Not Available,Not Available,Not Available,Not Available,Not Available,352.47,Not Available,Not Available,Not Available,177.75,Not Available,2012-12-31T00:00:00.000,Not Available,Not Available,Not Available,Not Available,Not Available,Not Available,Not Available,11226,111.3,Not Available,1893268.86,0,Not Available,Not Eligible: Rating must be 75 or above,Not Available,Not Available,Not Available,Not Available,01-JAN-00,Multifamily Housing,Not Available,314.0,71.5,Not Available,Not Available,,Not Available,Not Available,Not Available,Not Available,Not Available,Not Available
2598343,153 East 57th Street,0,Not Available,11797,Not Available,20.5,550.06,Not Available,Not Available,Not Available,409.25,Not Available,2012-12-31T00:00:00.000,6940864.07,Not Available,Not Available,Not Available,55,Not Available,Not Available,10155,158.8,Not Available,4358960.1,0,Not Available,Not Eligible: Rating must be 75 or above,Not Available,Not Available,Not Available,Not Available,01-JAN-00,Multifamily Housing,Not Available,106.0,83.2,Not Available,Not Available,Energy Investment Systems,Not Available,Not Available,Not Available,Not Available,0.2,Not Available
2435222,1601 Broadway,0,1,36063,Not Available,Not Available,372.51,Not Available,Not Available,Not Available,7443.64,Not Available,2012-12-31T00:00:00.000,Not Available,No,Not Available,Not Available,84,Not Available,Not Available,10019,266,Not Available,47140010.06,0,Not Available,Not Eligible: Rating must be 75 or above,54,Not Available,Not Available,Not Available,31-JAN-13,Hotel,Not Available,105.0,116.4,Not Available,Not Available,,4000000,1.87,Not Available,Not Available,0.38,Not Available
2606978,1 Tiffany Place,Not Available,Not Available,Not Available,Not Available,20,Not Available,Not Available,Not Available,Not Available,Not Available,Not Available,2012-12-31T00:00:00.000,Not Available,Not Available,Not Available,Not Available,Not Available,Not Available,Not Available,11321,477.5,Not Available,2856253.44,0,Not Available,Not Eligible: Rating must be 75 or above,Not Available,Not Available,Not Available,Not Available,31-OCT-12,Multifamily Housing,Not Available,,209.2,Not Available,Not Available,One Tiffany Place Condominium,Not Available,Not Available,Not Available,Not Available,Not Available,Not Available
1764864,220 west 42nd street,Not Available,Not Available,Not Available,Not Available,Not Available,Not Available,8472.3,Not Available,Not Available,Not Available,Not Available,2012-12-31T00:00:00.000,Not Available,Not Available,Not Available,Not Available,Not Available,Not Available,Not Available,10036,Not Available,Not Available,Not Available,Not Available,Not Available,Not Eligible: Current period ending over 120 days,65,Not Available,Not Available,Not Available,31-DEC-12,Office,Not Available,105.0,Not Available,Not Available,Not Available,,Not Available,4.91,Not Available,Not Available,Not Available,Not Available
2563039,1919 Williamsbridge Road,Not Available,Not Available,Not Available,Not Available,20,502.29,Not Available,Not Available,Not Available,126.05,Not Available,2012-12-31T00:00:00.000,Not Available,Not Available,Not Available,Not Available,40,Not Available,Not Available,10461,138.7,Not Available,1342571.48,0,Not Available,Not Eligible: Rating must be 75 or above,Not Available,Not Available,Not Available,Not Available,01-JAN-00,Multifamily Housing,Not Available,211.0,100.4,Not Available,Not Available,,Not Available,Not Available,Not Available,No specific resident population,0.89,Not Available
1241683,670 N. Broadway,Not Available,Not Available,Not Available,Not Available,Not Available,281.4,Not Available,Not Available,Not Available,1057.52,Not Available,2012-12-31T00:00:00.000,Not Available,Not Available,Not Available,Not Available,Not Available,Not Available,Not Available,10603,553.2,Not Available,11263735.76,75,Not Available,Eligible,Not Available,Not Available,Not Available,Not Available,01-JAN-00,Supermarket/Grocery,Not Available,,212.2,Not Available,Not Available,Not Available,Not Available,Not Available,Not Available,Not Available,Not Available,Not Available
2563626,33 CENTRAL AVE,Not Available,Not Available,Not Available,Not Available,8,173.32,447.6,Not Available,Not Available,66.28,Not Available,2012-12-31T00:00:00.000,Not Available,Not Available,Not Available,Not Available,Not Available,Not Available,Not Available,10301,76.9,Not Available,705966.68,0,Not Available,Not Eligible: Rating must be 75 or above,Not Available,Not Available,Not Available,Not Available,31-DEC-12,Multifamily Housing,Not Available,501.0,52.9,Not Available,Not Available,,Not Available,Not Available,Not Available,No specific resident population,Not Available,Not Available
2481300,55 Water St,Not Available,Not Available,Not Available,Not Available,Not Available,2371.83,107579.6,Not Available,Not Available,48963.18,Not Available,2012-12-31T00:00:00.000,Not Available,No,Not Available,Not Available,Not Available,174596577.1,Not Available,10041,398.2,Not Available,349799864.9,0,Not Available,Not Eligible: Rating must be 75 or above,50,Not Available,Not Available,Not Available,31-DEC-12,Office,Not Available,101.0,161.3,Not Available,Not Available,EnergyWatch Inc,Not Available,2.87,Not Available,Not Available,Not Available,Not Available
2384168,32 East 64th Street,Not Available,Not Available,Not Available,Not Available,8,342.87,0,Not Available,Not Available,368.76,Not Available,2012-12-31T00:00:00.000,4093255.27,Not Available,Not Available,Not Available,65,Not Available,Not Available,10065,150.9,Not Available,3927657.48,0,Not Available,Not Eligible: Rating must be 75 or above,Not Available,Not Available,Not Available,Not Available,31-DEC-12,Multifamily Housing,Not Available,108.0,71.7,Not Available,Not Available,Greenwich Energy Solutions,Not Available,Not Available,Not Available,No specific resident population,0.2,Not Available
1421828,One Wall Street,Not Available,Not Available,Not Available,Not Available,Not Available,Not Available,Not Available,Not Available,Not Available,Not Available,Not Available,2012-12-31T00:00:00.000,Not Available,No,Not Available,2.01,Not Available,Not Available,1095503,10286,Not Available,Not Available,Not Available,Not Available,Not Available,Eligible,Not Available,Not Available,Not Available,Not Available,30-NOV-11,Bank/Financial Institution,Not Available,,Not Available,Not Available,Not Available,,Not Available,Not Available,Not Available,Not Available,Not Available,Not Available
2558914,1700 Grand Concourse,0,Not Available,5760,Not Available,10,Not Available,0,Not Available,Not Available,313.6,Not Available,2012-12-31T00:00:00.000,0,Not Available,Not Available,Not Available,Not Available,Not Available,Not Available,10457,74.9,Not Available,3340158.2,0,Not Available,Not Eligible: Rating must be 75 or above,Not Available,Not Available,Not Available,Not Available,01-JAN-00,Multifamily Housing,Not Available,204.0,22.4,Not Available,Not Available,,Not Available,Not Available,Not Available,Not Available,Not Available,Not Available
2546550,330 West 58th Street,0,Not Available,9788,Not Available,10,1203.34,15041.2,Not Available,Not Available,1120.16,Not Available,2012-12-31T00:00:00.000,0,Not Available,Not Available,Not Available,60,Not Available,Not Available,10019,161.7,Not Available,11930875.93,0,Not Available,Not Eligible: Rating must be 75 or above,Not Available,Not Available,Not Available,Not Available,31-DEC-12,Multifamily Housing,Not Available,104.0,87.9,Not Available,Not Available,,Not Available,Not Available,Not Available,Not Available,1.11,Not Available
2605684,1 Haven Ave; 701 W 168 Street,Not Available,Not Available,Not Available,Not Available,Not Available,Not Available,Not Available,Not Available,Not Available,Not Available,Not Available,2012-12-31T00:00:00.000,Not Available,Not Available,120548187,Not Available,Not Available,Not Available,Not Available,10032,888.6,Not Available,50321813.76,0,Not Available,Not Eligible: Rating must be 75 or above,168,Not Available,Not Available,Not Available,31-DEC-12,Office,Not Available,,526.1,Not Available,Not Available,,Not Available,2.3,Not Available,Not Available,Not Available,Not Available
2591915,1212 Avenue of The Americas,Not Available,Not Available,Not Available,Not Available,Not Available,Not Available,Not Available,Not Available,Not Available,2129.9,Not Available,2012-12-31T00:00:00.000,Not Available,No,Not Available,Not Available,65,Not Available,Not Available,10036,213,Not Available,10602470.81,0,Not Available,Not Eligible: Rating must be 75 or above,65,Not Available,Not Available,Not Available,31-OCT-12,Office,Not Available,105.0,100.7,Not Available,Not Available,Lealta Energy Network,Not Available,2.3,Not Available,Not Available,0.2,Not Available
2564636,110 Third Avenue,Not Available,Not Available,Not Available,Not Available,20,2.42,4010.4,Not Available,Not Available,643.84,Not Available,2012-12-31T00:00:00.000,Not Available,No,Not Available,Not Available,Not Available,Not Available,Not Available,10003,160.9,Not Available,4531258.27,0,Not Available,Not Eligible: Rating must be 75 or above,Not Available,Not Available,Not Available,Not Available,31-DEC-12,Multifamily Housing,Not Available,103.0,63.8,Not Available,Not Available,Greenwich Energy Solutions,Not Available,Not Available,Not Available,No specific resident population,Not Available,Not Available
2612552,214 W 29,Not Available,Not Available,Not Available,Not Available,Not Available,749.28,3140.2,Not Available,Not Available,494.43,Not Available,2012-12-31T00:00:00.000,9456811.18,Not Available,Not Available,Not Available,48,Not Available,Not Available,10001,145.9,Not Available,5266242.09,0,Not Available,Eligible,40,Not Available,Not Available,Not Available,31-DEC-12,Office,Not Available,,79.2,Not Available,Not Available,"Code Green Solutions, Inc.",Not Available,2.07,Not Available,Not Available,0.66,Not Available
2539023,112-02 15th Ave,Not Available,Not Available,Not Available,Not Available,Not Available,3679.78,84241.3,Not Available,Not Available,981.82,90,2012-12-31T00:00:00.000,Not Available,Not Available,Not Available,Not Available,Not Available,Not Available,Not Available,11356,670.9,Not Available,10457405.78,0,Not Available,Not Eligible: Rating must be 75 or above,Not Available,Not Available,Not Available,Not Available,31-JAN-13,Warehouse (Unrefrigerated),Not Available,407.0,497.7,Not Available,Not Available,,Not Available,Not Available,Not Available,Not Available,Not Available,Not Available
2433308,119 West 40th Street,Not Available,Not Available,Not Available,Not Available,Not Available,500.16,2766.9,Not Available,Not Available,1539.42,Not Available,2012-12-31T00:00:00.000,Not Available,Not Available,Not Available,Not Available,40,Not Available,Not Available,10018,88.1,Not Available,16396451.91,0,Not Available,Not Eligible: Rating must be 75 or above,44,Not Available,Not Available,Not Available,31-DEC-12,Office,Not Available,105.0,33.2,Not Available,Not Available,"Mcenergy, Inc",Not Available,1.97,Not Available,Not Available,0.2,Not Available
2555557,1370 Dr M.L. King JR Blvd,Not Available,Not Available,Not Available,Not Available,Not Available,Not Available,Not Available,Not Available,Not Available,8.82,Not Available,2012-12-31T00:00:00.000,Not Available,Not Available,Not Available,Not Available,Not Available,Not Available,Not Available,10452,5.4,Not Available,93906.15,0,Not Available,Not Eligible: Rating must be 75 or above,Not Available,Not Available,Not Available,Not Available,31-DEC-10,Multifamily Housing,Not Available,204.0,1.6,Not Available,Not Available,,Not Available,Not Available,Not Available,Not Available,Not Available,Not Available
1789746,160 E 34th Street,Not Available,Not Available,Not Available,Not Available,Not Available,Not Available,9065.1,Not Available,Not Available,1724.71,Not Available,2012-12-31T00:00:00.000,Not Available,No,Not Available,Not Available,Not Available,Not Available,Not Available,10016,519.3,Not Available,15980223.07,0,Not Available,Not Eligible: Rating must be 75 or above,Not Available,Not Available,109412,Not Available,31-DEC-12,Medical Office,Not Available,106.0,172,Not Available,Not Available,Gotham 360 LLC,Not Available,Not Available,Not Available,Not Available,Not Available,Not Available
2612482,225 W 39th,Not Available,Not Available,Not Available,Not Available,Not Available,98.1,Not Available,Not Available,Not Available,211.89,Not Available,2012-12-31T00:00:00.000,Not Available,Not Available,Not Available,Not Available,40,Not Available,Not Available,10018,171.5,Not Available,2256863.27,0,Not Available,Not Eligible: Rating must be 75 or above,55,Not Available,Not Available,Not Available,01-JAN-00,Office,Not Available,,69.3,No,Not Available,"Code Green Solutions, Inc.",Not Available,2.55,Not Available,Not Available,0.56,Not Available
2563039,1919 Williamsbridge Road,Not Available,Not Available,Not Available,Not Available,20,502.29,Not Available,Not Available,Not Available,126.05,Not Available,2012-12-31T00:00:00.000,Not Available,Not Available,Not Available,Not Available,40,Not Available,Not Available,10461,138.7,Not Available,1342571.48,0,Not Available,Not Eligible: Rating must be 75 or above,Not Available,Not Available,Not Available,Not Available,01-JAN-00,Multifamily Housing,Not Available,211.0,100.4,Not Available,Not Available,,Not Available,Not Available,Not Available,No specific resident population,0.89,Not Available
2533063,305 East 85th Street,Not Available,Not Available,Not Available,Not Available,20,152.05,0,Not Available,Not Available,486.41,Not Available,2012-12-31T00:00:00.000,Not Available,Not Available,Not Available,Not Available,Not Available,Not Available,Not Available,10024,175,Not Available,5180779.86,0,Not Available,Not Eligible: Rating must be 75 or above,Not Available,Not Available,Not Available,Not Available,31-DEC-12,Multifamily Housing,Not Available,108.0,69.3,Not Available,Not Available,Greenwich Energy Solutions,Not Available,Not Available,Not Available,No specific resident population,Not Available,Not Available
1465130,20 Broad Street,Not Available,Not Available,Not Available,Not Available,Not Available,Not Available,5993.7,Not Available,Not Available,4377.83,Not Available,2012-12-31T00:00:00.000,Not Available,No,Not Available,Not Available,Not Available,Not Available,Not Available,10005,266,Not Available,30902141.92,0,Not Available,Eligible,70,Not Available,Not Available,Not Available,28-FEB-13,Office,Not Available,101.0,104.9,Not Available,Not Available,,Not Available,1.77,Not Available,Not Available,Not Available,Not Available
2610494,159-10 71ST AVE,Not Available,Not Available,Not Available,Not Available,Not Available,453.13,46.2,Not Available,Not Available,779.8,Not Available,2012-12-31T00:00:00.000,Not Available,Not Available,Not Available,Not Available,Not Available,Not Available,Not Available,11365,175,Not Available,8305736.06,0,Not Available,Not Eligible: Rating must be 75 or above,Not Available,Not Available,Not Available,Not Available,31-DEC-12,Multifamily Housing,Not Available,408.0,80.3,Not Available,Not Available,,Not Available,Not Available,Not Available,Not Available,Not Available,Not Available
2475958,111 W 67th St,Not Available,Not Available,Not Available,Not Available,10,2062.16,Not Available,Not Available,Not Available,1456.93,Not Available,2012-12-31T00:00:00.000,Not Available,Not Available,Not Available,Not Available,77,Not Available,Not Available,10024,85.7,Not Available,15517776,0,Not Available,Not Eligible: Rating must be 75 or above,Not Available,Not Available,Not Available,Not Available,01-JAN-00,Other,Not Available,107.0,50.4,Not Available,Not Available,FS Energy,Not Available,Not Available,Not Available,No specific resident population,0.15,Not Available
2562147,1919 Williamsbridge Road,Not Available,Not Available,Not Available,Not Available,20,332.38,Not Available,Not Available,Not Available,114.58,Not Available,2012-12-31T00:00:00.000,Not Available,Not Available,Not Available,Not Available,66,Not Available,Not Available,10461,130.4,Not Available,1220397.34,0,Not Available,Not Eligible: Rating must be 75 or above,Not Available,Not Available,Not Available,Not Available,01-JAN-00,Multifamily Housing,Not Available,211.0,86.7,Not Available,Not Available,,Not Available,Not Available,Not Available,No specific resident population,2.51,Not Available
2562244,1919 Williamsbridge Road,Not Available,Not Available,Not Available,Not Available,20,515.27,Not Available,Not Available,Not Available,126.64,Not Available,2012-12-31T00:00:00.000,Not Available,Not Available,Not Available,Not Available,Not Available,Not Available,Not Available,10461,171.9,Not Available,1348872.78,0,Not Available,Not Eligible: Rating must be 75 or above,Not Available,Not Available,Not Available,Not Available,01-JAN-00,Multifamily Housing,Not Available,211.0,124.7,Not Available,Not Available,,Not Available,Not Available,Not Available,No specific resident population,Not Available,Not Available
260587900.00%,650 Brush Ave,Not Available,Not Available,Not Available,Not Available,Not Available,472.84,828.2,Not Available,Not Available,926.61,100,2012-12-31T00:00:00.000,Not Available,Not Available,Not Available,Not Available,Not Available,Not Available,Not Available,10465,183.8,Not Available,9869335.47,0,Not Available,Not Eligible: Rating must be 75 or above,128,Not Available,Not Available,Not Available,31-DEC-12,Warehouse (Unrefrigerated),Not Available,210.0,81.6,Not Available,Not Available,,Not Available,2.17,Not Available,Not Available,Not Available,Not Available
2562992,1865 Broadway,Not Available,Not Available,Not Available,Not Available,Not Available,Not Available,Not Available,Not Available,Not Available,1654.04,Not Available,2012-12-31T00:00:00.000,Not Available,No,Not Available,Not Available,Not Available,Not Available,Not Available,10023,281.2,Not Available,8031099.56,0,Not Available,Not Eligible: Rating must be 75 or above,69,Not Available,Not Available,Not Available,30-NOV-12,Office,Not Available,107.0,134.5,Not Available,Not Available,,Not Available,3.01,Not Available,Not Available,Not Available,Not Available
1479144,900 Third Ave,Not Available,Not Available,Not Available,Not Available,Not Available,Not Available,5808.2,Not Available,Not Available,3189.13,Not Available,2012-12-31T00:00:00.000,Not Available,No,Not Available,Not Available,65,Not Available,Not Available,10022,176.8,Not Available,29413739.25,83,Not Available,Eligible,65,Not Available,Not Available,Not Available,31-DEC-12,Office,Not Available,106.0,58.8,Not Available,Not Available,,Not Available,1.86,Not Available,Not Available,0.29,Not Available
1261461,300 Madison Avenue,Not Available,Not Available,Not Available,Not Available,Not Available,46.86,15955.1,Not Available,Not Available,11468.8,Not Available,2012-12-31T00:00:00.000,Not Available,No,Not Available,Not Available,80,Not Available,Not Available,10017,344.2,Not Available,100945455.1,0,Not Available,Not Eligible: Less than one year since the period ending date of the last ENERGY STAR application.,72,Not Available,Not Available,Not Available,30-APR-13,Office,Not Available,105.0,118.6,Not Available,Not Available,,Not Available,4.67,Not Available,Not Available,0.43,Not Available
2383341,411 East 57th Street,Not Available,Not Available,Not Available,Not Available,10,8.49,8522.8,Not Available,Not Available,781.18,Not Available,2012-12-31T00:00:00.000,Not Available,No,Not Available,Not Available,Not Available,Not Available,Not Available,10022,130,Not Available,2181358.3,0,Not Available,Not Eligible: Rating must be 75 or above,Not Available,Not Available,Not Available,Not Available,31-DEC-12,Multifamily Housing,Not Available,106.0,77,Not Available,Not Available,Greenwich Energy Solutions,Not Available,Not Available,Not Available,No specific resident population,Not Available,Not Available
2394929,9216 7th Avenue,Not Available,Not Available,Not Available,Not Available,Not Available,Not Available,Not Available,Not Available,Not Available,Not Available,Not Available,2012-12-31T00:00:00.000,Not Available,Not Available,Not Available,Not Available,Not Available,Not Available,Not Available,11228,Not Available,Not Available,Not Available,Not Available,Not Available,Not Eligible: Rating must be 75 or above,Not Available,Not Available,Not Available,Not Available,01-JAN-00,K-12 School,Not Available,310.0,Not Available,Not Available,Not Available,,Not Available,Not Available,Not Available,Not Available,Not Available,13150
2598385,200 Haven Avenue,Not Available,Not Available,Not Available,Not Available,1,Not Available,Not Available,Not Available,Not Available,Not Available,Not Available,2012-12-31T00:00:00.000,Not Available,Not Available,Not Available,Not Available,Not Available,Not Available,Not Available,10033,Not Available,Not Available,Not Available,Not Available,Not Available,Not Eligible: Rating must be 75 or above,Not Available,Not Available,Not Available,Not Available,01-JAN-00,Multifamily Housing,Not Available,112.0,Not Available,Not Available,Not Available,Energy Investment Systems,Not Available,Not Available,Not Available,Not Available,Not Available,Not Available
2563226,110 Meisner Ave,Not Available,Not Available,Not Available,Not Available,Not Available,139.46,1948.5,5,Not Available,169.32,Not Available,2012-12-31T00:00:00.000,Not Available,Not Available,Not Available,Not Available,Not Available,Not Available,Not Available,10306,162.8,110,1803446.72,0,100,Not Eligible: Default space values used,Not Available,Not Available,Not Available,Not Available,31-DEC-12,Senior Care Facility,Not Available,502.0,82.2,Not Available,Not Available,,Not Available,Not Available,Not Available,Not Available,Not Available,Not Available
2564814,45 East 25th Street,Not Available,Not Available,Not Available,Not Available,20,Not Available,6350.9,Not Available,Not Available,740.35,Not Available,2012-12-31T00:00:00.000,Not Available,No,Not Available,Not Available,Not Available,Not Available,Not Available,10010,149.4,Not Available,3802992.02,0,Not Available,Not Eligible: Rating must be 75 or above,65,Not Available,Not Available,Not Available,31-DEC-12,Multifamily Housing,Not Available,105.0,69.6,Not Available,Not Available,Greenwich Energy Solutions,Not Available,2.28,Not Available,No specific resident population,Not Available,Not Available
2008836,70 Little West Street,0,Not Available,14716,Not Available,10,2010.97,Not Available,Not Available,Not Available,640.22,Not Available,2012-12-31T00:00:00.000,Not Available,Not Available,Not Available,Not Available,Not Available,Not Available,Not Available,10004,136.2,Not Available,6819005.07,0,Not Available,Not Eligible: Rating must be 75 or above,Not Available,Not Available,Not Available,Not Available,31-OCT-10,Multifamily Housing,Not Available,101.0,97.5,Not Available,Not Available,,Not Available,Not Available,Not Available,Not Available,Not Available,Not Available
1954047,299 Park Avenue,Not Available,Not Available,Not Available,Not Available,Not Available,Not Available,Not Available,Not Available,Not Available,12415.28,Not Available,2012-12-31T00:00:00.000,Not Available,No,Not Available,2.57,Not Available,Not Available,862769,10016,287.5,Not Available,93249431.69,0,Not Available,Not Eligible: Rating must be 75 or above,45,Not Available,Not Available,Not Available,01-JAN-00,Bank/Financial Institution,Not Available,105.0,109.2,Not Available,Not Available,"CodeGreen Solutions, Inc.",Not Available,1.37,Not Available,Not Available,Not Available,Not Available
2564774,406-408 West 45th Street,Not Available,Not Available,Not Available,Not Available,20,103.99,534.4,Not Available,Not Available,98.75,Not Available,2012-12-31T00:00:00.000,Not Available,Not Available,Not Available,Not Available,Not Available,Not Available,Not Available,10036,196.3,Not Available,1051784.94,0,Not Available,Not Eligible: Rating must be 75 or above,Not Available,Not Available,Not Available,Not Available,31-DEC-12,Multifamily Housing,Not Available,104.0,106.1,Not Available,Not Available,Greenwich Energy Solutions,Not Available,Not Available,Not Available,No specific resident population,Not Available,Not Available
2564691,345 East 57th Street,Not Available,Not Available,Not Available,Not Available,10,343.22,0,Not Available,Not Available,126.12,Not Available,2012-12-31T00:00:00.000,4280874.74,Not Available,Not Available,Not Available,Not Available,Not Available,Not Available,10022,93.7,Not Available,1343355.69,0,Not Available,Not Eligible: Rating must be 75 or above,Not Available,Not Available,Not Available,Not Available,31-DEC-12,Multifamily Housing,Not Available,106.0,60.1,Not Available,Not Available,Greenwich Energy Solutions,Not Available,Not Available,Not Available,No specific resident population,Not Available,Not Available
2564812,956 Fifth Avenue,Not Available,Not Available,Not Available,Not Available,27,156.38,1419.5,Not Available,Not Available,108.13,Not Available,2012-12-31T00:00:00.000,Not Available,Not Available,Not Available,Not Available,Not Available,Not Available,Not Available,10075,104,Not Available,1151722.34,0,Not Available,Not Eligible: Rating must be 75 or above,Not Available,Not Available,Not Available,Not Available,31-DEC-12,Multifamily Housing,Not Available,108.0,61.5,Not Available,Not Available,Greenwich Energy Solutions,Not Available,Not Available,Not Available,No specific resident population,Not Available,Not Available
2563051,1919 Williamsbridge Road,Not Available,Not Available,Not Available,Not Available,20,223.07,Not Available,Not Available,Not Available,117.31,Not Available,2012-12-31T00:00:00.000,Not Available,Not Available,Not Available,Not Available,Not Available,Not Available,Not Available,10461,165.4,Not Available,1249428.17,0,Not Available,Not Eligible: Rating must be 75 or above,Not Available,Not Available,865,Not Available,01-JAN-00,Multifamily Housing,Not Available,211.0,104.8,No,Not Available,,Not Available,Not Available,Not Available,No specific resident population,Not Available,Not Available
2506976,1956 Crotona Parkway,Not Available,Not Available,Not Available,Not Available,20,401.71,0,Not Available,Not Available,127.3,Not Available,2012-12-31T00:00:00.000,Not Available,Not Available,Not Available,Not Available,Not Available,Not Available,Not Available,10460,134,Not Available,1355836.68,0,Not Available,Not Eligible: Rating must be 75 or above,Not Available,Not Available,Not Available,Not Available,30-NOV-10,Multifamily Housing,Not Available,206.0,91.4,Not Available,Not Available,GreenCents Solutions LLC,Not Available,Not Available,Not Available,No specific resident population,Not Available,Not Available
2562147,1919 Williamsbridge Road,Not Available,Not Available,Not Available,Not Available,20,332.38,Not Available,Not Available,Not Available,114.58,Not Available,2012-12-31T00:00:00.000,Not Available,Not Available,Not Available,Not Available,66,Not Available,Not Available,10461,130.4,Not Available,1220397.34,0,Not Available,Not Eligible: Rating must be 75 or above,Not Available,Not Available,Not Available,Not Available,01-JAN-00,Multifamily Housing,Not Available,211.0,86.7,Not Available,Not Available,,Not Available,Not Available,Not Available,No specific resident population,2.51,Not Available
2612523,18 E 41st,Not Available,Not Available,Not Available,Not Available,Not Available,307.45,4991.8,Not Available,Not Available,423.03,Not Available,2012-12-31T00:00:00.000,3460255.26,Not Available,Not Available,Not Available,Not Available,Not Available,Not Available,10017,172.6,Not Available,4505750.72,0,Not Available,Eligible,42,Not Available,Not Available,Not Available,31-DEC-12,Office,Not Available,,77.2,Not Available,Not Available,"Code Green Solutions, Inc.",Not Available,2.74,Not Available,Not Available,Not Available,Not Available
2610367,100 East 21rst Street,Not Available,Not Available,Not Available,Not Available,15,318.79,1954.2,Not Available,Not Available,135.4,Not Available,2012-12-31T00:00:00.000,Not Available,Not Available,Not Available,Not Available,Not Available,Not Available,Not Available,11226,112,Not Available,1442115.92,0,Not Available,Not Eligible: Rating must be 75 or above,Not Available,Not Available,Not Available,Not Available,31-DEC-12,Multifamily Housing,Not Available,,75.1,Not Available,Not Available,Plug Energy Services LLC,Not Available,Not Available,Not Available,No specific resident population,Not Available,Not Available
2564356,321 East 48th Street,Not Available,Not Available,Not Available,Not Available,20,437.02,0,Not Available,Not Available,199.37,Not Available,2012-12-31T00:00:00.000,5474033.08,Not Available,Not Available,Not Available,Not Available,Not Available,Not Available,10017,140.4,Not Available,2123454.79,0,Not Available,Not Eligible: Rating must be 75 or above,Not Available,Not Available,Not Available,Not Available,31-DEC-12,Multifamily Housing,Not Available,106.0,84.8,Not Available,Not Available,Greenwich Energy Solutions,Not Available,Not Available,Not Available,No specific resident population,Not Available,Not Available
1409171,1 Court Square,Not Available,Not Available,Not Available,Not Available,Not Available,79.49,31693.3,Not Available,Not Available,9046.07,Not Available,2012-12-31T00:00:00.000,Not Available,Not Available,Not Available,1.7,Not Available,Not Available,10561,11101,225,Not Available,96350106.61,0,Not Available,Not Eligible: Rating must be 75 or above,55,Not Available,Not Available,Not Available,30-APR-11,Office,Not Available,402.0,68,No,Not Available,,Not Available,2.8,Not Available,Not Available,Not Available,Not Available
2549498,1500 Noble Ave.,Not Available,Not Available,Not Available,Not Available,15,1535.76,20505.2,Not Available,Not Available,428.57,Not Available,2012-12-31T00:00:00.000,Not Available,Not Available,Not Available,Not Available,Not Available,Not Available,Not Available,10460,138.4,Not Available,4564727.69,0,Not Available,Not Eligible: Rating must be 75 or above,Not Available,Not Available,Not Available,Not Available,31-DEC-12,Multifamily Housing,Not Available,209.0,97.2,Not Available,Not Available,"DSM Engineering Associates, PC",Not Available,Not Available,Not Available,No specific resident population,Not Available,Not Available
2590029,142 West 24th Street,Not Available,Not Available,Not Available,Not Available,Not Available,Not Available,Not Available,Not Available,Not Available,6.14,0,2012-12-31T00:00:00.000,Not Available,Not Available,Not Available,Not Available,Not Available,Not Available,Not Available,10011,3.3,Not Available,65446.36,0,Not Available,Not Eligible: Current period ending over 120 days,Not Available,Not Available,Not Available,Not Available,31-DEC-10,Warehouse (Unrefrigerated),Not Available,104.0,1,Not Available,Not Available,,Not Available,Not Available,Not Available,Not Available,Not Available,Not Available
2383984,25 East 83rd Street,Not Available,Not Available,Not Available,Not Available,2,155.34,0,Not Available,Not Available,268.32,Not Available,2012-12-31T00:00:00.000,1904406.57,Not Available,Not Available,Not Available,Not Available,Not Available,Not Available,10028,123.9,Not Available,2857889.26,0,Not Available,Not Eligible: Rating must be 75 or above,Not Available,Not Available,Not Available,Not Available,31-DEC-12,Multifamily Housing,Not Available,108.0,52,Not Available,Not Available,Greenwich Energy Solutions,Not Available,Not Available,Not Available,No specific resident population,Not Available,Not Available
2564412,56 Pine Street,Not Available,Not Available,Not Available,Not Available,32,52,10795.5,Not Available,Not Available,667.34,Not Available,2012-12-31T00:00:00.000,Not Available,No,Not Available,Not Available,Not Available,Not Available,Not Available,10005,219.1,Not Available,4089141.72,0,Not Available,Not Eligible: Rating must be 75 or above,Not Available,Not Available,Not Available,Not Available,31-DEC-12,Multifamily Housing,Not Available,101.0,99.7,Not Available,Not Available,Greenwich Energy Solutions,Not Available,Not Available,Not Available,No specific resident population,Not Available,Not Available
2598266,333 East 66th Street,0,Not Available,5819,Not Available,14,887.99,Not Available,Not Available,Not Available,338.2,Not Available,2012-12-31T00:00:00.000,Not Available,Not Available,Not Available,Not Available,Not Available,Not Available,Not Available,10065,161.1,Not Available,3602218.69,0,Not Available,Not Eligible: Rating must be 75 or above,Not Available,Not Available,Not Available,Not Available,01-JAN-00,Multifamily Housing,Not Available,108.0,104.4,Not Available,Not Available,Energy Investment Systems,Not Available,Not Available,Not Available,Not Available,Not Available,Not Available
2612578,162-15 HIGHLAND AVE ENTM,Not Available,Not Available,Not Available,Not Available,Not Available,408.14,0,Not Available,Not Available,181.92,Not Available,2012-12-31T00:00:00.000,Not Available,Not Available,Not Available,Not Available,Not Available,Not Available,Not Available,11432,146,Not Available,1937607.89,0,Not Available,Not Eligible: Rating must be 75 or above,Not Available,Not Available,Not Available,Not Available,31-DEC-12,Multifamily Housing,Not Available,408.0,96.7,Not Available,Not Available,,Not Available,Not Available,Not Available,Not Available,Not Available,Not Available
2386549,15 West 72nd Street,0,Not Available,42000,Not Available,25,2422.68,20489.2,Not Available,Not Available,1164.88,Not Available,2012-12-31T00:00:00.000,Not Available,Not Available,Not Available,Not Available,Not Available,Not Available,Not Available,10023,148.2,Not Available,12407218.06,0,Not Available,Not Eligible: Rating must be 75 or above,Not Available,Not Available,10000,Not Available,31-DEC-12,Multifamily Housing,Not Available,107.0,95.4,Not Available,Not Available,Greenwich Energy Solutions,Not Available,Not Available,Not Available,No specific resident population,Not Available,Not Available
2598237,605 Park Avenue,Not Available,Not Available,Not Available,Not Available,11,Not Available,Not Available,Not Available,Not Available,Not Available,Not Available,2012-12-31T00:00:00.000,Not Available,Not Available,Not Available,Not Available,Not Available,Not Available,Not Available,10065,Not Available,Not Available,Not Available,Not Available,Not Available,Not Eligible: Rating must be 75 or above,Not Available,Not Available,3000,Not Available,01-JAN-00,Multifamily Housing,Not Available,108.0,Not Available,Not Available,Not Available,Energy Investment Systems,Not Available,Not Available,Not Available,Not Available,Not Available,Not Available
2606040,2001 University Avenue,Not Available,Not Available,Not Available,Not Available,30,254.36,5215.7,Not Available,Not Available,154.03,Not Available,2012-12-31T00:00:00.000,Not Available,Not Available,Not Available,Not Available,Not Available,Not Available,Not Available,10453,143.9,Not Available,1640605.06,0,Not Available,Not Eligible: Rating must be 75 or above,Not Available,Not Available,Not Available,Not Available,28-FEB-13,Multifamily Housing,Not Available,205.0,88.1,Not Available,Not Available,,Not Available,Not Available,Not Available,Not Available,Not Available,Not Available
1719778,24-01 44th Road,Not Available,Not Available,Not Available,Not Available,Not Available,296.99,3932.3,Not Available,Not Available,1688.81,Not Available,2012-12-31T00:00:00.000,Not Available,Not Available,Not Available,Not Available,Not Available,Not Available,Not Available,11101,239.5,Not Available,17987585.72,0,Not Available,Eligible,68,Not Available,Not Available,Not Available,31-MAR-13,Office,Not Available,402.0,85.6,Not Available,Not Available,,Not Available,3.16,Not Available,Not Available,Not Available,Not Available
2364194,1334 York Ave,Not Available,Not Available,Not Available,Not Available,Not Available,Not Available,5879.6,Not Available,Not Available,Not Available,100,2012-12-31T00:00:00.000,Not Available,No,Not Available,Not Available,50,Not Available,Not Available,10021,Not Available,Not Available,Not Available,Not Available,Not Available,Not Eligible: Rating must be 75 or above,Not Available,Not Available,Not Available,Not Available,31-JAN-13,Other,Not Available,108.0,Not Available,Not Available,Not Available,,Not Available,Not Available,Not Available,Not Available,0.05,Not Available
2606792,2121 Shore Parkway,Not Available,Not Available,Not Available,Not Available,20,Not Available,Not Available,Not Available,Not Available,Not Available,Not Available,2012-12-31T00:00:00.000,Not Available,Not Available,Not Available,Not Available,Not Available,Not Available,Not Available,11214,Not Available,Not Available,Not Available,Not Available,Not Available,Not Eligible: Rating must be 75 or above,Not Available,Not Available,Not Available,Not Available,31-OCT-12,Multifamily Housing,Not Available,313.0,Not Available,Not Available,Not Available,2121 Shore Condominium,Not Available,Not Available,Not Available,Not Available,Not Available,Not Available
2606074,1472 Montgomery Avenue,Not Available,Not Available,Not Available,Not Available,30,95.24,4202.4,Not Available,Not Available,79.83,Not Available,2012-12-31T00:00:00.000,Not Available,Not Available,Not Available,Not Available,Not Available,Not Available,Not Available,10453,94.3,Not Available,850270.4,0,Not Available,Not Eligible: Rating must be 75 or above,Not Available,Not Available,Not Available,Not Available,31-MAR-13,Multifamily Housing,Not Available,205.0,52.8,Not Available,Not Available,,Not Available,Not Available,Not Available,Not Available,Not Available,Not Available
2540632,925 Prospect Place,Not Available,Not Available,Not Available,Not Available,30,289.58,6929.1,Not Available,Not Available,151.24,Not Available,2012-12-31T00:00:00.000,Not Available,Not Available,Not Available,Not Available,Not Available,Not Available,Not Available,11213,94.4,Not Available,1610814.66,0,Not Available,Not Eligible: Rating must be 75 or above,Not Available,Not Available,Not Available,Not Available,31-DEC-12,Multifamily Housing,Not Available,308.0,60.1,No,Not Available,,Not Available,Not Available,Not Available,No specific resident population,Not Available,Not Available
1143934,388 GREENWICH STREET,Not Available,Not Available,Not Available,Not Available,Not Available,188.96,46601.9,Not Available,Not Available,12089.42,Not Available,2012-12-31T00:00:00.000,Not Available,No,Not Available,Not Available,Not Available,Not Available,Not Available,10013,209.6,Not Available,106887082.5,0,Not Available,Not Eligible: Less than one year since the period ending date of the last ENERGY STAR application.,68,Not Available,Not Available,Not Available,31-DEC-12,Office,Not Available,101.0,72.8,No,Not Available,,Not Available,2.89,Not Available,Not Available,Not Available,Not Available
2591375,160 BROADWAY,Not Available,Not Available,Not Available,Not Available,Not Available,541.47,Not Available,Not Available,Not Available,743.28,Not Available,2012-12-31T00:00:00.000,Not Available,Not Available,Not Available,Not Available,Not Available,Not Available,Not Available,10038,235.6,Not Available,7916754.14,0,Not Available,Not Eligible: Rating must be 75 or above,55,Not Available,Not Available,Not Available,31-DEC-12,Office,Not Available,101.0,107.1,Not Available,Not Available,,Not Available,5,Not Available,Not Available,Not Available,Not Available
2364064,1230 6th Avenue,Not Available,Not Available,Not Available,Not Available,Not Available,Not Available,Not Available,Not Available,Not Available,5521.21,Not Available,2012-12-31T00:00:00.000,Not Available,No,Not Available,Not Available,70,Not Available,Not Available,10111,249,Not Available,38974349.7,0,Not Available,Not Eligible: Rating must be 75 or above,65,Not Available,Not Available,Not Available,01-JAN-00,Office,Not Available,105.0,117.8,Not Available,Not Available,,Not Available,2.57,Not Available,Not Available,0.2,Not Available
2564688,838 Fifth Avenue,Not Available,Not Available,Not Available,Not Available,20,6.81,0,Not Available,Not Available,623.7,Not Available,2012-12-31T00:00:00.000,Not Available,No,Not Available,Not Available,Not Available,Not Available,Not Available,10065,286.6,Not Available,4376056.86,0,Not Available,Not Eligible: Rating must be 75 or above,Not Available,Not Available,Not Available,Not Available,31-DEC-12,Multifamily Housing,Not Available,108.0,114.5,Not Available,Not Available,Greenwich Energy Solutions,Not Available,Not Available,Not Available,No specific resident population,Not Available,Not Available
2587768,510-520 West 21st street,Not Available,Not Available,Not Available,Not Available,Not Available,51.99,66.6,Not Available,Not Available,65.69,Not Available,2012-12-31T00:00:00.000,Not Available,Not Available,Not Available,Not Available,Not Available,Not Available,Not Available,10011,26.5,Not Available,699714.76,0,Not Available,Not Eligible: Rating must be 75 or above,Not Available,Not Available,Not Available,Not Available,31-DEC-12,Self-Storage,Not Available,104.0,12.2,No,Not Available,,Not Available,Not Available,Not Available,Not Available,Not Available,Not Available
2604541,603 West 148th Street,Not Available,Not Available,Not Available,33,3.3,32.61,Not Available,Not Available,Not Available,131.91,Not Available,2012-12-31T00:00:00.000,Not Available,Not Available,Not Available,Not Available,Not Available,Not Available,Not Available,10031,81,Not Available,1405029.4,0,Not Available,Not Eligible: Rating must be 75 or above,Not Available,Not Available,Not Available,Not Available,01-JAN-00,Multifamily Housing,Not Available,109.0,30.6,Not Available,Not Available,Energy Investment Systems,Not Available,Not Available,Not Available,Not Available,Not Available,Not Available
2587913,5020-5030 Broadway,Not Available,Not Available,Not Available,Not Available,Not Available,Not Available,645.2,Not Available,Not Available,Not Available,Not Available,2012-12-31T00:00:00.000,Not Available,Not Available,Not Available,Not Available,3,Not Available,Not Available,10034,Not Available,Not Available,Not Available,Not Available,Not Available,Not Eligible: Rating must be 75 or above,85,Not Available,Not Available,Not Available,31-DEC-12,Self-Storage,Not Available,112.0,Not Available,No,Not Available,,Not Available,3.33,Not Available,Not Available,0.07,Not Available
1241726,6734 Route 9,Not Available,Not Available,Not Available,Not Available,Not Available,Not Available,Not Available,Not Available,Not Available,824.03,Not Available,2012-12-31T00:00:00.000,Not Available,Not Available,Not Available,Not Available,Not Available,Not Available,Not Available,12572,442,Not Available,9027392.44,75,Not Available,Eligible,Not Available,Not Available,Not Available,Not Available,01-JAN-00,Supermarket/Grocery,Not Available,,132.3,Not Available,Not Available,Not Available,Not Available,Not Available,Not Available,Not Available,Not Available,Not Available
2558870,498 7th Ave,Not Available,Not Available,Not Available,Not Available,Not Available,865.35,15971.1,Not Available,Not Available,4815.15,Not Available,2012-12-31T00:00:00.000,10922346.96,Not Available,Not Available,4.86,Not Available,Not Available,3496,10018,194.8,Not Available,51286338.87,90,Not Available,Eligible,60,Not Available,Not Available,Not Available,31-DEC-12,Office,Not Available,105.0,66.5,Not Available,Not Available,"CodeGreen Solutions, Inc.",Not Available,3.16,Not Available,Not Available,Not Available,Not Available
2610233,55 WASHINGTON AVENUE,Not Available,Not Available,Not Available,Not Available,Not Available,27.27,44.5,Not Available,Not Available,150.69,10,2012-12-31T00:00:00.000,Not Available,Not Available,Not Available,Not Available,Not Available,Not Available,Not Available,11205,56.7,Not Available,1605035.62,0,Not Available,Not Eligible: Current period ending over 120 days,Not Available,Not Available,Not Available,1,28-FEB-13,Warehouse (Unrefrigerated),Not Available,302.0,20.4,Not Available,Not Available,"National Refunds, LLC",Not Available,Not Available,Not Available,Not Available,Not Available,Not Available
2556696,65-75 West 96th Street,Not Available,Not Available,Not Available,Not Available,25,45.41,Not Available,Not Available,Not Available,1565.99,Not Available,2012-12-31T00:00:00.000,Not Available,No,Not Available,Not Available,60,Not Available,Not Available,10025,118.3,Not Available,5795469.11,0,Not Available,Not Eligible: Rating must be 75 or above,Not Available,Not Available,Not Available,Not Available,01-JAN-00,Multifamily Housing,Not Available,107.0,64.5,Not Available,Not Available,"DSM Engineering Associates, PC",Not Available,Not Available,Not Available,No specific resident population,0.15,Not Available
2560562,666 GREENWICH STREET,0,Not Available,13513,Not Available,Not Available,790.12,Not Available,Not Available,Not Available,2252.2,Not Available,2012-12-31T00:00:00.000,Not Available,Not Available,Not Available,Not Available,Not Available,Not Available,Not Available,10014,147.7,Not Available,23988307.21,0,Not Available,Not Eligible: Rating must be 75 or above,72,Not Available,Not Available,Not Available,31-DEC-12,Multifamily Housing,Not Available,102.0,60,No,Not Available,,Not Available,2.55,Not Available,Not Available,Not Available,Not Available
1578383,1325 Avenue of the Americas,Not Available,Not Available,Not Available,Not Available,Not Available,114.12,8262.6,Not Available,Not Available,5052.58,Not Available,2012-12-31T00:00:00.000,Not Available,No,Not Available,Not Available,91,Not Available,Not Available,10019,189,Not Available,47437060.29,93,Not Available,Not Eligible: Less than one year since the period ending date of the last ENERGY STAR application.,60,Not Available,Not Available,Not Available,31-MAR-13,Office,Not Available,105.0,63.6,Not Available,Not Available,,Not Available,2.05,Not Available,Not Available,0.77,Not Available
203837700.00%,9605 QUEENS BLVD,Not Available,Not Available,Not Available,Not Available,Not Available,31.56,Not Available,Not Available,Not Available,905.7,Not Available,2012-12-31T00:00:00.000,Not Available,Not Available,Not Available,Not Available,84,Not Available,Not Available,11374,166.2,Not Available,9646641.83,75,Not Available,Not Eligible: Rating must be 75 or above,Not Available,Not Available,Not Available,Not Available,01-JAN-00,Retail,Not Available,406.0,51.8,Not Available,Not Available,,Not Available,Not Available,Not Available,Not Available,0.25,Not Available
1241725,8101 Jericho Tpk,Not Available,Not Available,Not Available,Not Available,Not Available,251.69,Not Available,Not Available,Not Available,1758.58,Not Available,2012-12-31T00:00:00.000,Not Available,Not Available,Not Available,Not Available,Not Available,Not Available,Not Available,11797,589.4,Not Available,9286018.92,75,Not Available,Not Eligible: Rating must be 75 or above,Not Available,Not Available,Not Available,Not Available,01-JAN-00,Supermarket/Grocery,Not Available,,229.7,Not Available,Not Available,Not Available,Not Available,Not Available,Not Available,Not Available,Not Available,Not Available
2602873,3015 West 29th Street,Not Available,Not Available,Not Available,Not Available,Not Available,Not Available,Not Available,8,Not Available,Not Available,Not Available,2012-12-31T00:00:00.000,Not Available,Not Available,Not Available,Not Available,Not Available,Not Available,Not Available,11224,Not Available,350,Not Available,Not Available,100,Not Eligible: Rating must be 75 or above,Not Available,Not Available,Not Available,Not Available,01-JAN-00,Senior Care Facility,Not Available,313.0,Not Available,Not Available,Not Available,,Not Available,Not Available,Not Available,Not Available,Not Available,Not Available
1276621,731 Lexington Ave,Not Available,Not Available,Not Available,Not Available,15,176.89,46658.7,Not Available,Not Available,20019.54,Not Available,2012-12-31T00:00:00.000,Not Available,No,Not Available,Not Available,163,Not Available,Not Available,10022,453.2,Not Available,186209388.5,0,Not Available,Not Eligible: Rating must be 75 or above,168,Not Available,Not Available,Not Available,30-APR-13,Office,Not Available,106.0,151.2,Not Available,Not Available,,Not Available,7.83,Not Available,No specific resident population,0.24,Not Available
1385345,1619 Broadway,Not Available,Not Available,Not Available,Not Available,Not Available,385.61,Not Available,Not Available,Not Available,925.81,Not Available,2012-12-31T00:00:00.000,Not Available,Not Available,Not Available,Not Available,Not Available,Not Available,Not Available,10019,260.1,Not Available,9860846.35,0,Not Available,Not Eligible: Rating must be 75 or above,74,Not Available,Not Available,Not Available,31-JUL-12,Office,Not Available,105.0,109.8,Not Available,Not Available,,Not Available,2.23,Not Available,Not Available,Not Available,Not Available
2606050,1647-55 Macombs Road,Not Available,Not Available,Not Available,Not Available,30,185.52,5007.2,Not Available,Not Available,118.87,Not Available,2012-12-31T00:00:00.000,Not Available,Not Available,Not Available,Not Available,Not Available,Not Available,Not Available,10453,118.3,Not Available,1266066.8,0,Not Available,Not Eligible: Rating must be 75 or above,44,Not Available,Not Available,Not Available,31-DEC-12,Multifamily Housing,Not Available,205.0,71.4,Not Available,Not Available,,Not Available,4.05,Not Available,Not Available,Not Available,Not Available
2388616,120 East 36th Street,Not Available,Not Available,Not Available,Not Available,10,394.23,3378.2,Not Available,Not Available,158.12,Not Available,2012-12-31T00:00:00.000,2769972.81,Not Available,Not Available,Not Available,Not Available,Not Available,Not Available,10016,130.5,Not Available,1684138.2,0,Not Available,Not Eligible: Rating must be 75 or above,Not Available,Not Available,Not Available,Not Available,31-DEC-12,Multifamily Housing,Not Available,106.0,82.4,No,Not Available,Greenwich Energy Solutions,Not Available,Not Available,Not Available,No specific resident population,Not Available,Not Available
2614691,40 East 66th Street,Not Available,Not Available,Not Available,Not Available,10,1.71,3208.9,Not Available,Not Available,677.19,Not Available,2012-12-31T00:00:00.000,Not Available,No,Not Available,Not Available,110,Not Available,Not Available,10065,165.3,Not Available,4191270.05,0,Not Available,Not Eligible: Rating must be 75 or above,Not Available,Not Available,Not Available,Not Available,31-DEC-12,Multifamily Housing,Not Available,108.0,70.3,Not Available,Not Available,,Not Available,Not Available,Not Available,No specific resident population,0.16,Not Available
2614196,323 W 39th Street,Not Available,Not Available,Not Available,Not Available,Not Available,103.06,0,Not Available,Not Available,109.13,Not Available,2012-12-31T00:00:00.000,Not Available,Not Available,Not Available,Not Available,Not Available,Not Available,Not Available,10018,100.8,Not Available,1162363.11,0,Not Available,Not Eligible: Default space values used,65,Not Available,Not Available,Not Available,31-DEC-12,Office,Not Available,104.0,48.8,No,Not Available,,Not Available,3.86,Not Available,Not Available,Not Available,Not Available
1557451,60 Broad Street,Not Available,Not Available,Not Available,Not Available,Not Available,Not Available,0,Not Available,Not Available,7731.98,Not Available,2012-12-31T00:00:00.000,Not Available,No,Not Available,Not Available,Not Available,Not Available,Not Available,10004,201.2,Not Available,50626164.16,0,Not Available,Not Eligible: Less than one year since the period ending date of the last ENERGY STAR application.,70,Not Available,Not Available,Not Available,31-DEC-12,Office,Not Available,101.0,82.8,Not Available,Not Available,"Piedmont Office Realty Trust, Inc",Not Available,3.67,Not Available,Not Available,Not Available,Not Available
2553898,530 West End Avenue,Not Available,Not Available,Not Available,Not Available,10,381.31,2101.5,Not Available,Not Available,120.48,Not Available,2012-12-31T00:00:00.000,4388243.22,Not Available,Not Available,Not Available,Not Available,Not Available,Not Available,10024,108.5,Not Available,1283224.03,0,Not Available,Not Eligible: Rating must be 75 or above,Not Available,Not Available,Not Available,Not Available,31-DEC-12,Multifamily Housing,Not Available,107.0,72.9,Not Available,Not Available,Greenwich Energy Solutions,Not Available,Not Available,Not Available,No specific resident population,Not Available,Not Available
2564765,330 East 72nd Street,Not Available,Not Available,Not Available,Not Available,20,65.16,0,Not Available,Not Available,10874.88,Not Available,2012-12-31T00:00:00.000,Not Available,Not Available,Not Available,Not Available,Not Available,Not Available,Not Available,10021,10640.1,Not Available,115828829.3,0,Not Available,Not Eligible: Rating must be 75 or above,Not Available,Not Available,Not Available,Not Available,31-DEC-12,Multifamily Housing,Not Available,108.0,3208.7,Not Available,Not Available,Greenwich Energy Solutions,Not Available,Not Available,Not Available,No specific resident population,Not Available,Not Available
1753830,99901 Montauk Hwy,Not Available,Not Available,Not Available,Not Available,Not Available,Not Available,Not Available,Not Available,Not Available,1315.05,Not Available,2012-12-31T00:00:00.000,Not Available,Not Available,Not Available,Not Available,Not Available,Not Available,Not Available,11967,445.7,Not Available,6943997.63,75,Not Available,Eligible,Not Available,Not Available,Not Available,Not Available,01-JAN-00,Supermarket/Grocery,Not Available,,133.4,Not Available,Not Available,Not Available,Not Available,Not Available,Not Available,Not Available,Not Available,Not Available
1241659,2450 Jerusalem Ave.,Not Available,Not Available,Not Available,Not Available,Not Available,316.18,Not Available,Not Available,Not Available,1416.1,Not Available,2012-12-31T00:00:00.000,Not Available,Not Available,Not Available,Not Available,Not Available,Not Available,Not Available,11710,767.8,Not Available,7477605.94,75,Not Available,Not Eligible: Rating must be 75 or above,Not Available,Not Available,Not Available,Not Available,01-JAN-00,Supermarket/Grocery,Not Available,,330.3,Not Available,Not Available,Not Available,Not Available,Not Available,Not Available,Not Available,Not Available,Not Available
2533064,535 West End Avenue,Not Available,Not Available,Not Available,Not Available,20,173.47,0,Not Available,Not Available,205.2,Not Available,2012-12-31T00:00:00.000,Not Available,Not Available,Not Available,Not Available,Not Available,Not Available,Not Available,10028,50.4,Not Available,2185614.38,0,Not Available,Not Eligible: Rating must be 75 or above,0,Not Available,Not Available,Not Available,31-DEC-12,Multifamily Housing,Not Available,107.0,25.6,Not Available,Not Available,Greenwich Energy Solutions,Not Available,0,Not Available,No specific resident population,Not Available,Not Available
2563051,1919 Williamsbridge Road,Not Available,Not Available,Not Available,Not Available,20,223.07,Not Available,Not Available,Not Available,117.31,Not Available,2012-12-31T00:00:00.000,Not Available,Not Available,Not Available,Not Available,Not Available,Not Available,Not Available,10461,165.4,Not Available,1249428.17,0,Not Available,Not Eligible: Rating must be 75 or above,Not Available,Not Available,865,Not Available,01-JAN-00,Multifamily Housing,Not Available,211.0,104.8,No,Not Available,,Not Available,Not Available,Not Available,No specific resident population,Not Available,Not Available
256302100.00%,1919 Williamsbridge Road,Not Available,Not Available,Not Available,Not Available,20,508.61,Not Available,Not Available,Not Available,115.13,Not Available,2012-12-31T00:00:00.000,Not Available,Not Available,Not Available,Not Available,Not Available,Not Available,Not Available,10461,183.8,Not Available,1226204.45,0,Not Available,Not Eligible: Rating must be 75 or above,Not Available,Not Available,Not Available,Not Available,01-JAN-00,Multifamily Housing,Not Available,211.0,135.1,Not Available,Not Available,,Not Available,Not Available,Not Available,No specific resident population,Not Available,Not Available
2558903,2121 Cedar Avenue,Not Available,Not Available,Not Available,Not Available,10,243.14,4646.4,Not Available,Not Available,103.84,Not Available,2012-12-31T00:00:00.000,Not Available,Not Available,Not Available,Not Available,Not Available,Not Available,Not Available,10468,120.4,Not Available,1105982.88,0,Not Available,Not Eligible: Rating must be 75 or above,Not Available,Not Available,Not Available,Not Available,31-DEC-12,Multifamily Housing,Not Available,207.0,80.6,Not Available,Not Available,,Not Available,Not Available,Not Available,Not Available,Not Available,Not Available
2430795,75 Varick St,Not Available,Not Available,Not Available,Not Available,Not Available,1283.31,0,Not Available,Not Available,5296.84,0,2012-12-31T00:00:00.000,15584289.84,Not Available,Not Available,Not Available,Not Available,Not Available,Not Available,10013,208.5,Not Available,56416902.59,0,Not Available,Eligible,60,Not Available,Not Available,Not Available,31-DEC-12,Office,Not Available,102.0,74.1,Not Available,Not Available,"CodeGreen Solutions, Inc.",Not Available,2.77,Not Available,Not Available,Not Available,Not Available
2563011,1919 Williamsbridge Road,Not Available,Not Available,Not Available,Not Available,20,288,Not Available,Not Available,Not Available,82.1,Not Available,2012-12-31T00:00:00.000,Not Available,Not Available,Not Available,Not Available,Not Available,Not Available,Not Available,10461,136,Not Available,874464.89,0,Not Available,Not Eligible: Rating must be 75 or above,Not Available,Not Available,Not Available,Not Available,01-JAN-00,Multifamily Housing,Not Available,211.0,94.8,No,Not Available,,Not Available,Not Available,Not Available,No specific resident population,Not Available,Not Available
2386803,30 East 9th Street,Not Available,Not Available,Not Available,Not Available,20,796.98,9699.1,Not Available,Not Available,507.51,Not Available,2012-12-31T00:00:00.000,9798363.64,Not Available,Not Available,2.21,65,Not Available,7700,10003,121.8,Not Available,5405525.74,0,Not Available,Not Eligible: Rating must be 75 or above,Not Available,Not Available,Not Available,Not Available,31-DEC-12,Multifamily Housing,Not Available,102.0,67,Not Available,Not Available,Greenwich Energy Solutions,Not Available,Not Available,Not Available,No specific resident population,0,Not Available
2604109,42-41 201st Street,Not Available,Not Available,Not Available,Not Available,Not Available,2466.64,15235.8,19,Not Available,1444.8,Not Available,2012-12-31T00:00:00.000,Not Available,Not Available,Not Available,Not Available,Not Available,Not Available,Not Available,11361,338.6,432,15388627.25,0,90,Not Eligible: Rating must be 75 or above,Not Available,Not Available,Not Available,Not Available,31-DEC-12,Senior Care Facility,Not Available,411.0,209.2,Not Available,Not Available,,Not Available,Not Available,Not Available,Not Available,Not Available,Not Available
2608474,280 Fort Washington Ave,Not Available,Not Available,Not Available,Not Available,20,155.7,2573.1,Not Available,Not Available,54.22,Not Available,2012-12-31T00:00:00.000,1885202.16,Not Available,Not Available,Not Available,Not Available,Not Available,Not Available,10032,153.8,Not Available,577479.02,0,Not Available,Not Eligible: Rating must be 75 or above,Not Available,Not Available,Not Available,Not Available,31-DEC-12,Multifamily Housing,Not Available,112.0,100.3,Not Available,Not Available,Heat Watch LLC,Not Available,Not Available,Not Available,Not Available,Not Available,Not Available
2606280,390 Park Avenue,Not Available,Not Available,Not Available,Not Available,Not Available,Not Available,Not Available,Not Available,Not Available,3474.11,Not Available,2012-12-31T00:00:00.000,Not Available,No,Not Available,Not Available,93,Not Available,Not Available,10022,377.4,Not Available,27569894.89,0,Not Available,Not Eligible: Rating must be 75 or above,65,Not Available,Not Available,Not Available,01-JAN-00,Office,Not Available,105.0,138.5,Not Available,Not Available,,Not Available,1.66,Not Available,Not Available,0.21,Not Available
2388674,44 West 62nd Street,0,Not Available,33380,Not Available,10,21.25,6083.9,Not Available,Not Available,1511.27,Not Available,2012-12-31T00:00:00.000,Not Available,No,Not Available,Not Available,65,Not Available,Not Available,10023,162.5,Not Available,5867670.33,0,Not Available,Not Eligible: Rating must be 75 or above,65,Not Available,Not Available,Not Available,31-DEC-12,Multifamily Housing,Not Available,107.0,86.2,Not Available,Not Available,Greenwich Energy Solutions,Not Available,2.2,Not Available,No specific resident population,0,Not Available
1230818,430 E 67 St,0,Not Available,67864,Not Available,Not Available,Not Available,43039.3,Not Available,Not Available,6737.16,Not Available,2012-12-31T00:00:00.000,Not Available,Not Available,Not Available,Not Available,Not Available,Not Available,Not Available,10021,730.7,Not Available,71757772,0,Not Available,Not Eligible: Rating must be 75 or above,Not Available,Not Available,Not Available,Not Available,31-DEC-12,Other,Not Available,108.0,218.8,Not Available,Not Available,Memorial Sloan Kettering Cancer Center,Not Available,Not Available,Not Available,Not Available,Not Available,Not Available
1427700,33 Maiden Lane,Not Available,Not Available,Not Available,Not Available,Not Available,Not Available,10962.7,Not Available,Not Available,3017.49,Not Available,2012-12-31T00:00:00.000,Not Available,No,Not Available,Not Available,Not Available,Not Available,Not Available,10038,162,Not Available,28266654.46,0,Not Available,ENERGY STAR Application In Process,54,Not Available,Not Available,Not Available,31-JAN-13,Office,Not Available,101.0,53.2,Not Available,Not Available,,Not Available,2.43,Not Available,Not Available,Not Available,Not Available
2609828,600-612 West 58th street,Not Available,Not Available,Not Available,Not Available,Not Available,134.95,Not Available,Not Available,Not Available,128.74,Not Available,2012-12-31T00:00:00.000,Not Available,Not Available,Not Available,Not Available,Not Available,Not Available,Not Available,10019,66.3,Not Available,1371222.3,0,Not Available,Not Eligible: Rating must be 75 or above,Not Available,Not Available,Not Available,Not Available,31-DEC-12,Self-Storage,Not Available,104.0,35.8,Not Available,Not Available,,Not Available,Not Available,Not Available,Not Available,Not Available,Not Available
1241639,34-51 48th St Long Island City,Not Available,Not Available,Not Available,Not Available,Not Available,166.5,Not Available,Not Available,Not Available,836.53,Not Available,2012-12-31T00:00:00.000,Not Available,Not Available,Not Available,Not Available,Not Available,Not Available,Not Available,11104,512.8,Not Available,8909924.08,75,Not Available,Eligible,Not Available,Not Available,Not Available,Not Available,01-JAN-00,Supermarket/Grocery,Not Available,401.0,186.9,Not Available,Not Available,Not Available,Not Available,Not Available,Not Available,Not Available,Not Available,Not Available
2491298,2 W 13th St,Not Available,Not Available,Not Available,Not Available,Not Available,374.5,2058.5,Not Available,Not Available,833.21,Not Available,2012-12-31T00:00:00.000,Not Available,Not Available,Not Available,Not Available,Not Available,Not Available,Not Available,10011,169.1,Not Available,8874530.11,0,Not Available,Not Eligible: Rating must be 75 or above,Not Available,Not Available,Not Available,Not Available,31-DEC-12,College/University (Campus-Level),Not Available,102.0,68.1,No,Not Available,AKF Engineers,Not Available,Not Available,Not Available,Not Available,Not Available,Not Available
1241669,575 Montauk Hwy.,Not Available,Not Available,Not Available,Not Available,Not Available,166.9,Not Available,Not Available,Not Available,1492.23,Not Available,2012-12-31T00:00:00.000,Not Available,Not Available,Not Available,Not Available,Not Available,Not Available,Not Available,11704,498.4,Not Available,7879572.43,75,Not Available,Eligible,Not Available,Not Available,Not Available,Not Available,01-JAN-00,Supermarket/Grocery,Not Available,,185.5,Not Available,Not Available,Not Available,Not Available,Not Available,Not Available,Not Available,Not Available,Not Available
1753822,533 Montauk Hwy,Not Available,Not Available,Not Available,Not Available,Not Available,229.79,Not Available,Not Available,Not Available,Not Available,Not Available,2012-12-31T00:00:00.000,Not Available,Not Available,Not Available,Not Available,Not Available,Not Available,Not Available,11706,92.1,Not Available,0,75,Not Available,Eligible,Not Available,Not Available,Not Available,Not Available,01-JAN-00,Supermarket/Grocery,Not Available,,88,Not Available,Not Available,Not Available,Not Available,Not Available,Not Available,Not Available,Not Available,Not Available
2589255,47-59 Vandam street,Not Available,Not Available,Not Available,Not Available,Not Available,209.12,143,Not Available,Not Available,310.69,Not Available,2012-12-31T00:00:00.000,Not Available,Not Available,Not Available,Not Available,Not Available,Not Available,Not Available,10013,85.7,Not Available,3309139.57,0,Not Available,Not Eligible: Rating must be 75 or above,Not Available,Not Available,Not Available,Not Available,31-DEC-12,Self-Storage,Not Available,102.0,40.9,Not Available,Not Available,,Not Available,Not Available,Not Available,Not Available,Not Available,Not Available
2595925,172-70 Highland Ave.,Not Available,Not Available,Not Available,Not Available,Not Available,396.86,780.9,Not Available,Not Available,164.52,Not Available,2012-12-31T00:00:00.000,0,Not Available,Not Available,Not Available,Not Available,Not Available,Not Available,11432,118.8,Not Available,1752270.13,0,Not Available,Not Eligible: Rating must be 75 or above,Not Available,Not Available,Not Available,Not Available,31-DEC-12,Multifamily Housing,Not Available,408.0,80.1,Not Available,Not Available,,Not Available,Not Available,Not Available,Not Available,Not Available,Not Available
1582252,2 United Nations Plaza,Not Available,0,Not Available,Not Available,Not Available,Not Available,12698.6,Not Available,Not Available,4144.15,Not Available,2012-12-31T00:00:00.000,Not Available,No,Not Available,Not Available,Not Available,Not Available,Not Available,10017,199.6,Not Available,25920841.53,0,Not Available,Not Eligible: Rating must be 75 or above,65,Not Available,Not Available,Not Available,31-DEC-12,Office,Not Available,106.0,84.2,Not Available,Not Available,,0,5.09,Not Available,Not Available,Not Available,Not Available
2318262,61-20 Grand Central Parkway,Not Available,Not Available,Not Available,Not Available,10,2058.7,Not Available,Not Available,Not Available,978.12,Not Available,2012-12-31T00:00:00.000,Not Available,Not Available,Not Available,Not Available,Not Available,Not Available,Not Available,11375,175.6,Not Available,10417984.56,0,Not Available,Not Eligible: Rating must be 75 or above,Not Available,Not Available,Not Available,Not Available,01-JAN-00,Multifamily Housing,Not Available,406.0,114.5,Not Available,Not Available,,Not Available,Not Available,Not Available,Not Available,Not Available,Not Available
2563063,1919 Williamsbridge Road,Not Available,Not Available,Not Available,Not Available,20,228.96,Not Available,Not Available,Not Available,88.44,Not Available,2012-12-31T00:00:00.000,Not Available,Not Available,Not Available,Not Available,Not Available,Not Available,Not Available,10461,139.1,Not Available,941957.66,0,Not Available,Not Eligible: Rating must be 75 or above,Not Available,Not Available,Not Available,Not Available,01-JAN-00,Multifamily Housing,Not Available,211.0,95.4,No,Not Available,,Not Available,Not Available,Not Available,No specific resident population,Not Available,Not Available
1390799,650 Fifth Avenue,Not Available,Not Available,Not Available,Not Available,Not Available,Not Available,Not Available,Not Available,Not Available,2742.36,Not Available,2012-12-31T00:00:00.000,Not Available,No,Not Available,Not Available,Not Available,Not Available,Not Available,10019,219.5,Not Available,22295693.93,0,Not Available,Not Eligible: Rating must be 75 or above,38,Not Available,Not Available,Not Available,28-FEB-13,Office,Not Available,105.0,79.4,Not Available,Not Available,Great Forest Inc,Not Available,3.12,Not Available,Not Available,Not Available,Not Available
2586293,1071 6TH AVENUE,Not Available,Not Available,Not Available,Not Available,Not Available,191.94,Not Available,Not Available,Not Available,877.64,Not Available,2012-12-31T00:00:00.000,2420958.49,Not Available,Not Available,Not Available,Not Available,Not Available,Not Available,10018,180.7,Not Available,9347737.83,0,Not Available,Not Eligible: Less than one year since the period ending date of the last ENERGY STAR application.,60,Not Available,Not Available,Not Available,31-DEC-12,Office,Not Available,105.0,63.2,Not Available,Not Available,,Not Available,1.51,Not Available,Not Available,Not Available,Not Available
1747000,56-45 Main Street,Not Available,Not Available,Not Available,Not Available,Not Available,5735.44,Not Available,Not Available,Not Available,6714.53,Not Available,2012-12-31T00:00:00.000,Not Available,Not Available,Not Available,Not Available,Not Available,Not Available,Not Available,11355,594.6,Not Available,71516730.08,0,Not Available,Not Eligible: Rating must be 75 or above,Not Available,Not Available,Not Available,Not Available,01-JAN-00,Hospital (General Medical and Surgical),Not Available,407.0,302.7,No,Not Available,Gotham 360 LLC,Not Available,Not Available,Not Available,Not Available,Not Available,Not Available
1547633,13505 20TH AVE,198170,Not Available,0,Not Available,Not Available,164.24,1065.1,Not Available,Not Available,811.48,Not Available,2012-12-31T00:00:00.000,Not Available,Not Available,Not Available,Not Available,97,Not Available,Not Available,11356,229.5,Not Available,8643119.16,0,Not Available,Eligible,Not Available,Not Available,Not Available,Not Available,31-MAR-13,Retail,Not Available,407.0,83.8,Not Available,Not Available,,Not Available,Not Available,Not Available,Not Available,0.21,Not Available
2383967,411 East 53rd Street,0,Not Available,16306,Not Available,11,691.44,13720.9,Not Available,Not Available,660.36,Not Available,2012-12-31T00:00:00.000,0,Not Available,Not Available,Not Available,Not Available,Not Available,Not Available,10022,176.7,Not Available,7033492.16,0,Not Available,Not Eligible: Rating must be 75 or above,Not Available,Not Available,Not Available,Not Available,31-DEC-12,Multifamily Housing,Not Available,106.0,95.3,No,Not Available,Greenwich Energy Solutions,Not Available,Not Available,Not Available,No specific resident population,Not Available,Not Available
2386824,220 East 73rd Street,Not Available,Not Available,Not Available,Not Available,10,234.39,0,Not Available,Not Available,185.98,Not Available,2012-12-31T00:00:00.000,2894779.04,Not Available,Not Available,Not Available,Not Available,Not Available,Not Available,10021,98.7,Not Available,1980853.11,0,Not Available,Not Eligible: Rating must be 75 or above,Not Available,Not Available,Not Available,Not Available,31-DEC-12,Multifamily Housing,Not Available,108.0,50.9,Not Available,Not Available,Greenwich Energy Solutions,Not Available,Not Available,Not Available,No specific resident population,Not Available,Not Available
11809,4 Times Square,Not Available,Not Available,Not Available,Not Available,Not Available,3676.22,Not Available,Not Available,Not Available,11543.49,Not Available,2012-12-31T00:00:00.000,Not Available,No,Not Available,Not Available,120,Not Available,Not Available,10036,281.8,Not Available,106373332,75,Not Available,Not Eligible: Rating must be 75 or above,98,Not Available,Not Available,Not Available,01-JAN-00,Office,Not Available,105.0,121.8,Not Available,Not Available,,Not Available,4.3,Not Available,Not Available,0.4,Not Available
1211581,405 Park Avenue,Not Available,Not Available,Not Available,Not Available,Not Available,Not Available,1121.3,Not Available,Not Available,2981.61,Not Available,2012-12-31T00:00:00.000,Not Available,No,Not Available,Not Available,Not Available,Not Available,Not Available,10022,173.4,Not Available,7012750.15,0,Not Available,Not Eligible: Rating must be 75 or above,37,Not Available,Not Available,Not Available,28-FEB-13,Office,Not Available,105.0,68.4,Not Available,377.28,,Not Available,1.68,Not Available,Not Available,Not Available,Not Available
1743360,440 Ninth Ave,Not Available,Not Available,Not Available,Not Available,Not Available,503.42,7860.1,Not Available,Not Available,2417.4,Not Available,2012-12-31T00:00:00.000,6355150.51,Not Available,Not Available,Not Available,Not Available,Not Available,Not Available,10001,240.3,Not Available,25747787.45,86,Not Available,Eligible,55,Not Available,Not Available,Not Available,31-JAN-13,Office,Not Available,104.0,83.5,Not Available,Not Available,,Not Available,6.09,Not Available,Not Available,Not Available,Not Available
2611227,300 East 40th Street,0,Not Available,64065,Not Available,10,4328.86,Not Available,Not Available,Not Available,1116.4,Not Available,2012-12-31T00:00:00.000,51492484.17,Not Available,Not Available,Not Available,73,Not Available,Not Available,10016,157.4,Not Available,11890793.71,0,Not Available,Not Eligible: Rating must be 75 or above,Not Available,Not Available,6026,Not Available,01-JAN-00,Multifamily Housing,Not Available,106.0,110.9,Not Available,Not Available,"Norgen Consulting Group, Inc.",Not Available,Not Available,Not Available,Not Available,1.24,Not Available
2608483,41-47 St. Nicholas Terrace,Not Available,Not Available,Not Available,Not Available,20,221.12,Not Available,Not Available,Not Available,119.66,Not Available,2012-12-31T00:00:00.000,Not Available,Not Available,Not Available,Not Available,Not Available,Not Available,Not Available,10027,156.8,Not Available,1274534.55,0,Not Available,Not Eligible: Rating must be 75 or above,Not Available,Not Available,Not Available,Not Available,01-JAN-00,Multifamily Housing,Not Available,109.0,92.5,Not Available,Not Available,Heat Watch LLC,Not Available,Not Available,Not Available,Not Available,Not Available,Not Available
1273033,888 Seventh Ave,0,Not Available,69633,Not Available,Not Available,0.46,28142.8,Not Available,Not Available,7891.53,Not Available,2012-12-31T00:00:00.000,Not Available,No,Not Available,Not Available,Not Available,Not Available,Not Available,10019,283.5,Not Available,60732615.47,0,Not Available,Not Eligible: Rating must be 75 or above,80,Not Available,Not Available,Not Available,31-DEC-12,Office,Not Available,105.0,106.1,Not Available,Not Available,,Not Available,3.64,Not Available,Not Available,Not Available,Not Available
1730167,250 West 57th Street,Not Available,Not Available,Not Available,Not Available,Not Available,1126.09,Not Available,Not Available,Not Available,2528.9,Not Available,2012-12-31T00:00:00.000,14215757.51,Not Available,Not Available,Not Available,55,Not Available,Not Available,10107,173.4,Not Available,26935428.65,0,Not Available,Eligible,48,Not Available,Not Available,Not Available,31-DEC-10,Office,Not Available,105.0,68.4,Not Available,Not Available,Viridian Energy and Env LLC,Not Available,2.56,Not Available,Not Available,1.85,Not Available
1839071,315 Hudson St,Not Available,Not Available,Not Available,Not Available,Not Available,627.72,Not Available,Not Available,Not Available,1931.12,Not Available,2012-12-31T00:00:00.000,5785232.21,Not Available,Not Available,Not Available,50,Not Available,Not Available,10013,179.6,Not Available,20568466.77,85,Not Available,Not Eligible: Less than one year since the period ending date of the last ENERGY STAR application.,66,Not Available,Not Available,Not Available,31-JUL-12,Office,Not Available,102.0,67,Not Available,Not Available,R3 Energy Management Audit & Review,Not Available,2.37,Not Available,Not Available,0.42,Not Available
2.59e+06,9701 Ave D,Not Available,Not Available,Not Available,Not Available,Not Available,1330.91,7661.8,Not Available,Not Available,1335.62,100,2012-12-31T00:00:00.000,Not Available,Not Available,Not Available,Not Available,Not Available,Not Available,Not Available,11236,567,Not Available,14225706.63,0,Not Available,Not Eligible: Rating must be 75 or above,Not Available,Not Available,Not Available,Not Available,31-JAN-13,Warehouse (Unrefrigerated),Not Available,318.0,301.9,Not Available,Not Available,,Not Available,Not Available,Not Available,Not Available,Not Available,Not Available
1578721,1333 Broadway,Not Available,Not Available,Not Available,Not Available,Not Available,376.9,Not Available,Not Available,Not Available,1246.71,Not Available,2012-12-31T00:00:00.000,0,Not Available,Not Available,Not Available,Not Available,Not Available,Not Available,10001,124.1,Not Available,13278799.59,0,Not Available,Not Eligible: Less than one year since the period ending date of the last ENERGY STAR application.,43,Not Available,Not Available,Not Available,01-JAN-00,Office,Not Available,105.0,46.2,No,Not Available,Viridian Energy and Env LLC,Not Available,1.37,Not Available,Not Available,Not Available,Not Available
2558912,2101 Cedar Avenue,Not Available,Not Available,Not Available,Not Available,10,194.45,4900.3,Not Available,Not Available,93.48,Not Available,2012-12-31T00:00:00.000,Not Available,Not Available,Not Available,Not Available,Not Available,Not Available,Not Available,10468,101.6,Not Available,995645.37,0,Not Available,Not Eligible: Rating must be 75 or above,Not Available,Not Available,Not Available,Not Available,31-DEC-12,Multifamily Housing,Not Available,207.0,66.1,Not Available,Not Available,,Not Available,Not Available,Not Available,Not Available,Not Available,Not Available
1721249,750 Seventh Avenue,Not Available,Not Available,Not Available,Not Available,Not Available,50.92,0,Not Available,Not Available,4590.45,Not Available,2012-12-31T00:00:00.000,Not Available,No,Not Available,Not Available,72,7028181.2,Not Available,10019,224.8,Not Available,39955617.42,0,Not Available,Not Eligible: Less than one year since the period ending date of the last ENERGY STAR application.,67,Not Available,Not Available,Not Available,31-DEC-12,Office,Not Available,105.0,78.7,Not Available,Not Available,tLync Energy Engineering & Consulting,Not Available,3.19,616719.2,Not Available,2,Not Available
2394981,9216 7th Avenue,Not Available,Not Available,Not Available,Not Available,Not Available,513.31,Not Available,Not Available,Not Available,352.04,Not Available,2012-12-31T00:00:00.000,Not Available,Not Available,Not Available,Not Available,Not Available,Not Available,Not Available,11228,156.6,Not Available,3749567.46,75,Not Available,Not Eligible: Rating must be 75 or above,Not Available,Not Available,Not Available,Not Available,01-JAN-00,K-12 School,Not Available,310.0,89.2,No,Not Available,,Not Available,Not Available,Not Available,Not Available,Not Available,133787
1241743,2525 Hempstead Turnpike,Not Available,Not Available,Not Available,Not Available,Not Available,140.45,Not Available,Not Available,Not Available,1541.54,Not Available,2012-12-31T00:00:00.000,Not Available,Not Available,Not Available,Not Available,Not Available,Not Available,Not Available,11554,388.1,Not Available,8139989.85,75,Not Available,Eligible,Not Available,Not Available,Not Available,Not Available,01-JAN-00,Supermarket/Grocery,Not Available,,139.7,Not Available,Not Available,Not Available,Not Available,Not Available,Not Available,Not Available,Not Available,Not Available
2550638,26 Bedford Park Blvd.,Not Available,Not Available,Not Available,Not Available,Not Available,Not Available,Not Available,Not Available,Not Available,Not Available,Not Available,2012-12-31T00:00:00.000,Not Available,Not Available,Not Available,Not Available,67,Not Available,Not Available,10468,Not Available,Not Available,Not Available,Not Available,Not Available,Not Eligible: Rating must be 75 or above,Not Available,Not Available,Not Available,Not Available,30-JUN-12,Multifamily Housing,Not Available,207.0,Not Available,No,Not Available,,Not Available,Not Available,Not Available,Not Available,0.42,Not Available
255055900.00%,30 Vesey Street,Not Available,Not Available,Not Available,Not Available,Not Available,Not Available,0,Not Available,Not Available,Not Available,Not Available,2012-12-31T00:00:00.000,Not Available,Not Available,Not Available,Not Available,65,Not Available,Not Available,10007,Not Available,Not Available,Not Available,Not Available,Not Available,Not Eligible: Rating must be 75 or above,65,Not Available,Not Available,Not Available,31-OCT-11,Office,Not Available,101.0,Not Available,Not Available,Not Available,,Not Available,2.3,Not Available,Not Available,0.2,Not Available
2383263,111 Barrow Street,Not Available,Not Available,Not Available,Not Available,10,64.43,120.1,Not Available,Not Available,190.71,Not Available,2012-12-31T00:00:00.000,Not Available,Not Available,Not Available,Not Available,Not Available,Not Available,Not Available,10014,87.7,Not Available,2031297.44,0,Not Available,Not Eligible: Rating must be 75 or above,Not Available,Not Available,Not Available,Not Available,31-DEC-12,Multifamily Housing,Not Available,102.0,35,No,Not Available,Greenwich Energy Solutions,Not Available,Not Available,Not Available,No specific resident population,Not Available,Not Available
2562937,1919 Williamsbridge Road,Not Available,Not Available,Not Available,Not Available,20,239.12,Not Available,Not Available,Not Available,95.83,Not Available,2012-12-31T00:00:00.000,Not Available,Not Available,Not Available,Not Available,Not Available,Not Available,Not Available,10461,135.7,Not Available,1020652.03,0,Not Available,Not Eligible: Rating must be 75 or above,Not Available,Not Available,Not Available,Not Available,01-JAN-00,Multifamily Housing,Not Available,211.0,92.2,No,Not Available,,Not Available,Not Available,Not Available,No specific resident population,Not Available,Not Available
1719778,24-01 44th Road,Not Available,Not Available,Not Available,Not Available,Not Available,296.99,3932.3,Not Available,Not Available,1688.81,Not Available,2012-12-31T00:00:00.000,Not Available,Not Available,Not Available,Not Available,Not Available,Not Available,Not Available,11101,239.5,Not Available,17987585.72,0,Not Available,Eligible,68,Not Available,Not Available,Not Available,31-MAR-13,Office,Not Available,402.0,85.6,Not Available,Not Available,,Not Available,3.16,Not Available,Not Available,Not Available,Not Available
2408431,152 West 57th Street,Not Available,Not Available,Not Available,Not Available,Not Available,Not Available,12904.8,Not Available,Not Available,4630.06,Not Available,2012-12-31T00:00:00.000,Not Available,No,Not Available,Not Available,Not Available,2887806.9,Not Available,10019,243.1,Not Available,39359500.22,0,Not Available,Not Eligible: Rating must be 75 or above,53,Not Available,Not Available,Not Available,30-NOV-12,Office,Not Available,105.0,85.4,Not Available,Not Available,,Not Available,3.3,253403.5,Not Available,Not Available,Not Available
2379262,345 Hudson street,Not Available,Not Available,Not Available,Not Available,Not Available,847.9,17753.4,Not Available,Not Available,6296.77,Not Available,2012-12-31T00:00:00.000,Not Available,No,Not Available,6,66,Not Available,2835,10014,264.4,Not Available,66891938.73,0,Not Available,Not Eligible: Less than one year since the period ending date of the last ENERGY STAR application.,52,Not Available,Not Available,Not Available,31-DEC-12,Office,Not Available,102.0,91.3,No,Not Available,"CodeGreen Solutions, Inc.",Not Available,2.67,Not Available,Not Available,0.23,Not Available
2610348,2111 Albermarle Rd.,Not Available,Not Available,Not Available,Not Available,15,361.83,0,Not Available,Not Available,136.9,Not Available,2012-12-31T00:00:00.000,Not Available,Not Available,Not Available,Not Available,Not Available,Not Available,Not Available,11226,92.4,Not Available,1458125.02,0,Not Available,Not Eligible: Rating must be 75 or above,Not Available,Not Available,Not Available,Not Available,31-DEC-12,Multifamily Housing,Not Available,314.0,63.6,Not Available,Not Available,Plug Energy Services LLC,Not Available,Not Available,Not Available,No specific resident population,Not Available,Not Available
2388507,201 West 72nd Street,Not Available,Not Available,Not Available,Not Available,10,856.98,14208.4,Not Available,Not Available,735.39,Not Available,2012-12-31T00:00:00.000,Not Available,Not Available,Not Available,Not Available,Not Available,Not Available,Not Available,10023,174.6,Not Available,7832719.28,0,Not Available,Not Eligible: Rating must be 75 or above,Not Available,Not Available,Not Available,Not Available,31-DEC-12,Multifamily Housing,Not Available,107.0,97.1,Not Available,Not Available,Greenwich Energy Solutions,Not Available,Not Available,Not Available,No specific resident population,Not Available,Not Available
2606031,1068 Gerard Avenue,0,Not Available,3000,Not Available,20,251.46,3216.9,Not Available,Not Available,146.08,Not Available,2012-12-31T00:00:00.000,Not Available,Not Available,Not Available,Not Available,Not Available,Not Available,Not Available,10452,113.7,Not Available,1555902.82,0,Not Available,Not Eligible: Rating must be 75 or above,Not Available,Not Available,Not Available,Not Available,31-DEC-12,Multifamily Housing,Not Available,204.0,70.4,Not Available,Not Available,,Not Available,Not Available,Not Available,Not Available,Not Available,Not Available
1241648,32 South Middltown Rd.,Not Available,Not Available,Not Available,Not Available,Not Available,332.69,Not Available,Not Available,Not Available,915.41,Not Available,2012-12-31T00:00:00.000,Not Available,Not Available,Not Available,Not Available,Not Available,Not Available,Not Available,10954,625.8,Not Available,10028503.87,75,Not Available,Not Eligible: Rating must be 75 or above,Not Available,Not Available,Not Available,Not Available,01-JAN-00,Supermarket/Grocery,Not Available,,254.5,Not Available,Not Available,Not Available,Not Available,Not Available,Not Available,Not Available,Not Available,Not Available
2614534,431 Riverside Drive,Not Available,Not Available,Not Available,Not Available,Not Available,414.3,Not Available,Not Available,Not Available,62.74,Not Available,2012-12-31T00:00:00.000,Not Available,Not Available,Not Available,Not Available,Not Available,Not Available,Not Available,10025,118.8,Not Available,668206.08,0,Not Available,Not Eligible: Current period ending over 120 days,Not Available,Not Available,Not Available,Not Available,01-JAN-00,Residence Hall/Dormitory,Not Available,109.0,94.7,No,Not Available,Gotham 360 LLC,Not Available,Not Available,Not Available,Not Available,Not Available,Not Available
2386565,455 East 51st Street,Not Available,Not Available,Not Available,Not Available,20,230.89,2573.9,Not Available,Not Available,93.54,Not Available,2012-12-31T00:00:00.000,2848995.13,Not Available,Not Available,Not Available,Not Available,Not Available,Not Available,10022,114.4,Not Available,996351.71,0,Not Available,Not Eligible: Rating must be 75 or above,Not Available,Not Available,Not Available,Not Available,31-DEC-12,Multifamily Housing,Not Available,106.0,71.5,Not Available,Not Available,Greenwich Energy Solutions,Not Available,Not Available,Not Available,No specific resident population,Not Available,Not Available
2544622,42 WEST 39TH STREET,Not Available,Not Available,Not Available,Not Available,Not Available,421.29,Not Available,Not Available,Not Available,725.98,Not Available,2012-12-31T00:00:00.000,5316492,Not Available,Not Available,Not Available,40,Not Available,Not Available,10018,185.6,Not Available,7732409.23,0,Not Available,Not Eligible: Less than one year since the period ending date of the last ENERGY STAR application.,55,Not Available,Not Available,Not Available,31-DEC-12,Office,Not Available,105.0,77.6,Not Available,Not Available,MCHALE ENERGY,Not Available,1.94,Not Available,Not Available,1.84,Not Available
2612583,394 ARGYLE RD HCM,Not Available,Not Available,Not Available,Not Available,Not Available,458.35,0,Not Available,Not Available,215.99,Not Available,2012-12-31T00:00:00.000,Not Available,Not Available,Not Available,Not Available,Not Available,Not Available,Not Available,11218,94.6,Not Available,2300555.64,0,Not Available,Not Eligible: Rating must be 75 or above,Not Available,Not Available,Not Available,Not Available,31-DEC-12,Multifamily Housing,Not Available,314.0,61.8,Not Available,Not Available,,Not Available,Not Available,Not Available,Not Available,Not Available,Not Available
2612468,315 W 36th,Not Available,Not Available,Not Available,Not Available,Not Available,435.75,Not Available,Not Available,Not Available,816.78,Not Available,2012-12-31T00:00:00.000,4931495.69,Not Available,Not Available,Not Available,Not Available,Not Available,Not Available,10018,273.2,Not Available,8699518.4,0,Not Available,Not Eligible: Rating must be 75 or above,55,Not Available,Not Available,Not Available,01-JAN-00,Office,Not Available,,113.3,Not Available,Not Available,"Code Green Solutions, Inc.",Not Available,3.75,Not Available,Not Available,Not Available,Not Available
2285729,1780 Grand Concourse,0,Not Available,24477,Not Available,Not Available,154.22,Not Available,Not Available,Not Available,750.8,Not Available,2012-12-31T00:00:00.000,Not Available,Not Available,Not Available,Not Available,Not Available,Not Available,Not Available,10453,165.3,Not Available,7996846,0,Not Available,Eligible,50,Not Available,Not Available,Not Available,01-JAN-00,Office,Not Available,205.0,60.5,Not Available,Not Available,,Not Available,3.6,Not Available,Not Available,Not Available,Not Available
1513221,1177 Avenue of the Americas,Not Available,Not Available,Not Available,Not Available,Not Available,25.51,Not Available,Not Available,Not Available,8045.48,Not Available,2012-12-31T00:00:00.000,Not Available,No,Not Available,Not Available,Not Available,Not Available,Not Available,10036,265,Not Available,71779813.52,0,Not Available,Not Eligible: Rating must be 75 or above,66,Not Available,Not Available,Not Available,31-DEC-12,Office,Not Available,105.0,90.4,Not Available,Not Available,,Not Available,2.12,Not Available,Not Available,Not Available,Not Available
2604459,110 Post Avenue,Not Available,Not Available,Not Available,Not Available,5,474.56,7335.1,Not Available,Not Available,106.74,Not Available,2012-12-31T00:00:00.000,Not Available,Not Available,Not Available,Not Available,Not Available,Not Available,Not Available,10034,123.7,Not Available,1136878.4,0,Not Available,Not Eligible: Rating must be 75 or above,Not Available,Not Available,Not Available,Not Available,31-DEC-12,Multifamily Housing,Not Available,112.0,94.7,Not Available,Not Available,,Not Available,Not Available,Not Available,No specific resident population,Not Available,Not Available
2038302,2307 BEVERLEY RD,Not Available,Not Available,Not Available,Not Available,Not Available,201.59,656.9,Not Available,Not Available,574.72,Not Available,2012-12-31T00:00:00.000,Not Available,Not Available,Not Available,Not Available,81,Not Available,Not Available,11226,130,Not Available,6121383.9,75,Not Available,Eligible,Not Available,Not Available,Not Available,Not Available,31-DEC-12,Retail,Not Available,314.0,52.8,Not Available,Not Available,,Not Available,Not Available,Not Available,Not Available,0.11,Not Available
2614642,42-72 80th Street,Not Available,Not Available,Not Available,Not Available,10,Not Available,Not Available,Not Available,Not Available,300.94,Not Available,2012-12-31T00:00:00.000,Not Available,Not Available,Not Available,Not Available,Not Available,Not Available,Not Available,11373,127.4,Not Available,3205290.03,0,Not Available,Not Eligible: Rating must be 75 or above,Not Available,Not Available,Not Available,Not Available,31-JUL-12,Multifamily Housing,Not Available,404.0,38.2,Not Available,Not Available,,Not Available,Not Available,Not Available,Not Available,Not Available,Not Available
2054784,3 UN Plaza,Not Available,Not Available,Not Available,Not Available,Not Available,Not Available,Not Available,Not Available,Not Available,Not Available,Not Available,2012-12-31T00:00:00.000,Not Available,No,Not Available,Not Available,Not Available,Not Available,Not Available,10017,Not Available,Not Available,Not Available,Not Available,Not Available,Not Eligible: Rating must be 75 or above,60,Not Available,Not Available,Not Available,31-JAN-12,Office,Not Available,106.0,Not Available,Not Available,Not Available,,Not Available,2.99,Not Available,Not Available,Not Available,Not Available
2611920,500 8th Ave,Not Available,Not Available,Not Available,Not Available,Not Available,338.77,Not Available,Not Available,Not Available,879.19,Not Available,2012-12-31T00:00:00.000,2907438.58,Not Available,Not Available,Not Available,68,Not Available,Not Available,10018,152.8,Not Available,9364319.23,0,Not Available,Not Eligible: Rating must be 75 or above,50,Not Available,Not Available,Not Available,01-JAN-00,Other,Not Available,105.0,59,No,Not Available,"Code Green Solutions, Inc.",Not Available,2.68,Not Available,Not Available,1.06,Not Available
2008956,211NEA,0,Not Available,7732,Not Available,10,1123.47,10883.6,Not Available,Not Available,730.29,Not Available,2012-12-31T00:00:00.000,Not Available,Not Available,Not Available,Not Available,Not Available,Not Available,Not Available,10282,160.3,Not Available,7778391.43,0,Not Available,Not Eligible: Rating must be 75 or above,Not Available,Not Available,Not Available,Not Available,31-JAN-13,Multifamily Housing,Not Available,,96.3,Not Available,Not Available,,Not Available,Not Available,Not Available,Not Available,Not Available,Not Available
1467374,230 Park Avenue,Not Available,Not Available,Not Available,Not Available,Not Available,67.17,9411,Not Available,Not Available,10899.72,Not Available,2012-12-31T00:00:00.000,Not Available,No,Not Available,4.11,84,Not Available,390290,10169,227.5,Not Available,66394790.4,0,Not Available,Eligible,48,Not Available,Not Available,Not Available,31-DEC-12,Office,Not Available,105.0,97.9,Not Available,Not Available,"Code Green Solutions, Inc.",Not Available,5.58,Not Available,Not Available,0.92,Not Available
2557733,200 East 71st Street,0,Not Available,2000,Not Available,20,1094.07,15117.2,Not Available,Not Available,1018.63,Not Available,2012-12-31T00:00:00.000,3995838.21,Not Available,Not Available,Not Available,70,Not Available,Not Available,10021,149.7,Not Available,10849453.89,0,Not Available,Not Eligible: Rating must be 75 or above,Not Available,Not Available,Not Available,Not Available,30-NOV-11,Multifamily Housing,Not Available,108.0,77.6,No,Not Available,,Not Available,Not Available,Not Available,No specific resident population,1.76,Not Available
2614192,8635 21 AVE PLPM,Not Available,Not Available,Not Available,Not Available,Not Available,317.24,0,Not Available,Not Available,155.19,Not Available,2012-12-31T00:00:00.000,Not Available,Not Available,Not Available,Not Available,Not Available,Not Available,Not Available,11214,107.3,Not Available,1652975.47,0,Not Available,Not Eligible: Rating must be 75 or above,Not Available,Not Available,Not Available,Not Available,31-DEC-12,Multifamily Housing,Not Available,311.0,69.5,Not Available,Not Available,,Not Available,Not Available,Not Available,Not Available,Not Available,Not Available
2043394,555 Madison Ave,Not Available,Not Available,Not Available,Not Available,Not Available,Not Available,6918.5,Not Available,Not Available,2882.96,Not Available,2012-12-31T00:00:00.000,Not Available,No,Not Available,Not Available,51,Not Available,Not Available,10022,148.4,Not Available,15665174.4,0,Not Available,Not Eligible: Less than one year since the period ending date of the last ENERGY STAR application.,69,Not Available,Not Available,Not Available,31-JAN-13,Office,Not Available,105.0,67.3,Not Available,Not Available,The Cotocon Group,Not Available,2.33,Not Available,Not Available,0.62,Not Available
1241548,1897 Main Street,Not Available,Not Available,Not Available,Not Available,Not Available,170.58,Not Available,Not Available,Not Available,776.77,Not Available,2012-12-31T00:00:00.000,Not Available,Not Available,Not Available,Not Available,Not Available,Not Available,Not Available,10566,437,Not Available,8273373.57,75,Not Available,Eligible,Not Available,Not Available,Not Available,Not Available,01-JAN-00,Supermarket/Grocery,Not Available,,161.9,Not Available,Not Available,Not Available,Not Available,Not Available,Not Available,Not Available,Not Available,Not Available
1.55e+06,2900 VETERANS RD W,305427,Not Available,0,Not Available,Not Available,140.52,1707.8,Not Available,Not Available,843.26,Not Available,2012-12-31T00:00:00.000,Not Available,Not Available,Not Available,Not Available,97,Not Available,Not Available,10309,227.7,Not Available,8981632.35,0,Not Available,Eligible,Not Available,Not Available,Not Available,Not Available,28-FEB-13,Retail,Not Available,503.0,80.8,Not Available,Not Available,,Not Available,Not Available,Not Available,Not Available,0.19,Not Available
1716467,"7 Samsondale Plz, Rte 9W",Not Available,Not Available,Not Available,Not Available,Not Available,137.18,Not Available,Not Available,Not Available,761.46,Not Available,2012-12-31T00:00:00.000,Not Available,Not Available,Not Available,Not Available,Not Available,Not Available,Not Available,10993,590.9,Not Available,8341851.83,75,Not Available,Not Eligible: Rating must be 75 or above,Not Available,Not Available,Not Available,Not Available,01-JAN-00,Supermarket/Grocery,Not Available,,211.2,Not Available,Not Available,Not Available,Not Available,Not Available,Not Available,Not Available,Not Available,Not Available
2544519,118-21 Queens Boulevard,Not Available,Not Available,Not Available,Not Available,Not Available,147.14,1938.3,Not Available,Not Available,152.82,Not Available,2012-12-31T00:00:00.000,Not Available,Not Available,Not Available,Not Available,69,Not Available,Not Available,11375,103,Not Available,1627743.2,0,Not Available,Not Eligible: Rating must be 75 or above,90,Not Available,Not Available,Not Available,31-JAN-13,Office,Not Available,406.0,54.3,Not Available,Not Available,,Not Available,0,Not Available,Not Available,0.74,Not Available
2587548,401-409 East 110th street,Not Available,Not Available,Not Available,Not Available,Not Available,69.97,360.6,Not Available,Not Available,494.14,Not Available,2012-12-31T00:00:00.000,Not Available,Not Available,Not Available,Not Available,Not Available,Not Available,Not Available,10029,85.3,Not Available,5263095.3,0,Not Available,Not Eligible: Rating must be 75 or above,Not Available,Not Available,Not Available,Not Available,31-DEC-12,Self-Storage,Not Available,111.0,29.6,No,Not Available,,Not Available,Not Available,Not Available,Not Available,Not Available,Not Available
2558902,2175 Cedar Avenue,Not Available,Not Available,Not Available,Not Available,10,283.11,8505.2,Not Available,Not Available,133.85,Not Available,2012-12-31T00:00:00.000,Not Available,Not Available,Not Available,Not Available,Not Available,Not Available,Not Available,10468,114,Not Available,1425688.76,0,Not Available,Not Eligible: Rating must be 75 or above,Not Available,Not Available,Not Available,Not Available,31-DEC-12,Multifamily Housing,Not Available,207.0,74.4,Not Available,Not Available,,Not Available,Not Available,Not Available,Not Available,Not Available,Not Available
1470683,1345 Avenue of the Americas,Not Available,Not Available,Not Available,Not Available,Not Available,Not Available,29715.2,Not Available,Not Available,22488.04,Not Available,2012-12-31T00:00:00.000,Not Available,No,Not Available,Not Available,Not Available,Not Available,Not Available,10105,336.6,Not Available,149221684.8,0,Not Available,Not Eligible: Rating must be 75 or above,43,Not Available,Not Available,Not Available,31-DEC-12,Office,Not Available,105.0,137.5,Not Available,Not Available,"CodeGreen Solutions, Inc.",Not Available,2.51,Not Available,Not Available,Not Available,Not Available
2559039,20-38 thru 20-50 Seagirt Blvd,0,Not Available,24985,Not Available,10,553.49,Not Available,Not Available,Not Available,78.13,Not Available,2012-12-31T00:00:00.000,Not Available,Not Available,Not Available,Not Available,Not Available,Not Available,Not Available,11691,63.6,Not Available,832209.55,0,Not Available,Not Eligible: Rating must be 75 or above,Not Available,Not Available,Not Available,Not Available,01-JAN-00,Multifamily Housing,Not Available,,52.3,Not Available,Not Available,,Not Available,Not Available,Not Available,Not Available,Not Available,Not Available
1273008,2 Penn Plaza,Not Available,Not Available,Not Available,Not Available,Not Available,Not Available,25289.1,Not Available,Not Available,12061.29,Not Available,2012-12-31T00:00:00.000,Not Available,No,Not Available,15.26,126,Not Available,19664,10121,233.9,Not Available,85193543.51,0,Not Available,Not Eligible: Less than one year since the period ending date of the last ENERGY STAR application.,70,Not Available,Not Available,Not Available,31-DEC-12,Office,Not Available,105.0,92.2,Not Available,Not Available,,Not Available,3.3,Not Available,Not Available,0.91,Not Available
2608465,1541-1551 Williamsbridge Rd.,Not Available,Not Available,Not Available,Not Available,20,509.8,Not Available,Not Available,Not Available,149.94,Not Available,2012-12-31T00:00:00.000,3444827.48,Not Available,Not Available,Not Available,Not Available,Not Available,Not Available,10461,150.8,Not Available,1597035.69,0,Not Available,Not Eligible: Rating must be 75 or above,Not Available,Not Available,Not Available,Not Available,01-JAN-00,Multifamily Housing,Not Available,211.0,106.2,Not Available,Not Available,Heat Watch LLC,Not Available,Not Available,Not Available,Not Available,Not Available,Not Available
2559283,1919 Williamsbridge Road,Not Available,Not Available,Not Available,Not Available,20,267.95,Not Available,Not Available,Not Available,130.2,Not Available,2012-12-31T00:00:00.000,Not Available,Not Available,Not Available,Not Available,Not Available,Not Available,Not Available,10461,93.7,Not Available,1386773.5,0,Not Available,Not Eligible: Rating must be 75 or above,Not Available,Not Available,Not Available,Not Available,01-JAN-00,Multifamily Housing,Not Available,211.0,60.5,No,Not Available,,Not Available,Not Available,Not Available,No specific resident population,Not Available,Not Available
1674432,31 West 52nd St.,0,Not Available,24008,Not Available,Not Available,1.96,12248.1,Not Available,Not Available,5619.73,Not Available,2012-12-31T00:00:00.000,Not Available,No,Not Available,Not Available,168,40310519.3,Not Available,10019,231.4,Not Available,56605126.16,94,Not Available,Eligible,76,Not Available,Not Available,Not Available,31-MAR-13,Office,Not Available,105.0,72.3,Not Available,Not Available,,Not Available,2.79,3537226.8,Not Available,0.57,Not Available
2610478,71-61 159th Street,Not Available,Not Available,Not Available,Not Available,Not Available,1001.13,341.4,6,Not Available,488.82,Not Available,2012-12-31T00:00:00.000,Not Available,Not Available,Not Available,Not Available,Not Available,Not Available,Not Available,11365,223.6,227,5206439.04,0,100,Not Eligible: Rating must be 75 or above,Not Available,Not Available,Not Available,Not Available,31-DEC-12,Senior Care Facility,Not Available,408.0,144.8,Not Available,Not Available,,Not Available,Not Available,Not Available,Not Available,Not Available,Not Available
2553881,510 East 80th Street,Not Available,Not Available,Not Available,Not Available,20,306.08,5074.4,Not Available,Not Available,290.51,Not Available,2012-12-31T00:00:00.000,Not Available,Not Available,Not Available,Not Available,Not Available,Not Available,Not Available,10075,178.2,Not Available,3094186.27,0,Not Available,Not Eligible: Rating must be 75 or above,Not Available,Not Available,Not Available,Not Available,31-DEC-12,Multifamily Housing,Not Available,108.0,96.4,Not Available,Not Available,Greenwich Energy Solutions,Not Available,Not Available,Not Available,No specific resident population,Not Available,Not Available
1241656,313 Rt. 59,Not Available,Not Available,Not Available,Not Available,Not Available,197.29,Not Available,Not Available,Not Available,622.54,Not Available,2012-12-31T00:00:00.000,Not Available,Not Available,Not Available,Not Available,Not Available,Not Available,Not Available,10960,917.1,Not Available,6819978.28,75,Not Available,Not Eligible: Rating must be 75 or above,Not Available,Not Available,Not Available,Not Available,01-JAN-00,Supermarket/Grocery,Not Available,,362.2,Not Available,Not Available,Not Available,Not Available,Not Available,Not Available,Not Available,Not Available,Not Available
1730167,250 West 57th Street,Not Available,Not Available,Not Available,Not Available,Not Available,1126.09,Not Available,Not Available,Not Available,2528.9,Not Available,2012-12-31T00:00:00.000,14215757.51,Not Available,Not Available,Not Available,55,Not Available,Not Available,10107,173.4,Not Available,26935428.65,0,Not Available,Eligible,48,Not Available,Not Available,Not Available,31-DEC-10,Office,Not Available,105.0,68.4,Not Available,Not Available,Viridian Energy and Env LLC,Not Available,2.56,Not Available,Not Available,1.85,Not Available
2556738,4-12 49th Avenue,Not Available,Not Available,Not Available,Not Available,16,236.68,Not Available,Not Available,Not Available,86.6,Not Available,2012-12-31T00:00:00.000,Not Available,Not Available,Not Available,Not Available,Not Available,Not Available,Not Available,11101,105.1,Not Available,922374.65,0,Not Available,Not Eligible: Rating must be 75 or above,Not Available,Not Available,Not Available,Not Available,31-JAN-13,Multifamily Housing,Not Available,402.0,72.9,Not Available,Not Available,,Not Available,Not Available,Not Available,Dedicated Senior/Independent Living,Not Available,Not Available
2386047,139-24 Booth Memorial Ave,Not Available,Not Available,Not Available,Not Available,Not Available,1001.98,Not Available,Not Available,Not Available,2138.66,Not Available,2012-12-31T00:00:00.000,Not Available,Not Available,Not Available,Not Available,Not Available,Not Available,Not Available,11355,557.7,Not Available,22778952.26,0,Not Available,Not Eligible: Rating must be 75 or above,Not Available,Not Available,Not Available,Not Available,01-JAN-00,Hospital (General Medical and Surgical),Not Available,407.0,242.2,Not Available,Not Available,Gotham 360 LLC,Not Available,Not Available,Not Available,Not Available,Not Available,Not Available
2506102,1600 Sedgwick Ave.,16946,Not Available,0,Not Available,20,2678.58,46884.6,Not Available,Not Available,765.16,Not Available,2012-12-31T00:00:00.000,32423467.33,Not Available,Not Available,Not Available,Not Available,Not Available,Not Available,10453,178.4,Not Available,8149793.14,0,Not Available,Not Eligible: Rating must be 75 or above,Not Available,Not Available,Not Available,Not Available,31-DEC-12,Multifamily Housing,Not Available,205.0,122.4,Not Available,Not Available,"DSM Engineering Associates, PC",Not Available,Not Available,Not Available,No specific resident population,Not Available,Not Available
2587898,531-539 West 21st street,Not Available,Not Available,Not Available,Not Available,Not Available,24.25,Not Available,Not Available,Not Available,105.73,Not Available,2012-12-31T00:00:00.000,Not Available,Not Available,Not Available,Not Available,Not Available,Not Available,Not Available,10011,46.1,Not Available,1126125.6,0,Not Available,Not Eligible: Rating must be 75 or above,Not Available,Not Available,Not Available,Not Available,31-DEC-12,Self-Storage,Not Available,104.0,17.2,Not Available,Not Available,,Not Available,Not Available,Not Available,Not Available,Not Available,Not Available
1241646,60 Brotherhood Plaza Dr.,Not Available,Not Available,Not Available,Not Available,Not Available,196.97,Not Available,Not Available,Not Available,715.33,Not Available,2012-12-31T00:00:00.000,Not Available,Not Available,Not Available,Not Available,Not Available,Not Available,Not Available,10992,720.9,Not Available,7836493.67,75,Not Available,Not Eligible: Rating must be 75 or above,Not Available,Not Available,Not Available,Not Available,01-JAN-00,Supermarket/Grocery,Not Available,,276.8,Not Available,Not Available,Not Available,Not Available,Not Available,Not Available,Not Available,Not Available,Not Available
2591226,225 BROADWAY,Not Available,Not Available,Not Available,Not Available,Not Available,1046.8,Not Available,Not Available,Not Available,1820.65,Not Available,2012-12-31T00:00:00.000,Not Available,Not Available,Not Available,Not Available,Not Available,Not Available,Not Available,10007,171.4,Not Available,19391833.24,0,Not Available,Not Eligible: Current period ending over 120 days,55,Not Available,Not Available,Not Available,31-DEC-12,Office,Not Available,101.0,72.8,Not Available,Not Available,,Not Available,4.98,Not Available,Not Available,Not Available,Not Available
1241562,250 Pond Path,Not Available,Not Available,Not Available,Not Available,Not Available,212.54,Not Available,Not Available,Not Available,2150.12,Not Available,2012-12-31T00:00:00.000,Not Available,Not Available,Not Available,Not Available,Not Available,Not Available,Not Available,11720,492.4,Not Available,11353512.45,75,Not Available,Eligible,Not Available,Not Available,Not Available,Not Available,01-JAN-00,Supermarket/Grocery,Not Available,,179.5,Not Available,Not Available,Not Available,Not Available,Not Available,Not Available,Not Available,Not Available,Not Available
2564515,100 West 18th Street,Not Available,Not Available,Not Available,Not Available,20,133.05,4460.5,Not Available,Not Available,441.82,Not Available,2012-12-31T00:00:00.000,Not Available,Not Available,Not Available,2.19,65,Not Available,10937,10011,168.1,Not Available,4705816.2,0,Not Available,Not Eligible: Rating must be 75 or above,Not Available,Not Available,Not Available,Not Available,31-DEC-12,Multifamily Housing,Not Available,104.0,66.1,Not Available,Not Available,Greenwich Energy Solutions,Not Available,Not Available,Not Available,No specific resident population,0.2,Not Available
2397704,501 Madison Ave,Not Available,Not Available,Not Available,Not Available,Not Available,Not Available,Not Available,Not Available,Not Available,1223.99,Not Available,2012-12-31T00:00:00.000,Not Available,No,Not Available,Not Available,Not Available,Not Available,Not Available,10022,230.3,Not Available,8514585.8,0,Not Available,Not Eligible: Rating must be 75 or above,50,Not Available,Not Available,Not Available,31-AUG-10,Office,Not Available,105.0,91.6,Not Available,Not Available,"Code Green Solutions, Inc.",Not Available,2.79,Not Available,Not Available,Not Available,Not Available
2214240,55 Broadway,Not Available,Not Available,Not Available,Not Available,Not Available,16.25,8997.3,Not Available,Not Available,2561.42,Not Available,2012-12-31T00:00:00.000,Not Available,No,Not Available,Not Available,Not Available,Not Available,Not Available,10006,228.4,Not Available,22847845.29,0,Not Available,Not Eligible: Less than one year since the period ending date of the last ENERGY STAR application.,65,Not Available,Not Available,Not Available,31-DEC-12,Office,Not Available,101.0,78.2,Not Available,Not Available,EnergyWatch Inc,Not Available,2.75,Not Available,Not Available,Not Available,Not Available
2287675,100 West 33rd Street,Not Available,Not Available,Not Available,Not Available,Not Available,Not Available,17287.8,Not Available,Not Available,5960.67,Not Available,2012-12-31T00:00:00.000,Not Available,No,Not Available,Not Available,85,Not Available,Not Available,10001,208.6,Not Available,62988249.6,0,Not Available,Not Eligible: Current period ending over 120 days,50,Not Available,Not Available,Not Available,31-DEC-12,Office,Not Available,105.0,62.8,Not Available,Not Available,,Not Available,2.76,Not Available,Not Available,0.25,Not Available
2379738,395 Hudson Street,0,Not Available,2000,Not Available,Not Available,19.3,9795.6,Not Available,Not Available,5583.95,Not Available,2012-12-31T00:00:00.000,Not Available,No,Not Available,Not Available,Not Available,26055204,Not Available,10014,303.6,Not Available,54278634.98,0,Not Available,Not Eligible: Less than one year since the period ending date of the last ENERGY STAR application.,55,Not Available,Not Available,Not Available,31-DEC-12,Office,Not Available,102.0,97.6,Not Available,Not Available,Cushman & Wakefield aaf NY District Council of Carpenters,Not Available,3.73,2286330.4,Not Available,Not Available,Not Available
2037421,283 PLATINUM AVE,Not Available,Not Available,Not Available,Not Available,Not Available,71.89,Not Available,Not Available,Not Available,557.61,Not Available,2012-12-31T00:00:00.000,Not Available,Not Available,Not Available,Not Available,80,Not Available,Not Available,10314,110.9,Not Available,5939152.39,75,Not Available,Not Eligible: Less than one year since the period ending date of the last ENERGY STAR application.,Not Available,Not Available,Not Available,Not Available,01-JAN-00,Retail,Not Available,502.0,37.1,No,Not Available,,Not Available,Not Available,Not Available,Not Available,0.24,Not Available
2386773,1036 Park Avenue,Not Available,Not Available,Not Available,Not Available,10,440.72,3214.7,Not Available,Not Available,138.04,Not Available,2012-12-31T00:00:00.000,Not Available,Not Available,Not Available,Not Available,Not Available,Not Available,Not Available,10028,107.1,Not Available,1470276.7,0,Not Available,Not Eligible: Rating must be 75 or above,Not Available,Not Available,2900,Not Available,31-DEC-12,Multifamily Housing,Not Available,108.0,73,Not Available,Not Available,Greenwich Energy Solutions,Not Available,Not Available,Not Available,No specific resident population,Not Available,Not Available
1241552,275 Middle Country Rd,Not Available,Not Available,Not Available,Not Available,Not Available,248.04,Not Available,Not Available,Not Available,1864.69,Not Available,2012-12-31T00:00:00.000,Not Available,Not Available,Not Available,Not Available,Not Available,Not Available,Not Available,11727,527.6,Not Available,9846339.36,75,Not Available,Eligible,Not Available,Not Available,Not Available,Not Available,01-JAN-00,Supermarket/Grocery,Not Available,,202.7,Not Available,Not Available,Not Available,Not Available,Not Available,Not Available,Not Available,Not Available,Not Available
2367857,"3940,3960 Broadway",Not Available,Not Available,Not Available,Not Available,Not Available,1128.51,Not Available,Not Available,Not Available,1313.95,Not Available,2012-12-31T00:00:00.000,Not Available,Not Available,Not Available,Not Available,Not Available,Not Available,Not Available,10032,989,Not Available,13994923.35,0,Not Available,Not Eligible: Rating must be 75 or above,168,Not Available,Not Available,Not Available,31-DEC-12,Office,Not Available,,504.9,No,Not Available,,Not Available,2.43,Not Available,Not Available,Not Available,Not Available
2546264,151 East 80th Street,Not Available,Not Available,Not Available,Not Available,10,150.93,0,Not Available,Not Available,154.03,Not Available,2012-12-31T00:00:00.000,Not Available,Not Available,Not Available,Not Available,Not Available,Not Available,Not Available,10021,146.5,Not Available,1640585.74,0,Not Available,Not Eligible: Rating must be 75 or above,Not Available,Not Available,Not Available,Not Available,01-JAN-00,Multifamily Housing,Not Available,108.0,77.6,Not Available,Not Available,,Not Available,Not Available,Not Available,Not Available,Not Available,Not Available
2271554,282 Lafayette Ave,Not Available,Not Available,Not Available,Not Available,Not Available,262.6,768,Not Available,Not Available,383.9,Not Available,2012-12-31T00:00:00.000,Not Available,Not Available,Not Available,Not Available,Not Available,Not Available,Not Available,11205,138.4,Not Available,4088940.8,0,Not Available,Not Eligible: Rating must be 75 or above,Not Available,Not Available,Not Available,Not Available,31-DEC-12,K-12 School,Not Available,302.0,66.4,Not Available,Not Available,,Not Available,Not Available,Not Available,Not Available,Not Available,136000
2383250,200 East 84th Street,Not Available,Not Available,Not Available,Not Available,10,457.99,98.7,Not Available,Not Available,229.45,Not Available,2012-12-31T00:00:00.000,Not Available,Not Available,Not Available,Not Available,65,Not Available,Not Available,10028,124.8,Not Available,2443854.4,0,Not Available,Not Eligible: Rating must be 75 or above,Not Available,Not Available,Not Available,Not Available,31-DEC-12,Multifamily Housing,Not Available,108.0,80.2,No,Not Available,Greenwich Energy Solutions,Not Available,Not Available,Not Available,No specific resident population,0.2,Not Available
2559260,404 West 54th Street,Not Available,Not Available,Not Available,Not Available,14,240.26,Not Available,Not Available,Not Available,93.82,Not Available,2012-12-31T00:00:00.000,Not Available,Not Available,Not Available,Not Available,Not Available,Not Available,Not Available,10019,100.6,Not Available,999254.68,0,Not Available,Not Eligible: Rating must be 75 or above,Not Available,Not Available,Not Available,Not Available,31-DEC-12,Multifamily Housing,Not Available,104.0,68.8,Not Available,Not Available,,Not Available,Not Available,Not Available,Dedicated Senior/Independent Living,Not Available,Not Available
2562986,317 EAST 34TH STREET,Not Available,Not Available,Not Available,Not Available,Not Available,310.24,Not Available,Not Available,Not Available,847.21,Not Available,2012-12-31T00:00:00.000,3192632.66,Not Available,Not Available,Not Available,Not Available,Not Available,Not Available,10016,292.6,Not Available,9023623.28,0,Not Available,Eligible,Not Available,Not Available,117900,Not Available,31-DEC-12,Medical Office,Not Available,106.0,112.8,Not Available,Not Available,,Not Available,Not Available,Not Available,Not Available,Not Available,Not Available
2383152,32 Gramercy Park South,0,Not Available,11250,Not Available,10,20.39,6783.2,Not Available,Not Available,1049.24,Not Available,2012-12-31T00:00:00.000,Not Available,No,Not Available,Not Available,65,Not Available,Not Available,10003,149,Not Available,3770664.67,0,Not Available,Not Eligible: Rating must be 75 or above,65,Not Available,Not Available,Not Available,31-DEC-12,Multifamily Housing,Not Available,106.0,81.6,Not Available,Not Available,Greenwich Energy Solutions,Not Available,1.67,Not Available,No specific resident population,0.18,Not Available
17506,374 stockholm,Not Available,Not Available,Not Available,Not Available,Not Available,4459.11,Not Available,Not Available,Not Available,4365.37,Not Available,2012-12-31T00:00:00.000,Not Available,Not Available,Not Available,Not Available,Not Available,Not Available,Not Available,11237,467.4,Not Available,46495725.41,75,Not Available,Not Eligible: Rating must be 75 or above,Not Available,Not Available,Not Available,Not Available,31-JAN-13,Hospital (General Medical and Surgical),Not Available,,250.6,Not Available,Not Available,Not Available,Not Available,Not Available,Not Available,Not Available,Not Available,Not Available
2386810,130 East 75th Street,Not Available,Not Available,Not Available,Not Available,15,513.28,0,Not Available,Not Available,213.98,Not Available,2012-12-31T00:00:00.000,6440999.98,Not Available,Not Available,Not Available,65,Not Available,Not Available,10021,101.1,Not Available,2279125.48,0,Not Available,Not Eligible: Rating must be 75 or above,Not Available,Not Available,650,Not Available,31-DEC-12,Multifamily Housing,Not Available,108.0,62.6,Not Available,Not Available,Greenwich Energy Solutions,Not Available,Not Available,Not Available,No specific resident population,0.21,Not Available
2388677,520 East 72nd Street,0,Not Available,8850,Not Available,10,966.04,0,Not Available,Not Available,434.36,Not Available,2012-12-31T00:00:00.000,Not Available,Not Available,Not Available,Not Available,Not Available,Not Available,Not Available,10021,196.4,Not Available,4626346.98,0,Not Available,Not Eligible: Rating must be 75 or above,Not Available,Not Available,Not Available,Not Available,31-DEC-12,Multifamily Housing,Not Available,108.0,129.1,No,Not Available,Greenwich Energy Solutions,Not Available,Not Available,Not Available,No specific resident population,Not Available,Not Available
2587952,26 CT STREET,Not Available,Not Available,Not Available,Not Available,Not Available,415.02,Not Available,Not Available,Not Available,1291.98,Not Available,2012-12-31T00:00:00.000,0,Not Available,Not Available,Not Available,Not Available,Not Available,Not Available,11242,184.7,Not Available,13760956.88,0,Not Available,Eligible,168,Not Available,Not Available,Not Available,31-DEC-12,Office,Not Available,,73.6,Not Available,Not Available,,Not Available,4.44,Not Available,Not Available,Not Available,Not Available
1407848,200 Park Ave,0,Not Available,25200,Not Available,Not Available,Not Available,Not Available,Not Available,Not Available,Not Available,Not Available,2012-12-31T00:00:00.000,Not Available,No,Not Available,Not Available,50,Not Available,Not Available,10166,Not Available,Not Available,Not Available,Not Available,Not Available,Not Eligible: Rating must be 75 or above,65,Not Available,Not Available,Not Available,01-JAN-00,Office,Not Available,105.0,Not Available,Not Available,Not Available,Tishman Speyer,Not Available,4.72,Not Available,Not Available,1.54,6418
2382101,300 E 65 St,Not Available,Not Available,Not Available,Not Available,Not Available,Not Available,7726.8,Not Available,Not Available,5273.43,Not Available,2012-12-31T00:00:00.000,Not Available,No,Not Available,Not Available,Not Available,Not Available,Not Available,10065,621.6,Not Available,35417924.8,0,Not Available,Not Eligible: Rating must be 75 or above,70,Not Available,93725,Not Available,31-DEC-12,Health Care: Outpatient,Not Available,108.0,252.1,Not Available,Not Available,Memorial Sloan Kettering Cancer Center,Not Available,1.3,Not Available,Not Available,Not Available,Not Available
2589282,785 West End Avenue,Not Available,Not Available,Not Available,Not Available,Not Available,Not Available,2958.7,Not Available,Not Available,Not Available,Not Available,2012-12-31T00:00:00.000,Not Available,Not Available,Not Available,Not Available,Not Available,Not Available,Not Available,10025,Not Available,Not Available,Not Available,Not Available,Not Available,Not Eligible: Rating must be 75 or above,Not Available,Not Available,Not Available,Not Available,30-NOV-11,Multifamily Housing,Not Available,107.0,Not Available,Not Available,Not Available,,Not Available,Not Available,Not Available,Not Available,Not Available,Not Available
2383135,201 East 28th Street,0,Not Available,12000,Not Available,10,811.92,16796.3,Not Available,Not Available,564.51,Not Available,2012-12-31T00:00:00.000,Not Available,Not Available,Not Available,Not Available,65,Not Available,Not Available,10016,149.3,Not Available,6012624.23,0,Not Available,Not Eligible: Rating must be 75 or above,65,Not Available,Not Available,Not Available,31-DEC-12,Multifamily Housing,Not Available,106.0,88.1,Not Available,Not Available,Greenwich Energy Solutions,Not Available,2.34,Not Available,No specific resident population,0.2,Not Available
2023135,390 GREENWICH STREET,0,Not Available,50000,Not Available,Not Available,1510.63,54952.6,Not Available,Not Available,26486.94,Not Available,2012-12-31T00:00:00.000,Not Available,Not Available,Not Available,Not Available,Not Available,370604738.1,Not Available,10013,1259,Not Available,282113583.9,0,Not Available,Not Eligible: Rating must be 75 or above,60,Not Available,Not Available,Not Available,31-DEC-12,Office,Not Available,101.0,395.7,No,Not Available,,Not Available,4.55,32520370,Not Available,Not Available,Not Available
2610692,55 West 26th Street,0,Not Available,10571,Not Available,15,2930.42,Not Available,Not Available,Not Available,2107.44,Not Available,2012-12-31T00:00:00.000,Not Available,Not Available,Not Available,3.19,Not Available,Not Available,3135,10010,290.2,Not Available,22446445.04,0,Not Available,Not Eligible: Rating must be 75 or above,Not Available,Not Available,33166,Not Available,01-JAN-00,Multifamily Housing,Not Available,105.0,169.4,Not Available,Not Available,,Not Available,Not Available,Not Available,No specific resident population,Not Available,Not Available
1241632,28 Harrison St.,Not Available,Not Available,Not Available,Not Available,Not Available,227.9,Not Available,Not Available,Not Available,1191.85,Not Available,2012-12-31T00:00:00.000,Not Available,Not Available,Not Available,Not Available,Not Available,Not Available,Not Available,10801,621.6,Not Available,12694445.06,75,Not Available,Not Eligible: Rating must be 75 or above,Not Available,Not Available,Not Available,Not Available,01-JAN-00,Supermarket/Grocery,Not Available,,225.1,Not Available,Not Available,Not Available,Not Available,Not Available,Not Available,Not Available,Not Available,Not Available
2539055,730 5th Ave,Not Available,Not Available,Not Available,Not Available,Not Available,Not Available,6088.9,Not Available,Not Available,2580.35,Not Available,2012-12-31T00:00:00.000,Not Available,No,Not Available,1.54,Not Available,Not Available,11697,10019,306.8,Not Available,26032767.54,0,Not Available,Not Eligible: Rating must be 75 or above,59,Not Available,Not Available,Not Available,31-DEC-12,Office,Not Available,105.0,95.7,Not Available,Not Available,"CodeGreen Solutions, Inc.",Not Available,2.39,Not Available,Not Available,Not Available,Not Available
2559051,146 Beach 24th Street,Not Available,Not Available,Not Available,Not Available,10,190.95,9086.8,Not Available,Not Available,70.69,Not Available,2012-12-31T00:00:00.000,Not Available,Not Available,Not Available,Not Available,Not Available,Not Available,Not Available,11691,66.7,Not Available,752904.69,0,Not Available,Not Eligible: Rating must be 75 or above,Not Available,Not Available,Not Available,Not Available,31-DEC-12,Multifamily Housing,Not Available,414.0,46.2,Not Available,Not Available,,Not Available,Not Available,Not Available,Not Available,Not Available,Not Available
2611745,272-86 Grand Central Parkway,Not Available,Not Available,Not Available,Not Available,Not Available,Not Available,Not Available,Not Available,Not Available,40.93,Not Available,2012-12-31T00:00:00.000,Not Available,Not Available,Not Available,Not Available,Not Available,Not Available,Not Available,11005,3609.1,Not Available,216116.08,0,Not Available,Not Eligible: Rating must be 75 or above,Not Available,Not Available,Not Available,Not Available,31-DEC-12,Other,Not Available,413.0,1080.6,Not Available,Not Available,,Not Available,Not Available,Not Available,Not Available,Not Available,Not Available
1241553,230 E. Sandford Blvd.,Not Available,Not Available,Not Available,Not Available,Not Available,423.64,Not Available,Not Available,Not Available,1155.21,Not Available,2012-12-31T00:00:00.000,Not Available,Not Available,Not Available,Not Available,Not Available,Not Available,Not Available,10603,452.1,Not Available,12304212.32,75,Not Available,Eligible,Not Available,Not Available,Not Available,Not Available,01-JAN-00,Supermarket/Grocery,Not Available,,185.3,Not Available,Not Available,Not Available,Not Available,Not Available,Not Available,Not Available,Not Available,Not Available
2595446,22-24 78th Street,Not Available,Not Available,Not Available,Not Available,29.69,376.2,1508.4,Not Available,Not Available,187.79,Not Available,2012-12-31T00:00:00.000,Not Available,Not Available,Not Available,Not Available,Not Available,Not Available,Not Available,11370,111,Not Available,2000154.12,0,Not Available,Not Eligible: Rating must be 75 or above,40,Not Available,Not Available,Not Available,31-DEC-12,Multifamily Housing,Not Available,401.0,71.5,Not Available,Not Available,,Not Available,3.1,Not Available,No specific resident population,Not Available,Not Available
1958942,450 Park Avenue,Not Available,Not Available,Not Available,Not Available,Not Available,Not Available,3330.5,Not Available,Not Available,3106.57,Not Available,2012-12-31T00:00:00.000,Not Available,No,Not Available,Not Available,Not Available,Not Available,Not Available,10022,285.5,Not Available,23699837.3,0,Not Available,Not Eligible: Rating must be 75 or above,55,Not Available,Not Available,Not Available,29-FEB-12,Office,Not Available,105.0,107.4,Not Available,Not Available,"SCIenergy, Inc.",Not Available,4.62,Not Available,Not Available,Not Available,Not Available
1422222,415 Madison Avenue,Not Available,Not Available,Not Available,Not Available,Not Available,Not Available,3756,Not Available,Not Available,1288.46,Not Available,2012-12-31T00:00:00.000,Not Available,No,Not Available,0.6,Not Available,Not Available,25139,10017,186.4,Not Available,12877988.65,0,Not Available,Not Eligible: Current period ending over 120 days,65,Not Available,Not Available,Not Available,28-FEB-13,Office,Not Available,105.0,58.5,Not Available,Not Available,"MCEnergy, Inc.",Not Available,3.7,Not Available,Not Available,Not Available,Not Available
2598352,327 Central Park West,Not Available,Not Available,Not Available,Not Available,2,409.67,Not Available,Not Available,Not Available,222.89,Not Available,2012-12-31T00:00:00.000,5025858.54,Not Available,Not Available,Not Available,Not Available,Not Available,Not Available,10025,128.5,Not Available,2373970.76,0,Not Available,Not Eligible: Rating must be 75 or above,Not Available,Not Available,5000,Not Available,01-JAN-00,Multifamily Housing,Not Available,107.0,74,Not Available,Not Available,Energy Investment Systems,Not Available,Not Available,Not Available,Not Available,Not Available,Not Available
2591965,239 East 79th Street,Not Available,Not Available,Not Available,Not Available,Not Available,869.26,Not Available,Not Available,Not Available,360.76,Not Available,2012-12-31T00:00:00.000,Not Available,Not Available,Not Available,Not Available,Not Available,Not Available,Not Available,10075,96.6,Not Available,3842481.17,0,Not Available,Not Eligible: Rating must be 75 or above,Not Available,Not Available,Not Available,Not Available,31-DEC-11,Multifamily Housing,Not Available,108.0,65.1,Not Available,Not Available,,Not Available,Not Available,Not Available,Not Available,Not Available,Not Available
2612655,174 Hudson Street,Not Available,Not Available,Not Available,Not Available,Not Available,Not Available,580.4,Not Available,Not Available,218.78,Not Available,2012-12-31T00:00:00.000,Not Available,Not Available,Not Available,Not Available,Not Available,Not Available,Not Available,10013,150.4,Not Available,2330259.52,0,Not Available,Eligible,46,Not Available,Not Available,Not Available,31-DEC-12,Office,Not Available,101.0,45,Not Available,Not Available,,Not Available,2.8,Not Available,Not Available,Not Available,Not Available
1241786,351 Merrick Rd,Not Available,Not Available,Not Available,Not Available,Not Available,190.16,Not Available,Not Available,Not Available,1978.84,Not Available,2012-12-31T00:00:00.000,Not Available,Not Available,Not Available,Not Available,Not Available,Not Available,Not Available,11701,541,Not Available,10449079.4,75,Not Available,Eligible,Not Available,Not Available,Not Available,Not Available,01-JAN-00,Supermarket/Grocery,Not Available,,196.3,Not Available,Not Available,Not Available,Not Available,Not Available,Not Available,Not Available,Not Available,Not Available
2564817,420 West 23rd Street,Not Available,Not Available,Not Available,Not Available,20,119.03,1626.2,Not Available,Not Available,147.87,Not Available,2012-12-31T00:00:00.000,Not Available,Not Available,Not Available,Not Available,Not Available,Not Available,Not Available,10011,147.3,Not Available,1574943.21,0,Not Available,Not Eligible: Rating must be 75 or above,Not Available,Not Available,Not Available,Not Available,31-DEC-12,Multifamily Housing,Not Available,104.0,73.9,Not Available,Not Available,Greenwich Energy Solutions,Not Available,Not Available,Not Available,No specific resident population,Not Available,Not Available
2596933,373 Fifth Avenue,Not Available,0,Not Available,Not Available,Not Available,36.72,2594.2,Not Available,Not Available,111.61,Not Available,2012-12-31T00:00:00.000,Not Available,Not Available,Not Available,Not Available,Not Available,Not Available,Not Available,10016,238.7,Not Available,1188756.16,0,Not Available,Not Eligible: Rating must be 75 or above,Not Available,Not Available,Not Available,Not Available,28-FEB-13,Hotel,Not Available,105.0,95.6,Not Available,Not Available,,0,Not Available,Not Available,Not Available,Not Available,Not Available
2430719,137 Varick St,Not Available,Not Available,Not Available,Not Available,Not Available,Not Available,5598.9,Not Available,Not Available,395.28,Not Available,2012-12-31T00:00:00.000,Not Available,No,Not Available,Not Available,Not Available,Not Available,Not Available,10013,146.4,Not Available,3410080.47,0,Not Available,Eligible,37,Not Available,Not Available,Not Available,31-DEC-12,Office,Not Available,102.0,50.9,Not Available,Not Available,"CodeGreen Solutions, Inc.",Not Available,3.93,Not Available,Not Available,Not Available,Not Available
2559051,146 Beach 24th Street,Not Available,Not Available,Not Available,Not Available,10,190.95,9086.8,Not Available,Not Available,70.69,Not Available,2012-12-31T00:00:00.000,Not Available,Not Available,Not Available,Not Available,Not Available,Not Available,Not Available,11691,66.7,Not Available,752904.69,0,Not Available,Not Eligible: Rating must be 75 or above,Not Available,Not Available,Not Available,Not Available,31-DEC-12,Multifamily Housing,Not Available,414.0,46.2,Not Available,Not Available,,Not Available,Not Available,Not Available,Not Available,Not Available,Not Available
2601578,387 Southern BLVD,Not Available,Not Available,Not Available,Not Available,Not Available,308.98,Not Available,Not Available,Not Available,10.19,80,2012-12-31T00:00:00.000,3899360.27,Not Available,Not Available,Not Available,Not Available,Not Available,Not Available,10454,46.3,Not Available,108552.78,0,Not Available,Not Eligible: Rating must be 75 or above,Not Available,Not Available,Not Available,Not Available,01-JAN-00,Warehouse (Unrefrigerated),Not Available,201.0,43.2,Not Available,Not Available,,Not Available,Not Available,Not Available,Not Available,Not Available,Not Available
2560572,114 HORATIO STREET,Not Available,Not Available,Not Available,Not Available,Not Available,300.47,Not Available,Not Available,Not Available,229.53,Not Available,2012-12-31T00:00:00.000,Not Available,Not Available,Not Available,Not Available,Not Available,Not Available,Not Available,10014,126.5,Not Available,2444712,0,Not Available,Not Eligible: Rating must be 75 or above,Not Available,Not Available,Not Available,Not Available,31-DEC-12,Multifamily Housing,Not Available,102.0,72.7,Not Available,Not Available,,Not Available,Not Available,Not Available,Not Available,Not Available,Not Available
2612674,800 Ave H,Not Available,Not Available,Not Available,Not Available,10,271.6,2792.2,Not Available,Not Available,78.01,Not Available,2012-12-31T00:00:00.000,Not Available,Not Available,Not Available,Not Available,Not Available,Not Available,Not Available,11230,104.9,Not Available,830922.39,0,Not Available,Not Eligible: Rating must be 75 or above,Not Available,Not Available,Not Available,Not Available,31-DEC-12,Multifamily Housing,Not Available,314.0,76.7,Not Available,Not Available,"Code Green Solutions, Inc.",Not Available,Not Available,Not Available,Not Available,Not Available,Not Available
1409173,2 Court Square,Not Available,Not Available,Not Available,Not Available,Not Available,Not Available,4967.1,Not Available,Not Available,Not Available,Not Available,2012-12-31T00:00:00.000,Not Available,Not Available,Not Available,Not Available,Not Available,Not Available,Not Available,11120,168.7,Not Available,25083659.2,0,Not Available,Not Eligible: Less than one year since the period ending date of the last ENERGY STAR application.,55,Not Available,Not Available,Not Available,31-DEC-12,Office,Not Available,402.0,57.1,No,Not Available,,Not Available,1.68,Not Available,Not Available,Not Available,Not Available
2586202,411 FIFTH AVENUE,Not Available,Not Available,Not Available,Not Available,Not Available,116.03,Not Available,Not Available,Not Available,537.21,Not Available,2012-12-31T00:00:00.000,1463210.6,Not Available,Not Available,0.69,Not Available,Not Available,14409,10016,163.6,Not Available,5721868.81,0,Not Available,Not Eligible: Less than one year since the period ending date of the last ENERGY STAR application.,55,Not Available,Not Available,Not Available,31-DEC-12,Office,Not Available,105.0,57.1,Not Available,Not Available,,Not Available,1.48,Not Available,Not Available,Not Available,Not Available
2558903,2121 Cedar Avenue,Not Available,Not Available,Not Available,Not Available,10,243.14,4646.4,Not Available,Not Available,103.84,Not Available,2012-12-31T00:00:00.000,Not Available,Not Available,Not Available,Not Available,Not Available,Not Available,Not Available,10468,120.4,Not Available,1105982.88,0,Not Available,Not Eligible: Rating must be 75 or above,Not Available,Not Available,Not Available,Not Available,31-DEC-12,Multifamily Housing,Not Available,207.0,80.6,Not Available,Not Available,,Not Available,Not Available,Not Available,Not Available,Not Available,Not Available
2595904,288 Lexington Ave.,Not Available,Not Available,Not Available,Not Available,Not Available,214.88,2902.2,Not Available,Not Available,66.92,Not Available,2012-12-31T00:00:00.000,Not Available,Not Available,Not Available,Not Available,Not Available,Not Available,Not Available,10016,83,Not Available,712759.98,0,Not Available,Not Eligible: Rating must be 75 or above,Not Available,Not Available,Not Available,Not Available,31-DEC-12,Multifamily Housing,Not Available,106.0,56.8,No,Not Available,Pride Property Management,Not Available,Not Available,Not Available,Not Available,Not Available,Not Available
2565227,148 WEST 37TH STREET,Not Available,Not Available,Not Available,Not Available,Not Available,316.73,Not Available,Not Available,Not Available,251.85,Not Available,2012-12-31T00:00:00.000,3995524.79,Not Available,Not Available,Not Available,60,Not Available,Not Available,10018,126.7,Not Available,2682517.9,0,Not Available,Eligible,55,Not Available,Not Available,Not Available,31-DEC-12,Office,Not Available,105.0,65.2,Not Available,Not Available,,Not Available,2.02,Not Available,Not Available,0.97,Not Available
1575697,866 UN Plaza,0,Not Available,42674,Not Available,Not Available,Not Available,28029.2,Not Available,Not Available,3261.21,Not Available,2012-12-31T00:00:00.000,Not Available,No,Not Available,2.19,Not Available,Not Available,5484,10017,217.6,Not Available,16777244.15,0,Not Available,Not Eligible: Current period ending over 120 days,68,Not Available,Not Available,Not Available,28-FEB-13,Office,Not Available,106.0,101.3,Not Available,Not Available,,Not Available,3.24,Not Available,Not Available,Not Available,Not Available
2614193,8855 BAY PKWY HCM,Not Available,Not Available,Not Available,Not Available,Not Available,474.22,0,Not Available,Not Available,235.06,Not Available,2012-12-31T00:00:00.000,Not Available,Not Available,Not Available,Not Available,Not Available,Not Available,Not Available,11214,131.8,Not Available,2503642.65,0,Not Available,Not Eligible: Rating must be 75 or above,Not Available,Not Available,Not Available,Not Available,31-DEC-12,Multifamily Housing,Not Available,311.0,85,Not Available,Not Available,,Not Available,Not Available,Not Available,Not Available,Not Available,Not Available
2473663,150 E 69th Street,0,Not Available,35000,Not Available,8,3241.28,Not Available,Not Available,Not Available,1776.82,Not Available,2012-12-31T00:00:00.000,Not Available,Not Available,Not Available,Not Available,80,Not Available,Not Available,10065,143.5,Not Available,18924938.66,0,Not Available,Not Eligible: Rating must be 75 or above,Not Available,Not Available,Not Available,Not Available,01-JAN-00,Multifamily Housing,Not Available,108.0,90.2,Not Available,Not Available,,Not Available,Not Available,Not Available,Not Available,0.69,Not Available
255285300.00%,150 Brielle Avenue,Not Available,Not Available,Not Available,Not Available,10,167.6,Not Available,Not Available,Not Available,74.92,Not Available,2012-12-31T00:00:00.000,Not Available,Not Available,Not Available,Not Available,Not Available,Not Available,Not Available,10314,97.3,Not Available,797941.33,0,Not Available,Not Eligible: Rating must be 75 or above,Not Available,Not Available,Not Available,Not Available,30-NOV-12,Multifamily Housing,Not Available,502.0,64.4,Not Available,Not Available,,Not Available,Not Available,Not Available,Not Available,Not Available,Not Available
2564808,891 Park Avenue,Not Available,Not Available,Not Available,Not Available,8,96.48,632.4,Not Available,Not Available,50.95,Not Available,2012-12-31T00:00:00.000,Not Available,Not Available,Not Available,Not Available,Not Available,Not Available,Not Available,10075,116.2,Not Available,542645.72,0,Not Available,Not Eligible: Rating must be 75 or above,Not Available,Not Available,Not Available,Not Available,31-DEC-12,Multifamily Housing,Not Available,108.0,68.7,No,Not Available,Greenwich Energy Solutions,Not Available,Not Available,Not Available,No specific resident population,Not Available,Not Available
2563032,1919 Williamsbridge Road,Not Available,Not Available,Not Available,40,20,832.71,Not Available,Not Available,Not Available,225.57,Not Available,2012-12-31T00:00:00.000,Not Available,Not Available,Not Available,Not Available,60,Not Available,Not Available,10461,132.4,Not Available,2402563.21,0,Not Available,Not Eligible: Rating must be 75 or above,48,Not Available,Not Available,Not Available,01-JAN-00,Multifamily Housing,Not Available,211.0,93.6,Not Available,Not Available,,Not Available,3.86,Not Available,No specific resident population,0.95,Not Available
2386552,1230 Park Avenue,Not Available,Not Available,Not Available,Not Available,8,645.02,4878.2,Not Available,Not Available,213.16,Not Available,2012-12-31T00:00:00.000,4788826.21,Not Available,Not Available,Not Available,Not Available,Not Available,Not Available,10128,126.5,Not Available,2270399.28,0,Not Available,Not Eligible: Rating must be 75 or above,Not Available,Not Available,Not Available,Not Available,31-DEC-12,Multifamily Housing,Not Available,108.0,84,No,Not Available,Greenwich Energy Solutions,Not Available,Not Available,Not Available,No specific resident population,Not Available,Not Available
2564698,1235 Park Avenue,Not Available,Not Available,Not Available,Not Available,20,485.33,4180.2,Not Available,Not Available,190.02,Not Available,2012-12-31T00:00:00.000,6007745.89,Not Available,Not Available,Not Available,Not Available,Not Available,Not Available,10128,119.8,Not Available,2023945.13,0,Not Available,Not Eligible: Rating must be 75 or above,Not Available,Not Available,Not Available,Not Available,31-DEC-12,Multifamily Housing,Not Available,108.0,75.6,Not Available,Not Available,Greenwich Energy Solutions,Not Available,Not Available,Not Available,No specific resident population,Not Available,Not Available
2539004,205-07 Hillside Avenue,Not Available,Not Available,Not Available,Not Available,Not Available,40.99,1699,Not Available,Not Available,126.05,Not Available,2012-12-31T00:00:00.000,Not Available,Not Available,Not Available,2.2,69,Not Available,10640,11432,53.3,Not Available,1342555.57,0,Not Available,Not Eligible: Rating must be 75 or above,65,Not Available,Not Available,Not Available,31-JAN-13,Other,Not Available,408.0,21.3,Not Available,Not Available,,Not Available,2.3,Not Available,Not Available,0.34,Not Available
2386839,235 East 73rd Street,Not Available,Not Available,Not Available,Not Available,20,322.94,2600.7,Not Available,Not Available,2.06,Not Available,2012-12-31T00:00:00.000,4014362.68,Not Available,Not Available,Not Available,Not Available,Not Available,Not Available,10021,44.1,Not Available,21892.01,0,Not Available,Not Eligible: Rating must be 75 or above,Not Available,Not Available,Not Available,Not Available,31-DEC-12,Multifamily Housing,Not Available,108.0,43.1,Not Available,Not Available,Greenwich Energy Solutions,Not Available,Not Available,Not Available,No specific resident population,Not Available,Not Available
1465336,1740 Broadway,Not Available,Not Available,Not Available,Not Available,Not Available,Not Available,8364.1,Not Available,Not Available,4088.21,Not Available,2012-12-31T00:00:00.000,Not Available,No,Not Available,Not Available,80,Not Available,Not Available,10019,199.8,Not Available,27786358.4,0,Not Available,Not Eligible: Less than one year since the period ending date of the last ENERGY STAR application.,80,Not Available,Not Available,Not Available,31-DEC-12,Office,Not Available,105.0,80.5,Not Available,Not Available,,Not Available,2.33,Not Available,Not Available,0.84,Not Available
2606988,1170 Ocean Ave,Not Available,Not Available,Not Available,Not Available,Not Available,194.59,Not Available,Not Available,Not Available,99.79,Not Available,2012-12-31T00:00:00.000,Not Available,Not Available,Not Available,Not Available,Not Available,Not Available,Not Available,11230,108.5,Not Available,1062909.8,0,Not Available,Not Eligible: Rating must be 75 or above,Not Available,Not Available,Not Available,Not Available,01-JAN-00,Multifamily Housing,Not Available,314.0,69.4,Not Available,Not Available,,Not Available,Not Available,Not Available,Not Available,Not Available,Not Available
2503789,205 Hudson Street,Not Available,Not Available,Not Available,Not Available,Not Available,573.28,0,Not Available,Not Available,834.86,Not Available,2012-12-31T00:00:00.000,6220108.92,Not Available,Not Available,Not Available,Not Available,Not Available,Not Available,10013,98.9,Not Available,8892112.26,0,Not Available,Not Eligible: Rating must be 75 or above,29,Not Available,Not Available,Not Available,31-DEC-12,Office,Not Available,101.0,43.8,Not Available,Not Available,"CodeGreen Solutions, Inc.",Not Available,1.38,Not Available,Not Available,Not Available,Not Available
2558914,1700 Grand Concourse,0,Not Available,5760,Not Available,10,Not Available,0,Not Available,Not Available,313.6,Not Available,2012-12-31T00:00:00.000,0,Not Available,Not Available,Not Available,Not Available,Not Available,Not Available,10457,74.9,Not Available,3340158.2,0,Not Available,Not Eligible: Rating must be 75 or above,Not Available,Not Available,Not Available,Not Available,01-JAN-00,Multifamily Housing,Not Available,204.0,22.4,Not Available,Not Available,,Not Available,Not Available,Not Available,Not Available,Not Available,Not Available
1241667,2350 N. Ocean Ave.,Not Available,Not Available,Not Available,Not Available,Not Available,201.57,Not Available,Not Available,Not Available,2058.81,Not Available,2012-12-31T00:00:00.000,Not Available,Not Available,Not Available,Not Available,Not Available,Not Available,Not Available,11738,549.7,Not Available,10871397.71,75,Not Available,Eligible,Not Available,Not Available,Not Available,Not Available,01-JAN-00,Supermarket/Grocery,Not Available,,200.1,Not Available,Not Available,Not Available,Not Available,Not Available,Not Available,Not Available,Not Available,Not Available
2551982,1235 Grand Concourse,Not Available,Not Available,Not Available,Not Available,18,1327.85,Not Available,Not Available,Not Available,235.8,Not Available,2012-12-31T00:00:00.000,16223664.29,Not Available,Not Available,Not Available,Not Available,Not Available,Not Available,10452,246.3,Not Available,2511561,0,Not Available,Not Eligible: Rating must be 75 or above,Not Available,Not Available,Not Available,Not Available,01-JAN-00,Multifamily Housing,Not Available,204.0,187.9,Not Available,Not Available,,Not Available,Not Available,Not Available,No specific resident population,Not Available,Not Available
2550379,930 Saint Nicholas Avenue,Not Available,Not Available,Not Available,Not Available,18,292.11,3372.8,Not Available,Not Available,73.85,Not Available,2012-12-31T00:00:00.000,Not Available,Not Available,Not Available,Not Available,Not Available,Not Available,Not Available,10032,128,Not Available,786538.42,0,Not Available,Not Eligible: Rating must be 75 or above,Not Available,Not Available,Not Available,Not Available,31-DEC-12,Multifamily Housing,Not Available,112.0,92,No,Not Available,,Not Available,Not Available,Not Available,No specific resident population,Not Available,Not Available
2263463,"630, 650 W 168th Street",Not Available,Not Available,Not Available,Not Available,Not Available,Not Available,Not Available,Not Available,Not Available,Not Available,Not Available,2012-12-31T00:00:00.000,Not Available,Not Available,154826175,Not Available,Not Available,Not Available,Not Available,10032,812.9,Not Available,127407866.2,0,Not Available,Not Eligible: Rating must be 75 or above,168,Not Available,Not Available,Not Available,31-DEC-12,Office,Not Available,,396.8,Not Available,Not Available,,Not Available,17.01,Not Available,Not Available,Not Available,Not Available
1423319,641 Lexington Avenue,Not Available,Not Available,Not Available,Not Available,Not Available,Not Available,5037.6,Not Available,Not Available,4814.39,Not Available,2012-12-31T00:00:00.000,Not Available,No,Not Available,Not Available,Not Available,Not Available,Not Available,10022,269.8,Not Available,22200422.69,0,Not Available,Not Eligible: Rating must be 75 or above,65,Not Available,Not Available,Not Available,31-DEC-12,Office,Not Available,106.0,132.1,Not Available,Not Available,"MCEnergy, Inc.",Not Available,2.23,Not Available,Not Available,Not Available,Not Available
2546572,1160 5th Avenue,Not Available,Not Available,Not Available,Not Available,10,424.46,29236.7,Not Available,Not Available,216.16,Not Available,2012-12-31T00:00:00.000,5195457.87,Not Available,Not Available,Not Available,Not Available,Not Available,Not Available,10029,132.9,Not Available,2302380.41,0,Not Available,Not Eligible: Rating must be 75 or above,40,Not Available,Not Available,Not Available,31-DEC-12,Multifamily Housing,Not Available,111.0,78,Not Available,Not Available,,Not Available,3.58,Not Available,Not Available,Not Available,Not Available
2533060,100 Riverside Boulevard,Not Available,Not Available,Not Available,Not Available,20,1105.75,0,Not Available,Not Available,1296.5,Not Available,2012-12-31T00:00:00.000,Not Available,Not Available,Not Available,Not Available,Not Available,Not Available,Not Available,10069,159.6,Not Available,13809065.11,0,Not Available,Not Eligible: Rating must be 75 or above,Not Available,Not Available,Not Available,Not Available,31-DEC-12,Multifamily Housing,Not Available,107.0,81.3,Not Available,Not Available,Greenwich Energy Solutions,Not Available,Not Available,Not Available,No specific resident population,Not Available,Not Available
250332900.00%,419 Park Ave South,Not Available,Not Available,Not Available,Not Available,Not Available,537.08,4548.4,Not Available,Not Available,831.05,Not Available,2012-12-31T00:00:00.000,4145886.03,Not Available,Not Available,Not Available,Not Available,Not Available,Not Available,10016,216,Not Available,8851561.97,0,Not Available,Eligible,47,Not Available,Not Available,Not Available,30-SEP-10,Office,Not Available,105.0,96.5,Not Available,Not Available,"Code Green Solutions, Inc.",Not Available,3.51,Not Available,Not Available,Not Available,Not Available
1423551,560 Lexington Avenue,Not Available,Not Available,Not Available,Not Available,Not Available,Not Available,4559.3,Not Available,Not Available,2001.64,Not Available,2012-12-31T00:00:00.000,Not Available,No,Not Available,Not Available,Not Available,Not Available,Not Available,10022,202.7,Not Available,18928171.31,0,Not Available,Eligible,65,Not Available,Not Available,Not Available,31-DEC-12,Office,Not Available,105.0,66.2,Not Available,Not Available,"MCEnergy, Inc.",Not Available,2.17,Not Available,Not Available,Not Available,Not Available
2564793,133 West 22nd Street,Not Available,Not Available,Not Available,Not Available,20,133.4,5642.3,Not Available,Not Available,81.59,Not Available,2012-12-31T00:00:00.000,Not Available,Not Available,Not Available,Not Available,Not Available,Not Available,Not Available,10011,41.1,Not Available,869013.62,0,Not Available,Not Eligible: Rating must be 75 or above,Not Available,Not Available,Not Available,Not Available,31-DEC-12,Multifamily Housing,Not Available,104.0,25.1,Not Available,Not Available,Greenwich Energy Solutions,Not Available,Not Available,Not Available,No specific resident population,Not Available,Not Available
1463909,640 Fifth Avenue,Not Available,Not Available,Not Available,Not Available,Not Available,Not Available,7686.4,Not Available,Not Available,2851.99,Not Available,2012-12-31T00:00:00.000,Not Available,No,Not Available,Not Available,91,Not Available,Not Available,10019,266.2,Not Available,26948759.66,0,Not Available,Not Eligible: Rating must be 75 or above,88,Not Available,Not Available,Not Available,28-FEB-13,Office,Not Available,105.0,87,Not Available,Not Available,,Not Available,3.28,Not Available,Not Available,0,Not Available
1429866,520 8th AVe,Not Available,Not Available,Not Available,Not Available,Not Available,1142.87,Not Available,Not Available,Not Available,3414.94,Not Available,2012-12-31T00:00:00.000,11277302.42,Not Available,Not Available,1.92,50,Not Available,2600,10018,169.8,Not Available,36372725.67,0,Not Available,Not Eligible: Less than one year since the period ending date of the last ENERGY STAR application.,68,Not Available,Not Available,Not Available,31-DEC-08,Office,Not Available,105.0,64.5,Not Available,Not Available,,Not Available,2.43,Not Available,Not Available,0.12,Not Available
1329076,599 Lexington,Not Available,Not Available,Not Available,Not Available,Not Available,Not Available,22660.9,Not Available,Not Available,7542.52,Not Available,2012-12-31T00:00:00.000,Not Available,No,Not Available,1.33,94,Not Available,1500,10022,257.4,Not Available,80327201.51,0,Not Available,Not Eligible: Rating must be 75 or above,81,Not Available,Not Available,Not Available,28-FEB-13,Office,Not Available,,77.1,Not Available,Not Available,,Not Available,3.32,Not Available,Not Available,0.64,Not Available
2606043,1669-75 University Avenue,Not Available,Not Available,Not Available,Not Available,30,246.48,6423.9,Not Available,Not Available,165.48,Not Available,2012-12-31T00:00:00.000,Not Available,Not Available,Not Available,Not Available,Not Available,Not Available,Not Available,10453,108.8,Not Available,1762533.54,0,Not Available,Not Eligible: Rating must be 75 or above,Not Available,Not Available,Not Available,Not Available,28-FEB-13,Multifamily Housing,Not Available,205.0,64.8,Not Available,Not Available,,Not Available,Not Available,Not Available,Not Available,Not Available,Not Available
2397412,12 East 97th Street,Not Available,Not Available,Not Available,Not Available,15,493.4,Not Available,Not Available,Not Available,133.9,Not Available,2012-12-31T00:00:00.000,6381451.6,Not Available,Not Available,Not Available,Not Available,Not Available,Not Available,10029,100.5,Not Available,1645531.7,Not Available,Not Available,No,Not Available,Not Available,1000,Not Available,2012-12-31,Multifamily Housing,Not Available,111.0,70,Not Available,Not Available,,Not Available,Not Available,Not Available,"NO_SPECIFIC_RESIDENT_POPULATION,",Not Available,Not Available
2306542,540 Madison Avenue,Not Available,Not Available,Not Available,Not Available,Not Available,Not Available,Not Available,Not Available,Not Available,3439.1,Not Available,2012-12-31T00:00:00.000,Not Available,No,Not Available,0.82,Not Available,Not Available,12214,10022,336.4,Not Available,23868991.31,0,Not Available,Not Eligible: Rating must be 75 or above,60,Not Available,Not Available,Not Available,30-NOV-12,Office,Not Available,105.0,133.9,Not Available,Not Available,,Not Available,2.16,Not Available,Not Available,Not Available,Not Available
2379772,330 W 34th St,Not Available,Not Available,Not Available,Not Available,Not Available,424.18,17316.9,Not Available,Not Available,2280.03,Not Available,2012-12-31T00:00:00.000,4700609.59,Not Available,Not Available,Not Available,40,Not Available,Not Available,10001,136.8,Not Available,24284749.53,0,Not Available,Eligible,65,Not Available,Not Available,Not Available,31-JAN-13,Office,Not Available,104.0,47.2,Not Available,Not Available,,Not Available,3.86,Not Available,Not Available,0.46,Not Available
1974028,399 Park Avenue,Not Available,Not Available,Not Available,Not Available,Not Available,81.27,27813,Not Available,Not Available,14340.5,Not Available,2012-12-31T00:00:00.000,Not Available,No,Not Available,1.68,168,Not Available,33970,10022,266.4,Not Available,123326198.2,0,Not Available,Not Eligible: Rating must be 75 or above,70,Not Available,Not Available,Not Available,28-FEB-13,Office,Not Available,105.0,93.4,Not Available,Not Available,,Not Available,2.61,Not Available,Not Available,0.88,Not Available
1463326,Eleven Penn Plaza,Not Available,Not Available,Not Available,Not Available,Not Available,Not Available,18161.4,Not Available,Not Available,8268.89,Not Available,2012-12-31T00:00:00.000,Not Available,No,Not Available,Not Available,78,Not Available,Not Available,10001,207.6,Not Available,56742639.29,0,Not Available,ENERGY STAR Application In Process,65,Not Available,Not Available,Not Available,28-FEB-13,Office,Not Available,,83.2,Not Available,Not Available,,Not Available,2.49,Not Available,Not Available,0.39,Not Available
2364088,630 Fifth Avenue,Not Available,Not Available,Not Available,Not Available,Not Available,Not Available,Not Available,Not Available,Not Available,13292.22,Not Available,2012-12-31T00:00:00.000,Not Available,No,Not Available,Not Available,70,Not Available,Not Available,10111,321.1,Not Available,88175765.68,0,Not Available,Not Eligible: Rating must be 75 or above,65,Not Available,Not Available,Not Available,01-JAN-00,Office,No,105.0,140.8,Not Available,Not Available,,Not Available,2.1,Not Available,Not Available,0.2,Not Available
1261466,200 Liberty Street,0,Not Available,50000,Not Available,Not Available,41.6,17126.9,Not Available,Not Available,14041.93,Not Available,2012-12-31T00:00:00.000,Not Available,No,Not Available,Not Available,Not Available,Not Available,Not Available,10281,246.6,Not Available,82473991.49,0,Not Available,Not Eligible: Less than one year since the period ending date of the last ENERGY STAR application.,65,Not Available,Not Available,Not Available,28-FEB-13,Office,Not Available,101.0,111.2,Not Available,125.77,,Not Available,2.54,Not Available,Not Available,Not Available,Not Available
2.49e+06,120 Fifth Avenue,Not Available,Not Available,Not Available,Not Available,Not Available,49.85,Not Available,Not Available,Not Available,408.94,Not Available,2012-12-31T00:00:00.000,Not Available,Not Available,Not Available,Not Available,63,Not Available,Not Available,10011,225.8,Not Available,4355641.32,0,Not Available,Not Eligible: Rating must be 75 or above,49,Not Available,Not Available,Not Available,01-JAN-00,Office,Not Available,105.0,76.9,Not Available,Not Available,,Not Available,4.56,Not Available,Not Available,0,Not Available
2605938,251 West 39th Street,Not Available,Not Available,Not Available,Not Available,Not Available,18.96,1826.8,Not Available,Not Available,1048.51,85.9,2012-12-31T00:00:00.000,Not Available,Not Available,Not Available,Not Available,60,Not Available,Not Available,10018,87.1,Not Available,2779121.66,0,Not Available,Not Eligible: Rating must be 75 or above,44,Not Available,Not Available,Not Available,31-DEC-12,Other,Not Available,105.0,28.3,Not Available,377.28,,Not Available,2.12,Not Available,Not Available,0.33,Not Available
2559044,20-41 thru 20-45 Seagirt Blvd,Not Available,Not Available,Not Available,Not Available,10,352.17,Not Available,Not Available,Not Available,28.36,Not Available,2012-12-31T00:00:00.000,Not Available,Not Available,Not Available,Not Available,Not Available,Not Available,Not Available,11691,73.8,Not Available,302077.3,0,Not Available,Not Eligible: Rating must be 75 or above,Not Available,Not Available,Not Available,Not Available,01-JAN-00,Multifamily Housing,Not Available,,64.4,Not Available,Not Available,,Not Available,Not Available,Not Available,Not Available,Not Available,Not Available
2558651,2 Wall Street,Not Available,Not Available,Not Available,Not Available,Not Available,Not Available,4412.1,Not Available,Not Available,1729.06,Not Available,2012-12-31T00:00:00.000,Not Available,No,Not Available,1.16,Not Available,Not Available,17292,10005,277.7,Not Available,14183193.71,0,Not Available,Not Eligible: Rating must be 75 or above,60,Not Available,Not Available,Not Available,31-DEC-12,Office,Not Available,101.0,99.8,Not Available,Not Available,"CodeGreen Solutions, Inc.",Not Available,2.07,Not Available,Not Available,Not Available,Not Available
1313050,460 Park Avenue,Not Available,Not Available,Not Available,Not Available,Not Available,Not Available,3642,Not Available,Not Available,1786.94,Not Available,2012-12-31T00:00:00.000,Not Available,No,Not Available,Not Available,Not Available,Not Available,Not Available,10022,152.6,Not Available,12931934.66,0,Not Available,Not Eligible: Less than one year since the period ending date of the last ENERGY STAR application.,52,Not Available,Not Available,Not Available,31-AUG-12,Office,Not Available,105.0,59.3,Not Available,Not Available,"SCIenergy, Inc.",Not Available,2.24,Not Available,Not Available,Not Available,Not Available
2612560,15 W 36th,Not Available,Not Available,Not Available,Not Available,Not Available,224.98,519.1,Not Available,Not Available,210.12,Not Available,2012-12-31T00:00:00.000,2839988.04,Not Available,Not Available,Not Available,40,Not Available,Not Available,10018,125.8,Not Available,2238050.22,0,Not Available,Not Eligible: Current period ending over 120 days,35,Not Available,Not Available,Not Available,31-DEC-12,Office,Not Available,,61.7,Not Available,Not Available,"Code Green Solutions, Inc.",Not Available,2.28,Not Available,Not Available,0.21,Not Available
2598293,61-35 Junction Blvd,Not Available,Not Available,Not Available,Not Available,Not Available,Not Available,Not Available,Not Available,Not Available,6550.73,Not Available,2012-12-31T00:00:00.000,Not Available,Not Available,Not Available,Not Available,83,Not Available,Not Available,11374,373.6,Not Available,69772126.79,0,Not Available,Not Eligible: Rating must be 75 or above,Not Available,Not Available,Not Available,Not Available,01-JAN-00,Retail,Not Available,406.0,111.9,Not Available,Not Available,,Not Available,Not Available,Not Available,Not Available,0.2,Not Available
2560615,41 RIVER TERRACE,Not Available,Not Available,Not Available,Not Available,25,914.46,Not Available,Not Available,Not Available,859,Not Available,2012-12-31T00:00:00.000,Not Available,Not Available,Not Available,Not Available,Not Available,Not Available,Not Available,10282,134,Not Available,9149217.8,0,Not Available,Not Eligible: Rating must be 75 or above,Not Available,Not Available,Not Available,Not Available,31-DEC-12,Multifamily Housing,Not Available,101.0,72.2,No,Not Available,,Not Available,Not Available,Not Available,Not Available,Not Available,Not Available
1439342,120 Broadway,Not Available,Not Available,Not Available,Not Available,Not Available,130.75,Not Available,Not Available,Not Available,11440.63,Not Available,2012-12-31T00:00:00.000,Not Available,No,Not Available,Not Available,Not Available,Not Available,Not Available,10271,192.6,Not Available,97438531.2,0,Not Available,Not Eligible: Current period ending over 120 days,70,Not Available,Not Available,Not Available,28-FEB-13,Office,Not Available,101.0,68.4,Not Available,Not Available,,Not Available,4.44,Not Available,Not Available,Not Available,Not Available
1241549,65 Shore Rd.,Not Available,Not Available,Not Available,Not Available,Not Available,233.33,Not Available,Not Available,Not Available,1785.46,Not Available,2012-12-31T00:00:00.000,Not Available,Not Available,Not Available,Not Available,Not Available,Not Available,Not Available,11050,506.2,Not Available,9427981.53,75,Not Available,Eligible,Not Available,Not Available,Not Available,Not Available,01-JAN-00,Supermarket/Grocery,Not Available,,193.8,Not Available,Not Available,Not Available,Not Available,Not Available,Not Available,Not Available,Not Available,Not Available
2551968,941 Jerome Ave,Not Available,Not Available,Not Available,Not Available,18,537.96,Not Available,Not Available,Not Available,129.41,Not Available,2012-12-31T00:00:00.000,Not Available,Not Available,Not Available,Not Available,Not Available,Not Available,Not Available,10452,105,Not Available,1378360.39,0,Not Available,Not Eligible: Rating must be 75 or above,Not Available,Not Available,Not Available,Not Available,01-JAN-00,Multifamily Housing,Not Available,204.0,76.3,Not Available,Not Available,,Not Available,Not Available,Not Available,No specific resident population,Not Available,Not Available
2430722,100 Avenue of Americas,Not Available,Not Available,Not Available,Not Available,Not Available,342.72,3657.3,Not Available,Not Available,2264.39,Not Available,2012-12-31T00:00:00.000,Not Available,Not Available,Not Available,Not Available,Not Available,Not Available,Not Available,10013,232.5,Not Available,24118067.6,0,Not Available,Not Eligible: Rating must be 75 or above,56,Not Available,Not Available,Not Available,31-DEC-12,Office,Not Available,102.0,81.4,No,Not Available,"CodeGreen Solutions, Inc.",Not Available,2.57,Not Available,Not Available,Not Available,Not Available
2383312,444 East 75th Street,Not Available,Not Available,Not Available,Not Available,10,917.71,9222.8,Not Available,Not Available,302.51,Not Available,2012-12-31T00:00:00.000,11274610.62,Not Available,Not Available,Not Available,65,Not Available,Not Available,10021,157.2,Not Available,3222064.4,0,Not Available,Not Eligible: Rating must be 75 or above,Not Available,Not Available,Not Available,Not Available,31-DEC-12,Multifamily Housing,Not Available,108.0,103.9,Not Available,Not Available,Greenwich Energy Solutions,Not Available,Not Available,Not Available,No specific resident population,0,Not Available
2541638,105-145 West 168th Street,Not Available,Not Available,Not Available,Not Available,Not Available,13.96,Not Available,Not Available,Not Available,140.5,Not Available,2012-12-31T00:00:00.000,Not Available,Not Available,Not Available,Not Available,42,Not Available,Not Available,10452,15.4,Not Available,1496472.49,0,Not Available,Not Eligible: Rating must be 75 or above,40,Not Available,Not Available,Not Available,01-JAN-00,Multifamily Housing,Not Available,204.0,5.1,Not Available,Not Available,,Not Available,0.89,Not Available,Not Available,1.64,Not Available
2610560,28 Marine Avenue,Not Available,Not Available,Not Available,Not Available,15,Not Available,1231.1,Not Available,Not Available,17.35,Not Available,2012-12-31T00:00:00.000,Not Available,Not Available,Not Available,Not Available,Not Available,Not Available,Not Available,11209,9.5,Not Available,184793.73,0,Not Available,Not Eligible: Rating must be 75 or above,Not Available,Not Available,Not Available,Not Available,31-JAN-13,Multifamily Housing,Not Available,310.0,2.9,Not Available,Not Available,,Not Available,Not Available,Not Available,Not Available,Not Available,Not Available
1241763,700 Patchogue Rd 35B,Not Available,Not Available,Not Available,Not Available,Not Available,267.07,Not Available,Not Available,Not Available,2172.8,Not Available,2012-12-31T00:00:00.000,Not Available,Not Available,Not Available,Not Available,Not Available,Not Available,Not Available,11763,617.3,Not Available,11473280.02,75,Not Available,Not Eligible: Rating must be 75 or above,Not Available,Not Available,Not Available,Not Available,01-JAN-00,Supermarket/Grocery,Not Available,,233.6,Not Available,Not Available,Not Available,Not Available,Not Available,Not Available,Not Available,Not Available,Not Available
