dbn,school_name,n_chronic_absent_ems_allew,n_prof_pct_watn5_mthlevel2,survey_pp_ri,qr_1_4,teacher_ethnicity_asian_pct,val_chronic_absent_ems_allei,n_prof_pct_watn5_mthlevel34,val_chronic_absent_ems_allew,n_prof_pct_watn3_elalevel2,val_pct_core_ela_all,rr_t,val_chronic_absent_ems_all,val_lre_all,n_chronic_absent_ems_allgm,val_pct_accel_try_all,survey_pp_tr,val_prof_2plus_watn5_mthlevel1,n_pct_accel_try_mth_all,n_prof_pct_watn5_elalevel34,gender_male_pct,school_type,n_prof_2plus_watn3_mthlevel1,val_pct_core_sci_all,val_prof_pct_watn3_mthlevel34,survey_pp_sf,qr_1_1,qr_3_4,n_pct_accel_try_lote_all,val_chronic_absent_ems_allgm,qr_4_2,val_prof_pct_watn5_mthlevel34,n_chronic_absent_ems_allea,n_prof_pct_watn3_elalevel34,n_lre_all,n_chronic_absent_ems_alleb,ell,n_pct_accel_p_mth_all,val_chronic_absent_ems_allgf,val_prof_pct_watn5_mthlevel2,val_chronic_absent_ems_allep,principal_experience,n_pct_accel_lote_all
14K110,P.S. 110 The Monitor,371,No Data,0.81,Well Developed,No Data,No Data,No Data,0.86,6,No Data,77%,0.17,0.27,261,No Data,0.91,No Data,No Data,No Data,0.5,Elementary,2,No Data,0.5,0.94,Well Developed,Well Developed,No Data,0.831,Proficient,No Data,32,34,26,10,0.084,No Data,0.83,No Data,No Data,0.9,No Data
15K051,M.S. 51 William Alexander,475,11,0.83,Proficient,No Data,No Data,257,0.968,No Data,0.986,85%,0.06,0.2,532,0.95,0.87,0.5,361,166,0.458,Middle,No Data,0.956,No Data,0.85,Proficient,Well Developed,361,0.936,Well Developed,0.965,229,No Data,229,92,0.041,341,0.944,No Data,No Data,13.9,361
27Q063,P.S. 063 Old South,61,No Data,0.8,Well Developed,No Data,0.778,No Data,0.77,66,No Data,94%,0.24,0.14,567,No Data,0.96,No Data,No Data,No Data,0.522,Elementary,29,No Data,0.791,0.96,Well Developed,Well Developed,No Data,0.762,Well Developed,No Data,407,101,158,64,0.165,No Data,0.758,No Data,0.9,0.4,No Data
12X217,School of Performing Arts,7,20,0.61,Proficient,0,No Data,14,No Data,No Data,0.975,62%,0.28,0.46,163,0,0.73,0.188,92,18,0.464,Middle,No Data,0.988,No Data,0.97,Proficient,Proficient,92,0.718,Well Developed,No Data,3,No Data,117,127,0.166,No Data,0.723,0.4,No Data,4.2,92
09X058,P.S. 058,4,No Data,0.62,Proficient,No Data,No Data,No Data,No Data,23,No Data,29%,0.387,0.31,188,No Data,0.79,No Data,No Data,No Data,0.516,Elementary,25,No Data,0.667,0.84,Proficient,Proficient,No Data,0.622,Well Developed,No Data,No Data,17,90,83,0.292,No Data,0.602,No Data,No Data,15.1,No Data
19K202,P.S. 202 Ernest S. Jenkyns,11,No Data,0.63,Proficient,0,No Data,No Data,No Data,21,No Data,37%,0.528,0.34,166,No Data,0.76,No Data,No Data,No Data,0.506,Elementary,16,No Data,0.588,0.92,Proficient,Proficient,No Data,0.47,Proficient,No Data,14,21,74,184,0.119,No Data,0.474,No Data,No Data,3.1,No Data
11X370,Leaders of Tomorrow,9,38,0.67,Proficient,No Data,No Data,15,No Data,No Data,0.998,3%,0.274,0.38,257,0,0.87,0.114,149,14,0.531,Middle,No Data,0.998,No Data,0.95,Proficient,Proficient,149,0.735,Well Developed,0.2,7,No Data,133,276,0.138,No Data,0.716,0,No Data,2,149
15K516,Sunset Park Avenues Elementary School,33,No Data,0.76,Proficient,0.13,No Data,No Data,0.909,19,No Data,91%,0.166,0.11,203,No Data,0.92,No Data,No Data,No Data,0.472,Elementary,6,No Data,0.682,0.97,Proficient,Proficient,No Data,0.847,Proficient,No Data,50,15,84,2,0.354,No Data,0.823,No Data,No Data,1.4,No Data
10X033,P.S. 033 Timothy Dwight,6,No Data,0.66,Proficient,No Data,No Data,No Data,No Data,34,No Data,27%,0.301,0.15,392,No Data,0.79,No Data,No Data,No Data,0.49,Elementary,43,No Data,0.591,0.94,Well Developed,Well Developed,No Data,0.691,Proficient,No Data,7,49,138,79,0.258,No Data,0.706,No Data,No Data,15.1,No Data
18K285,I.S. 285 Meyer Levin,9,51,0.75,Proficient,No Data,No Data,52,No Data,No Data,0.997,23%,0.182,0.28,330,0.996,0.91,0.435,225,42,0.443,Middle,No Data,0.997,No Data,0.88,Proficient,Proficient,225,0.821,Proficient,0.538,5,No Data,158,674,0.041,43,0.815,0.275,No Data,5,225
10X342,International School for Liberal Arts,No Data,11,0.79,Well Developed,No Data,No Data,4,No Data,No Data,0.985,98%,0.062,0.24,77,0.842,0.89,0.625,57,2,0.536,Middle,No Data,0.94,No Data,0.89,Proficient,Proficient,57,0.961,Proficient,No Data,No Data,No Data,17,No Data,0.717,No Data,0.91,No Data,No Data,0.4,57
08X152,P.S. 152 Evergreen,9,No Data,0.7,Well Developed,No Data,No Data,No Data,No Data,63,No Data,48%,0.235,0.35,381,No Data,0.84,No Data,No Data,No Data,0.473,Elementary,30,No Data,0.597,0.91,Well Developed,Proficient,No Data,0.769,Proficient,No Data,10,46,155,120,0.272,No Data,0.761,No Data,No Data,1.1,No Data
10X045,Thomas C. Giordano Middle School 45,24,67,0.77,Proficient,No Data,No Data,35,0.75,No Data,0.997,25%,0.267,0.36,367,0.249,0.85,0.095,213,35,0.496,Middle,No Data,0.986,No Data,0.9,Proficient,Proficient,213,0.714,Proficient,0.457,8,No Data,158,124,0.181,53,0.752,0.09,No Data,15.1,213
07X001,P.S. 001 Courtlandt School,15,No Data,0.71,Proficient,No Data,No Data,No Data,0.667,37,No Data,46%,0.342,0.26,285,No Data,0.79,No Data,No Data,No Data,0.508,Elementary,38,No Data,0.467,0.9,Proficient,Proficient,No Data,0.642,Proficient,No Data,1,18,119,127,0.246,No Data,0.674,No Data,No Data,14.1,No Data
17K375,P.S. 375 Jackie Robinson School,2,No Data,0.68,Proficient,No Data,No Data,No Data,No Data,25,No Data,47%,0.267,0.27,156,No Data,0.78,No Data,No Data,No Data,0.552,Elementary,12,No Data,0.25,0.94,Proficient,Proficient,No Data,0.75,Proficient,No Data,7,21,51,199,0.215,No Data,0.711,No Data,No Data,0.9,No Data
27Q123,P.S. 123,14,No Data,0.85,Well Developed,No Data,0.836,No Data,No Data,31,No Data,71%,0.184,0.19,313,No Data,0.94,No Data,No Data,No Data,0.505,Elementary,17,No Data,0.522,0.96,Well Developed,Well Developed,No Data,0.834,Proficient,No Data,54,48,98,350,0.068,No Data,0.797,No Data,No Data,6.9,No Data
25Q163,P.S. 163 Flushing Heights,13,No Data,0.85,Proficient,0.345,No Data,No Data,No Data,27,No Data,69%,0.082,0.46,417,No Data,0.86,No Data,No Data,No Data,0.545,Elementary,7,No Data,0.927,0.97,Well Developed,Proficient,No Data,0.904,Proficient,No Data,615,62,83,14,0.418,No Data,0.936,No Data,No Data,5,No Data
17K289,P.S. 289 George V. Brower,15,No Data,0.68,Proficient,No Data,No Data,No Data,0.4,19,No Data,56%,0.519,0.44,166,No Data,0.84,No Data,No Data,No Data,0.525,Elementary,21,No Data,0.8,0.93,Proficient,Proficient,No Data,0.488,Proficient,No Data,13,27,59,215,0.093,No Data,0.472,No Data,No Data,3.9,No Data
22K315,P.S. K315,49,No Data,0.75,Proficient,No Data,No Data,No Data,0.898,30,No Data,81%,0.219,0.37,317,No Data,0.88,No Data,No Data,No Data,0.502,Elementary,30,No Data,0.862,0.96,Proficient,Well Developed,No Data,0.776,Proficient,No Data,54,33,130,324,0.185,No Data,0.787,No Data,No Data,9.3,No Data
26Q188,P.S. 188 Kingsbury,173,No Data,0.84,No Data,0.119,No Data,No Data,0.913,4,No Data,63%,0.056,0.28,364,No Data,0.96,No Data,No Data,No Data,0.53,Elementary,No Data,No Data,0.948,0.97,Well Developed,Well Developed,No Data,0.94,Well Developed,No Data,440,95,50,4,0.049,No Data,0.95,No Data,No Data,15.6,No Data
28Q354,The Jermaine L. Green STEM Institute of Queens,4,No Data,0.82,Proficient,0,No Data,No Data,No Data,36,No Data,76%,0.2,0.36,269,No Data,0.94,No Data,No Data,No Data,0.51,Elementary,13,No Data,0.6,0.98,Well Developed,Well Developed,No Data,0.803,Proficient,No Data,3,19,75,436,0.029,No Data,0.798,No Data,No Data,6.5,No Data
12X066,P.S. 066 School of Higher Expectations,11,No Data,0.79,Proficient,No Data,No Data,No Data,No Data,39,No Data,75%,0.294,0.28,266,No Data,0.9,No Data,No Data,No Data,0.499,Elementary,32,No Data,0.667,0.95,Proficient,Well Developed,No Data,0.729,Proficient,No Data,7,18,96,168,0.128,No Data,0.681,No Data,No Data,4,No Data
14K023,P.S. 023 Carter G. Woodson,5,No Data,0.92,Proficient,No Data,No Data,No Data,No Data,15,No Data,77%,0.464,0.26,147,No Data,0.95,No Data,No Data,No Data,0.55,Elementary,11,No Data,No Data,0.96,Developing,Proficient,No Data,0.551,Proficient,No Data,No Data,7,86,131,0.095,No Data,0.518,No Data,No Data,3.9,No Data
22K119,P.S. 119 Amersfort,19,No Data,0.81,Well Developed,0,No Data,No Data,0.737,33,No Data,97%,0.143,0.1,199,No Data,0.81,No Data,No Data,No Data,0.487,Elementary,20,No Data,0.667,0.95,Developing,Proficient,No Data,0.849,Proficient,No Data,80,20,50,230,0.095,No Data,0.864,No Data,No Data,0.9,No Data
18K068,I.S. 068 Isaac Bildersee,35,23,0.72,Proficient,0,No Data,20,0.6,No Data,0.996,56%,0.261,0.34,163,0.295,0.91,0.385,88,14,0.64,Middle,No Data,1,No Data,0.89,Well Developed,Proficient,88,0.755,Well Developed,0.8,13,No Data,68,176,0.247,No Data,0.711,0.304,No Data,10.2,88
14K016,P.S. 016 Leonard Dunkly,3,No Data,0.86,Proficient,No Data,No Data,No Data,No Data,14,No Data,100%,0.34,0.58,113,No Data,0.9,No Data,No Data,No Data,0.568,Elementary,8,No Data,No Data,0.95,Proficient,Proficient,No Data,0.593,Proficient,No Data,1,9,50,66,0.06,No Data,0.75,No Data,No Data,10.9,No Data
27Q273,P.S. 273,6,No Data,0.82,Proficient,No Data,No Data,No Data,No Data,18,No Data,100%,0.263,0.26,148,No Data,0.9,No Data,No Data,No Data,0.515,Elementary,9,No Data,0.48,0.97,Developing,Proficient,No Data,0.75,Proficient,No Data,38,22,42,18,0.132,No Data,0.723,No Data,No Data,10.1,No Data
28Q117,P.S. 117 J. Keld / Briarwood School,124,No Data,0.7,Well Developed,0.085,0.656,No Data,0.702,39,No Data,44%,0.282,0.26,490,No Data,0.91,No Data,No Data,No Data,0.545,Elementary,11,No Data,0.842,0.96,Proficient,Well Developed,No Data,0.745,Well Developed,No Data,276,69,143,87,0.172,No Data,0.686,No Data,No Data,1.1,No Data
05M030,P.S. 030 Hernandez/Hughes,5,No Data,0.81,Proficient,No Data,No Data,No Data,No Data,17,No Data,97%,0.393,0.5,101,No Data,0.91,No Data,No Data,No Data,0.48,Elementary,10,No Data,No Data,0.98,Developing,Proficient,No Data,0.604,Proficient,No Data,3,12,56,89,0.079,No Data,0.609,No Data,No Data,1.5,No Data
28Q332,Redwood Middle School,6,30,0.93,Proficient,No Data,0.529,16,No Data,No Data,1,72%,0.28,0.44,156,0.2,0.99,0.387,70,16,0.557,Middle,No Data,0.996,No Data,0.98,Proficient,Proficient,70,0.763,Proficient,0.938,31,No Data,64,198,0.04,14,0.667,0.367,No Data,0.9,70
14K034,P.S. 034 Oliver H. Perry,312,No Data,0.8,Proficient,No Data,No Data,No Data,0.846,13,No Data,55%,0.169,0.13,235,No Data,0.92,No Data,No Data,No Data,0.545,Elementary,7,No Data,0.833,0.98,Well Developed,Well Developed,No Data,0.821,Proficient,No Data,7,37,38,19,0.129,No Data,0.842,No Data,No Data,7.9,No Data
11X180,M.S. 180 Dr. Daniel Hale Williams,29,77,No Data,Well Developed,0,No Data,128,0.724,No Data,0.958,4%,0.134,0.35,512,0.918,0.91,0.35,343,115,0.483,Middle,No Data,0.952,No Data,0.87,Proficient,Well Developed,343,0.857,Proficient,0.641,31,No Data,216,719,0.024,304,0.874,0.234,No Data,3.9,343
03M421,West Prep Academy,10,16,No Data,Well Developed,No Data,No Data,17,No Data,No Data,1,0%,0.258,0.45,109,1,0.92,0.565,67,12,0.574,Middle,No Data,1,No Data,0.87,Well Developed,Well Developed,67,0.752,Well Developed,0.353,2,No Data,65,93,0.066,21,0.729,0.188,No Data,6.2,67
09X022,J.H.S. 022 Jordan L. Mott,10,35,0.75,Proficient,No Data,No Data,24,No Data,No Data,0.926,83%,0.262,0.45,204,0.022,0.91,0.183,134,12,0.488,Middle,No Data,0.854,No Data,0.92,Proficient,Proficient,134,0.779,Proficient,0.333,3,No Data,93,102,0.262,No Data,0.699,0.114,No Data,0.9,134
15K029,P.S. 029 John M. Harrigan,668,No Data,0.9,No Data,No Data,No Data,No Data,0.925,9,No Data,28%,0.082,0.06,459,No Data,0.97,No Data,No Data,No Data,0.512,Elementary,4,No Data,0.885,0.98,Well Developed,Well Developed,No Data,0.911,Well Developed,No Data,37,99,95,21,0.028,No Data,0.925,No Data,No Data,7.9,No Data
07X221,South Bronx Preparatory: A College Board School,5,26,0.88,Well Developed,No Data,No Data,31,No Data,No Data,0.98,85%,0.141,0.36,116,0,0.95,0.167,85,23,0.457,Middle,No Data,0.988,No Data,0.93,Well Developed,Well Developed,85,0.862,Well Developed,0.258,2,No Data,76,62,0.067,No Data,0.857,0.154,No Data,13.1,85
26Q098,P.S. 098 The Douglaston School,125,No Data,0.79,Well Developed,No Data,No Data,No Data,0.896,No Data,No Data,70%,0.112,0.11,154,No Data,0.82,No Data,No Data,No Data,0.57,Elementary,No Data,No Data,0.759,0.97,Well Developed,Well Developed,No Data,0.87,Well Developed,No Data,82,31,44,10,0.019,No Data,0.913,No Data,No Data,5,No Data
10X007,Milton Fein School,47,No Data,No Data,No Data,No Data,No Data,No Data,0.957,47,No Data,0%,0.105,0.37,297,No Data,0.98,No Data,No Data,No Data,0.477,Elementary,30,No Data,0.758,0.96,Well Developed,Well Developed,No Data,0.879,Well Developed,No Data,36,71,60,55,0.177,No Data,0.91,No Data,No Data,3.5,No Data
08X375,The Bronx Mathematics Preparatory School,3,22,0.75,Proficient,No Data,No Data,11,No Data,No Data,1,95%,0.362,0.45,113,0,0.88,0.219,67,6,0.535,Middle,No Data,1,No Data,0.94,Proficient,Proficient,67,0.681,Proficient,No Data,10,No Data,58,81,0.134,No Data,0.59,0.136,No Data,4.5,67
27Q297,Hawtree Creek Middle School,13,36,0.9,Well Developed,0,0.875,41,No Data,No Data,0.995,76%,0.167,0.35,207,0.464,0.97,0.333,125,31,0.519,Middle,No Data,1,No Data,0.98,Well Developed,Well Developed,125,0.821,Proficient,0.585,117,No Data,88,117,0.033,58,0.846,0.167,No Data,7.1,125
06M048,P.S. 048 P.O. Michael J. Buczek,17,No Data,0.66,Proficient,No Data,No Data,No Data,0.765,26,No Data,69%,0.195,0.25,211,No Data,0.8,No Data,No Data,No Data,0.515,Elementary,22,No Data,0.563,0.93,Proficient,Proficient,No Data,0.806,Well Developed,No Data,1,19,102,9,0.312,No Data,0.804,No Data,No Data,0.9,No Data
21K101,P.S. 101 The Verrazano,278,No Data,0.89,No Data,0.167,No Data,No Data,0.802,25,No Data,82%,0.113,0.13,506,No Data,0.99,No Data,No Data,No Data,0.537,Elementary,25,No Data,0.922,0.97,Well Developed,Well Developed,No Data,0.874,Well Developed,No Data,498,104,195,12,0.237,No Data,0.902,No Data,No Data,14.9,No Data
02M347,The 47 American Sign Language & English Lower Scho,23,3,0.64,Proficient,No Data,No Data,2,0.696,No Data,0.944,55%,0.392,0.19,65,0.273,0.75,No Data,11,3,0.5,K-8,No Data,1,No Data,0.91,Proficient,Proficient,11,0.662,Developing,No Data,3,No Data,62,36,0.23,No Data,0.554,No Data,No Data,10.2,11
03M256,Lafayette Academy,40,16,0.85,Proficient,No Data,No Data,14,0.95,No Data,0.985,89%,0.171,0.53,73,0.975,0.93,No Data,40,15,0.497,Middle,No Data,0.985,No Data,1,Proficient,Proficient,40,0.849,Proficient,No Data,No Data,No Data,30,58,0.112,19,0.808,0.5,No Data,6.1,40
14K126,John Ericsson Middle School 126,10,20,0.71,Proficient,No Data,No Data,38,No Data,No Data,1,91%,0.275,0.57,193,0.5,0.76,0.2,118,26,0.579,Middle,No Data,1,No Data,0.93,Well Developed,Proficient,118,0.731,Proficient,0.553,7,No Data,93,77,0.088,59,0.717,0.15,No Data,5.9,118
25Q169,P.S. 169 Bay Terrace,112,No Data,No Data,Well Developed,0.172,No Data,No Data,0.946,16,No Data,0%,0.093,0.12,191,No Data,0.92,No Data,No Data,No Data,0.488,Elementary,6,No Data,0.974,0.96,Well Developed,Well Developed,No Data,0.901,Well Developed,No Data,145,37,52,19,0.081,No Data,0.914,No Data,No Data,10,No Data
08X302,M.S. 302 Luisa Dessus Cruz,4,45,0.76,Proficient,No Data,No Data,22,No Data,No Data,0.985,95%,0.289,0.88,285,0.353,0.85,0.284,170,20,0.57,Middle,No Data,0.998,No Data,0.86,Well Developed,Well Developed,170,0.74,Proficient,0.5,1,No Data,133,94,0.2,59,0.673,0.2,No Data,8.9,170
05M036,P.S. 036 Margaret Douglas,4,No Data,0.57,Proficient,No Data,No Data,No Data,No Data,14,No Data,44%,0.386,0.36,144,No Data,0.81,No Data,No Data,No Data,0.468,Elementary,13,No Data,No Data,0.96,Proficient,Proficient,No Data,0.576,Proficient,No Data,3,14,95,123,0.124,No Data,0.649,No Data,No Data,8.1,No Data
14K380,P.S. 380 John Wayne Elementary,65,No Data,0.78,Well Developed,No Data,No Data,No Data,0.246,28,No Data,100%,0.332,0.31,266,No Data,0.87,No Data,No Data,No Data,0.533,Elementary,18,No Data,0.745,0.96,Well Developed,Well Developed,No Data,0.647,Well Developed,No Data,3,45,134,95,0.215,No Data,0.693,No Data,No Data,2.8,No Data
21K096,I.S. 096 Seth Low,264,62,0.81,No Data,No Data,No Data,90,0.807,No Data,0.999,89%,0.188,0.45,452,0.601,0.92,0.442,278,48,0.523,Middle,No Data,1,No Data,0.9,Proficient,Well Developed,278,0.821,Well Developed,0.811,258,No Data,166,68,0.265,149,0.803,0.371,No Data,6.6,278
09X505,"Bronx School for Law, Government and Justice",No Data,25,0.72,Proficient,No Data,No Data,40,No Data,No Data,0.982,2%,0.095,0.31,123,0.966,0.91,0.6,88,39,0.449,Middle,No Data,0.989,No Data,0.91,Proficient,Proficient,88,0.87,Proficient,0.575,2,No Data,67,56,0.146,83,0.934,0.36,No Data,5,88
04M096,P.S. 096 Joseph Lanzetta,10,5,0.75,Developing,No Data,No Data,8,No Data,No Data,1,95%,0.37,0.34,207,0,0.91,0.515,51,6,0.546,K-8,No Data,1,No Data,0.93,Proficient,Proficient,51,0.638,Developing,No Data,4,No Data,118,88,0.2,No Data,0.621,No Data,No Data,1.2,51
17K397,P.S. 397 Foster-Laurie,8,No Data,0.92,Well Developed,No Data,No Data,No Data,No Data,8,No Data,59%,0.218,0.32,94,No Data,0.99,No Data,No Data,No Data,0.568,Elementary,7,No Data,No Data,0.97,Proficient,Well Developed,No Data,0.787,Proficient,No Data,3,8,28,127,0.105,No Data,0.776,No Data,No Data,4.8,No Data
03M333,P.S. 333 Manhattan School for Children,383,5,0.7,Well Developed,No Data,No Data,17,0.914,No Data,1,94%,0.16,0.29,349,0.983,0.7,No Data,60,29,0.499,K-8,No Data,1,No Data,0.93,Proficient,Well Developed,60,0.831,Well Developed,0.824,47,No Data,136,95,0.023,59,0.85,No Data,No Data,6.5,60
23K599,Brooklyn Landmark Elementary School,2,No Data,0.86,Well Developed,0.161,No Data,No Data,No Data,13,No Data,94%,0.273,0.07,193,No Data,0.97,No Data,No Data,No Data,0.506,Elementary,2,No Data,0.828,0.98,Proficient,Well Developed,No Data,0.705,Well Developed,No Data,8,29,59,272,0.042,No Data,0.751,No Data,No Data,2.4,No Data
07X179,P.S. 179,3,No Data,0.85,Proficient,No Data,No Data,No Data,No Data,20,No Data,50%,0.371,0.14,134,No Data,0.94,No Data,No Data,No Data,0.502,Elementary,17,No Data,No Data,0.95,Developing,Proficient,No Data,0.582,Proficient,No Data,1,10,51,53,0.237,No Data,0.677,No Data,No Data,16.9,No Data
22K890,M.S. 890,28,No Data,0.84,Proficient,No Data,No Data,No Data,0.964,No Data,1,100%,0.058,0.4,156,0.619,0.93,No Data,105,No Data,0.533,Middle,No Data,1,No Data,0.96,Proficient,Proficient,105,0.949,Proficient,No Data,42,No Data,50,108,0.055,50,0.934,No Data,No Data,3.1,105
14K120,P.S. 120 Carlos Tapia,14,No Data,0.87,No Data,No Data,No Data,No Data,No Data,15,No Data,100%,0.295,0.18,178,No Data,0.97,No Data,No Data,No Data,0.503,Elementary,20,No Data,0.444,0.96,Well Developed,Well Developed,No Data,0.685,Well Developed,No Data,3,19,61,72,0.203,No Data,0.725,No Data,No Data,17.9,No Data
11X112,P.S. 112 Bronxwood,4,No Data,0.82,Proficient,No Data,No Data,No Data,No Data,34,No Data,34%,0.364,0.22,211,No Data,0.91,No Data,No Data,No Data,0.564,Elementary,22,No Data,No Data,0.96,Developing,Proficient,No Data,0.583,Proficient,No Data,No Data,6,87,177,0.086,No Data,0.703,No Data,No Data,2.9,No Data
28Q050,P.S. 050 Talfourd Lawn Elementary School,13,No Data,No Data,Well Developed,0.148,0.782,No Data,No Data,35,No Data,0%,0.215,0.25,416,No Data,0.94,No Data,No Data,No Data,0.528,Elementary,19,No Data,0.846,0.93,Well Developed,Well Developed,No Data,0.779,Well Developed,No Data,163,71,117,146,0.187,No Data,0.791,No Data,No Data,10.6,No Data
10X046,P.S. 046 Edgar Allan Poe,18,No Data,0.66,Proficient,No Data,No Data,No Data,0.5,42,No Data,43%,0.297,0.31,427,No Data,0.8,No Data,No Data,No Data,0.502,Elementary,36,No Data,0.404,0.93,Proficient,Proficient,No Data,0.705,Proficient,No Data,13,40,170,111,0.383,No Data,0.7,No Data,No Data,11.7,No Data
12X271,East Bronx Academy for the Future,No Data,23,0.73,Well Developed,No Data,No Data,9,No Data,No Data,0.984,29%,0.289,0.43,129,0.756,0.84,0.347,90,9,0.454,Middle,No Data,0.984,No Data,0.86,Proficient,Well Developed,90,0.705,Well Developed,No Data,10,No Data,68,66,0.162,55,0.716,0.174,No Data,16.1,90
17K532,New Bridges Elementary,15,No Data,0.79,Proficient,No Data,No Data,No Data,0.733,21,No Data,86%,0.133,0.14,205,No Data,0.99,No Data,No Data,No Data,0.521,Elementary,21,No Data,No Data,0.99,Developing,Proficient,No Data,0.863,Well Developed,No Data,6,14,80,272,0.098,No Data,0.871,No Data,No Data,7.1,No Data
10X205,P.S. 205 Fiorello LaGuardia,53,No Data,0.79,Proficient,No Data,No Data,No Data,0.83,65,No Data,58%,0.247,0.24,457,No Data,0.98,No Data,No Data,No Data,0.485,Elementary,36,No Data,0.709,0.96,Proficient,Proficient,No Data,0.742,Proficient,No Data,16,50,159,126,0.27,No Data,0.764,No Data,No Data,3.9,No Data
06M311,Amistad Dual Language School,19,16,0.79,Proficient,0,No Data,8,1,No Data,1,64%,0.107,0.06,217,1,0.93,0.563,50,7,0.496,K-8,No Data,1,No Data,0.96,Proficient,Well Developed,50,0.871,Proficient,No Data,3,No Data,68,8,0.302,25,0.914,0.125,No Data,3.9,50
17K543,"Science, Technology and Research Early College Hig",5,12,0.94,Well Developed,No Data,No Data,40,No Data,No Data,1,69%,0.068,0.79,114,0.403,0.94,No Data,72,38,0.457,Middle,No Data,1,No Data,0.92,Well Developed,Well Developed,72,0.895,Well Developed,0.75,10,No Data,28,187,0.016,28,0.963,No Data,No Data,12,72
09X117,I.S. 117 Joseph H. Wade,6,33,0.81,Proficient,No Data,No Data,30,No Data,No Data,0.99,78%,0.33,0.22,255,0.185,0.85,0.293,130,25,0.553,Middle,No Data,0.993,No Data,0.93,Proficient,Proficient,130,0.647,Proficient,0.3,2,No Data,122,83,0.327,23,0.699,0.182,No Data,16.9,130
11X194,P.S./M.S. 194,55,26,0.73,Well Developed,0.065,0.833,84,0.782,No Data,1,89%,0.213,0.15,662,0.174,0.79,0.333,178,43,0.505,K-8,No Data,1,No Data,0.9,Well Developed,Well Developed,178,0.778,Proficient,0.881,448,No Data,178,85,0.171,31,0.795,0.385,0.95,9.7,178
28Q008,J.H.S. 008 Richard S. Grossley,3,26,0.74,Proficient,No Data,0.892,26,No Data,No Data,0.977,94%,0.263,0.65,229,0.23,0.87,0.355,122,24,0.503,Middle,No Data,0.97,No Data,0.87,Proficient,Proficient,122,0.747,Proficient,0.923,75,No Data,97,176,0.121,28,0.727,0.5,0.8,2.9,122
22K109,P.S. 109,11,24,0.74,Developing,No Data,No Data,14,No Data,No Data,1,69%,0.312,0.29,283,0.414,0.8,0.298,58,18,0.544,K-8,No Data,0.828,No Data,0.95,Developing,Proficient,58,0.668,Developing,No Data,14,No Data,126,384,0.097,24,0.711,0.25,No Data,3.9,58
08X333,The Longwood Academy of Discovery,15,No Data,0.61,Proficient,No Data,No Data,No Data,0.6,39,No Data,63%,0.38,0.48,284,No Data,0.75,No Data,No Data,No Data,0.505,Elementary,47,No Data,0.714,0.92,Proficient,Proficient,No Data,0.673,Proficient,No Data,4,28,168,116,0.223,No Data,0.566,No Data,No Data,1.1,No Data
12X190,E.S.M.T- I.S. 190,3,22,0.84,Proficient,0.217,No Data,17,No Data,No Data,0.996,96%,0.228,0.26,152,0,0.87,0.366,84,16,0.537,Middle,No Data,0.939,No Data,0.96,Proficient,Proficient,84,0.789,Proficient,0.529,3,No Data,54,70,0.125,No Data,0.752,0.455,No Data,3.9,84
22K078,J.H.S. 078 Roy H. Mann,84,43,0.87,Well Developed,0,No Data,59,0.774,No Data,0.998,98%,0.141,0.2,303,0.176,0.95,0.37,188,48,0.542,Middle,No Data,0.998,No Data,0.93,Well Developed,Well Developed,188,0.851,Proficient,0.593,35,No Data,140,350,0.051,32,0.869,0.233,No Data,7.6,188
24Q211,Elm Tree Elementary School,22,No Data,0.69,Well Developed,No Data,No Data,No Data,0.545,14,No Data,93%,0.188,0.4,320,No Data,0.88,No Data,No Data,No Data,0.49,Elementary,4,No Data,0.48,0.96,Proficient,Well Developed,No Data,0.809,Proficient,No Data,47,23,114,23,0.461,No Data,0.814,No Data,No Data,2.7,No Data
19K663,School of the Future Brooklyn,8,10,No Data,Proficient,No Data,No Data,4,No Data,No Data,0.95,5%,0.385,0.6,82,0.311,0.96,0.024,74,4,0.453,Middle,No Data,0.969,No Data,0.92,Developing,Developing,74,0.634,Developing,No Data,3,No Data,58,113,0.151,No Data,0.598,No Data,No Data,2.1,74
05M499,Frederick Douglass Academy,2,26,0.78,Developing,0.061,No Data,23,No Data,No Data,0.961,34%,0.272,0.34,129,0.772,0.86,0.146,79,14,0.528,Middle,No Data,0.877,No Data,0.85,Developing,Developing,79,0.713,Developing,0.348,No Data,No Data,64,159,0.085,19,0.746,0.077,No Data,3,79
12X134,P.S. 134 George F. Bristow,13,No Data,0.58,Proficient,No Data,No Data,No Data,No Data,33,No Data,90%,0.352,0.32,300,No Data,0.87,No Data,No Data,No Data,0.529,Elementary,35,No Data,0.684,0.93,Proficient,Well Developed,No Data,0.643,Well Developed,No Data,6,27,93,218,0.189,No Data,0.653,No Data,No Data,1.9,No Data
20K223,J.H.S. 223 The Montauk,118,59,0.78,Proficient,0.072,No Data,169,0.831,No Data,0.942,94%,0.111,0.27,515,0.284,0.91,0.522,292,68,0.558,Middle,No Data,0.983,No Data,0.87,Proficient,Developing,292,0.893,Proficient,0.888,484,No Data,157,25,0.252,83,0.883,0.424,No Data,10.9,292
05M092,P.S. 092 Mary McLeod Bethune,4,No Data,0.83,Proficient,No Data,No Data,No Data,No Data,11,No Data,70%,0.448,0.16,128,No Data,0.88,No Data,No Data,No Data,0.531,Elementary,9,No Data,0.647,0.94,Proficient,Well Developed,No Data,0.508,Proficient,No Data,1,27,76,135,0.066,No Data,0.604,No Data,No Data,17.4,No Data
10X447,Creston Academy,2,39,0.87,No Data,No Data,No Data,39,No Data,No Data,0.998,54%,0.179,0.55,221,0.247,0.88,0.614,158,17,0.481,Middle,No Data,0.998,No Data,0.96,Proficient,Well Developed,158,0.814,Well Developed,0.872,3,No Data,95,67,0.259,29,0.826,0.538,No Data,5.1,158
09X042,P.S. 042 Claremont,4,No Data,0.79,Proficient,No Data,No Data,No Data,No Data,22,No Data,97%,0.202,0.23,183,No Data,0.94,No Data,No Data,No Data,0.496,Elementary,11,No Data,0.524,0.97,Proficient,Well Developed,No Data,0.792,Well Developed,No Data,No Data,19,84,154,0.115,No Data,0.803,No Data,No Data,7.4,No Data
22K139,P.S. 139 Alexine A. Fenty,94,No Data,0.68,Proficient,0.1,No Data,No Data,0.84,60,No Data,25%,0.214,0.35,446,No Data,0.93,No Data,No Data,No Data,0.525,Elementary,46,No Data,0.685,0.95,Proficient,Well Developed,No Data,0.767,Proficient,No Data,148,50,125,205,0.149,No Data,0.806,No Data,No Data,16.9,No Data
02M343,The Peck Slip School,215,No Data,0.88,Well Developed,No Data,No Data,No Data,0.916,13,No Data,59%,0.086,0.23,198,No Data,0.93,No Data,No Data,No Data,0.459,Elementary,2,No Data,0.718,0.96,Well Developed,Well Developed,No Data,0.924,Well Developed,No Data,73,36,69,29,0.019,No Data,0.906,No Data,No Data,8.1,No Data
28Q139,P.S. 139 Rego Park,289,No Data,0.7,Well Developed,No Data,No Data,No Data,0.813,40,No Data,98%,0.163,0.21,375,No Data,0.76,No Data,No Data,No Data,0.514,Elementary,16,No Data,0.868,0.94,Proficient,Well Developed,No Data,0.813,Well Developed,No Data,181,62,94,18,0.223,No Data,0.861,No Data,No Data,0.6,No Data
20K200,P.S. 200 Benson School,583,No Data,0.8,Proficient,No Data,No Data,No Data,0.768,59,No Data,70%,0.21,0.24,716,No Data,0.86,No Data,No Data,No Data,0.525,Elementary,14,No Data,0.81,0.92,Proficient,Proficient,No Data,0.796,Proficient,No Data,470,86,147,5,0.264,No Data,0.784,No Data,No Data,12,No Data
12X044,P.S. 044 David C. Farragut,4,No Data,0.78,Developing,0,No Data,No Data,No Data,10,No Data,68%,0.407,0.69,137,No Data,0.87,No Data,No Data,No Data,0.498,Elementary,7,No Data,0.5,0.99,Developing,Proficient,No Data,0.577,Proficient,No Data,No Data,13,39,86,0.223,No Data,0.609,No Data,No Data,8.7,No Data
84K746,Hebrew Language Academy Charter School,164,16,0.64,No Data,No Data,No Data,27,0.634,No Data,No Data,82%,0.257,0.34,321,0.02,0.81,No Data,51,21,0.477,K-8,No Data,No Data,No Data,0.88,No Data,No Data,51,0.738,No Data,0.741,12,No Data,95,439,0.078,1,0.748,0.125,No Data,1,51
01M378,School for Global Leaders,12,26,0.86,Proficient,0.192,No Data,23,No Data,No Data,0.995,46%,0.321,0.57,120,0,0.98,0.118,85,18,0.564,Middle,No Data,0.995,No Data,0.95,Well Developed,Well Developed,85,0.7,Proficient,0.609,17,No Data,86,51,0.083,No Data,0.652,0.115,No Data,4.1,85
03M191,The Riverside School for Makers and Artists,35,7,0.72,Proficient,0.1,No Data,6,0.829,No Data,1,91%,0.337,0.31,247,0.852,0.95,0.303,54,8,0.533,K-8,No Data,1,No Data,0.97,Proficient,Proficient,54,0.692,Proficient,No Data,23,No Data,121,164,0.052,46,0.631,No Data,No Data,0.8,54
02M198,P.S. 198 Isador E. Ida Straus,207,No Data,0.78,Proficient,0.122,No Data,No Data,0.874,12,No Data,36%,0.164,0.16,227,No Data,0.98,No Data,No Data,No Data,0.503,Elementary,4,No Data,0.822,0.99,Proficient,Proficient,No Data,0.833,Proficient,No Data,79,40,64,40,0.066,No Data,0.839,No Data,No Data,3.9,No Data
25Q379,College Point Collaborative,47,No Data,0.78,Well Developed,0.261,No Data,No Data,0.894,No Data,1,96%,0.115,0.37,184,No Data,0.95,No Data,No Data,No Data,0.531,Middle,No Data,1,No Data,0.97,Proficient,Proficient,No Data,0.886,Well Developed,No Data,53,No Data,62,2,0.124,No Data,0.885,No Data,No Data,2.1,No Data
24Q088,P.S. 088 Seneca,288,No Data,0.72,Well Developed,No Data,No Data,No Data,0.823,55,No Data,82%,0.225,0.31,413,No Data,0.91,No Data,No Data,No Data,0.535,Elementary,31,No Data,0.662,0.95,Proficient,Well Developed,No Data,0.78,Proficient,No Data,61,66,128,17,0.119,No Data,0.771,No Data,No Data,1.9,No Data
23K323,P.S./I.S. 323,7,14,0.78,Proficient,No Data,No Data,5,No Data,No Data,0.99,57%,0.43,0.47,253,0,0.85,0.415,64,3,0.485,K-8,No Data,0.98,No Data,0.96,Proficient,Proficient,64,0.577,Proficient,No Data,6,No Data,90,392,0.061,No Data,0.563,No Data,No Data,16.4,64
24Q125,I.S. 125 Thom J. McCann Woodside,80,124,0.84,Well Developed,No Data,No Data,273,0.888,No Data,0.983,66%,0.114,0.44,720,0.746,0.88,0.535,560,209,0.487,Middle,No Data,0.904,No Data,0.88,Well Developed,Well Developed,560,0.879,Well Developed,0.919,537,No Data,254,29,0.155,418,0.892,0.581,0.944,17.9,560
02M011,P.S. 011 William T. Harris,394,No Data,0.85,Well Developed,No Data,No Data,No Data,0.914,22,No Data,79%,0.165,0.23,466,No Data,0.94,No Data,No Data,No Data,0.517,Elementary,13,No Data,0.92,0.98,Well Developed,Well Developed,No Data,0.82,Well Developed,No Data,141,105,102,67,0.027,No Data,0.852,No Data,No Data,15.1,No Data
09X163,P.S. 163 Arthur A. Schomburg,4,No Data,0.56,Proficient,0,No Data,No Data,No Data,30,No Data,48%,0.21,0.29,210,No Data,0.76,No Data,No Data,No Data,0.498,Elementary,31,No Data,0.5,0.93,Well Developed,Proficient,No Data,0.762,Proficient,No Data,3,25,97,160,0.322,No Data,0.817,No Data,No Data,1.9,No Data
13K915,I.S. 915,85,No Data,0.75,No Data,No Data,No Data,No Data,0.965,No Data,0.982,19%,0.13,0.62,158,0.771,0.93,No Data,70,No Data,0.554,Middle,No Data,0.915,No Data,0.91,No Data,No Data,70,0.854,No Data,No Data,8,No Data,50,117,0.022,50,0.89,No Data,No Data,1.1,70
13K056,P.S. 056 Lewis H. Latimer,56,No Data,0.78,Proficient,0,No Data,No Data,0.857,10,No Data,50%,0.267,0.37,144,No Data,0.95,No Data,No Data,No Data,0.566,Elementary,10,No Data,No Data,0.97,Developing,Proficient,No Data,0.75,Proficient,No Data,5,15,46,139,0.07,No Data,0.712,No Data,No Data,4.2,No Data
22K197,P.S. 197 - The Kings Highway Academy,476,No Data,0.86,Proficient,0.083,No Data,No Data,0.721,29,No Data,50%,0.266,0.38,394,No Data,0.97,No Data,No Data,No Data,0.492,Elementary,7,No Data,0.714,0.96,Well Developed,Proficient,No Data,0.703,Proficient,No Data,168,50,97,68,0.348,No Data,0.763,No Data,No Data,15.1,No Data
16K021,P.S. 021 Crispus Attucks,10,No Data,0.84,Proficient,No Data,No Data,No Data,No Data,31,No Data,26%,0.316,0.15,229,No Data,0.98,No Data,No Data,No Data,0.483,Elementary,11,No Data,0.667,0.98,Proficient,Proficient,No Data,0.703,Developing,No Data,2,37,101,409,0.024,No Data,0.667,No Data,No Data,7.6,No Data
27Q105,P.S. 105 The Bay School,6,23,No Data,Proficient,0,No Data,15,No Data,No Data,0.992,0%,0.406,0.3,428,0.179,0.97,0.242,78,11,0.525,K-8,No Data,0.992,No Data,0.94,Proficient,Proficient,78,0.591,Proficient,0.4,17,No Data,204,492,0.043,14,0.596,0.087,No Data,21.9,78
29Q327,Eagle Academy for Young Men III,3,22,0.72,Proficient,0,No Data,17,No Data,No Data,0.719,91%,0.204,0.63,201,0.738,0.84,0.656,65,17,1.0,Middle,No Data,0.659,No Data,0.94,Proficient,Proficient,65,0.796,Developing,0.529,No Data,No Data,56,182,0.015,44,No Data,0.227,No Data,2.9,65
22K236,P.S. 236 Mill Basin,302,No Data,0.92,No Data,0,No Data,No Data,0.798,7,No Data,64%,0.179,0.22,273,No Data,0.98,No Data,No Data,No Data,0.49,Elementary,5,No Data,0.746,0.97,Proficient,Well Developed,No Data,0.835,Well Developed,No Data,65,62,67,98,0.068,No Data,0.808,No Data,No Data,6.7,No Data
09X109,P.S. 109 Sedgwick,7,No Data,0.58,Well Developed,0,No Data,No Data,No Data,28,No Data,63%,0.378,0.21,273,No Data,0.73,No Data,No Data,No Data,0.526,Elementary,17,No Data,0.472,0.91,Proficient,Well Developed,No Data,0.564,Proficient,No Data,2,35,107,113,0.236,No Data,0.687,No Data,No Data,8.1,No Data
03M180,P.S. 180 Hugo Newman,48,17,0.66,Proficient,No Data,No Data,11,0.792,No Data,1,53%,0.297,0.34,241,1,0.78,0.217,44,18,0.536,K-8,No Data,1,No Data,0.92,Proficient,Proficient,44,0.676,Proficient,No Data,10,No Data,91,226,0.117,No Data,0.734,0,No Data,2.9,44
28Q190,J.H.S. 190 Russell Sage,308,48,0.81,Developing,0.123,No Data,175,0.825,No Data,0.985,35%,0.175,0.55,577,0.997,0.86,0.657,382,136,0.505,Middle,No Data,0.934,No Data,0.88,Proficient,Proficient,382,0.806,Proficient,0.903,374,No Data,164,84,0.096,380,0.845,0.458,No Data,3.5,382
23K284,"The Gregory Jocko Jackson School of Sports, Art, a",No Data,No Data,0.47,Proficient,No Data,No Data,No Data,No Data,15,No Data,25%,0.355,0.29,117,No Data,0.85,No Data,No Data,No Data,0.491,Elementary,19,No Data,No Data,0.97,Proficient,Proficient,No Data,0.684,Proficient,No Data,No Data,15,49,154,0.105,No Data,0.608,No Data,No Data,8.2,No Data
06M115,P.S. 115 Alexander Humboldt,10,No Data,0.75,Proficient,0,No Data,No Data,No Data,25,No Data,94%,0.346,0.16,224,No Data,0.89,No Data,No Data,No Data,0.508,Elementary,19,No Data,0.947,0.97,Proficient,Proficient,No Data,0.643,Proficient,No Data,4,18,76,4,0.288,No Data,0.665,No Data,No Data,6.9,No Data
10X360,P.S. 360,7,No Data,No Data,Proficient,0,No Data,No Data,No Data,16,No Data,0%,0.336,0.38,186,No Data,1,No Data,No Data,No Data,0.525,Elementary,25,No Data,No Data,0.96,Proficient,Proficient,No Data,0.651,Proficient,No Data,4,25,73,43,0.214,No Data,0.678,No Data,No Data,5.9,No Data
09X568,Young Women's Leadership School of the Bronx,4,18,0.72,Well Developed,No Data,No Data,36,No Data,No Data,0.996,60%,0.19,0.43,No Data,1,0.9,0.375,80,29,0.0,Middle,No Data,0.996,No Data,0.89,Well Developed,Proficient,80,No Data,Well Developed,0.667,6,No Data,46,69,0.036,21,0.81,0.389,No Data,1.1,80
05M133,P.S. 133 Fred R Moore,5,No Data,0.67,Proficient,No Data,No Data,No Data,No Data,15,No Data,94%,0.311,0.23,129,No Data,0.89,No Data,No Data,No Data,0.624,Elementary,13,No Data,No Data,0.93,Developing,Proficient,No Data,0.736,Proficient,No Data,7,7,79,88,0.112,No Data,0.61,No Data,No Data,1.9,No Data
09X594,M.S. 594,1,6,0.87,Well Developed,No Data,No Data,2,No Data,No Data,0.996,95%,0.346,0.72,144,0,0.87,0.278,75,3,0.548,Middle,No Data,0.962,No Data,0.92,Well Developed,Proficient,75,0.639,Proficient,No Data,2,No Data,68,69,0.31,No Data,0.672,No Data,No Data,2.1,75
06M152,P.S. 152 Dyckman Valley,3,No Data,0.88,Well Developed,No Data,No Data,No Data,No Data,26,No Data,93%,0.226,0.21,267,No Data,0.95,No Data,No Data,No Data,0.545,Elementary,20,No Data,0.519,0.98,Proficient,Well Developed,No Data,0.772,Proficient,No Data,1,23,94,14,0.3,No Data,0.777,No Data,No Data,15.1,No Data
19K158,P.S. 158 Warwick,8,No Data,0.66,Well Developed,No Data,No Data,No Data,No Data,31,No Data,30%,0.304,0.64,202,No Data,0.7,No Data,No Data,No Data,0.461,Elementary,28,No Data,0.5,0.95,Proficient,Proficient,No Data,0.688,Proficient,No Data,7,23,73,206,0.077,No Data,0.703,No Data,No Data,2.1,No Data
23K522,Mott Hall IV,1,12,0.68,Proficient,0,No Data,11,No Data,No Data,0.774,75%,0.172,0.7,76,0.979,0.89,0.08,48,8,0.503,Middle,No Data,0.966,No Data,0.95,Proficient,Proficient,48,0.763,Developing,No Data,1,No Data,46,117,0.0,47,0.893,No Data,No Data,2,48
23K664,Brooklyn Environmental Exploration School (BEES),1,6,0.8,Well Developed,No Data,No Data,2,No Data,No Data,0.97,100%,0.362,0.82,99,0.393,0.93,0.267,61,2,0.531,Middle,No Data,0.988,No Data,0.99,Proficient,Well Developed,61,0.606,Proficient,No Data,No Data,No Data,72,136,0.056,24,0.674,No Data,No Data,6.8,61
04M083,P.S. 083 Luis Munoz Rivera,4,No Data,0.83,Well Developed,No Data,No Data,No Data,No Data,20,No Data,91%,0.243,0.14,168,No Data,0.94,No Data,No Data,No Data,0.484,Elementary,11,No Data,0.689,0.96,Proficient,Well Developed,No Data,0.75,Well Developed,No Data,37,42,72,61,0.074,No Data,0.764,No Data,No Data,16.9,No Data
11X153,P.S. 153 Helen Keller,16,No Data,0.82,Well Developed,No Data,No Data,No Data,0.875,21,No Data,26%,0.133,0.43,296,No Data,0.89,No Data,No Data,No Data,0.488,Elementary,10,No Data,0.672,0.94,Well Developed,Well Developed,No Data,0.855,Proficient,No Data,90,67,63,340,0.017,No Data,0.879,No Data,No Data,5.9,No Data
17K061,M.S. 061 Dr. Gladstone H. Atwell,10,56,0.76,Proficient,No Data,No Data,86,No Data,No Data,0.807,45%,0.251,0.45,284,0.983,0.8,0.289,175,80,0.49,Middle,No Data,0.989,No Data,0.91,Well Developed,Well Developed,175,0.732,Developing,0.651,6,No Data,110,482,0.041,105,0.766,0.125,No Data,3.7,175
25Q020,P.S. 020 John Bowne,32,No Data,0.8,No Data,0.202,No Data,No Data,0.688,43,No Data,28%,0.165,0.29,589,No Data,0.98,No Data,No Data,No Data,0.514,Elementary,13,No Data,0.939,0.95,Proficient,Well Developed,No Data,0.835,Proficient,No Data,809,96,138,46,0.351,No Data,0.835,No Data,No Data,11.9,No Data
12X067,P.S. 067 Mohegan School,1,No Data,0.75,Well Developed,No Data,No Data,No Data,No Data,22,No Data,89%,0.357,0.2,219,No Data,0.86,No Data,No Data,No Data,0.509,Elementary,14,No Data,0.774,0.94,Proficient,Proficient,No Data,0.63,Proficient,No Data,No Data,35,83,112,0.151,No Data,0.657,No Data,No Data,7.9,No Data
09X555,Mount Eden Children's Academy,2,No Data,0.87,Well Developed,0,No Data,No Data,No Data,18,No Data,83%,0.139,0.46,196,No Data,0.98,No Data,No Data,No Data,0.516,Elementary,1,No Data,0.758,0.96,Well Developed,Well Developed,No Data,0.847,Well Developed,No Data,No Data,33,46,72,0.202,No Data,0.875,No Data,No Data,3.6,No Data
03M054,J.H.S. 054 Booker T. Washington,444,7,0.8,Well Developed,No Data,No Data,232,0.982,No Data,0.995,93%,0.068,0.23,401,0.789,0.9,0.2,242,206,0.484,Middle,No Data,0.998,No Data,0.94,Well Developed,Well Developed,242,0.91,Well Developed,0.966,85,No Data,122,75,0.017,184,0.953,No Data,No Data,15.4,242
19K678,East New York Middle School of Excellence,7,19,0.8,No Data,0,No Data,17,No Data,No Data,No Data,91%,0.247,0.9,143,1,0.89,0.071,73,12,0.546,Middle,No Data,1,No Data,0.98,Proficient,Proficient,73,0.72,Proficient,0.235,7,No Data,71,136,0.115,13,0.792,0.053,No Data,8,73
26Q162,P.S. 162 John Golden,84,No Data,0.68,Well Developed,0.186,No Data,No Data,0.917,26,No Data,54%,0.084,0.18,331,No Data,0.76,No Data,No Data,No Data,0.523,Elementary,3,No Data,0.837,0.95,Proficient,Proficient,No Data,0.927,Proficient,No Data,468,75,84,11,0.255,No Data,0.904,No Data,No Data,5,No Data
28Q048,P.S. 048 William Wordsworth,6,No Data,0.63,Well Developed,0.125,0.5,No Data,No Data,32,No Data,20%,0.257,0.14,265,No Data,0.78,No Data,No Data,No Data,0.511,Elementary,15,No Data,0.688,0.93,Proficient,Well Developed,No Data,0.77,Proficient,No Data,111,33,102,259,0.094,No Data,0.715,No Data,No Data,13.6,No Data
08X367,"Archimedes Academy for Math, Science and Technolog",5,24,No Data,Well Developed,No Data,No Data,30,No Data,No Data,0.938,,0.224,0.33,156,0.419,No Data,0.19,93,21,0.561,Middle,No Data,0.969,No Data,No Data,Proficient,Proficient,93,0.821,Developing,0.6,31,No Data,69,80,0.077,16,0.719,0.167,No Data,13.1,93
08X093,P.S. 093 Albert G. Oliver,2,No Data,0.84,Proficient,No Data,No Data,No Data,No Data,20,No Data,21%,0.364,0.17,145,No Data,0.98,No Data,No Data,No Data,0.544,Elementary,13,No Data,No Data,0.97,Proficient,Well Developed,No Data,0.621,Well Developed,No Data,3,10,52,123,0.084,No Data,0.652,No Data,No Data,7.9,No Data
08X130,P.S. 130 Abram Stevens Hewitt,7,No Data,0.8,Well Developed,No Data,No Data,No Data,No Data,28,No Data,83%,0.307,0.33,194,No Data,0.87,No Data,No Data,No Data,0.536,Elementary,46,No Data,0.933,0.96,Developing,Well Developed,No Data,0.68,Proficient,No Data,3,18,92,84,0.256,No Data,0.706,No Data,No Data,13.5,No Data
28Q680,Queens Gateway to Health Sciences Secondary School,10,5,0.74,Proficient,No Data,1,81,No Data,No Data,1,26%,0.014,0.14,143,1,0.7,No Data,94,77,0.52,Middle,No Data,0.989,No Data,0.77,Well Developed,Well Developed,94,0.986,Proficient,0.988,150,No Data,37,60,0.007,88,0.985,No Data,No Data,8.2,94
13K307,P.S. 307 Daniel Hale Williams,28,No Data,0.57,Proficient,0.102,No Data,No Data,0.857,21,No Data,30%,0.387,0.22,167,No Data,0.77,No Data,No Data,No Data,0.55,Elementary,13,No Data,0.667,0.98,Proficient,Proficient,No Data,0.665,Well Developed,No Data,7,16,109,163,0.037,No Data,0.552,No Data,No Data,5.1,No Data
09X011,P.S. 011 Highbridge,6,No Data,0.78,Well Developed,0,No Data,No Data,No Data,45,No Data,16%,0.386,0.32,255,No Data,0.77,No Data,No Data,No Data,0.481,Elementary,23,No Data,0.364,0.93,Well Developed,Well Developed,No Data,0.627,Well Developed,No Data,No Data,23,116,150,0.238,No Data,0.601,No Data,No Data,8.4,No Data
12X098,J.H.S. 098 Herman Ridder,4,10,0.62,Developing,No Data,No Data,13,No Data,No Data,0.957,54%,0.49,0.6,127,0.194,0.76,0.238,103,10,0.478,Middle,No Data,0.97,No Data,0.65,Developing,Proficient,103,0.488,Developing,No Data,3,No Data,55,67,0.39,20,0.529,No Data,No Data,0.9,103
24Q102,P.S. 102 Bayview,34,16,0.76,Proficient,0.125,No Data,92,0.853,No Data,1,73%,0.129,0.25,661,0.218,0.92,0.259,142,62,0.515,K-8,No Data,1,No Data,0.93,Well Developed,Well Developed,142,0.88,Proficient,0.88,735,No Data,146,46,0.151,31,0.861,0.563,0.949,2.4,142
27Q100,P.S. 100 Glen Morris,28,No Data,0.82,Well Developed,No Data,0.788,No Data,0.786,45,No Data,47%,0.217,0.22,411,No Data,0.94,No Data,No Data,No Data,0.498,Elementary,7,No Data,0.802,0.97,Well Developed,Well Developed,No Data,0.781,Well Developed,No Data,230,83,142,46,0.102,No Data,0.785,No Data,0.688,10.2,No Data
27Q042,P.S./M.S 042 R. Vernam,11,18,0.81,Proficient,0.093,No Data,3,No Data,No Data,No Data,88%,0.484,0.52,308,1,0.86,0.345,48,6,0.511,K-8,No Data,1,No Data,0.94,Proficient,Proficient,48,0.503,Proficient,No Data,16,No Data,177,406,0.036,48,0.529,0.222,No Data,8.9,48
18K219,P.S. 219 Kennedy-King,10,No Data,0.76,Proficient,0,No Data,No Data,No Data,16,No Data,23%,0.366,0.45,189,No Data,0.93,No Data,No Data,No Data,0.529,Elementary,12,No Data,0.591,0.94,Proficient,Proficient,No Data,0.619,Proficient,No Data,2,19,82,291,0.135,No Data,0.651,No Data,No Data,18.5,No Data
25Q214,P.S. 214 Cadwallader Colden,7,No Data,No Data,Well Developed,0.188,No Data,No Data,No Data,18,No Data,0%,0.091,0.13,193,No Data,0.95,No Data,No Data,No Data,0.488,Elementary,4,No Data,0.897,0.93,Well Developed,Well Developed,No Data,0.896,Proficient,No Data,248,78,55,28,0.226,No Data,0.921,No Data,No Data,10.4,No Data
24Q071,P.S. 071 Forest,211,No Data,0.96,No Data,No Data,0.7,No Data,0.744,40,No Data,52%,0.285,0.41,328,No Data,0.94,No Data,No Data,No Data,0.523,Elementary,26,No Data,0.86,0.95,Well Developed,Well Developed,No Data,0.698,Well Developed,No Data,24,58,102,6,0.185,No Data,0.734,No Data,0.867,6.9,No Data
18K272,P.S. 272 Curtis Estabrook,17,No Data,No Data,Proficient,No Data,No Data,No Data,0.471,23,No Data,2%,0.467,0.33,214,No Data,0.94,No Data,No Data,No Data,0.509,Elementary,21,No Data,No Data,0.94,Proficient,Proficient,No Data,0.481,Proficient,No Data,4,13,129,306,0.064,No Data,0.588,No Data,No Data,14.4,No Data
20K205,P.S. 205 Clarion,226,No Data,0.81,Well Developed,0.083,No Data,No Data,0.788,37,No Data,55%,0.137,0.22,618,No Data,0.95,No Data,No Data,No Data,0.485,Elementary,16,No Data,0.967,0.96,Proficient,Proficient,No Data,0.885,Proficient,No Data,742,106,199,23,0.19,No Data,0.841,No Data,No Data,2.1,No Data
01M332,University Neighborhood Middle School,21,18,No Data,Proficient,0.2,No Data,12,0.81,No Data,No Data,,0.27,0.16,138,0.714,No Data,0.154,70,8,0.624,Middle,No Data,0.881,No Data,No Data,Proficient,Proficient,70,0.717,Proficient,No Data,15,No Data,85,44,0.05,47,0.75,0.056,No Data,11.8,70
21K098,I.S. 98 Bay Academy,885,42,0.9,No Data,No Data,No Data,416,0.928,No Data,1,92%,0.066,0.48,756,0.455,0.95,No Data,505,342,0.47,Middle,No Data,1,No Data,0.89,Well Developed,Well Developed,505,0.93,Well Developed,0.94,457,No Data,151,40,0.009,205,0.938,0.667,No Data,10.9,505
10X023,P.S. 023 The New Children's School,4,No Data,0.75,Proficient,0,No Data,No Data,No Data,34,No Data,62%,0.359,0.34,207,No Data,0.96,No Data,No Data,No Data,0.518,Elementary,29,No Data,0.5,0.98,Proficient,Proficient,No Data,0.662,Proficient,No Data,4,19,99,127,0.223,No Data,0.62,No Data,No Data,10.9,No Data
19K159,P.S. 159 Isaac Pitkin,11,No Data,0.91,Well Developed,0.093,0.706,No Data,No Data,40,No Data,93%,0.333,0.65,384,No Data,0.97,No Data,No Data,No Data,0.507,Elementary,44,No Data,0.667,0.95,Well Developed,Well Developed,No Data,0.672,Proficient,No Data,328,43,100,208,0.152,No Data,0.661,No Data,No Data,14.1,No Data
06M132,P.S. 132 Juan Pablo Duarte,5,No Data,0.71,Proficient,No Data,No Data,No Data,No Data,13,No Data,72%,0.181,0.24,116,No Data,0.88,No Data,No Data,No Data,0.537,Elementary,23,No Data,No Data,0.97,Proficient,Proficient,No Data,0.853,Proficient,No Data,No Data,14,49,7,0.439,No Data,0.78,No Data,No Data,0.9,No Data
23K392,I.S. 392,6,17,0.96,No Data,0,No Data,48,No Data,No Data,0.658,87%,0.172,0.5,142,0.962,0.98,No Data,104,44,0.436,Middle,No Data,1,No Data,0.94,Proficient,Well Developed,104,0.824,Proficient,0.771,6,No Data,60,252,0.009,100,0.832,0.471,No Data,7.2,104
09X073,P.S. 073 Bronx,6,No Data,No Data,Proficient,No Data,No Data,No Data,No Data,38,No Data,0%,0.429,0.48,284,No Data,0.94,No Data,No Data,No Data,0.538,Elementary,58,No Data,No Data,0.93,Developing,Proficient,No Data,0.56,Proficient,No Data,No Data,15,95,144,0.253,No Data,0.583,No Data,No Data,7.9,No Data
21K226,P.S. 226 Alfred De B. Mason,371,24,No Data,Well Developed,No Data,No Data,56,0.765,No Data,0.972,0%,0.175,0.18,522,0.462,0.98,No Data,130,34,0.527,K-8,No Data,1,No Data,0.95,Well Developed,Well Developed,130,0.841,Proficient,0.821,288,No Data,162,16,0.279,60,0.806,0.5,No Data,4.1,130
18K244,P.S. 244 Richard R. Green,7,No Data,0.77,Proficient,No Data,No Data,No Data,No Data,15,No Data,56%,0.23,0.36,233,No Data,0.76,No Data,No Data,No Data,0.585,Elementary,19,No Data,0.73,0.94,Proficient,Proficient,No Data,0.794,Proficient,No Data,7,41,88,354,0.038,No Data,0.737,No Data,No Data,6.9,No Data
12X212,P.S. 212,2,No Data,0.97,Developing,No Data,No Data,No Data,No Data,12,No Data,38%,0.368,0.1,69,No Data,0.76,No Data,No Data,No Data,0.452,Elementary,12,No Data,No Data,0.92,Developing,Developing,No Data,0.652,Developing,No Data,No Data,4,21,43,0.253,No Data,0.614,No Data,No Data,0.5,No Data
06M210,P.S./I.S. 210 - Twenty-first Century Academy for C,No Data,14,0.79,No Data,0,No Data,26,No Data,No Data,1,90%,0.245,0.2,209,1,0.92,No Data,48,10,0.499,K-8,No Data,1,No Data,0.95,Well Developed,Well Developed,48,0.746,Proficient,0.346,No Data,No Data,91,5,0.351,48,0.763,No Data,No Data,16.1,48
11X097,P.S. 097 Bronx,81,No Data,0.84,Well Developed,No Data,No Data,No Data,0.877,33,No Data,33%,0.184,0.25,291,No Data,0.83,No Data,No Data,No Data,0.49,Elementary,16,No Data,0.628,0.95,Well Developed,Well Developed,No Data,0.804,Well Developed,No Data,106,48,111,164,0.078,No Data,0.828,No Data,No Data,13.9,No Data
09X311,Lucero Elementary School,1,No Data,0.86,Well Developed,No Data,No Data,No Data,No Data,26,No Data,80%,0.268,0.24,202,No Data,0.9,No Data,No Data,No Data,0.513,Elementary,16,No Data,0.667,0.95,Proficient,Well Developed,No Data,0.743,Proficient,No Data,No Data,23,70,33,0.401,No Data,0.72,No Data,No Data,7.1,No Data
29Q259,Pathways College Preparatory School: A College Boa,4,18,0.7,Well Developed,No Data,No Data,20,No Data,No Data,0.987,27%,0.085,0.79,118,1,0.9,0.5,74,18,0.48,Middle,No Data,0.992,No Data,0.9,Proficient,Well Developed,74,0.924,Well Developed,0.6,15,No Data,38,206,0.02,73,0.908,0.167,No Data,3.9,74
18K114,P.S. 114 Ryder Elementary,21,No Data,0.73,Proficient,No Data,No Data,No Data,0.524,23,No Data,33%,0.336,0.33,227,No Data,0.82,No Data,No Data,No Data,0.48,Elementary,13,No Data,0.65,0.94,Proficient,Well Developed,No Data,0.639,Proficient,No Data,15,26,85,368,0.139,No Data,0.687,No Data,No Data,1,No Data
13K011,P.S. 011 Purvis J. Behan,124,No Data,0.95,Well Developed,0.111,No Data,No Data,0.927,12,No Data,20%,0.126,0.31,445,No Data,0.83,No Data,No Data,No Data,0.494,Elementary,3,No Data,0.76,0.98,Proficient,Well Developed,No Data,0.881,Well Developed,No Data,20,99,64,541,0.021,No Data,0.868,No Data,No Data,5,No Data
23K327,P.S. 327 Dr. Rose B. English,5,No Data,0.86,Proficient,No Data,No Data,No Data,No Data,12,No Data,69%,0.41,0.31,98,No Data,0.92,No Data,No Data,No Data,0.444,Elementary,28,No Data,No Data,1,Proficient,Proficient,No Data,0.622,Proficient,No Data,4,5,55,145,0.088,No Data,0.565,No Data,No Data,3,No Data
13K691,Fort Greene Preparatory Academy,3,8,0.83,Proficient,0,No Data,14,No Data,No Data,0.865,70%,0.358,0.95,115,0.431,0.89,0.103,72,14,0.536,Middle,No Data,0.875,No Data,0.93,Proficient,Proficient,72,0.661,Proficient,No Data,7,No Data,63,154,0.057,15,0.621,No Data,No Data,10,72
02M002,P.S. 002 Meyer London,8,No Data,0.84,Proficient,0.455,No Data,No Data,No Data,16,No Data,54%,0.131,0.37,231,No Data,0.97,No Data,No Data,No Data,0.532,Elementary,9,No Data,0.838,0.97,Proficient,Proficient,No Data,0.883,Proficient,No Data,309,59,90,45,0.342,No Data,0.852,No Data,No Data,4.1,No Data
15K418,The Children's School,163,No Data,0.8,Well Developed,No Data,No Data,No Data,0.902,2,No Data,85%,0.092,0.88,120,No Data,0.87,No Data,No Data,No Data,0.437,Elementary,No Data,No Data,0.895,0.97,Well Developed,Well Developed,No Data,0.908,Proficient,No Data,35,20,8,10,0.011,No Data,0.908,No Data,No Data,No Data,No Data
15K321,P.S. 321 William Penn,1030,No Data,0.94,No Data,No Data,No Data,No Data,0.94,13,No Data,43%,0.069,0.15,689,No Data,0.99,No Data,No Data,No Data,0.495,Elementary,1,No Data,0.939,0.97,Well Developed,Well Developed,No Data,0.936,Well Developed,No Data,99,84,143,37,0.018,No Data,0.926,No Data,No Data,21.1,No Data
19K273,P.S. 273 Wortman,3,No Data,No Data,Proficient,0,No Data,No Data,No Data,23,No Data,0%,0.4,0.36,148,No Data,0.95,No Data,No Data,No Data,0.496,Elementary,14,No Data,No Data,0.96,Proficient,Proficient,No Data,0.628,Proficient,No Data,1,18,58,215,0.036,No Data,0.571,No Data,No Data,14.9,No Data
10X008,P.S. 008 Isaac Varian,54,No Data,0.79,Well Developed,No Data,No Data,No Data,0.778,56,No Data,78%,0.298,0.24,462,No Data,0.92,No Data,No Data,No Data,0.502,Elementary,52,No Data,0.756,0.97,Proficient,Proficient,No Data,0.677,Proficient,No Data,62,58,169,78,0.226,No Data,0.727,No Data,No Data,4.8,No Data
22K206,P.S. 206 Joseph F Lamb,617,21,0.85,Well Developed,0.093,No Data,78,0.806,No Data,1,97%,0.135,0.46,762,1,0.88,0.313,133,56,0.492,K-8,No Data,1,No Data,0.93,Well Developed,Well Developed,133,0.861,Proficient,0.692,719,No Data,162,26,0.242,103,0.868,0.19,No Data,5.1,133
17K138,P.S. 138 Brooklyn,25,16,0.81,No Data,No Data,No Data,22,0.56,No Data,0.995,65%,0.307,0.37,256,0.613,0.95,0.65,62,19,0.497,K-8,No Data,1,No Data,0.98,Well Developed,Well Developed,62,0.703,Proficient,0.818,9,No Data,103,419,0.053,33,0.683,0.25,No Data,19.6,62
11X556,Bronx Park Middle School,52,32,0.74,Well Developed,No Data,No Data,33,0.788,No Data,0.967,0%,0.265,0.27,222,1,0.85,0.512,123,24,0.529,Middle,No Data,0.911,No Data,0.83,Proficient,Well Developed,123,0.757,Well Developed,0.576,22,No Data,79,77,0.216,123,0.711,0.188,No Data,3.1,123
10X391,The Angelo Patri Middle School,5,22,0.7,Proficient,No Data,No Data,13,No Data,No Data,0.986,88%,0.259,0.39,254,0.157,0.86,0.229,166,8,0.518,Middle,No Data,0.941,No Data,0.92,Proficient,Proficient,166,0.748,Proficient,No Data,6,No Data,120,109,0.31,17,0.734,0.136,No Data,1.2,166
16K309,P.S. 309 The George E. Wibecan Preparatory Academy,4,No Data,0.72,Well Developed,No Data,No Data,No Data,No Data,7,No Data,85%,0.418,0.22,97,No Data,0.87,No Data,No Data,No Data,0.567,Elementary,4,No Data,No Data,0.97,Proficient,Well Developed,No Data,0.546,Proficient,No Data,1,9,37,108,0.043,No Data,0.63,No Data,No Data,3.9,No Data
27Q155,P.S. 155,8,No Data,0.84,Proficient,No Data,0.895,No Data,No Data,30,No Data,55%,0.156,0.15,254,No Data,0.98,No Data,No Data,No Data,0.516,Elementary,4,No Data,0.738,0.97,Proficient,Proficient,No Data,0.831,Well Developed,No Data,148,38,62,98,0.058,No Data,0.858,No Data,No Data,7.9,No Data
09X126,P.S. 126 Dr Marjorie H Dunbar,11,No Data,No Data,Proficient,No Data,No Data,No Data,No Data,14,No Data,2%,0.331,0.32,269,No Data,0.94,No Data,No Data,No Data,0.488,Elementary,34,No Data,0.273,0.92,Proficient,Proficient,No Data,0.677,Proficient,No Data,4,31,78,108,0.344,No Data,0.661,No Data,No Data,0.5,No Data
27Q254,P.S. 254 - The Rosa Parks School,50,No Data,0.82,Well Developed,No Data,No Data,No Data,0.94,31,No Data,93%,0.184,0.24,298,No Data,0.89,No Data,No Data,No Data,0.525,Elementary,5,No Data,0.69,0.96,Well Developed,Well Developed,No Data,0.802,Proficient,No Data,61,49,82,18,0.201,No Data,0.832,No Data,No Data,3.9,No Data
02M059,P.S. 059 Beekman Hill International,366,No Data,No Data,Well Developed,No Data,No Data,No Data,0.91,10,No Data,7%,0.1,0.13,304,No Data,0.95,No Data,No Data,No Data,0.477,Elementary,2,No Data,1,0.98,Well Developed,Well Developed,No Data,0.888,Well Developed,No Data,141,37,60,12,0.065,No Data,0.91,No Data,No Data,13.1,No Data
16K057,Whitelaw Reid Academy of Arts and Business,5,14,0.75,Proficient,No Data,No Data,14,No Data,No Data,No Data,100%,0.391,0.81,59,0.852,0.8,0.368,54,14,0.462,Middle,No Data,0.912,No Data,0.95,Proficient,Proficient,54,0.559,Proficient,No Data,1,No Data,43,84,0.092,45,0.652,No Data,No Data,3.2,54
24Q087,P.S./I.S. 087 Middle Village,181,14,0.92,Well Developed,No Data,No Data,33,0.829,No Data,1,62%,0.221,0.23,294,0,0.96,No Data,54,33,0.536,K-8,No Data,1,No Data,0.97,Proficient,Well Developed,54,0.765,Well Developed,0.455,30,No Data,114,9,0.085,No Data,0.795,No Data,No Data,15.4,54
15K169,P.S. 169 Sunset Park,42,No Data,0.66,Well Developed,0.248,No Data,No Data,0.857,76,No Data,68%,0.106,0.19,658,No Data,0.84,No Data,No Data,No Data,0.504,Elementary,48,No Data,0.779,0.94,Well Developed,Well Developed,No Data,0.891,Proficient,No Data,806,73,190,4,0.454,No Data,0.897,No Data,No Data,6.2,No Data
15K230,P.S. 230 Doris L. Cohen,163,No Data,0.87,Well Developed,0.084,No Data,No Data,0.84,48,No Data,29%,0.215,0.15,521,No Data,0.98,No Data,No Data,No Data,0.518,Elementary,32,No Data,0.771,0.97,Well Developed,Well Developed,No Data,0.787,Well Developed,No Data,449,102,160,25,0.236,No Data,0.783,No Data,No Data,5.9,No Data
28Q080,PS 80  The Thurgood Marshall Magnet School of Mult,12,No Data,0.74,Proficient,No Data,No Data,No Data,No Data,26,No Data,32%,0.231,0.31,218,No Data,0.86,No Data,No Data,No Data,0.476,Elementary,21,No Data,0.472,0.94,Proficient,Well Developed,No Data,0.757,Proficient,No Data,11,35,93,362,0.034,No Data,0.78,No Data,No Data,8,No Data
06M189,P.S. 189,20,No Data,0.83,Proficient,No Data,No Data,No Data,0.9,38,No Data,84%,0.268,0.24,299,No Data,0.92,No Data,No Data,No Data,0.499,Elementary,32,No Data,0.579,0.97,Proficient,Proficient,No Data,0.756,Proficient,No Data,5,44,106,11,0.257,No Data,0.709,No Data,No Data,5.1,No Data
13K527,Urban Assembly Institute of Math and Science for Y,16,16,0.7,Proficient,No Data,No Data,18,0.875,No Data,0.989,8%,0.221,0.48,1,1,0.91,0.375,71,22,0.005,Middle,No Data,0.989,No Data,0.89,Developing,Developing,71,No Data,Developing,0.667,16,No Data,33,121,0.043,No Data,0.778,0.375,No Data,9.9,71
23K041,P.S. 041 Francis White,7,9,0.75,Proficient,No Data,No Data,9,No Data,No Data,0.858,42%,0.452,0.31,196,0.341,0.8,0.342,44,3,0.56,K-8,No Data,0.945,No Data,0.93,Proficient,Proficient,44,0.566,Proficient,No Data,1,No Data,89,208,0.057,15,0.526,No Data,No Data,2.9,44
20K220,J.H.S. 220 John J. Pershing,71,95,0.72,Proficient,0.146,No Data,218,0.901,No Data,0.998,86%,0.1,0.21,815,0.23,0.84,0.639,496,95,0.539,Middle,No Data,0.999,No Data,0.86,Proficient,Proficient,496,0.89,Proficient,0.927,741,No Data,252,11,0.278,112,0.913,0.589,0.75,2.9,496
20K069,P.S. 69 Vincent D. Grippo School,36,No Data,0.78,Well Developed,0.246,No Data,No Data,0.944,34,No Data,55%,0.048,0.33,409,No Data,0.99,No Data,No Data,No Data,0.519,Elementary,5,No Data,0.875,0.97,Well Developed,Well Developed,No Data,0.954,Well Developed,No Data,708,71,72,5,0.44,No Data,0.95,No Data,No Data,14,No Data
29Q176,P.S. 176 Cambria Heights,7,No Data,0.65,No Data,0,0.87,No Data,No Data,21,No Data,82%,0.126,0.27,334,No Data,0.75,No Data,No Data,No Data,0.483,Elementary,10,No Data,0.761,0.92,Proficient,Proficient,No Data,0.859,Proficient,No Data,28,77,78,523,0.006,No Data,0.888,No Data,No Data,1.9,No Data
04M372,Esperanza Preparatory Academy,4,11,0.74,Proficient,No Data,No Data,19,No Data,No Data,1,96%,0.291,0.52,103,0.972,0.9,0.655,71,7,0.472,Middle,No Data,1,No Data,0.93,Proficient,Proficient,71,0.709,Proficient,0.368,4,No Data,67,42,0.25,66,0.708,No Data,No Data,4,71
03M075,P.S. 075 Emily Dickinson,103,No Data,0.76,Proficient,No Data,No Data,No Data,0.922,31,No Data,85%,0.244,0.2,295,No Data,0.9,No Data,No Data,No Data,0.535,Elementary,18,No Data,0.773,0.97,Proficient,Proficient,No Data,0.766,Well Developed,No Data,11,40,165,106,0.131,No Data,0.745,No Data,No Data,1.7,No Data
10X015,P.S. X015 Institute for Environmental Learning,No Data,17,0.71,Well Developed,0,No Data,21,No Data,No Data,1,48%,0.151,0.11,220,0,0.8,No Data,56,12,0.447,K-8,No Data,1,No Data,0.96,Proficient,Proficient,56,0.832,Proficient,0.857,6,No Data,97,56,0.175,No Data,0.863,0.353,No Data,0.9,56
27Q282,Knowledge and Power Preparatory Academy VI,7,23,0.76,Well Developed,No Data,No Data,30,No Data,No Data,1,65%,0.061,0.64,129,1,0.82,0.75,88,24,0.462,Middle,No Data,1,No Data,0.94,Well Developed,Well Developed,88,0.938,Well Developed,0.7,1,No Data,50,107,0.065,88,0.94,0.565,No Data,9.9,88
19K190,P.S. 190 Sheffield,9,No Data,0.85,Proficient,No Data,No Data,No Data,No Data,11,No Data,63%,0.491,0.32,77,No Data,0.95,No Data,No Data,No Data,0.446,Elementary,3,No Data,No Data,1,Proficient,Proficient,No Data,0.545,Proficient,No Data,5,9,28,119,0.066,No Data,0.479,No Data,No Data,15.1,No Data
18K276,P.S. 276 Louis Marshall,32,No Data,0.79,Proficient,No Data,No Data,No Data,0.656,35,No Data,54%,0.246,0.35,278,No Data,0.91,No Data,No Data,No Data,0.533,Elementary,19,No Data,0.414,0.94,Developing,Proficient,No Data,0.737,Proficient,No Data,19,26,85,443,0.186,No Data,0.773,No Data,No Data,9.7,No Data
13K133,P.S. 133 William A. Butler,190,No Data,0.86,Well Developed,No Data,No Data,No Data,0.889,21,No Data,72%,0.222,0.32,337,No Data,0.93,No Data,No Data,No Data,0.496,Elementary,8,No Data,0.791,0.96,Well Developed,Well Developed,No Data,0.777,Proficient,No Data,25,70,81,176,0.064,No Data,0.779,No Data,No Data,13.4,No Data
02M896,Lower Manhattan Community Middle School,109,18,0.92,No Data,0.194,No Data,73,0.945,No Data,0.995,63%,0.058,0.1,185,1,0.99,No Data,121,54,0.484,Middle,No Data,0.997,No Data,0.96,Well Developed,Well Developed,121,0.951,Well Developed,0.726,167,No Data,109,32,0.045,26,0.934,0.222,No Data,0.7,121
02M413,School of the Future High School,109,13,0.78,Well Developed,No Data,No Data,55,0.954,No Data,0.996,66%,0.056,0.14,155,0.979,0.86,No Data,94,50,0.548,Middle,No Data,0.996,No Data,0.89,Well Developed,Well Developed,94,0.923,Proficient,0.745,60,No Data,59,33,0.028,No Data,0.969,No Data,No Data,12.9,94
11X498,P.S./M.S. 11X498 - Van Nest Academy,129,25,0.96,Well Developed,0,No Data,40,0.93,No Data,0.996,30%,0.118,0.12,344,0.241,0.9,0.692,87,26,0.52,K-8,No Data,1,No Data,0.96,Well Developed,Well Developed,87,0.881,Well Developed,0.975,54,No Data,123,60,0.081,21,0.883,0.48,No Data,10.1,87
14K031,P.S. 031 Samuel F. Dupont,223,No Data,0.91,Well Developed,No Data,No Data,No Data,0.924,11,No Data,56%,0.115,0.28,290,No Data,0.91,No Data,No Data,No Data,0.534,Elementary,3,No Data,0.932,0.97,Well Developed,Well Developed,No Data,0.9,Well Developed,No Data,40,47,67,37,0.079,No Data,0.869,No Data,No Data,19.9,No Data
04M610,Young Women's Leadership School,3,16,0.89,Well Developed,No Data,No Data,22,No Data,No Data,1,91%,0.118,0.48,No Data,1,0.9,No Data,56,24,0.0,Middle,No Data,1,No Data,0.86,Well Developed,Well Developed,56,No Data,Proficient,0.909,11,No Data,27,46,0.007,56,0.882,0.563,No Data,1.9,56
24Q014,P.S. 014 Fairview,23,No Data,0.67,Well Developed,0.073,No Data,No Data,0.696,100,No Data,49%,0.158,0.21,696,No Data,0.84,No Data,No Data,No Data,0.483,Elementary,107,No Data,0.487,0.91,Proficient,Well Developed,No Data,0.838,Proficient,No Data,66,96,239,27,0.377,No Data,0.847,No Data,No Data,5.9,No Data
28Q140,P.S. 140 Edward K Ellington,8,No Data,No Data,Proficient,No Data,No Data,No Data,No Data,11,No Data,0%,0.287,0.2,224,No Data,0.92,No Data,No Data,No Data,0.53,Elementary,8,No Data,0.667,0.91,Proficient,Proficient,No Data,0.688,Proficient,No Data,29,18,75,291,0.058,No Data,0.741,No Data,No Data,1.3,No Data
02M130,P.S. 130 Hernando De Soto,20,No Data,0.84,Well Developed,0.6,No Data,No Data,0.95,15,No Data,85%,0.064,0.27,403,No Data,0.96,No Data,No Data,No Data,0.526,Elementary,5,No Data,0.89,0.97,Well Developed,Well Developed,No Data,0.955,Well Developed,No Data,669,149,104,4,0.167,No Data,0.914,No Data,No Data,6,No Data
15K154,The Windsor Terrace School,355,No Data,0.8,Well Developed,No Data,No Data,No Data,0.927,8,No Data,78%,0.076,0.22,274,No Data,0.94,No Data,No Data,No Data,0.509,Elementary,4,No Data,0.696,0.97,Proficient,Well Developed,No Data,0.92,Well Developed,No Data,42,57,78,20,0.036,No Data,0.927,No Data,No Data,2.1,No Data
02M933,City Knoll Middle School,15,15,0.64,Developing,0,No Data,16,0.4,No Data,0.993,44%,0.36,0.45,92,0,0.93,0.24,55,13,0.571,Middle,No Data,0.936,No Data,0.9,Proficient,Proficient,55,0.609,Proficient,0.813,9,No Data,49,42,0.143,No Data,0.681,0.267,No Data,2.9,55
27Q146,P.S. 146 Howard Beach,278,8,0.81,Well Developed,No Data,No Data,22,0.809,No Data,1,98%,0.206,0.18,279,1,0.89,0.944,65,22,0.5,K-8,No Data,0.99,No Data,0.96,Proficient,Well Developed,65,0.785,Well Developed,1,40,No Data,119,14,0.029,65,0.802,No Data,No Data,7,65
15K088,J.H.S. 088 Peter Rouget,207,117,0.77,Well Developed,0.056,No Data,173,0.845,No Data,1,81%,0.199,0.13,776,0.967,0.88,0.351,397,132,0.536,Middle,No Data,1,No Data,0.85,Well Developed,Well Developed,397,0.795,Well Developed,0.757,288,No Data,321,191,0.119,384,0.808,0.282,No Data,14.8,397
26Q266,P.S./I.S. 266,66,7,0.7,Proficient,0,No Data,42,0.848,No Data,0.979,24%,0.102,0.27,321,0.987,0.85,No Data,75,35,0.528,K-8,No Data,0.991,No Data,0.94,Developing,Well Developed,75,0.888,Proficient,1,202,No Data,130,153,0.028,72,0.909,No Data,No Data,2.9,75
03M087,P.S. 087 William Sherman,566,No Data,0.85,Well Developed,No Data,No Data,No Data,0.931,17,No Data,42%,0.095,0.18,404,No Data,0.88,No Data,No Data,No Data,0.467,Elementary,7,No Data,0.892,0.97,Well Developed,Well Developed,No Data,0.899,Well Developed,No Data,54,95,121,24,0.03,No Data,0.912,No Data,No Data,10.9,No Data
22K240,Andries Hudde,53,54,0.66,Developing,No Data,No Data,61,0.811,No Data,0.951,88%,0.213,0.31,381,0.242,0.76,0.408,223,54,0.547,Middle,No Data,0.981,No Data,0.86,Proficient,Developing,223,0.787,Developing,0.77,107,No Data,170,399,0.152,52,0.785,0.333,No Data,1,223
29Q295,P.S./I.S. 295,13,14,0.75,Well Developed,No Data,0.867,27,No Data,No Data,0.945,88%,0.194,0.16,279,0.948,0.83,No Data,58,22,0.525,K-8,No Data,0.978,No Data,0.91,Proficient,Proficient,58,0.789,Proficient,0.889,146,No Data,79,139,0.085,54,0.824,No Data,No Data,8.9,58
03M245,M.S. M245 The Computer School,179,14,0.87,Well Developed,No Data,No Data,90,0.978,No Data,0.99,37%,0.047,0.11,198,0.977,0.95,No Data,130,76,0.486,Middle,No Data,1,No Data,0.95,Well Developed,Well Developed,130,0.944,Well Developed,0.889,27,No Data,84,55,0.012,80,0.962,No Data,No Data,14.9,130
02M407,Institute for Collaborative Education,91,No Data,No Data,Well Developed,No Data,No Data,1,0.945,No Data,1,0%,0.08,0.09,96,1,0.96,No Data,76,1,0.455,Middle,No Data,1,No Data,0.95,Well Developed,Well Developed,76,0.917,Well Developed,No Data,15,No Data,34,50,0.0,76,0.923,No Data,No Data,8.5,76
03M415,Wadleigh Secondary School for the Performing & Vis,No Data,4,0.79,Developing,No Data,No Data,4,No Data,No Data,1,84%,0.389,0.33,33,0.971,0.81,No Data,34,7,0.368,Middle,No Data,1,No Data,0.85,Developing,Developing,34,0.727,Developing,No Data,1,No Data,21,40,0.057,33,0.544,No Data,No Data,2,34
04M375,Mosaic Preparatory Academy,5,No Data,0.65,Well Developed,No Data,No Data,No Data,No Data,22,No Data,71%,0.502,0.29,122,No Data,0.84,No Data,No Data,No Data,0.509,Elementary,13,No Data,No Data,0.94,Well Developed,Well Developed,No Data,0.5,Proficient,No Data,2,17,70,97,0.094,No Data,0.491,No Data,No Data,12.1,No Data
11X144,J.H.S. 144 Michelangelo,16,35,0.86,Proficient,No Data,No Data,34,0.438,No Data,1,95%,0.321,0.13,245,0.196,0.94,0.153,168,32,0.528,Middle,No Data,1,No Data,0.92,Well Developed,Well Developed,168,0.669,Proficient,0.706,23,No Data,115,263,0.098,33,0.689,0.4,No Data,5,168
22K251,P.S. 251 Paerdegat,25,No Data,0.67,Proficient,No Data,No Data,No Data,0.4,34,No Data,100%,0.313,0.18,198,No Data,0.8,No Data,No Data,No Data,0.495,Elementary,28,No Data,0.423,0.95,Proficient,Proficient,No Data,0.692,Proficient,No Data,11,25,72,296,0.065,No Data,0.683,No Data,No Data,5.1,No Data
26Q205,P.S. 205 Alexander Graham Bell,69,No Data,0.91,Well Developed,No Data,No Data,No Data,0.957,3,No Data,100%,0.091,0.24,141,No Data,0.97,No Data,No Data,No Data,0.513,Elementary,No Data,No Data,0.971,0.97,Proficient,Proficient,No Data,0.922,Proficient,No Data,125,35,34,10,0.063,No Data,0.896,No Data,No Data,12,No Data
29Q238,I.S. 238 - Susan B. Anthony Academy,19,95,0.73,Proficient,0.105,0.757,133,0.895,No Data,0.917,55%,0.185,0.48,649,0.911,0.86,0.604,427,99,0.506,Middle,No Data,0.897,No Data,0.87,Proficient,Well Developed,427,0.797,Proficient,0.729,381,No Data,185,417,0.173,357,0.835,0.379,No Data,8.7,427
23K644,Eagle Academy for Young Men II,1,23,0.98,Well Developed,No Data,No Data,23,No Data,No Data,0.974,55%,0.16,0.29,281,0.989,0.94,0.75,95,15,1.0,Middle,No Data,0.97,No Data,0.92,Well Developed,Well Developed,95,0.84,Well Developed,0.87,No Data,No Data,93,244,0.0,91,No Data,0.696,No Data,12.1,95
28Q182,P.S. 182 Samantha Smith,13,No Data,0.76,Proficient,0,No Data,No Data,No Data,56,No Data,75%,0.214,0.87,348,No Data,0.9,No Data,No Data,No Data,0.508,Elementary,36,No Data,0.659,0.97,Proficient,Well Developed,No Data,0.79,Well Developed,No Data,186,39,111,75,0.386,No Data,0.782,No Data,No Data,12.6,No Data
02M089,P.S. 89,253,No Data,0.87,Well Developed,0.172,No Data,No Data,0.941,7,No Data,47%,0.075,0.06,220,No Data,0.95,No Data,No Data,No Data,0.519,Elementary,2,No Data,0.961,0.97,Well Developed,Well Developed,No Data,0.941,Well Developed,No Data,80,55,49,4,0.081,No Data,0.907,No Data,No Data,21.9,No Data
21K303,I.S. 303 Herbert S. Eisenberg,160,31,0.75,Proficient,0.143,No Data,68,0.8,No Data,0.985,92%,0.229,0.57,292,0.328,0.85,0.231,177,39,0.476,Middle,No Data,0.956,No Data,0.87,Proficient,Proficient,177,0.771,Proficient,0.529,122,No Data,86,84,0.161,58,0.772,0.194,No Data,8.6,177
09X313,I.S. 313 School of Leadership Development,2,15,0.79,Proficient,No Data,No Data,11,No Data,No Data,0.996,45%,0.3,0.15,170,0,0.89,0.378,93,10,0.612,Middle,No Data,0.996,No Data,0.92,Proficient,Proficient,93,0.671,Proficient,No Data,2,No Data,65,72,0.347,No Data,0.745,0.2,No Data,6,93
25Q499,"The Queens College School for Math, Science and Te",32,6,0.82,Well Developed,0.241,No Data,44,0.969,No Data,0.994,87%,0.034,0.3,235,1,0.89,No Data,56,38,0.463,K-8,No Data,0.994,No Data,0.94,Well Developed,Well Developed,56,0.979,Well Developed,0.909,265,No Data,37,101,0.024,56,0.956,No Data,No Data,5.1,56
15K261,P.S. 261 Philip Livingston,360,No Data,0.82,Well Developed,No Data,No Data,No Data,0.917,6,No Data,88%,0.17,0.3,405,No Data,0.98,No Data,No Data,No Data,0.529,Elementary,1,No Data,0.625,0.97,Well Developed,Well Developed,No Data,0.84,Proficient,No Data,41,31,127,149,0.047,No Data,0.82,No Data,No Data,0.9,No Data
02M297,M.S. 297,449,No Data,0.72,Well Developed,No Data,No Data,No Data,0.869,No Data,0.996,34%,0.174,0.25,410,0.995,0.88,No Data,215,No Data,0.472,Middle,No Data,0.998,No Data,0.89,Proficient,Well Developed,215,0.807,Proficient,No Data,69,No Data,173,84,0.03,214,0.843,No Data,No Data,3.1,215
08X048,P.S. 048 Joseph R. Drake,5,No Data,0.51,Proficient,No Data,No Data,No Data,No Data,38,No Data,41%,0.362,0.21,335,No Data,0.77,No Data,No Data,No Data,0.545,Elementary,34,No Data,0.75,0.87,Proficient,Proficient,No Data,0.627,Proficient,No Data,2,22,148,145,0.258,No Data,0.652,No Data,No Data,1.9,No Data
27Q309,Academy of Medical Technology: A College Board Sch,11,17,No Data,Proficient,0.106,No Data,9,No Data,No Data,1,,0.319,0.72,144,0.792,No Data,0.25,77,13,0.556,Middle,No Data,1,No Data,No Data,Proficient,Well Developed,77,0.674,Proficient,No Data,7,No Data,46,111,0.125,24,0.69,0.176,No Data,4.7,77
18K588,Middle School for Art and Philosophy,3,14,0.76,Well Developed,0,No Data,5,No Data,No Data,No Data,85%,0.238,0.21,79,0.286,0.9,0.432,56,12,0.442,Middle,No Data,1,No Data,0.96,Proficient,Proficient,56,0.722,Proficient,No Data,No Data,No Data,53,152,0.067,No Data,0.796,No Data,No Data,2,56
24Q091,P.S. 091 Richard Arkwright,296,No Data,0.81,Proficient,No Data,No Data,No Data,0.777,26,No Data,81%,0.244,0.39,351,No Data,0.94,No Data,No Data,No Data,0.499,Elementary,19,No Data,0.617,0.96,Proficient,Proficient,No Data,0.732,Proficient,No Data,20,41,120,20,0.117,No Data,0.78,No Data,No Data,3.6,No Data
17K181,P.S. 181 Brooklyn,16,21,0.67,Proficient,No Data,No Data,13,0.563,No Data,0.996,69%,0.237,0.36,319,0.225,0.88,0.323,71,10,0.528,K-8,No Data,0.987,No Data,0.95,Proficient,Proficient,71,0.746,Developing,No Data,9,No Data,110,499,0.15,9,0.783,0.524,No Data,5,71
29Q138,P.S./M.S. 138 Sunrise,19,24,0.75,Well Developed,No Data,No Data,22,0.842,No Data,1,85%,0.219,0.53,317,0.941,0.88,0.319,101,29,0.503,K-8,No Data,1,No Data,0.94,Proficient,Proficient,101,0.817,Proficient,0.545,25,No Data,106,478,0.074,95,0.744,0.417,No Data,9.2,101
15K039,P.S. 039 Henry Bristow,331,No Data,0.94,No Data,No Data,No Data,No Data,0.931,3,No Data,64%,0.081,0.03,201,No Data,0.92,No Data,No Data,No Data,0.472,Elementary,2,No Data,0.878,0.97,Well Developed,Well Developed,No Data,0.915,Well Developed,No Data,30,46,34,15,0.017,No Data,0.923,No Data,No Data,0.9,No Data
11X529,One World Middle School at Edenwald,1,29,0.84,Well Developed,0,No Data,26,No Data,No Data,1,90%,0.198,0.4,181,1,0.94,0.535,101,21,0.547,Middle,No Data,1,No Data,0.97,Well Developed,Well Developed,101,0.801,Well Developed,0.769,9,No Data,81,196,0.046,51,0.804,0.414,No Data,9.1,101
04M072,The Lexington Academy,12,22,0.78,Well Developed,0,No Data,20,No Data,No Data,0.986,54%,0.381,0.29,295,0.393,0.83,0.229,61,18,0.524,K-8,No Data,0.833,No Data,0.89,Well Developed,Well Developed,61,0.661,Well Developed,0.3,9,No Data,133,106,0.094,24,0.574,0.136,No Data,10.5,61
18K268,P.S. 268 Emma Lazarus,8,No Data,0.79,Proficient,No Data,No Data,No Data,No Data,12,No Data,32%,0.297,0.38,163,No Data,0.95,No Data,No Data,No Data,0.537,Elementary,10,No Data,No Data,0.97,Proficient,Proficient,No Data,0.669,Proficient,No Data,2,13,50,275,0.074,No Data,0.741,No Data,No Data,0.9,No Data
20K187,The Christa McAuliffe School\I.S. 187,176,6,No Data,No Data,0.136,No Data,231,0.972,No Data,1,0%,0.029,0.11,466,0.505,0.97,No Data,315,225,0.475,Middle,No Data,0.998,No Data,0.92,Well Developed,Well Developed,315,0.972,Well Developed,0.996,708,No Data,108,16,0.035,159,0.971,No Data,No Data,15.9,315
04M171,P.S. 171 Patrick Henry,25,12,0.83,No Data,0.115,No Data,65,0.84,No Data,0.996,29%,0.242,0.19,337,0.75,0.91,No Data,92,48,0.485,K-8,No Data,0.993,No Data,0.97,Well Developed,Well Developed,92,0.76,Well Developed,0.662,57,No Data,125,171,0.031,26,0.757,No Data,No Data,18.9,92
09X219,I.S. 219 New Venture School,5,19,0.73,Proficient,0,No Data,8,No Data,No Data,0.977,70%,0.353,0.34,189,0.036,0.79,0.345,111,9,0.539,Middle,No Data,0.984,No Data,0.82,Proficient,Proficient,111,0.683,Proficient,No Data,No Data,No Data,120,130,0.224,1,0.604,0.158,No Data,0.4,111
17K091,P.S. 091 The Albany Avenue School,2,No Data,0.81,Proficient,No Data,No Data,No Data,No Data,12,No Data,95%,0.3,0.39,106,No Data,0.85,No Data,No Data,No Data,0.48,Elementary,15,No Data,No Data,0.91,Proficient,Proficient,No Data,0.689,Proficient,No Data,1,12,51,181,0.083,No Data,0.712,No Data,No Data,10.1,No Data
25Q194,J.H.S. 194 William Carr,339,58,0.76,Proficient,0.075,No Data,253,0.885,No Data,0.989,48%,0.1,0.29,700,0.447,0.84,0.323,418,192,0.538,Middle,No Data,0.97,No Data,0.86,Proficient,Proficient,418,0.886,Well Developed,0.842,593,No Data,190,13,0.091,187,0.916,0.276,No Data,7.9,418
27Q317,Waterside Children's Studio School,102,No Data,0.91,Well Developed,0,No Data,No Data,0.824,26,No Data,84%,0.224,0.13,237,No Data,0.98,No Data,No Data,No Data,0.484,Elementary,10,No Data,0.81,0.98,Well Developed,Well Developed,No Data,0.747,Proficient,No Data,21,35,87,111,0.108,No Data,0.804,No Data,No Data,11.1,No Data
04M825,Isaac Newton Middle School for Math & Science,3,15,0.87,Proficient,0,No Data,9,No Data,No Data,1,96%,0.208,0.57,145,0.986,0.96,0.667,74,6,0.509,Middle,No Data,1,No Data,0.99,Proficient,Proficient,74,0.807,Developing,No Data,15,No Data,70,60,0.085,73,0.777,0.667,No Data,4,74
26Q173,P.S. 173 Fresh Meadows,232,No Data,0.79,Well Developed,0.242,No Data,No Data,0.892,20,No Data,70%,0.087,0.4,490,No Data,0.91,No Data,No Data,No Data,0.521,Elementary,5,No Data,0.949,0.96,Well Developed,Well Developed,No Data,0.914,Well Developed,No Data,565,105,123,17,0.096,No Data,0.911,No Data,No Data,16.1,No Data
25Q079,P.S. 079 Francis Lewis,208,No Data,0.86,Well Developed,No Data,No Data,No Data,0.913,26,No Data,86%,0.104,0.34,558,No Data,0.93,No Data,No Data,No Data,0.52,Elementary,8,No Data,0.831,0.96,Proficient,Well Developed,No Data,0.896,Proficient,No Data,626,126,115,4,0.137,No Data,0.896,No Data,No Data,5.6,No Data
11X483,The Matilda Avenue School,9,No Data,0.83,Proficient,No Data,No Data,No Data,No Data,No Data,No Data,100%,0.303,0.33,116,No Data,0.96,No Data,No Data,No Data,0.521,Elementary,No Data,No Data,No Data,0.99,Proficient,Well Developed,No Data,0.724,Well Developed,No Data,8,No Data,18,108,0.052,No Data,0.667,No Data,No Data,5.1,No Data
10X344,Ampark Neighborhood,56,No Data,0.73,Proficient,No Data,No Data,No Data,0.893,12,No Data,63%,0.139,0.34,192,No Data,0.97,No Data,No Data,No Data,0.544,Elementary,3,No Data,0.659,0.96,Proficient,Proficient,No Data,0.833,Proficient,No Data,13,35,82,51,0.031,No Data,0.894,No Data,No Data,2.7,No Data
15K136,I.S. 136 Charles O. Dewey,32,35,0.77,Well Developed,No Data,No Data,39,0.781,No Data,1,83%,0.174,0.52,250,0.349,0.92,0.339,172,21,0.481,Middle,No Data,1,No Data,0.92,Proficient,Well Developed,172,0.836,Well Developed,0.462,50,No Data,124,23,0.358,60,0.816,0.143,No Data,0.9,172
16K267,"M.S. 267 Math, Science & Technology",3,19,0.87,Well Developed,No Data,No Data,24,No Data,No Data,1,100%,0.529,0.97,98,0.423,0.93,0.45,78,18,0.475,Middle,No Data,1,No Data,0.98,Well Developed,Well Developed,78,0.459,Well Developed,0.5,1,No Data,62,150,0.04,33,0.482,0.263,No Data,13.7,78
26Q115,The James J. Ambrose School,46,No Data,0.9,No Data,No Data,No Data,No Data,0.891,13,No Data,52%,0.07,0.26,376,No Data,0.96,No Data,No Data,No Data,0.515,Elementary,4,No Data,0.966,0.98,Well Developed,Well Developed,No Data,0.931,Well Developed,No Data,511,93,70,39,0.066,No Data,0.929,No Data,No Data,3.9,No Data
19K345,P.S. 345 Patrolman Robert Bolden,10,No Data,0.71,Proficient,No Data,No Data,No Data,No Data,35,No Data,56%,0.361,0.41,269,No Data,0.89,No Data,No Data,No Data,0.508,Elementary,28,No Data,0.839,0.93,Proficient,Proficient,No Data,0.61,Proficient,No Data,35,30,68,159,0.17,No Data,0.67,No Data,No Data,15.9,No Data
24Q073,I.S. 73 - The Frank Sansivieri Intermediate School,232,140,0.85,Well Developed,0.06,No Data,332,0.853,No Data,0.999,39%,0.136,0.21,1040,0.395,0.92,0.363,678,246,0.512,Middle,No Data,0.998,No Data,0.86,Well Developed,Proficient,678,0.849,Well Developed,0.828,553,No Data,390,24,0.132,224,0.88,0.3,No Data,5.9,678
25Q294,BELL Academy,115,12,0.8,Well Developed,No Data,No Data,59,0.896,No Data,0.991,74%,0.083,0.17,188,0.992,0.88,No Data,127,45,0.521,Middle,No Data,0.986,No Data,0.92,Well Developed,Well Developed,127,0.91,Well Developed,0.983,140,No Data,69,9,0.025,119,0.926,No Data,No Data,7.2,127
08X069,P.S. 069 Journey Prep School,8,No Data,0.79,Well Developed,No Data,No Data,No Data,No Data,17,No Data,67%,0.255,0.21,308,No Data,0.86,No Data,No Data,No Data,0.538,Elementary,13,No Data,0.893,0.95,Well Developed,Well Developed,No Data,0.724,Well Developed,No Data,9,67,103,95,0.148,No Data,0.769,No Data,No Data,9.9,No Data
27Q053,M.S. 053 Brian Piccolo,1,8,0.84,Proficient,No Data,No Data,8,No Data,No Data,0.962,84%,0.374,0.67,115,0.901,0.95,0.395,71,5,0.631,Middle,No Data,0.987,No Data,0.91,Proficient,Proficient,71,0.661,Proficient,No Data,1,No Data,63,94,0.161,64,0.569,No Data,No Data,0.9,71
07X551,The Urban Assembly Bronx Academy of Letters,7,18,0.78,Well Developed,0.088,No Data,16,No Data,No Data,0.975,68%,0.335,0.27,142,0,0.94,0.024,82,13,0.542,Middle,No Data,0.988,No Data,0.93,Well Developed,Well Developed,82,0.662,Proficient,0.188,No Data,No Data,74,95,0.17,No Data,0.669,0,No Data,No Data,82
18K135,P.S. 135 Sheldon A. Brookner,35,No Data,0.67,Proficient,No Data,No Data,No Data,0.714,22,No Data,54%,0.239,0.31,244,No Data,0.86,No Data,No Data,No Data,0.559,Elementary,17,No Data,0.743,0.94,Developing,Proficient,No Data,0.766,Proficient,No Data,7,37,62,356,0.091,No Data,0.755,No Data,No Data,9.8,No Data
12X316,Kappa III,3,33,0.78,Proficient,No Data,No Data,34,No Data,No Data,0.991,83%,0.212,0.54,204,0.463,0.86,0.618,121,33,0.543,Middle,No Data,1,No Data,0.91,Well Developed,Well Developed,121,0.784,Proficient,0.824,8,No Data,94,95,0.094,56,0.793,0.394,No Data,4.9,121
25Q219,P.S. 219 Paul Klapper,87,20,0.79,Proficient,0.104,No Data,38,0.885,No Data,0.996,77%,0.137,0.44,332,0.849,0.87,0.688,93,25,0.54,K-8,No Data,1,No Data,0.95,Proficient,Well Developed,93,0.852,Proficient,0.947,297,No Data,163,42,0.157,75,0.875,0.6,No Data,9.9,93
03M165,P.S. 165 Robert E. Simon,86,No Data,No Data,Proficient,No Data,No Data,No Data,0.837,17,No Data,0%,0.32,0.25,199,No Data,0.94,No Data,No Data,No Data,0.491,Elementary,13,No Data,0.705,0.95,Well Developed,Proficient,No Data,0.724,Proficient,No Data,29,37,60,65,0.093,No Data,0.638,No Data,No Data,8.5,No Data
09X231,Eagle Academy for Young Men,No Data,17,0.69,Well Developed,0,No Data,20,No Data,No Data,0.99,18%,0.193,0.5,212,0.946,0.9,0.25,74,13,1.0,Middle,No Data,0.99,No Data,0.84,Proficient,Proficient,74,0.807,Proficient,0.5,1,No Data,64,104,0.044,70,No Data,0.176,No Data,4.8,74
28Q284,York Early College Academy,2,19,0.86,Well Developed,No Data,0.875,54,No Data,No Data,0.996,90%,0.094,0.24,132,0.968,0.9,0.722,95,45,0.473,Middle,No Data,0.996,No Data,0.91,Well Developed,Well Developed,95,0.902,Well Developed,0.833,50,No Data,37,147,0.004,91,0.911,0.263,0.952,4.6,95
17K246,M.S. 246 Walt Whitman,22,21,0.82,Proficient,No Data,No Data,18,0.636,No Data,1,86%,0.282,0.4,231,0.415,0.87,0.353,147,12,0.529,Middle,No Data,1,No Data,0.86,Proficient,Proficient,147,0.693,Proficient,0.833,10,No Data,92,296,0.281,61,0.748,0.381,No Data,14.9,147
09X454,Science and Technology Academy: A Mott Hall School,6,28,0.93,Well Developed,No Data,No Data,47,No Data,No Data,0.998,100%,0.186,0.45,229,0,0.96,0.607,147,38,0.535,Middle,No Data,0.998,No Data,0.93,Well Developed,Well Developed,147,0.825,Proficient,0.851,11,No Data,86,111,0.138,No Data,0.8,0.536,No Data,11.1,147
08X101,M.S. X101 Edward R. Byrne,70,25,0.82,Well Developed,0,No Data,107,0.886,No Data,1,61%,0.136,0.42,260,0.5,0.83,0.531,180,104,0.472,Middle,No Data,1,No Data,0.97,Proficient,Proficient,180,0.881,Well Developed,0.85,87,No Data,128,51,0.02,90,0.849,0.28,No Data,7.6,180
08X392,Bronx Delta School,53,No Data,0.73,Proficient,No Data,No Data,No Data,0.736,No Data,No Data,43%,0.284,0.31,214,No Data,0.89,No Data,No Data,No Data,0.513,Elementary,No Data,No Data,No Data,0.98,Proficient,Well Developed,No Data,0.701,Well Developed,No Data,20,No Data,85,56,0.057,No Data,0.733,No Data,No Data,5.1,No Data
20K160,P.S. 160 William T. Sampson,48,No Data,0.85,Well Developed,0.206,No Data,No Data,0.875,51,No Data,68%,0.049,0.12,657,No Data,0.98,No Data,No Data,No Data,0.523,Elementary,15,No Data,0.906,0.98,Well Developed,Well Developed,No Data,0.951,Well Developed,No Data,1115,99,148,1,0.553,No Data,0.951,No Data,No Data,15.9,No Data
19K409,East New York Family Academy,No Data,19,0.77,Proficient,0.128,No Data,23,No Data,No Data,1,27%,0.33,1.12,101,0.823,0.82,0.636,62,21,0.483,Middle,No Data,0.995,No Data,0.83,Proficient,Well Developed,62,0.604,Proficient,0.783,3,No Data,43,127,0.034,37,0.731,0.737,No Data,6.7,62
15K295,P.S. 295,167,No Data,0.68,No Data,0.125,No Data,No Data,0.88,24,No Data,62%,0.185,0.12,217,No Data,0.85,No Data,No Data,No Data,0.526,Elementary,8,No Data,0.868,0.98,Well Developed,Well Developed,No Data,0.825,Well Developed,No Data,29,31,109,32,0.087,No Data,0.804,No Data,No Data,7.4,No Data
03M862,Mott Hall II,94,27,0.72,No Data,No Data,No Data,60,0.904,No Data,0.98,42%,0.106,0.17,235,1,0.9,No Data,133,58,0.559,Middle,No Data,0.98,No Data,0.93,Well Developed,Well Developed,133,0.915,Well Developed,0.683,21,No Data,92,100,0.041,123,0.868,0.37,No Data,7.5,133
09X457,Sheridan Academy for Young Leaders,6,No Data,0.79,Proficient,No Data,No Data,No Data,No Data,32,No Data,55%,0.34,0.32,236,No Data,0.92,No Data,No Data,No Data,0.473,Elementary,25,No Data,0.846,0.95,Developing,Well Developed,No Data,0.674,Developing,No Data,13,23,99,137,0.242,No Data,0.647,No Data,No Data,11.1,No Data
10X340,P.S. 340,9,No Data,0.8,Well Developed,No Data,No Data,No Data,No Data,39,No Data,24%,0.312,0.1,295,No Data,0.99,No Data,No Data,No Data,0.528,Elementary,29,No Data,0.571,0.97,Well Developed,Well Developed,No Data,0.698,Well Developed,No Data,9,26,124,51,0.288,No Data,0.675,No Data,No Data,5.9,No Data
01M188,P.S. 188 The Island School,9,14,1,Proficient,No Data,No Data,15,No Data,No Data,0.103,21%,0.478,0.25,224,0.86,0.99,0.667,57,8,0.548,K-8,No Data,0.84,No Data,0.98,Proficient,Well Developed,57,0.504,Proficient,0.2,4,No Data,121,123,0.101,49,0.544,No Data,No Data,5.9,57
01M315,The East Village Community School,167,No Data,0.73,Proficient,No Data,No Data,No Data,0.862,5,No Data,50%,0.177,0.18,151,No Data,0.81,No Data,No Data,No Data,0.51,Elementary,3,No Data,0.933,0.99,Proficient,Well Developed,No Data,0.841,Proficient,No Data,28,16,44,15,0.01,No Data,0.804,No Data,No Data,5.9,No Data
16K308,P.S. 308 Clara Cardwell,3,8,0.79,Proficient,0,No Data,4,No Data,No Data,0.841,67%,0.403,0.14,108,0.667,0.88,0.095,15,No Data,0.486,K-8,No Data,0.841,No Data,0.97,Proficient,Developing,15,0.648,Proficient,No Data,5,No Data,58,162,0.024,8,0.551,No Data,No Data,4.5,15
16K040,P.S. 040 George W. Carver,8,No Data,No Data,Well Developed,0,No Data,No Data,No Data,20,No Data,0%,0.287,0.33,168,No Data,1,No Data,No Data,No Data,0.524,Elementary,9,No Data,0.833,1,Proficient,Well Developed,No Data,0.732,Proficient,No Data,5,22,54,215,0.125,No Data,0.692,No Data,No Data,5,No Data
16K681,Madiba Prep Middle School,3,12,0.85,Proficient,No Data,No Data,5,No Data,No Data,0.926,96%,0.264,0.44,123,0.254,0.95,No Data,67,6,0.531,Middle,No Data,0.949,No Data,1,Proficient,Well Developed,67,0.797,Proficient,No Data,5,No Data,84,157,0.049,17,0.667,No Data,No Data,4,67
02M212,P.S. 212 Midtown West,151,No Data,0.86,Well Developed,No Data,No Data,No Data,0.848,5,No Data,81%,0.193,0.29,159,No Data,0.95,No Data,No Data,No Data,0.473,Elementary,No Data,No Data,0.75,0.98,Well Developed,Well Developed,No Data,0.805,Proficient,No Data,52,35,24,26,0.036,No Data,0.808,No Data,No Data,4.3,No Data
27Q232,P.S. 232 Lindenwood,281,31,0.83,Well Developed,No Data,No Data,47,0.879,No Data,0.979,65%,0.146,0.39,471,0.74,0.92,0.542,96,44,0.523,K-8,No Data,0.813,No Data,0.96,Well Developed,Well Developed,96,0.851,Well Developed,0.723,73,No Data,150,69,0.031,54,0.856,0.161,No Data,15,96
18K233,P.S. 233 Langston Hughes,7,No Data,0.8,Proficient,0,No Data,No Data,No Data,33,No Data,90%,0.306,0.33,159,No Data,0.95,No Data,No Data,No Data,0.516,Elementary,12,No Data,0.346,0.96,Proficient,Developing,No Data,0.654,Proficient,No Data,1,28,58,270,0.028,No Data,0.738,No Data,No Data,13.5,No Data
20K682,The Academy of Talented Scholars,257,No Data,0.85,Well Developed,No Data,No Data,No Data,0.895,10,No Data,64%,0.108,0.44,233,No Data,0.95,No Data,No Data,No Data,0.547,Elementary,5,No Data,0.758,0.97,Well Developed,Well Developed,No Data,0.906,Well Developed,No Data,111,36,96,13,0.165,No Data,0.876,No Data,No Data,11.1,No Data
08X119,The Dr. Emmett W. Bassett School,53,No Data,0.74,Developing,No Data,0.618,No Data,0.717,45,No Data,57%,0.24,0.43,353,No Data,0.91,No Data,No Data,No Data,0.487,Elementary,32,No Data,0.867,0.94,Proficient,Proficient,No Data,0.745,Developing,No Data,194,51,98,79,0.272,No Data,0.774,No Data,0.533,1.1,No Data
16K026,P.S. 026 Jesse Owens,18,No Data,0.82,No Data,No Data,No Data,No Data,0.667,8,No Data,94%,0.318,0.4,130,No Data,0.99,No Data,No Data,No Data,0.574,Elementary,4,No Data,0.864,0.98,Well Developed,Well Developed,No Data,0.731,Proficient,No Data,5,20,35,143,0.044,No Data,0.611,No Data,No Data,8.9,No Data
19K760,Highland Park Community School,6,17,0.74,Proficient,0.192,No Data,32,No Data,No Data,0.965,100%,0.22,0.74,191,0.983,0.81,0.469,115,23,0.523,Middle,No Data,0.96,No Data,0.94,Proficient,Well Developed,115,0.754,Proficient,0.156,9,No Data,76,39,0.146,102,0.808,0,No Data,6.1,115
03M009,P.S. 009 Sarah Anderson,381,No Data,0.96,Well Developed,No Data,No Data,No Data,0.937,13,No Data,70%,0.092,0.13,313,No Data,0.99,No Data,No Data,No Data,0.503,Elementary,5,No Data,0.889,0.98,Well Developed,Well Developed,No Data,0.914,Well Developed,No Data,47,56,91,25,0.031,No Data,0.902,No Data,No Data,5.1,No Data
17K241,P.S. 241 Emma L. Johnston,11,No Data,0.78,Proficient,No Data,No Data,No Data,No Data,19,No Data,67%,0.232,0.24,194,No Data,0.93,No Data,No Data,No Data,0.475,Elementary,11,No Data,0.684,0.94,Proficient,Proficient,No Data,0.753,Proficient,No Data,1,38,34,349,0.096,No Data,0.781,No Data,No Data,10.1,No Data
24Q143,P.S. 143 Louis Armstrong,11,No Data,0.72,Well Developed,0.045,No Data,No Data,No Data,97,No Data,100%,0.174,0.3,661,No Data,0.94,No Data,No Data,No Data,0.498,Elementary,89,No Data,0.659,0.94,Proficient,Well Developed,No Data,0.821,Proficient,No Data,38,73,256,18,0.602,No Data,0.83,No Data,No Data,1.6,No Data
08X014,P.S. X014 Senator John Calandra,109,No Data,0.89,Proficient,0,No Data,No Data,0.761,23,No Data,76%,0.229,0.27,294,No Data,0.98,No Data,No Data,No Data,0.51,Elementary,7,No Data,0.855,0.95,Well Developed,Proficient,No Data,0.755,Well Developed,No Data,29,63,106,38,0.078,No Data,0.788,No Data,No Data,9.6,No Data
21K225,P.S. K225 - The Eileen E. Zaglin,426,21,0.72,Developing,No Data,No Data,40,0.711,No Data,0.943,45%,0.276,0.24,551,0.228,0.81,0.6,123,18,0.555,K-8,No Data,0.951,No Data,0.89,Proficient,Proficient,123,0.71,Proficient,0.75,201,No Data,173,22,0.371,28,0.742,0.429,No Data,5.8,123
12X061,P.S. 061 Francisco Oller,1,No Data,0.79,Proficient,0,No Data,No Data,No Data,17,No Data,96%,0.232,0.23,125,No Data,0.92,No Data,No Data,No Data,0.508,Elementary,11,No Data,0.789,0.94,Developing,Proficient,No Data,0.76,Proficient,No Data,2,17,43,41,0.14,No Data,0.777,No Data,No Data,2.9,No Data
05M517,Teachers College Community School,42,No Data,0.72,Proficient,0.207,No Data,No Data,0.929,No Data,0.991,52%,0.173,0.44,168,0.875,0.89,No Data,24,No Data,0.456,K-8,No Data,0.888,No Data,0.96,Proficient,Well Developed,24,0.839,Proficient,No Data,11,No Data,63,150,0.015,20,0.816,No Data,No Data,5.1,24
15K024,P.S. 024,31,No Data,0.62,Proficient,No Data,No Data,No Data,0.71,36,No Data,27%,0.178,0.18,282,No Data,0.91,No Data,No Data,No Data,0.513,Elementary,22,No Data,0.528,0.94,Developing,Proficient,No Data,0.83,Developing,No Data,24,32,100,7,0.487,No Data,0.815,No Data,No Data,0.5,No Data
05M046,P.S. 046 Arthur Tappan,7,11,0.79,Well Developed,0,No Data,6,No Data,No Data,1,100%,0.359,0.26,277,0,0.84,0.063,55,8,0.511,K-8,No Data,1,No Data,0.95,Proficient,Proficient,55,0.628,Developing,No Data,4,No Data,158,260,0.07,No Data,0.654,No Data,No Data,5,55
06M528,I.S. 528 Bea Fuller Rodgers School,1,13,0.82,Well Developed,0,No Data,6,No Data,No Data,1,100%,0.088,0.44,117,1,0.94,0.375,86,7,0.468,Middle,No Data,1,No Data,0.97,Proficient,Well Developed,86,0.906,Proficient,No Data,1,No Data,55,2,0.185,86,0.917,No Data,No Data,5.1,86
24Q153,P.S. 153 Maspeth Elem,420,No Data,0.78,Well Developed,No Data,No Data,No Data,0.81,40,No Data,65%,0.203,0.34,565,No Data,0.93,No Data,No Data,No Data,0.55,Elementary,12,No Data,0.769,0.98,Proficient,Well Developed,No Data,0.786,Well Developed,No Data,124,103,173,11,0.12,No Data,0.811,No Data,No Data,4.9,No Data
17K316,P.S. 316 Elijah Stroud,55,No Data,No Data,Proficient,0.094,No Data,No Data,0.891,8,No Data,2%,0.186,0.6,260,No Data,0.95,No Data,No Data,No Data,0.472,Elementary,No Data,No Data,0.81,0.96,Proficient,Proficient,No Data,0.8,Developing,No Data,10,43,67,374,0.033,No Data,0.827,No Data,No Data,8.9,No Data
17K354,The School of Integrated Learning,2,13,No Data,Well Developed,No Data,No Data,11,No Data,No Data,0.978,,0.214,0.19,177,0.589,No Data,0.348,129,9,0.464,Middle,No Data,0.782,No Data,No Data,Well Developed,Well Developed,129,0.785,Proficient,No Data,5,No Data,75,321,0.038,36,0.787,No Data,No Data,15.1,129
21K153,P.S. 153 Homecrest,182,No Data,0.73,Proficient,No Data,0.778,No Data,0.698,21,No Data,53%,0.246,0.32,286,No Data,0.85,No Data,No Data,No Data,0.525,Elementary,4,No Data,0.64,0.95,Developing,Proficient,No Data,0.783,Proficient,No Data,129,34,97,8,0.296,No Data,0.722,No Data,No Data,16.9,No Data
13K003,P.S. 003 The Bedford Village,8,No Data,0.79,Proficient,0,No Data,No Data,No Data,14,No Data,93%,0.385,0.44,151,No Data,0.87,No Data,No Data,No Data,0.541,Elementary,20,No Data,0.684,0.93,Developing,Proficient,No Data,0.576,Proficient,No Data,23,21,48,210,0.078,No Data,0.661,No Data,No Data,21.2,No Data
08X036,P.S. 036 Unionport,31,No Data,0.83,Well Developed,No Data,0.778,No Data,0.774,35,No Data,48%,0.215,0.15,367,No Data,0.94,No Data,No Data,No Data,0.504,Elementary,15,No Data,0.765,0.99,Proficient,Well Developed,No Data,0.763,Proficient,No Data,204,53,108,72,0.155,No Data,0.807,No Data,No Data,10.6,No Data
25Q185,J.H.S. 185 Edward Bleeker,128,61,0.81,Well Developed,0.151,No Data,300,0.867,No Data,0.99,27%,0.106,0.36,814,0.482,0.91,0.353,488,215,0.548,Middle,No Data,0.99,No Data,0.89,Proficient,Well Developed,488,0.885,Well Developed,0.887,890,No Data,219,27,0.129,206,0.907,0.426,No Data,7.6,488
10X368,In-Tech Academy (M.S. / High School 368),13,44,0.7,Well Developed,0.069,No Data,66,No Data,No Data,0.96,3%,0.169,0.48,244,0.987,0.82,0.556,151,52,0.539,Middle,No Data,0.995,No Data,No Data,Well Developed,Well Developed,151,0.828,Proficient,0.576,12,No Data,80,34,0.234,113,0.834,0.114,No Data,5.1,151
26Q203,P.S. 203 Oakland Gardens,87,No Data,0.92,Well Developed,0.125,No Data,No Data,0.92,16,No Data,93%,0.069,0.3,432,No Data,0.95,No Data,No Data,No Data,0.534,Elementary,1,No Data,0.977,0.97,Well Developed,Well Developed,No Data,0.94,Proficient,No Data,611,115,73,17,0.149,No Data,0.921,No Data,No Data,5.1,No Data
07X224,P.S./I.S. 224,2,26,0.75,Proficient,No Data,No Data,28,No Data,No Data,0.993,82%,0.342,0.46,173,0,0.89,0.073,96,15,0.577,Middle,No Data,0.974,No Data,0.98,Proficient,Proficient,96,0.688,Developing,0.107,1,No Data,83,80,0.214,No Data,0.617,0.038,No Data,1.1,96
15K094,P.S. 094 The Henry Longfellow,16,No Data,0.83,Proficient,0.495,No Data,No Data,0.688,57,No Data,100%,0.09,0.14,662,No Data,0.97,No Data,No Data,No Data,0.529,Elementary,34,No Data,0.816,0.98,Proficient,Proficient,No Data,0.906,Proficient,No Data,871,83,97,5,0.492,No Data,0.915,No Data,No Data,1.4,No Data
03M247,M.S. M247 Dual Language Middle School,9,17,0.85,Well Developed,No Data,No Data,30,No Data,No Data,1,0%,0.123,0.08,110,1,0.91,0.611,69,12,0.459,Middle,No Data,1,No Data,No Data,Well Developed,Well Developed,69,0.882,Well Developed,0.9,1,No Data,62,5,0.234,30,0.873,0.412,No Data,2.9,69
09X443,The Family School,5,No Data,0.66,Well Developed,No Data,No Data,No Data,No Data,32,No Data,76%,0.315,0.18,252,No Data,0.93,No Data,No Data,No Data,0.488,Elementary,22,No Data,No Data,0.95,Well Developed,Well Developed,No Data,0.659,Well Developed,No Data,12,15,114,122,0.339,No Data,0.711,No Data,No Data,5,No Data
04M007,P.S. 007 Samuel Stern,10,20,0.62,No Data,No Data,No Data,16,No Data,No Data,0.792,66%,0.395,0.53,188,0.288,0.87,0.15,66,11,0.541,K-8,No Data,0.937,No Data,0.9,Proficient,Proficient,66,0.612,Proficient,0.063,15,No Data,97,102,0.131,No Data,0.598,0.05,No Data,0.9,66
02M041,P.S. 041 Greenwich Village,418,No Data,No Data,No Data,0.2,No Data,No Data,0.945,11,No Data,0%,0.061,0.21,322,No Data,0.94,No Data,No Data,No Data,0.519,Elementary,1,No Data,0.946,0.96,Well Developed,Well Developed,No Data,0.932,Well Developed,No Data,45,92,84,9,0.018,No Data,0.946,No Data,No Data,15.1,No Data
11X169,Baychester Academy,5,No Data,0.79,Well Developed,0,No Data,No Data,No Data,No Data,No Data,85%,0.218,0.33,192,No Data,0.94,No Data,No Data,No Data,0.484,Elementary,1,No Data,0.442,0.97,Well Developed,Well Developed,No Data,0.766,Well Developed,No Data,9,No Data,67,290,0.061,No Data,0.798,No Data,No Data,1.4,No Data
10X396,P.S. 396,1,No Data,0.82,Well Developed,No Data,No Data,No Data,No Data,13,No Data,88%,0.226,0.22,147,No Data,0.93,No Data,No Data,No Data,0.558,Elementary,24,No Data,No Data,0.97,Proficient,Well Developed,No Data,0.782,Well Developed,No Data,2,12,77,45,0.26,No Data,0.765,No Data,No Data,9.6,No Data
19K213,P.S. 213 New Lots,13,No Data,0.74,Proficient,No Data,No Data,No Data,No Data,13,No Data,77%,0.451,0.31,120,No Data,0.81,No Data,No Data,No Data,0.512,Elementary,14,No Data,No Data,0.9,Proficient,Proficient,No Data,0.508,Proficient,No Data,11,8,36,155,0.108,No Data,0.594,No Data,No Data,7.2,No Data
27Q114,P.S./M.S. 114 Belle Harbor,580,8,0.89,Well Developed,0,No Data,22,0.9,No Data,1,94%,0.117,0.18,340,0.741,0.96,No Data,27,18,0.498,K-8,No Data,1,No Data,0.95,Proficient,Well Developed,27,0.888,Well Developed,0.636,6,No Data,114,8,0.004,16,0.877,No Data,No Data,2.9,27
27Q226,J.H.S. 226 Virgil I. Grissom,20,67,0.72,Well Developed,0.088,0.765,98,0.75,No Data,0.891,99%,0.28,0.56,500,0.297,0.81,0.443,300,78,0.528,Middle,No Data,0.889,No Data,0.89,Proficient,Proficient,300,0.744,Proficient,0.48,275,No Data,183,318,0.074,85,0.693,0.075,0.8,0.4,300
27Q207,P.S. 207 Rockwood Park,423,16,0.78,Well Developed,No Data,No Data,22,0.894,No Data,1,73%,0.145,0.26,305,1,0.87,No Data,48,21,0.508,K-8,No Data,1,No Data,0.95,Proficient,Well Developed,48,0.836,Proficient,0.818,24,No Data,92,12,0.014,18,0.874,0.438,No Data,5.9,48
28Q358,M.S. 358,5,32,0.92,Well Developed,No Data,No Data,42,No Data,No Data,0.992,100%,0.116,0.22,181,1,0.99,0.792,128,28,0.5,Middle,No Data,1,No Data,0.93,Well Developed,Well Developed,128,0.89,Well Developed,0.929,94,No Data,73,87,0.155,128,0.879,0.719,No Data,5.1,128
11X181,I.S. 181 Pablo Casals,24,56,0.92,Well Developed,0,No Data,114,0.875,No Data,1,72%,0.151,0.22,475,0.511,0.98,0.167,262,88,0.537,Middle,No Data,1,No Data,0.91,Well Developed,Well Developed,262,0.84,Well Developed,0.763,45,No Data,200,552,0.028,134,0.86,0.179,No Data,14.1,262
03M149,P.S. 149 Sojourner Truth,10,7,0.76,Proficient,No Data,No Data,4,No Data,No Data,1,29%,0.259,0.58,109,0,0.84,No Data,25,4,0.495,K-8,No Data,1,No Data,0.89,Proficient,Proficient,25,0.78,Proficient,No Data,13,No Data,50,120,0.134,No Data,0.703,No Data,No Data,0.4,25
24Q081,P.S. 81Q Jean Paul Richter,38,No Data,0.84,Well Developed,No Data,No Data,No Data,0.711,42,No Data,94%,0.199,0.14,304,No Data,0.96,No Data,No Data,No Data,0.52,Elementary,11,No Data,0.632,0.96,Proficient,Well Developed,No Data,0.773,Proficient,No Data,27,60,134,11,0.306,No Data,0.832,No Data,No Data,8.9,No Data
19K346,P.S. 346 Abe Stark,17,No Data,0.71,Proficient,No Data,0.65,No Data,0.529,42,No Data,72%,0.266,0.54,272,No Data,0.89,No Data,No Data,No Data,0.526,Elementary,29,No Data,0.519,0.94,Proficient,Proficient,No Data,0.724,Proficient,No Data,2,30,117,335,0.01,No Data,0.745,No Data,0.842,14.1,No Data
09X110,P.S. 110 Theodore Schoenfeld,28,No Data,0.56,Proficient,0,No Data,No Data,0.75,26,No Data,58%,0.229,0.45,202,No Data,0.84,No Data,No Data,No Data,0.522,Elementary,23,No Data,0.706,0.93,Well Developed,Proficient,No Data,0.777,Proficient,No Data,No Data,16,66,135,0.157,No Data,0.764,No Data,No Data,0.9,No Data
19K065,P.S. 065,6,No Data,0.93,Well Developed,No Data,No Data,No Data,No Data,26,No Data,100%,0.278,0.41,293,No Data,0.99,No Data,No Data,No Data,0.523,Elementary,12,No Data,0.817,0.98,Well Developed,Well Developed,No Data,0.717,Proficient,No Data,19,66,59,50,0.229,No Data,0.727,No Data,No Data,15.9,No Data
02M116,P.S. 116 Mary Lindley Murray,199,No Data,No Data,No Data,0.273,No Data,No Data,0.874,12,No Data,3%,0.214,0.06,216,No Data,0.92,No Data,No Data,No Data,0.462,Elementary,7,No Data,0.857,0.93,Well Developed,Well Developed,No Data,0.792,Well Developed,No Data,98,44,62,44,0.09,No Data,0.781,No Data,No Data,17.1,No Data
24Q110,P.S. 110,5,No Data,0.76,Proficient,0.13,No Data,No Data,No Data,25,No Data,57%,0.138,0.27,491,No Data,0.97,No Data,No Data,No Data,0.495,Elementary,5,No Data,0.375,0.96,Well Developed,Proficient,No Data,0.878,Proficient,No Data,80,19,157,2,0.363,No Data,0.846,No Data,No Data,3.9,No Data
06M004,P.S. 004 Duke Ellington,No Data,No Data,0.71,Proficient,No Data,No Data,No Data,No Data,24,No Data,40%,0.318,0.47,235,No Data,0.86,No Data,No Data,No Data,0.519,Elementary,30,No Data,0.829,0.97,Proficient,Proficient,No Data,0.681,Proficient,No Data,11,32,87,42,0.272,No Data,0.682,No Data,No Data,4.6,No Data
20K105,P.S. 105 The Blythebourne,44,No Data,0.69,Well Developed,0.678,No Data,No Data,0.864,62,No Data,99%,0.047,0.39,757,No Data,0.9,No Data,No Data,No Data,0.535,Elementary,9,No Data,0.916,0.97,Well Developed,Well Developed,No Data,0.948,Well Developed,No Data,1309,120,93,3,0.414,No Data,0.958,No Data,No Data,18.9,No Data
29Q034,P.S. 034 John Harvard,7,No Data,No Data,Well Developed,No Data,0.941,No Data,No Data,18,No Data,11%,0.2,0.35,286,No Data,0.97,No Data,No Data,No Data,0.507,Elementary,18,No Data,0.826,0.95,Well Developed,Well Developed,No Data,0.787,Well Developed,No Data,71,49,63,357,0.119,No Data,0.813,No Data,No Data,16.4,No Data
21K215,P.S. 215 Morris H. Weiss,357,No Data,0.89,Proficient,0.093,No Data,No Data,0.768,29,No Data,68%,0.212,0.29,404,No Data,0.94,No Data,No Data,No Data,0.497,Elementary,11,No Data,0.844,0.94,Well Developed,Well Developed,No Data,0.814,Well Developed,No Data,217,84,93,8,0.217,No Data,0.762,No Data,No Data,12,No Data
11X041,P.S. 041 Gun Hill Road,25,No Data,0.71,Well Developed,No Data,No Data,No Data,0.8,39,No Data,73%,0.369,0.22,445,No Data,0.83,No Data,No Data,No Data,0.512,Elementary,38,No Data,0.75,0.92,Proficient,Well Developed,No Data,0.622,Well Developed,No Data,18,62,136,414,0.116,No Data,0.64,No Data,No Data,1.9,No Data
25Q164,P.S. 164 Queens Valley,241,9,0.73,Proficient,0.096,No Data,54,0.892,No Data,0.969,71%,0.128,0.18,318,0.953,0.88,No Data,86,43,0.484,K-8,No Data,0.988,No Data,0.93,Developing,Proficient,86,0.862,Proficient,0.926,213,No Data,100,26,0.089,82,0.881,No Data,No Data,5.4,86
13K492,Academy of Arts and Letters,218,3,No Data,Well Developed,No Data,No Data,19,0.931,No Data,0.984,0%,0.094,0.13,252,0.318,0.92,No Data,66,5,0.48,K-8,No Data,0.995,No Data,0.95,Proficient,Well Developed,66,0.897,Well Developed,0.895,24,No Data,86,154,0.006,21,0.915,No Data,No Data,8.1,66
01M184,P.S. 184m Shuang Wen,52,9,0.73,Well Developed,0.727,No Data,63,0.923,No Data,0.973,100%,0.055,0.32,346,0.911,0.9,No Data,90,40,0.502,K-8,No Data,0.993,No Data,0.94,Proficient,Proficient,90,0.925,Proficient,0.937,487,No Data,104,23,0.146,82,0.965,No Data,No Data,0.9,90
12X273,Frederick Douglass Academy V. Middle School,2,21,0.9,Proficient,0,No Data,16,No Data,No Data,1,100%,0.275,0.38,96,0.274,0.95,0.206,62,12,0.5,Middle,No Data,1,No Data,0.94,Proficient,Proficient,62,0.75,Developing,0.25,2,No Data,56,52,0.159,17,0.701,0.048,No Data,1.5,62
26Q133,P.S. 133 Queens,54,No Data,0.85,Well Developed,No Data,No Data,No Data,0.87,15,No Data,68%,0.112,0.38,275,No Data,0.89,No Data,No Data,No Data,0.488,Elementary,3,No Data,0.872,0.93,Proficient,Well Developed,No Data,0.88,Well Developed,No Data,364,44,77,36,0.071,No Data,0.897,No Data,No Data,2.9,No Data
20K247,P.S. 247 Brooklyn,283,No Data,0.78,No Data,No Data,No Data,No Data,0.813,23,No Data,40%,0.126,0.15,423,No Data,0.92,No Data,No Data,No Data,0.488,Elementary,4,No Data,0.929,0.94,Well Developed,Well Developed,No Data,0.877,Well Developed,No Data,465,85,146,6,0.256,No Data,0.871,No Data,No Data,14.9,No Data
19K907,Legacy School of the Arts,1,No Data,No Data,No Data,0,No Data,No Data,No Data,No Data,No Data,0%,0.42,0.94,61,No Data,No Data,No Data,No Data,No Data,0.459,Middle,No Data,1,No Data,No Data,No Data,No Data,No Data,0.557,No Data,No Data,3,No Data,31,83,0.041,No Data,0.6,No Data,No Data,0.7,No Data
03M291,West End Secondary School,212,9,0.83,No Data,0,No Data,63,0.934,No Data,1,68%,0.063,0.11,149,1,0.88,No Data,105,54,0.47,Middle,No Data,1,No Data,0.94,Well Developed,Well Developed,105,0.933,Proficient,0.794,18,No Data,62,23,0.0,98,0.94,No Data,No Data,5.1,105
