address_1,list_of_all_property_use,weather_normalized_source_1,data_quality_checker_date,parent_property_id,estimated_data_flag,net_emissions_metric_tons,estimated_data_flag_fuel_1,water_use_all_water_sources,ambulatory_surgical_center,race_track_gross_floor_area,medical_office_mri_machine,difference_from_national,library_gross_floor_area,hospital_general_medical_14,costar_property_id,district_chilled_water_use,restaurant_weekly_operating,fuel_oil_1_use_kbtu,propane_use_kbtu,fuel_oil_5_6_use_kbtu,performing_arts_gross_floor,laboratory_gross_floor_area,estimated_data_flag_district,census_tract,office_worker_density_number,data_center_pue,data_center_pdu_input_meter,fitness_center_health_club,courthouse_gross_floor_area,retail_store_percent_that,multifamily_housing_total_1,multifamily_housing_number_4,supermarket_grocery_gross,data_center_pdu_output_meter,natural_gas_use_kbtu,hospital_general_medical_15,food_service_gross_floor,weather_normalized_site,difference_from_national_2,property_gfa_epa_calculated_2,museum_gross_floor_area_ft,energy_star_certification_2,data_center_ups_output_meter,multifamily_housing_number_7,parking_gross_floor_area,multifamily_housing_total,financial_office_weekly,energy_star_certification,year_ending,default_values,office_percent_that_can_be,distribution_center_gross,retail_store_number_of_open,temporary_values,retail_store_walk_in,parent_property_name,transportation_terminal,municipally_supplied_potable_3,hospital_general_medical_13,medical_office_weekly,primary_property_type_epa,fast_food_restaurant_gross,data_center_national_median,hotel_percent_that_can_be,property_gfa_self_reported,municipally_supplied_potable_1,hospital_general_medical_3,alert_gross_floor_area_is
463 7TH AVENUE,"Office, Other",71536497.2,2016-03-28,Not Applicable: Standalone Property,No,2457.7,No,7381.4,Not Available,Not Available,Not Available,-38,Not Available,Not Available,Not Available,Not Available,Not Available,Not Available,Not Available,Not Available,Not Available,Not Available,Not Available,109.0,2.28571,Not Available,Not Available,Not Available,Not Available,Not Available,Not Available,Not Available,Not Available,Not Available,Not Available,Not Available,Not Available,12.1,Not Available,Not Available,Not Available,No,Not Available,Not Available,Not Available,Not Available,Not Available,"2015, 2013, 2012",2015-12-31T00:00:00.000,No,100,Not Available,Not Available,No,Not Available,Not Applicable: Standalone Property,Not Available,Not Available,Not Available,Not Available,Office,Not Available,Not Available,Not Available,465150,Not Available,Not Available,Ok
125 Brighton 11th Street,Multifamily Housing,15058575.1,Not Available,Not Applicable: Standalone Property,No,665.6,No,8007.5,Not Available,Not Available,Not Available,9.6,Not Available,Not Available,Not Available,Not Available,Not Available,Not Available,Not Available,Not Available,Not Available,Not Available,Not Available,61004.0,Not Available,Not Available,Not Available,Not Available,Not Available,Not Available,1.02836,0,Not Available,Not Available,10345599,Not Available,Not Available,3.3,Not Available,Not Available,Not Available,No,Not Available,0.21808,Not Available,120.94,Not Available,Not Available,2015-12-31T00:00:00.000,Yes,Not Available,Not Available,Not Available,No,Not Available,Not Applicable: Standalone Property,Not Available,Not Available,Not Available,Not Available,Multifamily Housing,Not Available,Not Available,Not Available,117600,8007.5,Not Available,Ok
1100 Coney Island Ave,"Office, Parking",3705860.4,Not Available,Not Applicable: Standalone Property,No,127.6,Not Available,37944.9,Not Available,Not Available,Not Available,-61.6,Not Available,Not Available,Not Available,Not Available,Not Available,Not Available,Not Available,Not Available,Not Available,Not Available,Not Available,460.0,2.3,Not Available,Not Available,Not Available,Not Available,Not Available,Not Available,Not Available,Not Available,Not Available,1180900,Not Available,Not Available,5.3,Not Available,16000,Not Available,No,Not Available,Not Available,16000,Not Available,Not Available,Not Available,2015-12-31T00:00:00.000,Yes,100,Not Available,Not Available,No,Not Available,Not Applicable: Standalone Property,Not Available,Not Available,Not Available,Not Available,Office,Not Available,Not Available,Not Available,43000,37944.9,Not Available,Ok
6200 Riverdale Ave,Multifamily Housing,8236497,2016-03-22,Not Applicable: Standalone Property,No,440.1,Not Available,Not Available,Not Available,Not Available,Not Available,-8,Not Available,Not Available,Not Available,Not Available,Not Available,Not Available,Not Available,Not Available,Not Available,Not Available,Not Available,337.0,Not Available,Not Available,Not Available,Not Available,Not Available,Not Available,0.95845,60,Not Available,Not Available,257257.9,Not Available,Not Available,5.1,Not Available,Not Available,Not Available,No,Not Available,0,Not Available,60,Not Available,Not Available,2015-12-31T00:00:00.000,No,Not Available,Not Available,Not Available,No,Not Available,Not Applicable: Standalone Property,Not Available,Not Available,Not Available,Not Available,Multifamily Housing,Not Available,Not Available,Not Available,62601,Not Available,Not Available,Ok
375 Pearl Street,K-12 School,14036420.8,Not Available,Not Applicable: Standalone Property,No,521.2,Not Available,Not Available,Not Available,Not Available,Not Available,-39.9,Not Available,Not Available,Not Available,Not Available,Not Available,Not Available,Not Available,Not Available,Not Available,Not Available,Not Available,11.0,Not Available,Not Available,Not Available,Not Available,Not Available,Not Available,Not Available,Not Available,Not Available,Not Available,5272610.9,Not Available,Not Available,7.2,Not Available,Not Available,Not Available,Yes,Not Available,Not Available,Not Available,Not Available,Not Available,Not Available,2015-12-31T00:00:00.000,No,Not Available,Not Available,Not Available,No,Not Available,Not Applicable: Standalone Property,Not Available,Not Available,Not Available,Not Available,K-12 School,Not Available,Not Available,Not Available,110000,Not Available,Not Available,Ok
85 West Street,Hotel,128503136.4,Not Available,Not Applicable: Standalone Property,No,5913.3,Not Available,30797,Not Available,Not Available,Not Available,86.9,Not Available,Not Available,Not Available,Not Available,Not Available,Not Available,Not Available,Not Available,Not Available,Not Available,No,13.0,Not Available,Not Available,Not Available,Not Available,Not Available,Not Available,Not Available,Not Available,Not Available,Not Available,67453504.7,Not Available,Not Available,8.6,Not Available,Not Available,Not Available,No,Not Available,Not Available,Not Available,Not Available,Not Available,Not Available,2015-12-31T00:00:00.000,No,Not Available,Not Available,Not Available,No,Not Available,Not Applicable: Standalone Property,Not Available,Not Available,Not Available,Not Available,Hotel,Not Available,Not Available,100,329999,28972,Not Available,Ok
162-10 Jamaica Ave,"Non-Refrigerated Warehouse, Office, Retail Store",101934115.5,2016-03-28,Not Applicable: Standalone Property,No,2692.3,Not Available,9091,Not Available,Not Available,Not Available,2.4,Not Available,Not Available,Not Available,Not Available,Not Available,Not Available,Not Available,Not Available,Not Available,Not Available,Not Available,44601.0,1.74621,Not Available,Not Available,Not Available,Not Available,100,Not Available,Not Available,Not Available,Not Available,Not Available,Not Available,Not Available,20.7,Not Available,Not Available,Not Available,No,Not Available,Not Available,Not Available,Not Available,Not Available,Not Available,2015-12-31T00:00:00.000,Yes,100,Not Available,0,No,0.01106,Not Applicable: Standalone Property,Not Available,Not Available,Not Available,Not Available,Office,Not Available,Not Available,Not Available,459965,Not Available,Not Available,Ok
465 Ocean Pkwy,"Medical Office, Multifamily Housing",14513122.8,2016-03-23,Not Applicable: Standalone Property,No,628.6,Not Available,Not Available,Not Available,Not Available,Not Available,24.1,Not Available,Not Available,Not Available,Not Available,Not Available,Not Available,Not Available,Not Available,Not Available,Not Available,Not Available,490.0,Not Available,Not Available,Not Available,Not Available,Not Available,Not Available,1.2,0,Not Available,Not Available,9861887.2,Not Available,Not Available,3.9,Not Available,Not Available,Not Available,No,Not Available,0,Not Available,106.47,Not Available,Not Available,2015-12-31T00:00:00.000,Yes,Not Available,Not Available,Not Available,No,Not Available,Not Applicable: Standalone Property,Not Available,Not Available,Not Available,40,Multifamily Housing,Not Available,Not Available,Not Available,90228,Not Available,Not Available,Ok
245 East 63 St.,"Multifamily Housing, Office, Other, Parking, Restaurant",89531805.5,2016-03-22,Not Applicable: Standalone Property,No,3509.3,Not Available,Not Available,Not Available,Not Available,Not Available,11.2,Not Available,Not Available,Not Available,Not Available,Not Available,Not Available,Not Available,Not Available,Not Available,Not Available,Not Available,110.0,9.6423,Not Available,Not Available,Not Available,Not Available,Not Available,0.84628,525,Not Available,Not Available,34808180.3,Not Available,Not Available,7.1,Not Available,38553,Not Available,No,Not Available,0,38553,525,Not Available,Not Available,2015-12-31T00:00:00.000,No,100,Not Available,Not Available,No,Not Available,Not Applicable: Standalone Property,Not Available,Not Available,Not Available,Not Available,Multifamily Housing,Not Available,Not Available,Not Available,636447,Not Available,Not Available,Ok
55-15 Grand Ave,"Non-Refrigerated Warehouse, Office, Other",Not Available,Not Available,Not Applicable: Standalone Property,No,0,Not Available,10634,Not Available,Not Available,Not Available,Not Available,Not Available,Not Available,Not Available,Not Available,Not Available,Not Available,Not Available,Not Available,Not Available,Not Available,Not Available,219.0,1.26316,Not Available,Not Available,Not Available,Not Available,Not Available,Not Available,Not Available,Not Available,Not Available,Not Available,Not Available,Not Available,20.2,Not Available,Not Available,Not Available,No,Not Available,Not Available,Not Available,Not Available,Not Available,Not Available,2015-12-31T00:00:00.000,No,100,Not Available,Not Available,No,Not Available,Not Applicable: Standalone Property,Not Available,Not Available,Not Available,Not Available,Other,Not Available,Not Available,Not Available,254000,Not Available,Not Available,Ok
220 West 26th Street,"Multifamily Housing, Parking",10685448.6,2016-03-24,Not Applicable: Standalone Property,No,357.7,Not Available,Not Available,Not Available,Not Available,Not Available,-37.3,Not Available,Not Available,Not Available,Not Available,Not Available,Not Available,Not Available,Not Available,Not Available,Not Available,Not Available,91.0,Not Available,Not Available,Not Available,Not Available,Not Available,Not Available,0.91696,125,Not Available,Not Available,571766.7,Not Available,Not Available,6.1,Not Available,13576,Not Available,Yes,Not Available,0,13576,125,Not Available,Not Available,2015-12-31T00:00:00.000,No,Not Available,Not Available,Not Available,No,Not Available,Not Applicable: Standalone Property,Not Available,Not Available,Not Available,Not Available,Multifamily Housing,Not Available,Not Available,Not Available,136320,Not Available,Not Available,Ok
161-08 / 161-06 HVA Jr. Ave.,Multifamily Housing,Not Available,Not Available,4442227,Not Available,156,Not Available,6680.1,Not Available,Not Available,Not Available,Not Available,Not Available,Not Available,Not Available,Not Available,Not Available,Not Available,Not Available,Not Available,Not Available,Not Available,Not Available,,Not Available,Not Available,Not Available,Not Available,Not Available,Not Available,1.04286,0,Not Available,Not Available,Not Available,Not Available,Not Available,Not Available,Not Available,Not Available,Not Available,No,Not Available,1.04286,Not Available,73,Not Available,Not Available,2015-12-31T00:00:00.000,No,Not Available,Not Available,Not Available,No,Not Available,First Housing Company Inc.,Not Available,Not Available,Not Available,Not Available,Multifamily Housing,Not Available,Not Available,Not Available,70000,Not Available,Not Available,Ok
59 W 44th St.,Hotel,28372598.4,Not Available,Not Applicable: Standalone Property,No,1062.3,Not Available,11471,Not Available,Not Available,Not Available,19.7,Not Available,Not Available,Not Available,Not Available,Not Available,Not Available,Not Available,Not Available,Not Available,Not Available,No,96.0,Not Available,Not Available,Not Available,Not Available,Not Available,Not Available,Not Available,Not Available,Not Available,Not Available,1522100,Not Available,Not Available,10.8,Not Available,Not Available,Not Available,No,Not Available,Not Available,Not Available,Not Available,Not Available,Not Available,2015-12-31T00:00:00.000,Yes,Not Available,Not Available,Not Available,No,Not Available,Not Applicable: Standalone Property,Not Available,Not Available,Not Available,Not Available,Hotel,Not Available,Not Available,100,150000,11471,Not Available,Ok
121 East 31st Street,Multifamily Housing,7364637.4,2016-03-21,Not Applicable: Standalone Property,No,283.3,Not Available,3652,Not Available,Not Available,Not Available,-19.3,Not Available,Not Available,Not Available,Not Available,Not Available,Not Available,Not Available,Not Available,Not Available,Not Available,Not Available,72.0,Not Available,Not Available,Not Available,Not Available,Not Available,Not Available,1.64606,96,Not Available,Not Available,3403523.2,Not Available,Not Available,6.1,Not Available,Not Available,Not Available,Yes,Not Available,0,Not Available,96,Not Available,Not Available,2015-12-31T00:00:00.000,No,Not Available,Not Available,Not Available,No,Not Available,Not Applicable: Standalone Property,Not Available,Not Available,Not Available,Not Available,Multifamily Housing,Not Available,Not Available,Not Available,58321,3652,Not Available,Ok
120 East 19th Street,Multifamily Housing,6016749.4,Not Available,Not Applicable: Standalone Property,No,240.1,Not Available,Not Available,Not Available,Not Available,Not Available,-18.9,Not Available,Not Available,Not Available,Not Available,Not Available,Not Available,Not Available,Not Available,Not Available,Not Available,Not Available,512.0,Not Available,Not Available,Not Available,Not Available,Not Available,Not Available,0.84511,0,Not Available,Not Available,3231399.9,Not Available,Not Available,3.9,Not Available,Not Available,Not Available,No,Not Available,0.16636,Not Available,52.82,Not Available,Not Available,2015-12-31T00:00:00.000,Yes,Not Available,Not Available,Not Available,No,Not Available,Not Applicable: Standalone Property,Not Available,Not Available,Not Available,Not Available,Multifamily Housing,Not Available,Not Available,Not Available,62500,Not Available,Not Available,Ok
93-10/24 Queens,Multifamily Housing,9050303.6,Not Available,Not Applicable: Standalone Property,No,385.5,Not Available,Not Available,Not Available,Not Available,Not Available,-37.4,Not Available,Not Available,Not Available,Not Available,Not Available,Not Available,Not Available,Not Available,Not Available,Not Available,Not Available,,Not Available,Not Available,Not Available,Not Available,Not Available,Not Available,1.09829,0,Not Available,Not Available,5788300.1,Not Available,Not Available,2.6,Not Available,Not Available,Not Available,Yes,Not Available,1.09829,Not Available,115,Not Available,Not Available,2015-12-31T00:00:00.000,No,Not Available,Not Available,Not Available,No,Not Available,Not Applicable: Standalone Property,Not Available,Not Available,Not Available,Not Available,Multifamily Housing,Not Available,Not Available,Not Available,104708,Not Available,Not Available,Ok
2069 Nostrand Ave,Multifamily Housing,5257725.6,Not Available,Not Applicable: Standalone Property,No,242.4,Not Available,Not Available,Not Available,Not Available,Not Available,-14.2,Not Available,Not Available,Not Available,Not Available,Not Available,Not Available,Not Available,Not Available,Not Available,Not Available,Not Available,786.0,Not Available,Not Available,Not Available,Not Available,Not Available,Not Available,1.2,0,Not Available,Not Available,4160032.1,Not Available,Not Available,1.5,Not Available,Not Available,Not Available,No,Not Available,0,Not Available,61.05,Not Available,Not Available,2015-12-31T00:00:00.000,Yes,Not Available,Not Available,Not Available,No,Not Available,Not Applicable: Standalone Property,Not Available,Not Available,Not Available,Not Available,Multifamily Housing,Not Available,Not Available,Not Available,50871,Not Available,Not Available,Ok
c/o Norwax Associates Inc.,Multifamily Housing,5103052,2016-03-23,Not Applicable: Standalone Property,No,197.6,Not Available,Not Available,Not Available,Not Available,Not Available,-13.3,Not Available,Not Available,Not Available,Not Available,Not Available,Not Available,Not Available,Not Available,Not Available,Not Available,Not Available,,Not Available,Not Available,Not Available,Not Available,Not Available,Not Available,0.72,0,Not Available,Not Available,2433060,Not Available,Not Available,4.7,Not Available,Not Available,Not Available,No,Not Available,0.72,Not Available,36,Not Available,Not Available,2015-12-31T00:00:00.000,No,Not Available,Not Available,Not Available,No,Not Available,Not Applicable: Standalone Property,Not Available,Not Available,Not Available,Not Available,Multifamily Housing,Not Available,Not Available,Not Available,50000,Not Available,Not Available,Ok
629 Kappock St,Multifamily Housing,12049464,2016-03-22,Not Applicable: Standalone Property,No,583.4,Not Available,3626.6,Not Available,Not Available,Not Available,-27,Not Available,Not Available,Not Available,Not Available,Not Available,Not Available,Not Available,Not Available,Not Available,Not Available,Not Available,29302.0,Not Available,Not Available,Not Available,Not Available,Not Available,Not Available,0.75821,99,Not Available,Not Available,3416039.9,Not Available,Not Available,3.4,Not Available,Not Available,Not Available,Yes,Not Available,0,Not Available,99,Not Available,Not Available,2015-12-31T00:00:00.000,No,Not Available,Not Available,Not Available,No,Not Available,Not Applicable: Standalone Property,Not Available,Not Available,Not Available,Not Available,Multifamily Housing,Not Available,Not Available,Not Available,130570,3626.6,Not Available,Ok
1133 York Ave,Ambulatory Surgical Center,Not Available,2016-02-17,Not Applicable: Standalone Property,No,1884.3,Not Available,Not Available,238000,Not Available,Not Available,53.2,Not Available,Not Available,Not Available,Not Available,Not Available,Not Available,Not Available,Not Available,Not Available,Not Available,Not Available,10602.0,Not Available,Not Available,Not Available,Not Available,Not Available,Not Available,Not Available,Not Available,Not Available,Not Available,Not Available,Not Available,Not Available,Not Available,Not Available,Not Available,Not Available,No,Not Available,Not Available,Not Available,Not Available,Not Available,Not Available,2015-12-31T00:00:00.000,No,Not Available,Not Available,Not Available,No,Not Available,Not Applicable: Standalone Property,Not Available,Not Available,Not Available,Not Available,Ambulatory Surgical Center,Not Available,Not Available,Not Available,238000,Not Available,Not Available,Ok
105 Buckingham Road,Multifamily Housing,7541085.4,Not Available,Not Applicable: Standalone Property,No,353.7,Not Available,2512.3,Not Available,Not Available,Not Available,-18.3,Not Available,Not Available,Not Available,Not Available,Not Available,Not Available,Not Available,Not Available,Not Available,Not Available,Not Available,512.0,Not Available,Not Available,Not Available,Not Available,Not Available,Not Available,0.78343,0,Not Available,Not Available,4209977.8,Not Available,Not Available,2.3,Not Available,Not Available,Not Available,Yes,Not Available,0.78343,Not Available,61,Not Available,Not Available,2015-12-31T00:00:00.000,No,Not Available,Not Available,Not Available,No,Not Available,Not Applicable: Standalone Property,Not Available,Not Available,Not Available,Not Available,Multifamily Housing,Not Available,Not Available,Not Available,77863,2512.3,Not Available,Ok
239-245 E 44th St.,Multifamily Housing,21263913.5,2016-03-23,Not Applicable: Standalone Property,No,971.6,Not Available,6681.4,Not Available,Not Available,Not Available,-16.4,Not Available,Not Available,Not Available,Not Available,Not Available,Not Available,Not Available,Not Available,Not Available,Not Available,Not Available,90.0,Not Available,Not Available,Not Available,Not Available,Not Available,Not Available,0.96678,0,Not Available,Not Available,214096.7,Not Available,Not Available,5.7,Not Available,Not Available,Not Available,Yes,Not Available,0.96678,Not Available,200,Not Available,Not Available,2015-12-31T00:00:00.000,No,Not Available,Not Available,Not Available,No,Not Available,Not Applicable: Standalone Property,Not Available,Not Available,Not Available,Not Available,Multifamily Housing,Not Available,Not Available,Not Available,206872,6681.4,Not Available,Ok
181 Clarkson Ave,Multifamily Housing,5926753.6,2016-03-27,Not Applicable: Standalone Property,No,262.6,Not Available,4240,Not Available,Not Available,Not Available,-23.8,Not Available,Not Available,Not Available,Not Available,Not Available,Not Available,Not Available,Not Available,Not Available,Not Available,Not Available,822.0,Not Available,Not Available,Not Available,Not Available,Not Available,Not Available,0.86957,0,Not Available,Not Available,4118114.7,Not Available,Not Available,2.5,Not Available,Not Available,Not Available,Yes,Not Available,0.86957,Not Available,54,Not Available,Not Available,2015-12-31T00:00:00.000,No,Not Available,Not Available,Not Available,No,Not Available,Not Applicable: Standalone Property,Not Available,Not Available,Not Available,Not Available,Multifamily Housing,Not Available,Not Available,Not Available,62100,4240,Not Available,Ok
42 Broadway,Office,88602671.7,Not Available,Not Applicable: Standalone Property,No,2893,Not Available,Not Available,Not Available,Not Available,Not Available,-12.6,Not Available,Not Available,Not Available,Not Available,Not Available,Not Available,Not Available,Not Available,Not Available,Not Available,Not Available,9.0,2.3,Not Available,Not Available,Not Available,Not Available,Not Available,Not Available,Not Available,Not Available,Not Available,Not Available,Not Available,Not Available,18.4,Not Available,Not Available,Not Available,No,Not Available,Not Available,Not Available,Not Available,Not Available,Not Available,2015-12-31T00:00:00.000,Yes,100,Not Available,Not Available,No,Not Available,Not Applicable: Standalone Property,Not Available,Not Available,Not Available,Not Available,Office,Not Available,Not Available,Not Available,389917,Not Available,Not Available,Ok
135 West 27th Street,"Medical Office, Office",Not Available,2016-03-01,Not Applicable: Standalone Property,No,352.1,No,1003,Not Available,Not Available,Not Available,0.1,Not Available,Not Available,Not Available,Not Available,Not Available,Not Available,Not Available,Not Available,Not Available,Not Available,Not Available,95.0,1.9596,Not Available,Not Available,Not Available,Not Available,Not Available,Not Available,Not Available,Not Available,Not Available,1056.7,Not Available,Not Available,14.4,Not Available,Not Available,Not Available,No,Not Available,Not Available,Not Available,Not Available,Not Available,Not Available,2015-12-31T00:00:00.000,No,81.82,Not Available,Not Available,No,Not Available,Not Applicable: Standalone Property,Not Available,Not Available,Not Available,55,Office,Not Available,Not Available,Not Available,56250,1003,Not Available,Ok
217 Broadway,Office,1847711198,Not Available,Not Applicable: Standalone Property,No,102676.8,Not Available,Not Available,Not Available,Not Available,Not Available,5557.2,Not Available,Not Available,Not Available,Not Available,Not Available,Not Available,Not Available,Not Available,Not Available,Not Available,No,21.0,2.11513,Not Available,Not Available,Not Available,Not Available,Not Available,Not Available,Not Available,Not Available,Not Available,Not Available,Not Available,Not Available,17.9,Not Available,Not Available,Not Available,No,Not Available,Not Available,Not Available,Not Available,Not Available,Not Available,2015-12-31T00:00:00.000,No,100,Not Available,Not Available,No,Not Available,Not Applicable: Standalone Property,Not Available,Not Available,Not Available,Not Available,Office,Not Available,Not Available,Not Available,137580,Not Available,Not Available,Ok
50 ocean parkway,"Multifamily Housing, Office",6102380.9,2016-03-22,Not Applicable: Standalone Property,No,253.7,Not Available,2667,Not Available,Not Available,Not Available,-30.7,Not Available,Not Available,Not Available,Not Available,Not Available,Not Available,Not Available,Not Available,Not Available,Not Available,Not Available,504.0,2.5,Not Available,Not Available,Not Available,Not Available,Not Available,0.88087,0,Not Available,Not Available,3590394.2,Not Available,Not Available,3,Not Available,Not Available,Not Available,No,Not Available,0.88087,Not Available,58,Not Available,Not Available,2015-12-31T00:00:00.000,No,100,Not Available,Not Available,No,Not Available,Not Applicable: Standalone Property,Not Available,Not Available,Not Available,Not Available,Multifamily Housing,Not Available,Not Available,Not Available,69444,2667,Not Available,Ok
209 East 165th Street,Multifamily Housing,6008562.1,2016-03-30,Not Applicable: Standalone Property,No,443.5,No,10413.9,Not Available,Not Available,Not Available,-17.4,Not Available,Not Available,Not Available,Not Available,Not Available,Not Available,Not Available,Not Available,Not Available,Not Available,Not Available,18102.0,Not Available,Not Available,Not Available,Not Available,Not Available,Not Available,0.94595,0,Not Available,Not Available,8686.7,Not Available,Not Available,0.2,Not Available,Not Available,Not Available,Yes,Not Available,0.47298,Not Available,60,Not Available,Not Available,2015-12-31T00:00:00.000,No,Not Available,Not Available,Not Available,No,Not Available,Not Applicable: Standalone Property,Not Available,Not Available,Not Available,Not Available,Multifamily Housing,Not Available,Not Available,Not Available,63428,10413.9,Not Available,Ok
408 West 130 street,Multifamily Housing,6942865.6,2016-03-27,Not Applicable: Standalone Property,No,284.8,No,3843.3,Not Available,Not Available,Not Available,-31,Not Available,Not Available,Not Available,Not Available,Not Available,Not Available,Not Available,Not Available,Not Available,Not Available,Not Available,21303.0,Not Available,Not Available,Not Available,Not Available,Not Available,Not Available,1.14088,0,Not Available,Not Available,3961725.1,Not Available,Not Available,3.5,Not Available,Not Available,Not Available,Yes,Not Available,1.14088,Not Available,83,Not Available,Not Available,2015-12-31T00:00:00.000,No,Not Available,Not Available,Not Available,No,Not Available,Not Applicable: Standalone Property,Not Available,Not Available,Not Available,Not Available,Multifamily Housing,Not Available,Not Available,Not Available,72751,3843.3,Not Available,Ok
1920 Amsterdam Avenue,Multifamily Housing,14796556,Not Available,Not Applicable: Standalone Property,No,615.8,Not Available,9873.1,Not Available,Not Available,Not Available,-36.6,Not Available,Not Available,Not Available,Not Available,Not Available,Not Available,Not Available,Not Available,Not Available,Not Available,Not Available,241.0,Not Available,Not Available,Not Available,Not Available,Not Available,Not Available,1.0095,183,Not Available,Not Available,8772505.2,Not Available,Not Available,2.9,Not Available,Not Available,Not Available,Yes,Not Available,0,Not Available,183,Not Available,Not Available,2015-12-31T00:00:00.000,No,Not Available,Not Available,Not Available,No,Not Available,Not Applicable: Standalone Property,Not Available,Not Available,Not Available,Not Available,Multifamily Housing,Not Available,Not Available,Not Available,181278,Not Available,Not Available,Ok
186 Pinehurst Avenue,Multifamily Housing,8205820.7,Not Available,Not Applicable: Standalone Property,No,488.2,No,3649.6,Not Available,Not Available,Not Available,-8,Not Available,Not Available,Not Available,Not Available,Not Available,Not Available,Not Available,Not Available,Not Available,Not Available,Not Available,273.0,Not Available,Not Available,Not Available,Not Available,Not Available,Not Available,0.99461,0,Not Available,Not Available,Not Available,Not Available,Not Available,3.4,Not Available,Not Available,Not Available,No,Not Available,0.99461,Not Available,65,Not Available,Not Available,2015-12-31T00:00:00.000,No,Not Available,Not Available,Not Available,No,Not Available,Not Applicable: Standalone Property,Not Available,Not Available,Not Available,Not Available,Multifamily Housing,Not Available,Not Available,Not Available,65352,3649.6,Not Available,Ok
140 MARSH AVE,Retail Store,27193927.6,Not Available,Not Applicable: Standalone Property,No,772.8,Not Available,Not Available,Not Available,Not Available,Not Available,-30.6,Not Available,Not Available,Not Available,Not Available,Not Available,Not Available,Not Available,Not Available,Not Available,Not Available,Not Available,27702.0,Not Available,Not Available,Not Available,Not Available,Not Available,100,Not Available,Not Available,Not Available,Not Available,1761001.3,Not Available,Not Available,13.2,Not Available,Not Available,Not Available,Yes,Not Available,Not Available,Not Available,Not Available,Not Available,2013,2015-12-31T00:00:00.000,No,Not Available,Not Available,0,No,0,Not Applicable: Standalone Property,Not Available,Not Available,Not Available,Not Available,Retail Store,Not Available,Not Available,Not Available,179200,Not Available,Not Available,Ok
41-47 St. Nicholas Terrace,Multifamily Housing,9239712.3,Not Available,Not Applicable: Standalone Property,No,477.2,No,3444.8,Not Available,Not Available,Not Available,-7.7,Not Available,Not Available,Not Available,Not Available,Not Available,Not Available,Not Available,Not Available,Not Available,Not Available,Not Available,21303.0,Not Available,Not Available,Not Available,Not Available,Not Available,Not Available,1.07096,0,Not Available,Not Available,527900.1,Not Available,Not Available,5.5,Not Available,Not Available,Not Available,No,Not Available,1.07096,Not Available,71,Not Available,Not Available,2015-12-31T00:00:00.000,No,Not Available,Not Available,Not Available,No,Not Available,Not Applicable: Standalone Property,Not Available,Not Available,Not Available,Not Available,Multifamily Housing,Not Available,Not Available,Not Available,66296,3444.8,Not Available,Ok
643 West 43rd Street,"Non-Refrigerated Warehouse, Office",125149771,Not Available,Not Applicable: Standalone Property,No,4025.8,Not Available,Not Available,Not Available,Not Available,Not Available,-30.3,Not Available,Not Available,Not Available,Not Available,Not Available,Not Available,Not Available,Not Available,Not Available,Not Available,Not Available,129.0,7.6337,Not Available,Not Available,Not Available,Not Available,Not Available,Not Available,Not Available,Not Available,Not Available,28029742.7,Not Available,Not Available,9.7,Not Available,Not Available,Not Available,No,Not Available,Not Available,Not Available,Not Available,Not Available,Not Available,2015-12-31T00:00:00.000,No,100,Not Available,Not Available,No,Not Available,Not Applicable: Standalone Property,Not Available,Not Available,Not Available,Not Available,Non-Refrigerated Warehouse,Not Available,Not Available,Not Available,928216,Not Available,Not Available,Ok
351 E 68 St,"Medical Office, Office, Other",20504531,Not Available,3615313,No,641,Not Available,Not Available,Not Available,Not Available,Not Available,66,Not Available,Not Available,Not Available,Not Available,Not Available,Not Available,Not Available,Not Available,Not Available,Not Available,No,118.0,2.3,Not Available,Not Available,Not Available,Not Available,Not Available,Not Available,Not Available,Not Available,Not Available,Not Available,Not Available,Not Available,26.6,Not Available,Not Available,Not Available,No,Not Available,Not Available,Not Available,Not Available,Not Available,Not Available,2015-12-31T00:00:00.000,Yes,100,Not Available,Not Available,No,Not Available,Memorial Sloan Kettering Cancer Center 1,Not Available,Not Available,Not Available,60,Medical Office,Not Available,Not Available,Not Available,60274,Not Available,Not Available,Ok
144-25 Roosevelt Avenue,Multifamily Housing,17654614.4,2016-03-30,Not Applicable: Standalone Property,No,1034.7,No,Not Available,Not Available,Not Available,Not Available,0.6,Not Available,Not Available,Not Available,Not Available,Not Available,Not Available,Not Available,Not Available,Not Available,Not Available,Not Available,863.0,Not Available,Not Available,Not Available,Not Available,Not Available,Not Available,1.24902,0,Not Available,Not Available,1012000,Not Available,Not Available,4,Not Available,Not Available,Not Available,No,Not Available,1.24902,Not Available,161,Not Available,Not Available,2015-12-31T00:00:00.000,No,Not Available,Not Available,Not Available,No,Not Available,Not Applicable: Standalone Property,Not Available,Not Available,Not Available,Not Available,Multifamily Housing,Not Available,Not Available,Not Available,128901,Not Available,Not Available,Ok
3215 Netherland Avenue,Multifamily Housing,6334563.1,2016-03-23,Not Applicable: Standalone Property,No,262.3,Not Available,2508.2,Not Available,Not Available,Not Available,-48.9,Not Available,Not Available,Not Available,Not Available,Not Available,Not Available,Not Available,Not Available,Not Available,Not Available,Not Available,297.0,Not Available,Not Available,Not Available,Not Available,Not Available,Not Available,0.85,0,Not Available,Not Available,3705049.9,Not Available,Not Available,2.9,Not Available,Not Available,Not Available,Yes,Not Available,0.85,Not Available,68,Not Available,Not Available,2015-12-31T00:00:00.000,No,Not Available,Not Available,Not Available,No,Not Available,Not Applicable: Standalone Property,Not Available,Not Available,Not Available,Not Available,Multifamily Housing,Not Available,Not Available,Not Available,80000,2508.2,Not Available,Ok
1520 Ocean Avenue,Multifamily Housing,4870911.6,2016-03-09,Not Applicable: Standalone Property,No,199.5,Not Available,4730.3,Not Available,Not Available,Not Available,-39.8,Not Available,Not Available,Not Available,Not Available,Not Available,Not Available,Not Available,Not Available,Not Available,Not Available,Not Available,762.0,Not Available,Not Available,Not Available,Not Available,Not Available,Not Available,0.83601,0,Not Available,Not Available,2906489.8,Not Available,Not Available,2.5,Not Available,Not Available,Not Available,Yes,Not Available,0.83601,Not Available,52,Not Available,Not Available,2015-12-31T00:00:00.000,No,Not Available,Not Available,Not Available,No,Not Available,Not Applicable: Standalone Property,Not Available,Not Available,Not Available,Not Available,Multifamily Housing,Not Available,Not Available,Not Available,62200,4730.3,Not Available,Ok
43-30 46 Street,Multifamily Housing,Not Available,Not Available,Not Applicable: Standalone Property,No,20.2,Not Available,Not Available,Not Available,Not Available,Not Available,-95.1,Not Available,Not Available,Not Available,Not Available,Not Available,Not Available,Not Available,Not Available,Not Available,Not Available,Not Available,183.0,Not Available,Not Available,Not Available,Not Available,Not Available,Not Available,1.2,0,Not Available,Not Available,380940,Not Available,Not Available,Not Available,Not Available,Not Available,Not Available,No,Not Available,0,Not Available,100.8,Not Available,Not Available,2015-12-31T00:00:00.000,Yes,Not Available,Not Available,Not Available,No,Not Available,Not Applicable: Standalone Property,Not Available,Not Available,Not Available,Not Available,Multifamily Housing,Not Available,Not Available,Not Available,84000,Not Available,Not Available,Ok
495 East 178th Street,Multifamily Housing,6294877.1,Not Available,Not Applicable: Standalone Property,No,375.5,No,Not Available,Not Available,Not Available,Not Available,-10.7,Not Available,Not Available,Not Available,Not Available,Not Available,Not Available,Not Available,Not Available,Not Available,Not Available,Not Available,395.0,Not Available,Not Available,Not Available,Not Available,Not Available,Not Available,1.01565,0,Not Available,Not Available,112500,Not Available,Not Available,3.1,Not Available,Not Available,Not Available,No,Not Available,0.32646,Not Available,56,Not Available,Not Available,2015-12-31T00:00:00.000,No,Not Available,Not Available,Not Available,No,Not Available,Not Applicable: Standalone Property,Not Available,Not Available,Not Available,Not Available,Multifamily Housing,Not Available,Not Available,Not Available,55137,Not Available,Not Available,Ok
379 Washington Avenue,Multifamily Housing,18884264.3,Not Available,Not Applicable: Standalone Property,No,741.5,Not Available,Not Available,Not Available,Not Available,Not Available,33.3,Not Available,Not Available,Not Available,Not Available,Not Available,Not Available,Not Available,Not Available,Not Available,Not Available,Not Available,197.0,Not Available,Not Available,Not Available,Not Available,Not Available,Not Available,0.9026,0,Not Available,Not Available,9735613.5,Not Available,Not Available,8.3,Not Available,Not Available,Not Available,No,Not Available,0.9026,Not Available,86,Not Available,Not Available,2015-12-31T00:00:00.000,No,Not Available,Not Available,Not Available,No,Not Available,Not Applicable: Standalone Property,Not Available,Not Available,Not Available,Not Available,Multifamily Housing,Not Available,Not Available,Not Available,95280,Not Available,Not Available,Ok
65-47 / 65-53 160th Street,Multifamily Housing,5611296.3,Not Available,4442829,Not Available,407.5,Not Available,4169.6,Not Available,Not Available,Not Available,-47.1,Not Available,Not Available,Not Available,Not Available,Not Available,Not Available,Not Available,Not Available,Not Available,Not Available,Not Available,,Not Available,Not Available,Not Available,Not Available,Not Available,Not Available,1.02857,0,Not Available,Not Available,Not Available,Not Available,Not Available,Not Available,Not Available,Not Available,Not Available,Yes,Not Available,1.02857,Not Available,72,Not Available,Not Available,2015-12-31T00:00:00.000,No,Not Available,Not Available,Not Available,No,Not Available,Fourth Housing Company Inc.,Not Available,Not Available,Not Available,Not Available,Multifamily Housing,Not Available,Not Available,Not Available,70000,Not Available,Not Available,Ok
1648 West 9th Street,Multifamily Housing,5031959.2,2016-03-15,Not Applicable: Standalone Property,No,207.3,Not Available,719443.1,Not Available,Not Available,Not Available,-33.9,Not Available,Not Available,Not Available,Not Available,Not Available,Not Available,Not Available,Not Available,Not Available,Not Available,Not Available,428.0,Not Available,Not Available,Not Available,Not Available,Not Available,Not Available,1.2,0,Not Available,Not Available,3056700,Not Available,Not Available,2.5,Not Available,Not Available,Not Available,No,Not Available,0,Not Available,75.17,Not Available,Not Available,2015-12-31T00:00:00.000,Yes,Not Available,Not Available,Not Available,No,Not Available,Not Applicable: Standalone Property,Not Available,Not Available,Not Available,Not Available,Multifamily Housing,Not Available,Not Available,Not Available,62640,719443.1,Not Available,Ok
1629 Walton Ave,"Multifamily Housing, Retail Store, Supermarket/Grocery Store",10244803.2,Not Available,Not Applicable: Standalone Property,No,416.9,No,Not Available,Not Available,Not Available,Not Available,2.3,Not Available,Not Available,Not Available,Not Available,Not Available,Not Available,Not Available,Not Available,Not Available,Not Available,Not Available,22702.0,Not Available,Not Available,Not Available,Not Available,Not Available,16.78,0.89952,0,2424,Not Available,5648873.7,Not Available,Not Available,5.1,Not Available,Not Available,Not Available,No,Not Available,0.89952,Not Available,65,Not Available,Not Available,2015-12-31T00:00:00.000,Yes,Not Available,Not Available,0,No,0,Not Applicable: Standalone Property,Not Available,Not Available,Not Available,Not Available,Multifamily Housing,Not Available,Not Available,Not Available,79159,Not Available,Not Available,Ok
18-20 East 50th Street,Office,19206872,2016-03-23,Not Applicable: Standalone Property,No,671.7,Not Available,Not Available,Not Available,Not Available,Not Available,44.7,Not Available,Not Available,Not Available,Not Available,Not Available,Not Available,Not Available,Not Available,Not Available,Not Available,No,102.0,2.77678,Not Available,Not Available,Not Available,Not Available,Not Available,Not Available,Not Available,Not Available,Not Available,Not Available,Not Available,Not Available,22.2,Not Available,Not Available,Not Available,No,Not Available,Not Available,Not Available,Not Available,Not Available,Not Available,2015-12-31T00:00:00.000,Yes,100,Not Available,Not Available,No,Not Available,Not Applicable: Standalone Property,Not Available,Not Available,Not Available,Not Available,Office,Not Available,Not Available,Not Available,58341,Not Available,Not Available,Ok
320 Empire Blvd,Multifamily Housing,8417664,2016-03-27,Not Applicable: Standalone Property,No,358.1,Not Available,5757,Not Available,Not Available,Not Available,-24.8,Not Available,Not Available,Not Available,Not Available,Not Available,Not Available,Not Available,Not Available,Not Available,Not Available,Not Available,329.0,Not Available,Not Available,Not Available,Not Available,Not Available,Not Available,0.88686,0,Not Available,Not Available,5332281.1,Not Available,Not Available,3,Not Available,Not Available,Not Available,Yes,Not Available,0.88686,Not Available,77,Not Available,Not Available,2015-12-31T00:00:00.000,No,Not Available,Not Available,Not Available,No,Not Available,Not Applicable: Standalone Property,Not Available,Not Available,Not Available,Not Available,Multifamily Housing,Not Available,Not Available,Not Available,86823,5757,Not Available,Ok
1240 Walton Avenue,"Medical Office, Multifamily Housing",20753082.3,Not Available,Not Applicable: Standalone Property,No,856.4,Not Available,Not Available,Not Available,Not Available,Not Available,-5.6,Not Available,Not Available,Not Available,Not Available,Not Available,Not Available,Not Available,Not Available,Not Available,Not Available,Not Available,197.0,Not Available,Not Available,Not Available,Not Available,Not Available,Not Available,0.96636,0,Not Available,Not Available,12250163.4,Not Available,Not Available,4.1,Not Available,Not Available,Not Available,No,Not Available,0.96636,Not Available,163,Not Available,Not Available,2015-12-31T00:00:00.000,Yes,Not Available,Not Available,Not Available,No,Not Available,Not Applicable: Standalone Property,Not Available,Not Available,Not Available,65,Multifamily Housing,Not Available,Not Available,Not Available,171034,Not Available,Not Available,Ok
86 Fort Washington Ave,Multifamily Housing,Not Available,Not Available,Not Applicable: Standalone Property,No,452.4,Not Available,8527.4,Not Available,Not Available,Not Available,24,Not Available,Not Available,Not Available,Not Available,Not Available,Not Available,Not Available,Not Available,Not Available,Not Available,Not Available,245.0,Not Available,Not Available,Not Available,Not Available,Not Available,Not Available,0.9932,0,Not Available,Not Available,6124199.9,Not Available,Not Available,5.1,Not Available,Not Available,Not Available,No,Not Available,0.21153,Not Available,71.6,Not Available,Not Available,2015-12-31T00:00:00.000,Yes,Not Available,Not Available,Not Available,No,Not Available,Not Applicable: Standalone Property,Not Available,Not Available,Not Available,Not Available,Multifamily Housing,Not Available,Not Available,Not Available,72090,8527.4,Not Available,Ok
97 Horatio Street,Multifamily Housing,3899050.4,2016-03-24,Not Applicable: Standalone Property,No,117.7,Not Available,Not Available,Not Available,Not Available,Not Available,-56.3,Not Available,Not Available,Not Available,Not Available,Not Available,Not Available,Not Available,Not Available,Not Available,Not Available,Not Available,79.0,Not Available,Not Available,Not Available,Not Available,Not Available,Not Available,0.65111,53,Not Available,Not Available,111857.9,Not Available,Not Available,4.1,Not Available,Not Available,Not Available,Yes,Not Available,0,Not Available,53,Not Available,Not Available,2015-12-31T00:00:00.000,No,Not Available,Not Available,Not Available,No,Not Available,Not Applicable: Standalone Property,Not Available,Not Available,Not Available,Not Available,Multifamily Housing,Not Available,Not Available,Not Available,81400,Not Available,Not Available,Ok
24-02 Queens Plaza South,Adult Education,16436668.3,2016-02-29,Not Applicable: Standalone Property,No,577.2,Not Available,863.6,Not Available,Not Available,Not Available,59.2,Not Available,Not Available,Not Available,Not Available,Not Available,Not Available,Not Available,Not Available,Not Available,Not Available,Not Available,19.0,Not Available,Not Available,Not Available,Not Available,Not Available,Not Available,Not Available,Not Available,Not Available,Not Available,5376246.2,Not Available,Not Available,13.6,Not Available,Not Available,Not Available,No,Not Available,Not Available,Not Available,Not Available,Not Available,Not Available,2015-12-31T00:00:00.000,No,Not Available,Not Available,Not Available,No,Not Available,Not Applicable: Standalone Property,Not Available,Not Available,Not Available,Not Available,Adult Education,Not Available,Not Available,Not Available,74105,Not Available,Not Available,Ok
189-14 Crocheron Ave,Multifamily Housing,13754595,Not Available,Not Applicable: Standalone Property,No,360.1,Not Available,3423.8,Not Available,Not Available,Not Available,16.2,Not Available,Not Available,Not Available,Not Available,Not Available,Not Available,Not Available,Not Available,Not Available,Not Available,Not Available,1139.0,Not Available,Not Available,Not Available,Not Available,Not Available,Not Available,1.2,0,Not Available,Not Available,Not Available,Not Available,Not Available,13.3,Not Available,Not Available,Not Available,No,Not Available,0,Not Available,116.26,Not Available,Not Available,2015-12-31T00:00:00.000,Yes,Not Available,Not Available,Not Available,No,Not Available,Not Applicable: Standalone Property,Not Available,Not Available,Not Available,Not Available,Multifamily Housing,Not Available,Not Available,Not Available,96881,Not Available,Not Available,Ok
150 West 80th Street,Multifamily Housing,4225988.6,Not Available,Not Applicable: Standalone Property,No,204.6,Not Available,Not Available,Not Available,Not Available,Not Available,-50.3,Not Available,Not Available,Not Available,Not Available,Not Available,Not Available,Not Available,Not Available,Not Available,Not Available,Not Available,165.0,Not Available,Not Available,Not Available,Not Available,Not Available,Not Available,1.2,0,Not Available,Not Available,3674132.7,Not Available,Not Available,0.5,Not Available,Not Available,Not Available,No,Not Available,0,Not Available,84,Not Available,Not Available,2015-12-31T00:00:00.000,Yes,Not Available,Not Available,Not Available,No,Not Available,Not Applicable: Standalone Property,Not Available,Not Available,Not Available,Not Available,Multifamily Housing,Not Available,Not Available,Not Available,70000,Not Available,Not Available,Ok
85-15 139th Street,Multifamily Housing,Not Available,Not Available,Not Applicable: Standalone Property,No,105.3,Not Available,6768.8,Not Available,Not Available,Not Available,-82.8,Not Available,Not Available,Not Available,Not Available,Not Available,Not Available,Not Available,Not Available,Not Available,Not Available,Not Available,214.0,Not Available,Not Available,Not Available,Not Available,Not Available,Not Available,1.44651,0,Not Available,Not Available,433166.7,Not Available,Not Available,0.7,Not Available,Not Available,Not Available,Yes,Not Available,1.44651,Not Available,106,Not Available,Not Available,2015-12-31T00:00:00.000,No,Not Available,Not Available,Not Available,No,Not Available,Not Applicable: Standalone Property,Not Available,6768.8,Not Available,Not Available,Multifamily Housing,Not Available,Not Available,Not Available,73280,Not Available,Not Available,Ok
62-60 99th Street,Multifamily Housing,Not Available,Not Available,Not Applicable: Standalone Property,No,1877,Not Available,18525.5,Not Available,Not Available,Not Available,-40.2,Not Available,Not Available,Not Available,Not Available,Not Available,Not Available,Not Available,Not Available,Not Available,Not Available,Not Available,71701.0,Not Available,Not Available,Not Available,Not Available,Not Available,Not Available,0.83101,418,Not Available,Not Available,25473300.2,Not Available,Not Available,0.7,Not Available,Not Available,Not Available,No,Not Available,0,Not Available,418,Not Available,Not Available,2015-12-31T00:00:00.000,Yes,Not Available,Not Available,Not Available,Yes,Not Available,Not Applicable: Standalone Property,Not Available,Not Available,Not Available,Not Available,Multifamily Housing,Not Available,Not Available,Not Available,503000,Not Available,Not Available,Ok
4122 42nd st,Multifamily Housing,6823262.6,2016-03-30,Not Applicable: Standalone Property,No,383.2,No,Not Available,Not Available,Not Available,Not Available,-10.3,Not Available,Not Available,Not Available,Not Available,Not Available,Not Available,Not Available,Not Available,Not Available,Not Available,Not Available,18102.0,Not Available,Not Available,Not Available,Not Available,Not Available,Not Available,0.93897,0,Not Available,Not Available,464500,Not Available,Not Available,3.7,Not Available,Not Available,Not Available,No,Not Available,0.93897,Not Available,58,Not Available,Not Available,2015-12-31T00:00:00.000,No,Not Available,Not Available,Not Available,No,Not Available,Not Applicable: Standalone Property,Not Available,Not Available,Not Available,Not Available,Multifamily Housing,Not Available,Not Available,Not Available,61770,Not Available,Not Available,Ok
One Bryant Park,"Data Center, Financial Office, Office, Other, Retail Store",710879901.9,Not Available,Not Applicable: Standalone Property,No,28499.8,Not Available,Not Available,Not Available,Not Available,Not Available,118.7,Not Available,Not Available,Not Available,Not Available,Not Available,Not Available,Not Available,Not Available,Not Available,Not Available,No,119.0,2.21682,Not Available,0,Not Available,Not Available,97.01,Not Available,Not Available,Not Available,0,370287322.1,Not Available,Not Available,13.3,Not Available,Not Available,Not Available,No,Not Available,Not Available,Not Available,Not Available,104,Not Available,2015-12-31T00:00:00.000,Yes,100,Not Available,0,No,0.06741,Not Applicable: Standalone Property,Not Available,Not Available,Not Available,Not Available,Financial Office,Not Available,Not Available,Not Available,2212675,Not Available,Not Available,Ok
455 West 37th Street,"Multifamily Housing, Retail Store",64049303.1,2016-03-24,Not Applicable: Standalone Property,No,2296.9,Not Available,16049.5,Not Available,Not Available,Not Available,9.6,Not Available,Not Available,Not Available,Not Available,Not Available,Not Available,Not Available,Not Available,Not Available,Not Available,Not Available,111.0,Not Available,Not Available,Not Available,Not Available,Not Available,100,1.07008,445,Not Available,Not Available,23389346.9,Not Available,Not Available,8.6,Not Available,Not Available,Not Available,No,Not Available,0,Not Available,445,Not Available,Not Available,2015-12-31T00:00:00.000,Yes,Not Available,Not Available,12,No,0.18756,Not Applicable: Standalone Property,Not Available,Not Available,Not Available,Not Available,Multifamily Housing,Not Available,Not Available,Not Available,426519,16049.5,Not Available,Ok
401 East 34th Street,"Medical Office, Multifamily Housing, Parking, Retail Store",88383966.8,Not Available,Not Applicable: Standalone Property,No,3154.9,Not Available,32177.5,Not Available,Not Available,Not Available,-18.3,Not Available,Not Available,Not Available,Not Available,Not Available,Not Available,Not Available,Not Available,Not Available,Not Available,Not Available,8601.0,Not Available,Not Available,Not Available,Not Available,Not Available,100,0.88382,739,Not Available,Not Available,30808812.2,Not Available,Not Available,6.1,Not Available,10000,Not Available,No,Not Available,0,10000,739,Not Available,Not Available,2015-12-31T00:00:00.000,No,Not Available,Not Available,0,No,0,Not Applicable: Standalone Property,Not Available,Not Available,Not Available,65,Multifamily Housing,Not Available,Not Available,Not Available,859144,32177.5,Not Available,Ok
525 East 71st St,Other - Specialty Hospital,52934162.2,Not Available,Not Applicable: Standalone Property,No,1400.9,Not Available,68227.8,Not Available,Not Available,Not Available,-35.9,Not Available,Not Available,Not Available,Not Available,Not Available,Not Available,Not Available,Not Available,Not Available,Not Available,Not Available,124.0,Not Available,Not Available,Not Available,Not Available,Not Available,Not Available,Not Available,Not Available,Not Available,Not Available,110400,Not Available,Not Available,23.3,Not Available,Not Available,Not Available,No,Not Available,Not Available,Not Available,Not Available,Not Available,Not Available,2015-12-31T00:00:00.000,No,Not Available,Not Available,Not Available,No,Not Available,Not Applicable: Standalone Property,Not Available,Not Available,Not Available,Not Available,Other - Specialty Hospital,Not Available,Not Available,Not Available,211990,68227.8,Not Available,Ok
400 West 55th Street,"Medical Office, Multifamily Housing, Office, Other, Retail Store",36229296.1,2016-03-08,Not Applicable: Standalone Property,No,1218.1,Not Available,8012.1,Not Available,Not Available,Not Available,50.6,Not Available,Not Available,Not Available,Not Available,Not Available,Not Available,Not Available,Not Available,Not Available,Not Available,Not Available,139.0,2.41546,Not Available,Not Available,Not Available,Not Available,60,0.96044,149,Not Available,Not Available,9919513.2,Not Available,Not Available,12.6,Not Available,Not Available,Not Available,No,Not Available,0,Not Available,149,Not Available,Not Available,2015-12-31T00:00:00.000,Yes,100,Not Available,1,No,0,Not Applicable: Standalone Property,Not Available,Not Available,Not Available,168,Multifamily Housing,Not Available,Not Available,Not Available,189933,8012.1,Not Available,Ok
177 E. 75th Street,Multifamily Housing,19008506,Not Available,Not Applicable: Standalone Property,No,924.5,Not Available,7128.3,Not Available,Not Available,Not Available,-4.4,Not Available,Not Available,Not Available,Not Available,Not Available,Not Available,Not Available,Not Available,Not Available,Not Available,No,128.0,Not Available,Not Available,Not Available,Not Available,Not Available,Not Available,0.68276,99,Not Available,Not Available,164393.5,Not Available,Not Available,2.8,Not Available,Not Available,Not Available,No,Not Available,0,Not Available,99,Not Available,Not Available,2015-12-31T00:00:00.000,No,Not Available,Not Available,Not Available,No,Not Available,Not Applicable: Standalone Property,Not Available,Not Available,Not Available,Not Available,Multifamily Housing,Not Available,Not Available,Not Available,145000,Not Available,Not Available,Ok
67-11 / 67-15 Parsons Blvd.,Multifamily Housing,Not Available,Not Available,4440047,Not Available,463.4,Not Available,4903.5,Not Available,Not Available,Not Available,-35.8,Not Available,Not Available,Not Available,Not Available,Not Available,Not Available,Not Available,Not Available,Not Available,Not Available,Not Available,,Not Available,Not Available,Not Available,Not Available,Not Available,Not Available,1.1,0,Not Available,Not Available,Not Available,Not Available,Not Available,Not Available,Not Available,Not Available,Not Available,Yes,Not Available,1.1,Not Available,77,Not Available,Not Available,2015-12-31T00:00:00.000,No,Not Available,Not Available,Not Available,No,Not Available,Third Housing Company Inc.,Not Available,Not Available,Not Available,Not Available,Multifamily Housing,Not Available,Not Available,Not Available,70000,Not Available,Not Available,Ok
209 Ave. P,Multifamily Housing,6695392.7,2016-03-27,Not Applicable: Standalone Property,No,278.2,Not Available,0,Not Available,Not Available,Not Available,-26.4,Not Available,Not Available,Not Available,Not Available,Not Available,Not Available,Not Available,Not Available,Not Available,Not Available,Not Available,432.0,Not Available,Not Available,Not Available,Not Available,Not Available,Not Available,0.91061,0,Not Available,Not Available,4054585.2,Not Available,Not Available,2.7,Not Available,Not Available,Not Available,Yes,Not Available,0.38476,Not Available,71,Not Available,Not Available,2015-12-31T00:00:00.000,No,Not Available,Not Available,Not Available,No,Not Available,Not Applicable: Standalone Property,Not Available,Not Available,Not Available,Not Available,Multifamily Housing,Not Available,Not Available,Not Available,77970,0,Not Available,Ok
70 East 8th.Street,Multifamily Housing,4473808.7,Not Available,Not Applicable: Standalone Property,No,210.2,Not Available,Not Available,Not Available,Not Available,Not Available,-41.1,Not Available,Not Available,Not Available,Not Available,Not Available,Not Available,Not Available,Not Available,Not Available,Not Available,Not Available,504.0,Not Available,Not Available,Not Available,Not Available,Not Available,Not Available,1.0578,0,Not Available,Not Available,3687136,Not Available,Not Available,0.9,Not Available,Not Available,Not Available,No,Not Available,0,Not Available,62,Not Available,Not Available,2015-12-31T00:00:00.000,Yes,Not Available,Not Available,Not Available,No,Not Available,Not Applicable: Standalone Property,Not Available,Not Available,Not Available,Not Available,Multifamily Housing,Not Available,Not Available,Not Available,58612,Not Available,Not Available,Ok
39 Broadway,Office,89820601.3,Not Available,Not Applicable: Standalone Property,No,2925.6,Not Available,Not Available,Not Available,Not Available,Not Available,-22.4,Not Available,Not Available,Not Available,Not Available,Not Available,Not Available,Not Available,Not Available,Not Available,Not Available,No,13.0,2.30197,Not Available,Not Available,Not Available,Not Available,Not Available,Not Available,Not Available,Not Available,Not Available,336593,Not Available,Not Available,14.7,Not Available,Not Available,Not Available,No,Not Available,Not Available,Not Available,Not Available,Not Available,"2013, 2012",2015-12-31T00:00:00.000,No,100,Not Available,Not Available,No,Not Available,Not Applicable: Standalone Property,Not Available,Not Available,Not Available,Not Available,Office,Not Available,Not Available,Not Available,447442,Not Available,Not Available,Ok
268 BAY RIDGE PARKWAY,Multifamily Housing,8966157.8,2016-03-27,Not Applicable: Standalone Property,No,375.2,Not Available,0,Not Available,Not Available,Not Available,-40.1,Not Available,Not Available,Not Available,Not Available,Not Available,Not Available,Not Available,Not Available,Not Available,Not Available,Not Available,66.0,Not Available,Not Available,Not Available,Not Available,Not Available,Not Available,0.58557,0,Not Available,Not Available,5617855.7,Not Available,Not Available,1.9,Not Available,Not Available,Not Available,Yes,Not Available,0,Not Available,80,Not Available,Not Available,2015-12-31T00:00:00.000,No,Not Available,Not Available,Not Available,No,Not Available,Not Applicable: Standalone Property,Not Available,Not Available,Not Available,Not Available,Multifamily Housing,Not Available,Not Available,Not Available,136620,0,Not Available,Ok
67-25 / 67-31 161st Street,Multifamily Housing,6238623.3,Not Available,4442823,Not Available,449.3,Not Available,Not Available,Not Available,Not Available,Not Available,-42,Not Available,Not Available,Not Available,Not Available,Not Available,Not Available,Not Available,Not Available,Not Available,Not Available,Not Available,,Not Available,Not Available,Not Available,Not Available,Not Available,Not Available,1.04286,0,Not Available,Not Available,Not Available,Not Available,Not Available,Not Available,Not Available,Not Available,Not Available,Yes,Not Available,1.04286,Not Available,73,Not Available,Not Available,2015-12-31T00:00:00.000,No,Not Available,Not Available,Not Available,No,Not Available,Second Housing Company Inc,Not Available,Not Available,Not Available,Not Available,Multifamily Housing,Not Available,Not Available,Not Available,70000,Not Available,Not Available,Ok
530 West 45th Street,Multifamily Housing,29202610.8,2016-03-08,Not Applicable: Standalone Property,No,1022.1,Not Available,1183642.5,Not Available,Not Available,Not Available,-17.8,Not Available,Not Available,Not Available,Not Available,Not Available,Not Available,Not Available,Not Available,Not Available,Not Available,Not Available,129.0,Not Available,Not Available,Not Available,Not Available,Not Available,Not Available,1.24409,80,Not Available,Not Available,9183995.4,Not Available,Not Available,7.9,Not Available,Not Available,Not Available,No,Not Available,0.47334,Not Available,297,Not Available,Not Available,2015-12-31T00:00:00.000,No,Not Available,Not Available,Not Available,No,Not Available,Not Applicable: Standalone Property,Not Available,Not Available,Not Available,Not Available,Multifamily Housing,Not Available,Not Available,Not Available,238729,1183642.5,Not Available,Ok
1330 Fulton Street,Multifamily Housing,6568451.2,Not Available,Not Applicable: Standalone Property,No,281.7,Not Available,7161,Not Available,Not Available,Not Available,-24.3,Not Available,Not Available,Not Available,Not Available,Not Available,Not Available,Not Available,Not Available,Not Available,Not Available,Not Available,247.0,Not Available,Not Available,Not Available,Not Available,Not Available,Not Available,1.0957,0,Not Available,Not Available,4388094.1,Not Available,Not Available,2.9,Not Available,Not Available,Not Available,Yes,Not Available,1.0957,Not Available,65,Not Available,Not Available,2015-12-31T00:00:00.000,No,Not Available,Not Available,Not Available,No,Not Available,Not Applicable: Standalone Property,Not Available,Not Available,Not Available,Not Available,Multifamily Housing,Not Available,Not Available,Not Available,59323,7161,Not Available,Ok
1265-1269 Olmstead Ave,Multifamily Housing,9638720.5,Not Available,Not Applicable: Standalone Property,No,406.8,Not Available,6446.7,Not Available,Not Available,Not Available,-22.2,Not Available,Not Available,Not Available,Not Available,Not Available,Not Available,Not Available,Not Available,Not Available,Not Available,Not Available,92.0,Not Available,Not Available,Not Available,Not Available,Not Available,Not Available,0.95004,0,Not Available,Not Available,5965600.5,Not Available,Not Available,3.4,Not Available,Not Available,Not Available,Yes,Not Available,0.95004,Not Available,88,Not Available,Not Available,2015-12-31T00:00:00.000,No,Not Available,Not Available,Not Available,No,Not Available,Not Applicable: Standalone Property,Not Available,Not Available,Not Available,Not Available,Multifamily Housing,Not Available,Not Available,Not Available,92628,6446.7,Not Available,Ok
176 WEST BROADWAY,"Multifamily Housing, Retail Store",12186182,2016-03-07,Not Applicable: Standalone Property,No,380,Not Available,2529.2,Not Available,Not Available,Not Available,141,Not Available,Not Available,Not Available,Not Available,Not Available,Not Available,Not Available,Not Available,Not Available,Not Available,Not Available,33.0,Not Available,Not Available,Not Available,Not Available,Not Available,100,0.44444,0,Not Available,Not Available,2131913.4,Not Available,Not Available,23.1,Not Available,Not Available,Not Available,No,Not Available,0.44444,Not Available,16,Not Available,Not Available,2015-12-31T00:00:00.000,No,Not Available,Not Available,2,No,0,Not Applicable: Standalone Property,Not Available,Not Available,Not Available,Not Available,Multifamily Housing,Not Available,Not Available,Not Available,53020,2529.8,Not Available,Ok
630 St Nicholas Ave,Multifamily Housing,6288949.8,2016-03-15,Not Applicable: Standalone Property,No,255.9,Not Available,3071.5,Not Available,Not Available,Not Available,160.7,Not Available,Not Available,Not Available,Not Available,Not Available,Not Available,Not Available,Not Available,Not Available,Not Available,Not Available,227.0,Not Available,Not Available,Not Available,Not Available,Not Available,Not Available,3.59677,0,Not Available,Not Available,3434433.4,Not Available,Not Available,24.5,Not Available,Not Available,Not Available,No,Not Available,1.65257,Not Available,37,Not Available,Not Available,2015-12-31T00:00:00.000,No,Not Available,Not Available,Not Available,No,Not Available,Not Applicable: Standalone Property,Not Available,Not Available,Not Available,Not Available,Multifamily Housing,Not Available,Not Available,Not Available,61332,3071.5,Not Available,Ok
430 E 67 St,"Other, Parking",295348274.9,Not Available,3615313,No,10396.1,Not Available,Not Available,Not Available,Not Available,Not Available,643.5,Not Available,Not Available,Not Available,Not Available,Not Available,Not Available,Not Available,Not Available,Not Available,Not Available,No,116.0,Not Available,Not Available,Not Available,Not Available,Not Available,Not Available,Not Available,Not Available,Not Available,Not Available,Not Available,Not Available,Not Available,59.8,Not Available,67864,Not Available,No,Not Available,Not Available,67864,Not Available,Not Available,Not Available,2015-12-31T00:00:00.000,No,Not Available,Not Available,Not Available,No,Not Available,Memorial Sloan Kettering Cancer Center 1,Not Available,Not Available,Not Available,Not Available,Other,Not Available,Not Available,Not Available,327993,Not Available,Not Available,Ok
2709 Ocean Ave.,Multifamily Housing,9478710.9,2016-03-27,Not Applicable: Standalone Property,No,401.2,Not Available,3486.1,Not Available,Not Available,Not Available,-8.8,Not Available,Not Available,Not Available,Not Available,Not Available,Not Available,Not Available,Not Available,Not Available,Not Available,Not Available,59401.0,Not Available,Not Available,Not Available,Not Available,Not Available,Not Available,0.70667,0,Not Available,Not Available,6285129.3,Not Available,Not Available,2.8,Not Available,Not Available,Not Available,No,Not Available,0.70667,Not Available,59,Not Available,Not Available,2015-12-31T00:00:00.000,No,Not Available,Not Available,Not Available,No,Not Available,Not Applicable: Standalone Property,Not Available,Not Available,Not Available,Not Available,Multifamily Housing,Not Available,Not Available,Not Available,83490,3486.1,Not Available,Ok
1260 60th Street,Multifamily Housing,43281541.7,Not Available,Not Applicable: Standalone Property,No,1273.6,Not Available,Not Available,Not Available,Not Available,Not Available,65.3,Not Available,Not Available,Not Available,Not Available,Not Available,Not Available,Not Available,Not Available,Not Available,Not Available,Not Available,192.0,Not Available,Not Available,Not Available,Not Available,Not Available,Not Available,0,0,Not Available,Not Available,5279999.5,Not Available,Not Available,17.2,Not Available,Not Available,Not Available,No,Not Available,0,Not Available,0,Not Available,Not Available,2015-12-31T00:00:00.000,No,Not Available,Not Available,Not Available,No,Not Available,Not Applicable: Standalone Property,Not Available,Not Available,Not Available,Not Available,Multifamily Housing,Not Available,Not Available,Not Available,204000,Not Available,Not Available,Ok
90-08 32nd Avenue,Multifamily Housing,55427786.2,Not Available,Not Applicable: Standalone Property,No,2335.9,Not Available,19200.8,Not Available,Not Available,Not Available,0.6,Not Available,Not Available,Not Available,Not Available,Not Available,Not Available,Not Available,Not Available,Not Available,Not Available,Not Available,351.0,Not Available,Not Available,Not Available,Not Available,Not Available,Not Available,0.95382,0,Not Available,Not Available,24182449.4,Not Available,Not Available,5.5,Not Available,Not Available,Not Available,No,Not Available,0.95382,Not Available,396,Not Available,Not Available,2015-12-31T00:00:00.000,No,Not Available,Not Available,Not Available,No,Not Available,Not Applicable: Standalone Property,Not Available,Not Available,Not Available,Not Available,Multifamily Housing,Not Available,Not Available,Not Available,415172,19200.8,Not Available,Ok
41 RIVER TERRACE,"Multifamily Housing, Supermarket/Grocery Store",41501893.3,2016-03-28,Not Applicable: Standalone Property,No,1742.2,Not Available,1369787.8,Not Available,Not Available,Not Available,-1.6,Not Available,Not Available,Not Available,Not Available,Not Available,Not Available,Not Available,Not Available,Not Available,Not Available,Not Available,31703.0,Not Available,Not Available,Not Available,Not Available,Not Available,Not Available,0.95238,340,975,Not Available,11519813,Not Available,Not Available,6.9,Not Available,Not Available,Not Available,No,Not Available,0,Not Available,340,Not Available,Not Available,2015-12-31T00:00:00.000,Yes,Not Available,Not Available,Not Available,No,Not Available,Not Applicable: Standalone Property,Not Available,Not Available,Not Available,Not Available,Multifamily Housing,Not Available,Not Available,Not Available,357975,Not Available,Not Available,Ok
425 Lexington Ave,"Data Center, Financial Office, Office, Parking",153556983.6,Not Available,Not Applicable: Standalone Property,No,4579.8,Not Available,20872.8,Not Available,Not Available,Not Available,-26.4,Not Available,Not Available,Not Available,Not Available,Not Available,Not Available,Not Available,Not Available,Not Available,Not Available,No,92.0,1.90034,Not Available,0,Not Available,Not Available,Not Available,Not Available,Not Available,Not Available,0,1049581.4,Not Available,Not Available,18.7,Not Available,10876,Not Available,No,803856,Not Available,10876,Not Available,55,2015,2015-12-31T00:00:00.000,No,100,Not Available,Not Available,No,Not Available,Not Applicable: Standalone Property,Not Available,Not Available,Not Available,Not Available,Office,Not Available,Not Available,Not Available,675086,Not Available,Not Available,Ok
65-69 / 65-73 162nd Street,Multifamily Housing,6169434.6,Not Available,4442823,Not Available,446.3,Not Available,4171.9,Not Available,Not Available,Not Available,-42.4,Not Available,Not Available,Not Available,Not Available,Not Available,Not Available,Not Available,Not Available,Not Available,Not Available,Not Available,,Not Available,Not Available,Not Available,Not Available,Not Available,Not Available,1.04286,0,Not Available,Not Available,Not Available,Not Available,Not Available,Not Available,Not Available,Not Available,Not Available,Yes,Not Available,1.04286,Not Available,73,Not Available,Not Available,2015-12-31T00:00:00.000,No,Not Available,Not Available,Not Available,No,Not Available,Second Housing Company Inc,Not Available,Not Available,Not Available,Not Available,Multifamily Housing,Not Available,Not Available,Not Available,70000,Not Available,Not Available,Ok
166-32 17th Road,"Multifamily Housing, Parking",16604406.2,2016-03-29,Not Applicable: Standalone Property,No,732.5,Not Available,0,Not Available,Not Available,Not Available,2.2,Not Available,Not Available,Not Available,Not Available,Not Available,Not Available,Not Available,Not Available,Not Available,Not Available,Not Available,1017.0,Not Available,Not Available,Not Available,Not Available,Not Available,Not Available,2.32108,0,Not Available,Not Available,602150,Not Available,Not Available,11.5,Not Available,33626,Not Available,No,Not Available,0,19244,192,Not Available,Not Available,2015-12-31T00:00:00.000,No,Not Available,Not Available,Not Available,No,Not Available,Not Applicable: Standalone Property,Not Available,Not Available,Not Available,Not Available,Multifamily Housing,Not Available,Not Available,Not Available,82720,0,Not Available,Ok
930 Flushing Ave,Distribution Center,14890067,2016-03-28,Not Applicable: Standalone Property,No,492.6,Not Available,0,Not Available,Not Available,Not Available,-43.2,Not Available,Not Available,Not Available,Not Available,Not Available,Not Available,Not Available,Not Available,Not Available,Not Available,Not Available,391.0,Not Available,Not Available,Not Available,Not Available,Not Available,Not Available,Not Available,Not Available,Not Available,Not Available,3859700.2,Not Available,Not Available,3.2,Not Available,Not Available,Not Available,Yes,Not Available,Not Available,Not Available,Not Available,Not Available,Not Available,2015-12-31T00:00:00.000,No,Not Available,319284,Not Available,No,Not Available,Not Applicable: Standalone Property,Not Available,Not Available,Not Available,Not Available,Distribution Center,Not Available,Not Available,Not Available,319284,0,Not Available,Ok
250 Fort Washington Ave,Multifamily Housing,6182804.2,Not Available,Not Applicable: Standalone Property,No,265.6,Not Available,2626,Not Available,Not Available,Not Available,-8.2,Not Available,Not Available,Not Available,Not Available,Not Available,Not Available,Not Available,Not Available,Not Available,Not Available,Not Available,253.0,Not Available,Not Available,Not Available,Not Available,Not Available,Not Available,0.83333,0,Not Available,Not Available,3981500.3,Not Available,Not Available,3.7,Not Available,Not Available,Not Available,No,Not Available,0.83333,Not Available,43,Not Available,Not Available,2015-12-31T00:00:00.000,No,Not Available,Not Available,Not Available,No,Not Available,Not Applicable: Standalone Property,Not Available,Not Available,Not Available,Not Available,Multifamily Housing,Not Available,Not Available,Not Available,51600,2626,Not Available,Ok
56 Fort Washington Ave,Multifamily Housing,6986238.4,Not Available,Not Applicable: Standalone Property,No,300.3,Not Available,7852.3,Not Available,Not Available,Not Available,14.5,Not Available,Not Available,Not Available,Not Available,Not Available,Not Available,Not Available,Not Available,Not Available,Not Available,Not Available,245.0,Not Available,Not Available,Not Available,Not Available,Not Available,Not Available,0.75947,0,Not Available,Not Available,4415500.2,Not Available,Not Available,4,Not Available,Not Available,Not Available,No,Not Available,0.25316,Not Available,42,Not Available,Not Available,2015-12-31T00:00:00.000,No,Not Available,Not Available,Not Available,No,Not Available,Not Applicable: Standalone Property,Not Available,Not Available,Not Available,Not Available,Multifamily Housing,Not Available,Not Available,Not Available,55302,7852.3,Not Available,Ok
435 East 70th Street,"Office, Parking, Residence Hall/Dormitory, Retail Store",41499954.2,Not Available,Not Applicable: Standalone Property,No,1138.3,Not Available,Not Available,Not Available,Not Available,Not Available,-42.5,Not Available,Not Available,Not Available,Not Available,Not Available,Not Available,Not Available,Not Available,Not Available,Not Available,Not Available,124.0,2.3,Not Available,Not Available,Not Available,Not Available,80,Not Available,Not Available,Not Available,Not Available,1660600.1,Not Available,Not Available,9.5,Not Available,10000,Not Available,No,Not Available,Not Available,10000,Not Available,Not Available,Not Available,2015-12-31T00:00:00.000,No,100,Not Available,0,No,0,Not Applicable: Standalone Property,Not Available,Not Available,Not Available,Not Available,Residence Hall/Dormitory,Not Available,Not Available,Not Available,390612,Not Available,Not Available,Ok
30 Montrose Avenue,"Multifamily Housing, Parking",63199800.3,2016-03-22,Not Applicable: Standalone Property,No,2632,Not Available,Not Available,Not Available,Not Available,Not Available,24,Not Available,Not Available,Not Available,Not Available,Not Available,Not Available,Not Available,Not Available,Not Available,Not Available,Not Available,511.0,Not Available,Not Available,Not Available,Not Available,Not Available,Not Available,0.99587,386,Not Available,Not Available,36924697.2,Not Available,Not Available,5.9,Not Available,20000,Not Available,No,Not Available,0,0,386,Not Available,Not Available,2015-12-31T00:00:00.000,No,Not Available,Not Available,Not Available,No,Not Available,Not Applicable: Standalone Property,Not Available,Not Available,Not Available,Not Available,Multifamily Housing,Not Available,Not Available,Not Available,387600,Not Available,Not Available,Ok
20-30 Lenox Avenue,Multifamily Housing,11362675.4,Not Available,Not Applicable: Standalone Property,No,516.7,Not Available,9165.1,Not Available,Not Available,Not Available,-31.7,Not Available,Not Available,Not Available,Not Available,Not Available,Not Available,Not Available,Not Available,Not Available,Not Available,Not Available,186.0,Not Available,Not Available,Not Available,Not Available,Not Available,Not Available,0.98053,0,Not Available,Not Available,8617946.8,Not Available,Not Available,1.7,Not Available,Not Available,Not Available,Yes,Not Available,0.98053,Not Available,118,Not Available,Not Available,2015-12-31T00:00:00.000,No,Not Available,Not Available,Not Available,No,Not Available,Not Applicable: Standalone Property,Not Available,Not Available,Not Available,Not Available,Multifamily Housing,Not Available,Not Available,Not Available,120343,9165.1,Not Available,Ok
1865 Ocean Ave.,Multifamily Housing,10936109.8,2016-03-27,Not Applicable: Standalone Property,No,464.9,Not Available,6938.2,Not Available,Not Available,Not Available,-3.4,Not Available,Not Available,Not Available,Not Available,Not Available,Not Available,Not Available,Not Available,Not Available,Not Available,Not Available,758.0,Not Available,Not Available,Not Available,Not Available,Not Available,Not Available,1.06352,0,Not Available,Not Available,7089623,Not Available,Not Available,3.5,Not Available,Not Available,Not Available,No,Not Available,1.06352,Not Available,92,Not Available,Not Available,2015-12-31T00:00:00.000,No,Not Available,Not Available,Not Available,No,Not Available,Not Applicable: Standalone Property,Not Available,Not Available,Not Available,Not Available,Multifamily Housing,Not Available,Not Available,Not Available,86505,6938.2,Not Available,Ok
141 West 28th Street,"Office, Retail Store",Not Available,2016-03-01,Not Applicable: Standalone Property,No,391.1,No,746.6,Not Available,Not Available,Not Available,10.6,Not Available,Not Available,Not Available,Not Available,Not Available,Not Available,Not Available,Not Available,Not Available,Not Available,Not Available,95.0,1.82564,Not Available,Not Available,Not Available,Not Available,0,Not Available,Not Available,Not Available,Not Available,703.3,Not Available,Not Available,9.2,Not Available,Not Available,Not Available,No,Not Available,Not Available,Not Available,Not Available,Not Available,Not Available,2015-12-31T00:00:00.000,Yes,78.46,Not Available,0,No,0.23529,Not Applicable: Standalone Property,Not Available,Not Available,Not Available,Not Available,Office,Not Available,Not Available,Not Available,53000,746.6,Not Available,Ok
65-94 162nd Street,"Multifamily Housing, Parking",27922868,Not Available,4442829,No,788.5,Not Available,Not Available,Not Available,Not Available,Not Available,-45.5,Not Available,Not Available,Not Available,Not Available,Not Available,Not Available,Not Available,Not Available,Not Available,Not Available,Not Available,122701.0,Not Available,Not Available,Not Available,Not Available,Not Available,Not Available,1.04,0,Not Available,Not Available,840937.5,Not Available,Not Available,7.2,Not Available,90600,Not Available,Yes,Not Available,1.04,0,364,Not Available,Not Available,2015-12-31T00:00:00.000,No,Not Available,Not Available,Not Available,No,Not Available,Fourth Housing Company Inc.,Not Available,Not Available,Not Available,Not Available,Multifamily Housing,Not Available,Not Available,Not Available,350000,Not Available,Not Available,Ok
144 E 48th Street,Hotel,23696072.6,Not Available,Not Applicable: Standalone Property,No,736.4,Not Available,5877.8,Not Available,Not Available,Not Available,8.9,Not Available,Not Available,Not Available,Not Available,Not Available,Not Available,Not Available,Not Available,Not Available,Not Available,Not Available,92.0,Not Available,Not Available,Not Available,Not Available,Not Available,Not Available,Not Available,Not Available,Not Available,Not Available,3591998,Not Available,Not Available,18.6,Not Available,Not Available,Not Available,No,Not Available,Not Available,Not Available,Not Available,Not Available,Not Available,2015-12-31T00:00:00.000,No,Not Available,Not Available,Not Available,No,Not Available,Not Applicable: Standalone Property,Not Available,Not Available,Not Available,Not Available,Hotel,Not Available,Not Available,100,100000,5877.8,Not Available,Ok
4 Times Square,"Office, Retail Store",400460689.5,Not Available,Not Applicable: Standalone Property,No,12151.6,Not Available,Not Available,Not Available,Not Available,Not Available,-2.8,Not Available,Not Available,Not Available,Not Available,Not Available,Not Available,Not Available,Not Available,Not Available,Not Available,No,119.0,1.9979,Not Available,Not Available,Not Available,Not Available,100,Not Available,Not Available,Not Available,Not Available,37789676.2,Not Available,Not Available,20.1,Not Available,Not Available,Not Available,No,Not Available,Not Available,Not Available,Not Available,Not Available,"2010, 2008, 2006, 2005, 2003, 2002, 2001",2015-12-31T00:00:00.000,Yes,100,Not Available,5,No,0.03181,Not Applicable: Standalone Property,Not Available,Not Available,Not Available,Not Available,Office,Not Available,Not Available,Not Available,1601977,Not Available,Not Available,Ok
201 E 69th Street,"Multifamily Housing, Parking",47279682.3,2016-03-24,Not Applicable: Standalone Property,No,1508.3,Not Available,10160.8,Not Available,Not Available,Not Available,13.7,Not Available,Not Available,Not Available,Not Available,Not Available,Not Available,Not Available,Not Available,Not Available,Not Available,Not Available,126.0,Not Available,Not Available,Not Available,Not Available,Not Available,Not Available,0.97812,313,Not Available,Not Available,9793599.9,Not Available,Not Available,10.7,Not Available,13220,Not Available,No,Not Available,0,13220,313,Not Available,Not Available,2015-12-31T00:00:00.000,No,Not Available,Not Available,Not Available,No,Not Available,Not Applicable: Standalone Property,Not Available,Not Available,Not Available,Not Available,Multifamily Housing,Not Available,Not Available,Not Available,320000,10160.8,Not Available,Ok
58-33 246 Crescent,"Multifamily Housing, Parking",4762050.6,2016-02-24,Not Applicable: Standalone Property,No,250.1,No,Not Available,Not Available,Not Available,Not Available,-1.9,Not Available,Not Available,Not Available,Not Available,Not Available,Not Available,Not Available,Not Available,Not Available,Not Available,Not Available,152901.0,Not Available,Not Available,Not Available,Not Available,Not Available,Not Available,1.02296,0,Not Available,Not Available,Not Available,Not Available,Not Available,5.7,Not Available,11424,Not Available,No,Not Available,0,11424,36,Not Available,Not Available,2015-12-31T00:00:00.000,No,Not Available,Not Available,Not Available,No,Not Available,Not Applicable: Standalone Property,Not Available,Not Available,Not Available,Not Available,Multifamily Housing,Not Available,Not Available,Not Available,35192,Not Available,Not Available,Ok
7520 Astoria Blvd,"Financial Office, Office, Other - Entertainment/Public Assembly, Restaurant",109737541,Not Available,Not Applicable: Standalone Property,No,3378.1,Not Available,10167.1,Not Available,Not Available,Not Available,-17.1,Not Available,Not Available,Not Available,Not Available,40,Not Available,Not Available,Not Available,Not Available,Not Available,Not Available,30904.0,2.61774,Not Available,Not Available,Not Available,Not Available,Not Available,Not Available,Not Available,Not Available,Not Available,18900544.8,Not Available,Not Available,17.5,Not Available,Not Available,Not Available,No,Not Available,Not Available,Not Available,Not Available,40,Not Available,2015-12-31T00:00:00.000,No,100,Not Available,Not Available,No,Not Available,Not Applicable: Standalone Property,Not Available,10167.1,Not Available,Not Available,Office,Not Available,Not Available,Not Available,480494,Not Available,Not Available,Ok
10 Hanover Square,"Bank Branch, Multifamily Housing, Other",87031508.2,Not Available,Not Applicable: Standalone Property,No,2735.7,Not Available,Not Available,Not Available,Not Available,Not Available,32.7,Not Available,Not Available,Not Available,Not Available,Not Available,Not Available,Not Available,Not Available,Not Available,Not Available,Not Available,7.0,Not Available,Not Available,Not Available,Not Available,Not Available,Not Available,1.05126,493,Not Available,Not Available,16160423.2,Not Available,Not Available,12.8,Not Available,Not Available,Not Available,No,Not Available,0,Not Available,493,Not Available,Not Available,2015-12-31T00:00:00.000,No,Not Available,Not Available,Not Available,No,Not Available,Not Applicable: Standalone Property,Not Available,Not Available,Not Available,Not Available,Multifamily Housing,Not Available,Not Available,Not Available,510613,Not Available,Not Available,Ok
1025 Esplanade,Multifamily Housing,6029300.2,2016-03-30,Not Applicable: Standalone Property,No,341.1,No,Not Available,Not Available,Not Available,Not Available,-17.1,Not Available,Not Available,Not Available,Not Available,Not Available,Not Available,Not Available,Not Available,Not Available,Not Available,Not Available,248.0,Not Available,Not Available,Not Available,Not Available,Not Available,Not Available,0.81851,0,Not Available,Not Available,182900,Not Available,Not Available,3.4,Not Available,Not Available,Not Available,No,Not Available,0.81851,Not Available,46,Not Available,Not Available,2015-12-31T00:00:00.000,No,Not Available,Not Available,Not Available,No,Not Available,Not Applicable: Standalone Property,Not Available,Not Available,Not Available,Not Available,Multifamily Housing,Not Available,Not Available,Not Available,56200,Not Available,Not Available,Ok
16-20 166th Street,"Multifamily Housing, Parking",17831610.5,2016-03-29,Not Applicable: Standalone Property,Yes,996,Not Available,Not Available,Not Available,Not Available,Not Available,133.5,Not Available,Not Available,Not Available,Not Available,Not Available,Not Available,Not Available,296100,Not Available,Not Available,Not Available,1017.0,Not Available,Not Available,Not Available,Not Available,Not Available,Not Available,2.19725,0,Not Available,Not Available,1862850,Not Available,Not Available,13,Not Available,9729,Not Available,No,Not Available,0,3915,88,Not Available,Not Available,2015-12-31T00:00:00.000,No,Not Available,Not Available,Not Available,No,Not Available,Not Applicable: Standalone Property,Not Available,Not Available,Not Available,Not Available,Multifamily Housing,Not Available,Not Available,Not Available,40050,Not Available,Not Available,Ok
69-16 / 69-10 164th Street,Multifamily Housing,Not Available,Not Available,4442823,Not Available,2.3,Not Available,3893.6,Not Available,Not Available,Not Available,Not Available,Not Available,Not Available,Not Available,Not Available,Not Available,Not Available,Not Available,Not Available,Not Available,Not Available,Not Available,,Not Available,Not Available,Not Available,Not Available,Not Available,Not Available,1.02857,0,Not Available,Not Available,Not Available,Not Available,Not Available,Not Available,Not Available,Not Available,Not Available,No,Not Available,1.02857,Not Available,72,Not Available,Not Available,2015-12-31T00:00:00.000,No,Not Available,Not Available,Not Available,No,Not Available,Second Housing Company Inc,Not Available,Not Available,Not Available,Not Available,Multifamily Housing,Not Available,Not Available,Not Available,70000,Not Available,Not Available,Ok
2500 Halsey Street,Office,Not Available,Not Available,Not Applicable: Standalone Property,No,Not Available,Not Available,1632.2,Not Available,Not Available,Not Available,Not Available,Not Available,Not Available,Not Available,Not Available,Not Available,Not Available,Not Available,Not Available,Not Available,Not Available,Not Available,96.0,4.03079,Not Available,Not Available,Not Available,Not Available,Not Available,Not Available,Not Available,Not Available,Not Available,Not Available,Not Available,Not Available,Not Available,Not Available,Not Available,Not Available,No,Not Available,Not Available,Not Available,Not Available,Not Available,Not Available,2015-12-31T00:00:00.000,No,100,Not Available,Not Available,No,Not Available,Not Applicable: Standalone Property,Not Available,Not Available,Not Available,Not Available,Office,Not Available,Not Available,Not Available,153816,Not Available,Not Available,Ok
325 E176th Street,Multifamily Housing,8103816.6,2016-03-27,Not Applicable: Standalone Property,No,396.4,Not Available,0,Not Available,Not Available,Not Available,4.3,Not Available,Not Available,Not Available,Not Available,Not Available,Not Available,Not Available,2112696.7,Not Available,Not Available,Not Available,23302.0,Not Available,Not Available,Not Available,Not Available,Not Available,Not Available,0.93874,0,Not Available,Not Available,2972880.5,Not Available,Not Available,4.5,Not Available,Not Available,Not Available,No,Not Available,0.93874,Not Available,57,Not Available,Not Available,2015-12-31T00:00:00.000,No,Not Available,Not Available,Not Available,No,Not Available,Not Applicable: Standalone Property,Not Available,Not Available,Not Available,Not Available,Multifamily Housing,Not Available,Not Available,Not Available,60720,0,Not Available,Ok
11-13 EAST 26TH STREET,"Museum, Office",Not Available,2016-03-30,Not Applicable: Standalone Property,No,709.1,Not Available,4878.8,Not Available,Not Available,Not Available,-52.1,Not Available,Not Available,Not Available,Not Available,Not Available,Not Available,Not Available,Not Available,Not Available,Not Available,Not Available,56.0,1.61486,Not Available,Not Available,Not Available,Not Available,Not Available,Not Available,Not Available,Not Available,Not Available,Not Available,Not Available,Not Available,9.6,Not Available,Not Available,5924,No,Not Available,Not Available,Not Available,Not Available,Not Available,"2015, 2013, 2012",2015-12-31T00:00:00.000,No,97.73,Not Available,Not Available,No,Not Available,Not Applicable: Standalone Property,Not Available,Not Available,Not Available,Not Available,Office,Not Available,Not Available,Not Available,253623,Not Available,Not Available,Ok
105 West 55 St.,Multifamily Housing,10792153.7,2016-03-01,Not Applicable: Standalone Property,No,524.1,No,8766.4,Not Available,Not Available,Not Available,65.9,Not Available,Not Available,Not Available,Not Available,Not Available,Not Available,Not Available,Not Available,Not Available,Not Available,Not Available,137.0,Not Available,Not Available,Not Available,Not Available,Not Available,Not Available,1.2,0,Not Available,Not Available,668900,Not Available,Not Available,9.6,Not Available,Not Available,Not Available,No,Not Available,0,Not Available,64.6,Not Available,Not Available,2015-12-31T00:00:00.000,Yes,Not Available,Not Available,Not Available,No,Not Available,Not Applicable: Standalone Property,Not Available,Not Available,Not Available,Not Available,Multifamily Housing,Not Available,Not Available,Not Available,53837,Not Available,Not Available,Ok
1575 Williamsbridge Road,Multifamily Housing,9699324.1,2016-03-30,Not Applicable: Standalone Property,No,542.5,No,Not Available,Not Available,Not Available,Not Available,-5.2,Not Available,Not Available,Not Available,Not Available,Not Available,Not Available,Not Available,Not Available,Not Available,Not Available,Not Available,256.0,Not Available,Not Available,Not Available,Not Available,Not Available,Not Available,0.90798,0,Not Available,Not Available,268600,Not Available,Not Available,4,Not Available,Not Available,Not Available,No,Not Available,0.90798,Not Available,74,Not Available,Not Available,2015-12-31T00:00:00.000,No,Not Available,Not Available,Not Available,No,Not Available,Not Applicable: Standalone Property,Not Available,Not Available,Not Available,Not Available,Multifamily Housing,Not Available,Not Available,Not Available,81500,Not Available,Not Available,Ok
c/o Norwax Associates Inc.,Multifamily Housing,6447508.7,2016-03-23,Not Applicable: Standalone Property,No,251.3,Not Available,Not Available,Not Available,Not Available,Not Available,-23.8,Not Available,Not Available,Not Available,Not Available,Not Available,Not Available,Not Available,Not Available,Not Available,Not Available,Not Available,,Not Available,Not Available,Not Available,Not Available,Not Available,Not Available,0.81818,0,Not Available,Not Available,3235802.1,Not Available,Not Available,4.2,Not Available,Not Available,Not Available,Yes,Not Available,0.81818,Not Available,54,Not Available,Not Available,2015-12-31T00:00:00.000,No,Not Available,Not Available,Not Available,No,Not Available,Not Applicable: Standalone Property,Not Available,Not Available,Not Available,Not Available,Multifamily Housing,Not Available,Not Available,Not Available,66000,Not Available,Not Available,Ok
750 Kappock Street,Multifamily Housing,21988145.5,2016-03-22,Not Applicable: Standalone Property,No,895,Not Available,11219.3,Not Available,Not Available,Not Available,-23.9,Not Available,Not Available,Not Available,Not Available,Not Available,Not Available,Not Available,Not Available,Not Available,Not Available,Not Available,29301.0,Not Available,Not Available,Not Available,Not Available,Not Available,Not Available,0.69465,159,Not Available,Not Available,12140153.3,Not Available,Not Available,3.8,Not Available,Not Available,Not Available,Yes,Not Available,0,Not Available,159,Not Available,Not Available,2015-12-31T00:00:00.000,No,Not Available,Not Available,Not Available,No,Not Available,Not Applicable: Standalone Property,Not Available,Not Available,Not Available,Not Available,Multifamily Housing,Not Available,Not Available,Not Available,228891,11219.3,Not Available,Ok
3636 Greystone Ave,Multifamily Housing,11063001.3,2016-03-22,Not Applicable: Standalone Property,No,511.5,Not Available,3627.3,Not Available,Not Available,Not Available,-8.3,Not Available,Not Available,Not Available,Not Available,Not Available,Not Available,Not Available,Not Available,Not Available,Not Available,Not Available,295.0,Not Available,Not Available,Not Available,Not Available,Not Available,Not Available,1.07198,91,Not Available,Not Available,5945160.1,Not Available,Not Available,4,Not Available,Not Available,Not Available,No,Not Available,0,Not Available,91,Not Available,Not Available,2015-12-31T00:00:00.000,No,Not Available,Not Available,Not Available,No,Not Available,Not Applicable: Standalone Property,Not Available,Not Available,Not Available,Not Available,Multifamily Housing,Not Available,Not Available,Not Available,84890,3627.3,Not Available,Ok
4410 Cayuga Avenue,Multifamily Housing,5199117.3,Not Available,Not Applicable: Standalone Property,No,299.6,Not Available,1565.7,Not Available,Not Available,Not Available,-26.4,Not Available,Not Available,Not Available,Not Available,Not Available,Not Available,Not Available,Not Available,Not Available,Not Available,Not Available,351.0,Not Available,Not Available,Not Available,Not Available,Not Available,Not Available,1.2,0,Not Available,Not Available,126500,Not Available,Not Available,2.7,Not Available,Not Available,Not Available,No,Not Available,0,Not Available,70.8,Not Available,Not Available,2015-12-31T00:00:00.000,Yes,Not Available,Not Available,Not Available,No,Not Available,Not Applicable: Standalone Property,Not Available,Not Available,Not Available,Not Available,Multifamily Housing,Not Available,Not Available,Not Available,59000,1565.7,Not Available,Ok
936 St. Nicholas Ave,Multifamily Housing,9025784.7,Not Available,Not Applicable: Standalone Property,No,493.9,No,4794.3,Not Available,Not Available,Not Available,-14,Not Available,Not Available,Not Available,Not Available,Not Available,Not Available,Not Available,Not Available,Not Available,Not Available,Not Available,239.0,Not Available,Not Available,Not Available,Not Available,Not Available,Not Available,0.76291,0,Not Available,Not Available,252600,Not Available,Not Available,4.8,Not Available,Not Available,Not Available,No,Not Available,0.24941,Not Available,52,Not Available,Not Available,2015-12-31T00:00:00.000,No,Not Available,Not Available,Not Available,No,Not Available,Not Applicable: Standalone Property,Not Available,Not Available,Not Available,Not Available,Multifamily Housing,Not Available,Not Available,Not Available,68160,4794.3,Not Available,Ok
1685 East 5th Street,"Multifamily Housing, Office",7090674.4,Not Available,Not Applicable: Standalone Property,No,292.1,Not Available,3107.8,Not Available,Not Available,Not Available,-16.4,Not Available,Not Available,Not Available,Not Available,Not Available,Not Available,Not Available,Not Available,Not Available,Not Available,Not Available,438.0,3.33333,Not Available,Not Available,Not Available,Not Available,Not Available,0.94958,0,Not Available,Not Available,4141343.1,Not Available,Not Available,3.7,Not Available,Not Available,Not Available,No,Not Available,0.94958,Not Available,60,Not Available,Not Available,2015-12-31T00:00:00.000,No,100,Not Available,Not Available,No,Not Available,Not Applicable: Standalone Property,Not Available,Not Available,Not Available,Not Available,Multifamily Housing,Not Available,Not Available,Not Available,66186,3107.8,Not Available,Ok
17 Eastern Parkway,"Office, Other, Other - Recreation, Worship Facility",Not Available,Not Available,Not Applicable: Standalone Property,No,581.2,Yes,171,Not Available,Not Available,Not Available,5.3,Not Available,Not Available,Not Available,Not Available,Not Available,Not Available,Not Available,Not Available,Not Available,Not Available,Not Available,207.0,2.3,Not Available,Not Available,Not Available,Not Available,Not Available,Not Available,Not Available,Not Available,Not Available,Not Available,Not Available,Not Available,Not Available,Not Available,Not Available,Not Available,No,Not Available,Not Available,Not Available,Not Available,Not Available,Not Available,2015-12-31T00:00:00.000,Yes,100,Not Available,Not Available,Yes,Not Available,Not Applicable: Standalone Property,Not Available,Not Available,Not Available,Not Available,Mixed Use Property,Not Available,Not Available,Not Available,73144,Not Available,Not Available,Ok
63-95 Austin St,Multifamily Housing,6250139.7,Not Available,Not Applicable: Standalone Property,No,303.6,Not Available,3522.2,Not Available,Not Available,Not Available,-15.2,Not Available,Not Available,Not Available,Not Available,Not Available,Not Available,Not Available,Not Available,Not Available,Not Available,Not Available,693.0,Not Available,Not Available,Not Available,Not Available,Not Available,Not Available,1.2,0,Not Available,Not Available,5423200.2,Not Available,Not Available,0.9,Not Available,Not Available,Not Available,No,Not Available,0,Not Available,73.43,Not Available,Not Available,2015-12-31T00:00:00.000,Yes,Not Available,Not Available,Not Available,No,Not Available,Not Applicable: Standalone Property,Not Available,Not Available,Not Available,Not Available,Multifamily Housing,Not Available,Not Available,Not Available,61190,3522.2,Not Available,Ok
2400 Johnson Avenue,"Multifamily Housing, Parking",23838345.2,2016-03-22,Not Applicable: Standalone Property,No,1296.1,No,Not Available,Not Available,Not Available,Not Available,24.1,Not Available,Not Available,Not Available,Not Available,Not Available,Not Available,Not Available,Not Available,Not Available,Not Available,Not Available,29302.0,Not Available,Not Available,Not Available,Not Available,Not Available,Not Available,0.85023,130,Not Available,Not Available,736856.7,Not Available,Not Available,5.9,Not Available,30000,Not Available,No,Not Available,0,30000,130,Not Available,Not Available,2015-12-31T00:00:00.000,No,Not Available,Not Available,Not Available,No,Not Available,Not Applicable: Standalone Property,Not Available,Not Available,Not Available,Not Available,Multifamily Housing,Not Available,Not Available,Not Available,152900,Not Available,Not Available,Ok
5 East 17th Street,"Multifamily Housing, Office, Retail Store",4357088.9,Not Available,Not Applicable: Standalone Property,No,142.9,Not Available,Not Available,Not Available,Not Available,Not Available,-44.2,Not Available,Not Available,Not Available,Not Available,Not Available,Not Available,Not Available,Not Available,Not Available,Not Available,Not Available,52.0,2.3,Not Available,Not Available,Not Available,Not Available,100,0.12091,0,Not Available,Not Available,1112200,Not Available,Not Available,4.9,Not Available,Not Available,Not Available,No,Not Available,0.08061,Not Available,6,Not Available,Not Available,2015-12-31T00:00:00.000,Yes,100,Not Available,0,No,0,Not Applicable: Standalone Property,Not Available,Not Available,Not Available,Not Available,Multifamily Housing,Not Available,Not Available,Not Available,60880,Not Available,Not Available,Ok
3616 Henry Hudson Parkway,Multifamily Housing,18072198.3,2016-03-22,Not Applicable: Standalone Property,No,743.6,Not Available,6456,Not Available,Not Available,Not Available,-35.4,Not Available,Not Available,Not Available,Not Available,Not Available,Not Available,Not Available,Not Available,Not Available,Not Available,Not Available,297.0,Not Available,Not Available,Not Available,Not Available,Not Available,Not Available,0.5746,119,Not Available,Not Available,10407538.3,Not Available,Not Available,3.2,Not Available,Not Available,Not Available,Yes,Not Available,0,Not Available,119,Not Available,Not Available,2015-12-31T00:00:00.000,No,Not Available,Not Available,Not Available,No,Not Available,Not Applicable: Standalone Property,Not Available,Not Available,Not Available,Not Available,Multifamily Housing,Not Available,Not Available,Not Available,207100,6456,Not Available,Ok
144 St. Felix Street,Worship Facility,Not Available,Not Available,Not Applicable: Standalone Property,No,Not Available,Not Available,Not Available,Not Available,Not Available,Not Available,Not Available,Not Available,Not Available,Not Available,Not Available,Not Available,Not Available,Not Available,Not Available,Not Available,Not Available,Not Available,35.0,Not Available,Not Available,Not Available,Not Available,Not Available,Not Available,Not Available,Not Available,Not Available,Not Available,Not Available,Not Available,Not Available,Not Available,Not Available,Not Available,Not Available,No,Not Available,Not Available,Not Available,Not Available,Not Available,Not Available,2015-12-31T00:00:00.000,No,Not Available,Not Available,Not Available,No,Not Available,Not Applicable: Standalone Property,Not Available,Not Available,Not Available,Not Available,Worship Facility,Not Available,Not Available,Not Available,60000,Not Available,Not Available,Ok
921 Washington Avenue,Multifamily Housing,8954300.6,Not Available,Not Applicable: Standalone Property,No,375.4,No,5224.4,Not Available,Not Available,Not Available,-6.7,Not Available,Not Available,Not Available,Not Available,Not Available,Not Available,Not Available,Not Available,Not Available,Not Available,Not Available,213.0,Not Available,Not Available,Not Available,Not Available,Not Available,Not Available,1.03984,0,Not Available,Not Available,5327600.1,Not Available,Not Available,3.9,Not Available,Not Available,Not Available,No,Not Available,0.22387,Not Available,83.71,Not Available,Not Available,2015-12-31T00:00:00.000,Yes,Not Available,Not Available,Not Available,No,Not Available,Not Applicable: Standalone Property,Not Available,Not Available,Not Available,Not Available,Multifamily Housing,Not Available,Not Available,Not Available,80500,5224.4,Not Available,Ok
264 East Broadway,Multifamily Housing,173257953.1,2016-03-31,Not Applicable: Standalone Property,No,4851.9,Not Available,Not Available,Not Available,Not Available,Not Available,-12.2,Not Available,Not Available,Not Available,Not Available,Not Available,Not Available,Not Available,Not Available,Not Available,Not Available,Not Available,1401.0,Not Available,Not Available,Not Available,Not Available,Not Available,Not Available,0.85478,864,Not Available,Not Available,10865931.2,Not Available,Not Available,14.9,Not Available,Not Available,Not Available,No,Not Available,0,Not Available,864,Not Available,Not Available,2015-12-31T00:00:00.000,No,Not Available,Not Available,Not Available,No,Not Available,Not Applicable: Standalone Property,Not Available,Not Available,Not Available,Not Available,Multifamily Housing,Not Available,Not Available,Not Available,1010790,Not Available,Not Available,Ok
970 41st Street,Multifamily Housing,9884309.5,Not Available,Not Applicable: Standalone Property,No,370.4,Not Available,Not Available,Not Available,Not Available,Not Available,12,Not Available,Not Available,Not Available,Not Available,Not Available,Not Available,Not Available,Not Available,Not Available,Not Available,Not Available,112.0,Not Available,Not Available,Not Available,Not Available,Not Available,Not Available,0.65566,0,Not Available,Not Available,4487066.9,Not Available,Not Available,6.1,Not Available,Not Available,Not Available,No,Not Available,0,Not Available,50,Not Available,Not Available,2015-12-31T00:00:00.000,No,Not Available,Not Available,Not Available,No,Not Available,Not Applicable: Standalone Property,Not Available,Not Available,Not Available,Not Available,Multifamily Housing,Not Available,Not Available,Not Available,76259,Not Available,Not Available,Ok
50 West 15th Street,Multifamily Housing,10196360.2,2016-03-08,Not Applicable: Standalone Property,No,343.7,Not Available,Not Available,Not Available,Not Available,Not Available,9.7,Not Available,Not Available,Not Available,Not Available,Not Available,Not Available,Not Available,Not Available,Not Available,Not Available,Not Available,54.0,Not Available,Not Available,Not Available,Not Available,Not Available,Not Available,0.675,47,Not Available,Not Available,3027674.7,Not Available,Not Available,9.3,Not Available,Not Available,Not Available,No,Not Available,0,Not Available,47,Not Available,Not Available,2015-12-31T00:00:00.000,No,Not Available,Not Available,Not Available,No,Not Available,Not Applicable: Standalone Property,Not Available,Not Available,Not Available,Not Available,Multifamily Housing,Not Available,Not Available,Not Available,69630,Not Available,Not Available,Ok
425 Park Avenue South,Multifamily Housing,13278210.8,2016-03-22,Not Applicable: Standalone Property,No,513.2,Not Available,3392.5,Not Available,Not Available,Not Available,11.3,Not Available,Not Available,Not Available,Not Available,Not Available,Not Available,Not Available,Not Available,Not Available,Not Available,Not Available,72.0,Not Available,Not Available,Not Available,Not Available,Not Available,Not Available,0.67273,74,Not Available,Not Available,6411880,Not Available,Not Available,5.5,Not Available,Not Available,Not Available,No,Not Available,0,Not Available,74,Not Available,Not Available,2015-12-31T00:00:00.000,No,Not Available,Not Available,Not Available,No,Not Available,Not Applicable: Standalone Property,Not Available,Not Available,Not Available,Not Available,Multifamily Housing,Not Available,Not Available,Not Available,110000,3392.5,Not Available,Ok
125 Lenox Road,Multifamily Housing,6872101.5,2016-03-26,Not Applicable: Standalone Property,No,293.9,Not Available,5207,Not Available,Not Available,Not Available,-24.3,Not Available,Not Available,Not Available,Not Available,Not Available,Not Available,Not Available,Not Available,Not Available,Not Available,Not Available,822.0,Not Available,Not Available,Not Available,Not Available,Not Available,Not Available,0.977,0,Not Available,Not Available,3322420.6,Not Available,Not Available,3.9,Not Available,Not Available,Not Available,Yes,Not Available,0.977,Not Available,65,Not Available,Not Available,2015-12-31T00:00:00.000,No,Not Available,Not Available,Not Available,No,Not Available,Not Applicable: Standalone Property,Not Available,Not Available,Not Available,Not Available,Multifamily Housing,Not Available,Not Available,Not Available,66530,5207,Not Available,Ok
871 WESTCHESTER AVENUE,"Multifamily Housing, Office, Other, Other - Entertainment/Public Assembly",Not Available,Not Available,Not Applicable: Standalone Property,No,756.7,Not Available,Not Available,Not Available,Not Available,Not Available,75.3,Not Available,Not Available,Not Available,Not Available,Not Available,Not Available,Not Available,Not Available,Not Available,Not Available,Not Available,12901.0,0.83993,Not Available,Not Available,Not Available,Not Available,Not Available,1.13979,0,Not Available,Not Available,11044500,Not Available,Not Available,6,Not Available,Not Available,Not Available,No,Not Available,1.13979,Not Available,70,Not Available,Not Available,2015-12-31T00:00:00.000,Yes,100,Not Available,Not Available,No,Not Available,Not Applicable: Standalone Property,Not Available,Not Available,Not Available,Not Available,Multifamily Housing,Not Available,Not Available,Not Available,70667,Not Available,Not Available,Ok
4 South Pinehurst Avenue,Multifamily Housing,6796315.5,Not Available,Not Applicable: Standalone Property,No,390.8,No,4220.5,Not Available,Not Available,Not Available,-10.8,Not Available,Not Available,Not Available,Not Available,Not Available,Not Available,Not Available,Not Available,Not Available,Not Available,Not Available,255.0,Not Available,Not Available,Not Available,Not Available,Not Available,Not Available,0.45147,0,Not Available,Not Available,170100,Not Available,Not Available,3.7,Not Available,Not Available,Not Available,No,Not Available,0,Not Available,27,Not Available,Not Available,2015-12-31T00:00:00.000,Yes,Not Available,Not Available,Not Available,No,Not Available,Not Applicable: Standalone Property,Not Available,Not Available,Not Available,Not Available,Multifamily Housing,Not Available,Not Available,Not Available,59805,4220.5,Not Available,Ok
1819 Flushing Avenue,Distribution Center,1536997.3,Not Available,Not Applicable: Standalone Property,No,40.6,Not Available,Not Available,Not Available,Not Available,Not Available,-65.9,Not Available,Not Available,Not Available,Not Available,Not Available,Not Available,Not Available,Not Available,Not Available,Not Available,Not Available,539.0,Not Available,Not Available,Not Available,Not Available,Not Available,Not Available,Not Available,Not Available,Not Available,Not Available,Not Available,Not Available,Not Available,2.4,Not Available,Not Available,Not Available,No,Not Available,Not Available,Not Available,Not Available,Not Available,Not Available,2015-12-31T00:00:00.000,Yes,Not Available,60376,Not Available,No,Not Available,Not Applicable: Standalone Property,Not Available,Not Available,Not Available,Not Available,Distribution Center,Not Available,Not Available,Not Available,60376,Not Available,Not Available,Ok
1010 Lincoln Pl,Multifamily Housing,13570638.3,Not Available,Not Applicable: Standalone Property,No,531.8,Not Available,10898.7,Not Available,Not Available,Not Available,-28.4,Not Available,Not Available,Not Available,Not Available,Not Available,Not Available,Not Available,Not Available,Not Available,Not Available,Not Available,337.0,Not Available,Not Available,Not Available,Not Available,Not Available,Not Available,0.89125,0,Not Available,Not Available,6796315.8,Not Available,Not Available,4.1,Not Available,Not Available,Not Available,Yes,Not Available,0.89125,Not Available,130,Not Available,Not Available,2015-12-31T00:00:00.000,No,Not Available,Not Available,Not Available,No,Not Available,Not Applicable: Standalone Property,Not Available,Not Available,Not Available,Not Available,Multifamily Housing,Not Available,Not Available,Not Available,145863,10898.7,Not Available,Ok
881 WASHINGTON AVENUE,Multifamily Housing,Not Available,2016-03-02,Not Applicable: Standalone Property,No,341.8,Not Available,825.4,Not Available,Not Available,Not Available,-35.9,Not Available,Not Available,Not Available,Not Available,Not Available,Not Available,Not Available,Not Available,Not Available,Not Available,Not Available,213.0,Not Available,Not Available,Not Available,Not Available,Not Available,Not Available,0.90458,0,Not Available,Not Available,4636804.6,Not Available,Not Available,0.8,Not Available,Not Available,Not Available,No,Not Available,0.90458,Not Available,73,Not Available,Not Available,2015-12-31T00:00:00.000,No,Not Available,Not Available,Not Available,No,Not Available,Not Applicable: Standalone Property,Not Available,Not Available,Not Available,Not Available,Multifamily Housing,Not Available,Not Available,Not Available,80700,825.4,Not Available,Ok
1541-1551 Williamsbridge Rd.,Multifamily Housing,13197945.8,Not Available,Not Applicable: Standalone Property,No,685.9,Not Available,7258.3,Not Available,Not Available,Not Available,-8.3,Not Available,Not Available,Not Available,Not Available,Not Available,Not Available,Not Available,5081249.9,Not Available,Not Available,Not Available,256.0,Not Available,Not Available,Not Available,Not Available,Not Available,Not Available,1.18316,0,Not Available,Not Available,3406700.3,Not Available,Not Available,3.9,Not Available,Not Available,Not Available,No,Not Available,1.18316,Not Available,127,Not Available,Not Available,2015-12-31T00:00:00.000,No,Not Available,Not Available,Not Available,No,Not Available,Not Applicable: Standalone Property,Not Available,Not Available,Not Available,Not Available,Multifamily Housing,Not Available,Not Available,Not Available,107340,7258.3,Not Available,Ok
575 5th Ave,"Office, Retail Store",113356486,Not Available,Not Applicable: Standalone Property,No,3376.1,Not Available,939.6,Not Available,Not Available,Not Available,-26.2,Not Available,Not Available,Not Available,Not Available,Not Available,Not Available,Not Available,Not Available,Not Available,Not Available,No,94.0,3.37943,Not Available,Not Available,Not Available,Not Available,100,Not Available,Not Available,Not Available,Not Available,Not Available,Not Available,Not Available,18,Not Available,Not Available,Not Available,No,Not Available,Not Available,Not Available,Not Available,Not Available,Not Available,2015-12-31T00:00:00.000,No,100,Not Available,0,No,0,Not Applicable: Standalone Property,Not Available,Not Available,Not Available,Not Available,Office,Not Available,Not Available,Not Available,514122,939.6,Not Available,Ok
120 West 21st Street,Multifamily Housing,18915457.2,Not Available,Not Applicable: Standalone Property,No,620.9,Not Available,6807.3,Not Available,Not Available,Not Available,-22.9,Not Available,Not Available,Not Available,Not Available,Not Available,Not Available,Not Available,Not Available,Not Available,Not Available,Not Available,87.0,Not Available,Not Available,Not Available,Not Available,Not Available,Not Available,1.11709,209,Not Available,Not Available,4435410.4,Not Available,Not Available,7.1,Not Available,Not Available,Not Available,Yes,Not Available,0,Not Available,209,Not Available,Not Available,2015-12-31T00:00:00.000,No,Not Available,Not Available,Not Available,No,Not Available,Not Applicable: Standalone Property,Not Available,Not Available,Not Available,Not Available,Multifamily Housing,Not Available,Not Available,Not Available,187093,6807.3,Not Available,Ok
250 West Street,Multifamily Housing,32618954.5,Not Available,Not Applicable: Standalone Property,No,995.9,Not Available,Not Available,Not Available,Not Available,Not Available,-10.4,Not Available,Not Available,Not Available,Not Available,Not Available,Not Available,Not Available,Not Available,Not Available,Not Available,Not Available,39.0,Not Available,Not Available,Not Available,Not Available,Not Available,Not Available,0.35971,104,Not Available,Not Available,5325886.1,Not Available,Not Available,8.7,Not Available,Not Available,Not Available,No,Not Available,0,Not Available,104,Not Available,Not Available,2015-12-31T00:00:00.000,No,Not Available,Not Available,Not Available,No,Not Available,Not Applicable: Standalone Property,Not Available,Not Available,Not Available,Not Available,Multifamily Housing,Not Available,Not Available,Not Available,289122,Not Available,Not Available,Ok
4380 Vireo Avenue,"Multifamily Housing, Parking",12442127,2016-03-22,Not Applicable: Standalone Property,No,519.9,Not Available,3080.5,Not Available,Not Available,Not Available,-15.4,Not Available,Not Available,Not Available,Not Available,Not Available,Not Available,Not Available,Not Available,Not Available,Not Available,Not Available,45102.0,Not Available,Not Available,Not Available,Not Available,Not Available,Not Available,1.16294,0,Not Available,Not Available,7543745.1,Not Available,Not Available,3.8,Not Available,12240,Not Available,No,Not Available,1.16294,0,127,Not Available,Not Available,2015-12-31T00:00:00.000,No,Not Available,Not Available,Not Available,No,Not Available,Not Applicable: Standalone Property,Not Available,Not Available,Not Available,Not Available,Multifamily Housing,Not Available,Not Available,Not Available,109206,3080.5,Not Available,Ok
330 East 61st Street,Other - Recreation,66125942.7,2016-03-28,Not Applicable: Standalone Property,No,2145.6,Not Available,Not Available,Not Available,Not Available,Not Available,500.2,Not Available,Not Available,Not Available,Not Available,Not Available,Not Available,Not Available,Not Available,Not Available,Not Available,Not Available,110.0,Not Available,Not Available,Not Available,Not Available,Not Available,Not Available,Not Available,Not Available,Not Available,Not Available,14993569.8,Not Available,Not Available,40.9,Not Available,Not Available,Not Available,No,Not Available,Not Available,Not Available,Not Available,Not Available,Not Available,2015-12-31T00:00:00.000,No,Not Available,Not Available,Not Available,Yes,Not Available,Not Applicable: Standalone Property,Not Available,Not Available,Not Available,Not Available,Other - Recreation,Not Available,Not Available,Not Available,115000,Not Available,Not Available,Ok
91-40 LaMont Avenue,Multifamily Housing,5146147,2016-03-23,Not Applicable: Standalone Property,No,193.8,Not Available,Not Available,Not Available,Not Available,Not Available,-49.8,Not Available,Not Available,Not Available,Not Available,Not Available,Not Available,Not Available,Not Available,Not Available,Not Available,Not Available,463.0,Not Available,Not Available,Not Available,Not Available,Not Available,Not Available,1.2,0,Not Available,Not Available,Not Available,Not Available,Not Available,4.3,Not Available,Not Available,Not Available,No,Not Available,0,Not Available,103.2,Not Available,Not Available,2015-12-31T00:00:00.000,Yes,Not Available,Not Available,Not Available,No,Not Available,Not Applicable: Standalone Property,Not Available,Not Available,Not Available,Not Available,Multifamily Housing,Not Available,Not Available,Not Available,86000,Not Available,Not Available,Ok
1328 Inwood Avenue,Non-Refrigerated Warehouse,2010916.2,Not Available,Not Applicable: Standalone Property,No,99.5,Not Available,Not Available,Not Available,Not Available,Not Available,-5.7,Not Available,Not Available,Not Available,Not Available,Not Available,Not Available,Not Available,Not Available,Not Available,Not Available,Not Available,219.0,Not Available,Not Available,Not Available,Not Available,Not Available,Not Available,Not Available,Not Available,Not Available,Not Available,1827000,Not Available,Not Available,0.4,Not Available,Not Available,Not Available,No,Not Available,Not Available,Not Available,Not Available,Not Available,Not Available,2015-12-31T00:00:00.000,No,Not Available,Not Available,Not Available,No,Not Available,Not Applicable: Standalone Property,Not Available,Not Available,Not Available,Not Available,Non-Refrigerated Warehouse,Not Available,Not Available,Not Available,22575,Not Available,Not Available,Ok
41-41 43rd Street,Multifamily Housing,6908333.1,Not Available,Not Applicable: Standalone Property,No,479.8,Not Available,551.9,Not Available,Not Available,Not Available,-30.8,Not Available,Not Available,Not Available,Not Available,Not Available,Not Available,Not Available,5917725.3,Not Available,Not Available,Not Available,183.0,Not Available,Not Available,Not Available,Not Available,Not Available,Not Available,1.34286,0,Not Available,Not Available,338205.1,Not Available,Not Available,0.8,Not Available,Not Available,Not Available,Yes,Not Available,1.34286,Not Available,94,Not Available,Not Available,2015-12-31T00:00:00.000,No,Not Available,Not Available,Not Available,Yes,Not Available,Not Applicable: Standalone Property,Not Available,Not Available,Not Available,Not Available,Multifamily Housing,Not Available,Not Available,Not Available,70000,Not Available,Not Available,Ok
141-60 84th Road,Multifamily Housing,8054660.1,2016-03-29,Not Applicable: Standalone Property,No,327.4,Not Available,3629.5,Not Available,Not Available,Not Available,-18.5,Not Available,Not Available,Not Available,Not Available,Not Available,Not Available,Not Available,Not Available,Not Available,Not Available,Not Available,22002.0,Not Available,Not Available,Not Available,Not Available,Not Available,Not Available,1.14649,0,Not Available,Not Available,4633491.6,Not Available,Not Available,4.1,Not Available,Not Available,Not Available,Yes,Not Available,1.14649,Not Available,79,Not Available,Not Available,2015-12-31T00:00:00.000,No,Not Available,Not Available,Not Available,No,Not Available,Not Applicable: Standalone Property,Not Available,Not Available,Not Available,Not Available,Multifamily Housing,Not Available,Not Available,Not Available,68906,3629.5,Not Available,Ok
410 WEST 53RD STREET,Multifamily Housing,25357317.9,2016-03-28,Not Applicable: Standalone Property,No,1162.8,No,0,Not Available,Not Available,Not Available,8.4,Not Available,Not Available,Not Available,Not Available,Not Available,Not Available,Not Available,Not Available,Not Available,Not Available,Not Available,133.0,Not Available,Not Available,Not Available,Not Available,Not Available,Not Available,1.31517,0,Not Available,Not Available,371929,Not Available,Not Available,8.4,Not Available,Not Available,Not Available,No,Not Available,1.31517,Not Available,219,Not Available,Not Available,2015-12-31T00:00:00.000,Yes,Not Available,Not Available,Not Available,No,Not Available,Not Applicable: Standalone Property,Not Available,Not Available,Not Available,Not Available,Multifamily Housing,Not Available,Not Available,Not Available,166518,Not Available,Not Available,Ok
246-04 57 Drive,"Multifamily Housing, Parking",7968294.8,2016-02-24,Not Applicable: Standalone Property,No,396.6,No,Not Available,Not Available,Not Available,Not Available,-3.2,Not Available,Not Available,Not Available,Not Available,Not Available,Not Available,Not Available,Not Available,Not Available,Not Available,Not Available,152901.0,Not Available,Not Available,Not Available,Not Available,Not Available,Not Available,1.0353,0,Not Available,Not Available,Not Available,Not Available,Not Available,6.3,Not Available,6662,Not Available,No,Not Available,0,6662,64,Not Available,Not Available,2015-12-31T00:00:00.000,No,Not Available,Not Available,Not Available,No,Not Available,Not Applicable: Standalone Property,Not Available,Not Available,Not Available,Not Available,Multifamily Housing,Not Available,Not Available,Not Available,61818,Not Available,Not Available,Ok
1600 Broadway,"Fast Food Restaurant, Multifamily Housing, Other, Retail Store",53461995.1,2016-03-09,Not Applicable: Standalone Property,No,1550.1,Not Available,6798.9,Not Available,Not Available,Not Available,49.1,Not Available,Not Available,Not Available,Not Available,Not Available,Not Available,Not Available,Not Available,Not Available,Not Available,Not Available,125.0,Not Available,Not Available,Not Available,Not Available,Not Available,100,0.68195,137,Not Available,Not Available,4795545.3,Not Available,Not Available,19.6,Not Available,Not Available,Not Available,No,Not Available,0,Not Available,137,Not Available,Not Available,2015-12-31T00:00:00.000,No,Not Available,Not Available,0,No,0,Not Applicable: Standalone Property,Not Available,Not Available,Not Available,Not Available,Multifamily Housing,1625,Not Available,Not Available,230928,6798.9,Not Available,Ok
4301 46th Street,Multifamily Housing,8960406.4,2016-03-27,Not Applicable: Standalone Property,No,535,No,2943.6,Not Available,Not Available,Not Available,30.1,Not Available,Not Available,Not Available,Not Available,Not Available,Not Available,Not Available,Not Available,Not Available,Not Available,Not Available,25301.0,Not Available,Not Available,Not Available,Not Available,Not Available,Not Available,1.10827,0,Not Available,Not Available,553880,Not Available,Not Available,4.1,Not Available,Not Available,Not Available,No,Not Available,0,Not Available,65,Not Available,Not Available,2015-12-31T00:00:00.000,Yes,Not Available,Not Available,Not Available,No,Not Available,Not Applicable: Standalone Property,Not Available,Not Available,Not Available,Not Available,Multifamily Housing,Not Available,Not Available,Not Available,58650,2943.6,Not Available,Ok
1864 85 st.,Multifamily Housing,Not Available,2016-03-06,Not Applicable: Standalone Property,No,309.6,Not Available,5788.9,Not Available,Not Available,Not Available,-22,Not Available,Not Available,Not Available,Not Available,Not Available,Not Available,Not Available,Not Available,Not Available,Not Available,Not Available,278.0,Not Available,Not Available,Not Available,Not Available,Not Available,Not Available,1.06944,0,Not Available,Not Available,4356920.7,Not Available,Not Available,3.7,Not Available,Not Available,Not Available,Yes,Not Available,1.06944,Not Available,77,Not Available,Not Available,2015-12-31T00:00:00.000,No,Not Available,Not Available,Not Available,No,Not Available,Not Applicable: Standalone Property,Not Available,Not Available,Not Available,Not Available,Multifamily Housing,Not Available,Not Available,Not Available,72000,5788.9,Not Available,Ok
67-11 161st street,Multifamily Housing,1331016.8,Not Available,4442823,Not Available,67.2,Not Available,604.4,Not Available,Not Available,Not Available,-40.7,Not Available,Not Available,Not Available,Not Available,Not Available,Not Available,Not Available,Not Available,Not Available,Not Available,Not Available,122701.0,Not Available,Not Available,Not Available,Not Available,Not Available,Not Available,1.02857,0,Not Available,Not Available,1264862.5,Not Available,Not Available,Not Available,Not Available,Not Available,Not Available,No,Not Available,0,Not Available,18,Not Available,Not Available,2015-12-31T00:00:00.000,No,Not Available,Not Available,Not Available,No,Not Available,Second Housing Company Inc,Not Available,Not Available,Not Available,Not Available,Multifamily Housing,Not Available,Not Available,Not Available,17500,Not Available,Not Available,Ok
57 Lincoln Rd,"Multifamily Housing, Retail Store, Supermarket/Grocery Store",8260632.7,Not Available,Not Applicable: Standalone Property,No,331.5,Not Available,Not Available,Not Available,Not Available,Not Available,-22.7,Not Available,Not Available,Not Available,Not Available,Not Available,Not Available,Not Available,Not Available,Not Available,Not Available,Not Available,79801.0,Not Available,Not Available,Not Available,Not Available,Not Available,0,1.04709,0,1025,Not Available,4436182.2,Not Available,Not Available,4,Not Available,Not Available,Not Available,No,Not Available,1.04709,Not Available,84,Not Available,Not Available,2015-12-31T00:00:00.000,Yes,Not Available,Not Available,1,No,0,Not Applicable: Standalone Property,Not Available,Not Available,Not Available,Not Available,Multifamily Housing,Not Available,Not Available,Not Available,83847,Not Available,Not Available,Ok
60 East 17 Street,Multifamily Housing,7505366.7,Not Available,Not Applicable: Standalone Property,No,353.2,Not Available,Not Available,Not Available,Not Available,Not Available,-26.5,Not Available,Not Available,Not Available,Not Available,Not Available,Not Available,Not Available,Not Available,Not Available,Not Available,Not Available,506.0,Not Available,Not Available,Not Available,Not Available,Not Available,Not Available,1.2,0,Not Available,Not Available,6085736.5,Not Available,Not Available,1.2,Not Available,Not Available,Not Available,No,Not Available,0,Not Available,101.52,Not Available,Not Available,2015-12-31T00:00:00.000,Yes,Not Available,Not Available,Not Available,No,Not Available,Not Applicable: Standalone Property,Not Available,Not Available,Not Available,Not Available,Multifamily Housing,Not Available,Not Available,Not Available,84600,Not Available,Not Available,Ok
1450 128th Street,"Non-Refrigerated Warehouse, Office, Parking",Not Available,2016-03-30,Not Applicable: Standalone Property,No,279.2,Not Available,85.6,Not Available,Not Available,Not Available,180.8,Not Available,Not Available,Not Available,Not Available,Not Available,Not Available,Not Available,Not Available,Not Available,Not Available,Not Available,947.0,5,Not Available,Not Available,Not Available,Not Available,Not Available,Not Available,Not Available,Not Available,Not Available,2414826.9,Not Available,Not Available,Not Available,Not Available,25000,Not Available,No,Not Available,Not Available,0,Not Available,Not Available,Not Available,2015-12-31T00:00:00.000,No,100,Not Available,Not Available,No,Not Available,Not Applicable: Standalone Property,Not Available,Not Available,Not Available,Not Available,Non-Refrigerated Warehouse,Not Available,Not Available,Not Available,49000,Not Available,Not Available,Ok
24 John Street,Other,923801.7,Not Available,Not Applicable: Standalone Property,No,24.2,Not Available,396.2,Not Available,Not Available,Not Available,-85.1,Not Available,Not Available,Not Available,Not Available,Not Available,Not Available,Not Available,Not Available,Not Available,Not Available,Not Available,1502.0,Not Available,Not Available,Not Available,Not Available,Not Available,Not Available,Not Available,Not Available,Not Available,Not Available,Not Available,Not Available,Not Available,1.7,Not Available,Not Available,Not Available,No,Not Available,Not Available,Not Available,Not Available,Not Available,Not Available,2015-12-31T00:00:00.000,No,Not Available,Not Available,Not Available,No,Not Available,Not Applicable: Standalone Property,Not Available,Not Available,Not Available,Not Available,Other,Not Available,Not Available,Not Available,50000,396.2,Not Available,Ok
154 West 18th Street,Multifamily Housing,8354310.2,Not Available,Not Applicable: Standalone Property,No,386.2,Not Available,Not Available,Not Available,Not Available,Not Available,-8.2,Not Available,Not Available,Not Available,Not Available,Not Available,Not Available,Not Available,Not Available,Not Available,Not Available,Not Available,81.0,Not Available,Not Available,Not Available,Not Available,Not Available,Not Available,0.40363,0,Not Available,Not Available,718500,Not Available,Not Available,6.7,Not Available,Not Available,Not Available,No,Not Available,0.20181,Not Available,26,Not Available,Not Available,2015-12-31T00:00:00.000,Yes,Not Available,Not Available,Not Available,No,Not Available,Not Applicable: Standalone Property,Not Available,Not Available,Not Available,Not Available,Multifamily Housing,Not Available,Not Available,Not Available,64416,Not Available,Not Available,Ok
139 WEST 55 STREET,"Multifamily Housing, Retail Store",Not Available,Not Available,Not Applicable: Standalone Property,No,871.3,No,8409.7,Not Available,Not Available,Not Available,24.2,Not Available,Not Available,Not Available,Not Available,Not Available,Not Available,Not Available,Not Available,Not Available,Not Available,Not Available,137.0,Not Available,Not Available,Not Available,Not Available,Not Available,100,0.88731,90,Not Available,Not Available,1232024.6,Not Available,Not Available,Not Available,Not Available,Not Available,Not Available,No,Not Available,0,Not Available,90,Not Available,Not Available,2015-12-31T00:00:00.000,Yes,Not Available,Not Available,0,No,0,Not Applicable: Standalone Property,Not Available,Not Available,Not Available,Not Available,Multifamily Housing,Not Available,Not Available,Not Available,106430,8409.7,Not Available,Ok
820 West End Avenue,Multifamily Housing,12856561.7,Not Available,Not Applicable: Standalone Property,No,673.8,No,5199.7,Not Available,Not Available,Not Available,-12.1,Not Available,Not Available,Not Available,Not Available,Not Available,Not Available,Not Available,Not Available,Not Available,Not Available,Not Available,187.0,Not Available,Not Available,Not Available,Not Available,Not Available,Not Available,0.89924,97,Not Available,Not Available,2437885.4,Not Available,Not Available,3.8,Not Available,Not Available,Not Available,No,Not Available,0,Not Available,97,Not Available,Not Available,2015-12-31T00:00:00.000,No,Not Available,Not Available,Not Available,No,Not Available,Not Applicable: Standalone Property,Not Available,Not Available,Not Available,Not Available,Multifamily Housing,Not Available,Not Available,Not Available,107869,5199.7,Not Available,Ok
45 E 8 St,Worship Facility,1956276.2,2016-03-23,Not Applicable: Standalone Property,No,81.8,Not Available,Not Available,Not Available,Not Available,Not Available,-62.2,Not Available,Not Available,Not Available,Not Available,Not Available,Not Available,Not Available,Not Available,Not Available,Not Available,Not Available,504.0,Not Available,Not Available,Not Available,Not Available,Not Available,Not Available,Not Available,Not Available,Not Available,Not Available,1162745.8,Not Available,Not Available,1.3,Not Available,Not Available,Not Available,No,Not Available,Not Available,Not Available,Not Available,Not Available,Not Available,2015-12-31T00:00:00.000,Yes,Not Available,Not Available,Not Available,No,Not Available,Not Applicable: Standalone Property,Not Available,Not Available,Not Available,Not Available,Worship Facility,Not Available,Not Available,Not Available,52800,Not Available,Not Available,Ok
263 WEST 38TH STREET,"Office, Other",18290114.9,2016-03-28,Not Applicable: Standalone Property,No,720.4,Not Available,1285.5,Not Available,Not Available,Not Available,-46.2,Not Available,Not Available,Not Available,Not Available,Not Available,Not Available,Not Available,Not Available,Not Available,Not Available,Not Available,113.0,1.77696,Not Available,Not Available,Not Available,Not Available,Not Available,Not Available,Not Available,Not Available,Not Available,Not Available,Not Available,Not Available,8.7,Not Available,Not Available,Not Available,Yes,Not Available,Not Available,Not Available,Not Available,Not Available,Not Available,2015-12-31T00:00:00.000,No,83.75,Not Available,Not Available,No,Not Available,Not Applicable: Standalone Property,Not Available,Not Available,Not Available,Not Available,Office,Not Available,Not Available,Not Available,152439,Not Available,Not Available,Ok
580 Crown Street,"Multifamily Housing, Parking",17704182.9,2016-03-28,Not Applicable: Standalone Property,No,587.3,Not Available,7015.3,Not Available,Not Available,Not Available,-29.3,Not Available,Not Available,Not Available,Not Available,Not Available,Not Available,Not Available,Not Available,Not Available,Not Available,Not Available,333.0,Not Available,Not Available,Not Available,Not Available,Not Available,Not Available,0.48376,0,Not Available,Not Available,4650599.9,Not Available,Not Available,6,Not Available,12000,Not Available,No,Not Available,0.28516,12000,95,Not Available,Not Available,2015-12-31T00:00:00.000,No,Not Available,Not Available,Not Available,No,Not Available,Not Applicable: Standalone Property,Not Available,Not Available,Not Available,Not Available,Multifamily Housing,Not Available,Not Available,Not Available,196380,7015.3,Not Available,Ok
111-15 75th Avenue,Multifamily Housing,8742207.4,Not Available,Not Applicable: Standalone Property,No,356.9,Not Available,2888.9,Not Available,Not Available,Not Available,-36.9,Not Available,Not Available,Not Available,Not Available,Not Available,Not Available,Not Available,Not Available,Not Available,Not Available,Not Available,,Not Available,Not Available,Not Available,Not Available,Not Available,Not Available,0.68498,0,Not Available,Not Available,4932400.2,Not Available,Not Available,2.6,Not Available,Not Available,Not Available,Yes,Not Available,0.68498,Not Available,85,Not Available,Not Available,2015-12-31T00:00:00.000,No,Not Available,Not Available,Not Available,No,Not Available,Not Applicable: Standalone Property,Not Available,Not Available,Not Available,Not Available,Multifamily Housing,Not Available,Not Available,Not Available,124091,2888.9,Not Available,Ok
354 Ocean Ave,Multifamily Housing,3705275.8,Not Available,Not Applicable: Standalone Property,No,170.7,Not Available,Not Available,Not Available,Not Available,Not Available,-44.8,Not Available,Not Available,Not Available,Not Available,Not Available,Not Available,Not Available,Not Available,Not Available,Not Available,Not Available,50804.0,Not Available,Not Available,Not Available,Not Available,Not Available,Not Available,1.2,0,Not Available,Not Available,2883372.8,Not Available,Not Available,1.1,Not Available,Not Available,Not Available,No,Not Available,0,Not Available,66.24,Not Available,Not Available,2015-12-31T00:00:00.000,Yes,Not Available,Not Available,Not Available,No,Not Available,Not Applicable: Standalone Property,Not Available,Not Available,Not Available,Not Available,Multifamily Housing,Not Available,Not Available,Not Available,55200,Not Available,Not Available,Ok
777 East 31 Street,Multifamily Housing,14404661,Not Available,Not Applicable: Standalone Property,No,597.4,Not Available,Not Available,Not Available,Not Available,Not Available,-13.7,Not Available,Not Available,Not Available,Not Available,Not Available,Not Available,Not Available,Not Available,Not Available,Not Available,Not Available,786.0,Not Available,Not Available,Not Available,Not Available,Not Available,Not Available,1.02742,0,Not Available,Not Available,8663085.1,Not Available,Not Available,3.9,Not Available,Not Available,Not Available,No,Not Available,1.02742,Not Available,125,Not Available,Not Available,2015-12-31T00:00:00.000,No,Not Available,Not Available,Not Available,No,Not Available,Not Applicable: Standalone Property,Not Available,Not Available,Not Available,Not Available,Multifamily Housing,Not Available,Not Available,Not Available,121664,Not Available,Not Available,Ok
165 Sherman Avenue,"Multifamily Housing, Other, Retail Store, Supermarket/Grocery Store",11361742.5,2016-03-31,Not Applicable: Standalone Property,No,572.3,Not Available,Not Available,Not Available,Not Available,Not Available,-4.8,Not Available,Not Available,Not Available,Not Available,Not Available,Not Available,Not Available,Not Available,Not Available,Not Available,Not Available,291.0,Not Available,Not Available,Not Available,Not Available,Not Available,100,1.07239,0,500,Not Available,367488.5,Not Available,Not Available,5.5,Not Available,Not Available,Not Available,No,Not Available,1.07239,Not Available,100,Not Available,Not Available,2015-12-31T00:00:00.000,Yes,Not Available,Not Available,0,Yes,0,Not Applicable: Standalone Property,Not Available,Not Available,Not Available,Not Available,Multifamily Housing,Not Available,Not Available,Not Available,95250,Not Available,Not Available,Ok
235 west 46th street,Hotel,62011871.7,2016-03-17,Not Applicable: Standalone Property,No,2349.5,Not Available,Not Available,Not Available,Not Available,Not Available,30.2,Not Available,Not Available,Not Available,Not Available,Not Available,Not Available,Not Available,Not Available,Not Available,Not Available,No,125.0,Not Available,Not Available,Not Available,Not Available,Not Available,Not Available,Not Available,Not Available,Not Available,Not Available,1901346,Not Available,Not Available,17,Not Available,Not Available,Not Available,No,Not Available,Not Available,Not Available,Not Available,Not Available,Not Available,2015-12-31T00:00:00.000,Yes,Not Available,Not Available,Not Available,No,Not Available,Not Applicable: Standalone Property,Not Available,Not Available,Not Available,Not Available,Hotel,Not Available,Not Available,80,202445,Not Available,Not Available,Ok
1475 Walton Ave,Multifamily Housing,9676838,Not Available,Not Applicable: Standalone Property,No,400.7,Not Available,4853,Not Available,Not Available,Not Available,-15.4,Not Available,Not Available,Not Available,Not Available,Not Available,Not Available,Not Available,Not Available,Not Available,Not Available,Not Available,223.0,Not Available,Not Available,Not Available,Not Available,Not Available,Not Available,0.80518,0,Not Available,Not Available,5713339.7,Not Available,Not Available,4,Not Available,Not Available,Not Available,No,Not Available,0.80518,Not Available,68,Not Available,Not Available,2015-12-31T00:00:00.000,No,Not Available,Not Available,Not Available,No,Not Available,Not Applicable: Standalone Property,Not Available,Not Available,Not Available,Not Available,Multifamily Housing,Not Available,Not Available,Not Available,84453,4853,Not Available,Ok
1571 2 AVENUE,"Multifamily Housing, Retail Store",Not Available,Not Available,Not Applicable: Standalone Property,No,1749.9,No,Not Available,Not Available,Not Available,Not Available,42.8,Not Available,Not Available,Not Available,Not Available,Not Available,Not Available,Not Available,Not Available,Not Available,Not Available,Not Available,138.0,Not Available,Not Available,Not Available,Not Available,Not Available,100,1.03529,176,Not Available,Not Available,1264834.9,Not Available,Not Available,Not Available,Not Available,Not Available,Not Available,No,Not Available,0,Not Available,176,Not Available,Not Available,2015-12-31T00:00:00.000,Yes,Not Available,Not Available,0,No,0,Not Applicable: Standalone Property,Not Available,Not Available,Not Available,Not Available,Multifamily Housing,Not Available,Not Available,Not Available,189000,Not Available,Not Available,Ok
600 W 239 Street,Multifamily Housing,12552774,2016-03-14,Not Applicable: Standalone Property,No,520.5,Not Available,7324.7,Not Available,Not Available,Not Available,-11.9,Not Available,Not Available,Not Available,Not Available,Not Available,Not Available,Not Available,Not Available,Not Available,Not Available,Not Available,30701.0,Not Available,Not Available,Not Available,Not Available,Not Available,Not Available,0.82912,0,Not Available,Not Available,7603514.5,Not Available,Not Available,3.7,Not Available,Not Available,Not Available,No,Not Available,0.82912,Not Available,90,Not Available,Not Available,2015-12-31T00:00:00.000,No,Not Available,Not Available,Not Available,No,Not Available,Not Applicable: Standalone Property,Not Available,Not Available,Not Available,Not Available,Multifamily Housing,Not Available,Not Available,Not Available,108549,7324.7,Not Available,Ok
345 West 86th Street,Multifamily Housing,12418542.5,2016-03-21,Not Applicable: Standalone Property,No,463.2,Not Available,7401.3,Not Available,Not Available,Not Available,-34.4,Not Available,Not Available,Not Available,Not Available,Not Available,Not Available,Not Available,Not Available,Not Available,Not Available,Not Available,175.0,Not Available,Not Available,Not Available,Not Available,Not Available,Not Available,3.3303,260,Not Available,Not Available,5198372.9,Not Available,Not Available,8.3,Not Available,Not Available,Not Available,Yes,Not Available,0,Not Available,260,Not Available,Not Available,2015-12-31T00:00:00.000,No,Not Available,Not Available,Not Available,No,Not Available,Not Applicable: Standalone Property,Not Available,Not Available,Not Available,Not Available,Multifamily Housing,Not Available,Not Available,Not Available,78071,7401.3,Not Available,Ok
21-16 43 Avenue,Office,15862214.2,2016-03-28,Not Applicable: Standalone Property,No,544.2,Not Available,195737.5,Not Available,Not Available,Not Available,-45.8,Not Available,Not Available,Not Available,Not Available,Not Available,Not Available,Not Available,Not Available,Not Available,Not Available,Not Available,19.0,2.01613,Not Available,Not Available,Not Available,Not Available,Not Available,Not Available,Not Available,Not Available,Not Available,4432819.9,Not Available,Not Available,8.5,Not Available,Not Available,Not Available,No,Not Available,Not Available,Not Available,Not Available,Not Available,Not Available,2015-12-31T00:00:00.000,No,100,Not Available,Not Available,No,Not Available,Not Applicable: Standalone Property,Not Available,Not Available,Not Available,Not Available,Office,Not Available,Not Available,Not Available,124000,195737.5,Not Available,Ok
75 St. Nicholas Place,Multifamily Housing,9059423.2,Not Available,Not Applicable: Standalone Property,No,401.2,Not Available,5394.4,Not Available,Not Available,Not Available,10.4,Not Available,Not Available,Not Available,Not Available,Not Available,Not Available,Not Available,Not Available,Not Available,Not Available,Not Available,23501.0,Not Available,Not Available,Not Available,Not Available,Not Available,Not Available,0.96303,0,Not Available,Not Available,6197499.5,Not Available,Not Available,3.3,Not Available,Not Available,Not Available,No,Not Available,0.19155,Not Available,66.21,Not Available,Not Available,2015-12-31T00:00:00.000,Yes,Not Available,Not Available,Not Available,No,Not Available,Not Applicable: Standalone Property,Not Available,Not Available,Not Available,Not Available,Multifamily Housing,Not Available,Not Available,Not Available,68754,5394.4,Not Available,Ok
740 Empire Blvd.,"Multifamily Housing, Retail Store, Supermarket/Grocery Store",11361932.1,2016-03-27,Not Applicable: Standalone Property,No,453.9,Not Available,0,Not Available,Not Available,Not Available,-7.3,Not Available,Not Available,Not Available,Not Available,Not Available,Not Available,Not Available,Not Available,Not Available,Not Available,Not Available,331.0,Not Available,Not Available,Not Available,Not Available,Not Available,0,1.05618,0,1200,Not Available,6022316.4,Not Available,Not Available,4.9,Not Available,Not Available,Not Available,No,Not Available,1.05618,Not Available,99,Not Available,Not Available,2015-12-31T00:00:00.000,Yes,Not Available,Not Available,0,No,0,Not Applicable: Standalone Property,Not Available,Not Available,Not Available,Not Available,Multifamily Housing,Not Available,Not Available,Not Available,96134,0,Not Available,Ok
162-01 / 162-05  71st Ave.,Multifamily Housing,Not Available,Not Available,4442227,Not Available,0,Not Available,1426.5,Not Available,Not Available,Not Available,Not Available,Not Available,Not Available,Not Available,Not Available,Not Available,Not Available,Not Available,Not Available,Not Available,Not Available,Not Available,,Not Available,Not Available,Not Available,Not Available,Not Available,Not Available,1.02857,0,Not Available,Not Available,Not Available,Not Available,Not Available,Not Available,Not Available,Not Available,Not Available,No,Not Available,0,Not Available,36,Not Available,Not Available,2015-12-31T00:00:00.000,No,Not Available,Not Available,Not Available,No,Not Available,First Housing Company Inc.,Not Available,Not Available,Not Available,Not Available,Multifamily Housing,Not Available,Not Available,Not Available,35000,Not Available,Not Available,Ok
225 Fifth Avenue,"Financial Office, Multifamily Housing, Other",51856881.8,Not Available,Not Applicable: Standalone Property,No,1579.3,Not Available,9646,Not Available,Not Available,Not Available,34.4,Not Available,Not Available,Not Available,Not Available,Not Available,Not Available,Not Available,Not Available,Not Available,Not Available,Not Available,56.0,Not Available,Not Available,Not Available,Not Available,Not Available,Not Available,0.94064,191,Not Available,Not Available,6296558.9,Not Available,Not Available,15.2,Not Available,Not Available,Not Available,No,Not Available,0,Not Available,191,52,Not Available,2015-12-31T00:00:00.000,No,Not Available,Not Available,Not Available,No,Not Available,Not Applicable: Standalone Property,Not Available,Not Available,Not Available,Not Available,Multifamily Housing,Not Available,Not Available,Not Available,273157,9646,Not Available,Ok
1155  Avenue  of  the  Americas,"Office, Retail Store",146410603.6,Not Available,Not Applicable: Standalone Property,No,4228.8,Not Available,Not Available,Not Available,Not Available,Not Available,-30.7,Not Available,Not Available,Not Available,Not Available,Not Available,Not Available,Not Available,Not Available,Not Available,Not Available,No,119.0,2.3797,Not Available,Not Available,Not Available,Not Available,100,Not Available,Not Available,Not Available,Not Available,Not Available,Not Available,Not Available,18.2,Not Available,Not Available,Not Available,No,Not Available,Not Available,Not Available,Not Available,Not Available,"2015, 2010, 2008, 2006, 2005, 2003, 2002, 2001",2015-12-31T00:00:00.000,No,100,Not Available,0,No,0,Not Applicable: Standalone Property,Not Available,Not Available,Not Available,Not Available,Office,Not Available,Not Available,Not Available,686838,Not Available,Not Available,Ok
57-35 Marathon Parkway,"Multifamily Housing, Parking",10174572.8,2016-03-14,Not Applicable: Standalone Property,No,423,Not Available,Not Available,Not Available,Not Available,Not Available,39.3,Not Available,Not Available,Not Available,Not Available,Not Available,Not Available,Not Available,Not Available,Not Available,Not Available,Not Available,152902.0,Not Available,Not Available,Not Available,Not Available,Not Available,Not Available,1.16931,0,Not Available,Not Available,6069625.1,Not Available,Not Available,6.3,Not Available,4779,Not Available,No,Not Available,0,4779,64,Not Available,Not Available,2015-12-31T00:00:00.000,No,Not Available,Not Available,Not Available,No,Not Available,Not Applicable: Standalone Property,Not Available,Not Available,Not Available,Not Available,Multifamily Housing,Not Available,Not Available,Not Available,54733,Not Available,Not Available,Ok
3530 Wayne Ave.,Senior Care Community,28492114.4,2016-03-25,Not Applicable: Standalone Property,No,858,Not Available,Not Available,Not Available,Not Available,Not Available,28.7,Not Available,Not Available,Not Available,Not Available,Not Available,Not Available,Not Available,Not Available,Not Available,Not Available,Not Available,431.0,Not Available,Not Available,Not Available,Not Available,Not Available,Not Available,Not Available,Not Available,Not Available,Not Available,3756893.5,Not Available,Not Available,25.3,Not Available,Not Available,Not Available,No,Not Available,Not Available,Not Available,Not Available,Not Available,Not Available,2015-12-31T00:00:00.000,No,Not Available,Not Available,Not Available,No,Not Available,Not Applicable: Standalone Property,Not Available,Not Available,Not Available,Not Available,Senior Care Community,Not Available,Not Available,Not Available,90550,Not Available,Not Available,Ok
194 East Second Street,"Multifamily Housing, Retail Store",15447070.7,Not Available,Not Applicable: Standalone Property,No,502.9,Not Available,Not Available,Not Available,Not Available,Not Available,9.4,Not Available,Not Available,Not Available,Not Available,Not Available,Not Available,Not Available,Not Available,Not Available,Not Available,Not Available,3002.0,Not Available,Not Available,Not Available,Not Available,Not Available,90,0.79221,0,Not Available,Not Available,3525246.3,Not Available,Not Available,12.5,Not Available,Not Available,Not Available,No,Not Available,0.79221,Not Available,61,Not Available,Not Available,2015-12-31T00:00:00.000,Yes,Not Available,Not Available,0,No,0,Not Applicable: Standalone Property,Not Available,Not Available,Not Available,Not Available,Multifamily Housing,Not Available,Not Available,Not Available,88000,Not Available,Not Available,Ok
3140-3150 Kingsbridge Ave,Multifamily Housing,12961667.9,2016-03-27,Not Applicable: Standalone Property,No,770.9,Not Available,7745.4,Not Available,Not Available,Not Available,49.3,Not Available,Not Available,Not Available,Not Available,Not Available,Not Available,Not Available,5143800.2,Not Available,Not Available,Not Available,289.0,Not Available,Not Available,Not Available,Not Available,Not Available,Not Available,0.93672,0,Not Available,Not Available,527324,Not Available,Not Available,4.4,Not Available,Not Available,Not Available,No,Not Available,0,Not Available,70,Not Available,Not Available,2015-12-31T00:00:00.000,Yes,Not Available,Not Available,Not Available,No,Not Available,Not Applicable: Standalone Property,Not Available,Not Available,Not Available,Not Available,Multifamily Housing,Not Available,Not Available,Not Available,74729,7745.4,Not Available,Ok
444 West 35th Street,Multifamily Housing,10064044.7,2016-03-24,Not Applicable: Standalone Property,No,380.7,Not Available,5032.9,Not Available,Not Available,Not Available,9.1,Not Available,Not Available,Not Available,Not Available,Not Available,Not Available,Not Available,Not Available,Not Available,Not Available,Not Available,111.0,Not Available,Not Available,Not Available,Not Available,Not Available,Not Available,1.30303,86,Not Available,Not Available,4457559.3,Not Available,Not Available,7.4,Not Available,Not Available,Not Available,No,Not Available,0,Not Available,86,Not Available,Not Available,2015-12-31T00:00:00.000,No,Not Available,Not Available,Not Available,No,Not Available,Not Applicable: Standalone Property,Not Available,Not Available,Not Available,Not Available,Multifamily Housing,Not Available,Not Available,Not Available,66000,5032.9,Not Available,Ok
230 Ocean Parkway,Multifamily Housing,6651957,Not Available,Not Applicable: Standalone Property,No,287.5,Not Available,Not Available,Not Available,Not Available,Not Available,6.9,Not Available,Not Available,Not Available,Not Available,Not Available,Not Available,Not Available,Not Available,Not Available,Not Available,Not Available,494.0,Not Available,Not Available,Not Available,Not Available,Not Available,Not Available,1.2081,0,Not Available,Not Available,4319599.9,Not Available,Not Available,3.9,Not Available,Not Available,Not Available,No,Not Available,0.27996,Not Available,59.82,Not Available,Not Available,2015-12-31T00:00:00.000,Yes,Not Available,Not Available,Not Available,No,Not Available,Not Applicable: Standalone Property,Not Available,Not Available,Not Available,Not Available,Multifamily Housing,Not Available,Not Available,Not Available,49518,Not Available,Not Available,Ok
201 E. 86th St,"Fitness Center/Health Club/Gym, Multifamily Housing, Retail Store",42933204.2,Not Available,Not Applicable: Standalone Property,No,1817.9,Not Available,9890.8,Not Available,Not Available,Not Available,38.2,Not Available,Not Available,Not Available,Not Available,Not Available,Not Available,Not Available,Not Available,Not Available,Not Available,Not Available,14602.0,Not Available,Not Available,Not Available,20357,Not Available,100,1.57942,252,Not Available,Not Available,857060,Not Available,Not Available,13.4,Not Available,Not Available,Not Available,No,Not Available,0,Not Available,252,Not Available,Not Available,2015-12-31T00:00:00.000,No,Not Available,Not Available,0,Yes,0,Not Applicable: Standalone Property,Not Available,Not Available,Not Available,Not Available,Multifamily Housing,Not Available,Not Available,Not Available,195528,Not Available,Not Available,Ok
1339 York Avenue,Senior Care Community,88174808.5,2016-03-24,Not Applicable: Standalone Property,No,3691.4,Not Available,Not Available,Not Available,Not Available,Not Available,81.7,Not Available,Not Available,Not Available,Not Available,Not Available,Not Available,Not Available,Not Available,Not Available,Not Available,No,124.0,Not Available,Not Available,Not Available,Not Available,Not Available,Not Available,Not Available,Not Available,Not Available,Not Available,825580,Not Available,Not Available,15.5,Not Available,Not Available,Not Available,No,Not Available,Not Available,Not Available,Not Available,Not Available,Not Available,2015-12-31T00:00:00.000,Yes,Not Available,Not Available,Not Available,No,Not Available,Not Applicable: Standalone Property,Not Available,Not Available,Not Available,Not Available,Senior Care Community,Not Available,Not Available,Not Available,252000,Not Available,Not Available,Ok
253 West 24th St,"Other - Entertainment/Public Assembly, Residence Hall/Dormitory",5663020.2,2016-03-31,Not Applicable: Standalone Property,No,299.7,Not Available,2612.9,Not Available,Not Available,Not Available,-38.6,Not Available,Not Available,Not Available,Not Available,Not Available,Not Available,Not Available,Not Available,Not Available,Not Available,Not Available,91.0,Not Available,Not Available,Not Available,Not Available,Not Available,Not Available,Not Available,Not Available,Not Available,Not Available,968920,Not Available,Not Available,3.2,Not Available,Not Available,Not Available,No,Not Available,Not Available,Not Available,Not Available,Not Available,Not Available,2015-12-31T00:00:00.000,No,Not Available,Not Available,Not Available,No,Not Available,Not Applicable: Standalone Property,Not Available,Not Available,Not Available,Not Available,Residence Hall/Dormitory,Not Available,Not Available,Not Available,59250,2612.9,Not Available,Ok
135 W36 St.,"Office, Retail Store",Not Available,2016-03-31,Not Applicable: Standalone Property,No,539.8,No,2421.4,Not Available,Not Available,Not Available,-45.7,Not Available,Not Available,Not Available,Not Available,Not Available,Not Available,Not Available,Not Available,Not Available,Not Available,Not Available,109.0,2.82494,Not Available,Not Available,Not Available,Not Available,90,Not Available,Not Available,Not Available,Not Available,596.8,Not Available,Not Available,9.2,Not Available,Not Available,Not Available,No,Not Available,Not Available,Not Available,Not Available,Not Available,Not Available,2015-12-31T00:00:00.000,Yes,100,Not Available,0,No,0,Not Applicable: Standalone Property,Not Available,Not Available,Not Available,Not Available,Office,Not Available,Not Available,Not Available,107209,2421.4,Not Available,Ok
150 EAST 121 STREET,"Multifamily Housing, Other - Entertainment/Public Assembly",12295437.5,Not Available,Not Applicable: Standalone Property,No,446.1,Not Available,8258.5,Not Available,Not Available,Not Available,-23.6,Not Available,Not Available,Not Available,Not Available,Not Available,Not Available,Not Available,Not Available,Not Available,Not Available,Not Available,196.0,Not Available,Not Available,Not Available,Not Available,Not Available,Not Available,1.09317,0,Not Available,Not Available,4850400.3,Not Available,Not Available,5.7,Not Available,Not Available,Not Available,No,Not Available,1.09317,Not Available,126,Not Available,Not Available,2015-12-31T00:00:00.000,Yes,Not Available,Not Available,Not Available,No,Not Available,Not Applicable: Standalone Property,Not Available,Not Available,Not Available,Not Available,Multifamily Housing,Not Available,Not Available,Not Available,117118,8258.5,Not Available,Ok
54 Featherbed Lane,Multifamily Housing,7570315.6,2016-03-14,Not Applicable: Standalone Property,No,309.9,No,5407.7,Not Available,Not Available,Not Available,-4.3,Not Available,Not Available,Not Available,Not Available,Not Available,Not Available,Not Available,Not Available,Not Available,Not Available,Not Available,217.0,Not Available,Not Available,Not Available,Not Available,Not Available,Not Available,1.0904,0,Not Available,Not Available,4298733.3,Not Available,Not Available,4.7,Not Available,Not Available,Not Available,No,Not Available,1.0904,Not Available,66,Not Available,Not Available,2015-12-31T00:00:00.000,No,Not Available,Not Available,Not Available,No,Not Available,Not Applicable: Standalone Property,Not Available,Not Available,Not Available,Not Available,Multifamily Housing,Not Available,Not Available,Not Available,60528,5407.7,Not Available,Ok
200 West Street,"Data Center, Financial Office, Other",580079822.9,Not Available,Not Applicable: Standalone Property,No,17480.8,Not Available,46633.8,Not Available,Not Available,Not Available,85.5,Not Available,Not Available,Not Available,Not Available,Not Available,Not Available,Not Available,Not Available,Not Available,Not Available,No,31703.0,Not Available,Not Available,0,Not Available,Not Available,Not Available,Not Available,Not Available,Not Available,0,3214737.6,Not Available,Not Available,22.3,Not Available,Not Available,Not Available,No,Not Available,Not Available,Not Available,Not Available,70.76,Not Available,2015-12-31T00:00:00.000,No,Not Available,Not Available,Not Available,No,Not Available,Not Applicable: Standalone Property,Not Available,Not Available,Not Available,Not Available,Financial Office,Not Available,Not Available,Not Available,2137781,Not Available,Not Available,Ok
65-82 / 65-75 160th Street,Multifamily Housing,6600874,Not Available,4440047,Not Available,489.7,Not Available,Not Available,Not Available,Not Available,Not Available,-37.6,Not Available,Not Available,Not Available,Not Available,Not Available,Not Available,Not Available,Not Available,Not Available,Not Available,Not Available,,Not Available,Not Available,Not Available,Not Available,Not Available,Not Available,1.1,0,Not Available,Not Available,Not Available,Not Available,Not Available,Not Available,Not Available,Not Available,Not Available,Yes,Not Available,1.1,Not Available,77,Not Available,Not Available,2015-12-31T00:00:00.000,No,Not Available,Not Available,Not Available,No,Not Available,Third Housing Company Inc.,Not Available,Not Available,Not Available,Not Available,Multifamily Housing,Not Available,Not Available,Not Available,70000,Not Available,Not Available,Ok
405 44th Street,"Multifamily Housing, Other",7987078.5,Not Available,Not Applicable: Standalone Property,No,335.5,Not Available,3917.3,Not Available,Not Available,Not Available,-9.6,Not Available,Not Available,Not Available,Not Available,Not Available,Not Available,Not Available,Not Available,Not Available,Not Available,Not Available,82.0,Not Available,Not Available,Not Available,Not Available,Not Available,Not Available,1.21448,0,Not Available,Not Available,5104911.5,Not Available,Not Available,3.3,Not Available,Not Available,Not Available,No,Not Available,1.21448,Not Available,81,Not Available,Not Available,2015-12-31T00:00:00.000,No,Not Available,Not Available,Not Available,No,Not Available,Not Applicable: Standalone Property,Not Available,Not Available,Not Available,Not Available,Multifamily Housing,Not Available,Not Available,Not Available,67415,Not Available,Not Available,Ok
29-31 Leonard Street,"Multifamily Housing, Parking",62299046,2016-03-22,Not Applicable: Standalone Property,No,2606.6,Not Available,Not Available,Not Available,Not Available,Not Available,22.1,Not Available,Not Available,Not Available,Not Available,Not Available,Not Available,Not Available,Not Available,Not Available,Not Available,Not Available,491.0,Not Available,Not Available,Not Available,Not Available,Not Available,Not Available,0.99587,386,Not Available,Not Available,36924697.2,Not Available,Not Available,5.7,Not Available,20000,Not Available,No,Not Available,0,0,386,Not Available,Not Available,2015-12-31T00:00:00.000,No,Not Available,Not Available,Not Available,No,Not Available,Not Applicable: Standalone Property,Not Available,Not Available,Not Available,Not Available,Multifamily Housing,Not Available,Not Available,Not Available,387600,Not Available,Not Available,Ok
1365 York Ave,Other - Specialty Hospital,3093917.7,Not Available,Not Applicable: Standalone Property,No,83,Not Available,Not Available,Not Available,Not Available,Not Available,-19.3,Not Available,Not Available,Not Available,Not Available,Not Available,Not Available,Not Available,Not Available,Not Available,Not Available,Not Available,124.0,Not Available,Not Available,Not Available,Not Available,Not Available,Not Available,Not Available,Not Available,Not Available,Not Available,Not Available,Not Available,Not Available,28.9,Not Available,Not Available,Not Available,No,Not Available,Not Available,Not Available,Not Available,Not Available,Not Available,2015-12-31T00:00:00.000,No,Not Available,Not Available,Not Available,No,Not Available,Not Applicable: Standalone Property,Not Available,Not Available,Not Available,Not Available,Other - Specialty Hospital,Not Available,Not Available,Not Available,10000,Not Available,Not Available,Ok
20 5 Avenue,Multifamily Housing,Not Available,Not Available,Not Applicable: Standalone Property,No,992.3,No,3226.4,Not Available,Not Available,Not Available,2.5,Not Available,Not Available,Not Available,Not Available,Not Available,Not Available,Not Available,Not Available,Not Available,Not Available,Not Available,63.0,Not Available,Not Available,Not Available,Not Available,Not Available,Not Available,0.90621,120,Not Available,Not Available,215808.7,Not Available,Not Available,Not Available,Not Available,Not Available,Not Available,No,Not Available,0,Not Available,120,Not Available,Not Available,2015-12-31T00:00:00.000,Yes,Not Available,Not Available,Not Available,No,Not Available,Not Applicable: Standalone Property,Not Available,Not Available,Not Available,Not Available,Multifamily Housing,Not Available,Not Available,Not Available,132420,3226.4,Not Available,Ok
666 GREENWICH STREET,"Multifamily Housing, Office, Parking, Supermarket/Grocery Store",84815814.8,2016-03-30,Not Applicable: Standalone Property,No,2748.3,Not Available,2174317.6,Not Available,Not Available,Not Available,-16.8,Not Available,Not Available,Not Available,Not Available,Not Available,Not Available,Not Available,Not Available,Not Available,Not Available,Not Available,69.0,2.5512,Not Available,Not Available,Not Available,Not Available,Not Available,0.84219,479,23150,Not Available,13006060.2,Not Available,Not Available,9.9,Not Available,13513,Not Available,No,Not Available,0,13513,479,Not Available,Not Available,2015-12-31T00:00:00.000,Yes,100,Not Available,Not Available,No,Not Available,Not Applicable: Standalone Property,Not Available,Not Available,Not Available,Not Available,Multifamily Housing,Not Available,Not Available,Not Available,552263,Not Available,Not Available,Ok
255 McKibbin Street,Multifamily Housing,Not Available,Not Available,Not Applicable: Standalone Property,No,Not Available,Not Available,Not Available,Not Available,Not Available,Not Available,Not Available,Not Available,Not Available,Not Available,Not Available,Not Available,Not Available,Not Available,Not Available,Not Available,Not Available,Not Available,485.0,Not Available,Not Available,Not Available,Not Available,Not Available,Not Available,0.875,0,Not Available,Not Available,Not Available,Not Available,Not Available,Not Available,Not Available,Not Available,Not Available,No,Not Available,0,Not Available,70,Not Available,Not Available,2015-12-31T00:00:00.000,Yes,Not Available,Not Available,Not Available,No,Not Available,Not Applicable: Standalone Property,Not Available,Not Available,Not Available,Not Available,Multifamily Housing,Not Available,Not Available,Not Available,80000,Not Available,Not Available,Ok
61-15 43 Ave,Multifamily Housing,8997555.8,Not Available,Not Applicable: Standalone Property,No,244,Not Available,3435.8,Not Available,Not Available,Not Available,-10.8,Not Available,Not Available,Not Available,Not Available,Not Available,Not Available,Not Available,Not Available,Not Available,Not Available,Not Available,249.0,Not Available,Not Available,Not Available,Not Available,Not Available,Not Available,1.2,0,Not Available,Not Available,Not Available,Not Available,Not Available,9.8,Not Available,Not Available,Not Available,No,Not Available,0,Not Available,102.68,Not Available,Not Available,2015-12-31T00:00:00.000,Yes,Not Available,Not Available,Not Available,No,Not Available,Not Applicable: Standalone Property,Not Available,Not Available,Not Available,Not Available,Multifamily Housing,Not Available,Not Available,Not Available,85568,Not Available,Not Available,Ok
8901 Shore Road,Multifamily Housing,11783126.3,2016-03-30,Not Applicable: Standalone Property,No,501,No,3999.8,Not Available,Not Available,Not Available,55.2,Not Available,Not Available,Not Available,Not Available,Not Available,Not Available,Not Available,Not Available,Not Available,Not Available,Not Available,50.0,Not Available,Not Available,Not Available,Not Available,Not Available,Not Available,0.82882,52,Not Available,Not Available,6940183.4,Not Available,Not Available,7.3,Not Available,Not Available,Not Available,No,Not Available,0,Not Available,52,Not Available,Not Available,2015-12-31T00:00:00.000,No,Not Available,Not Available,Not Available,No,Not Available,Not Applicable: Standalone Property,Not Available,Not Available,Not Available,Not Available,Multifamily Housing,Not Available,Not Available,Not Available,62740,3999.8,Not Available,Ok
125 Maiden Lane,"Office, Other, Retail Store",Not Available,2016-03-02,Not Applicable: Standalone Property,No,1520.1,Not Available,4086.4,Not Available,Not Available,Not Available,-37.3,Not Available,Not Available,Not Available,Not Available,Not Available,Not Available,Not Available,Not Available,Not Available,Not Available,No,1502.0,1.84125,Not Available,Not Available,Not Available,Not Available,100,Not Available,Not Available,Not Available,Not Available,Not Available,Not Available,Not Available,12.1,Not Available,Not Available,Not Available,Yes,Not Available,Not Available,Not Available,Not Available,Not Available,2010,2015-12-31T00:00:00.000,No,100,Not Available,0,No,0,Not Applicable: Standalone Property,Not Available,Not Available,Not Available,Not Available,Office,Not Available,Not Available,Not Available,316008,4086.4,Not Available,Ok
160 Central Park South,Hotel,149631256.4,Not Available,Not Applicable: Standalone Property,No,5059,Not Available,52037,Not Available,Not Available,Not Available,926.8,Not Available,Not Available,Not Available,Not Available,Not Available,Not Available,Not Available,Not Available,Not Available,Not Available,Not Available,137.0,Not Available,Not Available,Not Available,Not Available,Not Available,Not Available,Not Available,Not Available,Not Available,Not Available,42444599.7,Not Available,Not Available,13.5,Not Available,Not Available,Not Available,No,Not Available,Not Available,Not Available,Not Available,Not Available,Not Available,2015-12-31T00:00:00.000,Yes,Not Available,Not Available,Not Available,No,Not Available,Not Applicable: Standalone Property,Not Available,Not Available,Not Available,Not Available,Hotel,Not Available,Not Available,100,723209,52132,Not Available,Ok
130-136 W 142nd St,Multifamily Housing,7617683,2016-03-23,Not Applicable: Standalone Property,No,310.3,Not Available,4093.4,Not Available,Not Available,Not Available,-6.5,Not Available,Not Available,Not Available,Not Available,Not Available,Not Available,Not Available,Not Available,Not Available,Not Available,Not Available,230.0,Not Available,Not Available,Not Available,Not Available,Not Available,Not Available,1.10622,0,Not Available,Not Available,4333310.7,Not Available,Not Available,5,Not Available,Not Available,Not Available,No,Not Available,1.10622,Not Available,61,Not Available,Not Available,2015-12-31T00:00:00.000,No,Not Available,Not Available,Not Available,No,Not Available,Not Applicable: Standalone Property,Not Available,Not Available,Not Available,Not Available,Multifamily Housing,Not Available,Not Available,Not Available,55143,4093.4,Not Available,Ok
65-24 162nd Street,"Multifamily Housing, Parking",40870825.9,Not Available,4442836,No,1096.4,Not Available,Not Available,Not Available,Not Available,Not Available,-5.1,Not Available,Not Available,Not Available,Not Available,Not Available,Not Available,Not Available,Not Available,Not Available,Not Available,Not Available,122701.0,Not Available,Not Available,Not Available,Not Available,Not Available,Not Available,0.6304,184,Not Available,Not Available,484484.7,Not Available,Not Available,12.9,Not Available,30000,Not Available,No,Not Available,0,0,184,Not Available,Not Available,2015-12-31T00:00:00.000,No,Not Available,Not Available,Not Available,No,Not Available,Fifth Housing Company Inc,Not Available,Not Available,Not Available,Not Available,Multifamily Housing,Not Available,Not Available,Not Available,291876,Not Available,Not Available,Ok
3155 Grace Avenue,"Parking, Senior Care Community",48985620.3,2016-03-21,Not Applicable: Standalone Property,No,1625.4,No,19227.9,Not Available,Not Available,Not Available,0.1,Not Available,Not Available,Not Available,Not Available,Not Available,Not Available,Not Available,Not Available,Not Available,Not Available,Not Available,46202.0,Not Available,Not Available,Not Available,Not Available,Not Available,Not Available,Not Available,Not Available,Not Available,Not Available,13064900.5,Not Available,Not Available,14.2,Not Available,15200,Not Available,No,Not Available,Not Available,9600,Not Available,Not Available,Not Available,2015-12-31T00:00:00.000,No,Not Available,Not Available,Not Available,No,Not Available,Not Applicable: Standalone Property,Not Available,Not Available,Not Available,Not Available,Senior Care Community,Not Available,Not Available,Not Available,232000,Not Available,Not Available,Ok
"560 W. 42nd,","Distribution Center, Office",11350115.5,Not Available,Not Applicable: Standalone Property,No,349.6,Not Available,Not Available,Not Available,Not Available,Not Available,6,Not Available,Not Available,Not Available,Not Available,Not Available,Not Available,Not Available,Not Available,Not Available,Not Available,Not Available,,0.87943,Not Available,Not Available,Not Available,Not Available,Not Available,Not Available,Not Available,Not Available,Not Available,1934758.1,Not Available,Not Available,9.5,Not Available,Not Available,Not Available,No,Not Available,Not Available,Not Available,Not Available,Not Available,Not Available,2015-12-31T00:00:00.000,No,100,80193,Not Available,No,Not Available,Not Applicable: Standalone Property,Not Available,Not Available,Not Available,Not Available,Distribution Center,Not Available,Not Available,Not Available,91564,Not Available,Not Available,Ok
320 E176th Street,Multifamily Housing,9400261.6,2016-03-27,Not Applicable: Standalone Property,No,512.6,Not Available,10924.1,Not Available,Not Available,Not Available,-15.2,Not Available,Not Available,Not Available,Not Available,Not Available,Not Available,Not Available,5247512.8,Not Available,Not Available,Not Available,231.0,Not Available,Not Available,Not Available,Not Available,Not Available,Not Available,0.94319,0,Not Available,Not Available,418320.8,Not Available,Not Available,4.1,Not Available,Not Available,Not Available,No,Not Available,0.94319,Not Available,75,Not Available,Not Available,2015-12-31T00:00:00.000,No,Not Available,Not Available,Not Available,No,Not Available,Not Applicable: Standalone Property,Not Available,Not Available,Not Available,Not Available,Multifamily Housing,Not Available,Not Available,Not Available,79517,10924.1,Not Available,Ok
1024 Montgomery street,Multifamily Housing,23105157.9,2016-03-27,Not Applicable: Standalone Property,No,899.8,No,0,Not Available,Not Available,Not Available,18.8,Not Available,Not Available,Not Available,Not Available,Not Available,Not Available,Not Available,Not Available,Not Available,Not Available,Not Available,355.0,Not Available,Not Available,Not Available,Not Available,Not Available,Not Available,0.67022,0,Not Available,Not Available,2756436.9,Not Available,Not Available,9.5,Not Available,Not Available,Not Available,No,Not Available,0.67022,Not Available,104,Not Available,Not Available,2015-12-31T00:00:00.000,No,Not Available,Not Available,Not Available,No,Not Available,Not Applicable: Standalone Property,Not Available,Not Available,Not Available,Not Available,Multifamily Housing,Not Available,Not Available,Not Available,155172,0,Not Available,Ok
31-74 29th Street,Multifamily Housing,9905090.9,Not Available,Not Applicable: Standalone Property,No,416,Not Available,2868,Not Available,Not Available,Not Available,-23.6,Not Available,Not Available,Not Available,Not Available,Not Available,Not Available,Not Available,Not Available,Not Available,Not Available,Not Available,75.0,Not Available,Not Available,Not Available,Not Available,Not Available,Not Available,0.96846,0,Not Available,Not Available,6201373.2,Not Available,Not Available,3.2,Not Available,Not Available,Not Available,Yes,Not Available,0.96846,Not Available,91,Not Available,Not Available,2015-12-31T00:00:00.000,No,Not Available,Not Available,Not Available,No,Not Available,Not Applicable: Standalone Property,Not Available,Not Available,Not Available,Not Available,Multifamily Housing,Not Available,Not Available,Not Available,93964,2868,Not Available,Ok
58-31 251 Street,"Multifamily Housing, Parking",7994318.8,2016-03-22,Not Applicable: Standalone Property,No,327.1,Not Available,Not Available,Not Available,Not Available,Not Available,21,Not Available,Not Available,Not Available,Not Available,Not Available,Not Available,Not Available,Not Available,Not Available,Not Available,Not Available,152902.0,Not Available,Not Available,Not Available,Not Available,Not Available,Not Available,1.18496,0,Not Available,Not Available,4635848,Not Available,Not Available,5.8,Not Available,3748,Not Available,No,Not Available,0,3748,58,Not Available,Not Available,2015-12-31T00:00:00.000,No,Not Available,Not Available,Not Available,No,Not Available,Not Applicable: Standalone Property,Not Available,Not Available,Not Available,Not Available,Multifamily Housing,Not Available,Not Available,Not Available,48947,283727,Not Available,Ok
395 Ocean Ave,Multifamily Housing,10831586.8,2016-03-03,Not Applicable: Standalone Property,No,447.3,Not Available,6223.5,Not Available,Not Available,Not Available,-25.8,Not Available,Not Available,Not Available,Not Available,Not Available,Not Available,Not Available,Not Available,Not Available,Not Available,Not Available,50803.0,Not Available,Not Available,Not Available,Not Available,Not Available,Not Available,0.83852,0,Not Available,Not Available,6285192.4,Not Available,Not Available,3.3,Not Available,Not Available,Not Available,Yes,Not Available,0.83852,Not Available,98,Not Available,Not Available,2015-12-31T00:00:00.000,No,Not Available,Not Available,Not Available,No,Not Available,Not Applicable: Standalone Property,Not Available,Not Available,Not Available,Not Available,Multifamily Housing,Not Available,Not Available,Not Available,116873,6223.5,Not Available,Ok
961 Eastern Pkwy,Multifamily Housing,9723345.7,Not Available,Not Applicable: Standalone Property,No,380.8,Not Available,7360.8,Not Available,Not Available,Not Available,-14.6,Not Available,Not Available,Not Available,Not Available,Not Available,Not Available,Not Available,Not Available,Not Available,Not Available,Not Available,353.0,Not Available,Not Available,Not Available,Not Available,Not Available,Not Available,0.96023,0,Not Available,Not Available,4872624.7,Not Available,Not Available,4.7,Not Available,Not Available,Not Available,No,Not Available,0.96023,Not Available,86,Not Available,Not Available,2015-12-31T00:00:00.000,No,Not Available,Not Available,Not Available,No,Not Available,Not Applicable: Standalone Property,Not Available,Not Available,Not Available,Not Available,Multifamily Housing,Not Available,Not Available,Not Available,89562,7360.8,Not Available,Ok
246-25 57 Drive,Multifamily Housing,7675592.2,2016-03-24,Not Applicable: Standalone Property,No,409.7,No,345714.2,Not Available,Not Available,Not Available,9.4,Not Available,Not Available,Not Available,Not Available,Not Available,Not Available,Not Available,Not Available,Not Available,Not Available,Not Available,152901.0,Not Available,Not Available,Not Available,Not Available,Not Available,Not Available,1.11995,0,Not Available,Not Available,Not Available,Not Available,Not Available,6.1,Not Available,Not Available,Not Available,No,Not Available,0,Not Available,60,Not Available,Not Available,2015-12-31T00:00:00.000,No,Not Available,Not Available,Not Available,No,Not Available,Not Applicable: Standalone Property,Not Available,Not Available,Not Available,Not Available,Multifamily Housing,Not Available,Not Available,Not Available,53574,345714.2,Not Available,Ok
128-148 Seaman Avenue,Multifamily Housing,9993373.9,Not Available,Not Applicable: Standalone Property,No,472.6,Not Available,Not Available,Not Available,Not Available,Not Available,-41.6,Not Available,Not Available,Not Available,Not Available,Not Available,Not Available,Not Available,Not Available,Not Available,Not Available,Not Available,295.0,Not Available,Not Available,Not Available,Not Available,Not Available,Not Available,1.36211,0,Not Available,Not Available,Not Available,Not Available,Not Available,5.1,Not Available,Not Available,Not Available,Yes,Not Available,1.36211,Not Available,142,Not Available,Not Available,2015-12-31T00:00:00.000,No,Not Available,Not Available,Not Available,No,Not Available,Not Applicable: Standalone Property,Not Available,Not Available,Not Available,Not Available,Multifamily Housing,Not Available,Not Available,Not Available,104250,Not Available,Not Available,Ok
208 East Broadway,"Multifamily Housing, Retail Store, Supermarket/Grocery Store",173422557.6,2016-03-31,Not Applicable: Standalone Property,No,6629,Not Available,Not Available,Not Available,Not Available,Not Available,-19.9,Not Available,Not Available,Not Available,Not Available,Not Available,Not Available,Not Available,Not Available,Not Available,Not Available,Not Available,1401.0,Not Available,Not Available,Not Available,Not Available,Not Available,100,0.85478,864,13000,Not Available,80165271.9,Not Available,Not Available,7.8,Not Available,Not Available,Not Available,No,Not Available,0,Not Available,864,Not Available,Not Available,2015-12-31T00:00:00.000,Yes,Not Available,Not Available,6,No,0.06444,Not Applicable: Standalone Property,Not Available,Not Available,Not Available,Not Available,Multifamily Housing,Not Available,Not Available,Not Available,1070347,Not Available,Not Available,Ok
1349 Stratford Avenue,Multifamily Housing,6162593.6,Not Available,Not Applicable: Standalone Property,No,298.6,No,8542.9,Not Available,Not Available,Not Available,-30.3,Not Available,Not Available,Not Available,Not Available,Not Available,Not Available,Not Available,Not Available,Not Available,Not Available,Not Available,56.0,Not Available,Not Available,Not Available,Not Available,Not Available,Not Available,1.03004,0,Not Available,Not Available,362600,Not Available,Not Available,4.1,Not Available,Not Available,Not Available,Yes,Not Available,0.34335,Not Available,72,Not Available,Not Available,2015-12-31T00:00:00.000,No,Not Available,Not Available,Not Available,No,Not Available,Not Applicable: Standalone Property,Not Available,Not Available,Not Available,Not Available,Multifamily Housing,Not Available,Not Available,Not Available,69900,8542.9,Not Available,Ok
1047 Amsterdam Avenue,Worship Facility,46329236.9,2016-03-24,Not Applicable: Standalone Property,No,2307.9,Not Available,Not Available,Not Available,Not Available,Not Available,118.8,Not Available,Not Available,Not Available,Not Available,Not Available,Not Available,Not Available,Not Available,Not Available,Not Available,Not Available,19701.0,Not Available,Not Available,Not Available,Not Available,Not Available,Not Available,Not Available,Not Available,Not Available,Not Available,1418853.3,Not Available,Not Available,8.7,Not Available,Not Available,Not Available,No,Not Available,Not Available,Not Available,Not Available,Not Available,Not Available,2015-12-31T00:00:00.000,No,Not Available,Not Available,Not Available,No,Not Available,Not Applicable: Standalone Property,Not Available,Not Available,Not Available,Not Available,Worship Facility,Not Available,Not Available,Not Available,241550,Not Available,Not Available,Ok
95 Horatio Street,Multifamily Housing,48895380.7,2016-03-24,Not Applicable: Standalone Property,No,1700.1,Not Available,15175,Not Available,Not Available,Not Available,14.6,Not Available,Not Available,Not Available,Not Available,Not Available,Not Available,Not Available,Not Available,Not Available,Not Available,Not Available,79.0,Not Available,Not Available,Not Available,Not Available,Not Available,Not Available,0.73898,265,Not Available,Not Available,12486123.5,Not Available,Not Available,8.8,Not Available,Not Available,Not Available,No,Not Available,0,Not Available,265,Not Available,Not Available,2015-12-31T00:00:00.000,No,Not Available,Not Available,Not Available,No,Not Available,Not Applicable: Standalone Property,Not Available,Not Available,Not Available,Not Available,Multifamily Housing,Not Available,Not Available,Not Available,358600,15175,Not Available,Ok
65-52 160th Street,"Multifamily Housing, Parking",68973233.2,Not Available,4440047,No,2049.9,Not Available,Not Available,Not Available,Not Available,Not Available,-36.4,Not Available,Not Available,Not Available,Not Available,Not Available,Not Available,Not Available,Not Available,Not Available,Not Available,Not Available,122701.0,Not Available,Not Available,Not Available,Not Available,Not Available,Not Available,1.07755,0,Not Available,Not Available,6179974.9,Not Available,Not Available,7.9,Not Available,199400,Not Available,No,Not Available,1.02857,0,792,Not Available,Not Available,2015-12-31T00:00:00.000,Yes,Not Available,Not Available,Not Available,No,Not Available,Third Housing Company Inc.,Not Available,Not Available,Not Available,Not Available,Multifamily Housing,Not Available,Not Available,Not Available,735000,Not Available,Not Available,Ok
5461 kings highway,Multifamily Housing,Not Available,Not Available,Not Applicable: Standalone Property,No,284.7,No,34410.4,Not Available,Not Available,Not Available,-26.7,Not Available,Not Available,Not Available,Not Available,Not Available,Not Available,Not Available,Not Available,Not Available,Not Available,Not Available,946.0,Not Available,Not Available,Not Available,Not Available,Not Available,Not Available,0.91426,0,Not Available,Not Available,4056616.9,Not Available,Not Available,0.9,Not Available,Not Available,Not Available,No,Not Available,0.91426,Not Available,54,Not Available,Not Available,2015-12-31T00:00:00.000,No,Not Available,Not Available,Not Available,No,Not Available,Not Applicable: Standalone Property,Not Available,Not Available,Not Available,Not Available,Multifamily Housing,Not Available,Not Available,Not Available,59064,34410.4,Not Available,Ok
120 WEST 86 STREET,Multifamily Housing,Not Available,2016-03-16,Not Applicable: Standalone Property,No,231.8,Not Available,2005.3,Not Available,Not Available,Not Available,-21.9,Not Available,Not Available,Not Available,Not Available,Not Available,Not Available,Not Available,Not Available,Not Available,Not Available,Not Available,169.0,Not Available,Not Available,Not Available,Not Available,Not Available,Not Available,0.84775,49,Not Available,Not Available,2889383.8,Not Available,Not Available,Not Available,Not Available,Not Available,Not Available,No,Not Available,0,Not Available,49,Not Available,Not Available,2015-12-31T00:00:00.000,Yes,Not Available,Not Available,Not Available,No,Not Available,Not Applicable: Standalone Property,Not Available,Not Available,Not Available,Not Available,Multifamily Housing,Not Available,Not Available,Not Available,57800,2005.3,Not Available,Ok
114  West  47th  st,"Financial Office, Office",86150059,Not Available,Not Applicable: Standalone Property,No,2767.6,Not Available,Not Available,Not Available,Not Available,Not Available,-39.4,Not Available,Not Available,Not Available,Not Available,Not Available,Not Available,Not Available,Not Available,Not Available,Not Available,No,125.0,1.24887,Not Available,Not Available,Not Available,Not Available,Not Available,Not Available,Not Available,Not Available,Not Available,Not Available,Not Available,Not Available,11.8,Not Available,Not Available,Not Available,No,Not Available,Not Available,Not Available,Not Available,84,"2015, 2010, 2008, 2006, 2005, 2003, 2002, 2001",2015-12-31T00:00:00.000,No,100,Not Available,Not Available,No,Not Available,Not Applicable: Standalone Property,Not Available,Not Available,Not Available,Not Available,Financial Office,Not Available,Not Available,Not Available,554498,Not Available,Not Available,Ok
45-40 Center Blvd,"Multifamily Housing, Restaurant",48183454.1,2016-03-24,Not Applicable: Standalone Property,No,1808.1,Not Available,Not Available,Not Available,Not Available,Not Available,17.3,Not Available,Not Available,Not Available,Not Available,80,Not Available,Not Available,Not Available,Not Available,Not Available,Not Available,1.0,Not Available,Not Available,Not Available,Not Available,Not Available,Not Available,1.11204,345,Not Available,Not Available,18141848.2,Not Available,Not Available,8.3,Not Available,Not Available,Not Available,No,Not Available,0,Not Available,345,Not Available,Not Available,2015-12-31T00:00:00.000,No,Not Available,Not Available,Not Available,No,Not Available,Not Applicable: Standalone Property,Not Available,Not Available,Not Available,Not Available,Multifamily Housing,Not Available,Not Available,Not Available,314525,Not Available,Not Available,Ok
159-21 / 159-25 71st  Ave.,Multifamily Housing,Not Available,Not Available,4442227,Not Available,0,Not Available,Not Available,Not Available,Not Available,Not Available,Not Available,Not Available,Not Available,Not Available,Not Available,Not Available,Not Available,Not Available,Not Available,Not Available,Not Available,Not Available,,Not Available,Not Available,Not Available,Not Available,Not Available,Not Available,1.11429,0,Not Available,Not Available,Not Available,Not Available,Not Available,Not Available,Not Available,Not Available,Not Available,No,Not Available,0,Not Available,39,Not Available,Not Available,2015-12-31T00:00:00.000,No,Not Available,Not Available,Not Available,No,Not Available,First Housing Company Inc.,Not Available,Not Available,Not Available,Not Available,Multifamily Housing,Not Available,Not Available,Not Available,35000,Not Available,Not Available,Ok
2387 Ocean Avenue,Multifamily Housing,9279658,2016-03-15,Not Applicable: Standalone Property,No,367.2,Not Available,4706.2,Not Available,Not Available,Not Available,2.9,Not Available,Not Available,Not Available,Not Available,Not Available,Not Available,Not Available,Not Available,Not Available,Not Available,Not Available,560.0,Not Available,Not Available,Not Available,Not Available,Not Available,Not Available,0.92437,0,Not Available,Not Available,5046799.9,Not Available,Not Available,4.8,Not Available,Not Available,Not Available,No,Not Available,0.92437,Not Available,66,Not Available,Not Available,2015-12-31T00:00:00.000,No,Not Available,Not Available,Not Available,No,Not Available,Not Applicable: Standalone Property,Not Available,Not Available,Not Available,Not Available,Multifamily Housing,Not Available,Not Available,Not Available,71400,4706.2,Not Available,Ok
10-20 Post Avenue,Multifamily Housing,8551645.3,Not Available,Not Applicable: Standalone Property,No,380.8,Not Available,0.7,Not Available,Not Available,Not Available,-31.6,Not Available,Not Available,Not Available,Not Available,Not Available,Not Available,Not Available,Not Available,Not Available,Not Available,Not Available,291.0,Not Available,Not Available,Not Available,Not Available,Not Available,Not Available,1.05336,0,Not Available,Not Available,6145253.7,Not Available,Not Available,2.1,Not Available,Not Available,Not Available,Yes,Not Available,1.05336,Not Available,95,Not Available,Not Available,2015-12-31T00:00:00.000,No,Not Available,Not Available,Not Available,No,Not Available,Not Applicable: Standalone Property,Not Available,Not Available,Not Available,Not Available,Multifamily Housing,Not Available,Not Available,Not Available,90188,Not Available,Not Available,Ok
60-22 Little Neck Parkway,"Multifamily Housing, Parking",5748464.7,2016-03-14,Not Applicable: Standalone Property,No,233.2,Not Available,Not Available,Not Available,Not Available,Not Available,31.9,Not Available,Not Available,Not Available,Not Available,Not Available,Not Available,Not Available,Not Available,Not Available,Not Available,Not Available,152902.0,Not Available,Not Available,Not Available,Not Available,Not Available,Not Available,1.21788,0,Not Available,Not Available,3256465.5,Not Available,Not Available,6.3,Not Available,1520,Not Available,No,Not Available,0,1520,40,Not Available,Not Available,2015-12-31T00:00:00.000,No,Not Available,Not Available,Not Available,No,Not Available,Not Applicable: Standalone Property,Not Available,Not Available,Not Available,Not Available,Multifamily Housing,Not Available,Not Available,Not Available,32844,Not Available,Not Available,Ok
151 East 50th Street,Hotel,9290017.4,2016-03-23,Not Applicable: Standalone Property,No,360.3,Not Available,Not Available,Not Available,Not Available,Not Available,-29.6,Not Available,Not Available,Not Available,Not Available,Not Available,Not Available,Not Available,1025999.9,Not Available,Not Available,Not Available,100.0,Not Available,Not Available,Not Available,Not Available,Not Available,Not Available,Not Available,Not Available,Not Available,Not Available,1144540.2,Not Available,Not Available,16.5,Not Available,Not Available,Not Available,Yes,Not Available,Not Available,Not Available,Not Available,Not Available,Not Available,2015-12-31T00:00:00.000,No,Not Available,Not Available,Not Available,No,Not Available,Not Applicable: Standalone Property,Not Available,Not Available,Not Available,Not Available,Hotel,Not Available,Not Available,100,36000,Not Available,Not Available,Ok
100 Woodruff Ave,Multifamily Housing,12213489.5,Not Available,Not Applicable: Standalone Property,No,526.7,Not Available,5221.1,Not Available,Not Available,Not Available,-8.5,Not Available,Not Available,Not Available,Not Available,Not Available,Not Available,Not Available,Not Available,Not Available,Not Available,Not Available,50804.0,Not Available,Not Available,Not Available,Not Available,Not Available,Not Available,0.82912,0,Not Available,Not Available,7907586.1,Not Available,Not Available,3.4,Not Available,Not Available,Not Available,No,Not Available,0.82912,Not Available,90,Not Available,Not Available,2015-12-31T00:00:00.000,No,Not Available,Not Available,Not Available,No,Not Available,Not Applicable: Standalone Property,Not Available,Not Available,Not Available,Not Available,Multifamily Housing,Not Available,Not Available,Not Available,108549,5221.1,Not Available,Ok
440-442 JACKSON AVENUE,Multifamily Housing,6963795.3,Not Available,Not Applicable: Standalone Property,No,286.8,Not Available,8274.4,Not Available,Not Available,Not Available,-18.2,Not Available,Not Available,Not Available,Not Available,Not Available,Not Available,Not Available,Not Available,Not Available,Not Available,Not Available,35.0,Not Available,Not Available,Not Available,Not Available,Not Available,Not Available,0.76986,0,Not Available,Not Available,4097800.2,Not Available,Not Available,3.8,Not Available,Not Available,Not Available,No,Not Available,0.76986,Not Available,49,Not Available,Not Available,2015-12-31T00:00:00.000,Yes,Not Available,Not Available,Not Available,No,Not Available,Not Applicable: Standalone Property,Not Available,Not Available,Not Available,Not Available,Multifamily Housing,Not Available,Not Available,Not Available,63648,8274.4,Not Available,Ok
15-29 159th St,"Multifamily Housing, Parking",4837343.5,2016-03-29,Not Applicable: Standalone Property,Yes,182.2,Not Available,Not Available,Not Available,Not Available,Not Available,21,Not Available,Not Available,Not Available,Not Available,Not Available,Not Available,Not Available,Not Available,Not Available,Not Available,Not Available,1029.0,Not Available,Not Available,Not Available,Not Available,Not Available,Not Available,2.32558,0,Not Available,Not Available,2063337.4,Not Available,Not Available,12.1,Not Available,5713,Not Available,No,Not Available,0,3724,48,Not Available,Not Available,2015-12-31T00:00:00.000,No,Not Available,Not Available,Not Available,No,Not Available,Not Applicable: Standalone Property,Not Available,Not Available,Not Available,Not Available,Multifamily Housing,Not Available,Not Available,Not Available,20640,Not Available,Not Available,Ok
116 w 32nd Street,"Office, Other",52299064.3,2016-03-23,Not Applicable: Standalone Property,No,1966.9,Not Available,Not Available,Not Available,Not Available,Not Available,-9.6,Not Available,Not Available,Not Available,Not Available,Not Available,Not Available,Not Available,Not Available,Not Available,Not Available,Not Available,101.0,2.53221,Not Available,Not Available,Not Available,Not Available,Not Available,Not Available,Not Available,Not Available,Not Available,5401666.8,Not Available,Not Available,16.9,Not Available,Not Available,Not Available,No,Not Available,Not Available,Not Available,Not Available,Not Available,Not Available,2015-12-31T00:00:00.000,Yes,100,Not Available,Not Available,No,Not Available,Not Applicable: Standalone Property,Not Available,Not Available,Not Available,Not Available,Office,Not Available,Not Available,Not Available,204417,Not Available,Not Available,Ok
474 Brooklyn Avenue,Multifamily Housing,7177220.2,2016-03-27,Not Applicable: Standalone Property,No,367,No,0,Not Available,Not Available,Not Available,-4.1,Not Available,Not Available,Not Available,Not Available,Not Available,Not Available,Not Available,Not Available,Not Available,Not Available,Not Available,329.0,Not Available,Not Available,Not Available,Not Available,Not Available,Not Available,0.99163,0,Not Available,Not Available,1730135.3,Not Available,Not Available,4.3,Not Available,Not Available,Not Available,No,Not Available,0.99163,Not Available,54,Not Available,Not Available,2015-12-31T00:00:00.000,No,Not Available,Not Available,Not Available,No,Not Available,Not Applicable: Standalone Property,Not Available,Not Available,Not Available,Not Available,Multifamily Housing,Not Available,Not Available,Not Available,54456,0,Not Available,Ok
15 West 39th Street,Multifamily Housing,8511589.1,Not Available,Not Applicable: Standalone Property,No,386.5,Not Available,6186.2,Not Available,Not Available,Not Available,14.4,Not Available,Not Available,Not Available,Not Available,Not Available,Not Available,Not Available,Not Available,Not Available,Not Available,Not Available,84.0,Not Available,Not Available,Not Available,Not Available,Not Available,Not Available,1.03175,0,Not Available,Not Available,1326866.6,Not Available,Not Available,8.5,Not Available,Not Available,Not Available,No,Not Available,1.03175,Not Available,52,Not Available,Not Available,2015-12-31T00:00:00.000,No,Not Available,Not Available,Not Available,No,Not Available,Not Applicable: Standalone Property,Not Available,Not Available,Not Available,Not Available,Multifamily Housing,Not Available,Not Available,Not Available,50400,6186.2,Not Available,Ok
3601 Johnson Avenue,"Medical Office, Multifamily Housing",10694474.8,2016-03-22,Not Applicable: Standalone Property,No,459.8,Not Available,3120.9,Not Available,Not Available,Not Available,-27.3,Not Available,Not Available,Not Available,Not Available,Not Available,Not Available,Not Available,Not Available,Not Available,Not Available,Not Available,297.0,Not Available,Not Available,Not Available,Not Available,Not Available,Not Available,0.76856,88,Not Available,Not Available,6925546.9,Not Available,Not Available,2.8,Not Available,Not Available,Not Available,No,Not Available,0,Not Available,88,Not Available,Not Available,2015-12-31T00:00:00.000,No,Not Available,Not Available,Not Available,No,Not Available,Not Applicable: Standalone Property,Not Available,Not Available,Not Available,48,Multifamily Housing,Not Available,Not Available,Not Available,115600,3120.9,Not Available,Ok
158-40 HVA Jr. Ave.,Multifamily Housing,Not Available,Not Available,4442227,Not Available,110.5,Not Available,4845.9,Not Available,Not Available,Not Available,Not Available,Not Available,Not Available,Not Available,Not Available,Not Available,Not Available,Not Available,Not Available,Not Available,Not Available,Not Available,,Not Available,Not Available,Not Available,Not Available,Not Available,Not Available,1.2,0,Not Available,Not Available,Not Available,Not Available,Not Available,Not Available,Not Available,Not Available,Not Available,No,Not Available,1.2,Not Available,84,Not Available,Not Available,2015-12-31T00:00:00.000,No,Not Available,Not Available,Not Available,No,Not Available,First Housing Company Inc.,Not Available,Not Available,Not Available,Not Available,Multifamily Housing,Not Available,Not Available,Not Available,70000,Not Available,Not Available,Ok
1427 Wythe Place,Multifamily Housing,11294147.7,2016-03-23,Not Applicable: Standalone Property,No,492.2,Not Available,11422,Not Available,Not Available,Not Available,20.9,Not Available,Not Available,Not Available,Not Available,Not Available,Not Available,Not Available,Not Available,Not Available,Not Available,Not Available,223.0,Not Available,Not Available,Not Available,Not Available,Not Available,Not Available,1.08571,0,Not Available,Not Available,7541562.7,Not Available,Not Available,4.5,Not Available,Not Available,Not Available,No,Not Available,1.08571,Not Available,76,Not Available,Not Available,2015-12-31T00:00:00.000,No,Not Available,Not Available,Not Available,No,Not Available,Not Applicable: Standalone Property,Not Available,Not Available,Not Available,Not Available,Multifamily Housing,Not Available,Not Available,Not Available,70000,11422,Not Available,Ok
1045 St Johns Pl,Multifamily Housing,5615179.5,2016-03-28,Not Applicable: Standalone Property,No,252.4,Not Available,0,Not Available,Not Available,Not Available,-37.5,Not Available,Not Available,Not Available,Not Available,Not Available,Not Available,Not Available,Not Available,Not Available,Not Available,Not Available,339.0,Not Available,Not Available,Not Available,Not Available,Not Available,Not Available,0.72227,0,Not Available,Not Available,2743434.2,Not Available,Not Available,2.5,Not Available,Not Available,Not Available,Yes,Not Available,0.72227,Not Available,54,Not Available,Not Available,2015-12-31T00:00:00.000,No,Not Available,Not Available,Not Available,No,Not Available,Not Applicable: Standalone Property,Not Available,Not Available,Not Available,Not Available,Multifamily Housing,Not Available,Not Available,Not Available,74764,0,Not Available,Ok
658-666 West 188th Street,Multifamily Housing,Not Available,Not Available,Not Applicable: Standalone Property,No,268.5,No,Not Available,Not Available,Not Available,Not Available,-44.2,Not Available,Not Available,Not Available,Not Available,Not Available,Not Available,Not Available,Not Available,Not Available,Not Available,Not Available,279.0,Not Available,Not Available,Not Available,Not Available,Not Available,Not Available,0.8966,0,Not Available,Not Available,555200,Not Available,Not Available,3.8,Not Available,Not Available,Not Available,Yes,Not Available,0.29547,Not Available,88,Not Available,Not Available,2015-12-31T00:00:00.000,No,Not Available,Not Available,Not Available,No,Not Available,Not Applicable: Standalone Property,Not Available,Not Available,Not Available,Not Available,Multifamily Housing,Not Available,Not Available,Not Available,98149,Not Available,Not Available,Ok
121 EAST 24TH STREET,"Office, Other",Not Available,2016-03-30,Not Applicable: Standalone Property,No,333.9,Not Available,2943.6,Not Available,Not Available,Not Available,-30.2,Not Available,Not Available,Not Available,Not Available,Not Available,Not Available,Not Available,Not Available,Not Available,Not Available,Not Available,68.0,1.71432,Not Available,Not Available,Not Available,Not Available,Not Available,Not Available,Not Available,Not Available,Not Available,967.6,Not Available,Not Available,9.5,Not Available,Not Available,Not Available,No,Not Available,Not Available,Not Available,Not Available,Not Available,"2015, 2014",2015-12-31T00:00:00.000,No,100,Not Available,Not Available,No,Not Available,Not Applicable: Standalone Property,Not Available,Not Available,Not Available,Not Available,Office,Not Available,Not Available,Not Available,63270,Not Available,Not Available,Ok
66 West 38th Street,"Multifamily Housing, Parking, Retail Store",58227290.5,2016-03-10,Not Applicable: Standalone Property,No,2092.5,Not Available,15487.8,Not Available,Not Available,Not Available,12.2,Not Available,Not Available,Not Available,Not Available,Not Available,Not Available,Not Available,Not Available,Not Available,Not Available,Not Available,84.0,Not Available,Not Available,Not Available,Not Available,Not Available,100,1.01903,374,Not Available,Not Available,21604370,Not Available,Not Available,8.8,Not Available,17200,Not Available,No,Not Available,0,17200,374,Not Available,Not Available,2015-12-31T00:00:00.000,Yes,Not Available,Not Available,5,No,0.15623,Not Applicable: Standalone Property,Not Available,Not Available,Not Available,Not Available,Multifamily Housing,Not Available,Not Available,Not Available,373416,15487.8,Not Available,Ok
2105 Daly Avenue,Multifamily Housing,Not Available,Not Available,Not Applicable: Standalone Property,No,0,Not Available,Not Available,Not Available,Not Available,Not Available,Not Available,Not Available,Not Available,Not Available,Not Available,Not Available,Not Available,Not Available,Not Available,Not Available,Not Available,Not Available,363.0,Not Available,Not Available,Not Available,Not Available,Not Available,Not Available,1.01593,0,Not Available,Not Available,461280,Not Available,Not Available,8.2,Not Available,Not Available,Not Available,No,Not Available,1.01593,Not Available,75,Not Available,Not Available,2015-12-31T00:00:00.000,No,Not Available,Not Available,Not Available,No,Not Available,Not Applicable: Standalone Property,Not Available,Not Available,Not Available,Not Available,Multifamily Housing,Not Available,Not Available,Not Available,73824,Not Available,Not Available,Ok
35 E. 76th Street,"Hotel, Parking",45495863943,Not Available,Not Applicable: Standalone Property,Yes,2470066.7,Not Available,Not Available,Not Available,Not Available,Not Available,70389.6,Not Available,Not Available,Not Available,Not Available,Not Available,Not Available,Not Available,Not Available,Not Available,Not Available,Yes,130.0,Not Available,Not Available,Not Available,Not Available,Not Available,Not Available,Not Available,Not Available,Not Available,Not Available,2386297.1,Not Available,Not Available,15.3,Not Available,27541,Not Available,No,Not Available,Not Available,27541,Not Available,Not Available,Not Available,2015-12-31T00:00:00.000,Yes,Not Available,Not Available,Not Available,No,Not Available,Not Applicable: Standalone Property,Not Available,Not Available,Not Available,Not Available,Hotel,Not Available,Not Available,100,296577,Not Available,Not Available,Ok
2190 Boston Rd.,Multifamily Housing,9695597.6,Not Available,Not Applicable: Standalone Property,No,411.7,Not Available,Not Available,Not Available,Not Available,Not Available,-12.8,Not Available,Not Available,Not Available,Not Available,Not Available,Not Available,Not Available,Not Available,Not Available,Not Available,Not Available,22401.0,Not Available,Not Available,Not Available,Not Available,Not Available,Not Available,0.84713,0,Not Available,Not Available,6083514.7,Not Available,Not Available,3.5,Not Available,Not Available,Not Available,No,Not Available,0.84713,Not Available,74,Not Available,Not Available,2015-12-31T00:00:00.000,No,Not Available,Not Available,Not Available,No,Not Available,Not Applicable: Standalone Property,Not Available,Not Available,Not Available,Not Available,Multifamily Housing,Not Available,Not Available,Not Available,87354,Not Available,Not Available,Ok
645 East 26th. Street,Multifamily Housing,6292187.6,2016-03-29,Not Applicable: Standalone Property,No,263.9,Not Available,4266.1,Not Available,Not Available,Not Available,-33.6,Not Available,Not Available,Not Available,Not Available,Not Available,Not Available,Not Available,Not Available,Not Available,Not Available,Not Available,770.0,Not Available,Not Available,Not Available,Not Available,Not Available,Not Available,0.83911,0,Not Available,Not Available,3919233.4,Not Available,Not Available,2.4,Not Available,Not Available,Not Available,Yes,Not Available,0.83911,Not Available,66,Not Available,Not Available,2015-12-31T00:00:00.000,No,Not Available,Not Available,Not Available,No,Not Available,Not Applicable: Standalone Property,Not Available,Not Available,Not Available,Not Available,Multifamily Housing,Not Available,Not Available,Not Available,78655,4266.1,Not Available,Ok
152-154-156 East 171 St,"Multifamily Housing, Retail Store",10831823.2,Not Available,Not Applicable: Standalone Property,No,580.3,No,Not Available,Not Available,Not Available,Not Available,32.8,Not Available,Not Available,Not Available,Not Available,Not Available,Not Available,Not Available,Not Available,Not Available,Not Available,Not Available,,Not Available,Not Available,Not Available,Not Available,Not Available,100,1.15162,0,Not Available,Not Available,461400,Not Available,Not Available,6.6,Not Available,Not Available,Not Available,No,Not Available,1.15162,Not Available,71,Not Available,Not Available,2015-12-31T00:00:00.000,Yes,Not Available,Not Available,6,No,0.293,Not Applicable: Standalone Property,Not Available,Not Available,Not Available,Not Available,Multifamily Housing,Not Available,Not Available,Not Available,65065,Not Available,Not Available,Ok
1505 Leland Avenue,Multifamily Housing,9908794.4,Not Available,Not Applicable: Standalone Property,No,487.4,No,Not Available,Not Available,Not Available,Not Available,23.7,Not Available,Not Available,Not Available,Not Available,Not Available,Not Available,Not Available,Not Available,Not Available,Not Available,Not Available,21601.0,Not Available,Not Available,Not Available,Not Available,Not Available,Not Available,0.90909,0,Not Available,Not Available,1601500,Not Available,Not Available,6.2,Not Available,Not Available,Not Available,No,Not Available,0.36364,Not Available,60,Not Available,Not Available,2015-12-31T00:00:00.000,No,Not Available,Not Available,Not Available,No,Not Available,Not Applicable: Standalone Property,Not Available,Not Available,Not Available,Not Available,Multifamily Housing,Not Available,Not Available,Not Available,66000,Not Available,Not Available,Ok
300 E 65 St,"Medical Office, Office, Other, Urgent Care/Clinic/Other Outpatient",132336558.9,2016-03-18,3615313,No,4422.2,Not Available,Not Available,Not Available,Not Available,Not Available,353.6,Not Available,Not Available,Not Available,Not Available,Not Available,Not Available,Not Available,Not Available,Not Available,Not Available,No,118.0,1.30111,Not Available,Not Available,Not Available,Not Available,Not Available,Not Available,Not Available,Not Available,Not Available,Not Available,Not Available,Not Available,39.4,Not Available,Not Available,Not Available,No,Not Available,Not Available,Not Available,Not Available,Not Available,Not Available,2015-12-31T00:00:00.000,No,100,Not Available,Not Available,No,Not Available,Memorial Sloan Kettering Cancer Center 1,Not Available,Not Available,Not Available,61.49,Mixed Use Property,Not Available,Not Available,Not Available,238341,Not Available,Not Available,Ok
501 Lefferts Avenue,Multifamily Housing,5725030.2,2016-03-27,Not Applicable: Standalone Property,No,310.4,Not Available,3655.4,Not Available,Not Available,Not Available,-22.8,Not Available,Not Available,Not Available,Not Available,Not Available,Not Available,Not Available,Not Available,Not Available,Not Available,Not Available,329.0,Not Available,Not Available,Not Available,Not Available,Not Available,Not Available,1.11557,0,Not Available,Not Available,15947.1,Not Available,Not Available,3.6,Not Available,Not Available,Not Available,No,Not Available,1.11557,Not Available,60,Not Available,Not Available,2015-12-31T00:00:00.000,Yes,Not Available,Not Available,Not Available,No,Not Available,Not Applicable: Standalone Property,Not Available,Not Available,Not Available,Not Available,Multifamily Housing,Not Available,Not Available,Not Available,53784,3655.4,Not Available,Ok
934 Carroll St,Multifamily Housing,Not Available,Not Available,Not Applicable: Standalone Property,No,375.5,No,4791.9,Not Available,Not Available,Not Available,-14.4,Not Available,Not Available,Not Available,Not Available,Not Available,Not Available,Not Available,Not Available,Not Available,Not Available,Not Available,213.0,Not Available,Not Available,Not Available,Not Available,Not Available,Not Available,1.27054,0,Not Available,Not Available,Not Available,Not Available,Not Available,0.1,Not Available,Not Available,Not Available,No,Not Available,1.27054,Not Available,59,Not Available,Not Available,2015-12-31T00:00:00.000,No,Not Available,Not Available,Not Available,No,Not Available,Not Applicable: Standalone Property,Not Available,Not Available,Not Available,Not Available,Multifamily Housing,Not Available,Not Available,Not Available,50808,4791.9,Not Available,Ok
150-29 72nd Road,Multifamily Housing,59184059.5,Not Available,Not Applicable: Standalone Property,No,2523.2,Not Available,31329.9,Not Available,Not Available,Not Available,-12.1,Not Available,Not Available,Not Available,Not Available,Not Available,Not Available,Not Available,Not Available,Not Available,Not Available,Not Available,77906.0,Not Available,Not Available,Not Available,Not Available,Not Available,Not Available,1.14298,0,Not Available,Not Available,37232660.1,Not Available,Not Available,4,Not Available,Not Available,Not Available,No,Not Available,1.14298,Not Available,534,Not Available,Not Available,2015-12-31T00:00:00.000,No,Not Available,Not Available,Not Available,No,Not Available,Not Applicable: Standalone Property,Not Available,Not Available,Not Available,Not Available,Multifamily Housing,Not Available,Not Available,Not Available,467200,31329.9,Not Available,Ok
67-47 161st Street,Multifamily Housing,1388131.3,Not Available,4442823,Not Available,69.7,Not Available,Not Available,Not Available,Not Available,Not Available,-38.4,Not Available,Not Available,Not Available,Not Available,Not Available,Not Available,Not Available,Not Available,Not Available,Not Available,Not Available,122701.0,Not Available,Not Available,Not Available,Not Available,Not Available,Not Available,1.02857,0,Not Available,Not Available,1312480.6,Not Available,Not Available,Not Available,Not Available,Not Available,Not Available,No,Not Available,0,Not Available,18,Not Available,Not Available,2015-12-31T00:00:00.000,No,Not Available,Not Available,Not Available,No,Not Available,Second Housing Company Inc,Not Available,Not Available,Not Available,Not Available,Multifamily Housing,Not Available,Not Available,Not Available,17500,Not Available,Not Available,Ok
100 East 21rst Street,Multifamily Housing,11175372.5,2016-03-27,Not Applicable: Standalone Property,No,461,Not Available,0,Not Available,Not Available,Not Available,-10.5,Not Available,Not Available,Not Available,Not Available,Not Available,Not Available,Not Available,Not Available,Not Available,Not Available,Not Available,,Not Available,Not Available,Not Available,Not Available,Not Available,Not Available,0.84818,0,Not Available,Not Available,6372316.2,Not Available,Not Available,4.3,Not Available,Not Available,Not Available,No,Not Available,0.84818,Not Available,84,Not Available,Not Available,2015-12-31T00:00:00.000,No,Not Available,Not Available,Not Available,No,Not Available,Not Applicable: Standalone Property,Not Available,Not Available,Not Available,Not Available,Multifamily Housing,Not Available,Not Available,Not Available,99035,0,Not Available,Ok
500 Brightwater Court,Multifamily Housing,23349529.6,Not Available,Not Applicable: Standalone Property,No,925.4,Not Available,9200,Not Available,Not Available,Not Available,-3.4,Not Available,Not Available,Not Available,Not Available,Not Available,Not Available,Not Available,Not Available,Not Available,Not Available,Not Available,36002.0,Not Available,Not Available,Not Available,Not Available,Not Available,Not Available,1.2,195,Not Available,Not Available,12652670.3,Not Available,Not Available,4.8,Not Available,Not Available,Not Available,No,Not Available,0,Not Available,222.21,Not Available,Not Available,2015-12-31T00:00:00.000,Yes,Not Available,Not Available,Not Available,No,Not Available,Not Applicable: Standalone Property,Not Available,Not Available,Not Available,Not Available,Multifamily Housing,Not Available,Not Available,Not Available,185174,9200,Not Available,Ok
3816 Review Place,Multifamily Housing,5379207.7,Not Available,Not Applicable: Standalone Property,No,257.2,No,4164.8,Not Available,Not Available,Not Available,-32.1,Not Available,Not Available,Not Available,Not Available,Not Available,Not Available,Not Available,Not Available,Not Available,Not Available,Not Available,283.0,Not Available,Not Available,Not Available,Not Available,Not Available,Not Available,0.92593,0,Not Available,Not Available,251300,Not Available,Not Available,4,Not Available,Not Available,Not Available,Yes,Not Available,0.30864,Not Available,60,Not Available,Not Available,2015-12-31T00:00:00.000,No,Not Available,Not Available,Not Available,No,Not Available,Not Applicable: Standalone Property,Not Available,Not Available,Not Available,Not Available,Multifamily Housing,Not Available,Not Available,Not Available,64800,4164.8,Not Available,Ok
421 Degraw,Multifamily Housing,79122742.7,Not Available,Not Applicable: Standalone Property,No,3963.7,Not Available,Not Available,Not Available,Not Available,Not Available,744.2,Not Available,Not Available,Not Available,Not Available,Not Available,Not Available,Not Available,Not Available,Not Available,Not Available,Not Available,,Not Available,Not Available,Not Available,Not Available,Not Available,Not Available,1.2,0,Not Available,Not Available,73841618.9,Not Available,Not Available,1.9,Not Available,Not Available,Not Available,No,Not Available,0,Not Available,91.6,Not Available,Not Available,2015-12-31T00:00:00.000,Yes,Not Available,Not Available,Not Available,No,Not Available,Not Applicable: Standalone Property,Not Available,Not Available,Not Available,Not Available,Multifamily Housing,Not Available,Not Available,Not Available,76334,Not Available,Not Available,Ok
902 Ocean Parkway,Multifamily Housing,5783686.8,2016-03-03,Not Applicable: Standalone Property,No,233.1,Not Available,5154.1,Not Available,Not Available,Not Available,-40.6,Not Available,Not Available,Not Available,Not Available,Not Available,Not Available,Not Available,Not Available,Not Available,Not Available,Not Available,46202.0,Not Available,Not Available,Not Available,Not Available,Not Available,Not Available,1.2,0,Not Available,Not Available,3196699.9,Not Available,Not Available,2.6,Not Available,Not Available,Not Available,No,Not Available,0,Not Available,97.92,Not Available,Not Available,2015-12-31T00:00:00.000,Yes,Not Available,Not Available,Not Available,No,Not Available,Not Applicable: Standalone Property,Not Available,Not Available,Not Available,Not Available,Multifamily Housing,Not Available,Not Available,Not Available,81600,5154.1,Not Available,Ok
9000 Shore Road,Multifamily Housing,Not Available,Not Available,Not Applicable: Standalone Property,Yes,2208.6,Not Available,Not Available,Not Available,Not Available,Not Available,9,Not Available,Not Available,Not Available,Not Available,Not Available,Not Available,Not Available,Not Available,Not Available,Not Available,Not Available,5201.0,Not Available,Not Available,Not Available,Not Available,Not Available,Not Available,1.26425,0,Not Available,Not Available,28479365.8,Not Available,Not Available,Not Available,Not Available,Not Available,Not Available,No,Not Available,0,Not Available,523.4,Not Available,Not Available,2015-12-31T00:00:00.000,Yes,Not Available,Not Available,Not Available,No,Not Available,Not Applicable: Standalone Property,Not Available,Not Available,Not Available,Not Available,Multifamily Housing,Not Available,Not Available,Not Available,414000,Not Available,Not Available,Ok
1020 Boynton Ave.,Multifamily Housing,10782311.8,2016-03-22,Not Applicable: Standalone Property,No,450.8,Not Available,10572.1,Not Available,Not Available,Not Available,-0.9,Not Available,Not Available,Not Available,Not Available,Not Available,Not Available,Not Available,Not Available,Not Available,Not Available,Not Available,5001.0,Not Available,Not Available,Not Available,Not Available,Not Available,Not Available,0.87013,0,Not Available,Not Available,6622049.8,Not Available,Not Available,4.5,Not Available,Not Available,Not Available,No,Not Available,0.87013,Not Available,67,Not Available,Not Available,2015-12-31T00:00:00.000,No,Not Available,Not Available,Not Available,No,Not Available,Not Applicable: Standalone Property,Not Available,Not Available,Not Available,Not Available,Multifamily Housing,Not Available,Not Available,Not Available,77000,10572.1,Not Available,Ok
7201 4th. Avenue,Multifamily Housing,9269268.3,2016-03-29,Not Applicable: Standalone Property,No,366.6,Not Available,3601.7,Not Available,Not Available,Not Available,-24.1,Not Available,Not Available,Not Available,Not Available,Not Available,Not Available,Not Available,Not Available,Not Available,Not Available,Not Available,130.0,Not Available,Not Available,Not Available,Not Available,Not Available,Not Available,1.02374,0,Not Available,Not Available,5009847.1,Not Available,Not Available,4.1,Not Available,Not Available,Not Available,Yes,Not Available,1.02374,Not Available,86,Not Available,Not Available,2015-12-31T00:00:00.000,No,Not Available,Not Available,Not Available,No,Not Available,Not Applicable: Standalone Property,Not Available,Not Available,Not Available,Not Available,Multifamily Housing,Not Available,Not Available,Not Available,84000,3601.7,Not Available,Ok
5609 15th Ave,Multifamily Housing,6732313.8,2016-03-27,Not Applicable: Standalone Property,No,272.3,Not Available,15.1,Not Available,Not Available,Not Available,-26.2,Not Available,Not Available,Not Available,Not Available,Not Available,Not Available,Not Available,Not Available,Not Available,Not Available,Not Available,240.0,Not Available,Not Available,Not Available,Not Available,Not Available,Not Available,1.06662,0,Not Available,Not Available,3768782.2,Not Available,Not Available,3.7,Not Available,Not Available,Not Available,Yes,Not Available,1.06662,Not Available,72,Not Available,Not Available,2015-12-31T00:00:00.000,No,Not Available,Not Available,Not Available,No,Not Available,Not Applicable: Standalone Property,Not Available,Not Available,Not Available,Not Available,Multifamily Housing,Not Available,Not Available,Not Available,67503,15.1,Not Available,Ok
