property_id,property_name,non_refrigerated_warehouse_3,k_12_school_computer_density,parking_gross_floor_area,retail_store_open_or_closed,supermarket_grocery_number_2,onsite_renewable_system,retail_store_walk_in,parking_open_parking_lot,generation_date,council_district,retail_store_cash_register,bin,address_2,senior_care_community_number_4,data_center_it_energy,electricity_onsite_renewable,senior_care_community_number_5,latitude,green_power_offsite_kwh,retail_store_percent_that,hospital_general_medical_6,k_12_school_percent_that,national_median_source_eui,water_alerts,percent_better_than_national_1,residence_hall_dormitory_2,date_property_last_modified,diesel_2_use_kbtu,k_12_school_high_school,medical_office_weekly,non_refrigerated_warehouse_2,metered_areas_energy,residence_hall_dormitory_1,energy_star_score,district_chilled_water_use,indoor_water_intensity_all,estimated_data_flag_fuel_2,energy_star_certification_3,hotel_gross_floor_area_ft,onsite_renewable_system_1,senior_care_community_number_6,hotel_percent_that_can_be,weather_normalized_site_eui,hospital_general_medical_2,hospital_general_medical_1
2503329,Walter & Samuels 419 Park Ave South,Not Available,Not Available,Not Available,Not Available,3,Not Available,Not Available,Not Available,2013-04-27T09:51:21.000,2.0,Not Available,1018236.0,Not Available,Not Available,Not Available,Not Available,Not Available,40.743799,Not Available,Not Available,Not Available,Not Available,308.3,Less than 1 year of data<br>,-29.9,Not Available,25-APR-13,Not Available,Not Available,Not Available,Not Available,No Selection Made,Not Available,80,0,25.95,No,2012,Not Available,Not Available,Not Available,Not Available,94.9,Not Available,Not Available
2550559,30 Vesey Street,Not Available,Not Available,Not Available,0,Not Available,Not Available,0,Not Available,2013-05-07T16:15:58.000,1.0,0.3,1001237.0,Not Available,Not Available,Not Available,Not Available,Not Available,40.711977,Not Available,100,Not Available,Not Available,164,Less than 1 year of data<br>,Not Available,Not Available,30-APR-12,Not Available,Not Available,Not Available,Not Available,Whole Facility Energy Consumption,Not Available,0,0,0,Not Available,Not Available,Not Available,Not Available,Not Available,Not Available,Not Available,Not Available,Not Available
2563021,"1480 Popham Realty, L.L.C.",Not Available,Not Available,Not Available,Not Available,Not Available,Not Available,Not Available,Not Available,2013-04-21T13:51:51.000,13.0,Not Available,2048553.0,Not Available,Not Available,Not Available,Not Available,Not Available,40.852799,Not Available,Not Available,Not Available,Not Available,Not Available,Not Available,Not Available,Not Available,09-APR-13,Not Available,Not Available,Not Available,Not Available,Whole Facility Energy Consumption,Not Available,0,0,Not Available,Not Available,Not Available,Not Available,Not Available,Not Available,Not Available,134.3,Not Available,Not Available
2552853,Sisters of Charity (SEM),Not Available,Not Available,Not Available,Not Available,Not Available,Not Available,Not Available,Not Available,2013-04-04T17:18:44.000,50.0,Not Available,5132507.0,Not Available,Not Available,Not Available,Not Available,Not Available,40.598453,Not Available,Not Available,Not Available,Not Available,Not Available,Less than 1 year of data<br>,Not Available,Not Available,03-APR-13,Not Available,Not Available,Not Available,Not Available,No Selection Made,Not Available,0,0,Not Available,Not Available,Not Available,Not Available,Not Available,Not Available,Not Available,70.6,Not Available,Not Available
2600390,Hampton House Company LP,Not Available,Not Available,Not Available,Not Available,Not Available,Not Available,Not Available,Not Available,2013-04-23T11:00:04.000,40.0,Not Available,3118790.0,Not Available,Not Available,Not Available,Not Available,Not Available,40.640593,Not Available,Not Available,Not Available,Not Available,Not Available,Not Available,Not Available,Not Available,18-APR-13,Not Available,Not Available,Not Available,Not Available,No Selection Made,Not Available,0,0,Not Available,Not Available,Not Available,Not Available,Not Available,Not Available,Not Available,79.4,Not Available,Not Available
2594233,Pepsi Cola Avenue D,0,Not Available,Not Available,Not Available,Not Available,Not Available,Not Available,Not Available,2013-03-19T14:17:35.000,42.0,Not Available,3000000.0,Not Available,Not Available,Not Available,Not Available,Not Available,40.649985,Not Available,Not Available,Not Available,Not Available,107.5,Not Available,427.4,Not Available,28-FEB-13,Not Available,Not Available,Not Available,0,No Selection Made,Not Available,1,0,58.94,Not Available,Not Available,Not Available,Not Available,Not Available,Not Available,299.9,Not Available,Not Available
2493544,120 Fifth,Not Available,Not Available,Not Available,0,Not Available,Not Available,0,Not Available,2013-04-29T13:48:48.000,3.0,0.21,1015419.0,Not Available,Not Available,Not Available,Not Available,Not Available,40.738077,Not Available,100,Not Available,Not Available,247.4,Not Available,-8.7,Not Available,25-APR-13,Not Available,Not Available,Not Available,Not Available,No Selection Made,Not Available,58,0,Not Available,Not Available,Not Available,Not Available,Not Available,Not Available,Not Available,77.4,Not Available,Not Available
2038377,1544,Not Available,Not Available,Not Available,0,Not Available,Not Available,0,Not Available,2013-04-29T10:43:51.000,29.0,0.18,4050415.0,Not Available,Not Available,Not Available,Not Available,Not Available,40.73017,Not Available,100,Not Available,Not Available,198.6,Not Available,-16.3,Not Available,10-APR-13,Not Available,Not Available,Not Available,Not Available,No Selection Made,Not Available,63,0,Not Available,Not Available,Not Available,Not Available,Not Available,Not Available,Not Available,51.6,Not Available,Not Available
1548267,STATEN ISLAND (2006),Not Available,Not Available,305427,0.31,Not Available,Not Available,0.05,0,2013-04-19T13:10:21.000,51.0,0.23,5149742.0,Not Available,Not Available,Not Available,Not Available,Not Available,40.527705,Not Available,100,Not Available,Not Available,318.9,Less than 1 year of data<br>,-28.6,Not Available,14-APR-13,Not Available,Not Available,Not Available,Not Available,Whole Facility Energy Consumption,Not Available,75,0,11.87,Not Available,Not Available,Not Available,Not Available,Not Available,Not Available,82.4,Not Available,Not Available
2605879,Brush Ave,0,Not Available,Not Available,Not Available,Not Available,Not Available,Not Available,Not Available,2013-03-19T14:17:35.000,13.0,Not Available,2125844.0,Not Available,Not Available,Not Available,Not Available,Not Available,40.819779,Not Available,Not Available,Not Available,Not Available,122.3,Not Available,50.3,Not Available,27-FEB-13,Not Available,Not Available,Not Available,10,No Selection Made,Not Available,21,0,3.6,Not Available,Not Available,Not Available,Not Available,Not Available,Not Available,87.3,Not Available,Not Available
2388507,201 West 72nd Street - The Alexandria House Condominium,Not Available,Not Available,Not Available,Not Available,Not Available,Not Available,Not Available,Not Available,2013-05-24T12:31:46.000,6.0,Not Available,1077846.0,Not Available,Not Available,Not Available,Not Available,Not Available,40.778954,Not Available,Not Available,Not Available,Not Available,Not Available,Not Available,Not Available,Not Available,15-MAY-13,Not Available,Not Available,Not Available,Not Available,No Selection Made,Not Available,0,0,57.65,Not Available,Not Available,Not Available,Not Available,Not Available,Not Available,102.9,Not Available,Not Available
1261461,300 Madison Avenue,Not Available,Not Available,Not Available,0,Not Available,Not Available,0,Not Available,2013-05-29T14:50:52.000,4.0,0.86,1085972.0,Not Available,Not Available,IT Energy is not currently metered at this facility - Apply estimates.,Not Available,Not Available,40.752236,Not Available,100,Not Available,Not Available,452.1,Not Available,-23.9,Not Available,28-MAY-13,Not Available,Not Available,Not Available,Not Available,No Selection Made,Not Available,80,0,14.9,Not Available,"2010, 2012, 2013",Not Available,Not Available,Not Available,Not Available,120.9,Not Available,Not Available
1513221,1177 Avenue of the Americas,Not Available,Not Available,Not Available,Not Available,Not Available,Not Available,Not Available,Not Available,2013-05-31T10:02:20.000,4.0,Not Available,1076173.0,Not Available,Not Available,IT Energy is not currently metered at this facility - Apply estimates.,Not Available,Not Available,40.757256,Not Available,Not Available,Not Available,Not Available,281.2,Not Available,-5.8,Not Available,30-MAY-13,346726.25,Not Available,Not Available,Not Available,No Selection Made,Not Available,55,0,Not Available,Not Available,Not Available,Not Available,Not Available,Not Available,Not Available,92.9,Not Available,Not Available
1423319,641 Lexington Avenue,Not Available,Not Available,Not Available,Not Available,Not Available,Not Available,Not Available,Not Available,2013-05-07T10:00:27.000,4.0,Not Available,1036482.0,Not Available,Not Available,Not Available,Not Available,Not Available,40.75903,Not Available,Not Available,Not Available,Not Available,275.4,Not Available,-2,Not Available,18-APR-13,Not Available,Not Available,Not Available,Not Available,Whole Facility Energy Consumption,Not Available,51,0,11.72,Not Available,Not Available,Not Available,Not Available,Not Available,Not Available,138.7,Not Available,Not Available
2430719,Trinity- 137 Varick,Not Available,Not Available,Not Available,Not Available,Not Available,Not Available,Not Available,Not Available,2013-04-01T10:01:44.000,3.0,Not Available,1009745.0,Not Available,Not Available,Not Available,Not Available,Not Available,40.725789,Not Available,Not Available,Not Available,Not Available,253.9,Not Available,-42.3,Not Available,28-MAR-13,Not Available,Not Available,Not Available,Not Available,No Selection Made,Not Available,88,0,65.35,Not Available,Not Available,Not Available,Not Available,Not Available,Not Available,51.1,Not Available,Not Available
2563063,"1522 University Realty, L.L.C.",Not Available,Not Available,Not Available,Not Available,Not Available,Not Available,Not Available,Not Available,2013-04-17T12:09:15.000,13.0,Not Available,2048553.0,Not Available,Not Available,Not Available,Not Available,Not Available,40.852799,Not Available,Not Available,Not Available,Not Available,Not Available,Not Available,Not Available,Not Available,09-APR-13,Not Available,Not Available,Not Available,Not Available,Whole Facility Energy Consumption,Not Available,0,0,Not Available,Not Available,Not Available,Not Available,Not Available,Not Available,Not Available,103.9,Not Available,Not Available
2564808,891 Park Avenue Corp,Not Available,Not Available,Not Available,Not Available,Not Available,Not Available,Not Available,Not Available,2013-04-28T08:40:20.000,4.0,Not Available,1043231.0,Not Available,Not Available,Not Available,Not Available,Not Available,40.775292,Not Available,Not Available,Not Available,Not Available,Not Available,Not Available,Not Available,Not Available,16-APR-13,Not Available,Not Available,Not Available,Not Available,No Selection Made,Not Available,0,0,23.39,Not Available,Not Available,Not Available,Not Available,Not Available,Not Available,68.2,Not Available,Not Available
2610494,"Atria 2000 Associates, LLC",Not Available,Not Available,Not Available,Not Available,Not Available,Not Available,Not Available,Not Available,2013-05-31T15:08:32.000,24.0,Not Available,4467448.0,Not Available,Not Available,Not Available,Not Available,Not Available,40.730344,Not Available,Not Available,Not Available,Not Available,Not Available,Not Available,Not Available,Not Available,23-APR-13,Not Available,Not Available,Not Available,Not Available,Whole Facility Energy Consumption,Not Available,0,0,0.22,Not Available,Not Available,Not Available,Not Available,Not Available,Not Available,85.2,Not Available,Not Available
2606050,1647-55 Macombs,Not Available,Not Available,Not Available,Not Available,Not Available,Not Available,Not Available,Not Available,2013-05-14T09:12:08.000,14.0,Not Available,2008858.0,Not Available,Not Available,Not Available,Not Available,Not Available,40.84754,Not Available,Not Available,Not Available,Not Available,Not Available,Not Available,Not Available,Not Available,10-APR-13,Not Available,Not Available,Not Available,Not Available,Whole Facility Energy Consumption,Not Available,0,0,75.18,Not Available,Not Available,Not Available,Not Available,Not Available,Not Available,77.9,Not Available,Not Available
1719778,Court Square Place,Not Available,Not Available,Not Available,Not Available,Not Available,Not Available,Not Available,Not Available,2013-05-31T00:35:15.000,26.0,Not Available,4005157.0,Not Available,Not Available,IT Energy is not currently metered at this facility - Apply estimates.,Not Available,Not Available,40.748206,Not Available,Not Available,Not Available,Not Available,332.4,Not Available,-27.9,Not Available,19-APR-13,Not Available,Not Available,Not Available,Not Available,No Selection Made,Not Available,79,0,14.29,Not Available,"2010, 2012",Not Available,Not Available,Not Available,Not Available,87.6,Not Available,Not Available
2612523,Walter & Samuels - 18 E 41st,Not Available,Not Available,Not Available,Not Available,Not Available,Not Available,Not Available,Not Available,2013-04-27T09:51:21.000,,Not Available,,Not Available,Not Available,Not Available,Not Available,Not Available,,Not Available,Not Available,Not Available,Not Available,245.8,Not Available,-29.8,Not Available,25-APR-13,Not Available,Not Available,Not Available,Not Available,No Selection Made,Not Available,78,0,44.88,No,Not Available,Not Available,Not Available,Not Available,Not Available,74.9,Not Available,Not Available
1423551,560 Lexington Avenue,Not Available,Not Available,Not Available,Not Available,Not Available,Not Available,Not Available,Not Available,2013-05-07T10:00:27.000,4.0,Not Available,1036451.0,Not Available,Not Available,Not Available,Not Available,Not Available,40.756651,Not Available,Not Available,Not Available,Not Available,286.9,Not Available,-29.3,Not Available,18-APR-13,Not Available,Not Available,Not Available,Not Available,Whole Facility Energy Consumption,Not Available,78,0,13.86,Not Available,Not Available,Not Available,Not Available,Not Available,Not Available,66.4,Not Available,Not Available
2506102,1600 Sedgwick Riverview,Not Available,Not Available,67782,Not Available,Not Available,Not Available,Not Available,50836,2013-05-29T08:02:40.000,16.0,Not Available,2092067.0,Not Available,Not Available,Not Available,Not Available,Not Available,40.847902,Not Available,Not Available,Not Available,Not Available,Not Available,Not Available,Not Available,Not Available,08-APR-13,Not Available,Not Available,Not Available,Not Available,No Selection Made,Not Available,0,0,134.59,No,Not Available,Not Available,Not Available,Not Available,Not Available,121.8,Not Available,Not Available
2383984,25 East 83rd Street,Not Available,Not Available,Not Available,Not Available,Not Available,Not Available,Not Available,Not Available,2013-05-24T12:31:46.000,4.0,Not Available,1046802.0,Not Available,Not Available,Not Available,Not Available,Not Available,40.779135,Not Available,Not Available,Not Available,Not Available,Not Available,There is no water use for the time period specified.,Not Available,Not Available,15-MAY-13,Not Available,Not Available,Not Available,Not Available,No Selection Made,Not Available,0,0,0,No,Not Available,Not Available,Not Available,Not Available,Not Available,51.1,Not Available,Not Available
2394929,Poly Prep Science Center,Not Available,4.49,Not Available,Not Available,Not Available,Not Available,Not Available,Not Available,2013-05-24T22:58:08.000,43.0,Not Available,3336349.0,Poly Prep Country Da,Not Available,Not Available,Not Available,Not Available,40.612318,Not Available,Not Available,Not Available,100,145,Not Available,Not Available,Not Available,25-APR-13,Not Available,1,Not Available,Not Available,No Selection Made,Not Available,0,0,Not Available,Not Available,Not Available,Not Available,Not Available,Not Available,Not Available,Not Available,Not Available,Not Available
1479144,900 Third Ave,Not Available,Not Available,Not Available,0,Not Available,Not Available,0,Not Available,2013-05-13T12:18:13.000,4.0,0.43,1081162.0,Not Available,Not Available,Not Available,Not Available,Not Available,40.75859,Not Available,100,Not Available,Not Available,276.3,Not Available,-36,Not Available,09-MAY-13,Not Available,Not Available,Not Available,Not Available,No Selection Made,Not Available,83,0,9.8,Not Available,"2009, 2010, 2012",Not Available,Not Available,Not Available,Not Available,59.5,Not Available,Not Available
2565227,FASHION ASSOCIATES,Not Available,Not Available,Not Available,0,Not Available,Not Available,0,Not Available,2013-04-24T13:22:08.000,3.0,0.64,1015249.0,Not Available,Not Available,Not Available,Not Available,Not Available,40.752465,Not Available,100,Not Available,Not Available,231.9,Not Available,-45.4,Not Available,18-APR-13,Not Available,Not Available,Not Available,Not Available,No Selection Made,Not Available,90,0,Not Available,No,Not Available,Not Available,Not Available,Not Available,Not Available,63.7,Not Available,Not Available
1747000,Main Hospital,Not Available,Not Available,Not Available,Not Available,Not Available,Not Available,Not Available,Not Available,2013-05-07T17:29:22.000,20.0,Not Available,4439898.0,Not Available,Not Available,Not Available,Not Available,Not Available,40.746817,Not Available,Not Available,2,Not Available,607.3,Not Available,-2.1,Not Available,12-APR-13,Not Available,Not Available,Not Available,Not Available,No Selection Made,Not Available,53,0,Not Available,Not Available,Not Available,Not Available,Not Available,Not Available,Not Available,306.5,0,1
2614192,8635 21 AVE PLPM,Not Available,Not Available,Not Available,Not Available,Not Available,Not Available,Not Available,Not Available,2013-05-29T12:05:35.000,47.0,Not Available,3166996.0,Not Available,Not Available,Not Available,Not Available,Not Available,40.602524,Not Available,Not Available,Not Available,Not Available,Not Available,There is no water use for the time period specified.,Not Available,Not Available,28-MAY-13,Not Available,Not Available,Not Available,Not Available,No Selection Made,Not Available,0,0,0,Not Available,Not Available,Not Available,Not Available,Not Available,Not Available,74.9,Not Available,Not Available
2546572,"Fifth Avenue Dev. Co., LLC",Not Available,Not Available,Not Available,Not Available,Not Available,Not Available,Not Available,Not Available,2013-04-18T11:22:43.000,4.0,Not Available,1051459.0,Not Available,Not Available,Not Available,Not Available,Not Available,40.788619,Not Available,Not Available,Not Available,Not Available,Not Available,Not Available,Not Available,Not Available,19-MAR-13,Not Available,Not Available,Not Available,Not Available,No Selection Made,Not Available,0,0,294.63,No,Not Available,Not Available,Not Available,Not Available,Not Available,77.4,Not Available,Not Available
2563226,Eger Harbor House,Not Available,Not Available,Not Available,Not Available,Not Available,Not Available,Not Available,Not Available,2013-02-08T09:39:23.000,50.0,Not Available,5150274.0,Not Available,3,Not Available,Not Available,85,40.579999,Not Available,Not Available,Not Available,Not Available,219.5,Not Available,-25.8,Not Available,15-JAN-13,Not Available,Not Available,Not Available,Not Available,Whole Facility Energy Consumption,Not Available,85,0,36.18,Not Available,Not Available,Not Available,Not Available,25,Not Available,88.8,Not Available,Not Available
1421828,One Wall,Not Available,Not Available,Not Available,Not Available,Not Available,Not Available,Not Available,Not Available,2013-03-27T10:38:47.000,,Not Available,1000000.0,Not Available,Not Available,IT Energy is not currently metered at this facility - Apply estimates.,Not Available,Not Available,,Not Available,Not Available,Not Available,Not Available,154,Less than 1 year of data<br>,Not Available,Not Available,26-MAR-13,Not Available,Not Available,Not Available,Not Available,Whole Facility Energy Consumption,Not Available,0,0,Not Available,Not Available,"2009, 2012",Not Available,Not Available,Not Available,Not Available,Not Available,Not Available,Not Available
2054784,UNICEF HOUSE,Not Available,Not Available,Not Available,Not Available,Not Available,Not Available,Not Available,Not Available,2013-04-19T14:49:53.000,4.0,Not Available,1038670.0,Not Available,Not Available,IT Energy is not currently metered at this facility - Apply estimates.,Not Available,Not Available,40.75062,Not Available,Not Available,Not Available,Not Available,164,Not Available,Not Available,Not Available,18-APR-13,Not Available,Not Available,Not Available,Not Available,Whole Facility Energy Consumption,Not Available,0,0,Not Available,Not Available,Not Available,Not Available,Not Available,Not Available,Not Available,Not Available,Not Available,Not Available
2506976,Grand Slam Corp,Not Available,Not Available,Not Available,Not Available,Not Available,Not Available,Not Available,Not Available,2013-04-19T09:06:52.000,17.0,Not Available,2010622.0,Not Available,Not Available,Not Available,Not Available,Not Available,40.842378,Not Available,Not Available,Not Available,Not Available,Not Available,Less than 1 year of data<br>,Not Available,Not Available,05-APR-13,Not Available,Not Available,Not Available,Not Available,Whole Facility Energy Consumption,Not Available,0,0,0,Not Available,Not Available,Not Available,Not Available,Not Available,Not Available,91.4,Not Available,Not Available
1329076,599 Lexington,Not Available,Not Available,Not Available,2.24,Not Available,Not Available,0.48,Not Available,2013-04-29T08:43:41.000,,1.44,,Not Available,Not Available,IT Energy is not currently metered at this facility - Apply estimates.,Not Available,Not Available,,Not Available,100,Not Available,Not Available,309.5,Not Available,-16.8,Not Available,26-APR-13,Not Available,Not Available,Not Available,Not Available,No Selection Made,Not Available,66,0,21.74,Not Available,Not Available,Not Available,Not Available,Not Available,Not Available,76,Not Available,Not Available
11809,Conde Nast Building,Not Available,Not Available,Not Available,0.08,Not Available,Not Available,0.03,Not Available,2013-05-29T16:04:21.000,4.0,0.24,1085682.0,Not Available,Not Available,IT Energy is not currently metered at this facility - Apply estimates.,Not Available,Not Available,40.756181,Not Available,100,Not Available,Not Available,362.4,Not Available,-22.2,Not Available,29-APR-13,Not Available,Not Available,Not Available,Not Available,Whole Facility Energy Consumption,Not Available,73,0,Not Available,Not Available,"2001, 2002, 2003, 2005, 2006, 2008, 2010",Not Available,Not Available,Not Available,Not Available,123.5,Not Available,Not Available
2550379,930 St. Nicholas Owners Corp.,Not Available,Not Available,Not Available,Not Available,Not Available,Not Available,Not Available,Not Available,2013-04-25T11:45:27.000,7.0,Not Available,1062488.0,Not Available,Not Available,Not Available,Not Available,Not Available,40.832015,Not Available,Not Available,Not Available,Not Available,Not Available,Not Available,Not Available,Not Available,11-MAR-13,Not Available,Not Available,Not Available,Not Available,Whole Facility Energy Consumption,Not Available,0,0,64.18,Not Available,Not Available,Not Available,Not Available,Not Available,Not Available,91.4,Not Available,Not Available
1974028,399 Park Avenue,Not Available,Not Available,Not Available,0.29,Not Available,Not Available,2.45,Not Available,2013-04-29T08:43:41.000,4.0,1.37,1071457.0,Not Available,Not Available,IT Energy is not currently metered at this facility - Apply estimates.,Not Available,Not Available,40.759541,Not Available,100,Not Available,Not Available,324.5,Not Available,-17.9,Not Available,26-APR-13,Not Available,Not Available,Not Available,Not Available,No Selection Made,Not Available,67,0,16.25,Not Available,Not Available,Not Available,Not Available,Not Available,Not Available,97.7,Not Available,Not Available
2564688,838 Fifth Avenue Condominium,Not Available,Not Available,Not Available,Not Available,Not Available,Not Available,Not Available,Not Available,2013-04-28T08:40:20.000,4.0,Not Available,1041101.0,Not Available,Not Available,Not Available,Not Available,Not Available,40.767925,Not Available,Not Available,Not Available,Not Available,Not Available,There is no water use for the time period specified.,Not Available,Not Available,16-APR-13,Not Available,Not Available,Not Available,Not Available,No Selection Made,Not Available,0,0,0,Not Available,Not Available,Not Available,Not Available,Not Available,Not Available,117.7,Not Available,Not Available
1575697,866 UN Plaza,Not Available,Not Available,42674,Not Available,Not Available,Not Available,Not Available,0,2013-05-28T09:53:26.000,4.0,Not Available,1040072.0,Not Available,Not Available,Not Available,Not Available,Not Available,40.752925,Not Available,Not Available,Not Available,Not Available,302.6,Not Available,-28.1,Not Available,19-APR-13,Not Available,Not Available,Not Available,Not Available,No Selection Made,Not Available,77,0,74.48,Not Available,Not Available,Not Available,Not Available,Not Available,Not Available,100.2,Not Available,Not Available
1463909,640 Fifth Avenue,Not Available,Not Available,Not Available,0,Not Available,Not Available,0,Not Available,2013-05-28T09:53:26.000,4.0,0.77,1034516.0,Not Available,Not Available,IT Energy is not currently metered at this facility - Apply estimates.,Not Available,Not Available,40.759432,Not Available,100,Not Available,Not Available,351,Not Available,-24.2,Not Available,18-APR-13,Not Available,Not Available,Not Available,Not Available,No Selection Made,Not Available,73,0,21.55,Not Available,"2008, 2011",Not Available,Not Available,Not Available,Not Available,87.3,Not Available,Not Available
2610478,Boulevard Alp,Not Available,Not Available,Not Available,Not Available,Not Available,Not Available,Not Available,Not Available,2013-05-31T15:08:32.000,24.0,Not Available,4531560.0,Not Available,10,Not Available,Not Available,204,40.728111,Not Available,Not Available,Not Available,Not Available,178.1,Not Available,25.5,Not Available,23-APR-13,Not Available,Not Available,Not Available,Not Available,No Selection Made,Not Available,19,0,2.06,Not Available,Not Available,Not Available,Not Available,67,Not Available,148.7,Not Available,Not Available
2598352,327 Central Park West Condominium,Not Available,Not Available,Not Available,Not Available,Not Available,Not Available,Not Available,Not Available,2013-05-10T09:43:41.000,6.0,Not Available,1031638.0,Not Available,Not Available,Not Available,Not Available,Not Available,40.789792,Not Available,Not Available,Not Available,Not Available,Not Available,Not Available,Not Available,Not Available,20-APR-13,Not Available,Not Available,65,Not Available,No Selection Made,Not Available,0,0,Not Available,No,Not Available,Not Available,Not Available,Not Available,Not Available,73.5,Not Available,Not Available
2388677,520 East 72nd Street,Not Available,Not Available,8850,Not Available,Not Available,Not Available,Not Available,0,2013-05-24T12:31:46.000,5.0,Not Available,1078437.0,Not Available,Not Available,Not Available,Not Available,Not Available,40.766611,Not Available,Not Available,1,Not Available,Not Available,There is no water use for the time period specified.,Not Available,Not Available,15-MAY-13,Not Available,Not Available,Not Available,Not Available,No Selection Made,Not Available,0,0,0,Not Available,Not Available,Not Available,Not Available,Not Available,Not Available,133.4,0,0
2367857,Mary Woodard Lasker Medical Research Center,Not Available,Not Available,Not Available,Not Available,Not Available,Not Available,Not Available,Not Available,2013-04-22T10:40:50.000,,Not Available,,Not Available,Not Available,Not Available,Not Available,Not Available,,Not Available,Not Available,Not Available,Not Available,164,Not Available,503,Not Available,17-APR-13,Not Available,Not Available,Not Available,Not Available,No Selection Made,Not Available,0,0,Not Available,Not Available,Not Available,Not Available,Not Available,Not Available,Not Available,485.2,Not Available,Not Available
2598343,Gotham Towne House Owners Corporation,Not Available,Not Available,11797,0,Not Available,Not Available,0,0,2013-05-10T09:43:41.000,4.0,0.3,1036911.0,Not Available,Not Available,Not Available,Not Available,Not Available,40.760726,Not Available,100,Not Available,Not Available,Not Available,Not Available,Not Available,Not Available,19-APR-13,Not Available,Not Available,Not Available,Not Available,No Selection Made,Not Available,0,0,Not Available,No,Not Available,Not Available,Not Available,Not Available,Not Available,82.1,Not Available,Not Available
2605938,251 West 39th Street Realty Co. LLC,0,Not Available,Not Available,0,Not Available,Not Available,0,Not Available,2013-05-31T12:13:57.000,3.0,0.33,1014498.0,Not Available,Not Available,Not Available,Not Available,Not Available,40.754746,Not Available,30,Not Available,Not Available,127,Not Available,-31.4,Not Available,30-MAY-13,Not Available,Not Available,Not Available,53.53,Whole Facility Energy Consumption,Not Available,0,0,16.47,Not Available,Not Available,Not Available,Not Available,Not Available,Not Available,27.7,Not Available,Not Available
2612583,394 ARGYLE RD HCM,Not Available,Not Available,Not Available,Not Available,Not Available,Not Available,Not Available,Not Available,2013-05-29T12:05:35.000,40.0,Not Available,3118644.0,Not Available,Not Available,Not Available,Not Available,Not Available,40.639656,Not Available,Not Available,Not Available,Not Available,Not Available,There is no water use for the time period specified.,Not Available,Not Available,28-MAY-13,Not Available,Not Available,Not Available,Not Available,No Selection Made,Not Available,0,0,0,Not Available,Not Available,Not Available,Not Available,Not Available,Not Available,69,Not Available,Not Available
2604541,Riverbridge Court Condominium,Not Available,Not Available,Not Available,Not Available,Not Available,Not Available,Not Available,Not Available,2013-05-10T09:43:41.000,7.0,Not Available,1087550.0,Not Available,Not Available,Not Available,Not Available,Not Available,40.828615,Not Available,Not Available,Not Available,Not Available,Not Available,Not Available,Not Available,Not Available,27-APR-13,Not Available,Not Available,Not Available,Not Available,No Selection Made,Not Available,0,0,Not Available,Not Available,Not Available,Not Available,Not Available,Not Available,Not Available,31.2,Not Available,Not Available
2604459,110 Post,Not Available,Not Available,Not Available,Not Available,Not Available,Not Available,Not Available,Not Available,2013-05-31T11:17:44.000,10.0,Not Available,1064782.0,Not Available,Not Available,Not Available,Not Available,Not Available,40.864395,Not Available,Not Available,Not Available,Not Available,Not Available,Not Available,Not Available,Not Available,30-MAY-13,Not Available,Not Available,Not Available,Not Available,Whole Facility Energy Consumption,Not Available,0,0,69.06,Not Available,Not Available,Not Available,Not Available,Not Available,Not Available,94.7,Not Available,Not Available
2344723,9420,Not Available,Not Available,Not Available,0.02,Not Available,Not Available,0,Not Available,2013-04-29T10:52:17.000,18.0,0.15,2094839.0,Not Available,Not Available,Not Available,Not Available,Not Available,40.825955,Not Available,100,Not Available,Not Available,213.4,Not Available,10.4,Not Available,10-APR-13,Not Available,Not Available,Not Available,Not Available,No Selection Made,Not Available,41,0,Not Available,Not Available,Not Available,Not Available,Not Available,Not Available,Not Available,70.2,Not Available,Not Available
2430753,Trinity- 225 Varick,Not Available,Not Available,Not Available,Not Available,Not Available,Not Available,Not Available,Not Available,2013-04-11T12:13:34.000,3.0,Not Available,1009758.0,Not Available,Not Available,IT Energy is not currently metered at this facility - Apply estimates.,Not Available,Not Available,40.729165,Not Available,Not Available,Not Available,Not Available,258.9,Not Available,-39.5,Not Available,09-APR-13,Not Available,Not Available,Not Available,Not Available,No Selection Made,Not Available,87,0,13.46,Not Available,"2010, 2012",Not Available,Not Available,Not Available,Not Available,60.3,Not Available,Not Available
2608476,3085-3097 Brighton 13th St.,Not Available,Not Available,Not Available,1.09,Not Available,Not Available,0.43,Not Available,2013-05-07T09:50:32.000,48.0,2.61,3245643.0,Not Available,Not Available,Not Available,Not Available,Not Available,40.578455,Not Available,100,Not Available,Not Available,Not Available,Not Available,Not Available,Not Available,24-APR-13,Not Available,Not Available,Not Available,Not Available,No Selection Made,Not Available,0,0,Not Available,Not Available,Not Available,Not Available,Not Available,Not Available,Not Available,116.4,Not Available,Not Available
1261456,245 Park Avenue,Not Available,Not Available,Not Available,Not Available,Not Available,Not Available,Not Available,Not Available,2013-05-29T14:50:52.000,4.0,Not Available,1036205.0,Not Available,Not Available,IT Energy is not currently metered at this facility - Apply estimates.,Not Available,Not Available,40.754826,Not Available,Not Available,Not Available,Not Available,367.2,Not Available,-39.7,Not Available,11-MAR-13,Not Available,Not Available,Not Available,Not Available,No Selection Made,Not Available,95,0,13.07,Not Available,"2010, 2011, 2012",Not Available,Not Available,Not Available,Not Available,90.6,Not Available,Not Available
2553126,ZRK Realty Corp,Not Available,Not Available,Not Available,Not Available,Not Available,Not Available,Not Available,Not Available,2013-02-28T13:26:35.000,9.0,Not Available,1059090.0,Not Available,Not Available,Not Available,Not Available,Not Available,40.807006,Not Available,Not Available,Not Available,Not Available,Not Available,Not Available,Not Available,Not Available,11-FEB-13,Not Available,Not Available,Not Available,Not Available,No Selection Made,Not Available,0,0,Not Available,Not Available,Not Available,Not Available,Not Available,Not Available,Not Available,2.2,Not Available,Not Available
2037331,1143,Not Available,Not Available,Not Available,0,Not Available,Not Available,0,Not Available,2013-04-29T10:43:51.000,46.0,0.17,3326830.0,Not Available,Not Available,Not Available,Not Available,Not Available,40.610265,Not Available,100,Not Available,Not Available,201.3,Not Available,-55.5,Not Available,10-APR-13,Not Available,Not Available,Not Available,Not Available,No Selection Made,Not Available,93,0,Not Available,Not Available,2012,Not Available,Not Available,Not Available,Not Available,26.8,Not Available,Not Available
2536754,MGSA 35 LINDEN BLVD,Not Available,Not Available,Not Available,Not Available,Not Available,Not Available,Not Available,Not Available,2013-05-10T14:20:48.000,,Not Available,,Not Available,Not Available,Not Available,Not Available,Not Available,,Not Available,Not Available,Not Available,Not Available,Not Available,Not Available,Not Available,Not Available,29-APR-13,Not Available,Not Available,Not Available,Not Available,No Selection Made,Not Available,0,0,78.64,Not Available,Not Available,Not Available,Not Available,Not Available,Not Available,90,Not Available,Not Available
2384166,150 East 37th Street,Not Available,Not Available,Not Available,Not Available,Not Available,Not Available,Not Available,Not Available,2013-05-24T12:31:46.000,4.0,Not Available,1018994.0,Not Available,Not Available,Not Available,Not Available,Not Available,40.74802,Not Available,Not Available,Not Available,Not Available,Not Available,Not Available,Not Available,Not Available,15-MAY-13,Not Available,Not Available,Not Available,Not Available,No Selection Made,Not Available,0,0,46.66,Not Available,Not Available,Not Available,Not Available,Not Available,Not Available,20.2,Not Available,Not Available
2606056,1491 Montgomery Ave,Not Available,Not Available,Not Available,Not Available,Not Available,Not Available,Not Available,Not Available,2013-05-14T09:12:08.000,14.0,Not Available,2008876.0,Not Available,Not Available,Not Available,Not Available,Not Available,40.847628,Not Available,Not Available,Not Available,Not Available,Not Available,Not Available,Not Available,Not Available,13-MAY-13,Not Available,Not Available,Not Available,Not Available,Whole Facility Energy Consumption,Not Available,0,0,175.11,Not Available,Not Available,Not Available,Not Available,Not Available,Not Available,60.4,Not Available,Not Available
2562937,"1955 Realty, L.L.C.",Not Available,Not Available,Not Available,Not Available,Not Available,Not Available,Not Available,Not Available,2013-04-21T13:51:51.000,13.0,Not Available,2048553.0,Not Available,Not Available,Not Available,Not Available,Not Available,40.852799,Not Available,Not Available,Not Available,Not Available,Not Available,Not Available,Not Available,Not Available,04-APR-13,Not Available,Not Available,Not Available,Not Available,Whole Facility Energy Consumption,Not Available,0,0,Not Available,Not Available,Not Available,Not Available,Not Available,Not Available,Not Available,99.5,Not Available,Not Available
2559283,David T. Diamond L.L.C.,Not Available,Not Available,Not Available,Not Available,Not Available,Not Available,Not Available,Not Available,2013-04-21T13:51:51.000,13.0,Not Available,2048553.0,Not Available,Not Available,Not Available,Not Available,Not Available,40.852799,Not Available,Not Available,Not Available,Not Available,Not Available,Not Available,Not Available,Not Available,08-APR-13,Not Available,Not Available,Not Available,Not Available,Whole Facility Energy Consumption,Not Available,0,0,Not Available,Not Available,Not Available,Not Available,Not Available,Not Available,Not Available,60.5,Not Available,Not Available
1210636,477 Madison,Not Available,Not Available,Not Available,Not Available,Not Available,Not Available,Not Available,Not Available,2013-04-26T14:06:42.000,4.0,Not Available,1035471.0,Not Available,Not Available,Not Available,Not Available,Not Available,40.758715,Not Available,Not Available,Not Available,Not Available,239.2,Not Available,-20,Not Available,24-APR-13,Not Available,Not Available,Not Available,Not Available,No Selection Made,Not Available,69,0,Not Available,Not Available,Not Available,Not Available,Not Available,Not Available,Not Available,68.1,Not Available,Not Available
2562042,20 Vesey,Not Available,Not Available,Not Available,Not Available,Not Available,Not Available,Not Available,Not Available,2013-05-29T15:56:47.000,1.0,Not Available,1001235.0,Not Available,Not Available,Not Available,Not Available,Not Available,40.711843,Not Available,Not Available,Not Available,Not Available,257.5,Less than 1 year of data<br>,-33.7,Not Available,20-MAY-13,Not Available,Not Available,Not Available,Not Available,No Selection Made,Not Available,81,0,0,Not Available,"2010, 2012",Not Available,Not Available,Not Available,Not Available,72.7,Not Available,Not Available
2562923,2114 Aqueduct Realty L.L.C.,Not Available,Not Available,Not Available,Not Available,Not Available,Not Available,Not Available,Not Available,2013-04-17T12:09:15.000,13.0,Not Available,2048553.0,Not Available,Not Available,Not Available,Not Available,Not Available,40.852799,Not Available,Not Available,Not Available,Not Available,Not Available,Not Available,Not Available,Not Available,09-APR-13,Not Available,Not Available,Not Available,Not Available,Whole Facility Energy Consumption,Not Available,0,0,Not Available,Not Available,Not Available,Not Available,Not Available,Not Available,Not Available,109.6,Not Available,Not Available
1418604,250 Park Avenue,Not Available,Not Available,Not Available,Not Available,Not Available,Not Available,Not Available,Not Available,2013-04-09T13:34:08.000,4.0,Not Available,1035405.0,Not Available,Not Available,Not Available,Not Available,Not Available,40.755018,1780.12,Not Available,Not Available,Not Available,256.8,Not Available,-28.8,Not Available,05-APR-13,Not Available,Not Available,Not Available,Not Available,Whole Facility Energy Consumption,Not Available,77,0,19.01,Not Available,"2008, 2009, 2010, 2011, 2012",Not Available,Not Available,Not Available,Not Available,74.3,Not Available,Not Available
2505168,645 Madison L.L.C,Not Available,Not Available,Not Available,0,Not Available,Not Available,0,Not Available,2013-04-26T16:54:29.000,4.0,0.19,1040762.0,Not Available,Not Available,Not Available,Not Available,Not Available,40.763987,Not Available,100,Not Available,Not Available,248.2,Less than 1 year of data<br>,17.5,Not Available,22-APR-13,Not Available,Not Available,Not Available,Not Available,Whole Facility Energy Consumption,Not Available,35,0,38.04,Not Available,Not Available,Not Available,Not Available,Not Available,Not Available,123.3,Not Available,Not Available
1370307,3 Times Square,Not Available,Not Available,Not Available,0.05,Not Available,Not Available,0,Not Available,2013-05-07T10:00:27.000,3.0,2,1024686.0,Not Available,Not Available,Not Available,Not Available,Not Available,40.756376,Not Available,100,Not Available,Not Available,424.9,Not Available,-12.1,Not Available,25-APR-13,Not Available,Not Available,Not Available,Not Available,Whole Facility Energy Consumption,Not Available,61,0,36.5,Not Available,Not Available,Not Available,Not Available,Not Available,Not Available,153.2,Not Available,Not Available
2552815,Carmel,Not Available,Not Available,Not Available,Not Available,Not Available,Not Available,Not Available,Not Available,2013-04-04T17:18:44.000,50.0,Not Available,5109521.0,Not Available,Not Available,Not Available,Not Available,Not Available,40.595979,Not Available,Not Available,Not Available,Not Available,Not Available,Not Available,Not Available,Not Available,03-APR-13,Not Available,Not Available,Not Available,Not Available,Whole Facility Energy Consumption,Not Available,0,0,Not Available,Not Available,Not Available,Not Available,Not Available,Not Available,Not Available,94.4,Not Available,Not Available
2614663,1710 Broadway LLC,Not Available,Not Available,Not Available,0,Not Available,Not Available,0,Not Available,2013-05-31T00:35:15.000,4.0,0.3,1024850.0,Not Available,Not Available,Not Available,Not Available,Not Available,40.764225,Not Available,100,Not Available,Not Available,164,Not Available,8.1,Not Available,20-MAY-13,Not Available,Not Available,Not Available,Not Available,Whole Facility Energy Consumption,Not Available,0,0,32.35,Not Available,Not Available,Not Available,Not Available,Not Available,Not Available,88.4,Not Available,Not Available
1241682,0591 Mamaroneck,Not Available,Not Available,Not Available,Not Available,11,Not Available,Not Available,Not Available,2013-05-15T10:33:11.000,,Not Available,,Not Available,Not Available,Not Available,Not Available,Not Available,,Not Available,Not Available,Not Available,Not Available,646.4,Not Available,-18.5,Not Available,11-APR-13,Not Available,Not Available,Not Available,Not Available,No Selection Made,Not Available,78,0,Not Available,Not Available,Not Available,Not Available,Not Available,Not Available,Not Available,201.8,Not Available,Not Available
1770367,GC World Wide Plaza,Not Available,Not Available,Not Available,Not Available,Not Available,Not Available,Not Available,Not Available,2013-04-26T10:26:08.000,3.0,Not Available,1076203.0,Not Available,Not Available,Not Available,Not Available,Not Available,40.762074,Not Available,Not Available,Not Available,Not Available,265.9,Less than 1 year of data<br>,-46.9,Not Available,18-APR-13,Not Available,Not Available,Not Available,Not Available,No Selection Made,Not Available,91,0,Not Available,Not Available,"2009, 2011",Not Available,Not Available,Not Available,Not Available,50.4,Not Available,Not Available
1241635,0505 Brooklyn,Not Available,Not Available,Not Available,Not Available,11,Not Available,Not Available,Not Available,2013-05-15T10:33:11.000,48.0,Not Available,3331174.0,Not Available,Not Available,Not Available,Not Available,Not Available,40.590308,Not Available,Not Available,Not Available,Not Available,653.5,Not Available,-0.7,Not Available,26-APR-13,Not Available,Not Available,Not Available,Not Available,No Selection Made,Not Available,51,0,Not Available,Not Available,Not Available,Not Available,Not Available,Not Available,Not Available,277.8,Not Available,Not Available
1241651,0530 Dobbs Ferry,Not Available,Not Available,Not Available,Not Available,5,Not Available,Not Available,Not Available,2013-05-15T10:33:11.000,,Not Available,,Not Available,Not Available,Not Available,Not Available,Not Available,,Not Available,Not Available,Not Available,Not Available,592.7,Not Available,37.8,Not Available,05-APR-13,Not Available,Not Available,Not Available,Not Available,No Selection Made,Not Available,10,0,Not Available,Not Available,Not Available,Not Available,Not Available,Not Available,Not Available,353,Not Available,Not Available
2475329,579 Fifth Avenue,Not Available,Not Available,Not Available,Not Available,Not Available,Not Available,Not Available,Not Available,2013-04-03T16:00:04.000,4.0,Not Available,1035408.0,Not Available,Not Available,Not Available,Not Available,Not Available,40.756572,Not Available,Not Available,Not Available,Not Available,220.7,Not Available,-14.9,Not Available,14-FEB-13,Not Available,Not Available,Not Available,Not Available,No Selection Made,Not Available,64,0,Not Available,Not Available,Not Available,Not Available,Not Available,Not Available,Not Available,72.3,Not Available,Not Available
2612586,3315 NOSTRAND AVE PLPM,Not Available,Not Available,Not Available,Not Available,Not Available,Not Available,Not Available,Not Available,2013-05-29T12:05:35.000,46.0,Not Available,3197677.0,Not Available,Not Available,Not Available,Not Available,Not Available,40.60347,Not Available,Not Available,Not Available,Not Available,Not Available,There is no water use for the time period specified.,Not Available,Not Available,28-MAY-13,Not Available,Not Available,Not Available,Not Available,No Selection Made,Not Available,0,0,0,Not Available,Not Available,Not Available,Not Available,Not Available,Not Available,96.8,Not Available,Not Available
2604478,Park55,Not Available,Not Available,Not Available,Not Available,Not Available,Not Available,Not Available,Not Available,2013-05-31T11:17:44.000,4.0,Not Available,1036493.0,Not Available,Not Available,Not Available,Not Available,Not Available,40.760004,Not Available,Not Available,Not Available,Not Available,282.1,Not Available,-3.9,Not Available,30-MAY-13,Not Available,Not Available,Not Available,Not Available,Whole Facility Energy Consumption,Not Available,53,0,31.18,Not Available,Not Available,Not Available,Not Available,Not Available,Not Available,91.3,Not Available,Not Available
2612576,178-60 WEXFORD TERR HOBM,Not Available,Not Available,Not Available,Not Available,Not Available,Not Available,Not Available,Not Available,2013-05-29T12:05:35.000,24.0,Not Available,4212917.0,Not Available,Not Available,Not Available,Not Available,Not Available,40.713652,Not Available,Not Available,Not Available,Not Available,Not Available,There is no water use for the time period specified.,Not Available,Not Available,28-MAY-13,Not Available,Not Available,Not Available,Not Available,No Selection Made,Not Available,0,0,0,Not Available,Not Available,Not Available,Not Available,Not Available,Not Available,78.5,Not Available,Not Available
2590030,155 W 23,0,Not Available,Not Available,Not Available,Not Available,Not Available,Not Available,Not Available,2013-05-07T16:32:56.000,3.0,Not Available,1014948.0,Not Available,Not Available,Not Available,Not Available,Not Available,40.743556,Not Available,Not Available,Not Available,Not Available,68.9,Not Available,-74.7,Not Available,12-APR-13,Not Available,Not Available,Not Available,0,No Selection Made,Not Available,98,0,Not Available,Not Available,Not Available,Not Available,Not Available,Not Available,Not Available,14.9,Not Available,Not Available
2595922,5410 Netherland (Riverdale),Not Available,Not Available,Not Available,Not Available,Not Available,Not Available,Not Available,Not Available,2013-04-29T09:35:38.000,11.0,Not Available,2086306.0,Not Available,Not Available,Not Available,Not Available,Not Available,40.902201,Not Available,Not Available,Not Available,Not Available,Not Available,Not Available,Not Available,Not Available,27-APR-13,Not Available,Not Available,Not Available,Not Available,No Selection Made,Not Available,0,0,24.15,No,Not Available,Not Available,Not Available,Not Available,Not Available,71.2,Not Available,Not Available
1241676,0577 Oceanside,Not Available,Not Available,Not Available,Not Available,12,Not Available,Not Available,Not Available,2013-05-15T10:33:11.000,,Not Available,,Not Available,Not Available,Not Available,Not Available,Not Available,,Not Available,Not Available,Not Available,Not Available,660,Not Available,2.3,Not Available,26-APR-13,Not Available,Not Available,Not Available,Not Available,No Selection Made,Not Available,46,0,Not Available,Not Available,Not Available,Not Available,Not Available,Not Available,Not Available,250.7,Not Available,Not Available
1697745,School of Social Work,Not Available,Not Available,Not Available,Not Available,Not Available,Not Available,Not Available,Not Available,2013-05-07T14:04:15.000,7.0,Not Available,1087900.0,Not Available,Not Available,Not Available,Not Available,Not Available,40.810476,Not Available,Not Available,Not Available,Not Available,225.7,Not Available,-0.5,Not Available,12-MAR-13,Not Available,Not Available,Not Available,Not Available,No Selection Made,Not Available,50,0,Not Available,Not Available,Not Available,Not Available,Not Available,Not Available,Not Available,102.1,Not Available,Not Available
2564207,32 West 18 Street,Not Available,Not Available,Not Available,Not Available,Not Available,Not Available,Not Available,Not Available,2013-04-28T08:40:20.000,3.0,Not Available,1087450.0,Not Available,Not Available,Not Available,Not Available,Not Available,40.738999,Not Available,Not Available,Not Available,Not Available,Not Available,Not Available,Not Available,Not Available,16-APR-13,Not Available,Not Available,Not Available,Not Available,No Selection Made,Not Available,0,0,13.73,Not Available,Not Available,Not Available,Not Available,Not Available,Not Available,67,Not Available,Not Available
2602938,103 East 125th Street Realty Corp.,Not Available,Not Available,Not Available,Not Available,Not Available,Not Available,Not Available,Not Available,2013-04-25T14:22:28.000,9.0,Not Available,1054472.0,Suite 1107,Not Available,Not Available,Not Available,Not Available,40.805258,Not Available,Not Available,Not Available,Not Available,240.3,Less than 1 year of data<br>,-32.5,Not Available,18-APR-13,Not Available,Not Available,Not Available,Not Available,No Selection Made,Not Available,80,0,Not Available,Not Available,Not Available,Not Available,Not Available,Not Available,Not Available,49,Not Available,Not Available
2614189,86-75 MIDLAND PKWY ENTM,Not Available,Not Available,Not Available,Not Available,Not Available,Not Available,Not Available,Not Available,2013-05-29T12:05:35.000,24.0,Not Available,4213062.0,Not Available,Not Available,Not Available,Not Available,Not Available,40.714592,Not Available,Not Available,Not Available,Not Available,Not Available,There is no water use for the time period specified.,Not Available,Not Available,28-MAY-13,Not Available,Not Available,Not Available,Not Available,No Selection Made,Not Available,0,0,0,Not Available,Not Available,Not Available,Not Available,Not Available,Not Available,79.4,Not Available,Not Available
2546550,"Park Towers South Co., LLC",Not Available,Not Available,9788,0.44,Not Available,Not Available,0.44,0,2013-04-21T13:51:51.000,3.0,1.11,1082494.0,Not Available,Not Available,Not Available,Not Available,Not Available,40.767824,Not Available,100,Not Available,Not Available,Not Available,Not Available,Not Available,Not Available,03-APR-13,Not Available,Not Available,Not Available,Not Available,No Selection Made,Not Available,0,0,38.28,Not Available,Not Available,Not Available,Not Available,Not Available,Not Available,88.3,Not Available,Not Available
2290301,601 Lexington Avenue,Not Available,Not Available,Not Available,0.08,Not Available,Not Available,0.02,Not Available,2013-04-29T08:43:41.000,4.0,0.27,1036474.0,,Not Available,Not Available,Not Available,Not Available,40.758465,Not Available,100,Not Available,Not Available,307.9,Not Available,-2.1,Not Available,12-MAR-13,Not Available,Not Available,Not Available,Not Available,No Selection Made,Not Available,51,0,Not Available,Not Available,Not Available,Not Available,Not Available,Not Available,Not Available,133.7,Not Available,Not Available
1716466,0590 Riverhead,Not Available,Not Available,Not Available,Not Available,11,Not Available,Not Available,Not Available,2013-05-15T10:33:11.000,,Not Available,,Not Available,Not Available,Not Available,Not Available,Not Available,,Not Available,Not Available,Not Available,Not Available,643.5,Not Available,-0.6,Not Available,26-APR-13,Not Available,Not Available,Not Available,Not Available,No Selection Made,Not Available,50,0,Not Available,Not Available,Not Available,Not Available,Not Available,Not Available,Not Available,284,Not Available,Not Available
2614191,8800 20 AVE PLPM,Not Available,Not Available,Not Available,Not Available,Not Available,Not Available,Not Available,Not Available,2013-05-29T12:05:35.000,43.0,Not Available,3168773.0,Not Available,Not Available,Not Available,Not Available,Not Available,40.600666,Not Available,Not Available,Not Available,Not Available,Not Available,There is no water use for the time period specified.,Not Available,Not Available,28-MAY-13,Not Available,Not Available,Not Available,Not Available,No Selection Made,Not Available,0,0,0,Not Available,Not Available,Not Available,Not Available,Not Available,Not Available,78,Not Available,Not Available
2606277,757 Third Avenue,Not Available,Not Available,Not Available,0.12,Not Available,Not Available,0.06,Not Available,2013-05-29T12:45:55.000,4.0,0.6,1037986.0,Not Available,Not Available,IT Energy is not currently metered at this facility - Apply estimates.,Not Available,Not Available,40.754035,Not Available,100,Not Available,Not Available,346.1,Not Available,-45,Not Available,28-MAY-13,Not Available,Not Available,Not Available,Not Available,No Selection Made,Not Available,94,0,Not Available,Not Available,Not Available,Not Available,Not Available,Not Available,Not Available,76.4,Not Available,Not Available
2604354,Chez 66 Condominium,Not Available,Not Available,Not Available,0,Not Available,Not Available,0,Not Available,2013-05-10T09:43:41.000,4.0,0.39,1041167.0,Not Available,Not Available,Not Available,Not Available,Not Available,40.768235,Not Available,100,Not Available,Not Available,Not Available,Not Available,Not Available,Not Available,20-APR-13,Not Available,Not Available,Not Available,Not Available,No Selection Made,Not Available,0,0,Not Available,Not Available,Not Available,Not Available,Not Available,Not Available,Not Available,104.4,Not Available,Not Available
2384172,163 East 81st Street,Not Available,Not Available,Not Available,Not Available,Not Available,Not Available,Not Available,Not Available,2013-05-24T12:31:46.000,5.0,Not Available,1047567.0,Not Available,Not Available,Not Available,Not Available,Not Available,40.776005,Not Available,Not Available,Not Available,Not Available,Not Available,There is no water use for the time period specified.,Not Available,Not Available,15-MAY-13,Not Available,Not Available,Not Available,Not Available,No Selection Made,Not Available,0,0,0,No,Not Available,Not Available,Not Available,Not Available,Not Available,71.8,Not Available,Not Available
2595881,209 Lincoln Place Housing Corp.,Not Available,Not Available,Not Available,Not Available,Not Available,Not Available,Not Available,Not Available,2013-04-29T09:35:38.000,39.0,Not Available,3024466.0,Not Available,Not Available,Not Available,Not Available,Not Available,40.675252,Not Available,Not Available,Not Available,Not Available,Not Available,Not Available,Not Available,Not Available,13-APR-13,Not Available,Not Available,Not Available,Not Available,No Selection Made,Not Available,0,0,57.04,Not Available,Not Available,Not Available,Not Available,Not Available,Not Available,90.4,Not Available,Not Available
2612621,Parker Jewish Institute For Health Care & Rehabilitation,Not Available,Not Available,Not Available,Not Available,Not Available,Not Available,Not Available,Not Available,2013-05-22T17:51:30.000,23.0,Not Available,4173982.0,Not Available,0,Not Available,Not Available,324,40.754094,Not Available,Not Available,Not Available,Not Available,341.1,Not Available,0.5,Not Available,14-MAY-13,Not Available,Not Available,Not Available,Not Available,Whole Facility Energy Consumption,Not Available,49,0,Not Available,Not Available,Not Available,Not Available,Not Available,500,Not Available,186,Not Available,Not Available
2515949,Carol Gardens 820,Not Available,Not Available,Not Available,Not Available,Not Available,Not Available,Not Available,Not Available,2013-05-29T08:02:40.000,18.0,Not Available,2092759.0,Not Available,Not Available,Not Available,Not Available,Not Available,40.821838,Not Available,Not Available,Not Available,Not Available,Not Available,Not Available,Not Available,Not Available,22-MAR-13,Not Available,Not Available,Not Available,Not Available,No Selection Made,Not Available,0,0,Not Available,No,Not Available,Not Available,Not Available,Not Available,Not Available,120.8,Not Available,Not Available
2558329,GC 200 Madison,Not Available,Not Available,Not Available,0.08,Not Available,Not Available,0,Not Available,2013-05-21T15:57:44.000,,0.12,,Not Available,Not Available,IT Energy is not currently metered at this facility - Apply estimates.,Not Available,Not Available,,Not Available,100,Not Available,Not Available,301.5,Less than 1 year of data<br>,-31.8,Not Available,20-MAY-13,Not Available,Not Available,Not Available,Not Available,No Selection Made,Not Available,82,0,Not Available,Not Available,"2009, 2012",Not Available,Not Available,Not Available,Not Available,74.8,Not Available,Not Available
2612594,3000 Ocean Parkway,Not Available,Not Available,Not Available,Not Available,Not Available,Not Available,Not Available,Not Available,2013-05-29T12:05:35.000,48.0,Not Available,3196585.0,Not Available,Not Available,Not Available,Not Available,Not Available,40.576998,Not Available,Not Available,Not Available,Not Available,Not Available,There is no water use for the time period specified.,Not Available,Not Available,28-MAY-13,Not Available,Not Available,Not Available,Not Available,No Selection Made,Not Available,0,0,0,Not Available,Not Available,Not Available,Not Available,Not Available,Not Available,103.1,Not Available,Not Available
2606279,375 Park Avenue,Not Available,Not Available,Not Available,0,Not Available,Not Available,0.19,Not Available,2013-05-29T12:45:55.000,4.0,0.08,1036465.0,Not Available,Not Available,IT Energy is not currently metered at this facility - Apply estimates.,Not Available,Not Available,40.758786,Not Available,80,Not Available,Not Available,270.3,Not Available,103.5,Not Available,28-MAY-13,Not Available,Not Available,Not Available,Not Available,No Selection Made,Not Available,3,0,Not Available,Not Available,Not Available,Not Available,Not Available,Not Available,Not Available,220.9,Not Available,Not Available
2559039,"Rockaway One Company7, LLC",Not Available,Not Available,24985,Not Available,Not Available,Not Available,Not Available,0,2013-04-21T13:51:51.000,,Not Available,,Not Available,Not Available,Not Available,Not Available,Not Available,,Not Available,Not Available,Not Available,Not Available,Not Available,Not Available,Not Available,Not Available,14-MAR-13,Not Available,Not Available,Not Available,Not Available,No Selection Made,Not Available,0,0,Not Available,Not Available,Not Available,Not Available,Not Available,Not Available,Not Available,52.3,Not Available,Not Available
2558942,"Sheridan One Company, LLC",Not Available,Not Available,2000,Not Available,Not Available,Not Available,Not Available,0,2013-04-18T11:22:43.000,16.0,Not Available,2002706.0,Not Available,Not Available,Not Available,Not Available,Not Available,40.827792,Not Available,Not Available,Not Available,Not Available,Not Available,There is no water use for the time period specified.,Not Available,Not Available,19-MAR-13,Not Available,Not Available,Not Available,Not Available,No Selection Made,Not Available,0,0,0,Not Available,Not Available,Not Available,Not Available,Not Available,Not Available,26.5,Not Available,Not Available
2590010,15 w 27,0,Not Available,Not Available,Not Available,Not Available,Not Available,Not Available,Not Available,2013-05-07T16:32:56.000,2.0,Not Available,1015685.0,Not Available,Not Available,Not Available,Not Available,Not Available,40.744338,Not Available,Not Available,Not Available,Not Available,65.9,Not Available,-46.6,Not Available,17-APR-13,Not Available,Not Available,Not Available,0,No Selection Made,Not Available,83,0,Not Available,Not Available,Not Available,Not Available,Not Available,Not Available,Not Available,31.2,Not Available,Not Available
2544333,311 West Broadway,Not Available,Not Available,15238,0,Not Available,Not Available,0,0,2013-04-28T08:40:20.000,1.0,0.58,1087488.0,Not Available,Not Available,Not Available,Not Available,Not Available,40.72173,Not Available,100,Not Available,Not Available,Not Available,There is no water use for the time period specified.,Not Available,Not Available,17-APR-13,Not Available,Not Available,Not Available,Not Available,No Selection Made,Not Available,0,0,0,Not Available,Not Available,Not Available,Not Available,Not Available,Not Available,86.8,Not Available,Not Available
2386589,975 Park Avenue,Not Available,Not Available,Not Available,Not Available,Not Available,Not Available,Not Available,Not Available,2013-05-24T12:31:46.000,4.0,Not Available,1047636.0,Not Available,Not Available,Not Available,Not Available,Not Available,40.778072,Not Available,Not Available,Not Available,Not Available,Not Available,Not Available,Not Available,Not Available,10-MAY-13,Not Available,Not Available,65,Not Available,No Selection Made,Not Available,0,0,26.78,No,Not Available,Not Available,Not Available,Not Available,Not Available,70.2,Not Available,Not Available
1416310,345 Park Ave,Not Available,Not Available,47077,Not Available,Not Available,Not Available,Not Available,0,2013-05-07T10:00:27.000,4.0,Not Available,1036460.0,Not Available,Not Available,Not Available,Not Available,Not Available,40.758171,Not Available,Not Available,Not Available,Not Available,296.2,Not Available,13.4,Not Available,25-APR-13,Not Available,Not Available,Not Available,Not Available,Whole Facility Energy Consumption,Not Available,38,0,18.64,Not Available,Not Available,Not Available,Not Available,Not Available,Not Available,139.1,Not Available,Not Available
1463890,150 East  58th Street,Not Available,Not Available,Not Available,Not Available,Not Available,Not Available,Not Available,Not Available,2013-05-28T09:53:26.000,4.0,Not Available,1036915.0,Not Available,Not Available,IT Energy is not currently metered at this facility - Apply estimates.,Not Available,Not Available,40.761398,Not Available,Not Available,Not Available,Not Available,310.1,Not Available,-32,Not Available,27-FEB-13,Not Available,Not Available,Not Available,Not Available,No Selection Made,Not Available,81,0,14.03,Not Available,"2008, 2011, 2012",Not Available,Not Available,Not Available,Not Available,95.6,Not Available,Not Available
2386791,255 East 49th Street - Sterling Plaza,Not Available,Not Available,Not Available,0,Not Available,Not Available,0,Not Available,2013-05-24T12:31:46.000,4.0,0.27,1038254.0,Not Available,Not Available,Not Available,Not Available,Not Available,40.754696,Not Available,100,Not Available,Not Available,Not Available,Not Available,Not Available,Not Available,15-MAY-13,Not Available,Not Available,Not Available,Not Available,No Selection Made,Not Available,0,0,46.14,Not Available,Not Available,Not Available,Not Available,Not Available,Not Available,63.3,Not Available,Not Available
1716468,2552 East Meadow,Not Available,Not Available,Not Available,Not Available,13,Not Available,Not Available,Not Available,2013-05-15T10:33:11.000,,Not Available,,Not Available,Not Available,Not Available,Not Available,Not Available,,Not Available,Not Available,Not Available,Not Available,661.8,Not Available,-23.8,Not Available,22-MAR-13,Not Available,Not Available,Not Available,Not Available,No Selection Made,Not Available,84,0,Not Available,Not Available,Not Available,Not Available,Not Available,Not Available,Not Available,200,Not Available,Not Available
2559043,"Rockaway One Company9, LLC",Not Available,Not Available,31528,Not Available,Not Available,Not Available,Not Available,0,2013-04-21T13:51:51.000,,Not Available,,Not Available,Not Available,Not Available,Not Available,Not Available,,Not Available,Not Available,Not Available,Not Available,Not Available,Not Available,Not Available,Not Available,14-MAR-13,Not Available,Not Available,Not Available,Not Available,No Selection Made,Not Available,0,0,Not Available,Not Available,Not Available,Not Available,Not Available,Not Available,Not Available,53.3,Not Available,Not Available
1327499,Times Square Tower,Not Available,Not Available,Not Available,0.13,Not Available,Not Available,0,Not Available,2013-04-29T08:43:41.000,3.0,0.76,1086069.0,Not Available,Not Available,IT Energy is not currently metered at this facility - Apply estimates.,Not Available,Not Available,40.755915,Not Available,100,Not Available,Not Available,293.5,Not Available,-32.2,Not Available,25-APR-13,Not Available,Not Available,Not Available,Not Available,Whole Facility Energy Consumption,Not Available,81,0,20.29,Not Available,"2008, 2010, 2011, 2012",Not Available,Not Available,Not Available,Not Available,64.8,Not Available,Not Available
2610721,107 ARLO RD ENT,Not Available,Not Available,Not Available,Not Available,Not Available,Not Available,Not Available,Not Available,2013-05-29T12:05:35.000,49.0,Not Available,5117037.0,Not Available,Not Available,IT Energy is not currently metered at this facility - Apply estimates.,Not Available,Not Available,40.620222,Not Available,Not Available,Not Available,Not Available,Not Available,There is no water use for the time period specified.,Not Available,Not Available,28-MAY-13,Not Available,Not Available,Not Available,Not Available,No Selection Made,Not Available,0,0,0,Not Available,Not Available,Not Available,Not Available,Not Available,Not Available,135.4,Not Available,Not Available
1548095,RIVERDALE (1798),Not Available,Not Available,188517,0.31,Not Available,Not Available,0.04,0,2013-04-19T13:10:21.000,10.0,0.24,1086533.0,Not Available,Not Available,Not Available,Not Available,Not Available,40.873644,Not Available,100,Not Available,Not Available,348.1,Less than 1 year of data<br>,-27.8,Not Available,17-APR-13,Not Available,Not Available,Not Available,Not Available,Whole Facility Energy Consumption,Not Available,74,0,10.37,Not Available,Not Available,Not Available,Not Available,Not Available,Not Available,77,Not Available,Not Available
1682124,CPT 360 Lexington LLC,Not Available,Not Available,Not Available,Not Available,Not Available,Not Available,Not Available,Not Available,2013-04-09T13:37:13.000,4.0,Not Available,1036145.0,Not Available,Not Available,Not Available,Not Available,Not Available,40.750429,377.35,Not Available,Not Available,Not Available,269.8,Not Available,-34.2,Not Available,05-APR-13,Not Available,Not Available,Not Available,Not Available,Whole Facility Energy Consumption,Not Available,82,0,35.79,Not Available,"2009, 2011, 2012",Not Available,Not Available,Not Available,Not Available,65.5,Not Available,Not Available
2591543,TRUSTEES OF THE MASONIC HALL,Not Available,Not Available,Not Available,1.72,Not Available,Not Available,0,Not Available,2013-03-05T14:38:45.000,3.0,0.75,1015575.0,Not Available,Not Available,Not Available,Not Available,Not Available,40.742441,Not Available,100,Not Available,Not Available,256.6,Less than 1 year of data<br>,-31,Not Available,04-MAR-13,Not Available,Not Available,Not Available,Not Available,Whole Facility Energy Consumption,Not Available,79,0,Not Available,Not Available,Not Available,Not Available,Not Available,Not Available,Not Available,68.2,Not Available,Not Available
2386534,250 East 87th Street,Not Available,Not Available,46496,0,Not Available,Not Available,0,0,2013-05-24T12:31:46.000,5.0,0.31,1048799.0,Not Available,Not Available,Not Available,Not Available,Not Available,40.779011,Not Available,100,Not Available,Not Available,Not Available,There is no water use for the time period specified.,Not Available,Not Available,15-MAY-13,Not Available,Not Available,Not Available,Not Available,No Selection Made,Not Available,0,0,0,No,Not Available,Not Available,Not Available,Not Available,Not Available,63.3,Not Available,Not Available
2562944,1267-69 Sheridan Realty L.L.C.,Not Available,Not Available,Not Available,Not Available,Not Available,Not Available,Not Available,Not Available,2013-04-17T12:09:15.000,13.0,Not Available,2048553.0,Not Available,Not Available,Not Available,Not Available,Not Available,40.852799,Not Available,Not Available,Not Available,Not Available,Not Available,Not Available,Not Available,Not Available,15-APR-13,Not Available,Not Available,Not Available,Not Available,Whole Facility Energy Consumption,Not Available,0,0,Not Available,Not Available,Not Available,Not Available,Not Available,Not Available,Not Available,101.1,Not Available,Not Available
2491127,66 W 12th St,Not Available,Not Available,Not Available,Not Available,Not Available,Not Available,Not Available,Not Available,2013-05-30T16:33:15.000,3.0,Not Available,1083136.0,Not Available,Not Available,Not Available,Not Available,Not Available,40.735744,Not Available,Not Available,Not Available,Not Available,244,Not Available,-22.4,Not Available,08-MAY-13,Not Available,Not Available,Not Available,Not Available,No Selection Made,Not Available,0,0,19.99,Not Available,Not Available,Not Available,Not Available,Not Available,Not Available,96.1,Not Available,Not Available
2604287,One Gracie Square Corporation,Not Available,Not Available,Not Available,Not Available,Not Available,Not Available,Not Available,Not Available,2013-05-10T09:43:41.000,5.0,Not Available,1051388.0,Not Available,Not Available,Not Available,Not Available,Not Available,40.773538,Not Available,Not Available,Not Available,Not Available,Not Available,Not Available,Not Available,Not Available,27-APR-13,Not Available,Not Available,Not Available,Not Available,No Selection Made,Not Available,0,0,Not Available,No,Not Available,Not Available,Not Available,Not Available,Not Available,80.7,Not Available,Not Available
2503855,Trinity- 304 Hudson Street,Not Available,Not Available,Not Available,Not Available,Not Available,Not Available,Not Available,Not Available,2013-04-11T12:13:34.000,3.0,Not Available,1009742.0,Not Available,Not Available,IT Energy is not currently metered at this facility - Apply estimates.,Not Available,Not Available,40.726009,Not Available,Not Available,Not Available,Not Available,274.2,There is no water use for the time period specified.,-4.9,Not Available,09-APR-13,Not Available,Not Available,Not Available,Not Available,No Selection Made,Not Available,54,0,0,Not Available,Not Available,Not Available,Not Available,Not Available,Not Available,95.6,Not Available,Not Available
2383991,233 East 69th Street,Not Available,Not Available,10000,Not Available,Not Available,Not Available,Not Available,0,2013-05-24T12:31:46.000,4.0,Not Available,1072223.0,Not Available,Not Available,Not Available,Not Available,Not Available,40.767258,Not Available,Not Available,Not Available,Not Available,Not Available,Not Available,Not Available,Not Available,15-MAY-13,Not Available,Not Available,Not Available,Not Available,No Selection Made,Not Available,0,0,109.13,Not Available,Not Available,Not Available,Not Available,Not Available,Not Available,123.7,Not Available,Not Available
2602848,"Bomel Realty Company, LLC",Not Available,Not Available,Not Available,Not Available,Not Available,Not Available,Not Available,Not Available,2013-03-15T12:10:25.000,40.0,Not Available,3117070.0,Not Available,Not Available,Not Available,Not Available,Not Available,40.647895,Not Available,Not Available,Not Available,Not Available,Not Available,Less than 1 year of data<br>,Not Available,Not Available,08-MAR-13,Not Available,Not Available,Not Available,Not Available,Whole Facility Energy Consumption,Not Available,0,0,Not Available,Not Available,Not Available,Not Available,Not Available,Not Available,Not Available,70.4,Not Available,Not Available
2539059,Winter- 599 11th Ave,0,Not Available,Not Available,Not Available,Not Available,Not Available,Not Available,Not Available,2013-04-24T15:39:54.000,3.0,Not Available,1027098.0,Not Available,Not Available,Not Available,Not Available,Not Available,40.762497,Not Available,Not Available,Not Available,Not Available,148,Not Available,-37.6,Not Available,12-APR-13,Not Available,Not Available,Not Available,100,No Selection Made,Not Available,83,0,10.68,Not Available,Not Available,Not Available,Not Available,Not Available,Not Available,39.5,Not Available,Not Available
2609900,Inter Active,Not Available,Not Available,29362,Not Available,Not Available,Not Available,Not Available,0,2013-05-23T10:01:33.000,3.0,Not Available,1012280.0,Not Available,Not Available,Not Available,Not Available,Not Available,40.745134,Not Available,Not Available,Not Available,Not Available,304.9,Not Available,8,Not Available,20-MAY-13,Not Available,Not Available,Not Available,Not Available,No Selection Made,Not Available,42,0,19.14,Not Available,Not Available,Not Available,Not Available,Not Available,Not Available,164.5,Not Available,Not Available
1425251,501 7th,Not Available,Not Available,Not Available,Not Available,Not Available,Not Available,Not Available,Not Available,2013-05-19T17:06:07.000,3.0,Not Available,1015253.0,Not Available,Not Available,Not Available,Not Available,Not Available,40.752984,Not Available,Not Available,Not Available,Not Available,283.4,Not Available,-26.8,Not Available,17-MAY-13,Not Available,Not Available,Not Available,Not Available,Whole Facility Energy Consumption,Not Available,75,0,19.53,Not Available,Not Available,Not Available,Not Available,Not Available,Not Available,81.9,Not Available,Not Available
2587543,MMS426 - West 107th street,Not Available,Not Available,Not Available,Not Available,Not Available,Not Available,Not Available,Not Available,2013-05-13T14:02:14.000,7.0,Not Available,1081588.0,Not Available,Not Available,Not Available,Not Available,Not Available,40.800158,Not Available,Not Available,Not Available,Not Available,28,Not Available,159.3,Not Available,26-FEB-13,Not Available,Not Available,Not Available,Not Available,No Selection Made,Not Available,0,0,Not Available,Not Available,Not Available,Not Available,Not Available,Not Available,Not Available,24.6,Not Available,Not Available
2562061,"2527 Valentine Realty, L.L.C.",Not Available,Not Available,Not Available,Not Available,Not Available,Not Available,Not Available,Not Available,2013-04-17T12:09:15.000,13.0,Not Available,2048553.0,Not Available,Not Available,Not Available,Not Available,Not Available,40.852799,Not Available,Not Available,Not Available,Not Available,Not Available,Not Available,Not Available,Not Available,04-APR-13,Not Available,Not Available,Not Available,Not Available,Whole Facility Energy Consumption,Not Available,0,0,Not Available,Not Available,Not Available,Not Available,Not Available,Not Available,Not Available,114.6,Not Available,Not Available
2397693,Silk Halpern- 136 E 57th st,Not Available,Not Available,Not Available,0.15,Not Available,Not Available,0,Not Available,2013-04-26T11:00:12.000,4.0,0.15,1036888.0,Not Available,Not Available,Not Available,Not Available,Not Available,40.760822,Not Available,100,Not Available,Not Available,268.9,Not Available,-26,Not Available,25-APR-13,Not Available,Not Available,Not Available,Not Available,Whole Facility Energy Consumption,Not Available,74,0,Not Available,Not Available,Not Available,Not Available,Not Available,Not Available,Not Available,97.1,Not Available,Not Available
2564769,120 West 72nd Street,Not Available,Not Available,Not Available,Not Available,Not Available,Not Available,Not Available,Not Available,2013-04-28T08:40:20.000,6.0,Not Available,1087731.0,Not Available,Not Available,Not Available,Not Available,Not Available,40.777663,Not Available,Not Available,Not Available,Not Available,Not Available,There is no water use for the time period specified.,Not Available,Not Available,16-APR-13,Not Available,Not Available,Not Available,Not Available,No Selection Made,Not Available,0,0,0,Not Available,Not Available,Not Available,Not Available,Not Available,Not Available,68.9,Not Available,Not Available
1151970,1133,Not Available,Not Available,44888,0.11,Not Available,Not Available,0.04,19081,2013-05-29T16:04:21.000,4.0,0.26,1080824.0,Not Available,Not Available,IT Energy is not currently metered at this facility - Apply estimates.,Not Available,Not Available,40.755942,Not Available,100,Not Available,Not Available,348.8,Not Available,-23,Not Available,29-APR-13,Not Available,Not Available,Not Available,Not Available,Whole Facility Energy Consumption,Not Available,73,0,Not Available,Not Available,Not Available,Not Available,Not Available,Not Available,Not Available,115.9,Not Available,Not Available
2397647,Silk Halpern- 6 E 45th St,Not Available,Not Available,Not Available,1.9,Not Available,Not Available,0,Not Available,2013-04-26T11:00:12.000,4.0,0.82,1035379.0,Not Available,Not Available,Not Available,Not Available,Not Available,40.755219,Not Available,100,Not Available,Not Available,298,Not Available,20.3,Not Available,24-APR-13,Not Available,Not Available,Not Available,Not Available,No Selection Made,Not Available,33,0,Not Available,Not Available,Not Available,Not Available,Not Available,Not Available,Not Available,170.2,Not Available,Not Available
2364085,620 Fifth Avenue (Bld 3),Not Available,Not Available,Not Available,0,Not Available,Not Available,0,Not Available,2013-04-24T16:46:39.000,4.0,0.3,1075692.0,Not Available,Not Available,Not Available,Not Available,Not Available,40.758323,Not Available,100,Not Available,Not Available,227,Not Available,115.3,Not Available,19-APR-13,Not Available,Not Available,Not Available,Not Available,No Selection Made,Not Available,3,0,Not Available,Not Available,Not Available,Not Available,Not Available,Not Available,Not Available,245.8,Not Available,Not Available
2379738,NY District Council of Carpenters Pension Fund,Not Available,Not Available,2000,Not Available,Not Available,Not Available,Not Available,0,2013-05-30T13:07:40.000,3.0,Not Available,1010382.0,Not Available,Not Available,Uninterruptible Power Supply (UPS) supports only IT equipment. (Preferred),Not Available,Not Available,40.729135,Not Available,Not Available,Not Available,Not Available,348.5,Not Available,-12.9,Not Available,11-MAR-13,Not Available,Not Available,Not Available,Not Available,Whole Facility Energy Consumption,Not Available,64,0,15.72,Not Available,2012,Not Available,Not Available,Not Available,Not Available,99.2,Not Available,Not Available
1720205,1250 Broadway,Not Available,Not Available,49572,Not Available,Not Available,Not Available,Not Available,0,2013-05-28T11:07:38.000,4.0,Not Available,1015805.0,Not Available,Not Available,Not Available,Not Available,Not Available,40.747571,Not Available,Not Available,Not Available,Not Available,331.1,Not Available,-38.5,Not Available,16-MAY-13,Not Available,Not Available,Not Available,Not Available,No Selection Made,Not Available,86,0,Not Available,Not Available,2009,Not Available,Not Available,Not Available,Not Available,88.5,Not Available,Not Available
1511892,745 Fifth Ave.,Not Available,Not Available,Not Available,0,Not Available,Not Available,0,Not Available,2013-05-13T12:18:13.000,4.0,0.51,1036079.0,Not Available,Not Available,Not Available,Not Available,Not Available,40.763326,Not Available,100,Not Available,Not Available,297.1,Not Available,-22.5,Not Available,07-MAY-13,Not Available,Not Available,Not Available,Not Available,Whole Facility Energy Consumption,Not Available,71,0,Not Available,Not Available,Not Available,Not Available,Not Available,Not Available,Not Available,79.6,Not Available,Not Available
2596985,Andrew Jackson Realty Co.,Not Available,Not Available,Not Available,Not Available,Not Available,Not Available,Not Available,Not Available,2013-04-24T10:19:44.000,29.0,Not Available,4051286.0,Not Available,Not Available,Not Available,Not Available,Not Available,40.724925,Not Available,Not Available,Not Available,Not Available,Not Available,Overlapping meter entries<br>,Not Available,Not Available,22-APR-13,Not Available,Not Available,Not Available,Not Available,Common Area Energy Consumption Only,Not Available,0,0,Not Available,Not Available,Not Available,Not Available,Not Available,Not Available,Not Available,Not Available,Not Available,Not Available
2597674,CBS-513,Not Available,Not Available,Not Available,Not Available,Not Available,Not Available,Not Available,Not Available,2013-05-20T16:30:09.000,6.0,Not Available,1027065.0,Not Available,Not Available,Not Available,Not Available,Not Available,40.768656,Not Available,Not Available,Not Available,Not Available,164,Not Available,86.3,Not Available,14-MAY-13,Not Available,Not Available,Not Available,Not Available,No Selection Made,Not Available,0,0,Not Available,Not Available,Not Available,Not Available,Not Available,Not Available,Not Available,114.3,Not Available,Not Available
1752465,1285 Ave of the Americas (JLL),Not Available,Not Available,Not Available,Not Available,Not Available,Not Available,Not Available,Not Available,2013-04-26T16:43:37.000,4.0,Not Available,1023158.0,Not Available,Not Available,IT Energy is not currently metered at this facility - Apply estimates.,Not Available,Not Available,40.760753,Not Available,Not Available,Not Available,Not Available,382.9,Not Available,-16.1,Not Available,03-APR-13,Not Available,Not Available,Not Available,Not Available,No Selection Made,Not Available,66,0,14.67,Not Available,Not Available,Not Available,Not Available,Not Available,Not Available,123.7,Not Available,Not Available
1457889,330 Madison,Not Available,Not Available,Not Available,Not Available,Not Available,Not Available,Not Available,Not Available,2013-05-28T09:53:26.000,4.0,Not Available,1035348.0,Not Available,Not Available,IT Energy is not currently metered at this facility - Apply estimates.,Not Available,Not Available,40.753383,Not Available,Not Available,Not Available,Not Available,336.8,Not Available,-39.7,Not Available,18-APR-13,Not Available,Not Available,Not Available,Not Available,No Selection Made,Not Available,88,0,11.26,Not Available,2008,Not Available,Not Available,Not Available,Not Available,72.4,Not Available,Not Available
1847014,1755 Broadway & 235 W 56th St,Not Available,Not Available,Not Available,Not Available,Not Available,Not Available,Not Available,Not Available,2013-04-22T14:15:57.000,,Not Available,,Not Available,Not Available,Not Available,Not Available,Not Available,,Not Available,Not Available,Not Available,Not Available,Not Available,Not Available,Not Available,Not Available,05-APR-13,Not Available,Not Available,Not Available,Not Available,No Selection Made,Not Available,0,0,Not Available,Not Available,Not Available,Not Available,Not Available,Not Available,Not Available,90.3,Not Available,Not Available
2591254,BOWLING GREEN ASSOC. L.P.,Not Available,Not Available,Not Available,Not Available,Not Available,Not Available,Not Available,Not Available,2013-05-14T14:34:08.000,1.0,Not Available,1000044.0,Not Available,Not Available,Not Available,Not Available,Not Available,40.705019,Not Available,Not Available,Not Available,Not Available,308,Less than 1 year of data<br>,-29.8,Not Available,12-MAR-13,Not Available,Not Available,Not Available,Not Available,Whole Facility Energy Consumption,Not Available,78,0,Not Available,Not Available,Not Available,Not Available,Not Available,Not Available,Not Available,81.7,Not Available,Not Available
2384018,32 East 76th Street,Not Available,Not Available,Not Available,Not Available,Not Available,Not Available,Not Available,Not Available,2013-05-24T12:31:46.000,4.0,Not Available,1076779.0,Not Available,Not Available,Not Available,Not Available,Not Available,40.774253,Not Available,Not Available,Not Available,Not Available,Not Available,Not Available,Not Available,Not Available,12-APR-13,Not Available,Not Available,Not Available,Not Available,No Selection Made,Not Available,0,0,12.12,Not Available,Not Available,Not Available,Not Available,Not Available,Not Available,20.2,Not Available,Not Available
1328180,The Muse Hotel,Not Available,Not Available,Not Available,Not Available,Not Available,Not Available,Not Available,Not Available,2013-03-08T15:24:08.000,4.0,Not Available,1022645.0,Not Available,Not Available,Not Available,Not Available,Not Available,40.757814,Not Available,Not Available,Not Available,Not Available,224,Not Available,18,Not Available,05-MAR-13,Not Available,Not Available,Not Available,Not Available,No Selection Made,Not Available,31,0,Not Available,Not Available,Not Available,132000,Not Available,Not Available,90,124.3,Not Available,Not Available
2612591,1461 SHORE PKWY PLPM,Not Available,Not Available,Not Available,Not Available,Not Available,Not Available,Not Available,Not Available,2013-05-29T12:05:35.000,43.0,Not Available,3336455.0,Not Available,Not Available,Not Available,Not Available,Not Available,40.598335,Not Available,Not Available,Not Available,Not Available,Not Available,There is no water use for the time period specified.,Not Available,Not Available,28-MAY-13,Not Available,Not Available,Not Available,Not Available,No Selection Made,Not Available,0,0,0,Not Available,Not Available,Not Available,Not Available,Not Available,Not Available,69.5,Not Available,Not Available
2364095,50 Rock (Bld 7),Not Available,Not Available,Not Available,0,Not Available,Not Available,0,Not Available,2013-04-24T16:44:45.000,4.0,0.3,1083859.0,Not Available,Not Available,Not Available,Not Available,Not Available,40.75938,Not Available,100,Not Available,Not Available,265.4,Not Available,-0.6,Not Available,19-APR-13,Not Available,Not Available,Not Available,Not Available,Whole Facility Energy Consumption,Not Available,50,0,Not Available,Not Available,Not Available,Not Available,Not Available,Not Available,Not Available,142.9,Not Available,Not Available
2587400,MMS406 - 571 Riverside Dr,Not Available,Not Available,Not Available,Not Available,Not Available,Not Available,Not Available,Not Available,2013-05-13T14:02:14.000,7.0,Not Available,1059941.0,2351 12th ave,Not Available,Not Available,Not Available,Not Available,40.82073,Not Available,Not Available,Not Available,Not Available,127,Not Available,-33.9,Not Available,04-FEB-13,Not Available,Not Available,Not Available,Not Available,No Selection Made,Not Available,0,0,Not Available,Not Available,Not Available,Not Available,Not Available,Not Available,Not Available,48.5,Not Available,Not Available
2383852,1160 Park Avenue,Not Available,Not Available,Not Available,Not Available,Not Available,Not Available,Not Available,Not Available,2013-05-24T12:31:46.000,4.0,Not Available,1047074.0,Not Available,Not Available,Not Available,Not Available,Not Available,40.784254,Not Available,Not Available,Not Available,Not Available,127,There is no water use for the time period specified.,-61.5,Not Available,15-MAY-13,Not Available,Not Available,65,Not Available,No Selection Made,Not Available,0,0,0,No,Not Available,Not Available,Not Available,Not Available,Not Available,27.8,Not Available,Not Available
1775992,350 Madison Ave,Not Available,Not Available,Not Available,Not Available,Not Available,Not Available,Not Available,Not Available,2013-02-28T09:37:29.000,4.0,Not Available,1035377.0,Not Available,Not Available,Not Available,Not Available,Not Available,40.754374,Not Available,Not Available,Not Available,Not Available,244.8,Not Available,-1.6,Not Available,24-JAN-13,Not Available,Not Available,Not Available,Not Available,Whole Facility Energy Consumption,Not Available,51,0,Not Available,Not Available,Not Available,Not Available,Not Available,Not Available,Not Available,92,Not Available,Not Available
2494990,2 MetroTech Center,Not Available,Not Available,92500,Not Available,Not Available,Not Available,Not Available,0,2013-04-29T11:49:44.000,33.0,Not Available,3255603.0,Not Available,Not Available,Uninterruptible Power Supply (UPS) supports only IT equipment. (Preferred),Not Available,Not Available,40.693718,Not Available,Not Available,Not Available,Not Available,691.6,Not Available,-34.5,Not Available,18-MAR-13,Not Available,Not Available,Not Available,Not Available,No Selection Made,Not Available,96,0,Not Available,Not Available,Not Available,Not Available,Not Available,Not Available,Not Available,162.6,Not Available,Not Available
2533749,5 Penn Plaza,Not Available,Not Available,Not Available,Not Available,Not Available,Not Available,Not Available,Not Available,2013-03-15T16:21:02.000,3.0,Not Available,1013547.0,Not Available,Not Available,IT Energy is not currently metered at this facility - Apply estimates.,Not Available,Not Available,40.751861,Not Available,Not Available,Not Available,Not Available,319.4,Not Available,-24.5,Not Available,15-FEB-13,Not Available,Not Available,Not Available,Not Available,No Selection Made,Not Available,75,0,Not Available,Not Available,2012,Not Available,Not Available,Not Available,Not Available,88.7,Not Available,Not Available
2614201,610 Park Avenue,Not Available,Not Available,Not Available,Not Available,Not Available,Not Available,Not Available,Not Available,2013-05-28T17:59:58.000,4.0,Not Available,1041086.0,Not Available,Not Available,Not Available,Not Available,Not Available,40.766497,Not Available,Not Available,Not Available,Not Available,Not Available,There is no water use for the time period specified.,Not Available,Not Available,27-MAY-13,Not Available,Not Available,Not Available,Not Available,No Selection Made,Not Available,0,0,0,Not Available,Not Available,Not Available,Not Available,Not Available,Not Available,70.7,Not Available,Not Available
2383854,250 East 40th Street - The Highpoint,Not Available,Not Available,Not Available,0,Not Available,Not Available,0,Not Available,2013-05-24T12:31:46.000,4.0,0.43,1076162.0,Not Available,Not Available,Not Available,Not Available,Not Available,40.748664,Not Available,100,Not Available,Not Available,Not Available,Not Available,Not Available,Not Available,15-MAY-13,Not Available,Not Available,Not Available,Not Available,No Selection Made,Not Available,0,0,45.94,Not Available,Not Available,Not Available,Not Available,Not Available,Not Available,90.6,Not Available,Not Available
1274618,375 Hudson,Not Available,Not Available,Not Available,Not Available,Not Available,Not Available,Not Available,Not Available,2013-04-15T11:16:47.000,3.0,Not Available,1010379.0,Not Available,Not Available,IT Energy is not currently metered at this facility - Apply estimates.,Not Available,Not Available,40.728435,Not Available,Not Available,Not Available,Not Available,325.4,Not Available,-42.1,Not Available,06-MAR-13,Not Available,Not Available,Not Available,Not Available,No Selection Made,Not Available,91,0,Not Available,Not Available,"2007, 2009, 2010, 2012",Not Available,Not Available,Not Available,Not Available,62.4,Not Available,Not Available
2564792,40 Mercer Street Condominium,Not Available,Not Available,21000,Not Available,Not Available,Not Available,Not Available,0,2013-04-28T08:26:55.000,1.0,Not Available,1087559.0,Not Available,Not Available,Not Available,Not Available,Not Available,40.721447,Not Available,Not Available,Not Available,Not Available,Not Available,Less than 1 year of data<br>,Not Available,Not Available,26-APR-13,Not Available,Not Available,Not Available,Not Available,No Selection Made,Not Available,0,0,20.26,Not Available,Not Available,Not Available,Not Available,Not Available,Not Available,80.6,Not Available,Not Available
2614780,188 East 70th Street - Trafalgar House,Not Available,Not Available,Not Available,Not Available,Not Available,Not Available,Not Available,Not Available,2013-05-21T17:15:16.000,4.0,Not Available,1042610.0,Not Available,Not Available,Not Available,Not Available,Not Available,40.768609,Not Available,Not Available,Not Available,Not Available,Not Available,There is no water use for the time period specified.,Not Available,Not Available,18-APR-13,Not Available,Not Available,Not Available,Not Available,Whole Facility Energy Consumption,Not Available,0,0,0,Not Available,Not Available,Not Available,Not Available,Not Available,Not Available,74,Not Available,Not Available
2551614,"Sherman Terrace Cooperative, Inc.",Not Available,Not Available,Not Available,Not Available,Not Available,Not Available,Not Available,Not Available,2013-04-25T11:45:27.000,16.0,Not Available,2002499.0,Not Available,Not Available,Not Available,Not Available,Not Available,40.829613,Not Available,Not Available,Not Available,Not Available,Not Available,Not Available,Not Available,Not Available,17-APR-13,Not Available,Not Available,Not Available,Not Available,Whole Facility Energy Consumption,Not Available,0,0,24.09,No,Not Available,Not Available,Not Available,Not Available,Not Available,90.4,Not Available,Not Available
2533066,80 Riverside Boulevard,Not Available,Not Available,49917,Not Available,Not Available,Not Available,Not Available,0,2013-04-28T08:40:20.000,6.0,Not Available,1087720.0,Not Available,Not Available,Not Available,Not Available,Not Available,40.775485,Not Available,Not Available,Not Available,Not Available,Not Available,Not Available,Not Available,Not Available,16-APR-13,Not Available,Not Available,Not Available,Not Available,No Selection Made,Not Available,0,0,24.55,Not Available,Not Available,Not Available,Not Available,Not Available,Not Available,59,Not Available,Not Available
2539064,Winter- 3 E 28th St,Not Available,Not Available,Not Available,0,Not Available,Not Available,0,Not Available,2013-04-24T15:39:54.000,4.0,0.16,1016898.0,Not Available,Not Available,Not Available,Not Available,Not Available,40.744541,Not Available,70,Not Available,Not Available,268.5,Not Available,-45.1,Not Available,12-APR-13,Not Available,Not Available,Not Available,Not Available,No Selection Made,Not Available,90,0,6758.89,Not Available,Not Available,Not Available,Not Available,Not Available,Not Available,61.8,Not Available,Not Available
1513225,Park Avenue Tower,Not Available,Not Available,Not Available,Not Available,Not Available,Not Available,Not Available,Not Available,2013-04-29T12:00:22.000,4.0,Not Available,1035771.0,Not Available,Not Available,IT Energy is not currently metered at this facility - Apply estimates.,Not Available,Not Available,40.760718,Not Available,Not Available,Not Available,Not Available,340.7,Not Available,-17.6,Not Available,25-APR-13,Not Available,Not Available,Not Available,Not Available,Whole Facility Energy Consumption,Not Available,68,0,18.76,Not Available,Not Available,Not Available,Not Available,Not Available,Not Available,93.5,Not Available,Not Available
1241668,0555 Levittown,Not Available,Not Available,Not Available,Not Available,13,Not Available,Not Available,Not Available,2013-05-15T10:33:11.000,,Not Available,,Not Available,Not Available,Not Available,Not Available,Not Available,,Not Available,Not Available,Not Available,Not Available,653.6,Not Available,-22.3,Not Available,11-APR-13,Not Available,Not Available,Not Available,Not Available,No Selection Made,Not Available,82,0,Not Available,Not Available,Not Available,Not Available,Not Available,Not Available,Not Available,204,Not Available,Not Available
2587536,MMS419 - 2nd Ave,Not Available,Not Available,Not Available,Not Available,Not Available,Not Available,Not Available,Not Available,2013-05-13T14:02:14.000,2.0,Not Available,1006080.0,Not Available,Not Available,Not Available,Not Available,Not Available,40.7246,Not Available,Not Available,Not Available,Not Available,28,Not Available,175.4,Not Available,26-FEB-13,Not Available,Not Available,Not Available,Not Available,No Selection Made,Not Available,0,0,3.67,Not Available,Not Available,Not Available,Not Available,Not Available,Not Available,37.7,Not Available,Not Available
2383823,235 East 49th Street,Not Available,1.71,Not Available,Not Available,Not Available,Not Available,Not Available,Not Available,2013-05-24T12:31:46.000,4.0,Not Available,1038229.0,Not Available,Not Available,Not Available,Not Available,Not Available,40.75483,Not Available,Not Available,Not Available,100,Not Available,Not Available,Not Available,Not Available,15-MAY-13,Not Available,0,Not Available,Not Available,No Selection Made,Not Available,0,0,21.68,Not Available,Not Available,Not Available,Not Available,Not Available,Not Available,50.2,Not Available,Not Available
2536772,10 WEST 47TH STREET ASSOC,Not Available,Not Available,Not Available,Not Available,Not Available,Not Available,Not Available,Not Available,2013-04-16T15:38:08.000,4.0,Not Available,1034340.0,Not Available,Not Available,Not Available,Not Available,Not Available,40.756932,Not Available,Not Available,Not Available,Not Available,164,Not Available,58.5,Not Available,15-APR-13,Not Available,Not Available,Not Available,Not Available,No Selection Made,Not Available,0,0,Not Available,No,Not Available,Not Available,Not Available,Not Available,Not Available,108.2,Not Available,Not Available
1357969,The Ford Foundation,Not Available,Not Available,Not Available,Not Available,Not Available,Not Available,Not Available,Not Available,2013-04-25T14:27:42.000,4.0,Not Available,1038659.0,Not Available,Not Available,IT Energy is not currently metered at this facility - Apply estimates.,Not Available,Not Available,40.750156,Not Available,Not Available,Not Available,Not Available,246.2,Not Available,-26.9,Not Available,16-JAN-13,Not Available,Not Available,Not Available,Not Available,Whole Facility Energy Consumption,Not Available,76,0,Not Available,Not Available,Not Available,Not Available,Not Available,Not Available,Not Available,72.4,Not Available,Not Available
2597824,093 - HIE Manhattan,Not Available,Not Available,Not Available,Not Available,Not Available,Not Available,Not Available,Not Available,2013-05-10T16:22:37.000,3.0,Not Available,1080553.0,Not Available,Not Available,Not Available,Not Available,Not Available,40.748301,Not Available,Not Available,Not Available,Not Available,289,Not Available,-26.7,Not Available,22-APR-13,Not Available,Not Available,Not Available,Not Available,Whole Facility Energy Consumption,Not Available,79,0,110.18,Not Available,Not Available,62829,Not Available,Not Available,100,108.6,Not Available,Not Available
2564772,212 East 57th Street,Not Available,Not Available,Not Available,0,Not Available,Not Available,0,Not Available,2013-04-28T08:40:20.000,4.0,0.38,1038595.0,Not Available,Not Available,Not Available,Not Available,Not Available,40.75999,Not Available,100,Not Available,Not Available,Not Available,Not Available,Not Available,Not Available,16-APR-13,Not Available,Not Available,Not Available,Not Available,No Selection Made,Not Available,0,0,35.05,Not Available,Not Available,Not Available,Not Available,Not Available,Not Available,75.4,Not Available,Not Available
2598358,Flushing,Not Available,Not Available,Not Available,0,Not Available,Not Available,0,Not Available,2013-05-28T09:53:26.000,20.0,0.3,4113546.0,Not Available,Not Available,Not Available,Not Available,Not Available,40.759785,Not Available,100,Not Available,Not Available,239.1,Not Available,30.5,Not Available,22-APR-13,Not Available,Not Available,Not Available,Not Available,No Selection Made,Not Available,28,0,Not Available,Not Available,Not Available,Not Available,Not Available,Not Available,Not Available,165.5,Not Available,Not Available
2387307,196 East 75th Street,Not Available,Not Available,Not Available,0,Not Available,Not Available,0,Not Available,2013-05-24T12:31:46.000,4.0,0.25,1043090.0,Not Available,Not Available,Not Available,Not Available,Not Available,40.771811,Not Available,100,Not Available,Not Available,Not Available,There is no water use for the time period specified.,Not Available,Not Available,15-MAY-13,Not Available,Not Available,Not Available,Not Available,No Selection Made,Not Available,0,0,0,No,Not Available,Not Available,Not Available,Not Available,Not Available,126.8,Not Available,Not Available
2296730,112 West 34th,Not Available,Not Available,Not Available,0,Not Available,Not Available,0,Not Available,2013-05-31T00:35:15.000,3.0,0.75,1015201.0,Not Available,Not Available,IT Energy is not currently metered at this facility - Apply estimates.,Not Available,Not Available,40.750063,Not Available,100,Not Available,Not Available,276.4,Not Available,-39.3,Not Available,25-APR-13,Not Available,Not Available,Not Available,Not Available,Whole Facility Energy Consumption,Not Available,86,0,Not Available,Not Available,2010,Not Available,Not Available,Not Available,Not Available,60.7,Not Available,Not Available
2555712,129 STREET REALTY GROUP,Not Available,Not Available,Not Available,Not Available,Not Available,Not Available,Not Available,Not Available,2013-02-28T13:26:35.000,9.0,Not Available,1059611.0,Not Available,Not Available,Not Available,Not Available,Not Available,40.814014,Not Available,Not Available,Not Available,Not Available,Not Available,Not Available,Not Available,Not Available,11-FEB-13,Not Available,Not Available,Not Available,Not Available,No Selection Made,Not Available,0,0,Not Available,Not Available,Not Available,Not Available,Not Available,Not Available,Not Available,2.4,Not Available,Not Available
2384015,8 Union Square South,Not Available,Not Available,Not Available,Not Available,Not Available,Not Available,Not Available,Not Available,2013-05-24T12:31:46.000,2.0,Not Available,1087833.0,Not Available,Not Available,Not Available,Not Available,Not Available,40.734871,Not Available,Not Available,Not Available,Not Available,Not Available,Not Available,Not Available,Not Available,16-APR-13,Not Available,Not Available,Not Available,Not Available,No Selection Made,Not Available,0,0,0.26,Not Available,Not Available,Not Available,Not Available,Not Available,Not Available,45.9,Not Available,Not Available
2408444,387 Park South L.L.C.,Not Available,Not Available,Not Available,0,Not Available,Not Available,0,Not Available,2013-04-26T16:54:29.000,2.0,0.1,1018162.0,Not Available,Not Available,Not Available,Not Available,Not Available,40.742795,Not Available,81.53,Not Available,Not Available,285.1,Not Available,-28.3,Not Available,15-APR-13,Not Available,Not Available,Not Available,Not Available,Whole Facility Energy Consumption,Not Available,76,0,17.65,No,Not Available,Not Available,Not Available,Not Available,Not Available,70.3,Not Available,Not Available
2388489,129 East 82nd Street,Not Available,Not Available,Not Available,0,Not Available,Not Available,0,Not Available,2013-05-24T12:31:46.000,4.0,0.27,1073038.0,Not Available,Not Available,Not Available,Not Available,Not Available,40.777114,Not Available,100,Not Available,Not Available,Not Available,Not Available,Not Available,Not Available,15-MAY-13,Not Available,Not Available,Not Available,Not Available,No Selection Made,Not Available,0,0,34.97,Not Available,Not Available,Not Available,Not Available,Not Available,Not Available,70.2,Not Available,Not Available
2607212,1700 Broadway,Not Available,Not Available,32000,Not Available,Not Available,Not Available,Not Available,0,2013-04-26T14:34:29.000,4.0,Not Available,1024836.0,Not Available,Not Available,Not Available,Not Available,Not Available,40.763342,Not Available,Not Available,Not Available,Not Available,299.7,Not Available,-5.7,Not Available,11-MAR-13,Not Available,Not Available,Not Available,Not Available,Whole Facility Energy Consumption,Not Available,55,0,59.29,Not Available,Not Available,Not Available,Not Available,Not Available,Not Available,129.8,Not Available,Not Available
2384020,175 West 13th Street - Cambridge,Not Available,Not Available,Not Available,0,Not Available,Not Available,0,Not Available,2013-05-24T12:31:46.000,3.0,0.52,1010632.0,Not Available,Not Available,Not Available,Not Available,Not Available,40.737487,Not Available,100,Not Available,Not Available,Not Available,Not Available,Not Available,Not Available,10-MAY-13,Not Available,Not Available,Not Available,Not Available,No Selection Made,Not Available,0,0,41.66,Not Available,Not Available,Not Available,Not Available,Not Available,Not Available,80.2,Not Available,Not Available
2605457,madison square garden,Not Available,Not Available,Not Available,Not Available,Not Available,Not Available,Not Available,Not Available,2013-03-15T11:44:28.000,3.0,Not Available,1082908.0,Not Available,Not Available,Not Available,Not Available,Not Available,40.750662,Not Available,Not Available,Not Available,Not Available,94,Not Available,284,Not Available,12-MAR-13,Not Available,Not Available,Not Available,Not Available,Whole Facility Energy Consumption,Not Available,0,0,54.06,Not Available,Not Available,Not Available,Not Available,Not Available,Not Available,166.1,Not Available,Not Available
1241665,0560 Smithtown,Not Available,Not Available,Not Available,Not Available,13,Not Available,Not Available,Not Available,2013-05-15T10:33:11.000,,Not Available,,Not Available,Not Available,Not Available,Not Available,Not Available,,Not Available,Not Available,Not Available,Not Available,651.4,Not Available,-20.2,Not Available,11-APR-13,Not Available,Not Available,Not Available,Not Available,No Selection Made,Not Available,80,0,Not Available,Not Available,Not Available,Not Available,Not Available,Not Available,Not Available,183.2,Not Available,Not Available
2565314,452 Fifth Avenue,Not Available,Not Available,Not Available,0.43,Not Available,Not Available,0.21,Not Available,2013-05-10T08:46:19.000,4.0,0.86,1016047.0,Not Available,Not Available,IT Energy is not currently metered at this facility - Apply estimates.,Not Available,Not Available,40.752335,Not Available,90,Not Available,Not Available,502,Not Available,-18.2,Not Available,08-MAY-13,Not Available,Not Available,Not Available,Not Available,No Selection Made,Not Available,70,0,30.05,Not Available,Not Available,Not Available,Not Available,Not Available,Not Available,139.2,Not Available,Not Available
2596991,Rose Realty Associates LP,Not Available,Not Available,Not Available,Not Available,Not Available,Not Available,Not Available,Not Available,2013-04-24T10:19:44.000,39.0,Not Available,3126163.0,Not Available,Not Available,Not Available,Not Available,Not Available,40.639224,Not Available,Not Available,Not Available,Not Available,Not Available,Not Available,Not Available,Not Available,22-APR-13,Not Available,Not Available,Not Available,Not Available,No Selection Made,Not Available,0,0,Not Available,Not Available,Not Available,Not Available,Not Available,Not Available,Not Available,Not Available,Not Available,Not Available
2561172,2955 W29th (Oceangate 28),Not Available,Not Available,Not Available,Not Available,Not Available,Not Available,Not Available,Not Available,2013-05-29T08:02:40.000,47.0,Not Available,3322028.0,Not Available,Not Available,Not Available,Not Available,Not Available,40.573627,Not Available,Not Available,Not Available,Not Available,Not Available,Not Available,Not Available,Not Available,26-MAR-13,Not Available,Not Available,Not Available,Not Available,No Selection Made,Not Available,0,0,Not Available,Not Available,Not Available,Not Available,Not Available,Not Available,Not Available,97,Not Available,Not Available
2603249,240 Riverside Blvd,Not Available,Not Available,58919,Not Available,Not Available,Not Available,Not Available,0,2013-05-28T17:59:58.000,6.0,Not Available,1087072.0,Not Available,Not Available,Not Available,Not Available,Not Available,40.780478,Not Available,Not Available,Not Available,Not Available,Not Available,There is no water use for the time period specified.,Not Available,Not Available,27-MAY-13,Not Available,Not Available,Not Available,Not Available,No Selection Made,Not Available,0,0,0,Not Available,Not Available,Not Available,Not Available,Not Available,Not Available,81.5,Not Available,Not Available
2381188,50 West 57th Street,Not Available,Not Available,Not Available,1.37,Not Available,Not Available,0.23,Not Available,2013-05-28T09:53:26.000,4.0,0.53,1035058.0,Not Available,Not Available,Not Available,Not Available,Not Available,40.763639,Not Available,100,Not Available,Not Available,331.2,Not Available,-30.6,Not Available,22-APR-13,Not Available,Not Available,Not Available,Not Available,No Selection Made,Not Available,77,0,149.09,Not Available,Not Available,Not Available,Not Available,Not Available,Not Available,88.3,Not Available,Not Available
1241637,0508 Glendale,Not Available,Not Available,Not Available,Not Available,5,Not Available,Not Available,Not Available,2013-05-15T10:33:11.000,30.0,Not Available,,Not Available,Not Available,Not Available,Not Available,Not Available,40.701068,Not Available,Not Available,Not Available,Not Available,594.3,Not Available,25.7,Not Available,26-APR-13,Not Available,Not Available,Not Available,Not Available,No Selection Made,Not Available,18,0,Not Available,Not Available,Not Available,Not Available,Not Available,Not Available,Not Available,284.3,Not Available,Not Available
2612587,3280 NOSTRAND AVE ENTM,Not Available,Not Available,Not Available,Not Available,Not Available,Not Available,Not Available,Not Available,2013-05-29T12:05:35.000,46.0,Not Available,3197604.0,Not Available,Not Available,Not Available,Not Available,Not Available,40.60411,Not Available,Not Available,Not Available,Not Available,Not Available,There is no water use for the time period specified.,Not Available,Not Available,28-MAY-13,Not Available,Not Available,Not Available,Not Available,No Selection Made,Not Available,0,0,0,Not Available,Not Available,Not Available,Not Available,Not Available,Not Available,97,Not Available,Not Available
2563004,1266-68 Grand Concourse Realty. L.L.C.,Not Available,Not Available,Not Available,Not Available,1,Not Available,Not Available,Not Available,2013-04-17T12:09:15.000,13.0,Not Available,2048553.0,Not Available,Not Available,Not Available,Not Available,Not Available,40.852799,Not Available,Not Available,Not Available,Not Available,Not Available,Not Available,Not Available,Not Available,08-APR-13,Not Available,Not Available,Not Available,Not Available,Whole Facility Energy Consumption,Not Available,0,0,Not Available,Not Available,Not Available,Not Available,Not Available,Not Available,Not Available,82,Not Available,Not Available
1069082,51 Madison,Not Available,Not Available,Not Available,Not Available,Not Available,Not Available,Not Available,Not Available,2013-04-26T16:32:52.000,2.0,Not Available,1016880.0,Not Available,Not Available,IT Energy is not currently metered at this facility - Apply estimates.,Not Available,Not Available,40.743023,Not Available,Not Available,Not Available,Not Available,332.4,Not Available,-30.4,Not Available,23-APR-13,Not Available,Not Available,Not Available,Not Available,No Selection Made,Not Available,79,0,21.15,Not Available,"2007, 2008, 2009, 2010, 2011, 2012",Not Available,Not Available,Not Available,Not Available,106.2,Not Available,Not Available
1443214,River Place One,Not Available,Not Available,Not Available,Not Available,Not Available,Not Available,Not Available,Not Available,2013-05-31T10:02:20.000,3.0,Not Available,1085803.0,Not Available,Not Available,Not Available,Not Available,Not Available,40.761487,Not Available,Not Available,Not Available,Not Available,127,Not Available,16.4,Not Available,30-MAY-13,Not Available,Not Available,Not Available,Not Available,No Selection Made,Not Available,0,0,Not Available,Not Available,Not Available,Not Available,Not Available,Not Available,Not Available,86.3,Not Available,Not Available
2597675,CBS-518,Not Available,Not Available,Not Available,Not Available,Not Available,Not Available,Not Available,Not Available,2013-05-20T16:30:09.000,6.0,Not Available,1027069.0,Not Available,Not Available,Not Available,Not Available,Not Available,40.769664,Not Available,Not Available,Not Available,Not Available,164,Not Available,1009.3,Not Available,14-MAY-13,Not Available,Not Available,Not Available,Not Available,No Selection Made,Not Available,0,0,Not Available,Not Available,Not Available,Not Available,Not Available,Not Available,Not Available,654.3,Not Available,Not Available
1045358,320 Park Avenue,Not Available,Not Available,Not Available,Not Available,Not Available,Not Available,Not Available,Not Available,2013-04-26T16:43:37.000,4.0,Not Available,1035464.0,Not Available,Not Available,Uninterruptible Power Supply (UPS) supports only IT equipment. (Preferred),Not Available,Not Available,40.75745,Not Available,Not Available,Not Available,Not Available,369.2,Not Available,-28.7,Not Available,23-APR-13,Not Available,Not Available,Not Available,Not Available,No Selection Made,Not Available,79,0,21.79,Not Available,"2003, 2004, 2005, 2006, 2007, 2008, 2009, 2010, 2011, 2012",Not Available,Not Available,Not Available,Not Available,90.1,Not Available,Not Available
2558998,"Rockaway One Company1, LLC",Not Available,Not Available,21162,Not Available,Not Available,Not Available,Not Available,0,2013-04-18T11:22:43.000,,Not Available,,Not Available,Not Available,Not Available,Not Available,Not Available,,Not Available,Not Available,Not Available,Not Available,Not Available,There is no water use for the time period specified.,Not Available,Not Available,14-MAR-13,Not Available,Not Available,Not Available,Not Available,No Selection Made,Not Available,0,0,0,Not Available,Not Available,Not Available,Not Available,Not Available,Not Available,47.7,Not Available,Not Available
1241658,0542 Glen Cove,Not Available,Not Available,Not Available,Not Available,10,Not Available,Not Available,Not Available,2013-05-15T10:33:11.000,,Not Available,,Not Available,Not Available,Not Available,Not Available,Not Available,,Not Available,Not Available,Not Available,Not Available,643.9,Not Available,-8.8,Not Available,26-APR-13,Not Available,Not Available,Not Available,Not Available,No Selection Made,Not Available,63,0,Not Available,Not Available,Not Available,Not Available,Not Available,Not Available,Not Available,249.9,Not Available,Not Available
2595443,1008-7501,Not Available,Not Available,Not Available,Not Available,Not Available,Not Available,Not Available,Not Available,2013-05-30T15:21:17.000,22.0,Not Available,4449269.0,Not Available,Not Available,Not Available,Not Available,Not Available,40.768051,Not Available,Not Available,Not Available,Not Available,Not Available,There is no water use for the time period specified.,Not Available,Not Available,20-APR-13,Not Available,Not Available,Not Available,Not Available,Default energy data,Not Available,0,0,0,Not Available,Not Available,Not Available,Not Available,Not Available,Not Available,91.8,Not Available,Not Available
2595892,202-214 West 85th Owners Corp.,Not Available,Not Available,Not Available,Not Available,Not Available,Not Available,Not Available,Not Available,2013-04-29T09:35:38.000,6.0,Not Available,1033114.0,Not Available,Not Available,Not Available,Not Available,Not Available,40.787115,Not Available,Not Available,Not Available,Not Available,Not Available,Not Available,Not Available,Not Available,27-APR-13,Not Available,Not Available,Not Available,Not Available,No Selection Made,Not Available,0,0,48.14,Not Available,Not Available,Not Available,Not Available,Not Available,Not Available,102.8,Not Available,Not Available
2528953,One Northside Piers,Not Available,Not Available,Not Available,Not Available,Not Available,Not Available,Not Available,Not Available,2013-04-28T08:40:20.000,,Not Available,,Not Available,Not Available,Not Available,Not Available,Not Available,,Not Available,Not Available,Not Available,Not Available,Not Available,Not Available,Not Available,Not Available,16-APR-13,Not Available,Not Available,Not Available,Not Available,No Selection Made,Not Available,0,0,35.02,Not Available,Not Available,Not Available,Not Available,Not Available,Not Available,37.6,Not Available,Not Available
2559046,"Rockaway One Company11, LLC",Not Available,Not Available,26700,Not Available,Not Available,Not Available,Not Available,0,2013-04-21T13:51:51.000,,Not Available,,Not Available,Not Available,Not Available,Not Available,Not Available,,Not Available,Not Available,Not Available,Not Available,Not Available,Not Available,Not Available,Not Available,14-MAR-13,Not Available,Not Available,Not Available,Not Available,No Selection Made,Not Available,0,0,Not Available,Not Available,Not Available,Not Available,Not Available,Not Available,Not Available,55.9,Not Available,Not Available
2384123,32 West 82nd Street,Not Available,Not Available,Not Available,Not Available,Not Available,Not Available,Not Available,Not Available,2013-05-24T12:31:46.000,6.0,Not Available,1031144.0,Not Available,Not Available,Not Available,Not Available,Not Available,40.78314,Not Available,Not Available,Not Available,Not Available,Not Available,Not Available,Not Available,Not Available,10-MAY-13,Not Available,Not Available,Not Available,Not Available,No Selection Made,Not Available,0,0,2.43,No,Not Available,Not Available,Not Available,Not Available,Not Available,62.4,Not Available,Not Available
2612493,Walter & Samuels - 39 W 37th,Not Available,Not Available,Not Available,Not Available,Not Available,Not Available,Not Available,Not Available,2013-05-29T11:17:31.000,,Not Available,,Not Available,Not Available,Not Available,Not Available,Not Available,,Not Available,Not Available,Not Available,Not Available,285.3,Not Available,-41.1,Not Available,28-MAY-13,Not Available,Not Available,Not Available,Not Available,No Selection Made,Not Available,87,0,Not Available,Not Available,2011,Not Available,Not Available,Not Available,Not Available,60.7,Not Available,Not Available
2448062,230 Park Avenue South,Not Available,Not Available,Not Available,Not Available,Not Available,Not Available,Not Available,Not Available,2013-04-26T16:54:29.000,2.0,Not Available,1016152.0,Not Available,Not Available,Not Available,Not Available,Not Available,40.737882,Not Available,Not Available,Not Available,Not Available,246,Not Available,-24.9,Not Available,16-APR-13,27876.79,Not Available,Not Available,Not Available,Whole Facility Energy Consumption,Not Available,73,0,13.12,Not Available,Not Available,Not Available,Not Available,Not Available,Not Available,61.2,Not Available,Not Available
1296055,10781-Ceasar's Bay,Not Available,Not Available,Not Available,0,Not Available,Not Available,0,Not Available,2013-02-19T11:08:02.000,43.0,0.25,3345609.0,Not Available,Not Available,Not Available,Not Available,Not Available,40.595105,Not Available,100,Not Available,Not Available,221,Not Available,-14.8,Not Available,11-FEB-13,Not Available,Not Available,Not Available,Not Available,No Selection Made,Not Available,62,0,Not Available,Not Available,Not Available,Not Available,Not Available,Not Available,Not Available,67.8,Not Available,Not Available
1423084,355 Lexington Avenue,Not Available,Not Available,Not Available,Not Available,Not Available,Not Available,Not Available,Not Available,2013-05-07T10:00:27.000,4.0,Not Available,1036147.0,Not Available,Not Available,Not Available,Not Available,Not Available,40.750245,Not Available,Not Available,Not Available,Not Available,290.6,Not Available,-44.5,Not Available,19-APR-13,Not Available,Not Available,Not Available,Not Available,Whole Facility Energy Consumption,Not Available,89,0,2.74,Not Available,Not Available,Not Available,Not Available,Not Available,Not Available,55.6,Not Available,Not Available
2612577,178-10 WEXFORD TERR ENTM,Not Available,Not Available,Not Available,Not Available,Not Available,Not Available,Not Available,Not Available,2013-05-29T12:05:35.000,24.0,Not Available,4212912.0,Not Available,Not Available,Not Available,Not Available,Not Available,40.71335,Not Available,Not Available,Not Available,Not Available,Not Available,There is no water use for the time period specified.,Not Available,Not Available,28-MAY-13,Not Available,Not Available,Not Available,Not Available,No Selection Made,Not Available,0,0,0,Not Available,Not Available,Not Available,Not Available,Not Available,Not Available,84.6,Not Available,Not Available
1845662,75 Park Place,Not Available,Not Available,16818,Not Available,Not Available,Not Available,Not Available,0,2013-04-22T14:09:15.000,1.0,Not Available,1001415.0,Not Available,Not Available,Not Available,Not Available,Not Available,40.714233,Not Available,Not Available,Not Available,Not Available,164,Not Available,89.2,Not Available,01-APR-13,Not Available,Not Available,Not Available,Not Available,No Selection Made,Not Available,0,0,Not Available,Not Available,Not Available,Not Available,Not Available,Not Available,Not Available,98.5,Not Available,Not Available
2506979,Gerard Manor Corp,Not Available,Not Available,Not Available,Not Available,Not Available,Not Available,Not Available,Not Available,2013-04-19T09:06:52.000,8.0,Not Available,2002994.0,Not Available,Not Available,Not Available,Not Available,Not Available,40.830774,Not Available,Not Available,Not Available,Not Available,Not Available,Less than 1 year of data<br>,Not Available,Not Available,05-APR-13,Not Available,Not Available,Not Available,Not Available,Whole Facility Energy Consumption,Not Available,0,0,0,Not Available,Not Available,Not Available,Not Available,Not Available,Not Available,121.5,Not Available,Not Available
2564600,509 48th Avenue - 5th Street Lofts Condominium,Not Available,Not Available,Not Available,Not Available,Not Available,Not Available,Not Available,Not Available,2013-05-24T12:31:46.000,26.0,Not Available,4536962.0,Not Available,Not Available,Not Available,Not Available,Not Available,40.744448,Not Available,Not Available,Not Available,Not Available,Not Available,Not Available,Not Available,Not Available,15-MAY-13,Not Available,Not Available,Not Available,Not Available,No Selection Made,Not Available,0,0,27.5,Not Available,Not Available,Not Available,Not Available,Not Available,Not Available,52.4,Not Available,Not Available
1244909,0563 Holbrook,Not Available,Not Available,Not Available,Not Available,14,Not Available,Not Available,Not Available,2013-05-15T10:33:11.000,,Not Available,,Not Available,Not Available,Not Available,Not Available,Not Available,,Not Available,Not Available,Not Available,Not Available,660.9,Not Available,-17.5,Not Available,26-APR-13,Not Available,Not Available,Not Available,Not Available,No Selection Made,Not Available,76,0,Not Available,Not Available,Not Available,Not Available,Not Available,Not Available,Not Available,207.7,Not Available,Not Available
2598283,The Lucida,Not Available,Not Available,Not Available,0,Not Available,Not Available,0,Not Available,2013-05-28T09:53:26.000,5.0,0.3,1088463.0,Not Available,Not Available,Not Available,Not Available,Not Available,40.778653,Not Available,100,Not Available,Not Available,Not Available,Not Available,Not Available,Not Available,08-MAY-13,Not Available,Not Available,Not Available,Not Available,No Selection Made,Not Available,0,0,Not Available,Not Available,Not Available,Not Available,Not Available,Not Available,Not Available,64.8,Not Available,Not Available
1731764,C&W Moinian 535 5th Avenue,Not Available,Not Available,Not Available,Not Available,Not Available,Not Available,Not Available,Not Available,2013-05-31T00:35:15.000,4.0,Not Available,1035366.0,Not Available,Not Available,Not Available,Not Available,Not Available,40.754997,Not Available,Not Available,Not Available,Not Available,339.7,Less than 1 year of data<br>,-25.8,Not Available,29-APR-13,Not Available,Not Available,Not Available,Not Available,No Selection Made,Not Available,74,0,19.25,Not Available,Not Available,Not Available,Not Available,Not Available,Not Available,105.6,Not Available,Not Available
2344695,7654,Not Available,Not Available,Not Available,0.04,Not Available,Not Available,0.01,Not Available,2013-04-29T10:52:17.000,12.0,0.21,2102451.0,Not Available,Not Available,Not Available,Not Available,Not Available,40.866538,Not Available,80,Not Available,Not Available,220.6,Not Available,-25.2,Not Available,10-APR-13,Not Available,Not Available,Not Available,Not Available,No Selection Made,Not Available,71,0,Not Available,Not Available,Not Available,Not Available,Not Available,Not Available,Not Available,51.7,Not Available,Not Available
2384128,520 East 76th Street,Not Available,Not Available,Not Available,Not Available,Not Available,Not Available,Not Available,Not Available,2013-05-24T12:31:46.000,5.0,Not Available,1046307.0,Not Available,Not Available,Not Available,Not Available,Not Available,40.769146,Not Available,Not Available,Not Available,Not Available,Not Available,Not Available,Not Available,Not Available,10-MAY-13,Not Available,Not Available,Not Available,Not Available,No Selection Made,Not Available,0,0,113.63,No,Not Available,Not Available,Not Available,Not Available,Not Available,59.9,Not Available,Not Available
2364068,10 Rock (Bld 11),Not Available,Not Available,Not Available,0,Not Available,Not Available,0,Not Available,2013-04-24T16:41:26.000,4.0,0.3,1077284.0,Not Available,Not Available,Not Available,Not Available,Not Available,40.758104,Not Available,100,Not Available,Not Available,272.1,Not Available,-14.2,Not Available,19-APR-13,Not Available,Not Available,Not Available,Not Available,Whole Facility Energy Consumption,Not Available,63,0,Not Available,Not Available,Not Available,Not Available,Not Available,Not Available,Not Available,123.6,Not Available,Not Available
1203624,C&W/METLIFE 27-01 QPN,Not Available,Not Available,Not Available,Not Available,Not Available,Not Available,Not Available,Not Available,2013-05-31T00:35:15.000,26.0,Not Available,4005016.0,Not Available,Not Available,IT Energy is not currently metered at this facility - Apply estimates.,Not Available,Not Available,40.750561,Not Available,Not Available,Not Available,Not Available,298,Not Available,-31.5,Not Available,18-APR-13,Not Available,Not Available,Not Available,Not Available,No Selection Made,Not Available,81,0,Not Available,Not Available,"2007, 2008, 2009, 2010, 2011, 2012",Not Available,Not Available,Not Available,Not Available,70,Not Available,Not Available
2430725,Trinity- 155 Aof A,Not Available,Not Available,Not Available,Not Available,Not Available,Not Available,Not Available,Not Available,2013-04-09T14:40:12.000,3.0,Not Available,1007385.0,Not Available,Not Available,IT Energy is not currently metered at this facility - Apply estimates.,Not Available,Not Available,40.725248,Not Available,Not Available,Not Available,Not Available,289.2,Not Available,-51.9,Not Available,03-APR-13,Not Available,Not Available,Not Available,Not Available,No Selection Made,Not Available,94,0,8.39,Not Available,"2011, 2012",Not Available,Not Available,Not Available,Not Available,54.8,Not Available,Not Available
1460459,909 Third,Not Available,Not Available,Not Available,Not Available,Not Available,Not Available,Not Available,Not Available,2013-05-28T09:53:26.000,4.0,Not Available,1038570.0,,Not Available,IT Energy is not currently metered at this facility - Apply estimates.,Not Available,Not Available,40.758744,Not Available,Not Available,Not Available,Not Available,333.9,Not Available,-26.5,Not Available,27-FEB-13,Not Available,Not Available,Not Available,Not Available,No Selection Made,Not Available,78,0,16.08,Not Available,"2008, 2012",Not Available,Not Available,Not Available,Not Available,99.9,Not Available,Not Available
2611699,0973-7501,Not Available,Not Available,Not Available,Not Available,Not Available,Not Available,Not Available,Not Available,2013-05-30T15:21:17.000,22.0,Not Available,4449269.0,Not Available,Not Available,Not Available,Not Available,Not Available,40.768051,Not Available,Not Available,Not Available,Not Available,Not Available,There is no water use for the time period specified.,Not Available,Not Available,14-APR-13,Not Available,Not Available,Not Available,Not Available,Default energy data,Not Available,0,0,0,Not Available,Not Available,Not Available,Not Available,Not Available,Not Available,84.7,Not Available,Not Available
1944274,Queenswood-Building 2,Not Available,Not Available,Not Available,Not Available,Not Available,Not Available,Not Available,Not Available,2013-04-23T10:10:48.000,21.0,Not Available,4047631.0,Not Available,Not Available,Not Available,Not Available,Not Available,40.73973,Not Available,Not Available,Not Available,Not Available,Not Available,Not Available,Not Available,Not Available,18-APR-13,Not Available,Not Available,Not Available,Not Available,No Selection Made,Not Available,0,0,Not Available,Not Available,Not Available,Not Available,Not Available,Not Available,Not Available,78.3,Not Available,Not Available
1463980,350 Park Avenue,Not Available,Not Available,Not Available,Not Available,Not Available,Not Available,Not Available,Not Available,2013-05-28T09:53:26.000,4.0,Not Available,1035473.0,Not Available,Not Available,Not Available,Not Available,Not Available,40.758224,Not Available,Not Available,Not Available,Not Available,301,Not Available,8.1,Not Available,27-FEB-13,Not Available,Not Available,Not Available,Not Available,No Selection Made,Not Available,42,0,20.74,Not Available,Not Available,Not Available,Not Available,Not Available,Not Available,136.4,Not Available,Not Available
1216329,FDA Queens,0,Not Available,91262,Not Available,Not Available,Not Available,Not Available,0,2013-04-15T10:36:43.000,27.0,Not Available,4467556.0,Not Available,Not Available,IT Energy is not currently metered at this facility - Apply estimates.,Not Available,Not Available,40.699839,Not Available,Not Available,Not Available,Not Available,127,Not Available,300.5,Not Available,27-MAR-13,Not Available,Not Available,Not Available,0,Whole Facility Energy Consumption,Not Available,0,0,33.48,Not Available,Not Available,Not Available,Not Available,Not Available,Not Available,255.4,Not Available,Not Available
1946606,Loews Regency Hotel,Not Available,Not Available,27000,Not Available,Not Available,Not Available,Not Available,0,2013-04-26T11:59:08.000,4.0,Not Available,1040855.0,Not Available,Not Available,Not Available,Not Available,Not Available,40.764308,Not Available,Not Available,Not Available,Not Available,239.6,Not Available,1.8,Not Available,24-APR-13,Not Available,Not Available,Not Available,Not Available,Whole Facility Energy Consumption,Not Available,48,0,126.94,Not Available,Not Available,320000,Not Available,Not Available,100,130.9,Not Available,Not Available
1241687,0598 Wappingers Falls,Not Available,Not Available,Not Available,Not Available,14,Not Available,Not Available,Not Available,2013-05-15T10:33:11.000,,Not Available,,Not Available,Not Available,Not Available,Not Available,Not Available,,Not Available,Not Available,Not Available,Not Available,669.3,Not Available,-24,Not Available,26-APR-13,Not Available,Not Available,Not Available,Not Available,No Selection Made,Not Available,84,0,Not Available,Not Available,Not Available,Not Available,Not Available,Not Available,Not Available,190.5,Not Available,Not Available
2544337,80 Metropolitan Condominium,Not Available,Not Available,23587,Not Available,Not Available,Not Available,Not Available,0,2013-04-28T08:40:20.000,33.0,Not Available,3251736.0,Not Available,Not Available,Not Available,Not Available,Not Available,40.71708,Not Available,Not Available,Not Available,Not Available,Not Available,Not Available,Not Available,Not Available,16-APR-13,Not Available,Not Available,Not Available,Not Available,No Selection Made,Not Available,0,0,23.93,Not Available,Not Available,Not Available,Not Available,Not Available,Not Available,43.3,Not Available,Not Available
1241653,0532 Eastchester,Not Available,Not Available,Not Available,Not Available,5,Not Available,Not Available,Not Available,2013-05-15T10:33:11.000,,Not Available,,Not Available,Not Available,Not Available,Not Available,Not Available,,Not Available,Not Available,Not Available,Not Available,611.1,Not Available,42.4,Not Available,11-APR-13,Not Available,Not Available,Not Available,Not Available,No Selection Made,Not Available,7,0,Not Available,Not Available,Not Available,Not Available,Not Available,Not Available,Not Available,336.4,Not Available,Not Available
2371576,ATCO - 373 Park Avenue South,Not Available,Not Available,Not Available,Not Available,Not Available,Not Available,Not Available,Not Available,2013-04-26T15:36:06.000,2.0,Not Available,1018123.0,Not Available,Not Available,Not Available,Not Available,Not Available,40.742375,Not Available,Not Available,Not Available,Not Available,247.2,Not Available,23.8,Not Available,10-APR-13,Not Available,Not Available,Not Available,Not Available,No Selection Made,Not Available,30,0,Not Available,No,Not Available,Not Available,Not Available,Not Available,Not Available,132.5,Not Available,Not Available
2364074,1 Rock (Bld 5),Not Available,Not Available,Not Available,0,Not Available,Not Available,0,Not Available,2013-04-24T16:39:55.000,4.0,0.3,1077286.0,Not Available,Not Available,Not Available,Not Available,Not Available,40.757904,Not Available,100,Not Available,Not Available,285.3,Not Available,-14.5,Not Available,19-APR-13,Not Available,Not Available,Not Available,Not Available,Whole Facility Energy Consumption,Not Available,63,0,Not Available,Not Available,Not Available,Not Available,Not Available,Not Available,Not Available,125,Not Available,Not Available
2606983,Triton Company LP,Not Available,Not Available,Not Available,Not Available,Not Available,Not Available,Not Available,Not Available,2013-04-23T11:00:04.000,40.0,Not Available,3118662.0,Not Available,Not Available,Not Available,Not Available,Not Available,40.639947,Not Available,Not Available,Not Available,Not Available,Not Available,Not Available,Not Available,Not Available,18-APR-13,Not Available,Not Available,Not Available,Not Available,No Selection Made,Not Available,0,0,Not Available,Not Available,Not Available,Not Available,Not Available,Not Available,Not Available,69.5,Not Available,Not Available
2012320,MS/US,Not Available,4.43,Not Available,Not Available,Not Available,Not Available,Not Available,Not Available,2013-04-04T14:26:32.000,4.0,Not Available,1047005.0,Not Available,Not Available,Not Available,Not Available,Not Available,40.784329,1890,Not Available,Not Available,90,185.4,Not Available,-3.9,Not Available,02-APR-13,Not Available,1,Not Available,Not Available,Whole Facility Energy Consumption,Not Available,54,0,Not Available,Not Available,Not Available,Not Available,Not Available,Not Available,Not Available,91.9,Not Available,Not Available
2563032,"1420 Realty, L.L.C.",Not Available,Not Available,Not Available,0,2,Not Available,0,Not Available,2013-04-17T12:09:15.000,13.0,0.95,2048553.0,Not Available,Not Available,Not Available,Not Available,Not Available,40.852799,Not Available,100,Not Available,Not Available,Not Available,Not Available,Not Available,Not Available,09-APR-13,Not Available,Not Available,Not Available,Not Available,Whole Facility Energy Consumption,Not Available,0,0,Not Available,Not Available,Not Available,Not Available,Not Available,Not Available,Not Available,93.8,Not Available,Not Available
2550135,2980 Valentine ASSOC,Not Available,Not Available,Not Available,Not Available,Not Available,Not Available,Not Available,Not Available,2013-02-28T13:26:35.000,11.0,Not Available,2017117.0,Not Available,Not Available,Not Available,Not Available,Not Available,40.871881,Not Available,Not Available,Not Available,Not Available,Not Available,Not Available,Not Available,Not Available,11-FEB-13,Not Available,Not Available,Not Available,Not Available,Whole Facility Energy Consumption,Not Available,0,0,Not Available,Not Available,Not Available,Not Available,Not Available,Not Available,Not Available,1.7,Not Available,Not Available
2364102,1260 Avenue of the Americas (Bld 18) (Radio City),Not Available,Not Available,Not Available,Not Available,Not Available,Not Available,Not Available,Not Available,2013-04-24T16:42:59.000,4.0,Not Available,1083861.0,Not Available,Not Available,Not Available,Not Available,Not Available,40.75999,Not Available,Not Available,Not Available,Not Available,94,Not Available,84.3,Not Available,19-APR-13,Not Available,Not Available,Not Available,Not Available,Whole Facility Energy Consumption,Not Available,0,0,Not Available,Not Available,Not Available,Not Available,Not Available,Not Available,Not Available,102.6,Not Available,Not Available
1230053,Random House NY,Not Available,Not Available,Not Available,Not Available,Not Available,Not Available,Not Available,Not Available,2013-05-31T09:09:20.000,3.0,Not Available,1086135.0,Not Available,Not Available,Not Available,Not Available,Not Available,40.765298,Not Available,Not Available,Not Available,Not Available,271.4,Not Available,-27.1,Not Available,21-MAY-13,Not Available,Not Available,Not Available,Not Available,No Selection Made,Not Available,75,0,1096.61,Not Available,Not Available,Not Available,Not Available,Not Available,Not Available,67.3,Not Available,Not Available
2556860,153RD STREET APT. LLC,Not Available,Not Available,Not Available,Not Available,Not Available,Not Available,Not Available,Not Available,2013-02-28T13:26:35.000,7.0,Not Available,1061660.0,Not Available,Not Available,Not Available,Not Available,Not Available,40.829724,Not Available,Not Available,Not Available,Not Available,Not Available,Not Available,Not Available,Not Available,11-FEB-13,Not Available,Not Available,Not Available,Not Available,No Selection Made,Not Available,0,0,Not Available,Not Available,Not Available,Not Available,Not Available,Not Available,Not Available,4.1,Not Available,Not Available
2563011,"1350 Grand Concourse Realty, L.L.C.",Not Available,Not Available,Not Available,Not Available,Not Available,Not Available,Not Available,Not Available,2013-04-21T13:51:51.000,13.0,Not Available,2048553.0,Not Available,Not Available,Not Available,Not Available,Not Available,40.852799,Not Available,Not Available,Not Available,Not Available,Not Available,Not Available,Not Available,Not Available,08-APR-13,Not Available,Not Available,Not Available,Not Available,Whole Facility Energy Consumption,Not Available,0,0,Not Available,Not Available,Not Available,Not Available,Not Available,Not Available,Not Available,94.8,Not Available,Not Available
2598081,510 Fifth Avenue,Not Available,Not Available,Not Available,0,Not Available,Not Available,0,Not Available,2013-05-28T09:53:26.000,4.0,0.65,1034200.0,Not Available,Not Available,Not Available,Not Available,Not Available,40.753973,Not Available,78.13,Not Available,Not Available,356.4,Not Available,60.1,Not Available,27-FEB-13,Not Available,Not Available,Not Available,Not Available,No Selection Made,Not Available,14,0,Not Available,Not Available,Not Available,Not Available,Not Available,Not Available,Not Available,161.5,Not Available,Not Available
1241674,0575 Merrick,Not Available,Not Available,Not Available,Not Available,3,Not Available,Not Available,Not Available,2013-05-15T10:33:11.000,,Not Available,,Not Available,Not Available,Not Available,Not Available,Not Available,,Not Available,Not Available,Not Available,Not Available,568,Not Available,122.5,Not Available,26-APR-13,Not Available,Not Available,Not Available,Not Available,No Selection Made,Not Available,1,0,Not Available,Not Available,Not Available,Not Available,Not Available,Not Available,Not Available,430.2,Not Available,Not Available
1231058,520 Madison Avenue,Not Available,Not Available,Not Available,0.13,Not Available,Not Available,0,Not Available,2013-04-26T11:58:28.000,4.0,0.65,1035727.0,Not Available,Not Available,IT Energy is not currently metered at this facility - Apply estimates.,Not Available,Not Available,40.760107,Not Available,100,Not Available,Not Available,407.6,Not Available,-35.5,Not Available,25-APR-13,Not Available,Not Available,Not Available,Not Available,No Selection Made,Not Available,91,0,20.75,Not Available,"2007, 2008, 2010",Not Available,Not Available,Not Available,Not Available,90.5,Not Available,Not Available
2605878,17 State Street,Not Available,Not Available,Not Available,Not Available,Not Available,Not Available,Not Available,Not Available,2013-05-29T12:45:55.000,1.0,Not Available,1000020.0,Not Available,Not Available,IT Energy is not currently metered at this facility - Apply estimates.,Not Available,Not Available,40.702798,Not Available,Not Available,Not Available,Not Available,312.1,Not Available,-33.1,Not Available,28-MAY-13,7768034.1,Not Available,Not Available,Not Available,No Selection Made,Not Available,82,0,Not Available,Not Available,Not Available,Not Available,Not Available,Not Available,Not Available,80.4,Not Available,Not Available
2518219,145 E 57th St,Not Available,Not Available,Not Available,0,Not Available,Not Available,0,Not Available,2013-04-22T13:25:49.000,4.0,0.16,1036908.0,Not Available,Not Available,Not Available,Not Available,Not Available,40.760789,Not Available,100,Not Available,Not Available,290.7,Not Available,-39,Not Available,11-APR-13,Not Available,Not Available,Not Available,Not Available,Whole Facility Energy Consumption,Not Available,85,0,9.5,Not Available,Not Available,Not Available,Not Available,Not Available,Not Available,73.9,Not Available,Not Available
2590018,19 W 24,Not Available,Not Available,Not Available,Not Available,Not Available,Not Available,Not Available,Not Available,2013-05-07T16:32:56.000,3.0,Not Available,1015598.0,Not Available,Not Available,Not Available,Not Available,Not Available,40.742633,Not Available,Not Available,Not Available,Not Available,208.3,Not Available,-52.4,Not Available,16-APR-13,Not Available,Not Available,Not Available,Not Available,No Selection Made,Not Available,94,0,Not Available,No,Not Available,Not Available,Not Available,Not Available,Not Available,54.9,Not Available,Not Available
1958459,Hotel Pennsylvania,Not Available,Not Available,Not Available,Not Available,Not Available,Not Available,Not Available,Not Available,2013-05-28T09:53:26.000,3.0,Not Available,1015191.0,Not Available,Not Available,Not Available,Not Available,Not Available,40.749794,Not Available,Not Available,Not Available,Not Available,216.3,Not Available,-18.3,Not Available,19-APR-13,Not Available,Not Available,Not Available,Not Available,No Selection Made,Not Available,70,0,88.43,Not Available,Not Available,1412862,Not Available,Not Available,100,110.9,Not Available,Not Available
2604384,The Albert Apartment Corp,Not Available,Not Available,Not Available,0,Not Available,Not Available,0,Not Available,2013-05-10T09:43:41.000,2.0,0.13,1082677.0,Not Available,Not Available,Not Available,Not Available,Not Available,40.732687,Not Available,89.27,Not Available,Not Available,Not Available,Not Available,Not Available,Not Available,27-APR-13,Not Available,Not Available,Not Available,Not Available,No Selection Made,Not Available,0,0,Not Available,Not Available,Not Available,Not Available,Not Available,Not Available,Not Available,96.4,Not Available,Not Available
2535080,270 Convent Avenue,Not Available,Not Available,Not Available,Not Available,Not Available,Not Available,Not Available,Not Available,2013-05-31T19:47:41.000,9.0,Not Available,1061204.0,Not Available,Not Available,Not Available,Not Available,Not Available,40.821896,Not Available,Not Available,Not Available,Not Available,Not Available,Not Available,Not Available,Not Available,30-MAY-13,Not Available,Not Available,Not Available,Not Available,Tenant Heating; Tenant Hot Water; Common Area Heating; Common Area Hot Water,Not Available,0,0,Not Available,Not Available,Not Available,Not Available,Not Available,Not Available,Not Available,Not Available,Not Available,Not Available
2381312,ATCO- 630 Third Avenue,Not Available,Not Available,Not Available,0.98,Not Available,Not Available,0,Not Available,2013-04-26T15:36:06.000,4.0,1.12,1036149.0,Not Available,Not Available,Not Available,Not Available,Not Available,40.749798,Not Available,100,Not Available,Not Available,251.7,Not Available,-33.8,Not Available,10-APR-13,Not Available,Not Available,Not Available,Not Available,No Selection Made,Not Available,81,0,Not Available,Not Available,"2010, 2011",Not Available,Not Available,Not Available,Not Available,54,Not Available,Not Available
2345461,3201,Not Available,Not Available,Not Available,0.04,Not Available,Not Available,0,Not Available,2013-04-29T10:52:17.000,50.0,0.15,,Not Available,Not Available,Not Available,Not Available,Not Available,40.566994,Not Available,100,Not Available,Not Available,203.3,Not Available,-26.1,Not Available,10-APR-13,Not Available,Not Available,Not Available,Not Available,No Selection Made,Not Available,71,0,14.48,Not Available,Not Available,Not Available,Not Available,Not Available,Not Available,48.8,Not Available,Not Available
2430729,Trinity- 435 Hudson,Not Available,Not Available,Not Available,Not Available,Not Available,Not Available,Not Available,Not Available,2013-04-01T10:01:44.000,3.0,Not Available,1010402.0,Not Available,Not Available,IT Energy is not currently metered at this facility - Apply estimates.,Not Available,Not Available,40.730587,Not Available,Not Available,Not Available,Not Available,319.9,Not Available,-2,Not Available,28-MAR-13,Not Available,Not Available,Not Available,Not Available,No Selection Made,Not Available,52,0,15.11,Not Available,Not Available,Not Available,Not Available,Not Available,Not Available,104.5,Not Available,Not Available
1845411,110 East 59th Street,Not Available,Not Available,Not Available,Not Available,Not Available,Not Available,Not Available,Not Available,2013-04-22T14:13:50.000,4.0,Not Available,1037165.0,Not Available,Not Available,Not Available,Not Available,Not Available,40.762631,Not Available,Not Available,Not Available,Not Available,292.7,Not Available,8.9,Not Available,19-APR-13,Not Available,Not Available,Not Available,Not Available,No Selection Made,Not Available,42,0,Not Available,Not Available,Not Available,Not Available,Not Available,Not Available,Not Available,140.6,Not Available,Not Available
2586392,THE ARSENAL COMPANY LLC,Not Available,Not Available,Not Available,Not Available,Not Available,Not Available,Not Available,Not Available,2013-04-24T10:19:26.000,3.0,Not Available,1015222.0,Not Available,Not Available,Not Available,Not Available,Not Available,40.751749,Not Available,Not Available,Not Available,Not Available,261,Not Available,-35.6,Not Available,04-MAR-13,Not Available,Not Available,Not Available,Not Available,No Selection Made,Not Available,83,0,Not Available,No,2012,Not Available,Not Available,Not Available,Not Available,58.9,Not Available,Not Available
2560258,BIMC - Petrie Division,Not Available,Not Available,Not Available,Not Available,Not Available,Not Available,Not Available,Not Available,2013-04-23T16:35:03.000,2.0,Not Available,1081661.0,Not Available,Not Available,Not Available,Not Available,Not Available,40.733147,Not Available,Not Available,1,Not Available,522.8,Not Available,-6.1,Not Available,14-MAR-13,Not Available,Not Available,Not Available,Not Available,No Selection Made,Not Available,61,0,Not Available,Not Available,Not Available,Not Available,Not Available,Not Available,Not Available,214.2,0,1
1426638,40 East 52nd Street,Not Available,Not Available,Not Available,0,Not Available,Not Available,0,Not Available,2013-05-07T10:00:27.000,4.0,0.14,1076267.0,Not Available,Not Available,Uninterruptible Power Supply (UPS) supports only IT equipment. (Preferred),Not Available,Not Available,40.758814,Not Available,100,Not Available,Not Available,587.2,Not Available,-33.1,Not Available,29-APR-13,Not Available,Not Available,Not Available,Not Available,Whole Facility Energy Consumption,Not Available,91,0,22.3,Not Available,Not Available,Not Available,Not Available,Not Available,Not Available,126.5,Not Available,Not Available
2485934,AJC National Headquarters,Not Available,Not Available,Not Available,0,Not Available,Not Available,0,Not Available,2013-04-23T12:45:56.000,4.0,0.58,1036879.0,Not Available,Not Available,Not Available,Not Available,Not Available,40.759952,Not Available,100,Not Available,Not Available,261.7,There is no water use for the time period specified.,-35,Not Available,11-APR-13,Not Available,Not Available,Not Available,Not Available,Whole Facility Energy Consumption,Not Available,82,0,0,Not Available,"2010, 2011",Not Available,Not Available,Not Available,Not Available,61.5,Not Available,Not Available
2522063,20 Rock (Christie's),Not Available,Not Available,Not Available,Not Available,Not Available,Not Available,Not Available,Not Available,2013-04-26T11:56:22.000,4.0,Not Available,1077284.0,Not Available,Not Available,Not Available,Not Available,Not Available,40.758348,Not Available,Not Available,Not Available,Not Available,94,Not Available,246.8,Not Available,24-APR-13,Not Available,Not Available,Not Available,Not Available,No Selection Made,Not Available,0,0,Not Available,Not Available,Not Available,Not Available,Not Available,Not Available,Not Available,96.8,Not Available,Not Available
1796792,Deutsche Bank - Piscataway,Not Available,Not Available,Not Available,Not Available,Not Available,Not Available,Not Available,Not Available,2013-06-02T10:33:58.000,,Not Available,,Not Available,Not Available,IT Energy is not currently metered at this facility - Apply estimates.,Not Available,Not Available,,Not Available,Not Available,Not Available,Not Available,164,Not Available,Not Available,Not Available,26-MAY-13,Not Available,Not Available,Not Available,Not Available,No Selection Made,Not Available,0,0,Not Available,Not Available,Not Available,Not Available,Not Available,Not Available,Not Available,Not Available,Not Available,Not Available
2539077,Winter- 423 W 55th St,Not Available,Not Available,Not Available,0.06,Not Available,Not Available,0,Not Available,2013-04-24T15:39:54.000,3.0,0.19,1026842.0,Not Available,Not Available,IT Energy is not currently metered at this facility - Apply estimates.,Not Available,Not Available,40.766993,Not Available,100,Not Available,Not Available,164,Not Available,-4.3,Not Available,12-APR-13,Not Available,Not Available,Not Available,Not Available,No Selection Made,Not Available,0,0,Not Available,Not Available,Not Available,Not Available,Not Available,Not Available,Not Available,52,Not Available,Not Available
1560916,732 Lexington Avenue,Not Available,Not Available,Not Available,Not Available,Not Available,Not Available,Not Available,Not Available,2013-05-30T12:36:04.000,4.0,Not Available,1087267.0,130 East 59th Street,Not Available,Uninterruptible Power Supply (UPS) supports only IT equipment. (Preferred),Not Available,Not Available,40.761944,Not Available,Not Available,Not Available,Not Available,296.2,Not Available,-45.6,Not Available,28-MAY-13,Not Available,Not Available,Not Available,Not Available,No Selection Made,Not Available,92,0,18.89,Not Available,Not Available,Not Available,Not Available,Not Available,Not Available,55.1,Not Available,Not Available
1241677,0578 Inwood,Not Available,Not Available,Not Available,Not Available,12,Not Available,Not Available,Not Available,2013-05-15T10:33:11.000,,Not Available,,Not Available,Not Available,Not Available,Not Available,Not Available,,Not Available,Not Available,Not Available,Not Available,650.2,Not Available,-14.8,Not Available,26-APR-13,Not Available,Not Available,Not Available,Not Available,No Selection Made,Not Available,72,0,Not Available,Not Available,Not Available,Not Available,Not Available,Not Available,Not Available,206.3,Not Available,Not Available
2611698,Riverdale House,Not Available,Not Available,3900,Not Available,Not Available,Not Available,Not Available,0,2013-04-26T16:54:51.000,11.0,Not Available,2083984.0,Not Available,Not Available,Not Available,Not Available,Not Available,40.887497,Not Available,Not Available,Not Available,Not Available,Not Available,Not Available,Not Available,Not Available,25-APR-13,Not Available,Not Available,Not Available,Not Available,Whole Facility Energy Consumption,Not Available,0,0,Not Available,No,Not Available,Not Available,Not Available,Not Available,Not Available,76.2,Not Available,Not Available
1409173,NE - COURT SQUARE II,Not Available,Not Available,Not Available,Not Available,Not Available,Not Available,Not Available,Not Available,2013-05-31T00:35:15.000,26.0,Not Available,4539429.0,Long Island City,Not Available,IT Energy is not currently metered at this facility - Apply estimates.,Not Available,Not Available,40.747571,Not Available,Not Available,Not Available,Not Available,274.8,Not Available,-38.6,Not Available,22-APR-13,Not Available,Not Available,Not Available,Not Available,No Selection Made,Not Available,87,0,9.41,Not Available,"2009, 2010, 2011, 2012",Not Available,Not Available,Not Available,Not Available,58.4,Not Available,Not Available
2590317,Park Columbus,Not Available,Not Available,Not Available,Not Available,Not Available,Not Available,Not Available,Not Available,2013-05-15T09:13:11.000,6.0,Not Available,1031783.0,Not Available,Not Available,Not Available,Not Available,Not Available,40.783473,Not Available,Not Available,Not Available,Not Available,Not Available,Not Available,Not Available,Not Available,13-MAR-13,Not Available,Not Available,Not Available,Not Available,No Selection Made,Not Available,0,0,370.01,No,Not Available,Not Available,Not Available,Not Available,Not Available,Not Available,Not Available,Not Available
2614202,845 1st Ave,Not Available,Not Available,Not Available,Not Available,Not Available,Not Available,Not Available,Not Available,2013-05-28T17:59:58.000,4.0,Not Available,1038909.0,Not Available,Not Available,Not Available,Not Available,Not Available,40.751983,Not Available,Not Available,Not Available,Not Available,Not Available,There is no water use for the time period specified.,Not Available,Not Available,27-MAY-13,Not Available,Not Available,Not Available,Not Available,No Selection Made,Not Available,0,0,0,Not Available,Not Available,Not Available,Not Available,Not Available,Not Available,68.4,Not Available,Not Available
2612582,143-09 BARCLAY AVE,Not Available,Not Available,Not Available,Not Available,Not Available,Not Available,Not Available,Not Available,2013-05-29T12:05:35.000,20.0,Not Available,4114658.0,Not Available,Not Available,Not Available,Not Available,Not Available,40.759183,Not Available,Not Available,Not Available,Not Available,Not Available,There is no water use for the time period specified.,Not Available,Not Available,28-MAY-13,Not Available,Not Available,Not Available,Not Available,No Selection Made,Not Available,0,0,0,Not Available,Not Available,Not Available,Not Available,Not Available,Not Available,74.5,Not Available,Not Available
2383961,333 East 46th Street,Not Available,Not Available,Not Available,Not Available,Not Available,Not Available,Not Available,Not Available,2013-05-24T12:31:46.000,4.0,Not Available,1038901.0,Not Available,Not Available,Not Available,Not Available,Not Available,40.752011,Not Available,Not Available,Not Available,Not Available,Not Available,Not Available,Not Available,Not Available,15-MAY-13,Not Available,Not Available,65,Not Available,No Selection Made,Not Available,0,0,45.77,Not Available,Not Available,Not Available,Not Available,Not Available,Not Available,123.1,Not Available,Not Available
2533065,400 Fifth Avenue,Not Available,Not Available,Not Available,0,Not Available,Not Available,0,Not Available,2013-04-28T08:40:20.000,4.0,0.3,1015937.0,Not Available,Not Available,Not Available,Not Available,Not Available,40.750038,Not Available,100,Not Available,Not Available,Not Available,There is no water use for the time period specified.,Not Available,Not Available,19-APR-13,Not Available,Not Available,Not Available,Not Available,No Selection Made,Not Available,0,0,0,Not Available,Not Available,149472,Not Available,Not Available,100,95.8,Not Available,Not Available
1802295,Boston Properties- 5 Times Sq.,Not Available,Not Available,Not Available,0.14,Not Available,Not Available,0.08,Not Available,2013-04-29T08:43:41.000,3.0,0.35,1024656.0,Not Available,Not Available,Uninterruptible Power Supply (UPS) supports only IT equipment. (Preferred),Not Available,Not Available,40.755709,Not Available,100,Not Available,Not Available,352.1,Not Available,-18.6,Not Available,25-APR-13,Not Available,Not Available,Not Available,Not Available,No Selection Made,Not Available,68,0,28.54,Not Available,Not Available,Not Available,Not Available,Not Available,Not Available,100.6,Not Available,Not Available
2238727,148 Lafayette,Not Available,Not Available,Not Available,Not Available,Not Available,Not Available,Not Available,Not Available,2013-05-23T18:40:31.000,1.0,Not Available,1003051.0,Not Available,Not Available,Not Available,Not Available,Not Available,40.719526,2036.73,Not Available,Not Available,Not Available,304.9,Not Available,-36.7,Not Available,13-MAY-13,Not Available,Not Available,Not Available,Not Available,Tenant Energy Consumption Only,Not Available,84,0,7.91,Not Available,"2010, 2013",Not Available,Not Available,Not Available,Not Available,68.4,Not Available,Not Available
2611745,Towers Golf Course and Irrigation Wells,Not Available,Not Available,Not Available,Not Available,Not Available,Not Available,Not Available,Not Available,2013-05-31T22:52:03.000,23.0,Not Available,4456886.0,Not Available,Not Available,Not Available,Not Available,Not Available,40.759261,Not Available,Not Available,Not Available,Not Available,127,Not Available,2741.8,Not Available,04-APR-13,Not Available,Not Available,Not Available,Not Available,No Selection Made,Not Available,0,0,Not Available,Not Available,Not Available,Not Available,Not Available,Not Available,Not Available,1080.6,Not Available,Not Available
2564206,15 West 20th Street,Not Available,Not Available,Not Available,Not Available,Not Available,Not Available,Not Available,Not Available,2013-04-28T08:40:20.000,,Not Available,,Not Available,Not Available,Not Available,Not Available,Not Available,,Not Available,Not Available,Not Available,Not Available,Not Available,There is no water use for the time period specified.,Not Available,Not Available,16-APR-13,Not Available,Not Available,Not Available,Not Available,No Selection Made,Not Available,0,0,0,Not Available,Not Available,Not Available,Not Available,Not Available,Not Available,79.3,Not Available,Not Available
1241649,0528 Newburgh,Not Available,Not Available,Not Available,Not Available,14,Not Available,Not Available,Not Available,2013-05-15T10:33:11.000,,Not Available,,Not Available,Not Available,Not Available,Not Available,Not Available,,Not Available,Not Available,Not Available,Not Available,673.7,Not Available,-21.3,Not Available,26-APR-13,Not Available,Not Available,Not Available,Not Available,No Selection Made,Not Available,81,0,Not Available,Not Available,Not Available,Not Available,Not Available,Not Available,Not Available,192.9,Not Available,Not Available
2290685,Boston Properties- 125 West 55th Street,Not Available,Not Available,Not Available,Not Available,Not Available,Not Available,Not Available,Not Available,2013-04-29T08:43:41.000,4.0,Not Available,1076176.0,,Not Available,IT Energy is not currently metered at this facility - Apply estimates.,Not Available,Not Available,40.763514,Not Available,Not Available,Not Available,Not Available,355.5,Not Available,-32.2,Not Available,26-APR-13,Not Available,Not Available,Not Available,Not Available,No Selection Made,Not Available,82,0,18.41,Not Available,2012,Not Available,Not Available,Not Available,Not Available,80.4,Not Available,Not Available
2592527,145 Lincoln Road,Not Available,Not Available,Not Available,Not Available,Not Available,Not Available,Not Available,Not Available,2013-06-03T16:42:02.000,40.0,Not Available,3035247.0,Not Available,Not Available,Not Available,Not Available,Not Available,40.661118,Not Available,Not Available,Not Available,Not Available,Not Available,There is no water use for the time period specified.,Not Available,Not Available,30-MAY-13,Not Available,Not Available,Not Available,Not Available,Whole Facility Energy Consumption,Not Available,0,0,0,Not Available,Not Available,Not Available,Not Available,Not Available,Not Available,Not Available,Not Available,Not Available
2533061,59 John Street,Not Available,Not Available,Not Available,0,Not Available,Not Available,0,Not Available,2013-04-28T08:40:20.000,1.0,0,1001193.0,Not Available,Not Available,Not Available,Not Available,Not Available,40.7089,Not Available,100,Not Available,Not Available,Not Available,Not Available,Not Available,Not Available,25-APR-13,Not Available,Not Available,Not Available,Not Available,No Selection Made,Not Available,0,0,50.27,Not Available,Not Available,Not Available,Not Available,Not Available,Not Available,86.5,Not Available,Not Available
2614198,725 Fifth Ave.,Not Available,Not Available,Not Available,Not Available,Not Available,Not Available,Not Available,Not Available,2013-05-28T17:59:58.000,4.0,Not Available,1035794.0,Not Available,Not Available,Not Available,Not Available,Not Available,40.762508,Not Available,Not Available,Not Available,Not Available,Not Available,There is no water use for the time period specified.,Not Available,Not Available,27-MAY-13,Not Available,Not Available,Not Available,Not Available,No Selection Made,Not Available,0,0,0,Not Available,Not Available,Not Available,Not Available,Not Available,Not Available,89.8,Not Available,Not Available
1472193,Fisher - 605 3rd Avenue,Not Available,Not Available,Not Available,Not Available,Not Available,Not Available,Not Available,Not Available,2013-04-24T15:30:37.000,4.0,Not Available,1082153.0,Not Available,Not Available,IT Energy is not currently metered at this facility - Apply estimates.,Not Available,Not Available,40.749076,Not Available,Not Available,Not Available,Not Available,307.9,Not Available,-32.2,Not Available,01-APR-13,Not Available,Not Available,Not Available,Not Available,No Selection Made,Not Available,82,0,Not Available,Not Available,"2011, 2012",Not Available,Not Available,Not Available,Not Available,90.2,Not Available,Not Available
2561951,3201-13 Park Realty L.L.C.,Not Available,Not Available,Not Available,0.5,1,Not Available,0,Not Available,2013-04-21T13:51:51.000,13.0,1,2048553.0,Not Available,Not Available,Not Available,Not Available,Not Available,40.852799,Not Available,100,Not Available,Not Available,Not Available,Not Available,Not Available,Not Available,09-APR-13,Not Available,Not Available,40,Not Available,Whole Facility Energy Consumption,Not Available,0,0,Not Available,Not Available,Not Available,Not Available,Not Available,Not Available,Not Available,197.7,Not Available,Not Available
1241634,0504 Bronx,Not Available,Not Available,Not Available,Not Available,11,Not Available,Not Available,Not Available,2013-05-15T10:33:11.000,12.0,Not Available,2118946.0,Not Available,Not Available,Not Available,Not Available,Not Available,40.879864,Not Available,Not Available,Not Available,Not Available,648.8,Not Available,-8.7,Not Available,26-APR-13,Not Available,Not Available,Not Available,Not Available,No Selection Made,Not Available,63,0,Not Available,Not Available,Not Available,Not Available,Not Available,Not Available,Not Available,239.9,Not Available,Not Available
1536164,ATCO - 555 Fifth Avenue,Not Available,Not Available,Not Available,0.06,Not Available,Not Available,0.06,Not Available,2013-04-26T15:36:06.000,4.0,0.08,1035401.0,Not Available,Not Available,IT Energy is not currently metered at this facility - Apply estimates.,Not Available,Not Available,40.755801,Not Available,100,Not Available,Not Available,304.3,Not Available,-29.3,Not Available,10-APR-13,Not Available,Not Available,Not Available,Not Available,No Selection Made,Not Available,78,0,Not Available,Not Available,2010,Not Available,Not Available,Not Available,Not Available,69.7,Not Available,Not Available
1582233,1 United Nations Plaza,Not Available,Not Available,Not Available,Not Available,Not Available,Not Available,Not Available,Not Available,2013-04-18T12:21:05.000,4.0,Not Available,1038758.0,Not Available,Not Available,Not Available,Not Available,Not Available,40.750441,Not Available,Not Available,Not Available,Not Available,282,Not Available,2.7,Not Available,15-MAR-13,Not Available,Not Available,Not Available,Not Available,No Selection Made,Not Available,47,0,46.28,Not Available,Not Available,200000,Not Available,Not Available,100,121.8,Not Available,Not Available
2606281,84 Fifth Avenue,Not Available,Not Available,Not Available,0,Not Available,Not Available,0,Not Available,2013-07-26T10:36:41.000,3.0,0.10412,1015291.0,Not Available,Not Available,Not Available,Not Available,Not Available,40.736112,0,100,Not Available,Not Available,226.3,This property does not have at least one meter for the type of energy or water used in this metric calculation.,-13.3,Not Available,07/24/2013 05:25 PM EDT,Not Available,Not Available,Not Available,Not Available,Whole Building,Not Available,62,Not Available,Not Available,Not Available,Not Available,Not Available,Not Available,Not Available,Not Available,92.1,Not Available,Not Available
2559046,"Rockaway One Company11, LLC",Not Available,Not Available,26700,Not Available,Not Available,Not Available,Not Available,0,2013-04-18T11:22:43.000,,Not Available,,Not Available,Not Available,Not Available,Not Available,Not Available,,Not Available,Not Available,Not Available,Not Available,Not Available,Not Available,Not Available,Not Available,14-MAR-13,Not Available,Not Available,Not Available,Not Available,No Selection Made,Not Available,0,0,Not Available,Not Available,Not Available,Not Available,Not Available,Not Available,Not Available,55.9,Not Available,Not Available
2610158,Research and Learning Center,Not Available,Not Available,Not Available,Not Available,Not Available,Not Available,Not Available,Not Available,2013-04-01T16:18:00.000,11.0,Not Available,2084004.0,Not Available,Not Available,IT Energy is not currently metered at this facility - Apply estimates.,Not Available,Not Available,40.886091,Not Available,Not Available,Not Available,Not Available,144,Not Available,8.9,Not Available,22-MAR-13,Not Available,Not Available,Not Available,Not Available,No Selection Made,Not Available,0,0,Not Available,Not Available,Not Available,Not Available,Not Available,Not Available,Not Available,52.6,Not Available,Not Available
2610542,Rodless Properties LP EAST BLK 10352 LOT 89,0,Not Available,Not Available,Not Available,Not Available,Not Available,Not Available,Not Available,2013-04-26T10:31:03.000,27.0,Not Available,4220567.0,Not Available,Not Available,Not Available,Not Available,Not Available,40.709522,Not Available,Not Available,Not Available,Not Available,43.7,Not Available,182.4,Not Available,19-APR-13,Not Available,Not Available,Not Available,0,Whole Facility Energy Consumption,Not Available,2,0,Not Available,Not Available,Not Available,Not Available,Not Available,Not Available,Not Available,90.3,Not Available,Not Available
2383143,70 Remsen Street,Not Available,Not Available,Not Available,Not Available,Not Available,Not Available,Not Available,Not Available,2013-05-24T12:31:46.000,33.0,Not Available,3002201.0,Not Available,Not Available,Not Available,Not Available,Not Available,40.694403,Not Available,Not Available,Not Available,Not Available,Not Available,Not Available,Not Available,Not Available,15-MAY-13,Not Available,Not Available,Not Available,Not Available,No Selection Made,Not Available,0,0,45.52,No,Not Available,Not Available,Not Available,Not Available,Not Available,74.8,Not Available,Not Available
2595885,3130 Grand Concourse Coop/Condo,Not Available,Not Available,Not Available,Not Available,Not Available,Not Available,Not Available,Not Available,2013-04-29T09:35:38.000,11.0,Not Available,2017347.0,Not Available,Not Available,Not Available,Not Available,Not Available,40.875123,Not Available,Not Available,Not Available,Not Available,Not Available,Not Available,Not Available,Not Available,13-APR-13,Not Available,Not Available,Not Available,Not Available,No Selection Made,Not Available,0,0,78.08,No,Not Available,Not Available,Not Available,Not Available,Not Available,88.8,Not Available,Not Available
2598578,CBRE- 292 Madison,Not Available,Not Available,Not Available,Not Available,Not Available,Not Available,Not Available,Not Available,2013-04-24T15:23:56.000,4.0,Not Available,1035322.0,Not Available,Not Available,Not Available,Not Available,Not Available,40.75189,Not Available,Not Available,Not Available,Not Available,275.6,Not Available,-27.3,Not Available,09-APR-13,Not Available,Not Available,Not Available,Not Available,No Selection Made,Not Available,76,0,Not Available,Not Available,2012,Not Available,Not Available,Not Available,Not Available,97.5,Not Available,Not Available
1463679,770 Broadway,Not Available,Not Available,Not Available,0,Not Available,Not Available,0,Not Available,2013-05-28T09:53:26.000,2.0,0.69,1008952.0,Not Available,Not Available,IT Energy is not currently metered at this facility - Apply estimates.,Not Available,Not Available,40.730842,Not Available,40,Not Available,Not Available,319.8,Not Available,-35,Not Available,22-APR-13,Not Available,Not Available,Not Available,Not Available,No Selection Made,Not Available,83,0,12.74,Not Available,2008,Not Available,Not Available,Not Available,Not Available,82.7,Not Available,Not Available
2240788,TSBA,0,Not Available,Not Available,Not Available,Not Available,Not Available,Not Available,Not Available,2013-03-14T09:55:15.000,26.0,Not Available,4000795.0,Not Available,Not Available,Not Available,Not Available,Not Available,40.749499,Not Available,Not Available,Not Available,Not Available,257.5,Not Available,0.1,Not Available,11-MAR-13,Not Available,Not Available,Not Available,0,No Selection Made,Not Available,49,0,Not Available,Not Available,Not Available,Not Available,Not Available,Not Available,Not Available,104.2,Not Available,Not Available
2610981,SURFSIDE MANOR,Not Available,Not Available,Not Available,Not Available,Not Available,Not Available,Not Available,Not Available,2013-04-12T08:29:02.000,32.0,Not Available,4303677.0,Not Available,0,Not Available,Not Available,100,40.585512,Not Available,Not Available,Not Available,Not Available,248,Not Available,Not Available,Not Available,10-APR-13,Not Available,Not Available,Not Available,Not Available,No Selection Made,Not Available,0,0,Not Available,Not Available,Not Available,Not Available,Not Available,20,Not Available,Not Available,Not Available,Not Available
2592027,Westleigh Company LLC,Not Available,Not Available,Not Available,Not Available,Not Available,Not Available,Not Available,Not Available,2013-04-23T11:00:04.000,25.0,Not Available,4035564.0,Not Available,Not Available,Not Available,Not Available,Not Available,40.75201,Not Available,Not Available,Not Available,Not Available,Not Available,Not Available,Not Available,Not Available,18-APR-13,Not Available,Not Available,Not Available,Not Available,No Selection Made,Not Available,0,0,Not Available,Not Available,Not Available,Not Available,Not Available,Not Available,Not Available,Not Available,Not Available,Not Available
2598016,175 West 12th Street Corporation,Not Available,Not Available,Not Available,3.4,Not Available,Not Available,0,Not Available,2013-05-10T09:43:41.000,3.0,1.7,1067315.0,Not Available,Not Available,Not Available,Not Available,Not Available,40.736853,Not Available,75,Not Available,Not Available,Not Available,Not Available,Not Available,Not Available,17-APR-13,Not Available,Not Available,40,Not Available,No Selection Made,Not Available,0,0,Not Available,Not Available,Not Available,Not Available,Not Available,Not Available,Not Available,105.4,Not Available,Not Available
2562923,2114 Aqueduct Realty L.L.C.,Not Available,Not Available,Not Available,Not Available,Not Available,Not Available,Not Available,Not Available,2013-04-21T13:51:51.000,13.0,Not Available,2048553.0,Not Available,Not Available,Not Available,Not Available,Not Available,40.852799,Not Available,Not Available,Not Available,Not Available,Not Available,Not Available,Not Available,Not Available,09-APR-13,Not Available,Not Available,Not Available,Not Available,Whole Facility Energy Consumption,Not Available,0,0,Not Available,Not Available,Not Available,Not Available,Not Available,Not Available,Not Available,109.6,Not Available,Not Available
2598414,51 West 81st Street Corporation,Not Available,Not Available,Not Available,0,Not Available,Not Available,0,Not Available,2013-05-10T09:43:41.000,6.0,0.3,1031134.0,Not Available,Not Available,Not Available,Not Available,Not Available,40.782649,Not Available,100,Not Available,Not Available,Not Available,Not Available,Not Available,Not Available,27-APR-13,Not Available,Not Available,Not Available,Not Available,No Selection Made,Not Available,0,0,Not Available,Not Available,Not Available,Not Available,Not Available,Not Available,Not Available,45.1,Not Available,Not Available
2503315,660,Not Available,Not Available,Not Available,Not Available,Not Available,Not Available,Not Available,Not Available,2013-05-07T17:31:32.000,4.0,Not Available,1022549.0,Not Available,Not Available,Not Available,Not Available,Not Available,40.746031,Not Available,Not Available,Not Available,Not Available,387.8,Not Available,33.7,Not Available,14-FEB-13,Not Available,Not Available,120,Not Available,No Selection Made,Not Available,20,0,17.78,Not Available,Not Available,Not Available,Not Available,Not Available,Not Available,183.1,Not Available,Not Available
2506977,Brave Front Corp.,Not Available,Not Available,Not Available,Not Available,Not Available,Not Available,Not Available,Not Available,2013-04-19T09:06:52.000,8.0,Not Available,2002993.0,Not Available,Not Available,Not Available,Not Available,Not Available,40.830975,Not Available,Not Available,Not Available,Not Available,Not Available,Less than 1 year of data<br>,Not Available,Not Available,05-APR-13,Not Available,Not Available,Not Available,Not Available,Whole Facility Energy Consumption,Not Available,0,0,101.99,Not Available,Not Available,Not Available,Not Available,Not Available,Not Available,117.6,Not Available,Not Available
