address_1,alert_meter_has_gaps,energy_star_certification_5,district_chilled_water_use,other_weekly_operating_hours,residence_hall_dormitory,green_power_onsite_kwh,avoided_emissions_offsite,multifamily_housing_gross,retail_store_percent_that,laboratory_gross_floor_area,generation_date,multifamily_housing_number_1,retail_store_walk_in,convenience_store_without,college_university_number,green_power_offsite_kwh,national_median_total_ghg,fuel_oil_no_5_and_no_6_cost,estimated_data_flag_district,fuel_oil_no_4_cost,hotel_gross_floor_area_ft,financial_office_gross_floor,financial_office_weekly,enclosed_mall_gross_floor,electricity_use_generated,office_computer_density_number,municipally_supplied_potable_2,postcode,diesel_2_use_kbtu,propane_use_kbtu,egrid_output_emissions_rate,museum_gross_floor_area_ft,percent_of_total_electricity,energy_cost_intensity_ft,source_eui_kbtu_ft,latitude,indirect_ghg_emissions_metric,other_number_of_computers,water_use_all_water_sources,site_eui_kbtu_ft,medical_office_weekly,parking_gross_floor_area,retail_store_number_of_open,district_hot_water_use_kbtu,veterinary_office_gross_floor,hospital_general_medical_10,date_property_last_modified,multifamily_housing_number_2,alert_gross_floor_area_is,weather_normalized_source_1,energy_star_certification_4,city,office_number_of_computers,number_of_buildings,percent_of_recs_retained,national_median_source_energy,adult_education_gross_floor,refrigerated_warehouse_gross,hotel_gym_fitness_center,weather_normalized_site_2
300 Riverside Drive,Ok,No,Not Available,Not Available,Not Available,Not Available,0,204525,Not Available,Not Available,2015-07-31T14:52:20.000,57,Not Available,Not Available,Not Available,0,1038.9,Not Available,Not Available,Not Available,Not Available,Not Available,Not Available,Not Available,Not Available,Not Available,Not Available,10025,Not Available,Not Available,82.9,Not Available,Not Available,Not Available,78.4,40.799781,157.3,Not Available,Not Available,56.2,Not Available,Not Available,Not Available,Not Available,Not Available,Not Available,09/03/2014 11:19 PM EDT,18,Ok,Not Available,Not Available,New York,Not Available,1,Not Available,24968208,Not Available,Not Available,Not Available,95978.3
30 Vesey Street,Ok,No,Not Available,Not Available,Not Available,Not Available,0,Not Available,100,Not Available,2015-05-01T17:06:00.000,Not Available,0,Not Available,Not Available,0,946.8,Not Available,No,Not Available,Not Available,Not Available,Not Available,Not Available,Not Available,2,592.3,10007,Not Available,Not Available,82.9,Not Available,Not Available,Not Available,49164.4,40.711977,208644.5,Not Available,592.3,40798.6,Not Available,Not Available,0,Not Available,Not Available,Not Available,09/03/2014 11:19 PM EDT,Not Available,Ok,3445055718,Not Available,New York,144,1,Not Available,17177929.5,Not Available,Not Available,Not Available,Not Available
1010 Sherman Avenue,Ok,No,Not Available,Not Available,Not Available,Not Available,Not Available,80000,Not Available,Not Available,2015-05-01T17:22:03.000,0,Not Available,Not Available,Not Available,Not Available,309.5,Not Available,Not Available,Not Available,Not Available,Not Available,Not Available,Not Available,Not Available,Not Available,Not Available,10456,Not Available,Not Available,82.9,Not Available,Not Available,Not Available,Not Available,40.829613,Not Available,Not Available,Not Available,Not Available,Not Available,Not Available,Not Available,Not Available,Not Available,Not Available,03/03/2015 03:46 PM EST,10,Ok,Not Available,Not Available,Bronx,Not Available,1,Not Available,10234415.1,Not Available,Not Available,Not Available,Not Available
61-32 224 ST,Ok,No,Not Available,Not Available,Not Available,Not Available,Not Available,12150,Not Available,Not Available,2015-04-30T11:04:42.000,Not Available,Not Available,Not Available,Not Available,Not Available,47,Not Available,Not Available,Not Available,Not Available,Not Available,Not Available,Not Available,Not Available,Not Available,Not Available,11364,Not Available,Not Available,82.9,Not Available,Not Available,Not Available,Not Available,40.749026,Not Available,Not Available,Not Available,Not Available,Not Available,Not Available,Not Available,Not Available,Not Available,Not Available,04/29/2015 12:49 PM EDT,Not Available,Ok,Not Available,Not Available,Oakland Gardens,Not Available,1,Not Available,1554351.8,Not Available,Not Available,Not Available,11247.9
1265-1269 Olmstead Ave,Ok,No,Not Available,Not Available,Not Available,Not Available,0,92628,Not Available,Not Available,2015-05-18T14:10:51.000,5,Not Available,Not Available,Not Available,0,530.5,Not Available,Not Available,Not Available,Not Available,Not Available,Not Available,Not Available,Not Available,Not Available,6778.6,10462,Not Available,Not Available,82.9,Not Available,Not Available,Not Available,121.7,40.833162,92.5,Not Available,6778.6,91.9,Not Available,Not Available,Not Available,Not Available,Not Available,Not Available,09/03/2014 11:20 PM EDT,0,Ok,11025625,Not Available,Bronx,Not Available,1,Not Available,12315884.7,Not Available,Not Available,Not Available,71474.2
130 East 75th Street,Ok,No,Not Available,Not Available,Not Available,Not Available,0,133557,100,Not Available,2015-07-31T14:52:34.000,92,0,Not Available,Not Available,0,740.7,73902.32,Not Available,Not Available,Not Available,Not Available,Not Available,Not Available,Not Available,Not Available,Not Available,10021,Not Available,Not Available,82.9,Not Available,Not Available,Not Available,79.7,40.772627,201.7,Not Available,Not Available,42.3,65,Not Available,0,Not Available,Not Available,Not Available,05/01/2015 10:28 PM EDT,8,Ok,Not Available,Not Available,New York,Not Available,1,Not Available,17945791,Not Available,Not Available,Not Available,1913.6
192-24 64 Circle,Ok,No,Not Available,Not Available,Not Available,Not Available,0,42000,Not Available,Not Available,2015-04-24T12:08:26.000,Not Available,Not Available,Not Available,Not Available,0,201.7,Not Available,Not Available,Not Available,Not Available,Not Available,Not Available,Not Available,Not Available,Not Available,Not Available,11365,Not Available,Not Available,82.9,Not Available,Not Available,1.51,204.9,40.739053,80,Not Available,Not Available,149.4,Not Available,Not Available,Not Available,Not Available,Not Available,Not Available,04/15/2015 04:41 PM EDT,Not Available,Ok,8615220.4,Not Available,Fresh Meadows,Not Available,1,Not Available,4793022.4,Not Available,Not Available,Not Available,53088.3
84 Fifth Avenue,Ok,No,Not Available,Not Available,Not Available,Not Available,0,Not Available,100,Not Available,2015-04-30T12:38:27.000,Not Available,0,Not Available,Not Available,0,1011.2,Not Available,Not Available,Not Available,Not Available,Not Available,Not Available,Not Available,Not Available,1.37831,Not Available,10011,Not Available,Not Available,82.9,Not Available,Not Available,1.51,109,40.736112,235.1,Not Available,Not Available,58.9,Not Available,Not Available,0,Not Available,Not Available,Not Available,04/15/2015 04:45 PM EDT,Not Available,Ok,13195987.9,Not Available,New York,160,1,Not Available,28989224.6,Not Available,Not Available,Not Available,40905.4
47-59 Vandam street,Ok,No,Not Available,Not Available,Not Available,Not Available,0,Not Available,Not Available,Not Available,2015-04-28T15:24:12.000,Not Available,Not Available,Not Available,Not Available,0,280.9,Not Available,Not Available,Not Available,Not Available,Not Available,Not Available,Not Available,Not Available,Not Available,306.5,10013,Not Available,Not Available,82.9,Not Available,Not Available,1.15,80.5,40.726475,268.6,Not Available,306.5,40.2,Not Available,Not Available,Not Available,Not Available,Not Available,Not Available,09/03/2014 11:20 PM EDT,Not Available,Ok,13430201.3,Not Available,New York,Not Available,1,Not Available,8427811.5,Not Available,Not Available,Not Available,31825.5
733  Third  Avenue,Ok,No,Not Available,Not Available,Not Available,Not Available,0,Not Available,Not Available,Not Available,2015-04-30T10:24:53.000,Not Available,Not Available,Not Available,Not Available,0,3715.3,Not Available,No,Not Available,Not Available,Not Available,Not Available,Not Available,Not Available,4.41284,Not Available,10017,Not Available,Not Available,82.9,Not Available,Not Available,Not Available,220.7,40.753074,2731.4,Not Available,Not Available,100.6,Not Available,Not Available,Not Available,Not Available,Not Available,Not Available,09/03/2014 11:15 PM EDT,Not Available,Ok,77965782,Not Available,Manhattan,1600,1,Not Available,108844204.5,Not Available,Not Available,Not Available,Not Available
189-02 64 Ave,Ok,No,Not Available,Not Available,Not Available,Not Available,0,20000,Not Available,Not Available,2015-04-24T12:08:26.000,Not Available,Not Available,Not Available,Not Available,0,350.9,Not Available,Not Available,Not Available,Not Available,Not Available,Not Available,Not Available,Not Available,Not Available,Not Available,11365,Not Available,Not Available,82.9,Not Available,Not Available,13.91,2022.9,40.739623,376.4,Not Available,Not Available,1474.9,Not Available,Not Available,Not Available,Not Available,Not Available,Not Available,04/15/2015 04:41 PM EDT,Not Available,Ok,40442111.4,Not Available,Fresh Meadows,Not Available,1,Not Available,8340017.9,Not Available,Not Available,Not Available,249607.2
115 East 90th Street,Ok,No,Not Available,Not Available,Not Available,Not Available,0,55061,Not Available,Not Available,2015-07-31T14:52:21.000,10,Not Available,Not Available,Not Available,0,297.4,Not Available,Not Available,Not Available,Not Available,Not Available,Not Available,Not Available,Not Available,Not Available,Not Available,10128,Not Available,Not Available,82.9,Not Available,Not Available,Not Available,80.2,40.782432,61.7,Not Available,Not Available,49.9,Not Available,Not Available,Not Available,Not Available,Not Available,Not Available,09/03/2014 11:19 PM EDT,4,Ok,Not Available,Not Available,New York,Not Available,1,Not Available,7329021.8,Not Available,Not Available,Not Available,14731.3
800 Ave H,Ok,No,Not Available,Not Available,Not Available,Not Available,0,77400,Not Available,Not Available,2015-04-29T17:48:32.000,0,Not Available,Not Available,Not Available,0,394.7,Not Available,Not Available,Not Available,Not Available,Not Available,Not Available,Not Available,Not Available,Not Available,Not Available,11230,Not Available,Not Available,82.9,Not Available,Not Available,Not Available,114.5,40.62924,60.4,Not Available,Not Available,90.3,Not Available,Not Available,Not Available,Not Available,Not Available,Not Available,09/03/2014 11:20 PM EDT,5,Ok,8620701.3,Not Available,Brooklyn,Not Available,1,Not Available,8900854.7,Not Available,Not Available,Not Available,60359.6
599 Lexington,Ok,No,Not Available,Not Available,Not Available,Not Available,0,Not Available,Not Available,Not Available,2015-04-17T07:50:17.000,Not Available,Not Available,Not Available,Not Available,0,8599.8,Not Available,No,Not Available,Not Available,Not Available,Not Available,Not Available,Not Available,3.94309,25607,10022,Not Available,Not Available,82.9,Not Available,Not Available,Not Available,213.8,,6301.8,Not Available,25607,68.1,Not Available,Not Available,Not Available,Not Available,Not Available,Not Available,10/29/2014 12:49 PM EDT,Not Available,Ok,238702947.4,Not Available,New York,4400,1,Not Available,325573335.5,Not Available,Not Available,Not Available,Not Available
43-22,Ok,No,Not Available,Not Available,Not Available,Not Available,0,61950,Not Available,Not Available,2015-04-28T16:41:41.000,Not Available,Not Available,Not Available,Not Available,0,239.6,Not Available,Not Available,Not Available,Not Available,Not Available,Not Available,Not Available,Not Available,Not Available,Not Available,11104,Not Available,Not Available,82.9,Not Available,Not Available,Not Available,Not Available,,50.8,Not Available,Not Available,Not Available,Not Available,Not Available,Not Available,Not Available,Not Available,Not Available,09/03/2014 11:20 PM EDT,1,Ok,Not Available,Not Available,Sunnyside,Not Available,1,Not Available,7925275.2,Not Available,Not Available,Not Available,Not Available
388 GREENWICH STREET,Ok,Yes,Not Available,Not Available,Not Available,Not Available,0,Not Available,Not Available,Not Available,2015-04-30T17:00:45.000,Not Available,Not Available,Not Available,Not Available,0,16329.9,Not Available,No,Not Available,Not Available,Not Available,Not Available,Not Available,Not Available,3.7085,32420.4,10013,Not Available,Not Available,82.9,Not Available,Not Available,Not Available,202.6,40.720659,11343.2,Not Available,32420.4,78.8,Not Available,Not Available,Not Available,Not Available,Not Available,Not Available,11/21/2014 02:10 PM EST,Not Available,Ok,378737772.7,Not Available,NEW YORK,6934,1,Not Available,538998951.7,Not Available,Not Available,Not Available,24679.9
87-20 175th Street,Ok,No,Not Available,Not Available,Not Available,Not Available,0,73313,Not Available,Not Available,2015-04-28T09:58:32.000,0,Not Available,Not Available,Not Available,0,367.8,Not Available,Not Available,Not Available,Not Available,Not Available,Not Available,Not Available,Not Available,Not Available,3337.8,11432,Not Available,Not Available,82.9,Not Available,Not Available,Not Available,128.4,40.711332,93.3,Not Available,3337.8,91.7,Not Available,Not Available,Not Available,Not Available,Not Available,Not Available,09/03/2014 11:20 PM EDT,8,Ok,9203011.6,Not Available,Jamaica,Not Available,1,Not Available,8860106.7,Not Available,Not Available,Not Available,54519.6
64-45 188 St,Ok,No,Not Available,Not Available,Not Available,Not Available,0,48000,Not Available,Not Available,2015-04-24T12:08:25.000,Not Available,Not Available,Not Available,Not Available,0,248.4,Not Available,Not Available,Not Available,Not Available,Not Available,Not Available,Not Available,Not Available,Not Available,Not Available,11365,Not Available,Not Available,82.9,Not Available,Not Available,1.26,201.4,40.737168,89.9,Not Available,Not Available,146.9,Not Available,Not Available,Not Available,Not Available,Not Available,Not Available,04/15/2015 04:41 PM EDT,Not Available,Ok,9604461.8,Not Available,Fresh Meadows,Not Available,1,Not Available,5905037.6,Not Available,Not Available,Not Available,59649.6
108-110 West 107th street,Ok,No,Not Available,Not Available,Not Available,Not Available,0,Not Available,Not Available,Not Available,2015-04-28T15:24:12.000,Not Available,Not Available,Not Available,Not Available,0,159.5,Not Available,Not Available,Not Available,Not Available,Not Available,Not Available,Not Available,Not Available,Not Available,Not Available,10025,Not Available,Not Available,82.9,Not Available,Not Available,1.29,73.3,40.800158,193.1,Not Available,84.2,29.1,Not Available,Not Available,Not Available,Not Available,Not Available,Not Available,09/03/2014 11:20 PM EDT,Not Available,Ok,8120299,Not Available,New York,Not Available,1,Not Available,5419806.2,Not Available,Not Available,Not Available,8254.2
303 East 43rd Street,Ok,No,Not Available,Not Available,Not Available,Not Available,0,117055,100,Not Available,2015-07-31T14:52:32.000,0,0,Not Available,Not Available,0,577.3,Not Available,Not Available,Not Available,Not Available,Not Available,Not Available,Not Available,Not Available,Not Available,Not Available,10017,Not Available,Not Available,82.9,Not Available,Not Available,Not Available,137.7,40.750359,241.3,Not Available,Not Available,83.2,Not Available,Not Available,0,Not Available,Not Available,Not Available,09/03/2014 11:19 PM EDT,6,Ok,16132417.9,Not Available,New York,Not Available,1,Not Available,15467399.4,Not Available,Not Available,Not Available,67371.5
725 Fifth Ave.,Ok,No,Not Available,Not Available,Not Available,Not Available,0,549320,Not Available,Not Available,2015-04-30T14:19:36.000,526,Not Available,Not Available,Not Available,0,5171.3,Not Available,No,Not Available,Not Available,Not Available,Not Available,Not Available,Not Available,10.3188,Not Available,10022,Not Available,Not Available,82.9,Not Available,Not Available,0.95,210.8,40.762508,5386.2,Not Available,Not Available,89.1,Not Available,Not Available,Not Available,Not Available,Not Available,Not Available,04/15/2015 04:36 PM EDT,20,Ok,168915491.6,Not Available,New York,2647,1,Not Available,160827372.8,Not Available,Not Available,Not Available,14122.9
255 East 49th Street,Ok,No,Not Available,Not Available,Not Available,Not Available,0,193589,100,Not Available,2015-07-31T14:52:22.000,20,0,Not Available,Not Available,0,936.7,Not Available,Not Available,Not Available,Not Available,Not Available,Not Available,Not Available,Not Available,Not Available,Not Available,10022,Not Available,Not Available,82.9,Not Available,Not Available,Not Available,106.3,40.754696,411.9,Not Available,Not Available,53.1,Not Available,Not Available,0,Not Available,Not Available,Not Available,09/03/2014 11:19 PM EDT,10,Ok,Not Available,Not Available,New York,Not Available,1,Not Available,24406642.1,Not Available,Not Available,Not Available,6941.1
20 West 55th Street Ent,Ok,No,Not Available,Not Available,Not Available,Not Available,0,Not Available,Not Available,Not Available,2015-04-30T13:49:01.000,Not Available,Not Available,Not Available,Not Available,0,481.3,Not Available,No,Not Available,Not Available,Not Available,Not Available,Not Available,Not Available,2,Not Available,10019,Not Available,Not Available,82.9,Not Available,Not Available,5.52,267.2,40.762042,564.4,Not Available,Not Available,94.3,Not Available,Not Available,Not Available,Not Available,Not Available,Not Available,04/15/2015 04:44 PM EDT,Not Available,Ok,19772187.8,Not Available,New York,149.05,1,Not Available,16979482.6,Not Available,Not Available,Not Available,Not Available
42-41 201st Street,Ok,No,Not Available,Not Available,Not Available,Not Available,0,Not Available,Not Available,Not Available,2015-03-27T11:02:43.000,Not Available,Not Available,Not Available,Not Available,0,2657.5,Not Available,Not Available,Not Available,Not Available,Not Available,Not Available,Not Available,Not Available,Not Available,17313.7,11361,Not Available,Not Available,82.9,Not Available,Not Available,2.19,314.8,40.758999,1188.1,Not Available,17313.7,203.2,Not Available,Not Available,Not Available,Not Available,Not Available,Not Available,09/03/2014 11:20 PM EDT,Not Available,Ok,92559845.4,Not Available,Bayside,Not Available,1,Not Available,68345430.3,Not Available,Not Available,Not Available,450674.6
144-45 35 Ave,Ok,No,Not Available,Not Available,Not Available,Not Available,0,129650,Not Available,Not Available,2015-04-30T11:04:37.000,Not Available,Not Available,Not Available,Not Available,0,756.5,Not Available,Not Available,Not Available,Not Available,Not Available,Not Available,Not Available,Not Available,Not Available,Not Available,11354,Not Available,Not Available,82.9,Not Available,Not Available,0,128.9,40.765965,140,Not Available,Not Available,96.8,Not Available,Not Available,Not Available,Not Available,Not Available,Not Available,04/15/2015 04:35 PM EDT,Not Available,Ok,16708672.6,Not Available,Flushing,Not Available,1,Not Available,17626677.1,Not Available,Not Available,Not Available,108665
103 JOHN STREET,Ok,No,Not Available,Not Available,Not Available,Not Available,0,Not Available,Not Available,Not Available,2015-04-29T15:49:27.000,Not Available,Not Available,Not Available,Not Available,0,2918.9,Not Available,No,Not Available,Not Available,Not Available,Not Available,Not Available,Not Available,4.5017,Not Available,10038,Not Available,Not Available,82.9,Not Available,Not Available,Not Available,196.6,40.707833,1948,Not Available,Not Available,86.3,Not Available,Not Available,Not Available,Not Available,Not Available,Not Available,04/29/2015 03:47 PM EDT,Not Available,Ok,57030380.2,Not Available,NEW YORK,1345,1,Not Available,88004785.5,Not Available,Not Available,Not Available,Not Available
3085-3097 Brighton 13th St.,Ok,No,Not Available,Not Available,Not Available,Not Available,0,66993,100,Not Available,2015-05-18T14:10:53.000,0,0.43478,Not Available,Not Available,0,415.4,Not Available,Not Available,Not Available,Not Available,Not Available,Not Available,Not Available,Not Available,Not Available,Not Available,11235,Not Available,Not Available,82.9,Not Available,Not Available,Not Available,117.4,40.578455,73.6,Not Available,Not Available,87.6,Not Available,Not Available,5,Not Available,Not Available,Not Available,09/03/2014 11:20 PM EDT,0,Ok,7903064.4,Not Available,Brooklyn,Not Available,1,Not Available,9158906,Not Available,Not Available,Not Available,42338
522 West End Ave,Ok,No,Not Available,Not Available,Not Available,Not Available,0,80328,Not Available,Not Available,2015-04-30T14:09:57.000,18,Not Available,Not Available,Not Available,0,539.5,Not Available,Not Available,Not Available,Not Available,Not Available,Not Available,Not Available,Not Available,Not Available,Not Available,10024,Not Available,Not Available,82.9,Not Available,Not Available,Not Available,102.3,40.788406,90.2,Not Available,Not Available,72.6,Not Available,Not Available,Not Available,Not Available,Not Available,Not Available,09/03/2014 11:20 PM EDT,5,Ok,7934613.8,Not Available,New York,Not Available,1,Not Available,10088389.2,Not Available,Not Available,Not Available,1488.5
50 W 57th St,Ok,No,Not Available,Not Available,Not Available,Not Available,0,Not Available,100,Not Available,2015-04-30T19:13:24.000,Not Available,0.2289,Not Available,Not Available,0,774.6,Not Available,No,Not Available,Not Available,Not Available,Not Available,Not Available,Not Available,2,5025.2,10019,Not Available,Not Available,82.9,Not Available,Not Available,Not Available,219.5,40.763639,434.2,Not Available,5025.2,100.5,Not Available,Not Available,18,Not Available,Not Available,Not Available,09/03/2014 11:19 PM EDT,Not Available,Ok,16150652.2,Not Available,New York,123.94,1,Not Available,23617751.3,Not Available,Not Available,Not Available,19888.5
1841 Broadway,Ok,No,Not Available,Not Available,Not Available,Not Available,0,Not Available,Not Available,Not Available,2015-04-19T16:03:01.000,Not Available,Not Available,Not Available,Not Available,0,1096.4,Not Available,Not Available,Not Available,Not Available,Not Available,Not Available,Not Available,Not Available,2,5051.6,10023,Not Available,Not Available,82.9,Not Available,Not Available,Not Available,265.1,40.769158,540.7,Not Available,5051.6,141.4,Not Available,Not Available,Not Available,Not Available,Not Available,Not Available,09/03/2014 11:20 PM EDT,Not Available,Ok,29050082.4,Not Available,New York,211.15,1,Not Available,27176376.1,Not Available,Not Available,Not Available,13173.9
940 Park Ave,Ok,No,Not Available,Not Available,Not Available,Not Available,0,64058,Not Available,Not Available,2015-04-30T14:10:04.000,28,Not Available,Not Available,Not Available,0,379.4,Not Available,Not Available,Not Available,Not Available,Not Available,Not Available,Not Available,Not Available,Not Available,Not Available,10028,Not Available,Not Available,82.9,Not Available,Not Available,0,132.2,40.777194,116,Not Available,Not Available,84.8,Not Available,Not Available,Not Available,Not Available,Not Available,Not Available,09/03/2014 11:20 PM EDT,0,Ok,8167421.3,Not Available,New York,Not Available,1,Not Available,7769214.7,Not Available,Not Available,Not Available,836.6
350 E 77 Street,Ok,No,Not Available,Not Available,Not Available,Not Available,0,66162,Not Available,Not Available,2015-04-30T14:09:51.000,0,Not Available,Not Available,Not Available,0,523.7,Not Available,Not Available,Not Available,Not Available,Not Available,Not Available,Not Available,Not Available,Not Available,Not Available,10075,Not Available,Not Available,82.9,Not Available,Not Available,Not Available,118.2,40.771508,86.2,Not Available,3067,84.2,Not Available,Not Available,Not Available,Not Available,Not Available,Not Available,09/03/2014 11:20 PM EDT,6,Ok,7603338,Not Available,New York,Not Available,1,Not Available,9792387,Not Available,Not Available,Not Available,1925.5
2 South Pinehurst Avenue,Ok,No,Not Available,Not Available,Not Available,Not Available,0,62000,Not Available,Not Available,2015-04-14T10:47:29.000,Not Available,Not Available,Not Available,Not Available,0,357.9,Not Available,Not Available,Not Available,Not Available,Not Available,Not Available,Not Available,Not Available,Not Available,Not Available,10033,Not Available,Not Available,82.9,Not Available,Not Available,0.61,83,40.847544,13.4,Not Available,Not Available,73.8,Not Available,Not Available,Not Available,Not Available,Not Available,Not Available,09/03/2014 11:20 PM EDT,Not Available,Ok,4900599.9,Not Available,New York,Not Available,1,Not Available,7426574.8,Not Available,Not Available,Not Available,41827.5
200 Hudson Street,Ok,No,Not Available,Not Available,Not Available,Not Available,0,Not Available,Not Available,Not Available,2015-04-29T11:46:11.000,Not Available,Not Available,Not Available,Not Available,0,4121.1,267849.07,Not Available,Not Available,Not Available,Not Available,Not Available,Not Available,Not Available,7.03242,Not Available,10013,Not Available,Not Available,82.9,Not Available,Not Available,Not Available,160.4,40.722992,1099.3,Not Available,Not Available,74.8,Not Available,Not Available,Not Available,Not Available,Not Available,Not Available,09/03/2014 11:19 PM EDT,Not Available,Ok,52324556.2,Not Available,New York,2200,1,Not Available,111310861.4,Not Available,Not Available,Not Available,116.8
33 Liberty Street,Ok,No,Not Available,168,Not Available,Not Available,0,Not Available,Not Available,Not Available,2015-04-30T18:17:53.000,Not Available,Not Available,Not Available,Not Available,0,8147.1,Not Available,No,Not Available,Not Available,Not Available,Not Available,Not Available,Not Available,2.98247,Not Available,10045,Not Available,Not Available,82.9,Not Available,Not Available,4.91,262.7,40.708157,7941,0,Not Available,125.1,40,Not Available,Not Available,Not Available,Not Available,Not Available,09/03/2014 11:18 PM EDT,Not Available,Ok,225276879.1,Not Available,New York,2391,1,Not Available,231678470.8,Not Available,Not Available,Not Available,18685.6
299 Park Avenue,Ok,No,Not Available,Not Available,Not Available,Not Available,0,Not Available,Not Available,Not Available,2015-04-17T14:47:27.000,Not Available,Not Available,Not Available,Not Available,0,10681.9,Not Available,No,Not Available,Not Available,910915,65,Not Available,Not Available,2.17659,Not Available,10016,Not Available,Not Available,82.9,Not Available,Not Available,2.44,255.3,40.756456,10529.8,Not Available,Not Available,107.9,Not Available,Not Available,Not Available,Not Available,Not Available,Not Available,09/03/2014 11:18 PM EDT,Not Available,Ok,324534802.7,Not Available,New York,800,1,Not Available,331064902.7,Not Available,Not Available,Not Available,Not Available
825 Eighth Ave,Ok,No,Not Available,Not Available,Not Available,Not Available,0,Not Available,Not Available,Not Available,2015-04-10T09:54:09.000,Not Available,Not Available,Not Available,Not Available,0,15372.6,Not Available,No,Not Available,Not Available,Not Available,Not Available,Not Available,Not Available,3.24787,Not Available,10019,Not Available,Not Available,82.9,Not Available,Not Available,Not Available,210,40.762074,11346.5,Not Available,Not Available,79.8,Not Available,Not Available,Not Available,Not Available,Not Available,Not Available,09/03/2014 11:17 PM EDT,Not Available,Ok,379776153.9,Not Available,New York,5927,1,Not Available,515504259.7,Not Available,Not Available,Not Available,15818.3
2 Avenue of the Americas,Ok,No,Not Available,Not Available,Not Available,Not Available,0,Not Available,Not Available,Not Available,2015-04-24T11:56:54.000,Not Available,Not Available,Not Available,Not Available,0,893.3,Not Available,No,Not Available,132689,Not Available,Not Available,Not Available,Not Available,Not Available,12076.1,10013,Not Available,Not Available,82.9,Not Available,Not Available,Not Available,345.9,40.719128,1358.2,Not Available,12076.1,144,Not Available,Not Available,Not Available,Not Available,Not Available,Not Available,09/03/2014 11:20 PM EDT,Not Available,Ok,45789260.1,Not Available,New York,Not Available,1,Not Available,28376385.6,Not Available,Not Available,625,16352
80 Wall Street,Ok,No,Not Available,Not Available,Not Available,Not Available,0,Not Available,Not Available,Not Available,2015-04-24T11:40:01.000,Not Available,Not Available,Not Available,Not Available,0,1034,Not Available,No,Not Available,Not Available,Not Available,Not Available,Not Available,Not Available,1.95657,Not Available,10005,Not Available,Not Available,82.9,Not Available,Not Available,Not Available,62.1,40.705456,286.6,Not Available,Not Available,37.9,Not Available,Not Available,Not Available,Not Available,Not Available,Not Available,09/03/2014 11:18 PM EDT,Not Available,Ok,Not Available,Not Available,New York,210.82,1,Not Available,24154182.5,Not Available,Not Available,Not Available,Not Available
40 Central Park South,Ok,No,Not Available,53.27,Not Available,Not Available,0,181221,Not Available,Not Available,2015-04-29T12:51:27.000,50,Not Available,Not Available,Not Available,0,1187.4,435360.62,Not Available,Not Available,Not Available,Not Available,Not Available,Not Available,Not Available,Not Available,15267.1,10019,Not Available,Not Available,82.9,Not Available,Not Available,Not Available,271.4,40.765086,748.8,23,15267.1,175.9,Not Available,Not Available,Not Available,Not Available,Not Available,Not Available,04/09/2015 07:42 AM EDT,10,Ok,55151426.4,Not Available,NY,Not Available,1,Not Available,25014967.5,Not Available,Not Available,Not Available,65084.4
55 East 59th Street,Ok,No,Not Available,Not Available,Not Available,Not Available,0,Not Available,100,Not Available,2015-04-29T14:58:03.000,Not Available,0,Not Available,Not Available,0,2234.7,Not Available,No,Not Available,Not Available,Not Available,Not Available,Not Available,Not Available,3.0081,4875.5,10022,Not Available,Not Available,82.9,Not Available,Not Available,Not Available,207.7,40.763336,1619.9,Not Available,4875.5,72.1,Not Available,Not Available,0,Not Available,Not Available,Not Available,10/14/2014 02:33 PM EDT,Not Available,Ok,61556952.2,Not Available,New York,859,1,Not Available,80615015.2,Not Available,Not Available,Not Available,15679.2
3130 Grand Concourse,Ok,No,Not Available,Not Available,Not Available,Not Available,0,150135,Not Available,Not Available,2015-04-25T13:59:13.000,Not Available,Not Available,Not Available,Not Available,0,969.5,Not Available,Not Available,Not Available,Not Available,Not Available,Not Available,Not Available,Not Available,Not Available,12095.8,10458,Not Available,Not Available,82.9,Not Available,Not Available,Not Available,140,40.875123,229.8,Not Available,12095.8,99.5,Not Available,Not Available,Not Available,Not Available,Not Available,Not Available,09/03/2014 11:20 PM EDT,Not Available,Ok,20952559.5,Not Available,Bronx,Not Available,0,Not Available,17983690.5,Not Available,Not Available,Not Available,5927.4
570 Riverside Drive,Ok,No,Not Available,Not Available,Not Available,Not Available,0,Not Available,Not Available,Not Available,2015-04-28T15:24:12.000,Not Available,Not Available,Not Available,Not Available,0,133.2,Not Available,Not Available,Not Available,Not Available,Not Available,Not Available,Not Available,Not Available,Not Available,Not Available,10031,Not Available,Not Available,82.9,Not Available,Not Available,1.26,82.2,40.82073,141.5,Not Available,Not Available,39,Not Available,Not Available,Not Available,Not Available,Not Available,Not Available,09/03/2014 11:20 PM EDT,Not Available,Ok,6870302.5,Not Available,New York,Not Available,1,Not Available,4114276.6,Not Available,Not Available,Not Available,14335.6
45 Broadway,Ok,No,Not Available,Not Available,Not Available,Not Available,0,Not Available,Not Available,Not Available,2015-04-26T12:41:39.000,Not Available,Not Available,Not Available,Not Available,0,2824.5,Not Available,No,Not Available,Not Available,Not Available,Not Available,Not Available,Not Available,2,Not Available,10006,Not Available,Not Available,82.9,Not Available,Not Available,0.89,250.1,40.706397,2708.1,Not Available,Not Available,94.5,Not Available,Not Available,Not Available,Not Available,Not Available,Not Available,04/15/2015 04:36 PM EDT,Not Available,Ok,91613764.3,Not Available,New York,736.61,1,Not Available,95182910.2,Not Available,Not Available,Not Available,4782.6
220 East 73rd Street,Ok,No,Not Available,Not Available,Not Available,Not Available,0,97677,Not Available,Not Available,2015-07-31T14:52:37.000,0,Not Available,Not Available,Not Available,0,638.9,Not Available,Not Available,125320.36,Not Available,Not Available,Not Available,Not Available,Not Available,Not Available,Not Available,10021,Not Available,Not Available,82.9,Not Available,Not Available,Not Available,122.4,40.770148,155.5,Not Available,Not Available,80.7,Not Available,Not Available,Not Available,Not Available,Not Available,Not Available,09/03/2014 11:19 PM EDT,12,Ok,11915068.6,Not Available,New York,Not Available,1,Not Available,12648052.3,Not Available,Not Available,Not Available,1608.5
37 WEST 47th STREET,Ok,No,Not Available,Not Available,Not Available,Not Available,0,Not Available,Not Available,Not Available,2015-04-23T09:21:32.000,Not Available,Not Available,Not Available,Not Available,0,856.4,Not Available,Not Available,531.05,Not Available,Not Available,Not Available,Not Available,Not Available,1.92266,Not Available,10036,Not Available,Not Available,82.9,Not Available,Not Available,0.01,187.3,40.75722,407.8,Not Available,2905.6,83.1,Not Available,Not Available,Not Available,Not Available,Not Available,Not Available,04/23/2015 09:20 AM EDT,Not Available,Ok,18697020.9,Not Available,NEW YORK,195,1,Not Available,24529082,Not Available,Not Available,Not Available,3913.8
1049 Fifth Avenue,Ok,No,Not Available,Not Available,Not Available,Not Available,0,157307,Not Available,Not Available,2015-07-31T14:52:51.000,90,Not Available,Not Available,Not Available,0,3232,Not Available,No,Not Available,Not Available,Not Available,Not Available,Not Available,Not Available,Not Available,Not Available,10028,Not Available,Not Available,82.9,Not Available,Not Available,Not Available,128.3,40.781149,3154.3,Not Available,Not Available,41.2,65,Not Available,Not Available,Not Available,Not Available,Not Available,09/03/2014 11:19 PM EDT,0,Ok,21516049.9,Not Available,New York,Not Available,1,Not Available,22013634,Not Available,Not Available,Not Available,868.3
130 Barrow Street,Ok,No,Not Available,Not Available,Not Available,Not Available,0,102932,Not Available,Not Available,2015-07-31T14:52:10.000,192,Not Available,Not Available,Not Available,0,526.6,Not Available,Not Available,Not Available,Not Available,Not Available,Not Available,Not Available,Not Available,Not Available,Not Available,10014,Not Available,Not Available,82.9,Not Available,Not Available,Not Available,145.9,40.731926,170.9,Not Available,Not Available,99.1,Not Available,Not Available,Not Available,Not Available,Not Available,Not Available,05/01/2015 12:44 PM EDT,0,Ok,14482728.5,Not Available,New York,Not Available,1,Not Available,13109884,Not Available,Not Available,Not Available,76298.5
1114 Avenue of the Americas,Ok,No,Not Available,Not Available,Not Available,Not Available,0,Not Available,Not Available,Not Available,2015-04-20T11:13:08.000,Not Available,Not Available,Not Available,Not Available,0,15508.2,Not Available,No,Not Available,Not Available,3784,65,Not Available,Not Available,3.75318,25552.3,10036,Not Available,Not Available,82.9,Not Available,Not Available,Not Available,244.2,40.755352,12495.3,Not Available,28464.4,107.7,Not Available,20204,Not Available,Not Available,Not Available,Not Available,09/03/2014 11:16 PM EDT,Not Available,Ok,372244793.6,Not Available,New York,5700,1,Not Available,465976466.6,Not Available,Not Available,Not Available,Not Available
450 Park Avenue,Ok,No,Not Available,Not Available,Not Available,Not Available,0,Not Available,Not Available,Not Available,2015-04-30T10:59:29.000,Not Available,Not Available,Not Available,Not Available,0,3383.8,Not Available,No,Not Available,Not Available,Not Available,Not Available,Not Available,Not Available,5.54652,Not Available,10022,Not Available,Not Available,82.9,Not Available,Not Available,5.44,294.3,40.761396,3131.6,Not Available,11600.5,127.2,Not Available,Not Available,Not Available,Not Available,Not Available,Not Available,04/29/2015 10:48 AM EDT,Not Available,Ok,94865524.3,Not Available,New York,1800,1,Not Available,103209844.2,Not Available,Not Available,Not Available,Not Available
50-35 56th Road,Ok,No,Not Available,Not Available,Not Available,Not Available,0,Not Available,Not Available,Not Available,2015-04-20T13:47:32.000,Not Available,Not Available,Not Available,Not Available,0,583.2,Not Available,Not Available,Not Available,Not Available,Not Available,Not Available,Not Available,Not Available,Not Available,583.5,11378,Not Available,Not Available,82.9,Not Available,Not Available,Not Available,180,40.725509,219.2,Not Available,583.5,130.9,Not Available,Not Available,Not Available,Not Available,Not Available,Not Available,09/03/2014 11:20 PM EDT,Not Available,Ok,21987152.5,Not Available,Maspeth,Not Available,1,Not Available,13882496.3,Not Available,Not Available,Not Available,131495.1
184-60 Jamaica Ave,Ok,No,Not Available,Not Available,Not Available,Not Available,0,Not Available,Not Available,Not Available,2015-04-28T16:19:06.000,Not Available,Not Available,Not Available,Not Available,0,466.9,Not Available,Not Available,Not Available,Not Available,Not Available,Not Available,Not Available,Not Available,Not Available,Not Available,11423,Not Available,Not Available,82.9,Not Available,Not Available,Not Available,61.7,40.709522,215.3,Not Available,Not Available,40.8,Not Available,Not Available,Not Available,Not Available,Not Available,Not Available,02/13/2015 03:18 PM EST,Not Available,Ok,16998289.6,Not Available,Hollis,Not Available,1,Not Available,11829203.9,Not Available,Not Available,Not Available,84253
169 E 78 Street,Ok,No,Not Available,Not Available,Not Available,Not Available,0,54683,Not Available,Not Available,2015-04-30T14:09:42.000,4,Not Available,Not Available,Not Available,0,294.8,Not Available,Not Available,Not Available,Not Available,Not Available,Not Available,Not Available,Not Available,Not Available,Not Available,10075,Not Available,Not Available,82.9,Not Available,Not Available,Not Available,94.3,40.773947,66.2,Not Available,1087.7,62.3,Not Available,Not Available,Not Available,Not Available,Not Available,Not Available,09/03/2014 11:20 PM EDT,6,Ok,5262358.9,Not Available,New York,Not Available,1,Not Available,6460640.5,Not Available,Not Available,Not Available,11933.6
681 Fifth Avenue,Ok,No,Not Available,Not Available,Not Available,Not Available,0,Not Available,Not Available,Not Available,2015-05-01T11:50:24.000,Not Available,Not Available,Not Available,Not Available,0,256.5,Not Available,Not Available,Not Available,Not Available,Not Available,Not Available,Not Available,Not Available,0.49948,Not Available,10022,Not Available,Not Available,82.9,Not Available,Not Available,3.99,210.7,40.760757,297.1,Not Available,Not Available,82,Not Available,Not Available,Not Available,Not Available,Not Available,Not Available,09/03/2014 11:19 PM EDT,Not Available,Ok,12543759.5,Not Available,New York,30,1,Not Available,8815045.4,Not Available,Not Available,Not Available,12322.1
100 Central Park South,Ok,No,Not Available,Not Available,Not Available,Not Available,0,100840,Not Available,Not Available,2015-04-30T14:19:36.000,9,Not Available,Not Available,Not Available,0,543.9,Not Available,No,Not Available,Not Available,Not Available,Not Available,Not Available,Not Available,Not Available,Not Available,10019,Not Available,Not Available,82.9,Not Available,Not Available,3.18,144.8,40.765802,548.4,Not Available,Not Available,80.6,Not Available,Not Available,Not Available,Not Available,Not Available,Not Available,04/15/2015 04:36 PM EDT,7,Ok,14132331.9,Not Available,New York,Not Available,1,Not Available,13819714,Not Available,Not Available,Not Available,5038.1
147 MADISON AVENUE,Ok,No,Not Available,Not Available,Not Available,Not Available,0,Not Available,Not Available,Not Available,2015-04-23T09:21:33.000,Not Available,Not Available,Not Available,Not Available,0,1220.7,Not Available,Not Available,Not Available,Not Available,Not Available,Not Available,Not Available,Not Available,2.06925,Not Available,10016,Not Available,Not Available,82.9,Not Available,Not Available,Not Available,198.7,40.746286,466.6,Not Available,1457.6,100.1,Not Available,Not Available,Not Available,Not Available,Not Available,Not Available,04/23/2015 09:18 AM EDT,Not Available,Ok,23596500,Not Available,NEW YORK,254,1,Not Available,30746035.9,Not Available,Not Available,Not Available,25.2
555 West 18th Street,Ok,No,Not Available,Not Available,Not Available,Not Available,0,Not Available,Not Available,Not Available,2015-05-19T15:53:42.000,Not Available,Not Available,Not Available,Not Available,0,1478.3,Not Available,Not Available,Not Available,Not Available,Not Available,Not Available,Not Available,Not Available,2.98378,2478.5,10011,Not Available,Not Available,82.9,Not Available,Not Available,Not Available,282.5,40.745134,1113.8,Not Available,2478.5,116,Not Available,Not Available,Not Available,Not Available,Not Available,Not Available,09/03/2014 11:20 PM EDT,Not Available,Ok,48712804.1,Not Available,New York,521,1,Not Available,49406250.2,Not Available,Not Available,Not Available,62321.5
12-16 Vestry Street,Ok,No,Not Available,Not Available,Not Available,Not Available,0,Not Available,Not Available,Not Available,2015-04-29T11:46:11.000,Not Available,Not Available,Not Available,Not Available,0,392.9,Not Available,Not Available,Not Available,Not Available,Not Available,Not Available,Not Available,Not Available,2.89686,Not Available,10013,Not Available,Not Available,82.9,Not Available,Not Available,Not Available,132.4,40.722564,195.1,Not Available,Not Available,50.3,Not Available,Not Available,Not Available,Not Available,Not Available,Not Available,04/24/2015 11:30 AM EDT,Not Available,Ok,8177413,Not Available,New York,179,1,Not Available,13663317.9,Not Available,Not Available,Not Available,7540.4
199 Water Street,Ok,No,Not Available,Not Available,Not Available,Not Available,0,Not Available,100,Not Available,2015-04-28T15:12:27.000,Not Available,0.06356,Not Available,Not Available,0,8202.8,Not Available,No,Not Available,Not Available,Not Available,Not Available,Not Available,Not Available,3.32769,Not Available,10038,Not Available,Not Available,82.9,Not Available,Not Available,Not Available,166,40.70727,4972.2,Not Available,Not Available,65.1,Not Available,19490,8,Not Available,Not Available,Not Available,09/03/2014 11:17 PM EDT,Not Available,Ok,162383411.5,Not Available,New York,3186,1,Not Available,268944865,Not Available,Not Available,Not Available,6736.7
200  East  42nd  St.,Ok,No,Not Available,Not Available,Not Available,Not Available,0,Not Available,100,Not Available,2015-04-30T10:24:51.000,Not Available,0,Not Available,Not Available,0,4055.1,Not Available,No,Not Available,Not Available,Not Available,Not Available,Not Available,Not Available,4.52453,Not Available,10017,Not Available,Not Available,82.9,Not Available,Not Available,Not Available,186.8,40.750698,2453.3,Not Available,Not Available,85.3,Not Available,Not Available,2,Not Available,Not Available,Not Available,09/03/2014 11:15 PM EDT,Not Available,Ok,70781242.6,Not Available,Manhattan,1650,1,Not Available,118724578,Not Available,Not Available,Not Available,Not Available
420 West 206th Street,Ok,No,Not Available,Not Available,Not Available,Not Available,Not Available,78000,Not Available,Not Available,2015-05-01T17:22:03.000,0,Not Available,Not Available,Not Available,Not Available,301.7,Not Available,Not Available,Not Available,Not Available,Not Available,Not Available,Not Available,Not Available,Not Available,Not Available,10034,Not Available,Not Available,82.9,Not Available,Not Available,Not Available,Not Available,40.863241,Not Available,Not Available,Not Available,Not Available,Not Available,Not Available,Not Available,Not Available,Not Available,Not Available,03/03/2015 03:48 PM EST,9,Ok,Not Available,Not Available,New York,Not Available,1,Not Available,9978554.7,Not Available,Not Available,Not Available,Not Available
20-33 thru 20-39 Seagirt Blvd,Ok,No,Not Available,Not Available,Not Available,Not Available,0,143441,Not Available,Not Available,2015-04-30T20:49:47.000,0,Not Available,Not Available,Not Available,0,554.9,Not Available,Not Available,Not Available,Not Available,Not Available,Not Available,Not Available,Not Available,Not Available,Not Available,11691,Not Available,Not Available,82.9,Not Available,Not Available,Not Available,Not Available,,38,Not Available,Not Available,Not Available,Not Available,26700,Not Available,Not Available,Not Available,Not Available,02/27/2015 04:02 PM EST,6,Ok,Not Available,Not Available,Far Rockaway,Not Available,1,Not Available,18350434.1,Not Available,Not Available,Not Available,Not Available
410 WEST 53RD STREET,Ok,No,Not Available,Not Available,Not Available,Not Available,0,166518,Not Available,Not Available,2015-04-30T15:18:22.000,Not Available,Not Available,Not Available,Not Available,0,1092.7,Not Available,Not Available,Not Available,Not Available,Not Available,Not Available,Not Available,Not Available,Not Available,Not Available,10019,Not Available,Not Available,82.9,Not Available,Not Available,Not Available,165.9,40.765623,422.1,Not Available,6823,99.7,Not Available,Not Available,Not Available,Not Available,Not Available,Not Available,09/03/2014 11:19 PM EDT,29,Ok,27093484.5,Not Available,NEW YORK,Not Available,1,Not Available,23575649.3,Not Available,Not Available,Not Available,3821.1
915 Broadway,Ok,No,Not Available,110,Not Available,Not Available,0,Not Available,Not Available,Not Available,2015-04-29T11:55:02.000,Not Available,Not Available,Not Available,Not Available,0,2271.8,Not Available,Not Available,Not Available,Not Available,Not Available,Not Available,Not Available,Not Available,2.85057,Not Available,10010,Not Available,Not Available,82.9,Not Available,Not Available,Not Available,136.5,40.739644,687.4,3,3594,64.6,Not Available,Not Available,Not Available,Not Available,Not Available,Not Available,09/03/2014 11:20 PM EDT,Not Available,Ok,33173788.6,Not Available,New York,647,1,Not Available,61606436.9,Not Available,Not Available,Not Available,5765.1
520 East 76th Street,Ok,No,Not Available,Not Available,Not Available,Not Available,0,86786,Not Available,Not Available,2015-07-31T14:52:17.000,0,Not Available,Not Available,Not Available,0,652.3,Not Available,Not Available,Not Available,Not Available,Not Available,Not Available,Not Available,Not Available,Not Available,Not Available,10021,Not Available,Not Available,82.9,Not Available,Not Available,Not Available,186.8,40.769146,171.6,Not Available,Not Available,134.5,Not Available,Not Available,Not Available,Not Available,Not Available,Not Available,09/03/2014 11:19 PM EDT,10,Ok,Not Available,Not Available,New York,Not Available,1,Not Available,11916293.6,Not Available,Not Available,Not Available,3505.7
555 Park Ave,Ok,No,Not Available,Not Available,Not Available,Not Available,0,95603,Not Available,Not Available,2015-04-30T14:09:34.000,25,Not Available,Not Available,Not Available,0,468.5,Not Available,Not Available,Not Available,Not Available,Not Available,Not Available,Not Available,Not Available,Not Available,6214.1,10065,Not Available,Not Available,82.9,Not Available,Not Available,0,155.3,40.764543,226.1,Not Available,6214.1,91.2,Not Available,Not Available,Not Available,Not Available,Not Available,Not Available,09/03/2014 11:19 PM EDT,0,Ok,14451004,Not Available,New York,Not Available,1,Not Available,12782072,Not Available,Not Available,Not Available,55763.3
67-89 224 STREET,Ok,No,Not Available,Not Available,Not Available,Not Available,Not Available,10875,Not Available,Not Available,2015-04-30T11:04:42.000,Not Available,Not Available,Not Available,Not Available,Not Available,42.1,Not Available,Not Available,Not Available,Not Available,Not Available,Not Available,Not Available,Not Available,Not Available,Not Available,11364,Not Available,Not Available,82.9,Not Available,Not Available,Not Available,Not Available,40.745253,Not Available,Not Available,Not Available,Not Available,Not Available,Not Available,Not Available,Not Available,Not Available,Not Available,04/29/2015 01:04 PM EDT,Not Available,Ok,Not Available,Not Available,Oakland Gardens,Not Available,1,Not Available,1391240.8,Not Available,Not Available,Not Available,11920
1775 Broadway,Ok,No,Not Available,80,Not Available,Not Available,0,Not Available,Not Available,Not Available,2015-04-29T14:43:35.000,Not Available,Not Available,Not Available,Not Available,0,5489.4,Not Available,Not Available,Not Available,Not Available,13220,65,Not Available,Not Available,2.43742,6557.4,10106,Not Available,Not Available,82.9,Not Available,Not Available,Not Available,180.6,40.766492,2755.7,2,6557.4,79.4,Not Available,Not Available,Not Available,Not Available,Not Available,Not Available,04/16/2015 04:11 PM EDT,Not Available,Ok,125692665.5,Not Available,New York,1688,1,Not Available,176861475.5,Not Available,Not Available,Not Available,203401.3
1919 Williamsbridge Road,Ok,No,Not Available,Not Available,Not Available,Not Available,0,65320,100,Not Available,2015-04-30T20:45:48.000,22,0,Not Available,Not Available,0,528,Not Available,Not Available,0,Not Available,Not Available,Not Available,Not Available,Not Available,Not Available,Not Available,10461,Not Available,Not Available,82.9,Not Available,Not Available,Not Available,108.9,40.852799,48.3,Not Available,Not Available,89.3,Not Available,Not Available,2,Not Available,Not Available,Not Available,09/03/2014 11:19 PM EDT,0,Ok,7006582.2,Not Available,Bronx,Not Available,0,Not Available,8509276.5,Not Available,Not Available,Not Available,972
2011 Ocean Avenue,Ok,No,Not Available,Not Available,Not Available,Not Available,0,61000,Not Available,Not Available,2015-05-18T14:10:46.000,0,Not Available,Not Available,Not Available,0,364.8,Not Available,Not Available,Not Available,Not Available,Not Available,Not Available,Not Available,Not Available,Not Available,3500.9,11230,Not Available,Not Available,82.9,Not Available,Not Available,Not Available,106.4,40.612703,69.1,Not Available,3500.9,74.4,Not Available,Not Available,Not Available,Not Available,Not Available,Not Available,09/03/2014 11:20 PM EDT,8,Ok,6418761.4,Not Available,Brooklyn,Not Available,1,Not Available,8522101.5,Not Available,Not Available,Not Available,30892.3
5700 Avenue D,Ok,No,Not Available,Not Available,Not Available,Not Available,0,Not Available,Not Available,Not Available,2015-04-18T12:29:49.000,Not Available,Not Available,Not Available,Not Available,0,518.5,Not Available,Not Available,Not Available,Not Available,Not Available,Not Available,Not Available,Not Available,Not Available,Not Available,11203,Not Available,Not Available,82.9,Not Available,Not Available,Not Available,29.2,40.642627,118.1,Not Available,83.1,13.6,Not Available,Not Available,Not Available,Not Available,Not Available,Not Available,09/03/2014 11:20 PM EDT,Not Available,Ok,5801296.3,Not Available,Brooklyn,Not Available,1,Not Available,16163870.8,Not Available,Not Available,Not Available,12661.4
808 Broadway,Ok,No,Not Available,Not Available,Not Available,Not Available,0,104722,Not Available,Not Available,2015-04-30T14:10:02.000,0,Not Available,Not Available,Not Available,0,383.4,Not Available,Not Available,Not Available,Not Available,Not Available,Not Available,Not Available,Not Available,Not Available,Not Available,10003,Not Available,Not Available,82.9,Not Available,Not Available,0,107.9,40.732621,227.7,Not Available,Not Available,50.5,Not Available,Not Available,Not Available,Not Available,Not Available,Not Available,09/03/2014 11:20 PM EDT,15,Ok,11040179.3,Not Available,New York,Not Available,1,Not Available,11930947.2,Not Available,Not Available,Not Available,24389.3
30 East 9th Street,Ok,No,Not Available,Not Available,Not Available,Not Available,0,212372,100,Not Available,2015-07-31T14:52:23.000,0,0,Not Available,Not Available,0,1022.4,49025.55,Not Available,Not Available,Not Available,7700,65,Not Available,Not Available,Not Available,Not Available,10003,Not Available,Not Available,82.9,Not Available,Not Available,Not Available,89.1,40.731976,427.5,Not Available,Not Available,41.2,Not Available,Not Available,0,Not Available,Not Available,Not Available,05/01/2015 10:42 PM EDT,26,Ok,Not Available,Not Available,New York,Not Available,1,Not Available,29798778.8,Not Available,Not Available,Not Available,22433.3
9 Prospect Park W,Ok,No,Not Available,Not Available,Not Available,Not Available,0,120000,Not Available,Not Available,2015-04-30T14:10:03.000,0,Not Available,Not Available,Not Available,0,1017.5,Not Available,Not Available,Not Available,Not Available,Not Available,Not Available,Not Available,Not Available,Not Available,Not Available,11215,Not Available,Not Available,82.9,Not Available,Not Available,0,97.2,40.671777,95.9,Not Available,2637.5,73.7,Not Available,Not Available,Not Available,Not Available,Not Available,Not Available,09/03/2014 11:20 PM EDT,10,Ok,11257157.9,Not Available,Brooklyn,Not Available,1,Not Available,22760829.3,Not Available,Not Available,Not Available,64564.8
53 WEST 23RD STREET,Ok,No,Not Available,Not Available,Not Available,Not Available,0,Not Available,100,Not Available,2015-04-27T20:57:17.000,Not Available,0,Not Available,Not Available,0,2246,Not Available,Not Available,Not Available,Not Available,Not Available,Not Available,Not Available,Not Available,1.86071,Not Available,10010,Not Available,Not Available,82.9,Not Available,Not Available,Not Available,144.7,40.742266,908.3,Not Available,4244.9,59,Not Available,Not Available,0,Not Available,Not Available,Not Available,11/17/2014 01:57 PM EST,Not Available,Ok,Not Available,Not Available,NEW YORK,390,1,Not Available,68455525.1,Not Available,Not Available,Not Available,Not Available
9502 ROCKAWAY BEACH BLVD,Ok,No,Not Available,Not Available,Not Available,Not Available,0,Not Available,Not Available,Not Available,2015-04-15T10:24:55.000,Not Available,Not Available,Not Available,Not Available,0,456.8,Not Available,Not Available,Not Available,Not Available,Not Available,Not Available,Not Available,Not Available,Not Available,5972.2,11693,Not Available,Not Available,82.9,Not Available,Not Available,Not Available,132.4,40.585512,136.7,Not Available,5972.2,82.3,Not Available,Not Available,Not Available,Not Available,Not Available,Not Available,04/15/2015 09:38 AM EDT,Not Available,Ok,Not Available,Not Available,ROCKAWAY BEACH,Not Available,1,Not Available,12026499.4,Not Available,Not Available,Not Available,Not Available
200 East 84th Street,Ok,No,Not Available,Not Available,Not Available,Not Available,0,132469,100,Not Available,2015-07-31T14:52:04.000,36,0,Not Available,Not Available,0,691.8,Not Available,Not Available,Not Available,Not Available,Not Available,Not Available,Not Available,Not Available,Not Available,Not Available,10028,Not Available,Not Available,82.9,Not Available,Not Available,Not Available,140.7,40.777357,283.8,Not Available,Not Available,84.7,Not Available,Not Available,0,Not Available,Not Available,Not Available,05/04/2015 05:05 PM EDT,20,Ok,19197705.5,Not Available,New York,Not Available,1,Not Available,18082985.2,Not Available,Not Available,Not Available,70752.2
406-426 East 62nd street,Ok,No,Not Available,Not Available,Not Available,Not Available,0,Not Available,Not Available,Not Available,2015-04-28T15:24:12.000,Not Available,Not Available,Not Available,Not Available,0,274.5,Not Available,Not Available,Not Available,Not Available,Not Available,Not Available,Not Available,Not Available,Not Available,188.3,10065,Not Available,Not Available,82.9,Not Available,Not Available,1.27,90.1,40.761302,394.7,Not Available,233.2,36.8,Not Available,Not Available,Not Available,Not Available,Not Available,Not Available,03/30/2015 11:28 AM EDT,Not Available,Ok,16895209.9,Not Available,New York,Not Available,1,Not Available,9197670.9,Not Available,Not Available,Not Available,19667
70 Remsen Street,Ok,No,Not Available,Not Available,Not Available,Not Available,0,72050,Not Available,Not Available,2015-07-31T14:52:00.000,4,Not Available,Not Available,Not Available,0,367.6,Not Available,Not Available,Not Available,Not Available,Not Available,Not Available,Not Available,Not Available,Not Available,Not Available,11201,Not Available,Not Available,82.9,Not Available,Not Available,Not Available,55.4,40.694403,83.8,Not Available,Not Available,25.2,Not Available,Not Available,Not Available,Not Available,Not Available,Not Available,05/01/2015 06:49 PM EDT,12,Ok,Not Available,Not Available,Brooklyn,Not Available,1,Not Available,10513047.3,Not Available,Not Available,Not Available,1829.3
9 East 37th Street,Ok,No,Not Available,Not Available,Not Available,Not Available,0,Not Available,Not Available,Not Available,2015-04-29T11:55:02.000,Not Available,Not Available,Not Available,Not Available,0,514.1,Not Available,Not Available,Not Available,Not Available,Not Available,Not Available,Not Available,Not Available,2.74797,956.4,10016,Not Available,Not Available,82.9,Not Available,Not Available,Not Available,148.9,40.750013,191.3,Not Available,956.4,72.4,Not Available,Not Available,Not Available,Not Available,Not Available,Not Available,09/03/2014 11:20 PM EDT,Not Available,Ok,9353473.2,Not Available,New York,169,1,Not Available,13670720.3,Not Available,Not Available,Not Available,Not Available
1669-75 University Avenue,Ok,No,Not Available,Not Available,Not Available,Not Available,0,98718,Not Available,Not Available,2015-04-27T14:21:03.000,0,Not Available,Not Available,Not Available,0,570.9,Not Available,Not Available,Not Available,Not Available,Not Available,Not Available,Not Available,Not Available,Not Available,6766.9,10453,Not Available,Not Available,82.9,Not Available,Not Available,Not Available,110.3,40.848568,111.7,Not Available,6766.9,77.8,Not Available,Not Available,Not Available,Not Available,Not Available,Not Available,04/16/2015 12:20 PM EDT,12,Ok,10543886.7,Not Available,Bronx,Not Available,1,Not Available,13859027.6,Not Available,Not Available,Not Available,60130.6
1001 6 Ave,Ok,No,Not Available,Not Available,Not Available,Not Available,0,Not Available,Not Available,Not Available,2015-04-29T11:55:01.000,Not Available,Not Available,Not Available,Not Available,0,1755.8,Not Available,No,Not Available,Not Available,12397,40,Not Available,Not Available,2.46954,Not Available,10018,Not Available,Not Available,82.9,Not Available,Not Available,Not Available,228.6,40.751842,1675,Not Available,Not Available,93.7,Not Available,Not Available,Not Available,Not Available,Not Available,Not Available,09/03/2014 11:20 PM EDT,Not Available,Ok,52469025.5,Not Available,New York,538,1,Not Available,55677050.7,Not Available,Not Available,Not Available,Not Available
245 West 99th Street,Ok,No,Not Available,Not Available,Not Available,Not Available,0,169233,100,Not Available,2015-07-31T14:52:53.000,138,0,Not Available,Not Available,0,1008.1,Not Available,Not Available,Not Available,Not Available,Not Available,Not Available,Not Available,Not Available,Not Available,Not Available,10025,Not Available,Not Available,82.9,Not Available,Not Available,Not Available,183.5,40.796754,678.5,Not Available,Not Available,86.5,Not Available,Not Available,0,Not Available,Not Available,Not Available,09/03/2014 11:20 PM EDT,5,Ok,33147110.6,Not Available,New York,Not Available,1,Not Available,31268981.4,Not Available,Not Available,Not Available,74096.3
151 E 85th St,Ok,No,Not Available,Not Available,Not Available,Not Available,0,357973,100,Not Available,2015-04-30T19:13:25.000,136,0,Not Available,Not Available,0,1925.3,Not Available,Not Available,Not Available,Not Available,Not Available,Not Available,Not Available,Not Available,Not Available,1088.1,10028,Not Available,Not Available,82.9,Not Available,Not Available,Not Available,183.9,40.778653,2159.7,Not Available,1088.1,60.8,Not Available,Not Available,0,Not Available,Not Available,Not Available,04/30/2015 07:09 PM EDT,0,Ok,83539118.8,Not Available,New York,Not Available,0,Not Available,71617073.6,Not Available,Not Available,Not Available,14925.2
3 E 28th St,Ok,No,Not Available,Not Available,Not Available,Not Available,0,Not Available,70,Not Available,2015-04-22T15:14:38.000,Not Available,0,Not Available,Not Available,0,556,Not Available,Not Available,Not Available,Not Available,Not Available,Not Available,Not Available,Not Available,5.6781,Not Available,10016,Not Available,Not Available,82.9,Not Available,Not Available,Not Available,141.8,40.744541,146.4,Not Available,Not Available,73.1,Not Available,Not Available,0,Not Available,Not Available,Not Available,11/26/2014 02:32 PM EST,Not Available,Ok,Not Available,Not Available,New York,278,1,Not Available,13711803.3,Not Available,Not Available,Not Available,23.4
721-739 Amsterdam Ave.,Ok,No,Not Available,Not Available,Not Available,Not Available,0,187427,100,Not Available,2015-05-01T19:36:39.000,Not Available,0,Not Available,Not Available,0,1414.9,Not Available,Not Available,493272.24,Not Available,5020,65,Not Available,Not Available,Not Available,Not Available,10025,Not Available,Not Available,82.9,Not Available,Not Available,2.48,202.6,40.793523,411.2,Not Available,Not Available,147.9,65,36204,1,Not Available,Not Available,Not Available,09/03/2014 11:20 PM EDT,Not Available,Ok,38961625.6,Not Available,New York,Not Available,1,Not Available,25486635.9,Not Available,Not Available,Not Available,7286.6
525 East 68th Street,Ok,Yes,Not Available,Not Available,Not Available,Not Available,0,Not Available,Not Available,Not Available,2015-06-15T16:54:49.000,Not Available,Not Available,Not Available,Not Available,0,54263.3,Not Available,No,Not Available,Not Available,Not Available,Not Available,Not Available,Not Available,Not Available,Not Available,10021,Not Available,Not Available,82.9,Not Available,Not Available,Not Available,375.3,40.764149,-23794.3,Not Available,Not Available,325,Not Available,Not Available,Not Available,Not Available,Not Available,No,02/24/2015 01:42 PM EST,Not Available,Ok,1116883061,Not Available,New York,Not Available,12,Not Available,1227649553,Not Available,Not Available,Not Available,12670299.7
166-05 HIGHLAND AVE PLP,Ok,No,Not Available,Not Available,Not Available,Not Available,0,167857,Not Available,Not Available,2015-04-30T16:29:39.000,Not Available,Not Available,Not Available,Not Available,0,965.7,Not Available,Not Available,Not Available,Not Available,Not Available,Not Available,Not Available,Not Available,Not Available,Not Available,11432,Not Available,Not Available,82.9,Not Available,Not Available,0,118.2,40.71119,204.9,Not Available,Not Available,83.3,Not Available,Not Available,Not Available,Not Available,Not Available,Not Available,04/15/2015 04:42 PM EDT,Not Available,Ok,19391243,Not Available,Queens,Not Available,1,Not Available,23476893.5,Not Available,Not Available,Not Available,111932.3
114  West  47th  st,Ok,Yes,Not Available,Not Available,Not Available,Not Available,0,Not Available,Not Available,Not Available,2015-04-30T10:24:52.000,Not Available,Not Available,Not Available,Not Available,0,4664.7,Not Available,No,Not Available,Not Available,345688,84,Not Available,Not Available,1.76459,Not Available,10036,Not Available,Not Available,82.9,Not Available,Not Available,Not Available,164.6,40.75831,2961.2,Not Available,Not Available,67.1,Not Available,Not Available,Not Available,Not Available,Not Available,Not Available,09/03/2014 11:15 PM EDT,Not Available,Ok,91244404.9,Not Available,Manhattan,400,1,Not Available,148391357.4,Not Available,Not Available,Not Available,Not Available
301 Park Avenue,Ok,No,Not Available,Not Available,Not Available,Not Available,0,Not Available,Not Available,Not Available,2015-06-15T17:32:43.000,Not Available,Not Available,Not Available,Not Available,0,12776.8,Not Available,No,Not Available,1600000,Not Available,Not Available,Not Available,Not Available,Not Available,128047.8,10022,Not Available,Not Available,82.9,Not Available,Not Available,Not Available,273.2,40.756648,15943.8,Not Available,128047.8,141.2,Not Available,14000,Not Available,Not Available,Not Available,Not Available,06/09/2015 03:24 PM EDT,Not Available,Ok,432570072.3,Not Available,New York,Not Available,1,Not Available,342042250.2,Not Available,Not Available,Not Available,72674.3
230 Park Avenue,Ok,Yes,Not Available,Not Available,Not Available,Not Available,0,Not Available,100,Not Available,2015-04-17T18:18:38.000,Not Available,0,Not Available,Not Available,0,13793.6,Not Available,No,Not Available,Not Available,382323,60,Not Available,Not Available,5.86444,Not Available,10169,Not Available,Not Available,82.9,Not Available,Not Available,2.13,212.6,40.754508,9522.7,Not Available,22661,99.8,Not Available,Not Available,11,Not Available,Not Available,Not Available,09/03/2014 11:17 PM EDT,Not Available,Ok,271790086.5,Not Available,New York City,5240,1,Not Available,395929225.8,Not Available,Not Available,Not Available,12338.1
432 West 58th Street,Ok,No,Not Available,168,Not Available,Not Available,0,Not Available,Not Available,Not Available,2015-04-28T10:32:15.000,Not Available,Not Available,Not Available,Not Available,0,565.8,Not Available,No,Not Available,Not Available,Not Available,Not Available,Not Available,Not Available,Not Available,Not Available,10019,Not Available,Not Available,82.9,Not Available,Not Available,Not Available,572.6,40.76904,2631.3,50,Not Available,360.2,Not Available,Not Available,Not Available,Not Available,Not Available,Not Available,09/03/2014 11:19 PM EDT,Not Available,Ok,58512066.3,Not Available,New York,Not Available,0,Not Available,12905547.1,Not Available,Not Available,Not Available,0
3291 NOSTRAND AVE ENTM,Ok,No,Not Available,Not Available,Not Available,Not Available,0,89004,Not Available,Not Available,2015-04-30T16:29:39.000,Not Available,Not Available,Not Available,Not Available,0,511.2,Not Available,Not Available,Not Available,Not Available,Not Available,Not Available,Not Available,Not Available,Not Available,Not Available,11229,Not Available,Not Available,82.9,Not Available,Not Available,0,152.6,40.603898,150.9,Not Available,Not Available,104.6,Not Available,Not Available,Not Available,Not Available,Not Available,Not Available,04/15/2015 04:42 PM EDT,Not Available,Ok,13411073.2,Not Available,Brooklyn,Not Available,1,Not Available,12647354.1,Not Available,Not Available,Not Available,73317.4
300 Baychester Avenue,Ok,No,Not Available,Not Available,Not Available,Not Available,0,Not Available,80,Not Available,2015-07-16T17:32:06.000,Not Available,0.00746,Not Available,Not Available,0,790.6,Not Available,Not Available,Not Available,Not Available,Not Available,Not Available,Not Available,Not Available,Not Available,1127,10475,Not Available,Not Available,82.9,Not Available,Not Available,2.6,152.8,40.866538,528.6,Not Available,1127,50.9,Not Available,Not Available,7,Not Available,Not Available,Not Available,09/03/2014 11:19 PM EDT,Not Available,Ok,20516391.8,Not Available,Bronx,Not Available,1,Not Available,29315553.7,Not Available,Not Available,Not Available,3810.4
39 Broadway,Ok,No,Not Available,Not Available,Not Available,Not Available,0,Not Available,Not Available,Not Available,2015-04-26T12:41:39.000,Not Available,Not Available,Not Available,Not Available,0,3697.1,Not Available,No,Not Available,Not Available,Not Available,Not Available,Not Available,Not Available,2.00026,Not Available,10006,Not Available,Not Available,82.9,Not Available,Not Available,1.45,186,40.706251,2661.4,Not Available,Not Available,77.7,Not Available,Not Available,Not Available,Not Available,Not Available,Not Available,04/15/2015 04:36 PM EDT,Not Available,Ok,82338172.2,Not Available,New York,895,1,Not Available,115639971.8,Not Available,Not Available,Not Available,Not Available
4 East 60th Street,Ok,No,Not Available,Not Available,Not Available,Not Available,0,Not Available,Not Available,Not Available,2015-05-01T11:04:19.000,Not Available,Not Available,Not Available,Not Available,0,604.5,Not Available,Yes,Not Available,57000,Not Available,Not Available,Not Available,Not Available,Not Available,6186.7,10022,Not Available,Not Available,82.9,Not Available,Not Available,Not Available,341.2,40.76472,587.4,Not Available,6186.7,161.7,Not Available,Not Available,Not Available,Not Available,Not Available,Not Available,09/03/2014 11:20 PM EDT,Not Available,Ok,Not Available,Not Available,New York,Not Available,1,Not Available,17658819.2,Not Available,Not Available,5700,Not Available
161 Williams St,Ok,No,Not Available,Not Available,Not Available,Not Available,0,Not Available,Not Available,Not Available,2015-04-28T15:12:28.000,Not Available,Not Available,Not Available,250,0,1542.2,Not Available,No,Not Available,Not Available,Not Available,Not Available,Not Available,Not Available,9.93822,Not Available,10038,Not Available,Not Available,82.9,Not Available,Not Available,Not Available,179.3,,1053,Not Available,Not Available,72.8,Not Available,Not Available,Not Available,Not Available,Not Available,Not Available,09/03/2014 11:18 PM EDT,Not Available,Ok,32905687.6,Not Available,New York,600,1,Not Available,49240351.2,Not Available,Not Available,Not Available,Not Available
645 5th Avenue,Ok,No,Not Available,Not Available,Not Available,Not Available,0,Not Available,Not Available,Not Available,2015-04-27T14:28:26.000,Not Available,Not Available,Not Available,Not Available,0,3357.7,Not Available,No,Not Available,Not Available,Not Available,Not Available,Not Available,Not Available,4.03922,Not Available,10022,Not Available,Not Available,82.9,Not Available,Not Available,Not Available,329.6,40.759133,3866.9,Not Available,Not Available,135.4,Not Available,Not Available,Not Available,Not Available,Not Available,Not Available,09/03/2014 11:19 PM EDT,Not Available,Ok,119320584.7,Not Available,New York,1500,1,Not Available,106273008.6,Not Available,Not Available,Not Available,Not Available
188 Ludlow St.,Ok,No,Not Available,Not Available,Not Available,Not Available,0,210043,Not Available,Not Available,2015-04-28T15:24:13.000,61,Not Available,Not Available,Not Available,0,1016.4,Not Available,Not Available,Not Available,Not Available,Not Available,Not Available,Not Available,Not Available,Not Available,640955.4,10002,Not Available,Not Available,82.9,Not Available,Not Available,Not Available,128.7,40.721992,450.3,Not Available,640955.4,71.1,Not Available,Not Available,Not Available,Not Available,Not Available,Not Available,09/03/2014 11:20 PM EDT,15,Ok,27029900.9,Not Available,New York,Not Available,1,Not Available,28761499.8,Not Available,Not Available,Not Available,95061.9
51 Madison Avenue,Ok,Yes,Not Available,Not Available,Not Available,Not Available,0,Not Available,Not Available,Not Available,2015-04-28T20:13:50.000,Not Available,Not Available,Not Available,Not Available,0,16253.3,Not Available,No,Not Available,Not Available,155006,75,Not Available,Not Available,4.83146,Not Available,10010,Not Available,Not Available,82.9,Not Available,Not Available,2.97,215.7,40.743023,11334.2,Not Available,Not Available,100.6,Not Available,Not Available,Not Available,Not Available,Not Available,Not Available,04/28/2015 08:13 PM EDT,Not Available,Ok,319796341.3,Not Available,New York,6565,1,Not Available,468209326.1,Not Available,Not Available,Not Available,Not Available
605 Park Avenue,Ok,No,Not Available,Not Available,Not Available,Not Available,0,181000,Not Available,Not Available,2015-04-29T11:36:03.000,0,Not Available,Not Available,Not Available,0,911.7,Not Available,Not Available,Not Available,Not Available,Not Available,Not Available,Not Available,Not Available,Not Available,Not Available,10065,Not Available,Not Available,82.9,Not Available,Not Available,0,133.9,40.766228,296,Not Available,Not Available,88.3,0,Not Available,Not Available,Not Available,Not Available,Not Available,09/03/2014 11:20 PM EDT,13,Ok,23402270.5,Not Available,New York,Not Available,1,Not Available,23133501.3,Not Available,Not Available,Not Available,116897.7
8973 Bay Parkway Suite 1,Ok,No,Not Available,Not Available,Not Available,Not Available,0,Not Available,100,Not Available,2015-04-08T15:20:31.000,Not Available,0,Not Available,Not Available,0,846.8,Not Available,Not Available,Not Available,Not Available,Not Available,Not Available,Not Available,Not Available,Not Available,3.9,11214,Not Available,Not Available,82.9,Not Available,Not Available,2.37,168.4,40.595105,528.2,Not Available,8.5,65.6,Not Available,Not Available,0,Not Available,Not Available,Not Available,09/03/2014 11:16 PM EDT,Not Available,Ok,22221601.4,Not Available,Brooklyn,Not Available,1,Not Available,29065525.9,Not Available,Not Available,Not Available,22463.7
845 Third Avenue,Ok,No,Not Available,40,Not Available,Not Available,0,Not Available,100,Not Available,2015-04-30T12:29:27.000,Not Available,0,Not Available,Not Available,0,3333.7,Not Available,No,Not Available,Not Available,9100,45,Not Available,Not Available,3.34,3978.6,10022,Not Available,Not Available,82.9,Not Available,Not Available,Not Available,223.8,40.756688,2698.7,0,3978.6,106.4,Not Available,Not Available,0,Not Available,Not Available,Not Available,04/29/2015 05:48 PM EDT,Not Available,Ok,75718696.6,Not Available,New York,1050,1,Not Available,94639926.6,Not Available,Not Available,Not Available,Not Available
44 Division St,Ok,No,Not Available,Not Available,Not Available,Not Available,0,1169840,Not Available,Not Available,2015-04-30T14:09:36.000,0,Not Available,Not Available,Not Available,0,4799.5,Not Available,Not Available,Not Available,Not Available,Not Available,Not Available,Not Available,Not Available,Not Available,Not Available,10002,Not Available,Not Available,82.9,Not Available,Not Available,0,127.7,40.714138,3325.1,Not Available,Not Available,56.1,Not Available,Not Available,Not Available,Not Available,Not Available,Not Available,09/03/2014 11:20 PM EDT,38,Ok,148987534.9,Not Available,New York,Not Available,1,Not Available,154770068.4,Not Available,Not Available,Not Available,281673.6
235 West 76th Street,Ok,No,Not Available,Not Available,Not Available,Not Available,0,165000,Not Available,Not Available,2015-04-17T13:52:50.000,76,Not Available,Not Available,Not Available,0,1182.7,Not Available,Not Available,Not Available,Not Available,Not Available,Not Available,Not Available,Not Available,Not Available,5375.2,10023,Not Available,Not Available,82.9,Not Available,Not Available,Not Available,130.8,40.781948,325.9,Not Available,5375.2,81.4,Not Available,Not Available,Not Available,Not Available,Not Available,Not Available,09/03/2014 11:19 PM EDT,6,Ok,21652553.9,Not Available,New York,Not Available,1,Not Available,24713233.6,Not Available,Not Available,Not Available,3249.5
6 East 45th St,Ok,No,Not Available,Not Available,Not Available,Not Available,0,Not Available,Not Available,Not Available,2015-04-20T13:31:28.000,Not Available,Not Available,Not Available,Not Available,0,549.2,Not Available,No,Not Available,Not Available,Not Available,Not Available,Not Available,Not Available,3.40419,7209.2,10017,Not Available,Not Available,82.9,Not Available,Not Available,6.02,372.8,40.755219,703.6,Not Available,7209.2,185.9,Not Available,Not Available,Not Available,Not Available,Not Available,Not Available,04/20/2015 01:14 PM EDT,Not Available,Ok,25225613.2,Not Available,New York,209,0,Not Available,15753089.2,Not Available,Not Available,Not Available,35714
322 W 72 Street,Ok,No,Not Available,Not Available,Not Available,Not Available,0,107376,Not Available,Not Available,2015-04-30T14:09:49.000,16,Not Available,Not Available,Not Available,0,626.2,Not Available,Not Available,Not Available,Not Available,Not Available,Not Available,Not Available,Not Available,Not Available,Not Available,10023,Not Available,Not Available,82.9,Not Available,Not Available,Not Available,98.3,40.780153,124.9,Not Available,Not Available,65.9,Not Available,Not Available,Not Available,Not Available,Not Available,Not Available,09/03/2014 11:20 PM EDT,4,Ok,10569308.9,Not Available,New York,Not Available,1,Not Available,15373898.6,Not Available,Not Available,Not Available,51240.5
110 Wall Street,Ok,No,Not Available,Not Available,Not Available,Not Available,0,Not Available,Not Available,Not Available,2015-04-30T12:29:23.000,Not Available,Not Available,Not Available,Not Available,0,2399.4,Not Available,No,Not Available,Not Available,Not Available,Not Available,Not Available,Not Available,0.01025,273.3,10005,Not Available,Not Available,82.9,Not Available,Not Available,Not Available,50.2,40.704638,671.3,Not Available,273.3,33.2,Not Available,Not Available,Not Available,Not Available,Not Available,Not Available,04/29/2015 05:08 PM EDT,Not Available,Ok,13045028.3,Not Available,New York,3,1,Not Available,52553910.7,Not Available,Not Available,Not Available,Not Available
100 West 33rd Street,Ok,No,Not Available,85,Not Available,Not Available,0,Not Available,100,Not Available,2015-04-30T19:13:23.000,Not Available,0,Not Available,Not Available,0,7498.7,Not Available,No,Not Available,Not Available,Not Available,Not Available,Not Available,Not Available,2.80622,16393.3,10001,Not Available,Not Available,82.9,Not Available,Not Available,1.93,175.4,40.7493,4718.7,22,16393.3,56.4,Not Available,Not Available,0,Not Available,Not Available,Not Available,09/03/2014 11:18 PM EDT,Not Available,Ok,176518630.8,Not Available,New York,2160,0,Not Available,282087177.9,Not Available,Not Available,Not Available,Not Available
1067 Madison Avenue,Ok,No,Not Available,Not Available,Not Available,Not Available,Not Available,49822,60.87,Not Available,2015-03-18T16:22:18.000,Not Available,0,Not Available,Not Available,Not Available,208.4,Not Available,Not Available,Not Available,Not Available,Not Available,Not Available,Not Available,Not Available,0,Not Available,10028,Not Available,Not Available,82.9,Not Available,Not Available,Not Available,Not Available,40.777425,Not Available,Not Available,Not Available,Not Available,Not Available,Not Available,0,Not Available,Not Available,Not Available,09/03/2014 11:19 PM EDT,Not Available,Ok,Not Available,Not Available,New York,0,1,Not Available,6892878.5,Not Available,Not Available,Not Available,Not Available
585 Dekalb Avenue,Ok,No,Not Available,Not Available,Not Available,Not Available,0,Not Available,70,Not Available,2015-07-10T08:54:17.000,Not Available,0,Not Available,Not Available,0,1093.1,Not Available,Not Available,Not Available,Not Available,Not Available,Not Available,Not Available,Not Available,2.47619,Not Available,11205,Not Available,Not Available,82.9,Not Available,Not Available,Not Available,230.5,40.691223,882.5,Not Available,Not Available,89.6,Not Available,105000,0,Not Available,Not Available,Not Available,07/10/2015 08:49 AM EDT,Not Available,Ok,36496564.9,Not Available,Brooklyn,156,1,Not Available,37574822.2,Not Available,Not Available,Not Available,34398.4
193-15 73 Ave,Ok,No,Not Available,Not Available,Not Available,Not Available,0,16000,Not Available,Not Available,2015-04-24T12:08:25.000,Not Available,Not Available,Not Available,Not Available,0,86.1,Not Available,Not Available,Not Available,Not Available,Not Available,Not Available,Not Available,Not Available,Not Available,Not Available,11365,Not Available,Not Available,82.9,Not Available,Not Available,4.32,594.6,40.734358,88.5,Not Available,Not Available,433.6,Not Available,Not Available,Not Available,Not Available,Not Available,Not Available,04/15/2015 04:41 PM EDT,Not Available,Ok,9511075.9,Not Available,Fresh Meadows,Not Available,1,Not Available,2046883,Not Available,Not Available,Not Available,58703.9
190-17 69 Ave,Ok,No,Not Available,Not Available,Not Available,Not Available,0,13800,Not Available,Not Available,2015-04-24T12:08:26.000,Not Available,Not Available,Not Available,Not Available,0,149.2,Not Available,Not Available,Not Available,Not Available,Not Available,Not Available,Not Available,Not Available,Not Available,Not Available,11365,Not Available,Not Available,82.9,Not Available,Not Available,5.56,764.4,40.736053,98.1,Not Available,Not Available,557.4,Not Available,Not Available,Not Available,Not Available,Not Available,Not Available,04/15/2015 04:41 PM EDT,Not Available,Ok,10565191,Not Available,Fresh Meadows,Not Available,1,Not Available,3545751.5,Not Available,Not Available,Not Available,65084.8
111 Barrow Street,Ok,No,Not Available,Not Available,Not Available,Not Available,0,83170,Not Available,Not Available,2015-07-31T14:52:06.000,0,Not Available,Not Available,Not Available,0,356,Not Available,Not Available,Not Available,Not Available,Not Available,Not Available,Not Available,Not Available,Not Available,Not Available,10014,Not Available,Not Available,82.9,Not Available,Not Available,Not Available,115,40.731789,179.3,Not Available,Not Available,62.3,Not Available,Not Available,Not Available,Not Available,Not Available,Not Available,05/04/2015 03:24 PM EDT,14,Ok,Not Available,Not Available,New York,Not Available,1,Not Available,10193012.3,Not Available,Not Available,Not Available,35154.5
375 Park Avenue,Ok,No,Not Available,Not Available,Not Available,Not Available,0,Not Available,Not Available,Not Available,2015-04-30T12:38:27.000,Not Available,Not Available,Not Available,Not Available,0,7151.6,Not Available,No,Not Available,Not Available,Not Available,Not Available,Not Available,Not Available,2.26367,Not Available,10022,Not Available,Not Available,82.9,Not Available,Not Available,2.08,497.9,40.758786,13149.3,Not Available,Not Available,218.9,Not Available,Not Available,Not Available,Not Available,Not Available,Not Available,04/15/2015 04:45 PM EDT,Not Available,Ok,394121560.7,Not Available,New York,1800,1,Not Available,215346385,Not Available,Not Available,Not Available,Not Available
395 Fort Washington Ave,Ok,No,Not Available,Not Available,Not Available,Not Available,0,66325,Not Available,Not Available,2015-04-28T16:41:41.000,Not Available,Not Available,Not Available,Not Available,0,261.8,Not Available,Not Available,Not Available,Not Available,Not Available,Not Available,Not Available,Not Available,1.47602,Not Available,10033,Not Available,Not Available,82.9,Not Available,Not Available,Not Available,Not Available,40.848619,55.4,Not Available,Not Available,Not Available,Not Available,Not Available,Not Available,Not Available,Not Available,Not Available,09/03/2014 11:20 PM EDT,1,Ok,Not Available,Not Available,New York,2,1,Not Available,8658315.1,Not Available,Not Available,Not Available,Not Available
61-27 223 PLACE,Ok,No,Not Available,Not Available,Not Available,Not Available,Not Available,12150,Not Available,Not Available,2015-04-30T11:04:40.000,Not Available,Not Available,Not Available,Not Available,Not Available,47,Not Available,Not Available,Not Available,Not Available,Not Available,Not Available,Not Available,Not Available,Not Available,Not Available,11364,Not Available,Not Available,82.9,Not Available,Not Available,Not Available,Not Available,40.749029,Not Available,Not Available,Not Available,Not Available,Not Available,Not Available,Not Available,Not Available,Not Available,Not Available,04/29/2015 12:48 PM EDT,Not Available,Ok,Not Available,Not Available,Oakland Gardens,Not Available,1,Not Available,1554351.8,Not Available,Not Available,Not Available,11247.9
513 W56th St,Ok,No,Not Available,Not Available,Not Available,Not Available,0,Not Available,Not Available,Not Available,2015-05-01T23:56:23.000,Not Available,Not Available,Not Available,Not Available,0,1544.6,Not Available,No,Not Available,Not Available,Not Available,Not Available,Not Available,Not Available,2.91818,Not Available,10019,Not Available,Not Available,82.9,Not Available,Not Available,Not Available,746.8,40.768656,4122.9,Not Available,798.7,286.3,Not Available,Not Available,Not Available,Not Available,Not Available,Not Available,04/19/2015 04:58 PM EDT,Not Available,Ok,136936421.9,Not Available,New York,455,1,Not Available,51399425.8,Not Available,Not Available,Not Available,Not Available
2510 Ocean Parkway,Ok,No,Not Available,Not Available,Not Available,Not Available,0,62104,Not Available,Not Available,2015-05-18T14:10:50.000,10,Not Available,Not Available,Not Available,0,321.8,Not Available,Not Available,Not Available,Not Available,Not Available,Not Available,Not Available,Not Available,Not Available,3273.4,11235,Not Available,Not Available,82.9,Not Available,Not Available,Not Available,132.8,40.5886,100.4,Not Available,3273.4,88.4,54,Not Available,Not Available,Not Available,Not Available,Not Available,09/03/2014 11:20 PM EDT,3,Ok,8193691.4,Not Available,Brooklyn,Not Available,1,Not Available,8111285.7,Not Available,Not Available,Not Available,41835.9
1919 Williamsbridge Road,Ok,No,Not Available,60,Not Available,Not Available,0,82200,100,Not Available,2015-04-30T20:24:18.000,14,0,Not Available,Not Available,0,614.8,Not Available,Not Available,0,Not Available,Not Available,Not Available,Not Available,Not Available,Not Available,14745.8,10461,Not Available,Not Available,82.9,Not Available,Not Available,Not Available,182.1,40.852799,128.9,1,14745.8,141.1,Not Available,Not Available,0,Not Available,Not Available,Not Available,09/03/2014 11:19 PM EDT,40,Ok,15027480.2,Not Available,Bronx,Not Available,1,Not Available,10944427.6,Not Available,Not Available,Not Available,20139.3
150 Brighton 15th St.,Ok,No,Not Available,Not Available,Not Available,Not Available,0,62500,Not Available,Not Available,2015-05-18T14:10:49.000,0,Not Available,Not Available,Not Available,0,414.4,Not Available,Not Available,Not Available,Not Available,Not Available,Not Available,Not Available,Not Available,Not Available,Not Available,11235,Not Available,Not Available,82.9,Not Available,Not Available,Not Available,117.3,40.578106,59.5,Not Available,Not Available,89.3,Not Available,Not Available,Not Available,Not Available,Not Available,Not Available,04/27/2015 12:17 PM EDT,7,Ok,7188306.5,Not Available,Brooklyn,Not Available,1,Not Available,9163686.3,Not Available,Not Available,Not Available,41052.7
290 3rd Avenue,Ok,No,Not Available,63.51,Not Available,Not Available,0,180900,Not Available,Not Available,2015-04-24T11:18:52.000,166,Not Available,Not Available,Not Available,0,807.7,Not Available,Not Available,Not Available,Not Available,Not Available,Not Available,Not Available,Not Available,Not Available,6127.5,10010,Not Available,Not Available,82.9,Not Available,Not Available,Not Available,111.9,40.73848,341.3,1,6127.5,62.8,Not Available,Not Available,Not Available,Not Available,Not Available,Not Available,09/03/2014 11:20 PM EDT,0,Ok,20650985.3,Not Available,New York,Not Available,1,Not Available,22648199.2,Not Available,Not Available,Not Available,72564.8
4-12 49th Avenue,Ok,No,Not Available,Not Available,Not Available,Not Available,0,73639,Not Available,Not Available,2015-04-29T09:59:36.000,0,Not Available,Not Available,Not Available,0,404.6,Not Available,Not Available,Not Available,Not Available,Not Available,Not Available,Not Available,Not Available,Not Available,Not Available,11101,Not Available,Not Available,82.9,Not Available,Not Available,1.56,112.5,40.743943,71.1,Not Available,Not Available,84,Not Available,Not Available,Not Available,Not Available,Not Available,Not Available,09/03/2014 11:19 PM EDT,10,Ok,8020590.4,Not Available,Long Island City,Not Available,1,Not Available,9469316.5,Not Available,Not Available,Not Available,50748.7
595 West End Ave,Ok,No,Not Available,Not Available,Not Available,Not Available,0,53190,Not Available,Not Available,2015-04-30T14:09:58.000,20,Not Available,Not Available,Not Available,0,386.9,Not Available,Not Available,26256.08,Not Available,Not Available,Not Available,Not Available,Not Available,Not Available,Not Available,10024,Not Available,Not Available,82.9,Not Available,Not Available,0.48,154.3,40.790637,102.8,Not Available,Not Available,105.3,Not Available,Not Available,Not Available,Not Available,Not Available,Not Available,09/03/2014 11:20 PM EDT,5,Ok,8229575.4,Not Available,New York,Not Available,1,Not Available,7407772.6,Not Available,Not Available,Not Available,1081.4
30 Rockefeller Plaza,Ok,No,-201015305.8,Not Available,Not Available,Not Available,0,Not Available,100,Not Available,2015-04-30T10:32:56.000,Not Available,0,Not Available,Not Available,0,25227.6,Not Available,No,Not Available,Not Available,Not Available,Not Available,Not Available,Not Available,6.19104,Not Available,10111,Not Available,Not Available,82.9,Not Available,Not Available,Not Available,432.5,40.758754,34711.2,Not Available,Not Available,131.9,Not Available,Not Available,21,Not Available,Not Available,Not Available,09/03/2014 11:19 PM EDT,Not Available,Ok,1256269479,Not Available,New York,14187.54,1,Not Available,915185781.3,Not Available,Not Available,Not Available,Not Available
65 East 55th Street,Ok,No,Not Available,Not Available,Not Available,Not Available,0,Not Available,Not Available,Not Available,2015-03-12T13:04:42.000,Not Available,Not Available,Not Available,Not Available,0,5469.7,Not Available,No,Not Available,Not Available,287098,63.5,Not Available,Not Available,2.8376,Not Available,10022,Not Available,Not Available,82.9,Not Available,Not Available,5.07,217.4,40.760718,3981.2,Not Available,9878,81.4,Not Available,Not Available,Not Available,Not Available,Not Available,Not Available,03/12/2015 01:01 PM EDT,Not Available,Ok,133390466.5,Not Available,New York,883,1,Not Available,185054067.3,Not Available,Not Available,Not Available,Not Available
106 Columbus,Ok,No,Not Available,Not Available,Not Available,Not Available,0,Not Available,Not Available,Not Available,2015-04-24T09:43:28.000,Not Available,Not Available,Not Available,Not Available,Not Available,1265.3,Not Available,No,Not Available,Not Available,Not Available,Not Available,Not Available,Not Available,Not Available,Not Available,10023,Not Available,Not Available,82.9,Not Available,Not Available,Not Available,Not Available,,1093.7,Not Available,Not Available,Not Available,Not Available,Not Available,Not Available,Not Available,Not Available,Not Available,04/08/2015 11:25 AM EDT,Not Available,Ok,Not Available,Not Available,New York,Not Available,1,Not Available,41762313.2,Not Available,Not Available,Not Available,Not Available
21-66 33rd Road,Ok,No,Not Available,Not Available,Not Available,Not Available,Not Available,836530,Not Available,Not Available,2015-03-23T12:47:09.000,0,Not Available,Not Available,Not Available,Not Available,3235.8,1682081.59,Not Available,Not Available,Not Available,Not Available,Not Available,Not Available,Not Available,Not Available,Not Available,11106,Not Available,Not Available,82.9,Not Available,Not Available,Not Available,Not Available,40.762949,Not Available,Not Available,44827.5,Not Available,Not Available,Not Available,Not Available,Not Available,Not Available,Not Available,09/03/2014 11:20 PM EDT,84,Ok,Not Available,Not Available,Long Island City,Not Available,1,Not Available,107017440.4,Not Available,Not Available,Not Available,26050
67-10 190 Lane,Ok,No,Not Available,Not Available,Not Available,Not Available,0,25000,Not Available,Not Available,2015-04-24T12:08:25.000,Not Available,Not Available,Not Available,Not Available,0,129.6,Not Available,Not Available,Not Available,Not Available,Not Available,Not Available,Not Available,Not Available,Not Available,Not Available,11365,Not Available,Not Available,82.9,Not Available,Not Available,2.44,331.9,40.736984,77.2,Not Available,Not Available,242,Not Available,Not Available,Not Available,Not Available,Not Available,Not Available,04/15/2015 04:41 PM EDT,Not Available,Ok,8307886.9,Not Available,Fresh Meadows,Not Available,1,Not Available,3081332.2,Not Available,Not Available,Not Available,51196.8
251 West 39th Street,Ok,No,Not Available,52.8,Not Available,Not Available,Not Available,Not Available,30,Not Available,2015-05-01T21:47:12.000,Not Available,0,Not Available,Not Available,Not Available,1661.6,Not Available,Not Available,Not Available,Not Available,Not Available,Not Available,Not Available,Not Available,1.69381,Not Available,10018,Not Available,Not Available,82.9,Not Available,Not Available,Not Available,Not Available,40.754746,Not Available,18,Not Available,Not Available,Not Available,Not Available,0,Not Available,Not Available,Not Available,05/01/2015 08:35 PM EDT,Not Available,Ok,Not Available,Not Available,New York,52,1,Not Available,13654123,Not Available,Not Available,Not Available,Not Available
57 E 11th St,Ok,No,Not Available,Not Available,Not Available,Not Available,0,Not Available,100,Not Available,2015-04-22T15:14:37.000,Not Available,0,Not Available,Not Available,0,513.2,Not Available,Not Available,Not Available,Not Available,Not Available,Not Available,Not Available,Not Available,3.44735,Not Available,10003,Not Available,Not Available,82.9,Not Available,Not Available,Not Available,127.9,40.732925,110.2,Not Available,Not Available,75.4,Not Available,Not Available,0,Not Available,Not Available,Not Available,09/03/2014 11:19 PM EDT,Not Available,Ok,6853693.4,Not Available,New York,162.85,1,Not Available,11343413.9,Not Available,Not Available,Not Available,649.5
767 Fifth Avenue,Ok,No,Not Available,Not Available,Not Available,Not Available,0,Not Available,100,Not Available,2015-04-17T07:50:23.000,Not Available,0,Not Available,Not Available,0,19224.3,Not Available,No,Not Available,Not Available,558809,79.73,Not Available,Not Available,2.19065,57218.1,10153,Not Available,Not Available,82.9,Not Available,Not Available,Not Available,296.8,40.76402,19018.3,Not Available,57218.1,136.5,Not Available,41386,4,Not Available,Not Available,Not Available,12/30/2014 10:06 AM EST,Not Available,Ok,549958519.5,Not Available,New York,2632,1,Not Available,559478373.4,Not Available,Not Available,Not Available,Not Available
2315 University Avenue,Ok,No,Not Available,Not Available,Not Available,Not Available,0,49000,Not Available,Not Available,2015-05-18T14:10:59.000,Not Available,Not Available,Not Available,Not Available,0,364.2,Not Available,Not Available,Not Available,Not Available,Not Available,Not Available,Not Available,Not Available,Not Available,Not Available,10468,Not Available,Not Available,82.9,Not Available,Not Available,Not Available,168.8,40.861069,51.9,Not Available,Not Available,139.9,Not Available,Not Available,Not Available,Not Available,Not Available,Not Available,09/03/2014 11:20 PM EDT,Not Available,Ok,7984851.4,Not Available,Bronx,Not Available,1,Not Available,5869389.8,Not Available,Not Available,Not Available,3579.9
666 GREENWICH STREET,Ok,No,Not Available,Not Available,Not Available,Not Available,0,568757,Not Available,Not Available,2015-04-30T15:18:21.000,Not Available,Not Available,Not Available,Not Available,0,3309.9,Not Available,Not Available,Not Available,Not Available,Not Available,Not Available,Not Available,Not Available,2.62307,Not Available,10014,Not Available,Not Available,82.9,Not Available,Not Available,Not Available,141.6,40.732234,1910.5,Not Available,0,64.2,Not Available,13513,Not Available,Not Available,Not Available,Not Available,09/03/2014 11:19 PM EDT,76,Ok,89455150.9,Not Available,NEW YORK,146,1,Not Available,102523997.9,Not Available,Not Available,Not Available,150894.8
700 Columbus Ave,Ok,No,Not Available,Not Available,Not Available,Not Available,0,472477,Not Available,Not Available,2015-04-30T14:10:00.000,0,Not Available,Not Available,Not Available,0,2558,Not Available,No,Not Available,Not Available,Not Available,Not Available,Not Available,Not Available,Not Available,Not Available,10025,Not Available,Not Available,82.9,Not Available,Not Available,Not Available,66.3,40.7917,994,Not Available,Not Available,44.7,Not Available,Not Available,Not Available,Not Available,Not Available,Not Available,04/24/2015 01:51 PM EDT,10,Ok,Not Available,Not Available,New York,Not Available,1,Not Available,57747053.1,Not Available,Not Available,Not Available,66400.4
531-539 West 21st street,Ok,No,Not Available,Not Available,Not Available,Not Available,0,Not Available,Not Available,Not Available,2015-04-28T15:24:12.000,Not Available,Not Available,Not Available,Not Available,0,136.5,Not Available,Not Available,Not Available,Not Available,Not Available,Not Available,Not Available,Not Available,Not Available,Not Available,10011,Not Available,Not Available,82.9,Not Available,Not Available,0.68,40.5,40.746918,78.9,Not Available,26.9,18,Not Available,Not Available,Not Available,Not Available,Not Available,Not Available,09/03/2014 11:20 PM EDT,Not Available,Ok,3647710.3,Not Available,New York,Not Available,1,Not Available,4376258.2,Not Available,Not Available,Not Available,6273.2
250 East 40th Street,Ok,No,Not Available,Not Available,Not Available,Not Available,0,242239,100,Not Available,2015-07-31T14:52:07.000,0,0,Not Available,Not Available,0,1192,Not Available,No,Not Available,Not Available,Not Available,Not Available,Not Available,Not Available,Not Available,Not Available,10016,Not Available,Not Available,82.9,Not Available,Not Available,Not Available,163.3,40.748664,1430.9,Not Available,Not Available,85,Not Available,Not Available,0,Not Available,Not Available,Not Available,09/03/2014 11:19 PM EDT,16,Ok,40095844.9,Not Available,New York,Not Available,1,Not Available,31982547.1,Not Available,Not Available,Not Available,17052.9
29 Tiffany Place,Ok,No,Not Available,Not Available,Not Available,Not Available,0,83954,Not Available,Not Available,2015-04-30T14:09:46.000,0,Not Available,Not Available,Not Available,0,483.5,Not Available,Not Available,Not Available,Not Available,Not Available,Not Available,Not Available,Not Available,Not Available,Not Available,11231,Not Available,Not Available,82.9,Not Available,Not Available,Not Available,140.5,40.686967,152.6,Not Available,3971.6,90.2,Not Available,Not Available,Not Available,Not Available,Not Available,Not Available,09/03/2014 11:20 PM EDT,4,Ok,11599871.3,Not Available,Brooklyn,Not Available,1,Not Available,12477665.4,Not Available,Not Available,Not Available,55368.5
221-07 64 AVE,Ok,No,Not Available,Not Available,Not Available,Not Available,0,14900,Not Available,Not Available,2015-04-30T11:04:37.000,Not Available,Not Available,Not Available,Not Available,0,80.8,Not Available,Not Available,Not Available,Not Available,Not Available,Not Available,Not Available,Not Available,Not Available,Not Available,11364,Not Available,Not Available,82.9,Not Available,Not Available,0,155.5,40.747411,20.7,Not Available,Not Available,114.7,Not Available,Not Available,Not Available,Not Available,Not Available,Not Available,04/28/2015 02:49 PM EDT,Not Available,Ok,2278491.5,Not Available,Oakland Gardens,Not Available,1,Not Available,1906159.8,Not Available,Not Available,Not Available,14220.3
253 W. 125th St.,Ok,No,Not Available,Not Available,Not Available,Not Available,0,Not Available,Not Available,Not Available,2015-04-30T17:57:09.000,Not Available,Not Available,Not Available,Not Available,0,169,Not Available,Not Available,Not Available,Not Available,Not Available,Not Available,Not Available,Not Available,Not Available,1063.7,10027,Not Available,Not Available,82.9,Not Available,Not Available,1.5,183.8,40.809778,255.4,Not Available,1063.7,79.9,Not Available,Not Available,Not Available,Not Available,Not Available,Not Available,09/03/2014 11:20 PM EDT,Not Available,Ok,11487335.4,Not Available,New York,Not Available,1,Not Available,5480937,Not Available,Not Available,Not Available,17298.8
225-19 69 AVENUE,Ok,No,Not Available,Not Available,Not Available,Not Available,Not Available,10875,Not Available,Not Available,2015-04-30T11:04:39.000,Not Available,Not Available,Not Available,Not Available,Not Available,42.1,Not Available,Not Available,Not Available,Not Available,Not Available,Not Available,Not Available,Not Available,Not Available,Not Available,11364,Not Available,Not Available,82.9,Not Available,Not Available,Not Available,Not Available,40.744564,Not Available,Not Available,Not Available,Not Available,Not Available,Not Available,Not Available,Not Available,Not Available,Not Available,04/29/2015 12:45 PM EDT,Not Available,Ok,Not Available,Not Available,Oakland Gardens,Not Available,1,Not Available,1391240.8,Not Available,Not Available,Not Available,11920
225 Liberty Street,Ok,No,48469803,Not Available,Not Available,Not Available,0,Not Available,Not Available,Not Available,2015-04-20T11:13:08.000,Not Available,Not Available,Not Available,Not Available,0,19363.8,Not Available,No,Not Available,Not Available,Not Available,Not Available,Not Available,Not Available,2.19987,18444,10281,Not Available,Not Available,82.9,Not Available,Not Available,Not Available,191.3,40.711537,14211.1,Not Available,18444,93,Not Available,Not Available,Not Available,Not Available,Not Available,Not Available,09/03/2014 11:16 PM EDT,Not Available,Ok,409210476.1,Not Available,New York,4749,1,Not Available,562686912.3,Not Available,Not Available,Not Available,Not Available
222 East 41st St.,Ok,Yes,Not Available,Not Available,Not Available,Not Available,0,Not Available,Not Available,Not Available,2015-03-19T16:49:46.000,Not Available,Not Available,Not Available,Not Available,0,3493.8,Not Available,No,Not Available,Not Available,Not Available,Not Available,Not Available,Not Available,4.6619,4928.3,10017,Not Available,Not Available,82.9,Not Available,Not Available,Not Available,196.8,40.749597,2233.7,Not Available,4928.3,73.5,Not Available,6464,Not Available,Not Available,Not Available,Not Available,09/03/2014 11:16 PM EDT,Not Available,Ok,74674094,Not Available,NY,1793,1,Not Available,118411238.9,Not Available,Not Available,Not Available,Not Available
1665 Andrews Avenue,Ok,No,Not Available,Not Available,Not Available,Not Available,0,63828,Not Available,Not Available,2015-04-27T14:21:03.000,0,Not Available,Not Available,Not Available,0,409.6,Not Available,Not Available,Not Available,Not Available,Not Available,Not Available,Not Available,Not Available,Not Available,3537.4,10453,Not Available,Not Available,82.9,Not Available,Not Available,Not Available,81.3,40.848568,74.4,Not Available,3537.4,53.5,Not Available,Not Available,Not Available,Not Available,Not Available,Not Available,04/16/2015 12:43 PM EDT,0,Ok,5907837.5,Not Available,Bronx,Not Available,1,Not Available,10403956.5,Not Available,Not Available,Not Available,29433.7
795 Garden Street,Ok,No,Not Available,Not Available,Not Available,Not Available,0,87642,Not Available,Not Available,2015-04-30T16:26:11.000,0,Not Available,Not Available,Not Available,0,694.1,Not Available,Not Available,Not Available,Not Available,Not Available,Not Available,Not Available,Not Available,Not Available,6866.1,10460,Not Available,Not Available,82.9,Not Available,Not Available,Not Available,116.6,40.849259,84,Not Available,6866.1,90.3,Not Available,Not Available,Not Available,Not Available,Not Available,Not Available,04/30/2015 01:55 PM EDT,0,Ok,9940278,Not Available,Bronx,Not Available,1,Not Available,12547992.7,Not Available,Not Available,Not Available,17232
650 Fifth Avenue,Ok,No,Not Available,Not Available,Not Available,Not Available,0,Not Available,100,Not Available,2015-05-01T11:50:23.000,Not Available,0,Not Available,Not Available,0,3269.4,Not Available,No,Not Available,Not Available,Not Available,Not Available,Not Available,Not Available,4.23199,Not Available,10019,Not Available,Not Available,82.9,Not Available,Not Available,2.39,198.7,40.759789,2490.4,Not Available,4275.1,83,Not Available,Not Available,0,Not Available,Not Available,Not Available,09/03/2014 11:17 PM EDT,Not Available,Ok,77194613.8,Not Available,New York,1522,1,Not Available,102257871.1,Not Available,Not Available,Not Available,Not Available
118 W 79 Street,Ok,No,Not Available,Not Available,Not Available,Not Available,0,104238,Not Available,Not Available,2015-04-30T14:09:38.000,41,Not Available,Not Available,Not Available,0,583.3,Not Available,Not Available,Not Available,Not Available,Not Available,Not Available,Not Available,Not Available,Not Available,Not Available,10024,Not Available,Not Available,82.9,Not Available,Not Available,0,92,40.782279,114.2,Not Available,3476.9,61.3,Not Available,Not Available,Not Available,Not Available,Not Available,Not Available,04/14/2015 05:23 PM EDT,3,Ok,9571857.4,Not Available,New York,Not Available,1,Not Available,14697306.2,Not Available,Not Available,Not Available,50153.8
160 E 34th Street,Ok,No,Not Available,Not Available,Not Available,Not Available,0,Not Available,Not Available,Not Available,2015-04-28T09:36:32.000,Not Available,Not Available,Not Available,Not Available,0,1405.2,Not Available,No,Not Available,Not Available,Not Available,Not Available,Not Available,Not Available,Not Available,4387.2,10016,Not Available,Not Available,82.9,Not Available,Not Available,Not Available,503.9,40.746104,1724.2,Not Available,4387.2,184.9,126,Not Available,Not Available,Not Available,Not Available,Not Available,09/03/2014 11:17 PM EDT,Not Available,Ok,58657018.1,Not Available,New York,Not Available,1,Not Available,48240948.7,Not Available,Not Available,Not Available,Not Available
430 E 67 St,Ok,No,Not Available,Not Available,Not Available,Not Available,0,Not Available,Not Available,Not Available,2015-04-29T08:28:31.000,Not Available,Not Available,Not Available,Not Available,0,1417.8,Not Available,No,Not Available,Not Available,Not Available,Not Available,Not Available,Not Available,Not Available,Not Available,10065,Not Available,Not Available,82.9,Not Available,Not Available,Not Available,932.3,40.764263,10736.4,Not Available,Not Available,441.4,Not Available,67864,Not Available,Not Available,Not Available,Not Available,11/26/2014 02:11 PM EST,Not Available,Ok,302636886.9,Not Available,New York,Not Available,1,Not Available,40382838.2,Not Available,Not Available,Not Available,Not Available
107 ARLO RD ENT,Ok,No,Not Available,Not Available,Not Available,Not Available,0,39667,Not Available,Not Available,2015-04-30T16:29:36.000,0,Not Available,Not Available,Not Available,0,201.8,Not Available,Not Available,Not Available,Not Available,Not Available,Not Available,Not Available,Not Available,Not Available,Not Available,10301,Not Available,Not Available,82.9,Not Available,Not Available,1.53,221.9,40.620222,42.8,Not Available,Not Available,185.4,Not Available,Not Available,Not Available,Not Available,Not Available,Not Available,04/15/2015 04:43 PM EDT,0,Ok,8648280.4,Not Available,Staten Island,Not Available,1,Not Available,4374503,Not Available,Not Available,Not Available,66924.9
162 Fifth Avenue,Ok,No,Not Available,Not Available,Not Available,Not Available,0,Not Available,Not Available,Not Available,2015-04-29T11:55:01.000,Not Available,Not Available,Not Available,Not Available,0,620.3,Not Available,Not Available,Not Available,Not Available,13500,55,Not Available,Not Available,3.35865,886.3,10010,Not Available,Not Available,82.9,Not Available,Not Available,Not Available,Not Available,40.740358,577.8,Not Available,886.3,Not Available,Not Available,Not Available,Not Available,Not Available,Not Available,Not Available,09/03/2014 11:20 PM EDT,Not Available,Ok,Not Available,Not Available,New York,398,1,Not Available,19542638.3,Not Available,Not Available,Not Available,92.9
891 Park Avenue,Ok,No,Not Available,Not Available,Not Available,Not Available,0,27040,Not Available,Not Available,2015-07-31T14:52:40.000,16,Not Available,Not Available,Not Available,0,178,Not Available,Not Available,Not Available,Not Available,Not Available,Not Available,Not Available,Not Available,Not Available,Not Available,10075,Not Available,Not Available,82.9,Not Available,Not Available,Not Available,125,40.775292,41.4,Not Available,Not Available,84.8,Not Available,Not Available,Not Available,Not Available,Not Available,Not Available,09/03/2014 11:19 PM EDT,4,Ok,3295064.2,Not Available,New York,Not Available,1,Not Available,3459232.3,Not Available,Not Available,Not Available,301.2
Kings Highway Division,Ok,No,Not Available,Not Available,Not Available,Not Available,0,Not Available,Not Available,Not Available,2015-04-28T10:32:15.000,Not Available,Not Available,Not Available,Not Available,0,2414.2,Not Available,Not Available,Not Available,Not Available,Not Available,Not Available,Not Available,Not Available,Not Available,Not Available,11234,Not Available,Not Available,82.9,Not Available,Not Available,Not Available,287,,849.4,Not Available,Not Available,117.9,Not Available,Not Available,Not Available,Not Available,Not Available,No,09/03/2014 11:18 PM EDT,Not Available,Ok,37386977.4,Not Available,Brooklyn,Not Available,4,Not Available,80658903.4,Not Available,Not Available,Not Available,49877.1
250 Fort Washington Ave,Ok,No,Not Available,Not Available,Not Available,Not Available,0,51600,Not Available,Not Available,2015-05-18T14:10:52.000,0,Not Available,Not Available,Not Available,0,289.3,Not Available,Not Available,Not Available,Not Available,Not Available,Not Available,Not Available,Not Available,Not Available,Not Available,10032,Not Available,Not Available,82.9,Not Available,Not Available,Not Available,128,40.843619,54.6,Not Available,Not Available,96.6,Not Available,Not Available,Not Available,Not Available,Not Available,Not Available,09/03/2014 11:20 PM EDT,12,Ok,6342973.1,Not Available,New York,Not Available,1,Not Available,6723191.9,Not Available,Not Available,Not Available,40728
163 East 81st Street,Ok,No,Not Available,Not Available,Not Available,Not Available,0,65721,Not Available,Not Available,2015-07-31T14:52:21.000,86,Not Available,Not Available,Not Available,0,457.5,Not Available,Not Available,Not Available,Not Available,Not Available,Not Available,Not Available,Not Available,Not Available,Not Available,10028,Not Available,Not Available,82.9,Not Available,Not Available,Not Available,103.3,40.776005,66.9,Not Available,Not Available,76.3,Not Available,Not Available,Not Available,Not Available,Not Available,Not Available,09/03/2014 11:19 PM EDT,5,Ok,Not Available,Not Available,New York,Not Available,1,Not Available,8214362.4,Not Available,Not Available,Not Available,2540
90 8 Ave,Ok,No,Not Available,Not Available,Not Available,Not Available,0,73400,Not Available,Not Available,2015-04-30T14:10:03.000,0,Not Available,Not Available,Not Available,0,526.8,Not Available,Not Available,0,Not Available,Not Available,Not Available,Not Available,Not Available,Not Available,3402.5,11215,Not Available,Not Available,82.9,Not Available,Not Available,0,111.6,40.673073,81.4,Not Available,3402.5,80.2,Not Available,Not Available,Not Available,Not Available,Not Available,Not Available,09/03/2014 11:20 PM EDT,4,Ok,7659570.2,Not Available,Brooklyn,Not Available,1,Not Available,11785448.6,Not Available,Not Available,Not Available,36269.9
500 8th Ave,Ok,No,Not Available,Not Available,Not Available,Not Available,0,Not Available,100,Not Available,2015-04-28T17:05:08.000,Not Available,0,Not Available,Not Available,0,1006.2,Not Available,Not Available,Not Available,Not Available,Not Available,Not Available,Not Available,Not Available,2.72134,Not Available,10018,Not Available,Not Available,82.9,Not Available,Not Available,Not Available,170.9,40.752943,860.3,Not Available,Not Available,75.7,Not Available,Not Available,3,Not Available,Not Available,Not Available,04/23/2015 05:14 PM EDT,Not Available,Ok,40193011.2,Not Available,New York,146,1,Not Available,28826574.6,Not Available,Not Available,Not Available,4030
411 East 57th Street,Ok,No,Not Available,Not Available,Not Available,Not Available,0,125264,Not Available,Not Available,2015-07-31T14:52:11.000,10,Not Available,Not Available,Not Available,0,649.2,Not Available,No,Not Available,Not Available,Not Available,Not Available,Not Available,Not Available,Not Available,Not Available,10022,Not Available,Not Available,82.9,Not Available,Not Available,Not Available,142.1,40.758108,691.3,Not Available,Not Available,78.1,Not Available,Not Available,Not Available,Not Available,Not Available,Not Available,09/03/2014 11:19 PM EDT,16,Ok,17410207,Not Available,New York,Not Available,1,Not Available,16526324.1,Not Available,Not Available,Not Available,1525.1
155-165 E. Mosholu Pkwy N,Ok,No,Not Available,Not Available,Not Available,Not Available,0,106500,Not Available,Not Available,2015-05-18T14:11:00.000,0,Not Available,Not Available,Not Available,0,867.6,Not Available,Not Available,Not Available,Not Available,Not Available,Not Available,Not Available,Not Available,Not Available,Not Available,10467,Not Available,Not Available,82.9,Not Available,Not Available,Not Available,117.7,40.87606,104.2,Not Available,Not Available,91.4,Not Available,Not Available,Not Available,Not Available,Not Available,Not Available,09/03/2014 11:20 PM EDT,0,Ok,12044148.7,Not Available,Bronx,Not Available,1,Not Available,14892668.7,Not Available,Not Available,Not Available,5816.8
1541-1551 Williamsbridge Rd.,Ok,No,Not Available,Not Available,Not Available,Not Available,0,107340,Not Available,Not Available,2015-05-18T14:10:47.000,0,Not Available,Not Available,Not Available,0,641.2,Not Available,Not Available,Not Available,Not Available,Not Available,Not Available,Not Available,Not Available,Not Available,Not Available,10461,Not Available,Not Available,82.9,Not Available,Not Available,Not Available,136.8,40.845856,125.4,Not Available,Not Available,102.7,Not Available,Not Available,Not Available,Not Available,Not Available,Not Available,09/03/2014 11:20 PM EDT,13,Ok,13605380.1,Not Available,New York,Not Available,1,Not Available,14405200.6,Not Available,Not Available,Not Available,74234.1
115 East 9th Street,Ok,No,Not Available,Not Available,Not Available,Not Available,0,237037,70,Not Available,2015-07-31T14:52:03.000,0,0.05556,Not Available,Not Available,0,2173,Not Available,Not Available,Not Available,Not Available,Not Available,Not Available,Not Available,Not Available,Not Available,12466.3,10003,Not Available,Not Available,82.9,Not Available,Not Available,Not Available,91.9,40.730345,187,Not Available,12466.3,72.3,Not Available,20000,0,Not Available,Not Available,Not Available,09/03/2014 11:19 PM EDT,18,Ok,22268325.1,Not Available,New York,Not Available,1,Not Available,36192028.1,Not Available,Not Available,Not Available,Not Available
42 Broadway,Ok,No,Not Available,Not Available,Not Available,Not Available,0,Not Available,Not Available,Not Available,2015-04-26T12:41:39.000,Not Available,Not Available,Not Available,Not Available,0,3365.8,Not Available,Not Available,Not Available,Not Available,Not Available,Not Available,Not Available,Not Available,2,Not Available,10006,Not Available,Not Available,82.9,Not Available,Not Available,0.89,236.1,40.70627,2070.5,Not Available,Not Available,98.7,Not Available,Not Available,Not Available,Not Available,Not Available,Not Available,04/15/2015 08:31 PM EDT,Not Available,Ok,91653489.9,Not Available,New York,779.83,1,Not Available,100768207.8,Not Available,Not Available,Not Available,Not Available
225 Park Ave South,Ok,No,Not Available,Not Available,Not Available,Not Available,0,Not Available,Not Available,Not Available,2015-04-21T16:26:46.000,Not Available,Not Available,Not Available,Not Available,0,6081,Not Available,No,Not Available,Not Available,Not Available,Not Available,Not Available,Not Available,4.34783,Not Available,10003,Not Available,Not Available,82.9,Not Available,Not Available,Not Available,187,40.737366,2579.6,Not Available,16341.5,80.5,Not Available,Not Available,Not Available,Not Available,Not Available,Not Available,04/16/2015 11:05 AM EDT,Not Available,Ok,112836258.3,Not Available,New York,2500,1,Not Available,181045595.7,Not Available,Not Available,Not Available,33227.1
44 West 62nd Street,Ok,No,Not Available,Not Available,Not Available,Not Available,0,208567,100,Not Available,2015-07-31T14:52:33.000,30,0,Not Available,Not Available,0,1093,Not Available,No,Not Available,Not Available,Not Available,Not Available,Not Available,Not Available,2.1978,Not Available,10023,Not Available,Not Available,82.9,Not Available,Not Available,Not Available,164.5,40.770755,1385.1,Not Available,Not Available,92.5,Not Available,33380,0,Not Available,Not Available,Not Available,09/03/2014 11:19 PM EDT,7,Ok,34207231.1,Not Available,New York,3,1,Not Available,27350962.5,Not Available,Not Available,Not Available,3805.3
330 W 34th St,Ok,No,Not Available,Not Available,Not Available,Not Available,0,Not Available,100,Not Available,2015-04-30T19:13:23.000,Not Available,0,Not Available,Not Available,0,7199.3,419249.33,Not Available,Not Available,Not Available,Not Available,Not Available,Not Available,Not Available,2.41243,4515.4,10001,Not Available,Not Available,82.9,Not Available,Not Available,Not Available,83,40.752619,899.1,Not Available,4515.4,46.2,Not Available,Not Available,0,Not Available,Not Available,Not Available,09/03/2014 11:19 PM EDT,Not Available,Ok,51691713.2,Not Available,New York,1500,1,Not Available,165532733.3,Not Available,Not Available,Not Available,25
4411 Broadway,Ok,No,Not Available,Not Available,Not Available,Not Available,0,85000,Not Available,Not Available,2015-04-14T10:47:29.000,Not Available,Not Available,Not Available,Not Available,0,558.6,Not Available,Not Available,Not Available,Not Available,Not Available,Not Available,Not Available,Not Available,Not Available,Not Available,10040,Not Available,Not Available,82.9,Not Available,Not Available,0.47,17.7,40.855513,15.7,Not Available,Not Available,12.8,Not Available,Not Available,Not Available,Not Available,Not Available,Not Available,04/08/2015 09:09 AM EDT,Not Available,Ok,Not Available,Not Available,New York,Not Available,1,Not Available,10181594.5,Not Available,Not Available,Not Available,38.7
121 EAST 24TH STREET,Ok,No,Not Available,Not Available,Not Available,Not Available,0,Not Available,Not Available,Not Available,2015-04-27T21:02:59.000,Not Available,Not Available,Not Available,Not Available,0,495.7,Not Available,Not Available,Not Available,Not Available,Not Available,Not Available,Not Available,Not Available,1.20003,Not Available,10010,Not Available,Not Available,82.9,Not Available,Not Available,Not Available,128.4,40.740448,155.3,Not Available,1197,64.7,Not Available,Not Available,Not Available,Not Available,Not Available,Not Available,09/03/2014 11:19 PM EDT,Not Available,Ok,Not Available,Not Available,NEW YORK,70,1,Not Available,12485413.1,Not Available,Not Available,Not Available,Not Available
603 West 148th Street,Ok,No,Not Available,Not Available,Not Available,Not Available,0,55454,Not Available,Not Available,2015-04-29T11:36:44.000,92,Not Available,Not Available,Not Available,0,317.9,Not Available,Not Available,Not Available,Not Available,Not Available,Not Available,Not Available,Not Available,Not Available,Not Available,10031,Not Available,Not Available,82.9,Not Available,Not Available,Not Available,134.4,40.828615,128.6,Not Available,Not Available,81.2,Not Available,Not Available,Not Available,Not Available,Not Available,Not Available,09/03/2014 11:20 PM EDT,0,Ok,8693305.2,Not Available,New York,Not Available,1,Not Available,8523914.8,Not Available,Not Available,Not Available,36429.2
1025 Gerard Avenue,Ok,No,Not Available,Not Available,Not Available,Not Available,0,59446,Not Available,Not Available,2015-04-30T16:26:12.000,0,Not Available,Not Available,Not Available,0,411.5,Not Available,Not Available,Not Available,Not Available,Not Available,Not Available,Not Available,Not Available,Not Available,5642.3,10452,Not Available,Not Available,82.9,Not Available,Not Available,Not Available,116.9,40.830975,62.1,Not Available,5642.3,88,Not Available,Not Available,Not Available,Not Available,Not Available,Not Available,09/03/2014 11:19 PM EDT,0,Ok,6948650.7,Not Available,Bronx,Not Available,1,Not Available,7969312.5,Not Available,Not Available,Not Available,17082
930 Saint Nicholas Avenue,Ok,No,Not Available,Not Available,Not Available,Not Available,0,52550,Not Available,Not Available,2015-05-01T17:22:03.000,0,Not Available,Not Available,Not Available,0,244.3,Not Available,Not Available,Not Available,Not Available,Not Available,Not Available,Not Available,Not Available,Not Available,Not Available,10032,Not Available,Not Available,82.9,Not Available,Not Available,0,49.5,40.832015,61.6,Not Available,Not Available,19,Not Available,Not Available,Not Available,Not Available,Not Available,Not Available,03/03/2015 03:47 PM EST,6,Ok,2591038.5,Not Available,New York,Not Available,1,Not Available,8454432.5,Not Available,Not Available,Not Available,2549
1535 East 14th Street,Ok,No,Not Available,Not Available,Not Available,Not Available,0,78000,Not Available,Not Available,2015-05-29T15:19:32.000,Not Available,Not Available,Not Available,Not Available,0,370.6,Not Available,Not Available,Not Available,Not Available,Not Available,Not Available,Not Available,Not Available,Not Available,Not Available,11230,Not Available,Not Available,82.9,Not Available,Not Available,Not Available,102.8,40.611852,89.9,Not Available,Not Available,70.3,Not Available,Not Available,Not Available,Not Available,Not Available,Not Available,09/03/2014 11:20 PM EDT,Not Available,Ok,7830034.2,Not Available,Brooklyn,Not Available,1,Not Available,9190219.4,Not Available,Not Available,Not Available,42434.6
40 W 225TH ST #50,Ok,No,Not Available,Not Available,Not Available,Not Available,0,Not Available,100,Not Available,2015-06-02T16:51:24.000,Not Available,0.04458,Not Available,Not Available,0,Not Available,Not Available,Not Available,Not Available,Not Available,Not Available,Not Available,Not Available,Not Available,Not Available,335.5,10463,Not Available,Not Available,82.9,Not Available,Not Available,3.93,263.4,40.873644,989.5,Not Available,335.5,99.6,Not Available,216000,49,Not Available,Not Available,Not Available,09/03/2014 11:17 PM EDT,Not Available,Ok,41163233.2,Not Available,BRONX,Not Available,1,Not Available,Not Available,Not Available,Not Available,Not Available,33342.2
520 8th AVe,Ok,No,Not Available,Not Available,Not Available,Not Available,0,Not Available,Not Available,Not Available,2015-04-09T17:21:12.000,Not Available,Not Available,Not Available,Not Available,0,6958.4,Not Available,Not Available,Not Available,Not Available,Not Available,Not Available,Not Available,Not Available,2.29112,19483.7,10018,Not Available,Not Available,82.9,Not Available,Not Available,Not Available,179.3,40.753612,3235.7,Not Available,20008.4,76,Not Available,Not Available,Not Available,Not Available,Not Available,Not Available,04/09/2015 03:51 PM EDT,Not Available,Ok,142122261.8,Not Available,New York,1791,1,Not Available,215603231.7,Not Available,Not Available,Not Available,93943.7
130 8th Avenue,Ok,No,Not Available,Not Available,Not Available,Not Available,0,56000,Not Available,Not Available,2015-04-25T13:59:15.000,Not Available,Not Available,Not Available,Not Available,0,276.6,Not Available,Not Available,Not Available,Not Available,Not Available,Not Available,Not Available,Not Available,Not Available,1700.9,11215,Not Available,Not Available,82.9,Not Available,Not Available,Not Available,120.5,40.672008,69,Not Available,1700.9,85.2,Not Available,Not Available,Not Available,Not Available,Not Available,Not Available,09/03/2014 11:20 PM EDT,Not Available,Ok,6550102.1,Not Available,Brooklyn,Not Available,1,Not Available,6707874,Not Available,Not Available,Not Available,37378.7
730 Third Avenue,Ok,No,Not Available,70.42,Not Available,Not Available,0,Not Available,Not Available,Not Available,2015-05-01T11:50:22.000,Not Available,Not Available,Not Available,Not Available,0,6659.9,Not Available,No,Not Available,Not Available,12900,52,Not Available,Not Available,3.67936,Not Available,10017,Not Available,Not Available,82.9,Not Available,Not Available,Not Available,227.7,40.753104,4445.4,9,12197.7,91.5,Not Available,Not Available,Not Available,Not Available,Not Available,Not Available,09/03/2014 11:16 PM EDT,Not Available,Ok,141907400.2,Not Available,New York,2160,1,Not Available,214090706.7,Not Available,Not Available,Not Available,Not Available
516 W 34th Street,Ok,No,Not Available,Not Available,Not Available,Not Available,0,Not Available,Not Available,Not Available,2015-04-16T11:57:29.000,Not Available,Not Available,Not Available,Not Available,0,2511.1,98130.09,Not Available,Not Available,Not Available,Not Available,Not Available,Not Available,Not Available,3.82838,Not Available,10001,Not Available,Not Available,82.9,Not Available,Not Available,Not Available,226.6,40.754985,1481.3,Not Available,Not Available,86.1,Not Available,Not Available,Not Available,Not Available,Not Available,Not Available,09/03/2014 11:20 PM EDT,Not Available,Ok,60501444.9,Not Available,New York,1044,1,Not Available,82262464.8,Not Available,Not Available,Not Available,7365.6
60 Broad Street,Ok,No,Not Available,Not Available,Not Available,Not Available,0,Not Available,Not Available,Not Available,2015-04-15T12:15:52.000,Not Available,Not Available,Not Available,Not Available,0,9889.1,Not Available,No,Not Available,Not Available,Not Available,Not Available,Not Available,Not Available,4.1722,Not Available,10004,Not Available,Not Available,82.9,Not Available,Not Available,2.39,227.9,40.705351,7607.5,Not Available,15576.4,101.1,Not Available,Not Available,Not Available,Not Available,Not Available,Not Available,10/02/2014 02:38 PM EDT,Not Available,Ok,222235430.1,Not Available,New York,4164,1,Not Available,295718313.5,Not Available,Not Available,Not Available,Not Available
325 Riverside Dr.,Ok,No,Not Available,Not Available,Not Available,Not Available,0,74899,Not Available,Not Available,2015-04-30T14:09:50.000,0,Not Available,Not Available,Not Available,0,468.4,Not Available,Not Available,Not Available,Not Available,Not Available,Not Available,Not Available,Not Available,Not Available,Not Available,10025,Not Available,Not Available,82.9,Not Available,Not Available,0,108.2,40.801425,75.2,Not Available,3082.5,78.9,Not Available,Not Available,Not Available,Not Available,Not Available,Not Available,09/03/2014 11:20 PM EDT,3,Ok,7825079.3,Not Available,New York,Not Available,1,Not Available,11127915.4,Not Available,Not Available,Not Available,47280.3
360 Madison Avenue,Ok,No,Not Available,Not Available,Not Available,Not Available,0,Not Available,100,Not Available,2015-05-01T00:35:55.000,Not Available,0,Not Available,Not Available,0,2673.4,Not Available,No,Not Available,Not Available,Not Available,Not Available,Not Available,Not Available,1.79047,Not Available,10017,Not Available,Not Available,82.9,Not Available,Not Available,Not Available,261.5,40.755024,2680.5,Not Available,Not Available,98.5,Not Available,Not Available,0,Not Available,Not Available,Not Available,05/01/2015 12:31 AM EDT,Not Available,Ok,89255342,Not Available,New York,583.88,0,Not Available,90067313.4,Not Available,Not Available,Not Available,Not Available
120 East 90th Street,Ok,No,Not Available,Not Available,Not Available,Not Available,0,77520,100,Not Available,2015-07-31T14:52:18.000,6,0,Not Available,Not Available,0,538.1,Not Available,Not Available,Not Available,Not Available,Not Available,Not Available,Not Available,Not Available,Not Available,Not Available,10128,Not Available,Not Available,82.9,Not Available,Not Available,Not Available,173,40.782344,254.2,Not Available,Not Available,96.8,Not Available,Not Available,0,Not Available,Not Available,Not Available,09/03/2014 11:19 PM EDT,12,Ok,14750887.1,Not Available,New York,Not Available,1,Not Available,12544544,Not Available,Not Available,Not Available,2806.7
110 Post Avenue,Ok,No,Not Available,Not Available,Not Available,Not Available,0,106215,Not Available,Not Available,2015-05-02T23:33:58.000,0,Not Available,Not Available,Not Available,0,410.9,Not Available,Not Available,Not Available,Not Available,Not Available,Not Available,Not Available,Not Available,Not Available,7573.5,10034,Not Available,Not Available,82.9,Not Available,Not Available,Not Available,Not Available,40.864395,95.1,Not Available,7573.5,Not Available,Not Available,Not Available,Not Available,Not Available,Not Available,Not Available,09/03/2014 11:20 PM EDT,4,Ok,Not Available,Not Available,New York,Not Available,1,Not Available,13588104.9,Not Available,Not Available,Not Available,Not Available
824 West 176th Street,Ok,No,Not Available,Not Available,Not Available,Not Available,0,84800,Not Available,Not Available,2015-04-14T10:47:28.000,Not Available,Not Available,Not Available,Not Available,0,268.3,Not Available,Not Available,Not Available,Not Available,Not Available,Not Available,Not Available,Not Available,Not Available,2252.4,10024,Not Available,Not Available,82.9,Not Available,Not Available,Not Available,4.7,40.847448,10.6,Not Available,3976.7,1.5,Not Available,Not Available,Not Available,Not Available,Not Available,Not Available,09/03/2014 11:20 PM EDT,Not Available,Ok,399898.8,Not Available,New York,Not Available,1,Not Available,10157637.8,Not Available,Not Available,Not Available,Not Available
1540 Broadway,Ok,No,Not Available,Not Available,Not Available,Not Available,0,Not Available,100,Not Available,2015-04-30T19:13:24.000,Not Available,0,Not Available,Not Available,0,7166.1,Not Available,Not Available,Not Available,Not Available,Not Available,Not Available,Not Available,Not Available,1.79627,Not Available,10036,Not Available,Not Available,82.9,Not Available,Not Available,Not Available,326,40.757847,8012.7,Not Available,Not Available,109.9,Not Available,37039,6,Not Available,Not Available,Not Available,09/03/2014 11:20 PM EDT,Not Available,Ok,313385598.3,Not Available,New York,1417.94,0,Not Available,264225890.1,Not Available,Not Available,Not Available,87270.6
1 Court Square,Ok,Yes,Not Available,Not Available,Not Available,Not Available,0,Not Available,Not Available,Not Available,2015-04-30T17:00:46.000,Not Available,Not Available,Not Available,Not Available,0,10457.5,Not Available,Not Available,Not Available,Not Available,10561,55,Not Available,Not Available,3.46254,31705.5,11101,Not Available,Not Available,82.9,Not Available,Not Available,Not Available,226.6,40.746704,8558.6,Not Available,31705.5,72.9,Not Available,Not Available,Not Available,Not Available,Not Available,Not Available,09/03/2014 11:17 PM EDT,Not Available,Ok,316931634.7,Not Available,NEW YORK,4912,1,Not Available,393948211.8,Not Available,Not Available,Not Available,13382.6
270 Madison Avenue,Ok,No,Not Available,Not Available,Not Available,Not Available,0,Not Available,Not Available,Not Available,2015-04-29T11:55:03.000,Not Available,Not Available,Not Available,Not Available,0,2386.1,Not Available,Not Available,Not Available,Not Available,Not Available,Not Available,Not Available,Not Available,2.80657,Not Available,10016,Not Available,Not Available,82.9,Not Available,Not Available,Not Available,181.3,40.751124,1112.5,Not Available,Not Available,76.3,Not Available,Not Available,Not Available,Not Available,Not Available,Not Available,09/03/2014 11:20 PM EDT,Not Available,Ok,Not Available,Not Available,New York,769,1,Not Available,70818640.6,Not Available,Not Available,Not Available,1148.6
359 Fort Washington,Ok,No,Not Available,Not Available,Not Available,Not Available,0,81804,Not Available,Not Available,2015-04-30T14:09:52.000,0,Not Available,Not Available,Not Available,0,452.1,Not Available,Not Available,Not Available,Not Available,Not Available,Not Available,Not Available,Not Available,Not Available,Not Available,10033,Not Available,Not Available,82.9,Not Available,Not Available,0,104.8,,78.4,Not Available,Not Available,76.8,Not Available,Not Available,Not Available,Not Available,Not Available,Not Available,04/23/2015 02:40 PM EDT,5,Ok,8242161.9,Not Available,New York,Not Available,1,Not Available,10709275.8,Not Available,Not Available,Not Available,50257.1
400 Park Avenue,Ok,No,Not Available,Not Available,Not Available,Not Available,0,Not Available,Not Available,Not Available,2015-04-16T15:52:26.000,Not Available,Not Available,Not Available,Not Available,0,766.7,Not Available,No,Not Available,Not Available,42068,54.73,Not Available,Not Available,1.7292,2163,10022,Not Available,Not Available,82.9,Not Available,Not Available,2.08,200.1,40.75978,1036.1,Not Available,2163,77.5,Not Available,Not Available,Not Available,Not Available,Not Available,Not Available,09/03/2014 11:20 PM EDT,Not Available,Ok,34287632.2,Not Available,New York,223.07,1,Not Available,25326815.1,Not Available,Not Available,Not Available,Not Available
11 West 42nd street,Ok,No,Not Available,Not Available,Not Available,Not Available,0,Not Available,Not Available,Not Available,2015-04-27T14:28:25.000,Not Available,Not Available,Not Available,250,0,11447.7,Not Available,Not Available,Not Available,Not Available,Not Available,Not Available,Not Available,Not Available,2.36173,25560.2,10036,Not Available,Not Available,82.9,Not Available,Not Available,Not Available,282.6,40.75379,1147.7,Not Available,25560.2,239.9,Not Available,Not Available,Not Available,Not Available,Not Available,Not Available,04/27/2015 11:28 AM EDT,Not Available,Ok,257719471.6,Not Available,New York,1921,1,Not Available,239096573.9,Not Available,Not Available,Not Available,1922749
3315 NOSTRAND AVE PLPM,Ok,No,Not Available,Not Available,Not Available,Not Available,0,89004,Not Available,Not Available,2015-04-30T16:29:40.000,Not Available,Not Available,Not Available,Not Available,0,535.1,Not Available,Not Available,Not Available,Not Available,Not Available,Not Available,Not Available,Not Available,Not Available,Not Available,11229,Not Available,Not Available,82.9,Not Available,Not Available,0,137.7,40.60347,110.8,Not Available,Not Available,101.3,Not Available,Not Available,Not Available,Not Available,Not Available,Not Available,04/15/2015 04:42 PM EDT,Not Available,Ok,12080532.3,Not Available,Brooklyn,Not Available,1,Not Available,12647354.1,Not Available,Not Available,Not Available,75095.9
80 Riverside Boulevard,Ok,No,Not Available,Not Available,Not Available,Not Available,Not Available,640641,Not Available,Not Available,2015-07-31T14:52:35.000,342,Not Available,Not Available,Not Available,Not Available,2495.7,Not Available,Not Available,Not Available,Not Available,Not Available,Not Available,Not Available,Not Available,Not Available,Not Available,10069,Not Available,Not Available,82.9,Not Available,Not Available,Not Available,Not Available,40.775485,Not Available,Not Available,Not Available,Not Available,Not Available,0,Not Available,Not Available,Not Available,Not Available,06/03/2015 05:01 PM EDT,6,Ok,Not Available,Not Available,New York,Not Available,1,Not Available,82537743,Not Available,Not Available,Not Available,254261.6
250 West 39th Street,Ok,No,Not Available,Not Available,Not Available,Not Available,0,Not Available,100,Not Available,2015-07-30T10:59:24.000,Not Available,0,Not Available,Not Available,0,1519.9,Not Available,Not Available,Not Available,Not Available,Not Available,Not Available,Not Available,Not Available,1.09566,Not Available,10018,Not Available,Not Available,82.9,Not Available,Not Available,Not Available,136.7,40.754732,570.7,Not Available,Not Available,61.9,Not Available,Not Available,4,Not Available,Not Available,Not Available,05/19/2015 01:42 PM EDT,Not Available,Ok,Not Available,Not Available,New York,193,1,Not Available,42169866.4,Not Available,Not Available,Not Available,8.9
620 West 47th Street,Ok,No,Not Available,Not Available,Not Available,Not Available,0,Not Available,Not Available,Not Available,2015-05-01T10:58:59.000,Not Available,Not Available,Not Available,Not Available,0,111.7,Not Available,Not Available,Not Available,Not Available,Not Available,Not Available,Not Available,Not Available,Not Available,Not Available,10036,Not Available,Not Available,82.9,Not Available,Not Available,5.13,315.7,40.764246,167,Not Available,Not Available,154.9,Not Available,Not Available,Not Available,Not Available,Not Available,Not Available,04/30/2015 03:29 PM EDT,Not Available,Ok,8588829.9,Not Available,New York,Not Available,1,Not Available,3385828.5,Not Available,Not Available,Not Available,21306.8
136 West 21st Street,Ok,No,Not Available,Not Available,Not Available,Not Available,0,Not Available,Not Available,Not Available,2015-06-02T15:08:53.000,Not Available,Not Available,Not Available,Not Available,0,399.5,Not Available,Not Available,Not Available,Not Available,Not Available,Not Available,Not Available,Not Available,Not Available,Not Available,10011,Not Available,Not Available,82.9,Not Available,Not Available,Not Available,483.8,40.742101,431.5,Not Available,Not Available,219.1,Not Available,Not Available,Not Available,Not Available,Not Available,Not Available,09/03/2014 11:20 PM EDT,Not Available,Ok,Not Available,Not Available,New York,Not Available,1,Not Available,11085761.9,Not Available,Not Available,Not Available,51.8
9216 7th Avenue,Ok,No,Not Available,Not Available,Not Available,Not Available,0,Not Available,Not Available,Not Available,2015-04-27T16:39:37.000,Not Available,Not Available,Not Available,Not Available,0,904.2,Not Available,Not Available,Not Available,Not Available,Not Available,Not Available,Not Available,Not Available,Not Available,Not Available,11228,Not Available,Not Available,82.9,Not Available,Not Available,2.77,180.3,40.612318,330.1,Not Available,Not Available,113,Not Available,Not Available,Not Available,Not Available,Not Available,Not Available,09/03/2014 11:19 PM EDT,Not Available,Ok,Not Available,Not Available,Brooklyn,Not Available,1,Not Available,22845887.4,Not Available,Not Available,Not Available,92159.7
178-10 WEXFORD TERR ENTM,Ok,No,Not Available,Not Available,Not Available,Not Available,0,144350,Not Available,Not Available,2015-04-30T16:29:38.000,Not Available,Not Available,Not Available,Not Available,0,756.1,Not Available,Not Available,Not Available,Not Available,Not Available,Not Available,Not Available,Not Available,Not Available,Not Available,11432,Not Available,Not Available,82.9,Not Available,Not Available,0,129.4,40.71335,233,Not Available,Not Available,84.5,Not Available,Not Available,Not Available,Not Available,Not Available,Not Available,04/15/2015 04:42 PM EDT,Not Available,Ok,18248492.3,Not Available,Queens,Not Available,1,Not Available,19304004.2,Not Available,Not Available,Not Available,91519.7
67-97 224 STREET,Ok,No,Not Available,Not Available,Not Available,Not Available,Not Available,10875,Not Available,Not Available,2015-04-30T11:04:42.000,Not Available,Not Available,Not Available,Not Available,Not Available,42.1,Not Available,Not Available,Not Available,Not Available,Not Available,Not Available,Not Available,Not Available,Not Available,Not Available,11364,Not Available,Not Available,82.9,Not Available,Not Available,Not Available,Not Available,40.745187,Not Available,Not Available,Not Available,Not Available,Not Available,Not Available,Not Available,Not Available,Not Available,Not Available,04/29/2015 01:05 PM EDT,Not Available,Ok,Not Available,Not Available,Oakland Gardens,Not Available,1,Not Available,1391240.8,Not Available,Not Available,Not Available,11920
481 8th Avenue,Ok,No,Not Available,Not Available,159470,Not Available,0,Not Available,Not Available,Not Available,2015-05-13T15:47:41.000,Not Available,Not Available,Not Available,Not Available,0,8053.8,Not Available,No,Not Available,742596,Not Available,Not Available,Not Available,Not Available,1.25,70232.5,10001,Not Available,Not Available,82.9,Not Available,Not Available,Not Available,206.5,40.752295,3772.8,Not Available,70232.5,118.2,Not Available,Not Available,Not Available,Not Available,Not Available,Not Available,03/16/2015 02:15 PM EDT,Not Available,Ok,Not Available,Not Available,New York,200,1,Not Available,216843892.4,Not Available,Not Available,1850,691494.8
3830 Woodside Ave,Ok,No,Not Available,Not Available,Not Available,Not Available,0,Not Available,Not Available,Not Available,2015-03-31T11:52:50.000,Not Available,Not Available,Not Available,Not Available,0,596.7,Not Available,Not Available,36135.43,Not Available,Not Available,Not Available,Not Available,Not Available,4.94721,Not Available,11104,Not Available,Not Available,82.9,Not Available,Not Available,5.21,272.3,40.749499,409.6,Not Available,Not Available,123.4,Not Available,Not Available,Not Available,Not Available,Not Available,Not Available,09/03/2014 11:18 PM EDT,Not Available,Ok,Not Available,Not Available,Long Island City,328,1,Not Available,17761466.4,Not Available,Not Available,Not Available,19657.8
192-05 73 Ave,Ok,No,Not Available,Not Available,Not Available,Not Available,0,13800,Not Available,Not Available,2015-04-24T12:08:25.000,Not Available,Not Available,Not Available,Not Available,0,149.5,Not Available,Not Available,Not Available,Not Available,Not Available,Not Available,Not Available,Not Available,Not Available,Not Available,11365,Not Available,Not Available,82.9,Not Available,Not Available,5.05,686.9,40.734053,88.2,Not Available,Not Available,500.8,Not Available,Not Available,Not Available,Not Available,Not Available,Not Available,04/15/2015 04:41 PM EDT,Not Available,Ok,9490405.3,Not Available,Fresh Meadows,Not Available,1,Not Available,3552342.5,Not Available,Not Available,Not Available,58478.7
5 BROADWAY,Ok,No,Not Available,Not Available,Not Available,Not Available,0,Not Available,Not Available,Not Available,2015-04-29T16:05:50.000,Not Available,Not Available,Not Available,Not Available,0,4043.2,Not Available,No,Not Available,Not Available,Not Available,Not Available,Not Available,Not Available,4.49984,Not Available,10004,Not Available,Not Available,82.9,Not Available,Not Available,Not Available,235.2,40.705019,3203.8,Not Available,11708.5,99.8,Not Available,Not Available,Not Available,Not Available,Not Available,Not Available,04/03/2015 04:57 PM EDT,Not Available,Ok,99125833.5,Not Available,NEW YORK,1905,1,Not Available,125045381.7,Not Available,Not Available,Not Available,2869
463 East Fordham Road,Ok,No,Not Available,Not Available,Not Available,Not Available,0,Not Available,Not Available,Not Available,2015-04-24T09:43:29.000,Not Available,Not Available,Not Available,Not Available,0,594.3,Not Available,Not Available,Not Available,Not Available,Not Available,Not Available,Not Available,Not Available,Not Available,Not Available,10458,Not Available,Not Available,82.9,Not Available,Not Available,1.14,63.4,40.860607,389.4,Not Available,Not Available,20.2,Not Available,Not Available,Not Available,Not Available,Not Available,Not Available,09/03/2014 11:20 PM EDT,Not Available,Ok,14741982.7,Not Available,Bronx,Not Available,1,Not Available,22499531.7,Not Available,Not Available,Not Available,Not Available
630 3rd Avenue,Ok,Yes,Not Available,Not Available,Not Available,Not Available,0,Not Available,100,Not Available,2015-04-24T12:19:56.000,Not Available,0,Not Available,Not Available,0,1777,Not Available,No,Not Available,Not Available,Not Available,Not Available,Not Available,Not Available,2.87805,3227.2,10017,Not Available,Not Available,82.9,Not Available,Not Available,Not Available,169.7,40.749798,1140.5,Not Available,3227.2,61.5,Not Available,Not Available,7,Not Available,Not Available,Not Available,09/03/2014 11:19 PM EDT,Not Available,Ok,38927903.9,Not Available,New York,649,1,Not Available,61526053,Not Available,Not Available,Not Available,Not Available
255 Greenwich Street,Ok,No,Not Available,Not Available,Not Available,Not Available,0,Not Available,Not Available,Not Available,2015-04-28T15:12:28.000,Not Available,Not Available,Not Available,Not Available,0,2170.6,Not Available,No,Not Available,Not Available,Not Available,Not Available,Not Available,Not Available,4.89661,Not Available,10007,Not Available,Not Available,82.9,Not Available,Not Available,Not Available,255,40.71445,3738.4,Not Available,Not Available,92.6,Not Available,16818,Not Available,Not Available,Not Available,Not Available,09/03/2014 11:18 PM EDT,Not Available,Ok,128607291.1,Not Available,New York,1820,1,Not Available,75061497,Not Available,Not Available,Not Available,Not Available
223-27 65th Avenue,Ok,No,Not Available,Not Available,Not Available,Not Available,Not Available,12150,Not Available,Not Available,2015-04-30T11:04:38.000,Not Available,Not Available,Not Available,Not Available,Not Available,47,Not Available,Not Available,Not Available,Not Available,Not Available,Not Available,Not Available,Not Available,Not Available,Not Available,11364,Not Available,Not Available,82.9,Not Available,Not Available,Not Available,Not Available,40.746855,Not Available,Not Available,Not Available,Not Available,Not Available,Not Available,Not Available,Not Available,Not Available,Not Available,04/29/2015 12:31 PM EDT,Not Available,Ok,Not Available,Not Available,Oakland Gardens,Not Available,1,Not Available,1554351.8,Not Available,Not Available,Not Available,11247.9
3463 third ave,Ok,No,Not Available,Not Available,Not Available,Not Available,0,144730,Not Available,Not Available,2015-04-30T16:26:12.000,0,Not Available,Not Available,Not Available,0,682.3,Not Available,Not Available,Not Available,Not Available,Not Available,Not Available,Not Available,Not Available,Not Available,0,10456,Not Available,Not Available,82.9,Not Available,Not Available,Not Available,113.8,40.829837,234.7,Not Available,0,69.5,Not Available,Not Available,Not Available,Not Available,Not Available,Not Available,09/03/2014 11:19 PM EDT,0,Ok,15836990.7,Not Available,bronx,Not Available,1,Not Available,18172547.7,Not Available,Not Available,Not Available,67773.3
112-02 15th Ave,Ok,No,Not Available,Not Available,Not Available,Not Available,0,Not Available,Not Available,Not Available,2015-04-20T13:47:32.000,Not Available,Not Available,Not Available,Not Available,0,764.9,Not Available,Not Available,Not Available,Not Available,Not Available,Not Available,Not Available,Not Available,Not Available,94452.2,11356,Not Available,Not Available,82.9,Not Available,Not Available,Not Available,674.1,40.783872,1198.7,Not Available,94452.2,462.2,Not Available,Not Available,Not Available,Not Available,Not Available,Not Available,09/03/2014 11:19 PM EDT,Not Available,Ok,107848730.3,Not Available,College Point,Not Available,1,Not Available,18926350.1,Not Available,Not Available,Not Available,594909.4
153 East 57th Street,Ok,No,Not Available,Not Available,Not Available,Not Available,0,129049,100,Not Available,2015-04-29T11:36:18.000,0,0,Not Available,Not Available,0,877,Not Available,Not Available,Not Available,Not Available,Not Available,Not Available,Not Available,Not Available,Not Available,Not Available,10155,Not Available,Not Available,82.9,Not Available,Not Available,0,155.4,40.760726,313.9,Not Available,Not Available,95,Not Available,11797,0,Not Available,Not Available,Not Available,09/03/2014 11:20 PM EDT,18,Ok,20690331.4,Not Available,New York,Not Available,1,Not Available,18784658.3,Not Available,Not Available,Not Available,2525.1
460 HOWARD AVE OM,Ok,No,Not Available,Not Available,Not Available,Not Available,0,22033,Not Available,Not Available,2015-04-30T16:29:45.000,Not Available,Not Available,Not Available,Not Available,0,127.1,Not Available,Not Available,Not Available,Not Available,Not Available,Not Available,Not Available,Not Available,Not Available,Not Available,10301,Not Available,Not Available,82.9,Not Available,Not Available,0,175.5,40.619147,25.7,Not Available,Not Available,139.1,Not Available,Not Available,Not Available,Not Available,Not Available,Not Available,04/15/2015 04:43 PM EDT,Not Available,Ok,3786350.9,Not Available,Staten Island,Not Available,1,Not Available,2857269,Not Available,Not Available,Not Available,26783.6
425 East 51st Street,Ok,No,Not Available,Not Available,Not Available,Not Available,0,81862,Not Available,Not Available,2015-07-31T14:52:04.000,0,Not Available,Not Available,Not Available,0,559.7,Not Available,Not Available,Not Available,Not Available,Not Available,Not Available,Not Available,Not Available,Not Available,Not Available,10022,Not Available,Not Available,82.9,Not Available,Not Available,Not Available,68.7,40.754145,71.4,Not Available,Not Available,45.7,Not Available,Not Available,Not Available,Not Available,Not Available,Not Available,05/01/2015 05:21 PM EDT,8,Ok,Not Available,Not Available,New York,Not Available,1,Not Available,11220423,Not Available,Not Available,Not Available,2245.8
215 East 73rd Street,Ok,No,Not Available,Not Available,Not Available,Not Available,0,82199,Not Available,Not Available,2015-07-31T14:52:24.000,6,Not Available,Not Available,Not Available,0,522.1,Not Available,Not Available,Not Available,Not Available,Not Available,Not Available,Not Available,Not Available,Not Available,Not Available,10021,Not Available,Not Available,82.9,Not Available,Not Available,Not Available,119.5,40.770203,135.1,Not Available,Not Available,76.4,Not Available,Not Available,Not Available,Not Available,Not Available,Not Available,09/03/2014 11:19 PM EDT,16,Ok,Not Available,Not Available,New York,Not Available,1,Not Available,10622866.6,Not Available,Not Available,Not Available,1385
444 East 75th Street,Ok,No,Not Available,Not Available,Not Available,Not Available,0,142521,100,Not Available,2015-07-31T14:52:09.000,4,0,Not Available,Not Available,0,987.2,Not Available,Not Available,Not Available,Not Available,Not Available,Not Available,Not Available,Not Available,Not Available,7280.8,10021,Not Available,Not Available,82.9,Not Available,Not Available,Not Available,156.1,40.76879,244.7,Not Available,7280.8,111.3,Not Available,Not Available,0,Not Available,Not Available,Not Available,09/03/2014 11:19 PM EDT,16,Ok,22403079.9,Not Available,New York,Not Available,1,Not Available,18424633.6,Not Available,Not Available,Not Available,4731.5
1015 Gerard Avenue,Ok,No,Not Available,Not Available,Not Available,Not Available,0,59446,Not Available,Not Available,2015-04-30T16:26:12.000,0,Not Available,Not Available,Not Available,0,404.1,Not Available,Not Available,Not Available,Not Available,Not Available,Not Available,Not Available,Not Available,Not Available,0,10452,Not Available,Not Available,82.9,Not Available,Not Available,Not Available,132.2,40.830774,71,Not Available,0,99.5,Not Available,Not Available,Not Available,Not Available,Not Available,Not Available,04/30/2015 02:20 PM EDT,0,Ok,7643268.8,Not Available,Bronx,Not Available,1,Not Available,7701465.9,Not Available,Not Available,Not Available,16073
47-40 21st Street,Ok,No,Not Available,Not Available,Not Available,Not Available,0,Not Available,Not Available,Not Available,2015-04-21T15:25:15.000,Not Available,Not Available,Not Available,Not Available,0,1548.7,Not Available,Not Available,Not Available,Not Available,Not Available,Not Available,Not Available,Not Available,2.75876,3185.7,11101,Not Available,Not Available,82.9,Not Available,Not Available,2.71,126.3,40.743852,590.6,Not Available,3185.7,49.2,Not Available,Not Available,Not Available,Not Available,Not Available,Not Available,09/03/2014 11:20 PM EDT,Not Available,Ok,Not Available,Not Available,Long Island City,550,1,Not Available,53187178.1,Not Available,Not Available,Not Available,Not Available
320 East 43rd Street,Ok,No,Not Available,Not Available,Not Available,Not Available,0,Not Available,Not Available,Not Available,2015-04-08T17:22:11.000,Not Available,Not Available,Not Available,Not Available,0,1406.5,Not Available,No,Not Available,Not Available,Not Available,Not Available,Not Available,Not Available,0.87321,1478.2,10017,Not Available,Not Available,82.9,Not Available,Not Available,Not Available,185.3,40.750156,1730.9,Not Available,1478.2,81.4,Not Available,Not Available,Not Available,Not Available,Not Available,Not Available,09/03/2014 11:16 PM EDT,Not Available,Ok,52002898.7,Not Available,New York,250,0,Not Available,42549653.3,Not Available,Not Available,Not Available,5557
3310 NOSTRAND AVE PLPM,Ok,No,Not Available,Not Available,Not Available,Not Available,0,93118,Not Available,Not Available,2015-04-30T16:29:40.000,Not Available,Not Available,Not Available,Not Available,0,505,Not Available,Not Available,Not Available,Not Available,Not Available,Not Available,Not Available,Not Available,Not Available,Not Available,11229,Not Available,Not Available,82.9,Not Available,Not Available,0,155.1,40.603575,156.9,Not Available,Not Available,107.3,Not Available,Not Available,Not Available,Not Available,Not Available,Not Available,04/15/2015 04:42 PM EDT,Not Available,Ok,14166419.7,Not Available,Brooklyn,Not Available,1,Not Available,12426109.4,Not Available,Not Available,Not Available,78704.5
148 WEST 37TH STREET,Ok,No,Not Available,Not Available,Not Available,Not Available,0,Not Available,Not Available,Not Available,2015-04-27T21:06:47.000,Not Available,Not Available,Not Available,Not Available,0,825,Not Available,Not Available,Not Available,Not Available,Not Available,Not Available,Not Available,Not Available,1.3493,Not Available,10018,Not Available,Not Available,82.9,Not Available,Not Available,Not Available,104.4,40.752465,218,Not Available,502.2,49.3,Not Available,Not Available,Not Available,Not Available,Not Available,Not Available,09/03/2014 11:19 PM EDT,Not Available,Ok,Not Available,Not Available,NEW YORK,130,1,Not Available,22179446.7,Not Available,Not Available,Not Available,22.5
8855 BAY PKWY HCM,Ok,No,Not Available,Not Available,Not Available,Not Available,0,134270,Not Available,Not Available,2015-04-30T16:29:42.000,Not Available,Not Available,Not Available,Not Available,0,816.2,Not Available,Not Available,Not Available,Not Available,Not Available,Not Available,Not Available,Not Available,Not Available,Not Available,11214,Not Available,Not Available,82.9,Not Available,Not Available,0,129.5,40.596831,185,Not Available,Not Available,90.3,Not Available,Not Available,Not Available,Not Available,Not Available,Not Available,04/15/2015 04:43 PM EDT,Not Available,Ok,17112659.3,Not Available,Brooklyn,Not Available,1,Not Available,19982425.2,Not Available,Not Available,Not Available,96259.4
240 Riverside Blvd,Ok,No,Not Available,Not Available,Not Available,Not Available,0,447049,Not Available,Not Available,2015-04-30T14:19:36.000,340,Not Available,Not Available,Not Available,0,1920.5,Not Available,Not Available,Not Available,Not Available,Not Available,Not Available,Not Available,Not Available,Not Available,Not Available,10069,Not Available,Not Available,82.9,Not Available,Not Available,1.69,152.7,40.780478,1110.4,Not Available,Not Available,85.8,Not Available,58919,Not Available,Not Available,Not Available,Not Available,04/15/2015 04:36 PM EDT,6,Ok,67599973.1,Not Available,New York,Not Available,1,Not Available,53796863.5,Not Available,Not Available,Not Available,241702.9
175 West 12th Street,Ok,No,Not Available,Not Available,Not Available,Not Available,0,161596,100,Not Available,2015-04-29T11:36:01.000,0,0,Not Available,Not Available,0,1353.2,Not Available,Not Available,Not Available,Not Available,Not Available,Not Available,Not Available,Not Available,Not Available,Not Available,10011,Not Available,Not Available,82.9,Not Available,Not Available,1.2,128,40.736853,303.2,Not Available,Not Available,81.5,40,Not Available,14,Not Available,Not Available,Not Available,09/03/2014 11:20 PM EDT,10,Ok,21277742.2,Not Available,New York,Not Available,1,Not Available,28026265.3,Not Available,Not Available,Not Available,4459.7
519 GATEWAY DR,Ok,No,Not Available,Not Available,Not Available,Not Available,0,Not Available,100,Not Available,2015-06-02T16:51:23.000,Not Available,0.047,Not Available,Not Available,0,1640.6,Not Available,Not Available,Not Available,Not Available,Not Available,Not Available,Not Available,Not Available,Not Available,1786.6,11239,Not Available,Not Available,82.9,Not Available,Not Available,3.14,226.1,40.651356,654.4,Not Available,1786.6,109.9,Not Available,0,52,Not Available,Not Available,Not Available,09/03/2014 11:17 PM EDT,Not Available,Ok,33276256,Not Available,BROOKLYN,Not Available,1,Not Available,50019612,Not Available,Not Available,Not Available,81009.3
275 Madison Avenue,Ok,No,Not Available,Not Available,Not Available,Not Available,0,Not Available,Not Available,Not Available,2015-04-30T12:38:27.000,Not Available,Not Available,Not Available,Not Available,0,2949.5,Not Available,Not Available,Not Available,Not Available,13610,100,Not Available,Not Available,2.80836,Not Available,10016,Not Available,Not Available,82.9,Not Available,Not Available,2.97,188.7,40.751261,1155.9,Not Available,Not Available,94.7,Not Available,Not Available,Not Available,Not Available,Not Available,Not Available,04/15/2015 04:45 PM EDT,Not Available,Ok,61155051.5,Not Available,New York,836,1,Not Available,85873717.6,Not Available,Not Available,Not Available,141281.8
1919 Williamsbridge Road,Ok,No,Not Available,Not Available,Not Available,Not Available,0,49500,Not Available,Not Available,2015-04-30T20:24:18.000,17,Not Available,Not Available,Not Available,0,271.9,Not Available,Not Available,Not Available,Not Available,Not Available,Not Available,Not Available,Not Available,Not Available,Not Available,10461,Not Available,Not Available,82.9,Not Available,Not Available,Not Available,163.1,40.852799,89.4,Not Available,Not Available,113.6,40,Not Available,Not Available,Not Available,Not Available,Not Available,09/03/2014 11:19 PM EDT,0,Ok,Not Available,Not Available,Bronx,Not Available,1,Not Available,6558341.1,Not Available,Not Available,Not Available,43901.4
2690 Morris Avenue,Ok,No,Not Available,Not Available,Not Available,Not Available,0,79600,Not Available,Not Available,2015-05-18T14:10:48.000,Not Available,Not Available,Not Available,Not Available,0,568.3,Not Available,Not Available,Not Available,Not Available,Not Available,Not Available,Not Available,Not Available,Not Available,Not Available,10468,Not Available,Not Available,82.9,Not Available,Not Available,Not Available,149.3,40.86762,90.1,Not Available,Not Available,118.8,Not Available,Not Available,Not Available,Not Available,Not Available,Not Available,09/03/2014 11:20 PM EDT,Not Available,Ok,11018790.9,Not Available,Bronx,Not Available,1,Not Available,9534763.8,Not Available,Not Available,Not Available,5475
174 Hudson Street,Ok,No,Not Available,Not Available,Not Available,Not Available,0,Not Available,Not Available,Not Available,2015-03-13T11:56:44.000,Not Available,Not Available,Not Available,Not Available,0,304.1,Not Available,Not Available,Not Available,Not Available,Not Available,Not Available,Not Available,Not Available,3.38164,504.2,10013,Not Available,Not Available,82.9,Not Available,Not Available,Not Available,155.8,40.722374,212.9,Not Available,504.2,49.6,Not Available,Not Available,Not Available,Not Available,Not Available,Not Available,09/03/2014 11:20 PM EDT,Not Available,Ok,8061251.5,Not Available,New York,175,1,Not Available,11512316.8,Not Available,Not Available,Not Available,Not Available
120 West 176th St,Ok,No,Not Available,Not Available,Not Available,Not Available,0,56370,Not Available,Not Available,2015-04-27T14:21:03.000,0,Not Available,Not Available,Not Available,0,343.5,Not Available,Not Available,Not Available,Not Available,Not Available,Not Available,Not Available,Not Available,Not Available,4200.8,10453,Not Available,Not Available,82.9,Not Available,Not Available,Not Available,116.3,40.849441,71.1,Not Available,4200.8,80.5,Not Available,Not Available,Not Available,Not Available,Not Available,Not Available,04/16/2015 12:41 PM EDT,14,Ok,6423021.3,Not Available,Bronx,Not Available,1,Not Available,8447496.1,Not Available,Not Available,Not Available,35535.8
250 Vesey Street,Ok,No,-171341364.8,Not Available,Not Available,Not Available,0,Not Available,Not Available,Not Available,2015-04-20T11:13:09.000,Not Available,Not Available,Not Available,Not Available,0,8958.6,Not Available,No,Not Available,Not Available,Not Available,Not Available,Not Available,Not Available,1.66566,29751.8,10281,Not Available,Not Available,82.9,Not Available,Not Available,Not Available,171.3,40.714529,6100.2,Not Available,29751.8,10.4,Not Available,143982,Not Available,Not Available,Not Available,Not Available,04/09/2015 04:54 PM EDT,Not Available,Ok,338445230.5,Not Available,New York,3300,1,Not Available,498445535.2,Not Available,Not Available,Not Available,Not Available
970 Park Avenue,Ok,No,Not Available,Not Available,Not Available,Not Available,0,102804,Not Available,Not Available,2015-07-31T14:52:29.000,45,Not Available,Not Available,Not Available,0,565.1,Not Available,Not Available,98418.88,Not Available,Not Available,Not Available,Not Available,Not Available,Not Available,Not Available,10028,Not Available,Not Available,82.9,Not Available,Not Available,Not Available,116.1,40.778036,166.1,Not Available,Not Available,73.5,Not Available,Not Available,Not Available,Not Available,Not Available,Not Available,05/04/2015 01:28 PM EDT,9,Ok,Not Available,Not Available,New York,Not Available,1,Not Available,12007571.2,Not Available,Not Available,Not Available,10070.9
111 W 67th St,Ok,No,Not Available,Not Available,Not Available,Not Available,0,325728,100,Not Available,2015-04-30T09:36:11.000,0,0,Not Available,Not Available,0,3283.1,Not Available,Not Available,Not Available,Not Available,Not Available,Not Available,Not Available,Not Available,Not Available,Not Available,10024,Not Available,Not Available,82.9,Not Available,Not Available,0,126.2,40.774532,1217.7,Not Available,Not Available,78.5,Not Available,Not Available,20,Not Available,Not Available,Not Available,04/29/2015 04:41 PM EDT,15,Ok,86985764.3,Not Available,New York,Not Available,1,Not Available,86401418.7,Not Available,Not Available,Not Available,385604.2
165 E 56th Street,Ok,No,Not Available,Not Available,Not Available,Not Available,0,Not Available,Not Available,Not Available,2015-04-24T15:00:10.000,Not Available,Not Available,Not Available,Not Available,0,527.1,Not Available,No,Not Available,Not Available,Not Available,Not Available,Not Available,Not Available,3.38252,765.8,10022,Not Available,Not Available,82.9,Not Available,Not Available,4.6,207.1,40.759952,448.9,Not Available,765.8,83.4,Not Available,Not Available,Not Available,Not Available,Not Available,Not Available,09/03/2014 11:19 PM EDT,Not Available,Ok,14310932.7,Not Available,New York,218,1,Not Available,16928508.4,Not Available,Not Available,Not Available,Not Available
155 W 60th St,Ok,No,Not Available,Not Available,282506,Not Available,0,Not Available,Not Available,Not Available,2015-04-24T09:43:28.000,Not Available,Not Available,Not Available,Not Available,0,1964,Not Available,Not Available,Not Available,Not Available,Not Available,Not Available,Not Available,Not Available,Not Available,Not Available,10023,Not Available,Not Available,82.9,Not Available,Not Available,2.07,145.8,40.770503,643.8,Not Available,Not Available,84.2,Not Available,Not Available,Not Available,Not Available,Not Available,Not Available,09/03/2014 11:20 PM EDT,Not Available,Ok,40315940.3,Not Available,New York,Not Available,1,Not Available,54127487.9,Not Available,Not Available,Not Available,150244.5
1250 Broadway,Ok,No,Not Available,Not Available,Not Available,Not Available,0,Not Available,Not Available,Not Available,2015-04-15T17:36:50.000,Not Available,Not Available,Not Available,Not Available,0,7757.6,Not Available,No,Not Available,Not Available,5682,50,Not Available,Not Available,4.90011,Not Available,10001,Not Available,Not Available,82.9,Not Available,Not Available,Not Available,208.6,40.747571,5052.6,Not Available,Not Available,100.4,Not Available,49572,Not Available,Not Available,Not Available,Not Available,09/03/2014 11:17 PM EDT,Not Available,Ok,147823981.8,Not Available,New York,3445.75,1,Not Available,220402571.3,Not Available,Not Available,Not Available,41884.7
283 PLATINUM AVE,Ok,No,Not Available,Not Available,Not Available,Not Available,0,Not Available,90,Not Available,2015-07-21T09:27:33.000,Not Available,0,Not Available,Not Available,0,1318.4,Not Available,Not Available,Not Available,Not Available,Not Available,Not Available,Not Available,Not Available,Not Available,Not Available,10314,Not Available,Not Available,82.9,Not Available,Not Available,2.15,107.9,40.578694,476.8,Not Available,Not Available,42.5,Not Available,Not Available,0,Not Available,Not Available,Not Available,09/03/2014 11:18 PM EDT,Not Available,Ok,19773044.2,Not Available,STATEN ISLAND,Not Available,1,Not Available,41991838.2,Not Available,Not Available,Not Available,2933.9
116 E 63 St.,Ok,No,Not Available,Not Available,Not Available,Not Available,0,84968,Not Available,Not Available,2015-04-30T14:09:38.000,24,Not Available,Not Available,Not Available,0,481.1,Not Available,Not Available,Not Available,Not Available,Not Available,Not Available,Not Available,Not Available,Not Available,2600.2,10065,Not Available,Not Available,82.9,Not Available,Not Available,0,109,40.765054,116.9,Not Available,2600.2,71.9,Not Available,Not Available,Not Available,Not Available,Not Available,Not Available,09/03/2014 11:20 PM EDT,2,Ok,9261521.1,Not Available,New York,Not Available,1,Not Available,12202175,Not Available,Not Available,Not Available,46385.8
250 West 24th Street,Ok,No,Not Available,Not Available,Not Available,Not Available,0,74545,Not Available,Not Available,2015-04-29T11:36:43.000,0,Not Available,Not Available,Not Available,0,447.7,Not Available,Not Available,Not Available,Not Available,Not Available,Not Available,Not Available,Not Available,Not Available,Not Available,10011,Not Available,Not Available,82.9,Not Available,Not Available,1.21,141.1,40.745378,123.1,Not Available,Not Available,96.6,Not Available,Not Available,Not Available,Not Available,Not Available,Not Available,09/03/2014 11:20 PM EDT,12,Ok,10269685.7,Not Available,New York,Not Available,1,Not Available,9349514,Not Available,Not Available,Not Available,20751.1
1120 Avenue of the Americas,Ok,No,Not Available,50,Not Available,Not Available,0,Not Available,Not Available,Not Available,2015-04-29T14:22:35.000,Not Available,Not Available,Not Available,Not Available,0,5666.7,Not Available,No,Not Available,Not Available,11115,65,Not Available,Not Available,3.17653,Not Available,10036,Not Available,Not Available,82.9,Not Available,Not Available,Not Available,169.3,40.755651,3680.8,4,Not Available,79.5,Not Available,142000,Not Available,Not Available,Not Available,Not Available,09/03/2014 11:18 PM EDT,Not Available,Ok,Not Available,Not Available,New York,1933.01,1,Not Available,162327258.4,Not Available,Not Available,Not Available,234.2
320 Park Avenue,Ok,No,Not Available,Not Available,Not Available,Not Available,0,Not Available,Not Available,Not Available,2015-04-28T16:59:55.000,Not Available,Not Available,Not Available,Not Available,0,7466.5,Not Available,No,Not Available,Not Available,715659,87,Not Available,Not Available,Not Available,Not Available,10022,Not Available,Not Available,82.9,Not Available,Not Available,5.16,248.2,40.75745,5298.3,Not Available,32230.1,93,Not Available,Not Available,Not Available,Not Available,Not Available,Not Available,04/24/2015 05:37 PM EDT,Not Available,Ok,177277707,Not Available,New York,Not Available,1,Not Available,252477628.5,Not Available,Not Available,Not Available,Not Available
225 Varick St,Ok,Yes,Not Available,Not Available,Not Available,Not Available,0,Not Available,Not Available,Not Available,2015-04-29T11:46:10.000,Not Available,Not Available,Not Available,Not Available,0,2944.9,Not Available,Not Available,Not Available,Not Available,3920,50,Not Available,Not Available,2.27754,Not Available,10014,Not Available,Not Available,82.9,Not Available,Not Available,Not Available,139.9,40.729165,1111.4,Not Available,Not Available,63.5,Not Available,Not Available,Not Available,Not Available,Not Available,Not Available,09/03/2014 11:19 PM EDT,Not Available,Ok,52108592.4,Not Available,New York,776,1,Not Available,93274947.7,Not Available,Not Available,Not Available,95511.8
390 GREENWICH STREET,Ok,No,Not Available,Not Available,Not Available,Not Available,0,Not Available,Not Available,Not Available,2015-04-30T17:00:46.000,Not Available,Not Available,Not Available,Not Available,0,3062.5,Not Available,Not Available,Not Available,Not Available,Not Available,Not Available,Not Available,Not Available,14.75741,58135.4,10013,Not Available,Not Available,82.9,Not Available,Not Available,Not Available,1068.1,40.720862,21289.4,Not Available,58135.4,349.8,Not Available,50000,Not Available,Not Available,Not Available,Not Available,09/03/2014 11:18 PM EDT,Not Available,Ok,816988353.8,Not Available,NEW YORK,9960,1,Not Available,113245887.6,Not Available,Not Available,Not Available,Not Available
322 West 57th Street,Ok,No,Not Available,Not Available,Not Available,Not Available,0,772508,100,Not Available,2015-05-01T20:21:39.000,269,0,Not Available,Not Available,0,5486.8,404181.84,Not Available,908445.36,Not Available,Not Available,Not Available,Not Available,Not Available,5.13573,Not Available,10019,Not Available,Not Available,82.9,Not Available,Not Available,1.6,143.3,40.767077,1472.7,Not Available,Not Available,96.3,Not Available,81622,4,Not Available,Not Available,Not Available,05/01/2015 08:20 PM EDT,204,Ok,Not Available,Not Available,New York,140,1,Not Available,106269911.5,Not Available,Not Available,Not Available,6173.8
20 Rockefeller Plaza,Ok,No,Not Available,Not Available,Not Available,Not Available,0,Not Available,Not Available,Not Available,2015-04-30T10:32:56.000,Not Available,Not Available,Not Available,Not Available,0,351.2,Not Available,Not Available,Not Available,Not Available,Not Available,Not Available,Not Available,Not Available,Not Available,Not Available,10111,Not Available,Not Available,82.9,Not Available,Not Available,Not Available,294.2,40.758348,1209.9,Not Available,Not Available,94.1,Not Available,Not Available,Not Available,Not Available,Not Available,Not Available,09/03/2014 11:19 PM EDT,Not Available,Ok,45893690.1,Not Available,New York,Not Available,1,Not Available,13274250.6,Not Available,Not Available,Not Available,828.3
255 MILL RD HLS,Ok,No,Not Available,Not Available,Not Available,Not Available,0,122204,Not Available,Not Available,2015-04-30T16:29:43.000,Not Available,Not Available,Not Available,Not Available,0,649.1,Not Available,Not Available,Not Available,Not Available,Not Available,Not Available,Not Available,Not Available,Not Available,Not Available,10306,Not Available,Not Available,82.9,Not Available,Not Available,0,98.9,40.562953,168.9,Not Available,Not Available,61,Not Available,Not Available,Not Available,Not Available,Not Available,Not Available,04/15/2015 04:43 PM EDT,Not Available,Ok,11915731.7,Not Available,Staten Island,Not Available,1,Not Available,17175922.8,Not Available,Not Available,Not Available,52704.6
225 East 46th Street,Ok,No,Not Available,Not Available,Not Available,Not Available,0,85245,Not Available,Not Available,2015-07-31T14:52:09.000,0,Not Available,Not Available,Not Available,0,582.4,Not Available,Not Available,Not Available,Not Available,Not Available,Not Available,Not Available,Not Available,Not Available,Not Available,10017,Not Available,Not Available,82.9,Not Available,Not Available,Not Available,99.3,40.753025,131.4,Not Available,Not Available,59.1,Not Available,3500,Not Available,Not Available,Not Available,Not Available,09/03/2014 11:19 PM EDT,10,Ok,Not Available,Not Available,New York,Not Available,1,Not Available,12878318.4,Not Available,Not Available,Not Available,2114
77 Park Avenue,Ok,No,Not Available,Not Available,Not Available,Not Available,0,110958,Not Available,Not Available,2015-07-31T14:52:43.000,12,Not Available,Not Available,Not Available,0,779.2,189879.64,Not Available,Not Available,Not Available,Not Available,Not Available,Not Available,Not Available,Not Available,Not Available,10016,Not Available,Not Available,82.9,Not Available,Not Available,Not Available,164,40.74999,205.5,Not Available,Not Available,116,50,Not Available,Not Available,Not Available,Not Available,Not Available,05/04/2015 02:52 PM EDT,10,Ok,17932940.3,Not Available,New York,Not Available,1,Not Available,14450738.2,Not Available,Not Available,Not Available,3270.4
2865 Kingsbridge Terrace,Ok,No,Not Available,Not Available,Not Available,Not Available,Not Available,111300,Not Available,Not Available,2015-05-01T17:22:03.000,0,Not Available,Not Available,Not Available,Not Available,430.5,Not Available,Not Available,Not Available,Not Available,Not Available,Not Available,Not Available,Not Available,Not Available,Not Available,10468,Not Available,Not Available,82.9,Not Available,Not Available,Not Available,Not Available,40.874317,Not Available,Not Available,Not Available,Not Available,Not Available,Not Available,Not Available,Not Available,Not Available,Not Available,03/03/2015 03:46 PM EST,10,Ok,Not Available,Not Available,Bronx,Not Available,1,Not Available,14238630,Not Available,Not Available,Not Available,Not Available
34 WEST 33RD STREET,Ok,No,Not Available,Not Available,Not Available,Not Available,0,Not Available,Not Available,Not Available,2015-04-27T20:45:01.000,Not Available,Not Available,Not Available,Not Available,0,1464.9,Not Available,Not Available,Not Available,Not Available,Not Available,Not Available,Not Available,Not Available,1.61474,Not Available,10001,Not Available,Not Available,82.9,Not Available,Not Available,Not Available,183.8,40.748364,834.6,Not Available,5241.4,76.4,Not Available,Not Available,Not Available,Not Available,Not Available,Not Available,09/03/2014 11:19 PM EDT,Not Available,Ok,Not Available,Not Available,NEW YORK,300,1,Not Available,48630026.8,Not Available,Not Available,Not Available,48530.3
330-340 Haven Ave.,Ok,No,Not Available,Not Available,Not Available,Not Available,0,199468,Not Available,Not Available,2015-04-30T14:09:50.000,0,Not Available,Not Available,Not Available,0,1378.5,Not Available,Not Available,Not Available,Not Available,Not Available,Not Available,Not Available,Not Available,Not Available,Not Available,10033,Not Available,Not Available,82.9,Not Available,Not Available,Not Available,114.5,40.850852,262,Not Available,7754.7,79.9,Not Available,11000,Not Available,Not Available,Not Available,Not Available,04/23/2015 11:59 AM EDT,10,Ok,Not Available,Not Available,New York,Not Available,1,Not Available,26128611.8,Not Available,Not Available,Not Available,5378.9
371 Fort Washington Ave,Ok,No,Not Available,Not Available,Not Available,Not Available,0,81804,Not Available,Not Available,2015-04-30T14:09:54.000,0,Not Available,Not Available,Not Available,0,464.3,Not Available,Not Available,Not Available,Not Available,Not Available,Not Available,Not Available,Not Available,Not Available,Not Available,10033,Not Available,Not Available,82.9,Not Available,Not Available,Not Available,95.8,40.847579,72.3,Not Available,Not Available,70.1,Not Available,Not Available,Not Available,Not Available,Not Available,Not Available,09/03/2014 11:20 PM EDT,5,Ok,Not Available,Not Available,New York,Not Available,1,Not Available,10911162,Not Available,Not Available,Not Available,47261.8
220 West 19 Street,Ok,No,Not Available,Not Available,Not Available,Not Available,0,Not Available,Not Available,Not Available,2015-05-01T11:50:23.000,Not Available,Not Available,Not Available,Not Available,0,767.2,Not Available,Not Available,Not Available,Not Available,Not Available,Not Available,Not Available,Not Available,2.16141,2040.7,10011,Not Available,Not Available,82.9,Not Available,Not Available,Not Available,171.5,40.742093,424.2,Not Available,2040.7,70.8,Not Available,Not Available,Not Available,Not Available,Not Available,Not Available,09/03/2014 11:17 PM EDT,Not Available,Ok,18648501.4,Not Available,New York,200,1,Not Available,25563930.5,Not Available,Not Available,Not Available,24661.4
249 East 48th Street,Ok,No,Not Available,Not Available,Not Available,Not Available,0,164629,100,Not Available,2015-07-31T14:52:08.000,0,0,Not Available,Not Available,0,1071.4,Not Available,Not Available,Not Available,Not Available,Not Available,Not Available,Not Available,Not Available,Not Available,Not Available,10017,Not Available,Not Available,82.9,Not Available,Not Available,Not Available,310.5,40.754111,272.2,Not Available,Not Available,258.7,Not Available,Not Available,0,Not Available,Not Available,Not Available,09/03/2014 11:19 PM EDT,0,Ok,54746977,Not Available,New York,Not Available,1,Not Available,23275887.1,Not Available,Not Available,Not Available,422739
145 West 96th Street,Ok,No,Not Available,Not Available,Not Available,Not Available,0,102000,Not Available,Not Available,2015-04-28T16:41:41.000,Not Available,Not Available,Not Available,Not Available,0,394.6,Not Available,Not Available,Not Available,Not Available,Not Available,Not Available,Not Available,Not Available,Not Available,4001.3,10025,Not Available,Not Available,82.9,Not Available,Not Available,Not Available,Not Available,40.793421,110.1,Not Available,4001.3,Not Available,Not Available,Not Available,Not Available,Not Available,Not Available,Not Available,09/03/2014 11:20 PM EDT,Not Available,Ok,Not Available,Not Available,New York,Not Available,1,Not Available,13048879.2,Not Available,Not Available,Not Available,Not Available
