property_name,largest_property_use_type,borough,energy_star_certification,hospital_general_medical_5,district_steam_use_kbtu,alert_energy_meter_has_single,national_median_total_ghg,hospital_general_medical_10,city,data_center_cooling_equipment,source_eui_kbtu_ft,hospital_general_medical_12,irrigated_area_ft,green_power_onsite_kwh,indirect_ghg_emissions_metric,medical_office_percent_that,primary_property_type_self,data_center_ups_system,data_center_pdu_input_meter,water_score_multifamily_only,hospital_general_medical_6,kerosene_use_kbtu,estimated_data_flag_1,data_quality_checker_run,_3rd_largest_property_use_1,hotel_room_density_number,third_party_certification_1,electricity_use_grid_purchase_1,multifamily_housing_total_1,primary_property_type,office_number_of_workers,office_number_of_computers,municipally_supplied_potable_2,worship_facility_gross_floor,district_hot_water_use_kbtu,direct_ghg_emissions_metric,laboratory_gross_floor_area,residence_hall_dormitory,municipally_supplied_potable,other_number_of_workers_on,avoided_emissions_offsite,last_modified_date_electric,energy_star_certification_2,water_use_intensity_all_water,medical_office_weekly,hotel_gym_fitness_center,generation_date,hospital_general_medical_9,hospital_general_medical_1,energy_power_station_gross,energy_star_score,social_meeting_hall_gross,costar_property_id,data_center_pdu_output_meter,data_quality_checker_date,bank_branch_gross_floor_area
330 Madison Avenue,Office,MANHATTAN,"2018, 2017, 2016, 2015, 2013, 2008",Not Available,16755855.8,Ok,7126.6,Not Available,New York,N+1,199.4,Not Available,Not Available,Not Available,5391.4,Not Available,Office,N,0,Not Available,Not Available,Not Available,Not Available,No,4045,Not Available,Not Available,14807561.6,Not Available,Office,4259,4859,Not Available,Not Available,Not Available,0,Not Available,Not Available,11166,Not Available,0,04/10/2019 08:13 PM EDT,No,13.78,Not Available,Not Available,2019-04-26T17:13:37.000,Not Available,Not Available,Not Available,70,Not Available,Not Available,0,Not Available,4045
Q040-0400037,K-12 School,QUEENS,Not Available,Not Available,Not Available,Ok,586.6,Not Available,Queens,Not Available,112.7,Not Available,Not Available,Not Available,191.2,Not Available,K-12 School,Not Available,Not Available,Not Available,Not Available,Not Available,Not Available,No,Not Available,Not Available,Not Available,661599.9,Not Available,K-12 School,Not Available,Not Available,Not Available,Not Available,Not Available,426.8,Not Available,Not Available,Not Available,Not Available,0,04/11/2019 11:54 AM EDT,No,Not Available,Not Available,Not Available,2019-05-01T15:12:37.000,Not Available,Not Available,Not Available,44,Not Available,Not Available,Not Available,Not Available,Not Available
X368-0201322,K-12 School,BRONX,Not Available,Not Available,Not Available,Ok,919,Not Available,Bronx,Not Available,161.8,Not Available,Not Available,Not Available,564.3,Not Available,K-12 School,Not Available,Not Available,Not Available,Not Available,Not Available,Not Available,No,Not Available,Not Available,Not Available,1952799.9,Not Available,K-12 School,Not Available,Not Available,Not Available,Not Available,Not Available,403.5,Not Available,Not Available,Not Available,Not Available,0,04/09/2019 02:08 PM EDT,No,Not Available,Not Available,Not Available,2019-05-01T15:12:16.000,Not Available,Not Available,Not Available,44,Not Available,Not Available,Not Available,Not Available,Not Available
K131-0300138,K-12 School,BROOKLYN,Not Available,Not Available,Not Available,Ok,723.2,Not Available,Brooklyn,Not Available,103.1,Not Available,Not Available,Not Available,138.8,Not Available,K-12 School,Not Available,Not Available,Not Available,Not Available,Not Available,Not Available,No,Not Available,Not Available,Not Available,480400,Not Available,K-12 School,Not Available,Not Available,Not Available,Not Available,Not Available,449.4,Not Available,Not Available,Not Available,Not Available,0,04/09/2019 04:45 PM EDT,No,Not Available,Not Available,Not Available,2019-05-01T15:12:06.000,Not Available,Not Available,Not Available,69,Not Available,Not Available,Not Available,Not Available,Not Available
M833-0101333,K-12 School,MANHATTAN,Not Available,Not Available,11242704.4,Ok,624.2,Not Available,New York,Not Available,226.4,Not Available,Not Available,Not Available,1124.3,Not Available,K-12 School,Not Available,Not Available,Not Available,Not Available,Not Available,Not Available,No,Not Available,Not Available,Not Available,1307599.8,Not Available,K-12 School,Not Available,Not Available,Not Available,Not Available,Not Available,2.5,Not Available,Not Available,Not Available,Not Available,0,04/09/2019 04:45 PM EDT,No,Not Available,Not Available,Not Available,2019-05-01T15:11:40.000,Not Available,Not Available,Not Available,5,Not Available,Not Available,Not Available,Not Available,Not Available
M089-0101413,K-12 School,MANHATTAN,Not Available,Not Available,Not Available,Ok,549.8,Not Available,New York,Not Available,143.4,Not Available,Not Available,Not Available,345.6,Not Available,K-12 School,Not Available,Not Available,Not Available,Not Available,Not Available,Not Available,No,Not Available,Not Available,Not Available,1195999.8,Not Available,K-12 School,Not Available,Not Available,Not Available,Not Available,Not Available,259.5,Not Available,Not Available,Not Available,Not Available,0,04/09/2019 04:45 PM EDT,No,Not Available,Not Available,Not Available,2019-05-01T15:12:04.000,Not Available,Not Available,Not Available,40,Not Available,Not Available,Not Available,Not Available,Not Available
Q499-0401536,K-12 School,QUEENS,Not Available,Not Available,Not Available,Ok,622.9,Not Available,Queens,Not Available,139,Not Available,Not Available,Not Available,425.4,Not Available,K-12 School,Not Available,Not Available,Not Available,Not Available,Not Available,Not Available,No,Not Available,Not Available,Not Available,1471999.7,Not Available,K-12 School,Not Available,Not Available,Not Available,Not Available,Not Available,271.8,Not Available,Not Available,Not Available,Not Available,0,04/09/2019 02:08 PM EDT,No,Not Available,Not Available,Not Available,2019-05-01T15:12:23.000,Not Available,Not Available,Not Available,38,Not Available,Not Available,Not Available,Not Available,Not Available
X125-0200168,K-12 School,BRONX,Not Available,Not Available,Not Available,Ok,1160.3,Not Available,Bronx,Not Available,76.1,Not Available,Not Available,Not Available,159.2,Not Available,K-12 School,Not Available,Not Available,Not Available,Not Available,Not Available,Not Available,No,Not Available,Not Available,Not Available,550799.9,Not Available,K-12 School,Not Available,Not Available,Not Available,Not Available,Not Available,600.7,Not Available,Not Available,Not Available,Not Available,0,04/09/2019 02:08 PM EDT,No,Not Available,Not Available,Not Available,2019-05-01T15:11:17.000,Not Available,Not Available,Not Available,84,Not Available,Not Available,Not Available,Not Available,Not Available
M070-0100079,K-12 School,MANHATTAN,Not Available,Not Available,Not Available,Ok,1188.5,Not Available,New York,Not Available,81.2,Not Available,Not Available,131947.6,180.3,Not Available,K-12 School,Not Available,Not Available,Not Available,Not Available,Not Available,Not Available,No,Not Available,Not Available,Not Available,623999.9,Not Available,K-12 School,Not Available,Not Available,Not Available,Not Available,Not Available,610.7,Not Available,Not Available,Not Available,Not Available,0,04/15/2019 02:43 PM EDT,No,Not Available,Not Available,Not Available,2019-05-01T15:12:18.000,Not Available,Not Available,Not Available,83,Not Available,Not Available,Not Available,Not Available,Not Available
X132-0200175,K-12 School,BRONX,Not Available,Not Available,Not Available,Ok,717.7,Not Available,Bronx,Not Available,96,Not Available,Not Available,Not Available,133.8,Not Available,K-12 School,Not Available,Not Available,Not Available,Not Available,Not Available,Not Available,No,Not Available,Not Available,Not Available,462879.9,Not Available,K-12 School,Not Available,Not Available,Not Available,Not Available,Not Available,511,Not Available,Not Available,Not Available,Not Available,0,04/09/2019 02:08 PM EDT,No,Not Available,Not Available,Not Available,2019-05-01T15:11:39.000,Not Available,Not Available,Not Available,60,Not Available,Not Available,Not Available,Not Available,Not Available
Q238-0400231,K-12 School,QUEENS,Not Available,Not Available,Not Available,Ok,1330.6,Not Available,Queens,Not Available,67,Not Available,Not Available,Not Available,245.3,Not Available,K-12 School,Not Available,Not Available,Not Available,Not Available,Not Available,Not Available,No,Not Available,Not Available,Not Available,848799.9,Not Available,K-12 School,Not Available,Not Available,Not Available,Not Available,Not Available,584,Not Available,Not Available,Not Available,Not Available,0,04/11/2019 11:54 AM EDT,No,Not Available,Not Available,Not Available,2019-05-01T15:12:23.000,Not Available,Not Available,Not Available,86,Not Available,Not Available,Not Available,Not Available,Not Available
X193-0200199,K-12 School,BRONX,Not Available,Not Available,Not Available,Ok,1264.6,Not Available,Bronx,Not Available,83.8,Not Available,Not Available,Not Available,334.5,Not Available,K-12 School,Not Available,Not Available,Not Available,Not Available,Not Available,Not Available,No,Not Available,Not Available,Not Available,1157599.9,Not Available,K-12 School,Not Available,Not Available,Not Available,Not Available,Not Available,478.8,Not Available,Not Available,Not Available,Not Available,0,04/09/2019 02:08 PM EDT,No,Not Available,Not Available,Not Available,2019-05-01T15:11:53.000,Not Available,Not Available,Not Available,85,Not Available,Not Available,Not Available,Not Available,Not Available
345 Park Ave LP,Office,MANHATTAN,Not Available,Not Available,158012528.2,Ok,19259.4,Not Available,New York,N+2,284,Not Available,Not Available,Not Available,20517.8,Not Available,Office,N+2,0,Not Available,Not Available,Not Available,Not Available,No,15012,Not Available,Not Available,34696604,Not Available,Office,7229,8340,Not Available,Not Available,Not Available,83.5,Not Available,Not Available,Not Available,Not Available,0,04/12/2019 10:49 AM EDT,No,21.45,Not Available,Not Available,2019-04-30T19:12:14.000,Not Available,Not Available,Not Available,44,Not Available,Not Available,0,Not Available,Not Available
X198-0200212,K-12 School,BRONX,Not Available,Not Available,Not Available,Ok,787.2,Not Available,Bronx,Not Available,100.4,Not Available,Not Available,Not Available,226.5,Not Available,K-12 School,Not Available,Not Available,Not Available,Not Available,Not Available,Not Available,No,Not Available,Not Available,Not Available,783999.9,Not Available,K-12 School,Not Available,Not Available,Not Available,Not Available,Not Available,351.1,Not Available,Not Available,Not Available,Not Available,0,04/09/2019 02:08 PM EDT,No,Not Available,Not Available,Not Available,2019-05-01T15:12:39.000,Not Available,Not Available,Not Available,77,Not Available,Not Available,Not Available,Not Available,Not Available
X081-0200120,K-12 School,BRONX,Not Available,Not Available,Not Available,Ok,412.4,Not Available,Bronx,Not Available,112.8,Not Available,Not Available,Not Available,124.4,Not Available,K-12 School,Not Available,Not Available,Not Available,Not Available,Not Available,Not Available,No,Not Available,Not Available,Not Available,430439.9,Not Available,K-12 School,Not Available,Not Available,Not Available,Not Available,Not Available,224.9,Not Available,Not Available,Not Available,Not Available,0,04/09/2019 02:08 PM EDT,No,Not Available,Not Available,Not Available,2019-05-01T15:11:35.000,Not Available,Not Available,Not Available,65,Not Available,Not Available,Not Available,Not Available,Not Available
Metlife Building,Office,MANHATTAN,Not Available,Not Available,213812389.7,Ok,22604.9,Not Available,New York,Not Available,239.6,Not Available,Not Available,Not Available,27878.1,Not Available,Office,Not Available,Not Available,Not Available,Not Available,Not Available,Not Available,Yes,39213,Not Available,Not Available,47346441.4,Not Available,Office,6540,9655,Not Available,Not Available,Not Available,384.8,Not Available,Not Available,Not Available,0,0,04/22/2019 03:47 PM EDT,No,Not Available,Not Available,Not Available,2019-04-23T15:29:26.000,Not Available,Not Available,Not Available,32,Not Available,Not Available,Not Available,2019-04-23,Not Available
R039-0500062,K-12 School,STATEN IS,Not Available,Not Available,Not Available,Ok,317.9,Not Available,Staten Island,Not Available,123.3,Not Available,Not Available,Not Available,96.3,Not Available,K-12 School,Not Available,Not Available,Not Available,Not Available,Not Available,Not Available,No,Not Available,Not Available,Not Available,333200,Not Available,K-12 School,Not Available,Not Available,Not Available,Not Available,Not Available,179.4,Not Available,Not Available,Not Available,Not Available,0,04/11/2019 11:54 AM EDT,No,Not Available,Not Available,Not Available,2019-05-01T15:11:41.000,Not Available,Not Available,Not Available,63,Not Available,Not Available,Not Available,Not Available,Not Available
Q226-0400249,K-12 School,QUEENS,Not Available,Not Available,Not Available,Ok,1209,Not Available,Queens,Not Available,102.7,Not Available,Not Available,149633.3,420.6,Not Available,K-12 School,Not Available,Not Available,Not Available,Not Available,Not Available,Not Available,No,Not Available,Not Available,Not Available,1455617.4,Not Available,K-12 School,Not Available,Not Available,Not Available,Not Available,Not Available,601.6,Not Available,Not Available,Not Available,Not Available,0,04/16/2019 03:14 PM EDT,No,Not Available,Not Available,Not Available,2019-05-01T15:12:36.000,Not Available,Not Available,Not Available,65,Not Available,Not Available,Not Available,Not Available,Not Available
X879-0201209,K-12 School,BRONX,Not Available,Not Available,Not Available,Ok,351.4,Not Available,Bronx,Not Available,156.5,Not Available,Not Available,Not Available,251.4,Not Available,K-12 School,Not Available,Not Available,Not Available,Not Available,Not Available,Not Available,No,Not Available,Not Available,Not Available,869999.8,Not Available,K-12 School,Not Available,Not Available,Not Available,Not Available,Not Available,126.4,Not Available,Not Available,Not Available,Not Available,0,04/09/2019 02:08 PM EDT,No,Not Available,Not Available,Not Available,2019-05-01T15:11:16.000,Not Available,Not Available,Not Available,42,Not Available,Not Available,Not Available,Not Available,Not Available
K909-0301382,K-12 School,BROOKLYN,Not Available,Not Available,Not Available,Ok,440.2,Not Available,Brooklyn,Not Available,89.9,Not Available,Not Available,Not Available,198.5,Not Available,K-12 School,Not Available,Not Available,Not Available,Not Available,Not Available,Not Available,No,Not Available,Not Available,Not Available,686999.9,Not Available,K-12 School,Not Available,Not Available,Not Available,Not Available,Not Available,75.1,Not Available,Not Available,Not Available,Not Available,0,04/09/2019 04:45 PM EDT,No,Not Available,Not Available,Not Available,2019-05-01T15:12:44.000,Not Available,Not Available,Not Available,86,Not Available,Not Available,Not Available,Not Available,Not Available
K235-0300240,K-12 School,BROOKLYN,Not Available,Not Available,Not Available,Ok,447.6,Not Available,Brooklyn,Not Available,117.4,Not Available,Not Available,Not Available,173.1,Not Available,K-12 School,Not Available,Not Available,Not Available,Not Available,Not Available,Not Available,No,Not Available,Not Available,Not Available,599199.9,Not Available,K-12 School,Not Available,Not Available,Not Available,Not Available,Not Available,356.5,Not Available,Not Available,Not Available,Not Available,0,04/11/2019 11:55 AM EDT,No,Not Available,Not Available,Not Available,2019-05-01T15:11:54.000,Not Available,Not Available,Not Available,33,Not Available,Not Available,Not Available,Not Available,Not Available
K040-0300062,K-12 School,BROOKLYN,Not Available,Not Available,Not Available,Ok,818.7,Not Available,Brooklyn,Not Available,86.8,Not Available,Not Available,Not Available,139.6,Not Available,K-12 School,Not Available,Not Available,Not Available,Not Available,Not Available,Not Available,No,Not Available,Not Available,Not Available,482999.9,Not Available,K-12 School,Not Available,Not Available,Not Available,Not Available,Not Available,427.3,Not Available,Not Available,Not Available,Not Available,0,04/09/2019 04:45 PM EDT,No,Not Available,Not Available,Not Available,2019-05-01T15:11:31.000,Not Available,Not Available,Not Available,81,Not Available,Not Available,Not Available,Not Available,Not Available
X137-0200181,K-12 School,BRONX,Not Available,Not Available,Not Available,Ok,1151.7,Not Available,Bronx,Not Available,116.6,Not Available,Not Available,Not Available,633.2,Not Available,K-12 School,Not Available,Not Available,Not Available,Not Available,Not Available,Not Available,No,Not Available,Not Available,Not Available,2191199.7,Not Available,K-12 School,Not Available,Not Available,Not Available,Not Available,Not Available,342.1,Not Available,Not Available,Not Available,Not Available,0,04/09/2019 02:08 PM EDT,No,Not Available,Not Available,Not Available,2019-05-01T15:11:29.000,Not Available,Not Available,Not Available,65,Not Available,Not Available,Not Available,Not Available,Not Available
Q430-0400230,K-12 School,QUEENS,Not Available,Not Available,Not Available,Ok,2530.1,Not Available,Queens,Not Available,97,Not Available,Not Available,Not Available,651.5,Not Available,K-12 School,Not Available,Not Available,Not Available,Not Available,Not Available,Not Available,No,Not Available,Not Available,Not Available,2254739.7,Not Available,K-12 School,Not Available,Not Available,Not Available,Not Available,Not Available,1012.2,Not Available,Not Available,Not Available,Not Available,0,04/09/2019 02:08 PM EDT,No,Not Available,Not Available,Not Available,2019-05-01T15:11:22.000,Not Available,Not Available,Not Available,84,Not Available,Not Available,Not Available,Not Available,Not Available
X023-0201156,K-12 School,BRONX,Not Available,Not Available,Not Available,Ok,581.1,Not Available,Bronx,Not Available,145.5,Not Available,Not Available,Not Available,193.3,Not Available,K-12 School,Not Available,Not Available,Not Available,Not Available,Not Available,Not Available,No,Not Available,Not Available,Not Available,668799.9,Not Available,K-12 School,Not Available,Not Available,Not Available,Not Available,Not Available,425.5,Not Available,Not Available,Not Available,Not Available,0,04/09/2019 02:08 PM EDT,No,Not Available,Not Available,Not Available,2019-05-01T15:12:24.000,Not Available,Not Available,Not Available,43,Not Available,Not Available,Not Available,Not Available,Not Available
K987-0301762,K-12 School,BROOKLYN,Not Available,Not Available,Not Available,Ok,255.6,Not Available,Brooklyn,Not Available,210.5,Not Available,Not Available,Not Available,208.5,Not Available,K-12 School,Not Available,Not Available,Not Available,Not Available,Not Available,Not Available,No,Not Available,Not Available,Not Available,721599.9,Not Available,K-12 School,Not Available,Not Available,Not Available,Not Available,Not Available,166.7,Not Available,Not Available,Not Available,Not Available,0,04/09/2019 04:45 PM EDT,No,Not Available,Not Available,Not Available,2019-05-01T15:12:06.000,Not Available,Not Available,Not Available,15,Not Available,Not Available,Not Available,Not Available,Not Available
K324-0300122,K-12 School,BROOKLYN,Not Available,Not Available,Not Available,Ok,945.1,Not Available,Brooklyn,Not Available,98.7,Not Available,Not Available,126373.9,458.2,Not Available,K-12 School,Not Available,Not Available,Not Available,Not Available,Not Available,Not Available,No,Not Available,Not Available,Not Available,1585599.8,Not Available,K-12 School,Not Available,Not Available,Not Available,Not Available,Not Available,342.9,Not Available,Not Available,Not Available,Not Available,0,04/16/2019 01:13 PM EDT,No,Not Available,Not Available,Not Available,2019-05-01T15:12:25.000,Not Available,Not Available,Not Available,65,Not Available,Not Available,Not Available,Not Available,Not Available
K505-0300354,K-12 School,BROOKLYN,Not Available,Not Available,Not Available,Ok,2384.6,Not Available,Brooklyn,Not Available,75.4,Not Available,Not Available,403526.9,255.1,Not Available,K-12 School,Not Available,Not Available,Not Available,Not Available,Not Available,Not Available,No,Not Available,Not Available,Not Available,882788,Not Available,K-12 School,Not Available,Not Available,Not Available,Not Available,Not Available,1173,Not Available,Not Available,Not Available,Not Available,0,04/16/2019 02:56 PM EDT,No,Not Available,Not Available,Not Available,2019-05-01T15:12:21.000,Not Available,Not Available,Not Available,88,Not Available,Not Available,Not Available,Not Available,Not Available
K288-0300287,K-12 School,BROOKLYN,Not Available,Not Available,Not Available,Ok,435,Not Available,Brooklyn,Not Available,99.2,Not Available,Not Available,Not Available,121,Not Available,K-12 School,Not Available,Not Available,Not Available,Not Available,Not Available,Not Available,No,Not Available,Not Available,Not Available,418799.9,Not Available,K-12 School,Not Available,Not Available,Not Available,Not Available,Not Available,291.5,Not Available,Not Available,Not Available,Not Available,0,04/11/2019 11:54 AM EDT,No,Not Available,Not Available,Not Available,2019-05-01T15:11:17.000,Not Available,Not Available,Not Available,55,Not Available,Not Available,Not Available,Not Available,Not Available
M125-0100114,K-12 School,MANHATTAN,Not Available,Not Available,Not Available,Ok,1159.5,Not Available,New York,Not Available,131.7,Not Available,Not Available,Not Available,261.3,Not Available,K-12 School,Not Available,Not Available,Not Available,Not Available,Not Available,Not Available,No,Not Available,Not Available,Not Available,904399.9,Not Available,K-12 School,Not Available,Not Available,Not Available,Not Available,Not Available,935.3,Not Available,Not Available,Not Available,Not Available,0,04/09/2019 04:45 PM EDT,No,Not Available,Not Available,Not Available,2019-05-01T15:12:23.000,Not Available,Not Available,Not Available,46,Not Available,Not Available,Not Available,Not Available,Not Available
K088-0300099,K-12 School,BROOKLYN,Not Available,Not Available,Not Available,Ok,952.1,Not Available,Brooklyn,Not Available,89,Not Available,Not Available,Not Available,227.9,Not Available,K-12 School,Not Available,Not Available,Not Available,Not Available,Not Available,Not Available,No,Not Available,Not Available,Not Available,788799.9,Not Available,K-12 School,Not Available,Not Available,Not Available,Not Available,Not Available,516.7,Not Available,Not Available,Not Available,Not Available,0,04/09/2019 04:45 PM EDT,No,Not Available,Not Available,Not Available,2019-05-01T15:11:50.000,Not Available,Not Available,Not Available,72,Not Available,Not Available,Not Available,Not Available,Not Available
Q219-0400187,K-12 School,QUEENS,Not Available,Not Available,Not Available,Ok,584.7,Not Available,Queens,Not Available,114.3,Not Available,Not Available,Not Available,181.1,Not Available,K-12 School,Not Available,Not Available,Not Available,Not Available,Not Available,Not Available,No,Not Available,Not Available,Not Available,626799.9,Not Available,K-12 School,Not Available,Not Available,Not Available,Not Available,Not Available,536.2,Not Available,Not Available,Not Available,Not Available,0,04/09/2019 02:08 PM EDT,No,Not Available,Not Available,Not Available,2019-05-01T15:12:16.000,Not Available,Not Available,Not Available,29,Not Available,Not Available,Not Available,Not Available,Not Available
866 UN Plaza,Office,MANHATTAN,2013,Not Available,8442711.9,Ok,2452.7,Not Available,NY,Not Available,156.7,Not Available,Not Available,Not Available,2037.3,Not Available,Office,Not Available,Not Available,Not Available,Not Available,Not Available,Not Available,No,5484,Not Available,Not Available,5110446.6,Not Available,Office,988.6,988.6,Not Available,Not Available,Not Available,0,Not Available,Not Available,Not Available,Not Available,0,04/12/2019 06:27 PM EDT,No,15.67,Not Available,Not Available,2019-04-16T00:24:19.000,Not Available,Not Available,Not Available,64,Not Available,Not Available,Not Available,Not Available,Not Available
X415-0200213,K-12 School,BRONX,Not Available,Not Available,Not Available,Ok,2027.6,Not Available,Bronx,Not Available,112,Not Available,Not Available,Not Available,457.9,Not Available,K-12 School,Not Available,Not Available,Not Available,Not Available,Not Available,Not Available,No,Not Available,Not Available,Not Available,1584799.8,Not Available,K-12 School,Not Available,Not Available,Not Available,Not Available,Not Available,1080.6,Not Available,Not Available,Not Available,Not Available,0,04/09/2019 02:08 PM EDT,No,Not Available,Not Available,Not Available,2019-05-01T15:11:30.000,Not Available,Not Available,Not Available,74,Not Available,Not Available,Not Available,Not Available,Not Available
X167-0200211,K-12 School,BRONX,Not Available,Not Available,Not Available,Ok,946.5,Not Available,Bronx,Not Available,72.7,Not Available,Not Available,Not Available,313.7,Not Available,K-12 School,Not Available,Not Available,Not Available,Not Available,Not Available,Not Available,No,Not Available,Not Available,Not Available,1085599.9,Not Available,K-12 School,Not Available,Not Available,Not Available,Not Available,Not Available,239.1,Not Available,Not Available,Not Available,Not Available,0,04/09/2019 02:08 PM EDT,No,Not Available,Not Available,Not Available,2019-05-01T15:12:17.000,Not Available,Not Available,Not Available,89,Not Available,Not Available,Not Available,Not Available,Not Available
M146-0100129,K-12 School,MANHATTAN,Not Available,Not Available,Not Available,Ok,490.7,Not Available,New York,Not Available,69.4,Not Available,Not Available,Not Available,126.1,Not Available,K-12 School,Not Available,Not Available,Not Available,Not Available,Not Available,Not Available,No,Not Available,Not Available,Not Available,436480,Not Available,K-12 School,Not Available,Not Available,Not Available,Not Available,Not Available,172.7,Not Available,Not Available,Not Available,Not Available,0,04/09/2019 04:45 PM EDT,No,Not Available,Not Available,Not Available,2019-05-01T15:12:27.000,Not Available,Not Available,Not Available,87,Not Available,Not Available,Not Available,Not Available,Not Available
K258-0300262,K-12 School,BROOKLYN,Not Available,Not Available,Not Available,Ok,1161,Not Available,Brooklyn,Not Available,101.4,Not Available,Not Available,Not Available,238.9,Not Available,K-12 School,Not Available,Not Available,Not Available,Not Available,Not Available,Not Available,No,Not Available,Not Available,Not Available,826719.9,Not Available,K-12 School,Not Available,Not Available,Not Available,Not Available,Not Available,688.2,Not Available,Not Available,Not Available,Not Available,0,04/09/2019 04:45 PM EDT,No,Not Available,Not Available,Not Available,2019-05-01T15:12:05.000,Not Available,Not Available,Not Available,70,Not Available,Not Available,Not Available,Not Available,Not Available
Q158-0400194,K-12 School,QUEENS,Not Available,Not Available,Not Available,Ok,912.9,Not Available,Queens,Not Available,62.5,Not Available,Not Available,Not Available,146.3,Not Available,K-12 School,Not Available,Not Available,Not Available,Not Available,Not Available,Not Available,No,Not Available,Not Available,Not Available,506239.9,Not Available,K-12 School,Not Available,Not Available,Not Available,Not Available,Not Available,401.7,Not Available,Not Available,Not Available,Not Available,0,04/09/2019 02:08 PM EDT,No,Not Available,Not Available,Not Available,2019-05-01T15:11:38.000,Not Available,Not Available,Not Available,88,Not Available,Not Available,Not Available,Not Available,Not Available
M022-0100044,K-12 School,MANHATTAN,Not Available,Not Available,13670106.8,Ok,1143.7,Not Available,New York,Not Available,134.1,Not Available,Not Available,121946.5,1130.8,Not Available,K-12 School,Not Available,Not Available,Not Available,Not Available,Not Available,Not Available,No,Not Available,Not Available,Not Available,772312.7,Not Available,K-12 School,Not Available,Not Available,Not Available,Not Available,Not Available,3.4,Not Available,Not Available,Not Available,Not Available,0,04/16/2019 03:04 PM EDT,No,Not Available,Not Available,Not Available,2019-05-01T15:11:10.000,Not Available,Not Available,Not Available,50,Not Available,Not Available,Not Available,Not Available,Not Available
Q176-0400158,K-12 School,QUEENS,Not Available,Not Available,Not Available,Ok,477.1,Not Available,Queens,Not Available,133.3,Not Available,Not Available,Not Available,342.5,Not Available,K-12 School,Not Available,Not Available,Not Available,Not Available,Not Available,Not Available,No,Not Available,Not Available,Not Available,1185199.9,Not Available,K-12 School,Not Available,Not Available,Not Available,Not Available,Not Available,402.8,Not Available,Not Available,Not Available,Not Available,0,04/11/2019 11:54 AM EDT,No,Not Available,Not Available,Not Available,2019-05-01T15:12:22.000,Not Available,Not Available,Not Available,11,Not Available,Not Available,Not Available,Not Available,Not Available
Q136-0400122,K-12 School,QUEENS,Not Available,Not Available,Not Available,Ok,361.4,Not Available,Queens,Not Available,79,Not Available,Not Available,Not Available,73.2,Not Available,K-12 School,Not Available,Not Available,Not Available,Not Available,Not Available,Not Available,No,Not Available,Not Available,Not Available,253440,Not Available,K-12 School,Not Available,Not Available,Not Available,Not Available,Not Available,238.9,Not Available,Not Available,Not Available,Not Available,0,04/11/2019 11:55 AM EDT,No,Not Available,Not Available,Not Available,2019-05-01T15:12:42.000,Not Available,Not Available,Not Available,64,Not Available,Not Available,Not Available,Not Available,Not Available
X100-0200142,K-12 School,BRONX,Not Available,Not Available,Not Available,Ok,471,Not Available,Bronx,Not Available,75.4,Not Available,Not Available,Not Available,104.5,Not Available,K-12 School,Not Available,Not Available,Not Available,Not Available,Not Available,Not Available,No,Not Available,Not Available,Not Available,361800,Not Available,K-12 School,Not Available,Not Available,Not Available,Not Available,Not Available,288.2,Not Available,Not Available,Not Available,Not Available,0,04/09/2019 02:08 PM EDT,No,Not Available,Not Available,Not Available,2019-05-01T15:12:36.000,Not Available,Not Available,Not Available,67,Not Available,Not Available,Not Available,Not Available,Not Available
Q150-0400137,K-12 School,QUEENS,Not Available,Not Available,Not Available,Ok,568.2,Not Available,Queens,Not Available,138.2,Not Available,Not Available,Not Available,238,Not Available,K-12 School,Not Available,Not Available,Not Available,Not Available,Not Available,Not Available,No,Not Available,Not Available,Not Available,823519.9,Not Available,K-12 School,Not Available,Not Available,Not Available,Not Available,Not Available,345.6,Not Available,Not Available,Not Available,Not Available,0,04/09/2019 02:08 PM EDT,No,Not Available,Not Available,Not Available,2019-05-01T15:11:13.000,Not Available,Not Available,Not Available,47,Not Available,Not Available,Not Available,Not Available,Not Available
K106-0300116,K-12 School,BROOKLYN,Not Available,Not Available,Not Available,Ok,568.7,Not Available,Brooklyn,Not Available,90.9,Not Available,Not Available,Not Available,116.5,Not Available,K-12 School,Not Available,Not Available,Not Available,Not Available,Not Available,Not Available,No,Not Available,Not Available,Not Available,403079.9,Not Available,K-12 School,Not Available,Not Available,Not Available,Not Available,Not Available,287.4,Not Available,Not Available,Not Available,Not Available,0,04/09/2019 04:45 PM EDT,No,Not Available,Not Available,Not Available,2019-05-01T15:11:42.000,Not Available,Not Available,Not Available,79,Not Available,Not Available,Not Available,Not Available,Not Available
19 East 57th Street,Office,MANHATTAN,Not Available,Not Available,3848250.1,Possible Issue,708.5,Not Available,New York,Not Available,266.7,Not Available,Not Available,Not Available,930.1,Not Available,Office,Not Available,Not Available,Not Available,Not Available,Not Available,Not Available,No,Not Available,Not Available,Not Available,2334580,Not Available,Office,312,298,Not Available,Not Available,Not Available,0,Not Available,Not Available,Not Available,3,0,03/25/2019 05:15 PM EDT,No,20.24,Not Available,Not Available,2019-04-22T11:03:47.000,Not Available,Not Available,Not Available,29,Not Available,Not Available,Not Available,Not Available,Not Available
K370-0300110,K-12 School,BROOKLYN,Not Available,Not Available,Not Available,Ok,294.6,Not Available,Brooklyn,Not Available,138.9,Not Available,Not Available,Not Available,138.9,Not Available,K-12 School,Not Available,Not Available,Not Available,Not Available,Not Available,Not Available,No,Not Available,Not Available,Not Available,480599.9,Not Available,K-12 School,Not Available,Not Available,Not Available,Not Available,Not Available,142.2,Not Available,Not Available,Not Available,Not Available,0,04/11/2019 11:54 AM EDT,No,Not Available,Not Available,Not Available,2019-05-01T15:11:26.000,Not Available,Not Available,Not Available,54,Not Available,Not Available,Not Available,Not Available,Not Available
Q450-0400220,K-12 School,QUEENS,Not Available,Not Available,Not Available,Ok,1057.8,Not Available,Queens,Not Available,96.4,Not Available,Not Available,Not Available,218.3,Not Available,K-12 School,Not Available,Not Available,Not Available,Not Available,Not Available,Not Available,No,Not Available,Not Available,Not Available,755599.9,Not Available,K-12 School,Not Available,Not Available,Not Available,Not Available,Not Available,506.6,Not Available,Not Available,Not Available,Not Available,0,04/09/2019 02:08 PM EDT,No,Not Available,Not Available,Not Available,2019-05-01T15:12:07.000,Not Available,Not Available,Not Available,81,Not Available,Not Available,Not Available,Not Available,Not Available
Q212-0401422,K-12 School,QUEENS,Not Available,Not Available,Not Available,Ok,422.3,Not Available,Queens,Not Available,151.1,Not Available,Not Available,Not Available,315.3,Not Available,K-12 School,Not Available,Not Available,Not Available,Not Available,Not Available,Not Available,No,Not Available,Not Available,Not Available,1091199.8,Not Available,K-12 School,Not Available,Not Available,Not Available,Not Available,Not Available,211.9,Not Available,Not Available,Not Available,Not Available,0,04/09/2019 02:08 PM EDT,No,Not Available,Not Available,Not Available,2019-05-01T15:12:07.000,Not Available,Not Available,Not Available,28,Not Available,Not Available,Not Available,Not Available,Not Available
X130-0200173,K-12 School,BRONX,Not Available,Not Available,Not Available,Ok,537.1,Not Available,Bronx,Not Available,104.5,Not Available,Not Available,Not Available,98.9,Not Available,K-12 School,Not Available,Not Available,Not Available,Not Available,Not Available,Not Available,No,Not Available,Not Available,Not Available,342400,Not Available,K-12 School,Not Available,Not Available,Not Available,Not Available,Not Available,392.7,Not Available,Not Available,Not Available,Not Available,0,04/09/2019 02:08 PM EDT,No,Not Available,Not Available,Not Available,2019-05-01T15:12:36.000,Not Available,Not Available,Not Available,58,Not Available,Not Available,Not Available,Not Available,Not Available
X655-0200225,K-12 School,BRONX,Not Available,Not Available,Not Available,Ok,1103,Not Available,Bronx,Not Available,102.6,Not Available,Not Available,Not Available,305.1,Not Available,K-12 School,Not Available,Not Available,Not Available,Not Available,Not Available,Not Available,No,Not Available,Not Available,Not Available,1055999.9,Not Available,K-12 School,Not Available,Not Available,Not Available,Not Available,Not Available,511.5,Not Available,Not Available,Not Available,Not Available,0,04/09/2019 02:08 PM EDT,No,Not Available,Not Available,Not Available,2019-05-01T15:11:19.000,Not Available,Not Available,Not Available,76,Not Available,Not Available,Not Available,Not Available,Not Available
K032-0300055,K-12 School,BROOKLYN,Not Available,Not Available,Not Available,Ok,757.9,Not Available,Brooklyn,Not Available,101,Not Available,Not Available,42576.8,95.7,Not Available,K-12 School,Not Available,Not Available,Not Available,Not Available,Not Available,Not Available,No,Not Available,Not Available,Not Available,331200,Not Available,K-12 School,Not Available,Not Available,Not Available,Not Available,Not Available,474,Not Available,Not Available,Not Available,Not Available,0,04/15/2019 02:43 PM EDT,No,Not Available,Not Available,Not Available,2019-05-01T15:12:40.000,Not Available,Not Available,Not Available,75,Not Available,Not Available,Not Available,Not Available,Not Available
X041-0200077,K-12 School,BRONX,Not Available,Not Available,Not Available,Ok,453.6,Not Available,Bronx,Not Available,90.7,Not Available,Not Available,Not Available,132,Not Available,K-12 School,Not Available,Not Available,Not Available,Not Available,Not Available,Not Available,No,Not Available,Not Available,Not Available,456799.9,Not Available,K-12 School,Not Available,Not Available,Not Available,Not Available,Not Available,247.2,Not Available,Not Available,Not Available,Not Available,0,04/09/2019 02:08 PM EDT,No,Not Available,Not Available,Not Available,2019-05-01T15:12:24.000,Not Available,Not Available,Not Available,66,Not Available,Not Available,Not Available,Not Available,Not Available
Q222-0401456,K-12 School,QUEENS,Not Available,Not Available,Not Available,Ok,238.1,Not Available,Queens,Not Available,103,Not Available,Not Available,Not Available,124.1,Not Available,K-12 School,Not Available,Not Available,Not Available,Not Available,Not Available,Not Available,No,Not Available,Not Available,Not Available,429599.9,Not Available,K-12 School,Not Available,Not Available,Not Available,Not Available,Not Available,91.7,Not Available,Not Available,Not Available,Not Available,0,04/09/2019 02:08 PM EDT,No,Not Available,Not Available,Not Available,2019-05-01T15:12:17.000,Not Available,Not Available,Not Available,59,Not Available,Not Available,Not Available,Not Available,Not Available
Q041-0400038,K-12 School,QUEENS,Not Available,Not Available,Not Available,Ok,337.5,Not Available,Queens,Not Available,104.9,Not Available,Not Available,Not Available,105.4,Not Available,K-12 School,Not Available,Not Available,Not Available,Not Available,Not Available,Not Available,No,Not Available,Not Available,Not Available,364680,Not Available,K-12 School,Not Available,Not Available,Not Available,Not Available,Not Available,212.7,Not Available,Not Available,Not Available,Not Available,0,04/09/2019 02:08 PM EDT,No,Not Available,Not Available,Not Available,2019-05-01T15:11:27.000,Not Available,Not Available,Not Available,55,Not Available,Not Available,Not Available,Not Available,Not Available
Q595-0400219,K-12 School,QUEENS,Not Available,Not Available,Not Available,Ok,261.4,Not Available,Queens,Not Available,94.4,Not Available,Not Available,Not Available,97.1,Not Available,K-12 School,Not Available,Not Available,Not Available,Not Available,Not Available,Not Available,No,Not Available,Not Available,Not Available,335919.9,Not Available,K-12 School,Not Available,Not Available,Not Available,Not Available,Not Available,117.3,Not Available,Not Available,Not Available,Not Available,0,04/11/2019 11:54 AM EDT,No,Not Available,Not Available,Not Available,2019-05-01T15:11:33.000,Not Available,Not Available,Not Available,68,Not Available,Not Available,Not Available,Not Available,Not Available
M832-0101328 (closed),K-12 School,MANHATTAN,Not Available,Not Available,Not Available,Ok,284.6,Not Available,New York,Not Available,Not Available,Not Available,Not Available,Not Available,0,Not Available,K-12 School,Not Available,Not Available,Not Available,Not Available,Not Available,Not Available,No,Not Available,Not Available,Not Available,Not Available,Not Available,K-12 School,Not Available,Not Available,Not Available,Not Available,Not Available,0,Not Available,Not Available,Not Available,Not Available,Not Available,Not Available,No,Not Available,Not Available,Not Available,2019-05-01T15:12:24.000,Not Available,Not Available,Not Available,Not Available,Not Available,Not Available,Not Available,Not Available,Not Available
K650-0300351,K-12 School,BROOKLYN,Not Available,Not Available,Not Available,Ok,1400,Not Available,Brooklyn,Not Available,93.2,Not Available,Not Available,Not Available,318.6,Not Available,K-12 School,Not Available,Not Available,Not Available,Not Available,Not Available,Not Available,No,Not Available,Not Available,Not Available,1102400,Not Available,K-12 School,Not Available,Not Available,Not Available,Not Available,Not Available,715.7,Not Available,Not Available,Not Available,Not Available,0,04/09/2019 04:45 PM EDT,No,Not Available,Not Available,Not Available,2019-05-01T15:12:06.000,Not Available,Not Available,Not Available,76,Not Available,Not Available,Not Available,Not Available,Not Available
X075-0200113,K-12 School,BRONX,Not Available,Not Available,Not Available,Ok,577.7,Not Available,Bronx,Not Available,92.1,Not Available,Not Available,Not Available,145.8,Not Available,K-12 School,Not Available,Not Available,Not Available,Not Available,Not Available,Not Available,No,Not Available,Not Available,Not Available,504659.9,Not Available,K-12 School,Not Available,Not Available,Not Available,Not Available,Not Available,398.1,Not Available,Not Available,Not Available,Not Available,0,04/09/2019 02:08 PM EDT,No,Not Available,Not Available,Not Available,2019-05-01T15:11:18.000,Not Available,Not Available,Not Available,55,Not Available,Not Available,Not Available,Not Available,Not Available
M098-0100093,K-12 School,MANHATTAN,Not Available,Not Available,Not Available,Ok,330.1,Not Available,New York,Not Available,111.4,Not Available,Not Available,Not Available,0,Not Available,K-12 School,Not Available,Not Available,Not Available,Not Available,Not Available,Not Available,No,Not Available,Not Available,Not Available,518199.9,Not Available,K-12 School,Not Available,Not Available,Not Available,Not Available,Not Available,412.8,Not Available,Not Available,Not Available,Not Available,0,04/09/2019 04:45 PM EDT,No,Not Available,Not Available,Not Available,2019-05-01T15:11:20.000,Not Available,Not Available,Not Available,28,Not Available,Not Available,Not Available,Not Available,Not Available
K376-0301609,K-12 School,BROOKLYN,Not Available,Not Available,Not Available,Ok,437.8,Not Available,Brooklyn,Not Available,147.5,Not Available,Not Available,Not Available,276.7,Not Available,K-12 School,Not Available,Not Available,Not Available,Not Available,Not Available,Not Available,No,Not Available,Not Available,Not Available,957599.9,Not Available,K-12 School,Not Available,Not Available,Not Available,Not Available,Not Available,231.5,Not Available,Not Available,Not Available,Not Available,0,04/09/2019 04:45 PM EDT,No,Not Available,Not Available,Not Available,2019-05-01T15:12:26.000,Not Available,Not Available,Not Available,35,Not Available,Not Available,Not Available,Not Available,Not Available
Q802-0401039 (closed),K-12 School,QUEENS,Not Available,Not Available,Not Available,Ok,45.3,Not Available,Queens,Not Available,Not Available,Not Available,Not Available,Not Available,0,Not Available,K-12 School,Not Available,Not Available,Not Available,Not Available,Not Available,Not Available,No,Not Available,Not Available,Not Available,Not Available,Not Available,K-12 School,Not Available,Not Available,Not Available,Not Available,Not Available,0,Not Available,Not Available,Not Available,Not Available,Not Available,Not Available,No,Not Available,Not Available,Not Available,2019-05-01T15:11:55.000,Not Available,Not Available,Not Available,Not Available,Not Available,Not Available,Not Available,Not Available,Not Available
X843-0200267,K-12 School,BRONX,Not Available,Not Available,Not Available,Ok,380.4,Not Available,Bronx,Not Available,123.6,Not Available,Not Available,Not Available,144.7,Not Available,K-12 School,Not Available,Not Available,Not Available,Not Available,Not Available,Not Available,No,Not Available,Not Available,Not Available,500799.9,Not Available,K-12 School,Not Available,Not Available,Not Available,Not Available,Not Available,223.7,Not Available,Not Available,Not Available,Not Available,0,04/09/2019 02:08 PM EDT,No,Not Available,Not Available,Not Available,2019-05-01T15:11:31.000,Not Available,Not Available,Not Available,53,Not Available,Not Available,Not Available,Not Available,Not Available
10769-Fresh Meadows,Retail Store,QUEENS,2010,Not Available,877793,Ok,Not Available,Not Available,Fresh Meadows,Not Available,149,Not Available,Not Available,Not Available,Not Available,Not Available,Retail Store,Not Available,Not Available,Not Available,Not Available,Not Available,Not Available,No,Not Available,Not Available,Not Available,1277030.8,Not Available,Retail Store,Not Available,Not Available,Not Available,Not Available,Not Available,13.6,Not Available,Not Available,Not Available,Not Available,0,04/17/2019 02:25 PM EDT,No,4.3,Not Available,Not Available,2019-04-22T16:02:50.000,Not Available,Not Available,Not Available,55,Not Available,Not Available,Not Available,Not Available,Not Available
K335-0300315,K-12 School,BROOKLYN,Not Available,Not Available,Not Available,Ok,593.4,Not Available,Brooklyn,Not Available,98.8,Not Available,Not Available,Not Available,141.8,Not Available,K-12 School,Not Available,Not Available,Not Available,Not Available,Not Available,Not Available,No,Not Available,Not Available,Not Available,490800,Not Available,K-12 School,Not Available,Not Available,Not Available,Not Available,Not Available,548.7,Not Available,Not Available,Not Available,Not Available,0,04/09/2019 04:45 PM EDT,No,Not Available,Not Available,Not Available,2019-05-01T15:12:30.000,Not Available,Not Available,Not Available,34,Not Available,Not Available,Not Available,Not Available,Not Available
NE - COURT SQUARE I,Office,QUEENS,"2010, 2009, 2008",Not Available,Not Available,Ok,8649.1,Not Available,NEW YORK,Not Available,152,Not Available,Not Available,Not Available,6572.2,Not Available,Office,Not Available,Not Available,Not Available,Not Available,Not Available,Not Available,No,5644,Not Available,Not Available,22744162.1,Not Available,Office,4351,4912,Not Available,Not Available,Not Available,63,Not Available,Not Available,Not Available,Not Available,0,04/30/2019 08:54 AM EDT,No,13.31,Not Available,Not Available,2019-05-01T15:08:31.000,Not Available,Not Available,Not Available,69,Not Available,Not Available,Not Available,Not Available,Not Available
FDA Queens,Other,QUEENS,Not Available,Not Available,Not Available,Ok,913.2,Not Available,Jamaica,Not Available,481.8,Not Available,Not Available,Not Available,2742.7,Not Available,Other,Not Available,Not Available,Not Available,Not Available,Not Available,Not Available,Yes,5000,Not Available,Not Available,9491697.2,Not Available,Other,153,178,Not Available,Not Available,Not Available,2185.4,Not Available,Not Available,Not Available,137,0,04/24/2019 05:41 PM EDT,No,48.55,Not Available,Not Available,2019-04-25T13:58:22.000,Not Available,Not Available,Not Available,Not Available,Not Available,Not Available,Not Available,2019-04-25,Not Available
X077-0200115,K-12 School,BRONX,Not Available,Not Available,Not Available,Ok,853,Not Available,Bronx,Not Available,134,Not Available,Not Available,Not Available,310,Not Available,K-12 School,Not Available,Not Available,Not Available,Not Available,Not Available,Not Available,No,Not Available,Not Available,Not Available,1072879.9,Not Available,K-12 School,Not Available,Not Available,Not Available,Not Available,Not Available,527.7,Not Available,Not Available,Not Available,Not Available,0,04/09/2019 02:08 PM EDT,No,Not Available,Not Available,Not Available,2019-05-01T15:12:24.000,Not Available,Not Available,Not Available,51,Not Available,Not Available,Not Available,Not Available,Not Available
Q115-0400101,K-12 School,QUEENS,Not Available,Not Available,Not Available,Ok,416.9,Not Available,Queens,Not Available,83.2,Not Available,Not Available,Not Available,148.9,Not Available,K-12 School,Not Available,Not Available,Not Available,Not Available,Not Available,Not Available,No,Not Available,Not Available,Not Available,515200,Not Available,K-12 School,Not Available,Not Available,Not Available,Not Available,Not Available,157.7,Not Available,Not Available,Not Available,Not Available,0,04/09/2019 02:08 PM EDT,No,Not Available,Not Available,Not Available,2019-05-01T15:12:44.000,Not Available,Not Available,Not Available,77,Not Available,Not Available,Not Available,Not Available,Not Available
Q460-0400214,K-12 School,QUEENS,Not Available,Not Available,Not Available,Ok,1807.6,Not Available,Queens,Not Available,112.7,Not Available,Not Available,Not Available,363.7,Not Available,K-12 School,Not Available,Not Available,Not Available,Not Available,Not Available,Not Available,No,Not Available,Not Available,Not Available,1258559.8,Not Available,K-12 School,Not Available,Not Available,Not Available,Not Available,Not Available,1420.8,Not Available,Not Available,Not Available,Not Available,0,04/09/2019 02:08 PM EDT,No,Not Available,Not Available,Not Available,2019-05-01T15:11:29.000,Not Available,Not Available,Not Available,51,Not Available,Not Available,Not Available,Not Available,Not Available
M143-0100148,K-12 School,MANHATTAN,Not Available,Not Available,Not Available,Ok,1264.1,Not Available,New York,Not Available,92.9,Not Available,Not Available,Not Available,220.2,Not Available,K-12 School,Not Available,Not Available,Not Available,Not Available,Not Available,Not Available,No,Not Available,Not Available,Not Available,761999.9,Not Available,K-12 School,Not Available,Not Available,Not Available,Not Available,Not Available,714.9,Not Available,Not Available,Not Available,Not Available,0,04/09/2019 04:45 PM EDT,No,Not Available,Not Available,Not Available,2019-05-01T15:12:10.000,Not Available,Not Available,Not Available,76,Not Available,Not Available,Not Available,Not Available,Not Available
Q116-0400102,K-12 School,QUEENS,Not Available,Not Available,Not Available,Ok,398.8,Not Available,Queens,Not Available,101.5,Not Available,Not Available,Not Available,117.8,Not Available,K-12 School,Not Available,Not Available,Not Available,Not Available,Not Available,Not Available,No,Not Available,Not Available,Not Available,407679.9,Not Available,K-12 School,Not Available,Not Available,Not Available,Not Available,Not Available,298.6,Not Available,Not Available,Not Available,Not Available,0,04/11/2019 11:54 AM EDT,No,Not Available,Not Available,Not Available,2019-05-01T15:11:21.000,Not Available,Not Available,Not Available,45,Not Available,Not Available,Not Available,Not Available,Not Available
712 Fifth Avenue,Office,MANHATTAN,"2018, 2017, 2016, 2015, 2014, 2013, 2012, 2010, 2009",Not Available,10952332.9,Ok,3825,Not Available,New York,Not Available,167.5,Not Available,Not Available,Not Available,3241.7,Not Available,Office,Not Available,0,Not Available,Not Available,Not Available,Not Available,No,1205,Not Available,Not Available,8701631.2,Not Available,Office,1344,1478,Not Available,Not Available,Not Available,0,Not Available,Not Available,Not Available,Not Available,0,02/19/2019 04:12 PM EST,No,18.16,Not Available,Not Available,2019-03-15T11:54:48.000,Not Available,Not Available,Not Available,63,Not Available,Not Available,0,Not Available,Not Available
Q722-0401256,K-12 School,QUEENS,Not Available,Not Available,Not Available,Ok,654.7,Not Available,Queens,Not Available,127.5,Not Available,Not Available,Not Available,372.9,Not Available,K-12 School,Not Available,Not Available,Not Available,Not Available,Not Available,Not Available,No,Not Available,Not Available,Not Available,1290399.9,Not Available,K-12 School,Not Available,Not Available,Not Available,Not Available,Not Available,160,Not Available,Not Available,Not Available,Not Available,0,04/09/2019 02:08 PM EDT,No,Not Available,Not Available,Not Available,2019-05-01T15:12:16.000,Not Available,Not Available,Not Available,69,Not Available,Not Available,Not Available,Not Available,Not Available
K136-0300143,K-12 School,BROOKLYN,Not Available,Not Available,Not Available,Ok,1003.2,Not Available,Brooklyn,Not Available,102.1,Not Available,Not Available,Not Available,196,Not Available,K-12 School,Not Available,Not Available,Not Available,Not Available,Not Available,Not Available,No,Not Available,Not Available,Not Available,678239.9,Not Available,K-12 School,Not Available,Not Available,Not Available,Not Available,Not Available,599.2,Not Available,Not Available,Not Available,Not Available,0,04/09/2019 04:45 PM EDT,No,Not Available,Not Available,Not Available,2019-05-01T15:11:44.000,Not Available,Not Available,Not Available,71,Not Available,Not Available,Not Available,Not Available,Not Available
Q266-0401479,K-12 School,QUEENS,Not Available,Not Available,Not Available,Ok,402.7,Not Available,Queens,Not Available,260.2,Not Available,Not Available,Not Available,476.6,Not Available,K-12 School,Not Available,Not Available,Not Available,Not Available,Not Available,Not Available,No,Not Available,Not Available,Not Available,1649199.8,Not Available,K-12 School,Not Available,Not Available,Not Available,Not Available,Not Available,291.5,Not Available,Not Available,Not Available,Not Available,0,04/09/2019 02:09 PM EDT,No,Not Available,Not Available,Not Available,2019-05-01T15:12:05.000,Not Available,Not Available,Not Available,4,Not Available,Not Available,Not Available,Not Available,Not Available
M111-0100102,K-12 School,MANHATTAN,Not Available,Not Available,Not Available,Ok,428.9,Not Available,New York,Not Available,91.6,Not Available,Not Available,Not Available,146,Not Available,K-12 School,Not Available,Not Available,Not Available,Not Available,Not Available,Not Available,No,Not Available,Not Available,Not Available,505119.9,Not Available,K-12 School,Not Available,Not Available,Not Available,Not Available,Not Available,256.5,Not Available,Not Available,Not Available,Not Available,0,04/09/2019 04:45 PM EDT,No,Not Available,Not Available,Not Available,2019-05-01T15:12:07.000,Not Available,Not Available,Not Available,56,Not Available,Not Available,Not Available,Not Available,Not Available
COLLEGE POINT (1150),Retail Store,QUEENS,2014,Not Available,Not Available,Ok,1003.1,Not Available,COLLEGE POINT,Not Available,204.9,Not Available,Not Available,Not Available,739.1,Not Available,Retail Store,Not Available,Not Available,Not Available,Not Available,Not Available,Not Available,Yes,Not Available,Not Available,Not Available,2557688.6,Not Available,Retail Store,Not Available,Not Available,Not Available,Not Available,Not Available,214.3,Not Available,Not Available,Not Available,Not Available,0,05/17/2019 07:45 PM EDT,No,13.32,Not Available,Not Available,2019-06-03T15:30:29.000,Not Available,Not Available,Not Available,55,Not Available,Not Available,Not Available,2019-06-03,Not Available
X119-0200162,K-12 School,BRONX,Not Available,Not Available,Not Available,Ok,353.6,Not Available,Bronx,Not Available,113.3,Not Available,Not Available,Not Available,79.5,Not Available,K-12 School,Not Available,Not Available,Not Available,Not Available,Not Available,Not Available,No,Not Available,Not Available,Not Available,275000,Not Available,K-12 School,Not Available,Not Available,Not Available,Not Available,Not Available,368.9,Not Available,Not Available,Not Available,Not Available,0,04/09/2019 02:08 PM EDT,No,Not Available,Not Available,Not Available,2019-05-01T15:12:42.000,Not Available,Not Available,Not Available,26,Not Available,Not Available,Not Available,Not Available,Not Available
K805-0300359,K-12 School,BROOKLYN,Not Available,Not Available,Not Available,Ok,1013.6,Not Available,Brooklyn,Not Available,79.8,Not Available,Not Available,Not Available,278.8,Not Available,K-12 School,Not Available,Not Available,Not Available,Not Available,Not Available,Not Available,No,Not Available,Not Available,Not Available,964800,Not Available,K-12 School,Not Available,Not Available,Not Available,Not Available,Not Available,409.1,Not Available,Not Available,Not Available,Not Available,0,04/09/2019 04:45 PM EDT,No,Not Available,Not Available,Not Available,2019-05-01T15:11:15.000,Not Available,Not Available,Not Available,82,Not Available,Not Available,Not Available,Not Available,Not Available
M124-0100195,K-12 School,MANHATTAN,Not Available,Not Available,Not Available,Ok,691.4,Not Available,New York,Not Available,113.9,Not Available,Not Available,Not Available,226.1,Not Available,K-12 School,Not Available,Not Available,Not Available,Not Available,Not Available,Not Available,No,Not Available,Not Available,Not Available,782399.9,Not Available,K-12 School,Not Available,Not Available,Not Available,Not Available,Not Available,385.7,Not Available,Not Available,Not Available,Not Available,0,04/09/2019 04:45 PM EDT,No,Not Available,Not Available,Not Available,2019-05-01T15:12:01.000,Not Available,Not Available,Not Available,61,Not Available,Not Available,Not Available,Not Available,Not Available
"Q134, Q835-0400120",K-12 School,QUEENS,Not Available,Not Available,Not Available,Ok,499.1,Not Available,Queens,Not Available,98.8,Not Available,Not Available,Not Available,140.4,Not Available,K-12 School,Not Available,Not Available,Not Available,Not Available,Not Available,Not Available,No,Not Available,Not Available,Not Available,485999.9,Not Available,K-12 School,Not Available,Not Available,Not Available,Not Available,Not Available,336.6,Not Available,Not Available,Not Available,Not Available,0,04/11/2019 11:54 AM EDT,No,Not Available,Not Available,Not Available,2019-05-01T15:11:24.000,Not Available,Not Available,Not Available,54,Not Available,Not Available,Not Available,Not Available,Not Available
X175-0200236,K-12 School,BRONX,Not Available,Not Available,Not Available,Ok,308.7,Not Available,Bronx,Not Available,109.2,Not Available,Not Available,Not Available,136.1,Not Available,K-12 School,Not Available,Not Available,Not Available,Not Available,Not Available,Not Available,No,Not Available,Not Available,Not Available,470959.9,Not Available,K-12 School,Not Available,Not Available,Not Available,Not Available,Not Available,148.4,Not Available,Not Available,Not Available,Not Available,0,04/09/2019 02:08 PM EDT,No,Not Available,Not Available,Not Available,2019-05-01T15:11:37.000,Not Available,Not Available,Not Available,57,Not Available,Not Available,Not Available,Not Available,Not Available
X057-0200092,K-12 School,BRONX,Not Available,Not Available,Not Available,Ok,423.5,Not Available,Bronx,Not Available,141.1,Not Available,Not Available,Not Available,134.3,Not Available,K-12 School,Not Available,Not Available,Not Available,Not Available,Not Available,Not Available,No,Not Available,Not Available,Not Available,464639.9,Not Available,K-12 School,Not Available,Not Available,Not Available,Not Available,Not Available,427.2,Not Available,Not Available,Not Available,Not Available,0,04/09/2019 02:08 PM EDT,No,Not Available,Not Available,Not Available,2019-05-01T15:12:05.000,Not Available,Not Available,Not Available,23,Not Available,Not Available,Not Available,Not Available,Not Available
K307-0300302,K-12 School,BROOKLYN,Not Available,Not Available,Not Available,Ok,760.9,Not Available,Brooklyn,Not Available,81.2,Not Available,Not Available,Not Available,113.2,Not Available,K-12 School,Not Available,Not Available,Not Available,Not Available,Not Available,Not Available,No,Not Available,Not Available,Not Available,391599.9,Not Available,K-12 School,Not Available,Not Available,Not Available,Not Available,Not Available,391,Not Available,Not Available,Not Available,Not Available,0,04/09/2019 04:45 PM EDT,No,Not Available,Not Available,Not Available,2019-05-01T15:11:20.000,Not Available,Not Available,Not Available,83,Not Available,Not Available,Not Available,Not Available,Not Available
M155-0100137,K-12 School,MANHATTAN,Not Available,Not Available,Not Available,Ok,712.2,Not Available,New York,Not Available,90.3,Not Available,Not Available,Not Available,113.8,Not Available,K-12 School,Not Available,Not Available,Not Available,Not Available,Not Available,Not Available,No,Not Available,Not Available,Not Available,393919.9,Not Available,K-12 School,Not Available,Not Available,Not Available,Not Available,Not Available,421.1,Not Available,Not Available,Not Available,Not Available,0,04/09/2019 04:45 PM EDT,No,Not Available,Not Available,Not Available,2019-05-01T15:11:30.000,Not Available,Not Available,Not Available,75,Not Available,Not Available,Not Available,Not Available,Not Available
M057-0100068,K-12 School,MANHATTAN,Not Available,Not Available,Not Available,Ok,553.9,Not Available,New York,Not Available,110.3,Not Available,Not Available,Not Available,196.1,Not Available,K-12 School,Not Available,Not Available,Not Available,Not Available,Not Available,Not Available,No,Not Available,Not Available,Not Available,678799.9,Not Available,K-12 School,Not Available,Not Available,Not Available,Not Available,Not Available,281.6,Not Available,Not Available,Not Available,Not Available,0,04/09/2019 04:45 PM EDT,No,Not Available,Not Available,Not Available,2019-05-01T15:12:40.000,Not Available,Not Available,Not Available,64,Not Available,Not Available,Not Available,Not Available,Not Available
560 Lexco LP,Office,MANHATTAN,"2018, 2016, 2015",Not Available,5047053.9,Ok,2072.1,Not Available,New York,Not Available,145.5,Not Available,Not Available,Not Available,1599.3,Not Available,Office,Not Available,Not Available,Not Available,Not Available,Not Available,Not Available,Yes,1440,Not Available,Not Available,4374972.7,Not Available,Office,703,1021,Not Available,Not Available,Not Available,0,Not Available,Not Available,Not Available,Not Available,0,04/04/2019 04:21 PM EDT,No,15.87,Not Available,Not Available,2019-05-01T08:18:56.000,Not Available,Not Available,Not Available,68,Not Available,Not Available,Not Available,2019-04-23,Not Available
X066-0200103,K-12 School,BRONX,Not Available,Not Available,Not Available,Ok,521.7,Not Available,Bronx,Not Available,88.6,Not Available,Not Available,Not Available,150.5,Not Available,K-12 School,Not Available,Not Available,Not Available,Not Available,Not Available,Not Available,No,Not Available,Not Available,Not Available,520799.9,Not Available,K-12 School,Not Available,Not Available,Not Available,Not Available,Not Available,356.5,Not Available,Not Available,Not Available,Not Available,0,04/09/2019 02:08 PM EDT,No,Not Available,Not Available,Not Available,2019-05-01T15:11:18.000,Not Available,Not Available,Not Available,52,Not Available,Not Available,Not Available,Not Available,Not Available
R018-0500085,K-12 School,STATEN IS,Not Available,Not Available,Not Available,Ok,472,Not Available,Staten Island,Not Available,93.5,Not Available,Not Available,Not Available,165.5,Not Available,K-12 School,Not Available,Not Available,Not Available,Not Available,Not Available,Not Available,No,Not Available,Not Available,Not Available,572679.9,Not Available,K-12 School,Not Available,Not Available,Not Available,Not Available,Not Available,217.4,Not Available,Not Available,Not Available,Not Available,0,04/11/2019 11:54 AM EDT,No,Not Available,Not Available,Not Available,2019-05-01T15:11:16.000,Not Available,Not Available,Not Available,69,Not Available,Not Available,Not Available,Not Available,Not Available
Q045-0400040,K-12 School,QUEENS,Not Available,Not Available,Not Available,Ok,272.4,Not Available,Queens,Not Available,89.4,Not Available,Not Available,Not Available,77.7,Not Available,K-12 School,Not Available,Not Available,Not Available,Not Available,Not Available,Not Available,No,Not Available,Not Available,Not Available,268880,Not Available,K-12 School,Not Available,Not Available,Not Available,Not Available,Not Available,191.3,Not Available,Not Available,Not Available,Not Available,0,04/11/2019 11:55 AM EDT,No,Not Available,Not Available,Not Available,2019-05-01T15:12:19.000,Not Available,Not Available,Not Available,51,Not Available,Not Available,Not Available,Not Available,Not Available
M180-0100153,K-12 School,MANHATTAN,Not Available,Not Available,Not Available,Ok,560.4,Not Available,New York,Not Available,110.2,Not Available,Not Available,Not Available,163.6,Not Available,K-12 School,Not Available,Not Available,Not Available,Not Available,Not Available,Not Available,No,Not Available,Not Available,Not Available,566079.9,Not Available,K-12 School,Not Available,Not Available,Not Available,Not Available,Not Available,302.9,Not Available,Not Available,Not Available,Not Available,0,04/09/2019 04:45 PM EDT,No,Not Available,Not Available,Not Available,2019-05-01T15:12:43.000,Not Available,Not Available,Not Available,67,Not Available,Not Available,Not Available,Not Available,Not Available
1301 Avenue of the Americas,Office,MANHATTAN,"2018, 2017, 2009",Not Available,113654371.9,Ok,18146.1,Not Available,New York,N+1,203.6,Not Available,Not Available,Not Available,13719.8,Not Available,Office,N+1,0,Not Available,Not Available,Not Available,Not Available,No,18349,Not Available,Not Available,21363967,Not Available,Office,4657,6052,Not Available,Not Available,Not Available,3666.9,Not Available,Not Available,Not Available,Not Available,0,03/18/2019 09:02 AM EDT,No,16.87,Not Available,Not Available,2019-03-20T12:05:07.000,Not Available,Not Available,Not Available,53,Not Available,Not Available,0,Not Available,Not Available
M646-0100189,K-12 School,MANHATTAN,Not Available,Not Available,Not Available,Ok,520.9,Not Available,New York,Not Available,156.4,Not Available,Not Available,Not Available,306.4,Not Available,K-12 School,Not Available,Not Available,Not Available,Not Available,Not Available,Not Available,No,Not Available,Not Available,Not Available,1060399.9,Not Available,K-12 School,Not Available,Not Available,Not Available,Not Available,Not Available,387.8,Not Available,Not Available,Not Available,Not Available,0,04/09/2019 04:45 PM EDT,No,Not Available,Not Available,Not Available,2019-05-01T15:11:44.000,Not Available,Not Available,Not Available,22,Not Available,Not Available,Not Available,Not Available,Not Available
Q194-0400198,K-12 School,QUEENS,Not Available,Not Available,Not Available,Ok,773.2,Not Available,Queens,Not Available,73.2,Not Available,Not Available,Not Available,178.6,Not Available,K-12 School,Not Available,Not Available,Not Available,Not Available,Not Available,Not Available,No,Not Available,Not Available,Not Available,618239.9,Not Available,K-12 School,Not Available,Not Available,Not Available,Not Available,Not Available,390.9,Not Available,Not Available,Not Available,Not Available,0,04/09/2019 02:08 PM EDT,No,Not Available,Not Available,Not Available,2019-05-01T15:11:52.000,Not Available,Not Available,Not Available,76,Not Available,Not Available,Not Available,Not Available,Not Available
2 Park Avenue,Office,MANHATTAN,"2018, 2017, 2016, 2015, 2014, 2013, 2012, 2011, 2010, 2009",Not Available,17776925.1,Ok,6115,Not Available,New York,Not Available,151.7,Not Available,Not Available,Not Available,4739.3,Not Available,Office,Not Available,Not Available,Not Available,Not Available,Not Available,Not Available,Yes,13106,Not Available,Not Available,12316449.8,Not Available,Office,2735,2735,Not Available,Not Available,Not Available,0,Not Available,Not Available,Not Available,47,0,04/01/2019 09:29 AM EDT,No,15.65,Not Available,Not Available,2019-04-24T10:40:07.000,Not Available,Not Available,Not Available,68,Not Available,Not Available,Not Available,2019-04-24,13106
M019-0100040,K-12 School,MANHATTAN,Not Available,Not Available,Not Available,Ok,497.8,Not Available,New York,Not Available,80.9,Not Available,Not Available,Not Available,100.1,Not Available,K-12 School,Not Available,Not Available,Not Available,Not Available,Not Available,Not Available,No,Not Available,Not Available,Not Available,346400,Not Available,K-12 School,Not Available,Not Available,Not Available,Not Available,Not Available,250.8,Not Available,Not Available,Not Available,Not Available,0,04/09/2019 04:45 PM EDT,No,Not Available,Not Available,Not Available,2019-05-01T15:12:17.000,Not Available,Not Available,Not Available,79,Not Available,Not Available,Not Available,Not Available,Not Available
K465-0300352,K-12 School,BROOKLYN,Not Available,Not Available,Not Available,Ok,2612.2,Not Available,Brooklyn,Not Available,117.6,Not Available,Not Available,Not Available,613.5,Not Available,K-12 School,Not Available,Not Available,Not Available,Not Available,Not Available,Not Available,No,Not Available,Not Available,Not Available,2123199.7,Not Available,K-12 School,Not Available,Not Available,Not Available,Not Available,Not Available,1805.7,Not Available,Not Available,Not Available,Not Available,0,04/11/2019 11:54 AM EDT,No,Not Available,Not Available,Not Available,2019-05-01T15:11:41.000,Not Available,Not Available,Not Available,57,Not Available,Not Available,Not Available,Not Available,Not Available
K057-0300077,K-12 School,BROOKLYN,Not Available,Not Available,Not Available,Ok,796.4,Not Available,Brooklyn,Not Available,92.7,Not Available,Not Available,Not Available,219.4,Not Available,K-12 School,Not Available,Not Available,Not Available,Not Available,Not Available,Not Available,No,Not Available,Not Available,Not Available,759199.9,Not Available,K-12 School,Not Available,Not Available,Not Available,Not Available,Not Available,406.9,Not Available,Not Available,Not Available,Not Available,0,04/09/2019 04:45 PM EDT,No,Not Available,Not Available,Not Available,2019-05-01T15:11:41.000,Not Available,Not Available,Not Available,72,Not Available,Not Available,Not Available,Not Available,Not Available
K044-0300066,K-12 School,BROOKLYN,Not Available,Not Available,Not Available,Ok,357.4,Not Available,Brooklyn,Not Available,89.3,Not Available,Not Available,Not Available,134.3,Not Available,K-12 School,Not Available,Not Available,Not Available,Not Available,Not Available,Not Available,No,Not Available,Not Available,Not Available,464800,Not Available,K-12 School,Not Available,Not Available,Not Available,Not Available,Not Available,219.7,Not Available,Not Available,Not Available,Not Available,0,04/09/2019 04:45 PM EDT,No,Not Available,Not Available,Not Available,2019-05-01T15:11:21.000,Not Available,Not Available,Not Available,50,Not Available,Not Available,Not Available,Not Available,Not Available
K099-0300109,K-12 School,BROOKLYN,Not Available,Not Available,Not Available,Ok,490,Not Available,Brooklyn,Not Available,90.3,Not Available,Not Available,Not Available,97,Not Available,K-12 School,Not Available,Not Available,Not Available,Not Available,Not Available,Not Available,No,Not Available,Not Available,Not Available,335760,Not Available,K-12 School,Not Available,Not Available,Not Available,Not Available,Not Available,291.7,Not Available,Not Available,Not Available,Not Available,0,04/11/2019 11:54 AM EDT,No,Not Available,Not Available,Not Available,2019-05-01T15:12:39.000,Not Available,Not Available,Not Available,71,Not Available,Not Available,Not Available,Not Available,Not Available
R008-0500034,K-12 School,STATEN IS,Not Available,Not Available,Not Available,Ok,333.3,Not Available,Staten Island,Not Available,89.6,Not Available,Not Available,Not Available,68.2,Not Available,K-12 School,Not Available,Not Available,Not Available,Not Available,Not Available,Not Available,No,Not Available,Not Available,Not Available,236000,Not Available,K-12 School,Not Available,Not Available,Not Available,Not Available,Not Available,224.5,Not Available,Not Available,Not Available,Not Available,0,04/11/2019 11:54 AM EDT,No,Not Available,Not Available,Not Available,2019-05-01T15:12:38.000,Not Available,Not Available,Not Available,62,Not Available,Not Available,Not Available,Not Available,Not Available
K415-0300372,K-12 School,BROOKLYN,Not Available,Not Available,Not Available,Ok,1723.4,Not Available,Brooklyn,Not Available,106.5,Not Available,Not Available,Not Available,346.5,Not Available,K-12 School,Not Available,Not Available,Not Available,Not Available,Not Available,Not Available,No,Not Available,Not Available,Not Available,1199200,Not Available,K-12 School,Not Available,Not Available,Not Available,Not Available,Not Available,1087.7,Not Available,Not Available,Not Available,Not Available,0,04/11/2019 11:54 AM EDT,No,Not Available,Not Available,Not Available,2019-05-01T15:12:25.000,Not Available,Not Available,Not Available,67,Not Available,Not Available,Not Available,Not Available,Not Available
M052-0100066,K-12 School,MANHATTAN,Not Available,Not Available,Not Available,Ok,1009.1,Not Available,New York,Not Available,118.7,Not Available,Not Available,Not Available,257.5,Not Available,K-12 School,Not Available,Not Available,Not Available,Not Available,Not Available,Not Available,No,Not Available,Not Available,Not Available,891199.9,Not Available,K-12 School,Not Available,Not Available,Not Available,Not Available,Not Available,813.5,Not Available,Not Available,Not Available,Not Available,0,04/09/2019 04:45 PM EDT,No,Not Available,Not Available,Not Available,2019-05-01T15:12:28.000,Not Available,Not Available,Not Available,44,Not Available,Not Available,Not Available,Not Available,Not Available
K316-0300306,K-12 School,BROOKLYN,Not Available,Not Available,Not Available,Ok,507.7,Not Available,Brooklyn,Not Available,118.9,Not Available,Not Available,Not Available,147,Not Available,K-12 School,Not Available,Not Available,Not Available,Not Available,Not Available,Not Available,No,Not Available,Not Available,Not Available,508800,Not Available,K-12 School,Not Available,Not Available,Not Available,Not Available,Not Available,511.5,Not Available,Not Available,Not Available,Not Available,0,04/11/2019 11:55 AM EDT,No,Not Available,Not Available,Not Available,2019-05-01T15:11:44.000,Not Available,Not Available,Not Available,25,Not Available,Not Available,Not Available,Not Available,Not Available
R061-0500338,K-12 School,STATEN IS,Not Available,Not Available,Not Available,Ok,925.2,Not Available,Staten Island,Not Available,60.8,Not Available,Not Available,Not Available,198.8,Not Available,K-12 School,Not Available,Not Available,Not Available,Not Available,Not Available,Not Available,No,Not Available,Not Available,Not Available,687999.9,Not Available,K-12 School,Not Available,Not Available,Not Available,Not Available,Not Available,434,Not Available,Not Available,Not Available,Not Available,0,04/11/2019 11:54 AM EDT,No,Not Available,Not Available,Not Available,2019-05-01T15:12:27.000,Not Available,Not Available,Not Available,81,Not Available,Not Available,Not Available,Not Available,Not Available
K308-0300303,K-12 School,BROOKLYN,Not Available,Not Available,Not Available,Ok,843.6,Not Available,Brooklyn,Not Available,86.5,Not Available,Not Available,Not Available,212.7,Not Available,K-12 School,Not Available,Not Available,Not Available,Not Available,Not Available,Not Available,No,Not Available,Not Available,Not Available,736199.9,Not Available,K-12 School,Not Available,Not Available,Not Available,Not Available,Not Available,374.5,Not Available,Not Available,Not Available,Not Available,0,04/09/2019 04:45 PM EDT,No,Not Available,Not Available,Not Available,2019-05-01T15:11:27.000,Not Available,Not Available,Not Available,80,Not Available,Not Available,Not Available,Not Available,Not Available
M970-0101509,K-12 School,MANHATTAN,Not Available,Not Available,Not Available,Ok,450.2,Not Available,New York,Not Available,163.6,Not Available,Not Available,Not Available,341.2,Not Available,K-12 School,Not Available,Not Available,Not Available,Not Available,Not Available,Not Available,No,Not Available,Not Available,Not Available,1180799.9,Not Available,K-12 School,Not Available,Not Available,Not Available,Not Available,Not Available,172.7,Not Available,Not Available,Not Available,Not Available,0,04/09/2019 04:45 PM EDT,No,Not Available,Not Available,Not Available,2019-05-01T15:11:53.000,Not Available,Not Available,Not Available,36,Not Available,Not Available,Not Available,Not Available,Not Available
M048-0101323,K-12 School,MANHATTAN,Not Available,Not Available,Not Available,Ok,490.4,Not Available,New York,Not Available,143.7,Not Available,Not Available,Not Available,383.2,Not Available,K-12 School,Not Available,Not Available,Not Available,Not Available,Not Available,Not Available,No,Not Available,Not Available,Not Available,1325999.8,Not Available,K-12 School,Not Available,Not Available,Not Available,Not Available,Not Available,206.7,Not Available,Not Available,Not Available,Not Available,0,04/09/2019 04:45 PM EDT,No,Not Available,Not Available,Not Available,2019-05-01T15:11:25.000,Not Available,Not Available,Not Available,31,Not Available,Not Available,Not Available,Not Available,Not Available
X015-0200274,K-12 School,BRONX,Not Available,Not Available,Not Available,Ok,800.4,Not Available,Bronx,Not Available,198.2,Not Available,Not Available,Not Available,760.1,Not Available,K-12 School,Not Available,Not Available,Not Available,Not Available,Not Available,Not Available,No,Not Available,Not Available,Not Available,2630399.7,Not Available,K-12 School,Not Available,Not Available,Not Available,Not Available,Not Available,354,Not Available,Not Available,Not Available,Not Available,0,04/09/2019 02:08 PM EDT,No,Not Available,Not Available,Not Available,2019-05-01T15:12:42.000,Not Available,Not Available,Not Available,19,Not Available,Not Available,Not Available,Not Available,Not Available
M630-0100178 (closed),K-12 School,MANHATTAN,Not Available,Not Available,Not Available,Ok,1021.6,Not Available,New York,Not Available,Not Available,Not Available,Not Available,Not Available,0,Not Available,K-12 School,Not Available,Not Available,Not Available,Not Available,Not Available,Not Available,No,Not Available,Not Available,Not Available,Not Available,Not Available,K-12 School,Not Available,Not Available,Not Available,Not Available,Not Available,0,Not Available,Not Available,Not Available,Not Available,Not Available,01/31/2018 12:42 PM EST,No,Not Available,Not Available,Not Available,2019-05-01T15:12:37.000,Not Available,Not Available,Not Available,Not Available,Not Available,Not Available,Not Available,Not Available,Not Available
M066-0100074,K-12 School,MANHATTAN,Not Available,Not Available,Not Available,Ok,307.5,Not Available,New York,Not Available,80.9,Not Available,Not Available,Not Available,102.6,Not Available,K-12 School,Not Available,Not Available,Not Available,Not Available,Not Available,Not Available,No,Not Available,Not Available,Not Available,355200,Not Available,K-12 School,Not Available,Not Available,Not Available,Not Available,Not Available,113.6,Not Available,Not Available,Not Available,Not Available,0,04/09/2019 04:45 PM EDT,No,Not Available,Not Available,Not Available,2019-05-01T15:11:30.000,Not Available,Not Available,Not Available,80,Not Available,Not Available,Not Available,Not Available,Not Available
90 Park,Office,MANHATTAN,Not Available,Not Available,43261807.3,Ok,7300.6,Not Available,New York,Not Available,198.3,Not Available,Not Available,Not Available,6609.6,Not Available,Office,Not Available,Not Available,Not Available,Not Available,Not Available,Not Available,No,13733,Not Available,Not Available,12932907.1,Not Available,Office,3118,3518,Not Available,Not Available,Not Available,29.5,Not Available,Not Available,Not Available,53,0,04/04/2019 08:42 PM EDT,No,20.63,Not Available,Not Available,2019-04-26T17:13:37.000,Not Available,Not Available,Not Available,57,Not Available,Not Available,Not Available,Not Available,13411
X068-0200105,K-12 School,BRONX,Not Available,Not Available,Not Available,Ok,636.4,Not Available,Bronx,Not Available,148.5,Not Available,Not Available,Not Available,204.6,Not Available,K-12 School,Not Available,Not Available,Not Available,Not Available,Not Available,Not Available,No,Not Available,Not Available,Not Available,707919.9,Not Available,K-12 School,Not Available,Not Available,Not Available,Not Available,Not Available,537.8,Not Available,Not Available,Not Available,Not Available,0,04/09/2019 02:08 PM EDT,No,Not Available,Not Available,Not Available,2019-05-01T15:11:40.000,Not Available,Not Available,Not Available,34,Not Available,Not Available,Not Available,Not Available,Not Available
X150-0200194,K-12 School,BRONX,Not Available,Not Available,Not Available,Ok,514,Not Available,Bronx,Not Available,66.4,Not Available,Not Available,Not Available,134.2,Not Available,K-12 School,Not Available,Not Available,Not Available,Not Available,Not Available,Not Available,No,Not Available,Not Available,Not Available,464399.9,Not Available,K-12 School,Not Available,Not Available,Not Available,Not Available,Not Available,233.3,Not Available,Not Available,Not Available,Not Available,0,04/09/2019 02:08 PM EDT,No,Not Available,Not Available,Not Available,2019-05-01T15:12:35.000,Not Available,Not Available,Not Available,78,Not Available,Not Available,Not Available,Not Available,Not Available
Q017-0400018,K-12 School,QUEENS,Not Available,Not Available,Not Available,Ok,634.9,Not Available,Queens,Not Available,73.7,Not Available,Not Available,Not Available,130.1,Not Available,K-12 School,Not Available,Not Available,Not Available,Not Available,Not Available,Not Available,No,Not Available,Not Available,Not Available,450399.9,Not Available,K-12 School,Not Available,Not Available,Not Available,Not Available,Not Available,324.1,Not Available,Not Available,Not Available,Not Available,0,04/09/2019 02:08 PM EDT,No,Not Available,Not Available,Not Available,2019-05-01T15:11:31.000,Not Available,Not Available,Not Available,78,Not Available,Not Available,Not Available,Not Available,Not Available
M002-0100027,K-12 School,MANHATTAN,Not Available,Not Available,3412451.9,Ok,609.3,Not Available,New York,Not Available,80.7,Not Available,Not Available,Not Available,365.7,Not Available,K-12 School,Not Available,Not Available,Not Available,Not Available,Not Available,Not Available,No,Not Available,Not Available,Not Available,481599.9,Not Available,K-12 School,Not Available,Not Available,Not Available,Not Available,Not Available,5.9,Not Available,Not Available,Not Available,Not Available,0,04/09/2019 04:45 PM EDT,No,Not Available,Not Available,Not Available,2019-05-01T15:12:25.000,Not Available,Not Available,Not Available,87,Not Available,Not Available,Not Available,Not Available,Not Available
K377-0300327,K-12 School,BROOKLYN,Not Available,Not Available,Not Available,Ok,454.4,Not Available,Brooklyn,Not Available,73.3,Not Available,Not Available,Not Available,161.9,Not Available,K-12 School,Not Available,Not Available,Not Available,Not Available,Not Available,Not Available,No,Not Available,Not Available,Not Available,560399.9,Not Available,K-12 School,Not Available,Not Available,Not Available,Not Available,Not Available,196.5,Not Available,Not Available,Not Available,Not Available,0,04/09/2019 04:45 PM EDT,No,Not Available,Not Available,Not Available,2019-05-01T15:11:54.000,Not Available,Not Available,Not Available,71,Not Available,Not Available,Not Available,Not Available,Not Available
Q400-0400227,K-12 School,QUEENS,Not Available,Not Available,Not Available,Ok,1731.5,Not Available,Queens,Not Available,93.9,Not Available,Not Available,Not Available,317.9,Not Available,K-12 School,Not Available,Not Available,Not Available,Not Available,Not Available,Not Available,No,Not Available,Not Available,Not Available,1100079.9,Not Available,K-12 School,Not Available,Not Available,Not Available,Not Available,Not Available,1169.7,Not Available,Not Available,Not Available,Not Available,0,04/11/2019 11:54 AM EDT,No,Not Available,Not Available,Not Available,2019-05-01T15:12:15.000,Not Available,Not Available,Not Available,64,Not Available,Not Available,Not Available,Not Available,Not Available
124110 - 1370 Avenue of the Americas,Office,MANHATTAN,Not Available,Not Available,26622613.9,Ok,2364.2,Not Available,New York,Not Available,222.1,Not Available,Not Available,Not Available,3134,Not Available,Office,Not Available,Not Available,Not Available,Not Available,Not Available,Not Available,Yes,12211,Not Available,Not Available,4728366.3,Not Available,Office,195,412,Not Available,Not Available,Not Available,0,Not Available,Not Available,Not Available,Not Available,0,04/02/2019 04:37 PM EDT,No,20.76,Not Available,Not Available,2019-04-12T12:25:21.000,Not Available,Not Available,Not Available,28,Not Available,Not Available,Not Available,2019-04-12,12211
K214-0300218,K-12 School,BROOKLYN,Not Available,Not Available,Not Available,Ok,525.7,Not Available,Brooklyn,Not Available,89.5,Not Available,Not Available,Not Available,114.1,Not Available,K-12 School,Not Available,Not Available,Not Available,Not Available,Not Available,Not Available,No,Not Available,Not Available,Not Available,394800,Not Available,K-12 School,Not Available,Not Available,Not Available,Not Available,Not Available,296.9,Not Available,Not Available,Not Available,Not Available,0,04/09/2019 04:45 PM EDT,No,Not Available,Not Available,Not Available,2019-05-01T15:11:28.000,Not Available,Not Available,Not Available,72,Not Available,Not Available,Not Available,Not Available,Not Available
K191-0300193,K-12 School,BROOKLYN,Not Available,Not Available,Not Available,Ok,570.1,Not Available,Brooklyn,Not Available,132.7,Not Available,Not Available,Not Available,132.2,Not Available,K-12 School,Not Available,Not Available,Not Available,Not Available,Not Available,Not Available,No,Not Available,Not Available,Not Available,457599.9,Not Available,K-12 School,Not Available,Not Available,Not Available,Not Available,Not Available,528.6,Not Available,Not Available,Not Available,Not Available,0,04/11/2019 11:54 AM EDT,No,Not Available,Not Available,Not Available,2019-05-01T15:11:25.000,Not Available,Not Available,Not Available,35,Not Available,Not Available,Not Available,Not Available,Not Available
29WFC-Sheraton New York Hotel & Towers,Hotel,MANHATTAN,Not Available,Not Available,Not Available,Ok,8318,Not Available,New York,Not Available,201.6,Not Available,Not Available,Not Available,4391.6,Not Available,Hotel,Not Available,Not Available,Not Available,Not Available,Not Available,Not Available,Yes,Not Available,1.50644,Not Available,15197774.7,Not Available,Hotel,Not Available,Not Available,Not Available,Not Available,Not Available,4536.5,Not Available,Not Available,Not Available,Not Available,0,03/11/2019 06:48 PM EDT,No,53.21,Not Available,Not Available,2019-03-13T16:22:26.000,Not Available,Not Available,Not Available,41,Not Available,Not Available,Not Available,2019-03-13,Not Available
Q021-0400022,K-12 School,QUEENS,Not Available,Not Available,Not Available,Ok,582.9,Not Available,Queens,Not Available,93,Not Available,Not Available,Not Available,222.8,Not Available,K-12 School,Not Available,Not Available,Not Available,Not Available,Not Available,Not Available,No,Not Available,Not Available,Not Available,771199.9,Not Available,K-12 School,Not Available,Not Available,Not Available,Not Available,Not Available,300.6,Not Available,Not Available,Not Available,Not Available,0,04/09/2019 02:08 PM EDT,No,Not Available,Not Available,Not Available,2019-05-01T15:11:46.000,Not Available,Not Available,Not Available,60,Not Available,Not Available,Not Available,Not Available,Not Available
Q111-0400098,K-12 School,QUEENS,Not Available,Not Available,Not Available,Ok,474.8,Not Available,Queens,Not Available,100.8,Not Available,Not Available,Not Available,123.1,Not Available,K-12 School,Not Available,Not Available,Not Available,Not Available,Not Available,Not Available,No,Not Available,Not Available,Not Available,426160,Not Available,K-12 School,Not Available,Not Available,Not Available,Not Available,Not Available,326.7,Not Available,Not Available,Not Available,Not Available,0,04/09/2019 02:08 PM EDT,No,Not Available,Not Available,Not Available,2019-05-01T15:11:29.000,Not Available,Not Available,Not Available,55,Not Available,Not Available,Not Available,Not Available,Not Available
"R460, R462-0500088",K-12 School,STATEN IS,Not Available,Not Available,Not Available,Ok,2384.8,Not Available,Staten Island,Not Available,91.9,Not Available,Not Available,Not Available,620.1,Not Available,K-12 School,Not Available,Not Available,Not Available,Not Available,Not Available,Not Available,No,Not Available,Not Available,Not Available,2145799.7,Not Available,K-12 School,Not Available,Not Available,Not Available,Not Available,Not Available,1226.2,Not Available,Not Available,Not Available,Not Available,0,04/11/2019 11:55 AM EDT,No,Not Available,Not Available,Not Available,2019-05-01T15:11:22.000,Not Available,Not Available,Not Available,73,Not Available,Not Available,Not Available,Not Available,Not Available
M090-0101345,K-12 School,MANHATTAN,Not Available,Not Available,Not Available,Ok,997.7,Not Available,New York,Not Available,105.3,Not Available,Not Available,Not Available,413.3,Not Available,K-12 School,Not Available,Not Available,Not Available,Not Available,Not Available,Not Available,No,Not Available,Not Available,Not Available,1430399.9,Not Available,K-12 School,Not Available,Not Available,Not Available,Not Available,Not Available,339.1,Not Available,Not Available,Not Available,Not Available,0,04/09/2019 04:45 PM EDT,No,Not Available,Not Available,Not Available,2019-05-01T15:11:39.000,Not Available,Not Available,Not Available,75,Not Available,Not Available,Not Available,Not Available,Not Available
Q139-0400125,K-12 School,QUEENS,Not Available,Not Available,Not Available,Ok,378.3,Not Available,Queens,Not Available,97.1,Not Available,Not Available,Not Available,119.2,Not Available,K-12 School,Not Available,Not Available,Not Available,Not Available,Not Available,Not Available,No,Not Available,Not Available,Not Available,412639.9,Not Available,K-12 School,Not Available,Not Available,Not Available,Not Available,Not Available,213.5,Not Available,Not Available,Not Available,Not Available,0,04/11/2019 11:54 AM EDT,No,Not Available,Not Available,Not Available,2019-05-01T15:11:32.000,Not Available,Not Available,Not Available,62,Not Available,Not Available,Not Available,Not Available,Not Available
K262-0300266,K-12 School,BROOKLYN,Not Available,Not Available,Not Available,Ok,615.2,Not Available,Brooklyn,Not Available,81.2,Not Available,Not Available,Not Available,91.1,Not Available,K-12 School,Not Available,Not Available,Not Available,Not Available,Not Available,Not Available,No,Not Available,Not Available,Not Available,315200,Not Available,K-12 School,Not Available,Not Available,Not Available,Not Available,Not Available,370.2,Not Available,Not Available,Not Available,Not Available,0,04/09/2019 04:45 PM EDT,No,Not Available,Not Available,Not Available,2019-05-01T15:12:28.000,Not Available,Not Available,Not Available,75,Not Available,Not Available,Not Available,Not Available,Not Available
M490-0100198,K-12 School,MANHATTAN,Not Available,Not Available,17172108.9,Ok,2795,Not Available,New York,Not Available,125,Not Available,Not Available,Not Available,2497.9,Not Available,K-12 School,Not Available,Not Available,Not Available,Not Available,Not Available,Not Available,No,Not Available,Not Available,Not Available,4698399.4,Not Available,K-12 School,Not Available,Not Available,Not Available,Not Available,Not Available,4,Not Available,Not Available,Not Available,Not Available,0,04/09/2019 04:45 PM EDT,No,Not Available,Not Available,Not Available,2019-05-01T15:11:21.000,Not Available,Not Available,Not Available,60,Not Available,Not Available,Not Available,Not Available,Not Available
M043-0100059,K-12 School,MANHATTAN,Not Available,Not Available,Not Available,Ok,793.9,Not Available,New York,Not Available,102.6,Not Available,Not Available,Not Available,227.2,Not Available,K-12 School,Not Available,Not Available,Not Available,Not Available,Not Available,Not Available,No,Not Available,Not Available,Not Available,786399.9,Not Available,K-12 School,Not Available,Not Available,Not Available,Not Available,Not Available,424.6,Not Available,Not Available,Not Available,Not Available,0,04/09/2019 04:45 PM EDT,No,Not Available,Not Available,Not Available,2019-05-01T15:12:37.000,Not Available,Not Available,Not Available,68,Not Available,Not Available,Not Available,Not Available,Not Available
K008-0300035,K-12 School,BROOKLYN,Not Available,Not Available,Not Available,Ok,319.4,Not Available,Brooklyn,Not Available,118.5,Not Available,Not Available,Not Available,171.2,Not Available,K-12 School,Not Available,Not Available,Not Available,Not Available,Not Available,Not Available,No,Not Available,Not Available,Not Available,592399.9,Not Available,K-12 School,Not Available,Not Available,Not Available,Not Available,Not Available,145.4,Not Available,Not Available,Not Available,Not Available,0,04/09/2019 04:45 PM EDT,No,Not Available,Not Available,Not Available,2019-05-01T15:11:16.000,Not Available,Not Available,Not Available,50,Not Available,Not Available,Not Available,Not Available,Not Available
Q075-0400067,K-12 School,QUEENS,Not Available,Not Available,Not Available,Ok,336.5,Not Available,Queens,Not Available,83.9,Not Available,Not Available,Not Available,102.3,Not Available,K-12 School,Not Available,Not Available,Not Available,Not Available,Not Available,Not Available,No,Not Available,Not Available,Not Available,353999.9,Not Available,K-12 School,Not Available,Not Available,Not Available,Not Available,Not Available,129.8,Not Available,Not Available,Not Available,Not Available,0,04/09/2019 02:08 PM EDT,No,Not Available,Not Available,Not Available,2019-05-01T15:11:50.000,Not Available,Not Available,Not Available,81,Not Available,Not Available,Not Available,Not Available,Not Available
R007-0500032,K-12 School,STATEN IS,Not Available,Not Available,Not Available,Ok,885.2,Not Available,Staten Island,Not Available,60.4,Not Available,Not Available,Not Available,179.8,Not Available,K-12 School,Not Available,Not Available,Not Available,Not Available,Not Available,Not Available,No,Not Available,Not Available,Not Available,622399.9,Not Available,K-12 School,Not Available,Not Available,Not Available,Not Available,Not Available,417.2,Not Available,Not Available,Not Available,Not Available,0,04/11/2019 11:55 AM EDT,No,Not Available,Not Available,Not Available,2019-05-01T15:11:20.000,Not Available,Not Available,Not Available,82,Not Available,Not Available,Not Available,Not Available,Not Available
Q168-0400152,K-12 School,QUEENS,Not Available,Not Available,Not Available,Ok,933.6,Not Available,Queens,Not Available,112,Not Available,Not Available,Not Available,201,Not Available,K-12 School,Not Available,Not Available,Not Available,Not Available,Not Available,Not Available,No,Not Available,Not Available,Not Available,695599.9,Not Available,K-12 School,Not Available,Not Available,Not Available,Not Available,Not Available,487.6,Not Available,Not Available,Not Available,Not Available,0,04/09/2019 02:08 PM EDT,No,Not Available,Not Available,Not Available,2019-05-01T15:11:38.000,Not Available,Not Available,Not Available,76,Not Available,Not Available,Not Available,Not Available,Not Available
K271-0300272,K-12 School,BROOKLYN,Not Available,Not Available,Not Available,Ok,1343.8,Not Available,Brooklyn,Not Available,56.9,Not Available,Not Available,Not Available,218.9,Not Available,K-12 School,Not Available,Not Available,Not Available,Not Available,Not Available,Not Available,No,Not Available,Not Available,Not Available,757599.9,Not Available,K-12 School,Not Available,Not Available,Not Available,Not Available,Not Available,426.5,Not Available,Not Available,Not Available,Not Available,0,04/09/2019 04:45 PM EDT,No,Not Available,Not Available,Not Available,2019-05-01T15:11:41.000,Not Available,Not Available,Not Available,95,Not Available,Not Available,Not Available,Not Available,Not Available
K132-0300139,K-12 School,BROOKLYN,Not Available,Not Available,Not Available,Ok,398.9,Not Available,Brooklyn,Not Available,110.4,Not Available,Not Available,Not Available,174.9,Not Available,K-12 School,Not Available,Not Available,Not Available,Not Available,Not Available,Not Available,No,Not Available,Not Available,Not Available,605199.9,Not Available,K-12 School,Not Available,Not Available,Not Available,Not Available,Not Available,199.5,Not Available,Not Available,Not Available,Not Available,0,04/09/2019 04:45 PM EDT,No,Not Available,Not Available,Not Available,2019-05-01T15:12:27.000,Not Available,Not Available,Not Available,56,Not Available,Not Available,Not Available,Not Available,Not Available
M117-0100108,K-12 School,MANHATTAN,Not Available,Not Available,Not Available,Ok,1541.4,Not Available,New York,Not Available,110.7,Not Available,Not Available,Not Available,226.9,Not Available,K-12 School,Not Available,Not Available,Not Available,Not Available,Not Available,Not Available,No,Not Available,Not Available,Not Available,785199.9,Not Available,K-12 School,Not Available,Not Available,Not Available,Not Available,Not Available,1023.3,Not Available,Not Available,Not Available,Not Available,0,04/09/2019 04:45 PM EDT,No,Not Available,Not Available,Not Available,2019-05-01T15:11:53.000,Not Available,Not Available,Not Available,69,Not Available,Not Available,Not Available,Not Available,Not Available
X037-0201194,K-12 School,BRONX,Not Available,Not Available,Not Available,Ok,340.4,Not Available,Bronx,Not Available,229.9,Not Available,Not Available,Not Available,373.3,Not Available,K-12 School,Not Available,Not Available,Not Available,Not Available,Not Available,Not Available,No,Not Available,Not Available,Not Available,1291999.8,Not Available,K-12 School,Not Available,Not Available,Not Available,Not Available,Not Available,198.9,Not Available,Not Available,Not Available,Not Available,0,04/09/2019 02:08 PM EDT,No,Not Available,Not Available,Not Available,2019-05-01T15:11:30.000,Not Available,Not Available,Not Available,8,Not Available,Not Available,Not Available,Not Available,Not Available
K120-0300129,K-12 School,BROOKLYN,Not Available,Not Available,Not Available,Ok,556.4,Not Available,Brooklyn,Not Available,105.1,Not Available,Not Available,Not Available,181.6,Not Available,K-12 School,Not Available,Not Available,Not Available,Not Available,Not Available,Not Available,No,Not Available,Not Available,Not Available,628319.9,Not Available,K-12 School,Not Available,Not Available,Not Available,Not Available,Not Available,315.4,Not Available,Not Available,Not Available,Not Available,0,04/09/2019 04:45 PM EDT,No,Not Available,Not Available,Not Available,2019-05-01T15:12:19.000,Not Available,Not Available,Not Available,60,Not Available,Not Available,Not Available,Not Available,Not Available
K391-0300333,K-12 School,BROOKLYN,Not Available,Not Available,Not Available,Ok,1128.6,Not Available,Brooklyn,Not Available,76,Not Available,Not Available,Not Available,286.9,Not Available,K-12 School,Not Available,Not Available,Not Available,Not Available,Not Available,Not Available,No,Not Available,Not Available,Not Available,992799.9,Not Available,K-12 School,Not Available,Not Available,Not Available,Not Available,Not Available,407.7,Not Available,Not Available,Not Available,Not Available,0,04/11/2019 11:54 AM EDT,No,Not Available,Not Available,Not Available,2019-05-01T15:11:54.000,Not Available,Not Available,Not Available,87,Not Available,Not Available,Not Available,Not Available,Not Available
R021-0500044,K-12 School,STATEN IS,Not Available,Not Available,Not Available,Ok,207.6,Not Available,Staten Island,Not Available,93.9,Not Available,Not Available,Not Available,68.8,Not Available,K-12 School,Not Available,Not Available,Not Available,Not Available,Not Available,Not Available,No,Not Available,Not Available,Not Available,237960,Not Available,K-12 School,Not Available,Not Available,Not Available,Not Available,Not Available,83.4,Not Available,Not Available,Not Available,Not Available,0,04/11/2019 11:54 AM EDT,No,Not Available,Not Available,Not Available,2019-05-01T15:11:38.000,Not Available,Not Available,Not Available,77,Not Available,Not Available,Not Available,Not Available,Not Available
K145-0300148,K-12 School,BROOKLYN,Not Available,Not Available,Not Available,Ok,761.8,Not Available,Brooklyn,Not Available,94.5,Not Available,Not Available,Not Available,157.2,Not Available,K-12 School,Not Available,Not Available,Not Available,Not Available,Not Available,Not Available,No,Not Available,Not Available,Not Available,543999.9,Not Available,K-12 School,Not Available,Not Available,Not Available,Not Available,Not Available,505.5,Not Available,Not Available,Not Available,Not Available,0,04/09/2019 04:45 PM EDT,No,Not Available,Not Available,Not Available,2019-05-01T15:11:31.000,Not Available,Not Available,Not Available,63,Not Available,Not Available,Not Available,Not Available,Not Available
X279-0201165,K-12 School,BRONX,Not Available,Not Available,Not Available,Ok,482.4,Not Available,Bronx,Not Available,166.6,Not Available,Not Available,Not Available,331.7,Not Available,K-12 School,Not Available,Not Available,Not Available,Not Available,Not Available,Not Available,No,Not Available,Not Available,Not Available,1147999.8,Not Available,K-12 School,Not Available,Not Available,Not Available,Not Available,Not Available,233.3,Not Available,Not Available,Not Available,Not Available,0,04/09/2019 02:08 PM EDT,No,Not Available,Not Available,Not Available,2019-05-01T15:11:19.000,Not Available,Not Available,Not Available,34,Not Available,Not Available,Not Available,Not Available,Not Available
M660-0100188,K-12 School,MANHATTAN,Not Available,Not Available,Not Available,Ok,499.2,Not Available,New York,Not Available,123.6,Not Available,Not Available,Not Available,129.2,Not Available,K-12 School,Not Available,Not Available,Not Available,Not Available,Not Available,Not Available,No,Not Available,Not Available,Not Available,447199.9,Not Available,K-12 School,Not Available,Not Available,Not Available,Not Available,Not Available,314.8,Not Available,Not Available,Not Available,Not Available,0,04/09/2019 04:45 PM EDT,No,Not Available,Not Available,Not Available,2019-05-01T15:12:15.000,Not Available,Not Available,Not Available,61,Not Available,Not Available,Not Available,Not Available,Not Available
Conde Nast Building,Office,MANHATTAN,"2010, 2008, 2006, 2005, 2003, 2002, 2001",Not Available,14073786.2,Ok,11025.4,Not Available,Manhattan,Not Available,226.1,Not Available,Not Available,Not Available,10187.6,Not Available,Office,Not Available,Not Available,Not Available,Not Available,Not Available,Not Available,No,Not Available,Not Available,Not Available,32021890.4,Not Available,Office,4727,4008,Not Available,Not Available,Not Available,1991.7,Not Available,Not Available,Not Available,Not Available,0,04/26/2019 02:29 PM EDT,No,Not Available,Not Available,Not Available,2019-04-30T11:53:27.000,Not Available,Not Available,Not Available,42,Not Available,Not Available,Not Available,Not Available,Not Available
Q161-0401412,K-12 School,QUEENS,Not Available,Not Available,Not Available,Ok,430.5,Not Available,Queens,Not Available,120.9,Not Available,Not Available,Not Available,289,Not Available,K-12 School,Not Available,Not Available,Not Available,Not Available,Not Available,Not Available,No,Not Available,Not Available,Not Available,999999.9,Not Available,K-12 School,Not Available,Not Available,Not Available,Not Available,Not Available,158.8,Not Available,Not Available,Not Available,Not Available,0,04/11/2019 11:54 AM EDT,No,Not Available,Not Available,Not Available,2019-05-01T15:12:03.000,Not Available,Not Available,Not Available,46,Not Available,Not Available,Not Available,Not Available,Not Available
X148-0200192,K-12 School,BRONX,Not Available,Not Available,Not Available,Ok,1149.2,Not Available,Bronx,Not Available,84.8,Not Available,Not Available,Not Available,251.6,Not Available,K-12 School,Not Available,Not Available,Not Available,Not Available,Not Available,Not Available,No,Not Available,Not Available,Not Available,870799.9,Not Available,K-12 School,Not Available,Not Available,Not Available,Not Available,Not Available,560.6,Not Available,Not Available,Not Available,Not Available,0,04/09/2019 02:08 PM EDT,No,Not Available,Not Available,Not Available,2019-05-01T15:11:48.000,Not Available,Not Available,Not Available,79,Not Available,Not Available,Not Available,Not Available,Not Available
"K160, K521-0300163",K-12 School,BROOKLYN,Not Available,Not Available,Not Available,Ok,547.4,Not Available,Brooklyn,Not Available,137.3,Not Available,Not Available,Not Available,343.9,Not Available,K-12 School,Not Available,Not Available,Not Available,Not Available,Not Available,Not Available,No,Not Available,Not Available,Not Available,1189999.8,Not Available,K-12 School,Not Available,Not Available,Not Available,Not Available,Not Available,258.2,Not Available,Not Available,Not Available,Not Available,0,04/11/2019 11:54 AM EDT,No,Not Available,Not Available,Not Available,2019-05-01T15:12:06.000,Not Available,Not Available,Not Available,40,Not Available,Not Available,Not Available,Not Available,Not Available
K130-0300137,K-12 School,BROOKLYN,Not Available,Not Available,Not Available,Ok,260.6,Not Available,Brooklyn,Not Available,128,Not Available,Not Available,Not Available,134.5,Not Available,K-12 School,Not Available,Not Available,Not Available,Not Available,Not Available,Not Available,No,Not Available,Not Available,Not Available,465440,Not Available,K-12 School,Not Available,Not Available,Not Available,Not Available,Not Available,178.1,Not Available,Not Available,Not Available,Not Available,0,04/09/2019 04:45 PM EDT,No,Not Available,Not Available,Not Available,2019-05-01T15:12:23.000,Not Available,Not Available,Not Available,32,Not Available,Not Available,Not Available,Not Available,Not Available
K073-0300090,K-12 School,BROOKLYN,Not Available,Not Available,Not Available,Ok,351.9,Not Available,Brooklyn,Not Available,106.8,Not Available,Not Available,Not Available,135.6,Not Available,K-12 School,Not Available,Not Available,Not Available,Not Available,Not Available,Not Available,No,Not Available,Not Available,Not Available,469279.9,Not Available,K-12 School,Not Available,Not Available,Not Available,Not Available,Not Available,272.4,Not Available,Not Available,Not Available,Not Available,0,04/09/2019 04:45 PM EDT,No,Not Available,Not Available,Not Available,2019-05-01T15:11:21.000,Not Available,Not Available,Not Available,35,Not Available,Not Available,Not Available,Not Available,Not Available
X039-0200816,K-12 School,BRONX,Not Available,Not Available,Not Available,Ok,641,Not Available,Bronx,Not Available,71,Not Available,Not Available,Not Available,114.8,Not Available,K-12 School,Not Available,Not Available,Not Available,Not Available,Not Available,Not Available,No,Not Available,Not Available,Not Available,397439.9,Not Available,K-12 School,Not Available,Not Available,Not Available,Not Available,Not Available,253.7,Not Available,Not Available,Not Available,Not Available,0,04/09/2019 02:08 PM EDT,No,Not Available,Not Available,Not Available,2019-05-01T15:11:19.000,Not Available,Not Available,Not Available,90,Not Available,Not Available,Not Available,Not Available,Not Available
Q143-0400129,K-12 School,QUEENS,Not Available,Not Available,Not Available,Ok,503,Not Available,Queens,Not Available,91.4,Not Available,Not Available,Not Available,169.3,Not Available,K-12 School,Not Available,Not Available,Not Available,Not Available,Not Available,Not Available,No,Not Available,Not Available,Not Available,585999.9,Not Available,K-12 School,Not Available,Not Available,Not Available,Not Available,Not Available,281.4,Not Available,Not Available,Not Available,Not Available,0,04/09/2019 02:08 PM EDT,No,Not Available,Not Available,Not Available,2019-05-01T15:12:17.000,Not Available,Not Available,Not Available,60,Not Available,Not Available,Not Available,Not Available,Not Available
40 East 52nd Street LP,Office,MANHATTAN,"2018, 2016, 2015",Not Available,5617158.7,Ok,3499.3,Not Available,New York,2N,231.5,Not Available,Not Available,Not Available,2733.5,Not Available,Office,2N,0,Not Available,Not Available,Not Available,Not Available,Yes,3085,Not Available,Not Available,8168860.5,Not Available,Office,1344,1608,Not Available,Not Available,Not Available,47.6,Not Available,Not Available,Not Available,40,0,04/04/2019 04:20 PM EDT,No,18.45,Not Available,Not Available,2019-05-01T08:18:58.000,Not Available,Not Available,Not Available,70,Not Available,Not Available,0,2019-04-23,Not Available
K306-0300301,K-12 School,BROOKLYN,Not Available,Not Available,Not Available,Ok,702,Not Available,Brooklyn,Not Available,106.3,Not Available,Not Available,Not Available,150.7,Not Available,K-12 School,Not Available,Not Available,Not Available,Not Available,Not Available,Not Available,No,Not Available,Not Available,Not Available,521599.9,Not Available,K-12 School,Not Available,Not Available,Not Available,Not Available,Not Available,521,Not Available,Not Available,Not Available,Not Available,0,04/09/2019 04:45 PM EDT,No,Not Available,Not Available,Not Available,2019-05-01T15:12:06.000,Not Available,Not Available,Not Available,54,Not Available,Not Available,Not Available,Not Available,Not Available
X074-0200112,K-12 School,BRONX,Not Available,Not Available,Not Available,Ok,1091.2,Not Available,Bronx,Not Available,117.6,Not Available,Not Available,Not Available,370.6,Not Available,K-12 School,Not Available,Not Available,Not Available,Not Available,Not Available,Not Available,No,Not Available,Not Available,Not Available,1282399.8,Not Available,K-12 School,Not Available,Not Available,Not Available,Not Available,Not Available,535,Not Available,Not Available,Not Available,Not Available,0,04/09/2019 02:08 PM EDT,No,Not Available,Not Available,Not Available,2019-05-01T15:12:29.000,Not Available,Not Available,Not Available,67,Not Available,Not Available,Not Available,Not Available,Not Available
X030-0200068,K-12 School,BRONX,Not Available,Not Available,Not Available,Ok,696.2,Not Available,Bronx,Not Available,109.6,Not Available,Not Available,Not Available,137.4,Not Available,K-12 School,Not Available,Not Available,Not Available,Not Available,Not Available,Not Available,No,Not Available,Not Available,Not Available,475519.9,Not Available,K-12 School,Not Available,Not Available,Not Available,Not Available,Not Available,483.8,Not Available,Not Available,Not Available,Not Available,0,04/09/2019 02:08 PM EDT,No,Not Available,Not Available,Not Available,2019-05-01T15:12:03.000,Not Available,Not Available,Not Available,61,Not Available,Not Available,Not Available,Not Available,Not Available
K211-0300214,K-12 School,BROOKLYN,Not Available,Not Available,Not Available,Ok,772.6,Not Available,Brooklyn,Not Available,93.7,Not Available,Not Available,Not Available,209.1,Not Available,K-12 School,Not Available,Not Available,Not Available,Not Available,Not Available,Not Available,No,Not Available,Not Available,Not Available,723519.9,Not Available,K-12 School,Not Available,Not Available,Not Available,Not Available,Not Available,446.2,Not Available,Not Available,Not Available,Not Available,0,04/11/2019 11:54 AM EDT,No,Not Available,Not Available,Not Available,2019-05-01T15:11:32.000,Not Available,Not Available,Not Available,65,Not Available,Not Available,Not Available,Not Available,Not Available
M015-0100037,K-12 School,MANHATTAN,Not Available,Not Available,Not Available,Ok,423.6,Not Available,New York,Not Available,98.1,Not Available,Not Available,Not Available,0,Not Available,K-12 School,Not Available,Not Available,Not Available,Not Available,Not Available,Not Available,No,Not Available,Not Available,Not Available,332319.9,Not Available,K-12 School,Not Available,Not Available,Not Available,Not Available,Not Available,290.4,Not Available,Not Available,Not Available,Not Available,0,04/09/2019 04:45 PM EDT,No,Not Available,Not Available,Not Available,2019-05-01T15:11:17.000,Not Available,Not Available,Not Available,81,Not Available,Not Available,Not Available,Not Available,Not Available
1325 Avenue of the Americas,Office,MANHATTAN,"2018, 2017, 2016, 2015, 2014, 2013, 2012, 2011, 2009",Not Available,12506198.9,Possible Issue,5305.8,Not Available,New York,Not Available,112.8,Not Available,Not Available,Not Available,3442.2,Not Available,Office,Not Available,Not Available,Not Available,Not Available,Not Available,Not Available,No,12967,Not Available,Not Available,9038625.9,Not Available,Office,1540,1998,Not Available,Not Available,Not Available,0,Not Available,Not Available,Not Available,30,0,03/15/2019 11:38 AM EDT,No,12.59,Not Available,Not Available,2019-03-20T12:05:05.000,Not Available,Not Available,Not Available,78,69019,Not Available,Not Available,Not Available,Not Available
Q055-0400049,K-12 School,QUEENS,Not Available,Not Available,Not Available,Ok,418.9,Not Available,Queens,Not Available,106.7,Not Available,Not Available,Not Available,141.9,Not Available,K-12 School,Not Available,Not Available,Not Available,Not Available,Not Available,Not Available,No,Not Available,Not Available,Not Available,491199.9,Not Available,K-12 School,Not Available,Not Available,Not Available,Not Available,Not Available,258.8,Not Available,Not Available,Not Available,Not Available,0,04/11/2019 11:55 AM EDT,No,Not Available,Not Available,Not Available,2019-05-01T15:11:21.000,Not Available,Not Available,Not Available,54,Not Available,Not Available,Not Available,Not Available,Not Available
K072-0300089,K-12 School,,Not Available,Not Available,Not Available,Ok,896,Not Available,Brooklyn,Not Available,92.1,Not Available,Not Available,Not Available,192.6,Not Available,K-12 School,Not Available,Not Available,Not Available,Not Available,Not Available,Not Available,No,Not Available,Not Available,Not Available,666399.9,Not Available,K-12 School,Not Available,Not Available,Not Available,Not Available,Not Available,541.9,Not Available,Not Available,Not Available,Not Available,0,04/09/2019 04:45 PM EDT,No,Not Available,Not Available,Not Available,2019-05-01T15:11:50.000,Not Available,Not Available,Not Available,68,Not Available,Not Available,Not Available,Not Available,Not Available
X092-0200133,K-12 School,BRONX,Not Available,Not Available,Not Available,Ok,618.6,Not Available,Bronx,Not Available,107.5,Not Available,Not Available,Not Available,113.4,Not Available,K-12 School,Not Available,Not Available,Not Available,Not Available,Not Available,Not Available,No,Not Available,Not Available,Not Available,392540,Not Available,K-12 School,Not Available,Not Available,Not Available,Not Available,Not Available,394.6,Not Available,Not Available,Not Available,Not Available,0,04/09/2019 02:08 PM EDT,No,Not Available,Not Available,Not Available,2019-05-01T15:11:20.000,Not Available,Not Available,Not Available,68,Not Available,Not Available,Not Available,Not Available,Not Available
X166-0200207,K-12 School,BRONX,Not Available,Not Available,Not Available,Ok,1217.9,Not Available,Bronx,Not Available,85.4,Not Available,Not Available,Not Available,276.7,Not Available,K-12 School,Not Available,Not Available,Not Available,Not Available,Not Available,Not Available,No,Not Available,Not Available,Not Available,957599.9,Not Available,K-12 School,Not Available,Not Available,Not Available,Not Available,Not Available,506.9,Not Available,Not Available,Not Available,Not Available,0,04/09/2019 02:08 PM EDT,No,Not Available,Not Available,Not Available,2019-05-01T15:12:26.000,Not Available,Not Available,Not Available,85,Not Available,Not Available,Not Available,Not Available,Not Available
K056-0300076,K-12 School,BROOKLYN,Not Available,Not Available,Not Available,Ok,494.5,Not Available,Brooklyn,Not Available,99.9,Not Available,Not Available,Not Available,169.5,Not Available,K-12 School,Not Available,Not Available,Not Available,Not Available,Not Available,Not Available,No,Not Available,Not Available,Not Available,586719.9,Not Available,K-12 School,Not Available,Not Available,Not Available,Not Available,Not Available,225.7,Not Available,Not Available,Not Available,Not Available,0,04/09/2019 04:45 PM EDT,No,Not Available,Not Available,Not Available,2019-05-01T15:11:11.000,Not Available,Not Available,Not Available,70,Not Available,Not Available,Not Available,Not Available,Not Available
X111-0200154,K-12 School,BRONX,Not Available,Not Available,Not Available,Ok,685.9,Not Available,Bronx,Not Available,152.7,Not Available,Not Available,Not Available,246.4,Not Available,K-12 School,Not Available,Not Available,Not Available,Not Available,Not Available,Not Available,No,Not Available,Not Available,Not Available,852799.9,Not Available,K-12 School,Not Available,Not Available,Not Available,Not Available,Not Available,594.8,Not Available,Not Available,Not Available,Not Available,0,04/09/2019 02:08 PM EDT,No,Not Available,Not Available,Not Available,2019-05-01T15:12:26.000,Not Available,Not Available,Not Available,29,Not Available,Not Available,Not Available,Not Available,Not Available
X146-0200191,K-12 School,BRONX,Not Available,Not Available,Not Available,Ok,575.8,Not Available,Bronx,Not Available,115.7,Not Available,Not Available,Not Available,165.6,Not Available,K-12 School,Not Available,Not Available,Not Available,Not Available,Not Available,Not Available,No,Not Available,Not Available,Not Available,573199.9,Not Available,K-12 School,Not Available,Not Available,Not Available,Not Available,Not Available,434.2,Not Available,Not Available,Not Available,Not Available,0,04/09/2019 02:08 PM EDT,No,Not Available,Not Available,Not Available,2019-05-01T15:12:07.000,Not Available,Not Available,Not Available,45,Not Available,Not Available,Not Available,Not Available,Not Available
Q137-0401457,K-12 School,QUEENS,Not Available,Not Available,Not Available,Ok,810.2,Not Available,Queens,Not Available,133.4,Not Available,Not Available,Not Available,501.4,Not Available,K-12 School,Not Available,Not Available,Not Available,Not Available,Not Available,Not Available,No,Not Available,Not Available,Not Available,1735199.7,Not Available,K-12 School,Not Available,Not Available,Not Available,Not Available,Not Available,443.5,Not Available,Not Available,Not Available,Not Available,0,04/11/2019 11:54 AM EDT,No,Not Available,Not Available,Not Available,2019-05-01T15:11:29.000,Not Available,Not Available,Not Available,34,Not Available,Not Available,Not Available,Not Available,Not Available
R075-0500323,K-12 School,STATEN IS,Not Available,Not Available,Not Available,Ok,1167.6,Not Available,Staten Island,Not Available,112.3,Not Available,Not Available,129197.3,318.8,Not Available,K-12 School,Not Available,Not Available,Not Available,Not Available,Not Available,Not Available,No,Not Available,Not Available,Not Available,1103129.4,Not Available,K-12 School,Not Available,Not Available,Not Available,Not Available,Not Available,838.1,Not Available,Not Available,Not Available,Not Available,0,04/16/2019 03:29 PM EDT,No,Not Available,Not Available,Not Available,2019-05-01T15:11:19.000,Not Available,Not Available,Not Available,50,Not Available,Not Available,Not Available,Not Available,Not Available
School of Social Work,Office,MANHATTAN,Not Available,Not Available,Not Available,Ok,508.4,Not Available,New York,Not Available,158.3,Not Available,Not Available,Not Available,648.1,Not Available,College/University,Not Available,Not Available,Not Available,Not Available,Not Available,Not Available,No,Not Available,Not Available,Not Available,2242719.6,Not Available,Office,10,50,Not Available,Not Available,Not Available,43.5,Not Available,Not Available,Not Available,Not Available,0,04/20/2019 05:18 PM EDT,No,48.63,Not Available,Not Available,2019-05-01T19:17:58.000,Not Available,Not Available,Not Available,Not Available,Not Available,Not Available,Not Available,Not Available,Not Available
R031-0500054,K-12 School,STATEN IS,Not Available,Not Available,Not Available,Ok,419.6,Not Available,Staten Island,Not Available,65.6,Not Available,Not Available,Not Available,84.8,Not Available,K-12 School,Not Available,Not Available,Not Available,Not Available,Not Available,Not Available,No,Not Available,Not Available,Not Available,293599.9,Not Available,K-12 School,Not Available,Not Available,Not Available,Not Available,Not Available,236.1,Not Available,Not Available,Not Available,Not Available,0,04/11/2019 11:54 AM EDT,No,Not Available,Not Available,Not Available,2019-05-01T15:12:03.000,Not Available,Not Available,Not Available,74,Not Available,Not Available,Not Available,Not Available,Not Available
10782-Staten Island,Retail Store,,2011,Not Available,Not Available,Ok,437.3,Not Available,Staten Island,Not Available,111.3,Not Available,Not Available,0,301.5,Not Available,Retail Store,Not Available,Not Available,Not Available,Not Available,Not Available,Not Available,No,Not Available,Not Available,Not Available,677607.9,Not Available,Retail Store,Not Available,Not Available,Not Available,Not Available,Not Available,8.4,Not Available,Not Available,Not Available,Not Available,0,04/17/2019 01:08 PM EDT,Not Available,14.96,Not Available,Not Available,2019-04-22T16:02:51.000,Not Available,Not Available,Not Available,79,Not Available,Not Available,Not Available,Not Available,Not Available
Q680-0401349,K-12 School,QUEENS,Not Available,Not Available,Not Available,Ok,492.6,Not Available,Queens,Not Available,76.9,Not Available,Not Available,Not Available,234.1,Not Available,K-12 School,Not Available,Not Available,Not Available,Not Available,Not Available,Not Available,No,Not Available,Not Available,Not Available,809999.9,Not Available,K-12 School,Not Available,Not Available,Not Available,Not Available,Not Available,75.8,Not Available,Not Available,Not Available,Not Available,0,04/11/2019 11:55 AM EDT,No,Not Available,Not Available,Not Available,2019-05-01T15:12:28.000,Not Available,Not Available,Not Available,86,Not Available,Not Available,Not Available,Not Available,Not Available
M191-0100160,K-12 School,MANHATTAN,Not Available,Not Available,Not Available,Ok,627.8,Not Available,New York,Not Available,83.2,Not Available,Not Available,Not Available,97,Not Available,K-12 School,Not Available,Not Available,Not Available,Not Available,Not Available,Not Available,No,Not Available,Not Available,Not Available,335699.9,Not Available,K-12 School,Not Available,Not Available,Not Available,Not Available,Not Available,316.3,Not Available,Not Available,Not Available,Not Available,0,04/09/2019 04:45 PM EDT,No,Not Available,Not Available,Not Available,2019-05-01T15:12:39.000,Not Available,Not Available,Not Available,83,Not Available,Not Available,Not Available,Not Available,Not Available
K743-0300363,K-12 School,BROOKLYN,Not Available,Not Available,Not Available,Ok,561.8,Not Available,Brooklyn,Not Available,95.4,Not Available,Not Available,Not Available,102.7,Not Available,K-12 School,Not Available,Not Available,Not Available,Not Available,Not Available,Not Available,No,Not Available,Not Available,Not Available,355360,Not Available,K-12 School,Not Available,Not Available,Not Available,Not Available,Not Available,254.4,Not Available,Not Available,Not Available,Not Available,0,04/09/2019 04:45 PM EDT,No,Not Available,Not Available,Not Available,2019-05-01T15:11:27.000,Not Available,Not Available,Not Available,85,Not Available,Not Available,Not Available,Not Available,Not Available
M132-0100119,K-12 School,MANHATTAN,Not Available,Not Available,Not Available,Ok,482.9,Not Available,New York,Not Available,100.5,Not Available,Not Available,Not Available,118.1,Not Available,K-12 School,Not Available,Not Available,Not Available,Not Available,Not Available,Not Available,No,Not Available,Not Available,Not Available,408727.9,Not Available,K-12 School,Not Available,Not Available,Not Available,Not Available,Not Available,305.1,Not Available,Not Available,Not Available,Not Available,0,04/09/2019 04:45 PM EDT,No,Not Available,Not Available,Not Available,2019-05-01T15:12:39.000,Not Available,Not Available,Not Available,62,Not Available,Not Available,Not Available,Not Available,Not Available
X020-0201213,K-12 School,BRONX,Not Available,Not Available,Not Available,Ok,705,Not Available,Bronx,Not Available,180.5,Not Available,Not Available,Not Available,675.9,Not Available,K-12 School,Not Available,Not Available,Not Available,Not Available,Not Available,Not Available,No,Not Available,Not Available,Not Available,2339199.8,Not Available,K-12 School,Not Available,Not Available,Not Available,Not Available,Not Available,343.5,Not Available,Not Available,Not Available,Not Available,0,04/09/2019 02:08 PM EDT,No,Not Available,Not Available,Not Available,2019-05-01T15:11:22.000,Not Available,Not Available,Not Available,16,Not Available,Not Available,Not Available,Not Available,Not Available
Q231 & Q251 Tandem-0400205,K-12 School,,Not Available,Not Available,Not Available,Ok,837.5,Not Available,Queens,Not Available,86,Not Available,Not Available,Not Available,208.7,Not Available,K-12 School,Not Available,Not Available,Not Available,Not Available,Not Available,Not Available,No,Not Available,Not Available,Not Available,722399.9,Not Available,K-12 School,Not Available,Not Available,Not Available,Not Available,Not Available,505.2,Not Available,Not Available,Not Available,Not Available,0,04/11/2019 11:54 AM EDT,No,Not Available,Not Available,Not Available,2019-05-01T15:11:16.000,Not Available,Not Available,Not Available,65,Not Available,Not Available,Not Available,Not Available,Not Available
K017-0300044,K-12 School,BROOKLYN,Not Available,Not Available,Not Available,Ok,500.6,Not Available,Brooklyn,Not Available,104.4,Not Available,Not Available,Not Available,113.6,Not Available,K-12 School,Not Available,Not Available,Not Available,Not Available,Not Available,Not Available,No,Not Available,Not Available,Not Available,392960,Not Available,K-12 School,Not Available,Not Available,Not Available,Not Available,Not Available,317.2,Not Available,Not Available,Not Available,Not Available,0,04/09/2019 04:45 PM EDT,No,Not Available,Not Available,Not Available,2019-05-01T15:12:41.000,Not Available,Not Available,Not Available,64,Not Available,Not Available,Not Available,Not Available,Not Available
K291-0300289,K-12 School,BROOKLYN,Not Available,Not Available,Not Available,Ok,1279.6,Not Available,Brooklyn,Not Available,81.1,Not Available,Not Available,Not Available,416.3,Not Available,K-12 School,Not Available,Not Available,Not Available,Not Available,Not Available,Not Available,No,Not Available,Not Available,Not Available,1440799.7,Not Available,K-12 School,Not Available,Not Available,Not Available,Not Available,Not Available,324.7,Not Available,Not Available,Not Available,Not Available,0,04/09/2019 04:45 PM EDT,No,Not Available,Not Available,Not Available,2019-05-01T15:12:39.000,Not Available,Not Available,Not Available,90,Not Available,Not Available,Not Available,Not Available,Not Available
Bloomingdale's - 59th Street,Retail Store,MANHATTAN,Not Available,Not Available,20005505.3,Ok,4505.9,Not Available,New York,Not Available,213,Not Available,Not Available,Not Available,6107.7,Not Available,Retail Store,Not Available,Not Available,Not Available,Not Available,Not Available,Not Available,Yes,Not Available,Not Available,Not Available,16539767.1,Not Available,Retail Store,Not Available,Not Available,Not Available,Not Available,Not Available,36.2,Not Available,Not Available,Not Available,Not Available,0,04/23/2019 04:29 PM EDT,No,2977.19,Not Available,Not Available,2019-04-30T13:49:01.000,Not Available,Not Available,Not Available,21,Not Available,Not Available,Not Available,2019-04-29,Not Available
K135-0300142,K-12 School,BROOKLYN,Not Available,Not Available,Not Available,Ok,388.9,Not Available,Brooklyn,Not Available,134.4,Not Available,Not Available,Not Available,101.9,Not Available,K-12 School,Not Available,Not Available,Not Available,Not Available,Not Available,Not Available,No,Not Available,Not Available,Not Available,352800,Not Available,K-12 School,Not Available,Not Available,Not Available,Not Available,Not Available,321.9,Not Available,Not Available,Not Available,Not Available,0,04/11/2019 11:54 AM EDT,No,Not Available,Not Available,Not Available,2019-05-01T15:11:50.000,Not Available,Not Available,Not Available,41,Not Available,Not Available,Not Available,Not Available,Not Available
X014-0200051,K-12 School,BRONX,Not Available,Not Available,Not Available,Ok,450.8,Not Available,Bronx,Not Available,96.2,Not Available,Not Available,Not Available,68.3,Not Available,K-12 School,Not Available,Not Available,Not Available,Not Available,Not Available,Not Available,No,Not Available,Not Available,Not Available,236480,Not Available,K-12 School,Not Available,Not Available,Not Available,Not Available,Not Available,268.9,Not Available,Not Available,Not Available,Not Available,0,04/09/2019 02:08 PM EDT,No,Not Available,Not Available,Not Available,2019-05-01T15:11:40.000,Not Available,Not Available,Not Available,75,Not Available,Not Available,Not Available,Not Available,Not Available
R022-0500045,K-12 School,STATEN IS,Not Available,Not Available,Not Available,Ok,623.9,Not Available,Staten Island,Not Available,118.8,Not Available,Not Available,Not Available,238.3,Not Available,K-12 School,Not Available,Not Available,Not Available,Not Available,Not Available,Not Available,No,Not Available,Not Available,Not Available,824799.9,Not Available,K-12 School,Not Available,Not Available,Not Available,Not Available,Not Available,331.3,Not Available,Not Available,Not Available,Not Available,0,04/11/2019 11:54 AM EDT,No,Not Available,Not Available,Not Available,2019-05-01T15:11:25.000,Not Available,Not Available,Not Available,58,Not Available,Not Available,Not Available,Not Available,Not Available
R005-0500031,K-12 School,STATEN IS,Not Available,Not Available,Not Available,Ok,182.4,Not Available,Staten Island,Not Available,102.4,Not Available,Not Available,Not Available,77.4,Not Available,K-12 School,Not Available,Not Available,Not Available,Not Available,Not Available,Not Available,No,Not Available,Not Available,Not Available,267743,Not Available,K-12 School,Not Available,Not Available,Not Available,Not Available,Not Available,91.8,Not Available,Not Available,Not Available,Not Available,0,04/11/2019 11:55 AM EDT,No,Not Available,Not Available,Not Available,2019-05-01T15:12:41.000,Not Available,Not Available,Not Available,57,Not Available,Not Available,Not Available,Not Available,Not Available
Q062-0400055,K-12 School,QUEENS,Not Available,Not Available,Not Available,Ok,436.8,Not Available,Queens,Not Available,124.2,Not Available,Not Available,Not Available,231.4,Not Available,K-12 School,Not Available,Not Available,Not Available,Not Available,Not Available,Not Available,No,Not Available,Not Available,Not Available,800799.9,Not Available,K-12 School,Not Available,Not Available,Not Available,Not Available,Not Available,315.1,Not Available,Not Available,Not Available,Not Available,0,04/11/2019 11:55 AM EDT,No,Not Available,Not Available,Not Available,2019-05-01T15:11:33.000,Not Available,Not Available,Not Available,28,Not Available,Not Available,Not Available,Not Available,Not Available
Q061-0400054,K-12 School,QUEENS,Not Available,Not Available,Not Available,Ok,1455.8,Not Available,Queens,Not Available,98,Not Available,Not Available,Not Available,419.1,Not Available,K-12 School,Not Available,Not Available,Not Available,Not Available,Not Available,Not Available,No,Not Available,Not Available,Not Available,1450399.9,Not Available,K-12 School,Not Available,Not Available,Not Available,Not Available,Not Available,690,Not Available,Not Available,Not Available,Not Available,0,04/09/2019 02:08 PM EDT,No,Not Available,Not Available,Not Available,2019-05-01T15:11:18.000,Not Available,Not Available,Not Available,74,Not Available,Not Available,Not Available,Not Available,Not Available
Q155-0400142,K-12 School,QUEENS,Not Available,Not Available,Not Available,Ok,484.9,Not Available,Queens,Not Available,104.8,Not Available,Not Available,Not Available,85.4,Not Available,K-12 School,Not Available,Not Available,Not Available,Not Available,Not Available,Not Available,No,Not Available,Not Available,Not Available,295599.9,Not Available,K-12 School,Not Available,Not Available,Not Available,Not Available,Not Available,430.8,Not Available,Not Available,Not Available,Not Available,0,04/11/2019 11:55 AM EDT,No,Not Available,Not Available,Not Available,2019-05-01T15:11:22.000,Not Available,Not Available,Not Available,43,Not Available,Not Available,Not Available,Not Available,Not Available
K033-0300056,K-12 School,BROOKLYN,Not Available,Not Available,Not Available,Ok,1034.7,Not Available,Brooklyn,Not Available,90.7,Not Available,Not Available,Not Available,248.1,Not Available,K-12 School,Not Available,Not Available,Not Available,Not Available,Not Available,Not Available,No,Not Available,Not Available,Not Available,858599.9,Not Available,K-12 School,Not Available,Not Available,Not Available,Not Available,Not Available,570,Not Available,Not Available,Not Available,Not Available,0,04/09/2019 04:45 PM EDT,No,Not Available,Not Available,Not Available,2019-05-01T15:12:18.000,Not Available,Not Available,Not Available,71,Not Available,Not Available,Not Available,Not Available,Not Available
M042-0100058,K-12 School,MANHATTAN,Not Available,Not Available,Not Available,Ok,417.1,Not Available,New York,Not Available,112.7,Not Available,Not Available,Not Available,129,Not Available,K-12 School,Not Available,Not Available,Not Available,Not Available,Not Available,Not Available,No,Not Available,Not Available,Not Available,446399.9,Not Available,K-12 School,Not Available,Not Available,Not Available,Not Available,Not Available,213,Not Available,Not Available,Not Available,Not Available,0,04/09/2019 04:45 PM EDT,No,Not Available,Not Available,Not Available,2019-05-01T15:12:42.000,Not Available,Not Available,Not Available,68,Not Available,Not Available,Not Available,Not Available,Not Available
Q101-0400093,K-12 School,QUEENS,Not Available,Not Available,Not Available,Ok,379.7,Not Available,Queens,Not Available,134.6,Not Available,Not Available,Not Available,82.6,Not Available,K-12 School,Not Available,Not Available,Not Available,Not Available,Not Available,Not Available,No,Not Available,Not Available,Not Available,285760,Not Available,K-12 School,Not Available,Not Available,Not Available,Not Available,Not Available,317.9,Not Available,Not Available,Not Available,Not Available,0,04/11/2019 11:54 AM EDT,No,Not Available,Not Available,Not Available,2019-05-01T15:11:37.000,Not Available,Not Available,Not Available,44,Not Available,Not Available,Not Available,Not Available,Not Available
X029-0200067,K-12 School,BRONX,Not Available,Not Available,Not Available,Ok,663.5,Not Available,Bronx,Not Available,86.8,Not Available,Not Available,Not Available,133.2,Not Available,K-12 School,Not Available,Not Available,Not Available,Not Available,Not Available,Not Available,No,Not Available,Not Available,Not Available,460959.9,Not Available,K-12 School,Not Available,Not Available,Not Available,Not Available,Not Available,369.7,Not Available,Not Available,Not Available,Not Available,0,04/09/2019 02:08 PM EDT,No,Not Available,Not Available,Not Available,2019-05-01T15:12:11.000,Not Available,Not Available,Not Available,74,Not Available,Not Available,Not Available,Not Available,Not Available
K200-0300203,K-12 School,BROOKLYN,Not Available,Not Available,Not Available,Ok,704.4,Not Available,Brooklyn,Not Available,96.5,Not Available,Not Available,Not Available,161.9,Not Available,K-12 School,Not Available,Not Available,Not Available,Not Available,Not Available,Not Available,No,Not Available,Not Available,Not Available,560399.9,Not Available,K-12 School,Not Available,Not Available,Not Available,Not Available,Not Available,353.3,Not Available,Not Available,Not Available,Not Available,0,04/11/2019 11:55 AM EDT,No,Not Available,Not Available,Not Available,2019-05-01T15:12:05.000,Not Available,Not Available,Not Available,77,Not Available,Not Available,Not Available,Not Available,Not Available
Q072-0400245,K-12 School,,Not Available,Not Available,Not Available,Ok,937.7,Not Available,Queens,Not Available,69.2,Not Available,Not Available,259332,178.8,Not Available,K-12 School,Not Available,Not Available,Not Available,Not Available,Not Available,Not Available,No,Not Available,Not Available,Not Available,618799.9,Not Available,K-12 School,Not Available,Not Available,Not Available,Not Available,Not Available,394.4,Not Available,Not Available,Not Available,Not Available,0,04/15/2019 02:43 PM EDT,No,Not Available,Not Available,Not Available,2019-05-01T15:12:07.000,Not Available,Not Available,Not Available,87,Not Available,Not Available,Not Available,Not Available,Not Available
Q005-0401322,K-12 School,QUEENS,Not Available,Not Available,Not Available,Ok,943.1,Not Available,Queens,Not Available,192.9,Not Available,Not Available,Not Available,757.1,Not Available,K-12 School,Not Available,Not Available,Not Available,Not Available,Not Available,Not Available,No,Not Available,Not Available,Not Available,2619999.6,Not Available,K-12 School,Not Available,Not Available,Not Available,Not Available,Not Available,529.9,Not Available,Not Available,Not Available,Not Available,0,04/09/2019 02:08 PM EDT,No,Not Available,Not Available,Not Available,2019-05-01T15:11:33.000,Not Available,Not Available,Not Available,20,Not Available,Not Available,Not Available,Not Available,Not Available
K104-0300114,K-12 School,BROOKLYN,Not Available,Not Available,Not Available,Ok,778.7,Not Available,Brooklyn,Not Available,99.9,Not Available,Not Available,Not Available,171.9,Not Available,K-12 School,Not Available,Not Available,Not Available,Not Available,Not Available,Not Available,No,Not Available,Not Available,Not Available,594799.9,Not Available,K-12 School,Not Available,Not Available,Not Available,Not Available,Not Available,438.8,Not Available,Not Available,Not Available,Not Available,0,04/11/2019 11:54 AM EDT,No,Not Available,Not Available,Not Available,2019-05-01T15:12:36.000,Not Available,Not Available,Not Available,72,Not Available,Not Available,Not Available,Not Available,Not Available
M176-0101387,K-12 School,MANHATTAN,Not Available,Not Available,Not Available,Ok,375.8,Not Available,New York,Not Available,92,Not Available,Not Available,Not Available,243.1,Not Available,K-12 School,Not Available,Not Available,Not Available,Not Available,Not Available,Not Available,No,Not Available,Not Available,Not Available,841199.9,Not Available,K-12 School,Not Available,Not Available,Not Available,Not Available,Not Available,18.3,Not Available,Not Available,Not Available,Not Available,0,04/09/2019 04:45 PM EDT,No,Not Available,Not Available,Not Available,2019-05-01T15:12:27.000,Not Available,Not Available,Not Available,80,Not Available,Not Available,Not Available,Not Available,Not Available
K290-0300334,K-12 School,BROOKLYN,Not Available,Not Available,Not Available,Ok,394.4,Not Available,Brooklyn,Not Available,104.5,Not Available,Not Available,Not Available,148.3,Not Available,K-12 School,Not Available,Not Available,Not Available,Not Available,Not Available,Not Available,No,Not Available,Not Available,Not Available,513199.9,Not Available,K-12 School,Not Available,Not Available,Not Available,Not Available,Not Available,223.3,Not Available,Not Available,Not Available,Not Available,0,04/09/2019 04:45 PM EDT,No,Not Available,Not Available,Not Available,2019-05-01T15:11:12.000,Not Available,Not Available,Not Available,55,Not Available,Not Available,Not Available,Not Available,Not Available
K292-0300290,K-12 School,BROOKLYN,Not Available,Not Available,Not Available,Ok,1301,Not Available,Brooklyn,Not Available,113.7,Not Available,Not Available,Not Available,293.9,Not Available,K-12 School,Not Available,Not Available,Not Available,Not Available,Not Available,Not Available,No,Not Available,Not Available,Not Available,1017199.8,Not Available,K-12 School,Not Available,Not Available,Not Available,Not Available,Not Available,929,Not Available,Not Available,Not Available,Not Available,0,04/09/2019 04:45 PM EDT,No,Not Available,Not Available,Not Available,2019-05-01T15:11:41.000,Not Available,Not Available,Not Available,56,Not Available,Not Available,Not Available,Not Available,Not Available
K894-0301625,K-12 School,BROOKLYN,Not Available,Not Available,Not Available,Ok,388.4,Not Available,Brooklyn,Not Available,109.4,Not Available,Not Available,Not Available,187.5,Not Available,K-12 School,Not Available,Not Available,Not Available,Not Available,Not Available,Not Available,No,Not Available,Not Available,Not Available,648799.9,Not Available,K-12 School,Not Available,Not Available,Not Available,Not Available,Not Available,132.7,Not Available,Not Available,Not Available,Not Available,0,04/09/2019 04:45 PM EDT,No,Not Available,Not Available,Not Available,2019-05-01T15:12:27.000,Not Available,Not Available,Not Available,68,Not Available,Not Available,Not Available,Not Available,Not Available
X098-0200140,K-12 School,BRONX,Not Available,Not Available,Not Available,Ok,977.9,Not Available,Bronx,Not Available,87,Not Available,Not Available,Not Available,185.2,Not Available,K-12 School,Not Available,Not Available,Not Available,Not Available,Not Available,Not Available,No,Not Available,Not Available,Not Available,640799.9,Not Available,K-12 School,Not Available,Not Available,Not Available,Not Available,Not Available,466.5,Not Available,Not Available,Not Available,Not Available,0,04/09/2019 02:08 PM EDT,No,Not Available,Not Available,Not Available,2019-05-01T15:12:16.000,Not Available,Not Available,Not Available,83,Not Available,Not Available,Not Available,Not Available,Not Available
R722-0500027,K-12 School,STATEN IS,Not Available,Not Available,Not Available,Ok,495.7,Not Available,Staten Island,Not Available,116.4,Not Available,Not Available,Not Available,170.1,Not Available,K-12 School,Not Available,Not Available,Not Available,Not Available,Not Available,Not Available,No,Not Available,Not Available,Not Available,588799.9,Not Available,K-12 School,Not Available,Not Available,Not Available,Not Available,Not Available,179.4,Not Available,Not Available,Not Available,Not Available,0,04/11/2019 11:54 AM EDT,No,Not Available,Not Available,Not Available,2019-05-01T15:11:49.000,Not Available,Not Available,Not Available,79,Not Available,Not Available,Not Available,Not Available,Not Available
R023-0500342,K-12 School,STATEN IS,Not Available,Not Available,Not Available,Ok,375.7,Not Available,Staten Island,Not Available,90.3,Not Available,Not Available,Not Available,112.7,Not Available,K-12 School,Not Available,Not Available,Not Available,Not Available,Not Available,Not Available,No,Not Available,Not Available,Not Available,389920,Not Available,K-12 School,Not Available,Not Available,Not Available,Not Available,Not Available,174.1,Not Available,Not Available,Not Available,Not Available,0,04/11/2019 11:54 AM EDT,No,Not Available,Not Available,Not Available,2019-05-01T15:11:18.000,Not Available,Not Available,Not Available,74,Not Available,Not Available,Not Available,Not Available,Not Available
M470-0100191,K-12 School,MANHATTAN,Not Available,Not Available,Not Available,Ok,1965.6,Not Available,New York,Not Available,109.9,Not Available,Not Available,47499.6,668.3,Not Available,K-12 School,Not Available,Not Available,Not Available,Not Available,Not Available,Not Available,No,Not Available,Not Available,Not Available,2312823.6,Not Available,K-12 School,Not Available,Not Available,Not Available,Not Available,Not Available,887.2,Not Available,Not Available,Not Available,Not Available,0,04/16/2019 03:11 PM EDT,No,Not Available,Not Available,Not Available,2019-05-01T15:11:37.000,Not Available,Not Available,Not Available,71,Not Available,Not Available,Not Available,Not Available,Not Available
M192-0100161,K-12 School,MANHATTAN,Not Available,Not Available,Not Available,Ok,885.4,Not Available,New York,Not Available,52.1,Not Available,Not Available,Not Available,0,Not Available,K-12 School,Not Available,Not Available,Not Available,Not Available,Not Available,Not Available,No,Not Available,Not Available,Not Available,0,Not Available,K-12 School,Not Available,Not Available,Not Available,Not Available,Not Available,348.5,Not Available,Not Available,Not Available,Not Available,0,04/09/2019 04:45 PM EDT,No,Not Available,Not Available,Not Available,2019-05-01T15:11:11.000,Not Available,Not Available,Not Available,98,Not Available,Not Available,Not Available,Not Available,Not Available
R020-0500043,K-12 School,STATEN IS,Not Available,Not Available,Not Available,Ok,235.9,Not Available,Staten Island,Not Available,152.9,Not Available,Not Available,Not Available,84.2,Not Available,K-12 School,Not Available,Not Available,Not Available,Not Available,Not Available,Not Available,No,Not Available,Not Available,Not Available,291520,Not Available,K-12 School,Not Available,Not Available,Not Available,Not Available,Not Available,183.2,Not Available,Not Available,Not Available,Not Available,0,04/11/2019 11:54 AM EDT,No,Not Available,Not Available,Not Available,2019-05-01T15:12:39.000,Not Available,Not Available,Not Available,37,Not Available,Not Available,Not Available,Not Available,Not Available
R054-0500091,K-12 School,STATEN IS,Not Available,Not Available,Not Available,Ok,437.6,Not Available,Staten Island,Not Available,87.4,Not Available,Not Available,Not Available,107.7,Not Available,K-12 School,Not Available,Not Available,Not Available,Not Available,Not Available,Not Available,No,Not Available,Not Available,Not Available,372799.9,Not Available,K-12 School,Not Available,Not Available,Not Available,Not Available,Not Available,311.5,Not Available,Not Available,Not Available,Not Available,0,04/11/2019 11:55 AM EDT,No,Not Available,Not Available,Not Available,2019-05-01T15:12:20.000,Not Available,Not Available,Not Available,54,Not Available,Not Available,Not Available,Not Available,Not Available
Q085-0400076,K-12 School,QUEENS,Not Available,Not Available,Not Available,Ok,332.6,Not Available,Queens,Not Available,81.2,Not Available,Not Available,Not Available,47.8,Not Available,K-12 School,Not Available,Not Available,Not Available,Not Available,Not Available,Not Available,No,Not Available,Not Available,Not Available,165280,Not Available,K-12 School,Not Available,Not Available,Not Available,Not Available,Not Available,241,Not Available,Not Available,Not Available,Not Available,0,04/09/2019 02:08 PM EDT,No,Not Available,Not Available,Not Available,2019-05-01T15:12:06.000,Not Available,Not Available,Not Available,63,Not Available,Not Available,Not Available,Not Available,Not Available
Q207-0400179,K-12 School,QUEENS,Not Available,Not Available,Not Available,Ok,454.2,Not Available,Queens,Not Available,68.7,Not Available,Not Available,Not Available,103.7,Not Available,K-12 School,Not Available,Not Available,Not Available,Not Available,Not Available,Not Available,No,Not Available,Not Available,Not Available,359039.9,Not Available,K-12 School,Not Available,Not Available,Not Available,Not Available,Not Available,191.5,Not Available,Not Available,Not Available,Not Available,0,04/11/2019 11:55 AM EDT,No,Not Available,Not Available,Not Available,2019-05-01T15:11:50.000,Not Available,Not Available,Not Available,84,Not Available,Not Available,Not Available,Not Available,Not Available
Q014-0400015,K-12 School,QUEENS,Not Available,Not Available,Not Available,Ok,558,Not Available,Queens,Not Available,121.2,Not Available,Not Available,Not Available,266.5,Not Available,K-12 School,Not Available,Not Available,Not Available,Not Available,Not Available,Not Available,No,Not Available,Not Available,Not Available,922400,Not Available,K-12 School,Not Available,Not Available,Not Available,Not Available,Not Available,464.9,Not Available,Not Available,Not Available,Not Available,0,04/09/2019 02:08 PM EDT,No,Not Available,Not Available,Not Available,2019-05-01T15:11:52.000,Not Available,Not Available,Not Available,24,Not Available,Not Available,Not Available,Not Available,Not Available
R051-0500073,K-12 School,STATEN IS,Not Available,Not Available,Not Available,Ok,894.7,Not Available,Staten Island,Not Available,61.5,Not Available,Not Available,Not Available,154.2,Not Available,K-12 School,Not Available,Not Available,Not Available,Not Available,Not Available,Not Available,No,Not Available,Not Available,Not Available,533759.9,Not Available,K-12 School,Not Available,Not Available,Not Available,Not Available,Not Available,373.9,Not Available,Not Available,Not Available,Not Available,0,04/11/2019 11:55 AM EDT,No,Not Available,Not Available,Not Available,2019-05-01T15:12:46.000,Not Available,Not Available,Not Available,89,Not Available,Not Available,Not Available,Not Available,Not Available
K274-0300275,K-12 School,BROOKLYN,Not Available,Not Available,Not Available,Ok,586.9,Not Available,Brooklyn,Not Available,63.2,Not Available,Not Available,Not Available,131.9,Not Available,K-12 School,Not Available,Not Available,Not Available,Not Available,Not Available,Not Available,No,Not Available,Not Available,Not Available,456479.9,Not Available,K-12 School,Not Available,Not Available,Not Available,Not Available,Not Available,250.2,Not Available,Not Available,Not Available,Not Available,0,04/09/2019 04:45 PM EDT,No,Not Available,Not Available,Not Available,2019-05-01T15:11:28.000,Not Available,Not Available,Not Available,84,Not Available,Not Available,Not Available,Not Available,Not Available
K265-0300268,K-12 School,BROOKLYN,Not Available,Not Available,Not Available,Ok,963,Not Available,Brooklyn,Not Available,89.9,Not Available,Not Available,Not Available,243.9,Not Available,K-12 School,Not Available,Not Available,Not Available,Not Available,Not Available,Not Available,No,Not Available,Not Available,Not Available,844199.9,Not Available,K-12 School,Not Available,Not Available,Not Available,Not Available,Not Available,507.2,Not Available,Not Available,Not Available,Not Available,0,04/09/2019 04:45 PM EDT,No,Not Available,Not Available,Not Available,2019-05-01T15:11:11.000,Not Available,Not Available,Not Available,72,Not Available,Not Available,Not Available,Not Available,Not Available
M079-0100082,K-12 School,MANHATTAN,Not Available,Not Available,Not Available,Ok,762.1,Not Available,New York,Not Available,93.5,Not Available,Not Available,Not Available,120.8,Not Available,K-12 School,Not Available,Not Available,Not Available,Not Available,Not Available,Not Available,No,Not Available,Not Available,Not Available,418000,Not Available,K-12 School,Not Available,Not Available,Not Available,Not Available,Not Available,438.1,Not Available,Not Available,Not Available,Not Available,0,04/09/2019 04:45 PM EDT,No,Not Available,Not Available,Not Available,2019-05-01T15:12:43.000,Not Available,Not Available,Not Available,77,Not Available,Not Available,Not Available,Not Available,Not Available
Q186-0400164,K-12 School,QUEENS,Not Available,Not Available,Not Available,Ok,704,Not Available,Queens,Not Available,122.5,Not Available,Not Available,Not Available,125.2,Not Available,K-12 School,Not Available,Not Available,Not Available,Not Available,Not Available,Not Available,No,Not Available,Not Available,Not Available,433280,Not Available,K-12 School,Not Available,Not Available,Not Available,Not Available,Not Available,534.1,Not Available,Not Available,Not Available,Not Available,0,04/09/2019 02:08 PM EDT,No,Not Available,Not Available,Not Available,2019-05-01T15:12:44.000,Not Available,Not Available,Not Available,56,Not Available,Not Available,Not Available,Not Available,Not Available
X184-0200203,K-12 School,BRONX,Not Available,Not Available,Not Available,Ok,1353.7,Not Available,Bronx,Not Available,71.5,Not Available,Not Available,238200,227.2,Not Available,K-12 School,Not Available,Not Available,Not Available,Not Available,Not Available,Not Available,No,Not Available,Not Available,Not Available,786104.8,Not Available,K-12 School,Not Available,Not Available,Not Available,Not Available,Not Available,490.4,Not Available,Not Available,Not Available,Not Available,0,04/16/2019 03:55 PM EDT,No,Not Available,Not Available,Not Available,2019-05-01T15:12:03.000,Not Available,Not Available,Not Available,93,Not Available,Not Available,Not Available,Not Available,Not Available
X147-0200190,K-12 School,BRONX,Not Available,Not Available,Not Available,Ok,1083,Not Available,Bronx,Not Available,76.5,Not Available,Not Available,Not Available,286.2,Not Available,K-12 School,Not Available,Not Available,Not Available,Not Available,Not Available,Not Available,No,Not Available,Not Available,Not Available,990399.9,Not Available,K-12 School,Not Available,Not Available,Not Available,Not Available,Not Available,423.3,Not Available,Not Available,Not Available,Not Available,0,04/09/2019 02:08 PM EDT,No,Not Available,Not Available,Not Available,2019-05-01T15:12:28.000,Not Available,Not Available,Not Available,84,Not Available,Not Available,Not Available,Not Available,Not Available
M145-0100127,K-12 School,MANHATTAN,Not Available,Not Available,Not Available,Ok,588.7,Not Available,New York,Not Available,92.9,Not Available,Not Available,Not Available,154.4,Not Available,K-12 School,Not Available,Not Available,Not Available,Not Available,Not Available,Not Available,No,Not Available,Not Available,Not Available,534199.9,Not Available,K-12 School,Not Available,Not Available,Not Available,Not Available,Not Available,262.8,Not Available,Not Available,Not Available,Not Available,0,04/09/2019 04:45 PM EDT,No,Not Available,Not Available,Not Available,2019-05-01T15:12:15.000,Not Available,Not Available,Not Available,79,Not Available,Not Available,Not Available,Not Available,Not Available
M058-0100069,K-12 School,MANHATTAN,Not Available,Not Available,2202930,Ok,338,Not Available,New York,Not Available,99,Not Available,Not Available,Not Available,258.8,Not Available,K-12 School,Not Available,Not Available,Not Available,Not Available,Not Available,Not Available,No,Not Available,Not Available,Not Available,389440,Not Available,K-12 School,Not Available,Not Available,Not Available,Not Available,Not Available,0.6,Not Available,Not Available,Not Available,Not Available,0,04/09/2019 04:45 PM EDT,No,Not Available,Not Available,Not Available,2019-05-01T15:12:37.000,Not Available,Not Available,Not Available,73,Not Available,Not Available,Not Available,Not Available,Not Available
250 Vesey Street,Office,MANHATTAN,"2018, 2017",Not Available,55382095.9,Ok,16284.7,Not Available,New York,Not Available,201.9,Not Available,Not Available,Not Available,14030.1,Not Available,Office,Not Available,0,Not Available,Not Available,Not Available,Not Available,Yes,46000,Not Available,Not Available,35827480.4,Not Available,Office,6100,7320,Not Available,Not Available,Not Available,0,Not Available,Not Available,Not Available,Not Available,0,04/17/2019 11:41 AM EDT,No,21.76,Not Available,Not Available,2019-04-18T11:02:22.000,Not Available,Not Available,Not Available,62,Not Available,Not Available,0,2019-04-18,Not Available
Q076-0400068,K-12 School,QUEENS,Not Available,Not Available,Not Available,Ok,558.2,Not Available,Queens,Not Available,74.7,Not Available,Not Available,Not Available,122.3,Not Available,K-12 School,Not Available,Not Available,Not Available,Not Available,Not Available,Not Available,No,Not Available,Not Available,Not Available,423200,Not Available,K-12 School,Not Available,Not Available,Not Available,Not Available,Not Available,226.6,Not Available,Not Available,Not Available,Not Available,0,04/09/2019 02:08 PM EDT,No,Not Available,Not Available,Not Available,2019-05-01T15:11:17.000,Not Available,Not Available,Not Available,86,Not Available,Not Available,Not Available,Not Available,Not Available
Q811-0400165,K-12 School,QUEENS,Not Available,Not Available,Not Available,Ok,624.2,Not Available,Queens,Not Available,120.1,Not Available,Not Available,Not Available,155.5,Not Available,K-12 School,Not Available,Not Available,Not Available,Not Available,Not Available,Not Available,No,Not Available,Not Available,Not Available,538079.9,Not Available,K-12 School,Not Available,Not Available,Not Available,Not Available,Not Available,239.8,Not Available,Not Available,Not Available,Not Available,0,04/09/2019 02:08 PM EDT,No,Not Available,Not Available,Not Available,2019-05-01T15:11:17.000,Not Available,Not Available,Not Available,86,Not Available,Not Available,Not Available,Not Available,Not Available
Q071-0400063,K-12 School,QUEENS,Not Available,Not Available,Not Available,Ok,443.3,Not Available,Queens,Not Available,82.5,Not Available,Not Available,Not Available,111.3,Not Available,K-12 School,Not Available,Not Available,Not Available,Not Available,Not Available,Not Available,No,Not Available,Not Available,Not Available,385280,Not Available,K-12 School,Not Available,Not Available,Not Available,Not Available,Not Available,234,Not Available,Not Available,Not Available,Not Available,0,04/09/2019 02:08 PM EDT,No,Not Available,Not Available,Not Available,2019-05-01T15:12:05.000,Not Available,Not Available,Not Available,72,Not Available,Not Available,Not Available,Not Available,Not Available
Q145-0400193,K-12 School,QUEENS,Not Available,Not Available,Not Available,Ok,1101.1,Not Available,Queens,Not Available,97.6,Not Available,Not Available,Not Available,434.7,Not Available,K-12 School,Not Available,Not Available,Not Available,Not Available,Not Available,Not Available,No,Not Available,Not Available,Not Available,1504399.9,Not Available,K-12 School,Not Available,Not Available,Not Available,Not Available,Not Available,666.9,Not Available,Not Available,Not Available,Not Available,0,04/09/2019 02:08 PM EDT,No,Not Available,Not Available,Not Available,2019-05-01T15:11:32.000,Not Available,Not Available,Not Available,49,Not Available,Not Available,Not Available,Not Available,Not Available
Q184-0400163,K-12 School,QUEENS,Not Available,Not Available,Not Available,Ok,344.6,Not Available,Queens,Not Available,72.1,Not Available,Not Available,Not Available,90.3,Not Available,K-12 School,Not Available,Not Available,Not Available,Not Available,Not Available,Not Available,No,Not Available,Not Available,Not Available,312600,Not Available,K-12 School,Not Available,Not Available,Not Available,Not Available,Not Available,122.1,Not Available,Not Available,Not Available,Not Available,0,04/09/2019 02:08 PM EDT,No,Not Available,Not Available,Not Available,2019-05-01T15:11:51.000,Not Available,Not Available,Not Available,87,Not Available,Not Available,Not Available,Not Available,Not Available
M501-0100190,K-12 School,MANHATTAN,Not Available,Not Available,Not Available,Ok,1526.2,Not Available,New York,Not Available,152.9,Not Available,Not Available,Not Available,447.5,Not Available,K-12 School,Not Available,Not Available,Not Available,Not Available,Not Available,Not Available,No,Not Available,Not Available,Not Available,1548799.7,Not Available,K-12 School,Not Available,Not Available,Not Available,Not Available,Not Available,1103.2,Not Available,Not Available,Not Available,Not Available,0,04/09/2019 04:45 PM EDT,No,Not Available,Not Available,Not Available,2019-05-01T15:11:18.000,Not Available,Not Available,Not Available,48,Not Available,Not Available,Not Available,Not Available,Not Available
K062-0300082,K-12 School,BROOKLYN,Not Available,Not Available,Not Available,Ok,1095.6,Not Available,Brooklyn,Not Available,79.3,Not Available,Not Available,Not Available,181.5,Not Available,K-12 School,Not Available,Not Available,Not Available,Not Available,Not Available,Not Available,No,Not Available,Not Available,Not Available,627999.9,Not Available,K-12 School,Not Available,Not Available,Not Available,Not Available,Not Available,494.4,Not Available,Not Available,Not Available,Not Available,0,04/11/2019 11:54 AM EDT,No,Not Available,Not Available,Not Available,2019-05-01T15:11:42.000,Not Available,Not Available,Not Available,87,Not Available,Not Available,Not Available,Not Available,Not Available
K163-0300166,K-12 School,BROOKLYN,Not Available,Not Available,Not Available,Ok,300.2,Not Available,Brooklyn,Not Available,98.5,Not Available,Not Available,Not Available,106.5,Not Available,K-12 School,Not Available,Not Available,Not Available,Not Available,Not Available,Not Available,No,Not Available,Not Available,Not Available,368640,Not Available,K-12 School,Not Available,Not Available,Not Available,Not Available,Not Available,161.6,Not Available,Not Available,Not Available,Not Available,0,04/11/2019 11:55 AM EDT,No,Not Available,Not Available,Not Available,2019-05-01T15:12:31.000,Not Available,Not Available,Not Available,60,Not Available,Not Available,Not Available,Not Available,Not Available
X445-0200227,K-12 School,BRONX,Not Available,Not Available,Not Available,Ok,2452.2,Not Available,Bronx,Not Available,87.4,Not Available,Not Available,Not Available,491.2,Not Available,K-12 School,Not Available,Not Available,Not Available,Not Available,Not Available,Not Available,No,Not Available,Not Available,Not Available,1699999.7,Not Available,K-12 School,Not Available,Not Available,Not Available,Not Available,Not Available,1017.9,Not Available,Not Available,Not Available,Not Available,0,04/09/2019 02:08 PM EDT,No,Not Available,Not Available,Not Available,2019-05-01T15:11:22.000,Not Available,Not Available,Not Available,87,Not Available,Not Available,Not Available,Not Available,Not Available
R055-0500087,K-12 School,STATEN IS,Not Available,Not Available,Not Available,Ok,641.5,Not Available,Staten Island,Not Available,110.2,Not Available,Not Available,Not Available,114.7,Not Available,K-12 School,Not Available,Not Available,Not Available,Not Available,Not Available,Not Available,No,Not Available,Not Available,Not Available,396960,Not Available,K-12 School,Not Available,Not Available,Not Available,Not Available,Not Available,380.7,Not Available,Not Available,Not Available,Not Available,0,04/11/2019 11:55 AM EDT,No,Not Available,Not Available,Not Available,2019-05-01T15:12:08.000,Not Available,Not Available,Not Available,73,Not Available,Not Available,Not Available,Not Available,Not Available
X118-0200016,K-12 School,BRONX,Not Available,Not Available,Not Available,Ok,645.9,Not Available,Bronx,Not Available,133.9,Not Available,Not Available,Not Available,185.8,Not Available,K-12 School,Not Available,Not Available,Not Available,Not Available,Not Available,Not Available,No,Not Available,Not Available,Not Available,642919.9,Not Available,K-12 School,Not Available,Not Available,Not Available,Not Available,Not Available,462.1,Not Available,Not Available,Not Available,Not Available,0,04/09/2019 02:08 PM EDT,No,Not Available,Not Available,Not Available,2019-05-01T15:11:49.000,Not Available,Not Available,Not Available,49,Not Available,Not Available,Not Available,Not Available,Not Available
Q220-0400188,K-12 School,QUEENS,Not Available,Not Available,Not Available,Ok,500.3,Not Available,Queens,Not Available,119.4,Not Available,Not Available,Not Available,135,Not Available,K-12 School,Not Available,Not Available,Not Available,Not Available,Not Available,Not Available,No,Not Available,Not Available,Not Available,467039.9,Not Available,K-12 School,Not Available,Not Available,Not Available,Not Available,Not Available,347.1,Not Available,Not Available,Not Available,Not Available,0,04/11/2019 11:55 AM EDT,No,Not Available,Not Available,Not Available,2019-05-01T15:11:47.000,Not Available,Not Available,Not Available,53,Not Available,Not Available,Not Available,Not Available,Not Available
M113-0100104,K-12 School,MANHATTAN,Not Available,Not Available,Not Available,Ok,725.1,Not Available,New York,Not Available,98.6,Not Available,Not Available,Not Available,226.3,Not Available,K-12 School,Not Available,Not Available,Not Available,Not Available,Not Available,Not Available,No,Not Available,Not Available,Not Available,783199.9,Not Available,K-12 School,Not Available,Not Available,Not Available,Not Available,Not Available,207.6,Not Available,Not Available,Not Available,Not Available,0,04/09/2019 04:45 PM EDT,No,Not Available,Not Available,Not Available,2019-05-01T15:12:38.000,Not Available,Not Available,Not Available,88,Not Available,Not Available,Not Available,Not Available,Not Available
R026-0500049,K-12 School,STATEN IS,Not Available,Not Available,Not Available,Ok,159.5,Not Available,Staten Island,Not Available,99.8,Not Available,Not Available,Not Available,57.1,Not Available,K-12 School,Not Available,Not Available,Not Available,Not Available,Not Available,Not Available,No,Not Available,Not Available,Not Available,197760,Not Available,K-12 School,Not Available,Not Available,Not Available,Not Available,Not Available,80.7,Not Available,Not Available,Not Available,Not Available,0,04/11/2019 11:54 AM EDT,No,Not Available,Not Available,Not Available,2019-05-01T15:11:15.000,Not Available,Not Available,Not Available,63,Not Available,Not Available,Not Available,Not Available,Not Available
Q268-0401482,K-12 School,QUEENS,Not Available,Not Available,Not Available,Ok,453.4,Not Available,Queens,Not Available,171.2,Not Available,Not Available,Not Available,412.2,Not Available,K-12 School,Not Available,Not Available,Not Available,Not Available,Not Available,Not Available,No,Not Available,Not Available,Not Available,1426399.9,Not Available,K-12 School,Not Available,Not Available,Not Available,Not Available,Not Available,233,Not Available,Not Available,Not Available,Not Available,0,04/11/2019 11:54 AM EDT,No,Not Available,Not Available,Not Available,2019-05-01T15:12:03.000,Not Available,Not Available,Not Available,17,Not Available,Not Available,Not Available,Not Available,Not Available
Q866-0401237,K-12 School,QUEENS,Not Available,Not Available,Not Available,Ok,178.3,Not Available,Queens,Not Available,214.4,Not Available,Not Available,Not Available,143,Not Available,K-12 School,Not Available,Not Available,Not Available,Not Available,Not Available,Not Available,No,Not Available,Not Available,Not Available,494719.9,Not Available,K-12 School,Not Available,Not Available,Not Available,Not Available,Not Available,173.3,Not Available,Not Available,Not Available,Not Available,0,04/11/2019 11:54 AM EDT,No,Not Available,Not Available,Not Available,2019-05-01T15:11:52.000,Not Available,Not Available,Not Available,6,Not Available,Not Available,Not Available,Not Available,Not Available
Q172-0400195,K-12 School,QUEENS,Not Available,Not Available,Not Available,Ok,878.8,Not Available,Queens,Not Available,77.8,Not Available,Not Available,Not Available,186,Not Available,K-12 School,Not Available,Not Available,Not Available,Not Available,Not Available,Not Available,No,Not Available,Not Available,Not Available,643599.9,Not Available,K-12 School,Not Available,Not Available,Not Available,Not Available,Not Available,468,Not Available,Not Available,Not Available,Not Available,0,04/09/2019 02:08 PM EDT,No,Not Available,Not Available,Not Available,2019-05-01T15:12:29.000,Not Available,Not Available,Not Available,76,Not Available,Not Available,Not Available,Not Available,Not Available
X071-0200108,K-12 School,BRONX,Not Available,Not Available,Not Available,Ok,673,Not Available,Bronx,Not Available,72.3,Not Available,Not Available,Not Available,149.8,Not Available,K-12 School,Not Available,Not Available,Not Available,Not Available,Not Available,Not Available,No,Not Available,Not Available,Not Available,518479.9,Not Available,K-12 School,Not Available,Not Available,Not Available,Not Available,Not Available,264.5,Not Available,Not Available,Not Available,Not Available,0,04/09/2019 02:08 PM EDT,No,Not Available,Not Available,Not Available,2019-05-01T15:11:21.000,Not Available,Not Available,Not Available,87,Not Available,Not Available,Not Available,Not Available,Not Available
K092-0300103,K-12 School,BROOKLYN,Not Available,Not Available,Not Available,Ok,666.8,Not Available,Brooklyn,Not Available,101.1,Not Available,Not Available,Not Available,170.3,Not Available,K-12 School,Not Available,Not Available,Not Available,Not Available,Not Available,Not Available,No,Not Available,Not Available,Not Available,589199.9,Not Available,K-12 School,Not Available,Not Available,Not Available,Not Available,Not Available,415.6,Not Available,Not Available,Not Available,Not Available,0,04/11/2019 11:54 AM EDT,No,Not Available,Not Available,Not Available,2019-05-01T15:12:27.000,Not Available,Not Available,Not Available,62,Not Available,Not Available,Not Available,Not Available,Not Available
Q166-0400151,K-12 School,QUEENS,Not Available,Not Available,Not Available,Ok,635.5,Not Available,Queens,Not Available,126.3,Not Available,Not Available,Not Available,247.6,Not Available,K-12 School,Not Available,Not Available,Not Available,Not Available,Not Available,Not Available,No,Not Available,Not Available,Not Available,856799.9,Not Available,K-12 School,Not Available,Not Available,Not Available,Not Available,Not Available,419.9,Not Available,Not Available,Not Available,Not Available,0,04/09/2019 02:08 PM EDT,No,Not Available,Not Available,Not Available,2019-05-01T15:12:06.000,Not Available,Not Available,Not Available,45,Not Available,Not Available,Not Available,Not Available,Not Available
K108-0300118,K-12 School,BROOKLYN,Not Available,Not Available,Not Available,Ok,373.4,Not Available,Brooklyn,Not Available,106.8,Not Available,Not Available,Not Available,143.6,Not Available,K-12 School,Not Available,Not Available,Not Available,Not Available,Not Available,Not Available,No,Not Available,Not Available,Not Available,496879.9,Not Available,K-12 School,Not Available,Not Available,Not Available,Not Available,Not Available,197,Not Available,Not Available,Not Available,Not Available,0,04/09/2019 04:45 PM EDT,No,Not Available,Not Available,Not Available,2019-05-01T15:12:40.000,Not Available,Not Available,Not Available,58,Not Available,Not Available,Not Available,Not Available,Not Available
