source_relation,date_day,organization_id,organization_name,campaign_id,campaign_name,ad_group_id,ad_group_name,keyword_id,keyword_text,match_type,currency,keyword_status,taps,new_downloads,tap_new_downloads,redownloads,tap_redownloads,total_downloads,tap_total_downloads,conversions,tap_installs,impressions,spend
"",2025-02-11,3219110,Tip Tap Cat,973923054,Tap Away,976005125,Kitty Cat Tap,983951504,game,BROAD,USD,ACTIVE,16,4,4,0,0,4,4,4,4,187,8.18
"",2022-06-15,3219110,Tip Tap Cat,973923054,Tap Away,983960446,Premium Users,983951517,kids,EXACT,USD,PAUSED,20,6,6,0,0,6,6,6,6,199,5.56
"",2024-01-25,3219110,Tip Tap Cat,973923054,Tap Away,983960442,Bored Ad Group,983951491,im bored,BROAD,USD,ACTIVE,1,0,0,0,0,0,0,0,0,15,17.25
"",2024-02-22,3219110,Tip Tap Cat,973923054,Tap Away,983960442,Bored Ad Group,983951499,photo,EXACT,USD,PAUSED,3,0,0,0,0,0,0,0,0,35,1.04
"",2025-04-10,3162550,Joseph Markiewicz,973923055,Summer Special,983960448,High Value,983951524,music,EXACT,USD,ACTIVE,12,4,4,0,0,4,4,4,4,100,5.85
"",2024-05-11,3219110,Tip Tap Cat,973923054,Tap Away,983960443,Retargeting,983951508,family,EXACT,USD,PAUSED,1,1,1,0,0,1,1,1,1,104,9.4
"",2025-09-22,3219110,Tip Tap Cat,973923054,Tap Away,983960447,Retargeting,983951520,fun,BROAD,USD,ACTIVE,3,1,1,0,0,1,1,1,1,97,11.84
"",2023-09-05,3219111,Gaming Studio,973923061,New Feature,983960463,Budget Segment,983951565,play,EXACT,USD,PAUSED,1,1,1,0,0,1,1,1,1,37,2.39
"",2024-05-23,3162550,Joseph Markiewicz,973923055,Summer Special,983960448,High Value,983951523,puzzle,BROAD,USD,PAUSED,3,1,1,0,0,1,1,1,1,87,6.22
"",2021-12-13,3219110,Tip Tap Cat,973923054,Tap Away,976005125,Kitty Cat Tap,976093309,cat games for cats,BROAD,USD,ACTIVE,0,0,0,0,0,0,0,0,0,35,0
"",2024-04-20,3219111,Gaming Studio,973923063,Summer Special,983960466,Premium Users,983951574,photo,EXACT,USD,ACTIVE,10,5,5,0,0,5,5,5,5,152,9.77
"",2022-06-02,3219111,Gaming Studio,973923061,New Feature,983960463,Budget Segment,983951566,free,BROAD,USD,ACTIVE,1,1,1,0,0,1,1,1,1,11,7.14
"",2024-07-03,3219110,Tip Tap Cat,973923054,Tap Away,983960445,Budget Segment,983951513,music,BROAD,USD,ACTIVE,6,2,2,0,0,2,2,2,2,41,11.88
"",2021-12-11,3219110,Tip Tap Cat,973923054,Tap Away,976005125,Kitty Cat Tap,976093307,kitty,BROAD,USD,ACTIVE,0,0,0,0,0,0,0,0,0,2,0
"",2023-05-21,3162550,Joseph Markiewicz,973923055,Summer Special,983960448,High Value,983951523,puzzle,BROAD,USD,PAUSED,2,1,1,0,0,1,1,1,1,94,14.22
"",2024-05-27,3219110,Tip Tap Cat,973923060,User Acquisition,983960459,New Users,983951555,music,BROAD,USD,ACTIVE,5,2,2,0,0,2,2,2,2,43,9.19
"",2022-08-21,3162550,Joseph Markiewicz,973923055,Summer Special,983960449,High Value,983951528,education,BROAD,USD,PAUSED,15,4,4,0,0,4,4,4,4,103,1.06
"",2024-02-17,3219110,Tip Tap Cat,973923058,Holiday Sale,983960456,Retargeting,983951545,simulation,BROAD,USD,ACTIVE,8,4,4,0,0,4,4,4,4,71,12.28
"",2023-02-16,3162550,Joseph Markiewicz,973923055,Summer Special,983960448,High Value,983951522,fun,EXACT,USD,ACTIVE,7,1,1,0,0,1,1,1,1,52,9.88
"",2024-01-16,3219110,Tip Tap Cat,973923054,Tap Away,983960445,Budget Segment,983951515,adventure,EXACT,USD,PAUSED,21,5,5,0,0,5,5,5,5,190,2.72
"",2023-12-04,3219110,Tip Tap Cat,973923054,Tap Away,983960445,Budget Segment,983951514,kids,EXACT,USD,ACTIVE,28,1,1,0,0,1,1,1,1,194,9.9
"",2022-07-29,3219111,Gaming Studio,973923063,Summer Special,983960466,Premium Users,983951574,photo,EXACT,USD,ACTIVE,4,2,2,0,0,2,2,2,2,30,17.54
"",2022-08-10,3219111,Gaming Studio,973923061,New Feature,983960462,Retargeting,983951561,download,EXACT,USD,ACTIVE,9,3,3,0,0,3,3,3,3,191,0.94
"",2024-09-05,3219111,Gaming Studio,973923061,New Feature,983960461,Retargeting,983951559,action,BROAD,USD,ACTIVE,1,0,0,0,0,0,0,0,0,59,12.16
"",2025-01-04,3219110,Tip Tap Cat,973923054,Tap Away,983960444,Retargeting,983951511,racing,EXACT,USD,ACTIVE,1,0,0,0,0,0,0,0,0,118,2.93
"",2024-02-24,3219110,Tip Tap Cat,973923054,Tap Away,976005125,Kitty Cat Tap,976093311,cat game,BROAD,USD,ACTIVE,2,1,1,0,0,1,1,1,1,20,9.33
"",2025-05-31,3219110,Tip Tap Cat,973923054,Tap Away,976005125,Kitty Cat Tap,976093309,cat games for cats,BROAD,USD,ACTIVE,3,1,1,0,0,1,1,1,1,56,17.18
"",2021-12-18,3219110,Tip Tap Cat,973923054,Tap Away,976005125,Kitty Cat Tap,976093309,cat games for cats,BROAD,USD,ACTIVE,1,0,0,0,0,0,0,0,0,28,0.13
"",2024-05-19,3219110,Tip Tap Cat,973923054,Tap Away,983960443,Retargeting,983951510,fun,BROAD,USD,ACTIVE,1,1,1,0,0,1,1,1,1,175,0.55
"",2024-04-08,3219110,Tip Tap Cat,973923054,Tap Away,976005125,Kitty Cat Tap,983951503,arcade,BROAD,USD,PAUSED,16,1,1,0,0,1,1,1,1,131,6.2
"",2025-05-23,3219110,Tip Tap Cat,973923054,Tap Away,983960442,Bored Ad Group,983951492,relax games,BROAD,USD,ACTIVE,1,1,1,0,0,1,1,1,1,56,3.42
"",2022-01-31,3219111,Gaming Studio,973923062,Holiday Sale,983960464,Premium Users,983951569,adventure,BROAD,USD,PAUSED,2,0,0,0,0,0,0,0,0,18,14.16
"",2024-08-29,3162550,Joseph Markiewicz,973923056,Holiday Sale,983960452,Premium Users,983951535,app,EXACT,USD,ACTIVE,4,0,0,0,0,0,0,0,0,200,4.96
"",2022-02-07,3162550,Joseph Markiewicz,973923056,Holiday Sale,983960450,Premium Users,983951530,game,BROAD,USD,ACTIVE,21,2,2,0,0,2,2,2,2,200,8.26
"",2023-06-25,3162550,Joseph Markiewicz,973923056,Holiday Sale,983960451,Retargeting,983951533,music,EXACT,USD,ACTIVE,20,8,8,0,0,8,8,8,8,136,16.07
"",2025-06-08,3162550,Joseph Markiewicz,973923055,Summer Special,983960449,High Value,983951528,education,BROAD,USD,PAUSED,8,1,1,0,0,1,1,1,1,82,17.13
"",2021-12-17,3219110,Tip Tap Cat,973923054,Tap Away,976005125,Kitty Cat Tap,976093309,cat games for cats,BROAD,USD,ACTIVE,0,0,0,0,0,0,0,0,0,7,0
"",2023-10-24,3219110,Tip Tap Cat,973923054,Tap Away,983960447,Retargeting,983951521,action,BROAD,USD,ACTIVE,18,5,5,0,0,5,5,5,5,178,18.61
"",2025-07-28,3219110,Tip Tap Cat,973923054,Tap Away,976005125,Kitty Cat Tap,976093310,tap tap,BROAD,USD,ACTIVE,15,7,7,0,0,7,7,7,7,181,14.25
"",2021-12-13,3219110,Tip Tap Cat,973923054,Tap Away,976005125,Kitty Cat Tap,976093310,tap tap,BROAD,USD,ACTIVE,0,0,0,0,0,0,0,0,0,74,0
"",2025-10-15,3219111,Gaming Studio,973923061,New Feature,983960463,Budget Segment,983951564,app,EXACT,USD,PAUSED,2,0,0,0,0,0,0,0,0,177,12.59
"",2024-07-18,3219110,Tip Tap Cat,973923057,Holiday Sale,983960453,High Value,983951538,simulation,EXACT,USD,ACTIVE,27,7,7,0,0,7,7,7,7,199,0.99
"",2023-10-25,3219110,Tip Tap Cat,973923054,Tap Away,976005125,Kitty Cat Tap,976093305,pet cat,BROAD,USD,ACTIVE,8,1,1,0,0,1,1,1,1,147,11.5
"",2023-04-29,3219111,Gaming Studio,973923061,New Feature,983960463,Budget Segment,983951566,free,BROAD,USD,ACTIVE,16,6,6,0,0,6,6,6,6,193,8.08
"",2024-09-17,3219110,Tip Tap Cat,973923054,Tap Away,983960443,Retargeting,983951510,fun,BROAD,USD,ACTIVE,17,2,2,0,0,2,2,2,2,119,11.19
"",2024-07-12,3219110,Tip Tap Cat,973923060,User Acquisition,983960459,New Users,983951556,puzzle,EXACT,USD,PAUSED,3,1,1,0,0,1,1,1,1,125,0.54
"",2024-11-29,3219110,Tip Tap Cat,973923054,Tap Away,976005125,Kitty Cat Tap,976093304,kitten,BROAD,USD,ACTIVE,1,0,0,0,0,0,0,0,0,46,19.05
"",2024-10-21,3219110,Tip Tap Cat,973923054,Tap Away,983960442,Bored Ad Group,983951493,time wasters,BROAD,USD,ACTIVE,1,1,1,0,0,1,1,1,1,124,19.37
"",2022-11-08,3162550,Joseph Markiewicz,973923056,Holiday Sale,983960451,Retargeting,983951534,game,EXACT,USD,PAUSED,8,1,1,0,0,1,1,1,1,160,16.54
"",2024-12-15,3162550,Joseph Markiewicz,973923055,Summer Special,983960449,High Value,983951526,family,BROAD,USD,ACTIVE,18,9,9,0,0,9,9,9,9,131,13.02
"",2024-05-25,3219111,Gaming Studio,973923062,Holiday Sale,983960464,Premium Users,983951570,game,BROAD,USD,ACTIVE,7,0,0,0,0,0,0,0,0,135,12.99
"",2023-04-04,3219110,Tip Tap Cat,973923054,Tap Away,983960442,Bored Ad Group,983951506,strategy,BROAD,USD,ACTIVE,12,1,1,0,0,1,1,1,1,131,7.04
"",2021-12-12,3219110,Tip Tap Cat,973923054,Tap Away,976005125,Kitty Cat Tap,976093309,cat games for cats,BROAD,USD,ACTIVE,0,0,0,0,0,0,0,0,0,25,0
"",2022-02-02,3162550,Joseph Markiewicz,973923056,Holiday Sale,983960452,Premium Users,983951535,app,EXACT,USD,ACTIVE,20,6,6,0,0,6,6,6,6,161,17.62
"",2023-10-13,3219111,Gaming Studio,973923063,Summer Special,983960467,Premium Users,983951577,simulation,BROAD,USD,ACTIVE,5,2,2,0,0,2,2,2,2,45,2.64
"",2025-01-16,3219110,Tip Tap Cat,973923057,Holiday Sale,983960453,High Value,983951538,simulation,EXACT,USD,ACTIVE,3,0,0,0,0,0,0,0,0,31,5.48
"",2022-09-28,3219110,Tip Tap Cat,973923054,Tap Away,983960445,Budget Segment,983951513,music,BROAD,USD,ACTIVE,7,1,1,0,0,1,1,1,1,92,5.45
"",2025-11-27,3219110,Tip Tap Cat,973923054,Tap Away,983960446,Premium Users,983951517,kids,EXACT,USD,PAUSED,12,3,3,0,0,3,3,3,3,80,6.96
"",2025-08-01,3219110,Tip Tap Cat,973923060,User Acquisition,983960459,New Users,983951553,education,BROAD,USD,ACTIVE,4,0,0,0,0,0,0,0,0,31,17.62
"",2024-02-17,3162550,Joseph Markiewicz,973923056,Holiday Sale,983960452,Premium Users,983951536,free,BROAD,USD,ACTIVE,9,3,3,0,0,3,3,3,3,169,15.65
"",2021-12-06,3162550,Joseph Markiewicz,973923056,Holiday Sale,983960451,Retargeting,983951533,music,EXACT,USD,ACTIVE,1,0,0,0,0,0,0,0,0,86,15.69
"",2023-12-17,3219110,Tip Tap Cat,973923054,Tap Away,983960445,Budget Segment,983951516,action,EXACT,USD,ACTIVE,14,0,0,0,0,0,0,0,0,193,17.57
"",2022-07-10,3219110,Tip Tap Cat,973923054,Tap Away,983960445,Budget Segment,983951515,adventure,EXACT,USD,PAUSED,3,0,0,0,0,0,0,0,0,115,2.37
"",2021-12-10,3219110,Tip Tap Cat,973923054,Tap Away,976005125,Kitty Cat Tap,976093310,tap tap,BROAD,USD,ACTIVE,2,1,1,0,0,1,1,1,1,86,1.7
"",2024-11-13,3219111,Gaming Studio,973923061,New Feature,983960461,Retargeting,983951560,puzzle,BROAD,USD,PAUSED,2,0,0,0,0,0,0,0,0,162,1.87
"",2024-02-19,3219110,Tip Tap Cat,973923054,Tap Away,976005125,Kitty Cat Tap,983951496,strategy,BROAD,USD,ACTIVE,7,1,1,0,0,1,1,1,1,88,6.65
"",2023-04-19,3162550,Joseph Markiewicz,973923055,Summer Special,983960449,High Value,983951527,play,EXACT,USD,ACTIVE,16,3,3,0,0,3,3,3,3,121,18.82
"",2025-05-29,3219110,Tip Tap Cat,973923054,Tap Away,976005125,Kitty Cat Tap,976093304,kitten,BROAD,USD,ACTIVE,14,3,3,0,0,3,3,3,3,123,2.4
"",2021-12-14,3219110,Tip Tap Cat,973923054,Tap Away,976005125,Kitty Cat Tap,976093306,kitty games,BROAD,USD,ACTIVE,0,0,0,0,0,0,0,0,0,3,0
"",2022-10-01,3219110,Tip Tap Cat,973923054,Tap Away,983960446,Premium Users,983951518,casual,EXACT,USD,ACTIVE,19,4,4,0,0,4,4,4,4,167,9.19
"",2022-09-14,3219110,Tip Tap Cat,973923054,Tap Away,976005125,Kitty Cat Tap,976093305,pet cat,BROAD,USD,ACTIVE,7,3,3,0,0,3,3,3,3,77,7.48
"",2022-11-24,3219110,Tip Tap Cat,973923054,Tap Away,983960442,Bored Ad Group,983951494,bored,BROAD,USD,ACTIVE,7,2,2,0,0,2,2,2,2,145,6.13
"",2025-08-04,3219110,Tip Tap Cat,973923054,Tap Away,976005125,Kitty Cat Tap,976093314,tip tap cat,BROAD,USD,ACTIVE,27,13,13,0,0,13,13,13,13,195,19.88
"",2023-08-24,3219111,Gaming Studio,973923061,New Feature,983960461,Retargeting,983951560,puzzle,BROAD,USD,PAUSED,2,0,0,0,0,0,0,0,0,27,4.44
"",2025-09-13,3219111,Gaming Studio,973923063,Summer Special,983960466,Premium Users,983951575,family,BROAD,USD,ACTIVE,16,7,7,0,0,7,7,7,7,184,9.56
"",2023-06-18,3219110,Tip Tap Cat,973923054,Tap Away,983960445,Budget Segment,983951515,adventure,EXACT,USD,PAUSED,11,3,3,0,0,3,3,3,3,143,17.44
"",2024-12-23,3219110,Tip Tap Cat,973923054,Tap Away,976005125,Kitty Cat Tap,976093308,cat,BROAD,USD,ACTIVE,5,2,2,0,0,2,2,2,2,72,15.9
"",2023-04-17,3219110,Tip Tap Cat,973923054,Tap Away,976005125,Kitty Cat Tap,976093308,cat,BROAD,USD,ACTIVE,1,1,1,0,0,1,1,1,1,19,11.83
"",2022-03-26,3219110,Tip Tap Cat,973923054,Tap Away,983960444,Retargeting,983951511,racing,EXACT,USD,ACTIVE,15,1,1,0,0,1,1,1,1,111,5.86
"",2025-07-30,3219110,Tip Tap Cat,973923060,User Acquisition,983960459,New Users,983951553,education,BROAD,USD,ACTIVE,12,2,2,0,0,2,2,2,2,180,2.38
"",2025-11-17,3162550,Joseph Markiewicz,973923056,Holiday Sale,983960452,Premium Users,983951536,free,BROAD,USD,ACTIVE,17,0,0,0,0,0,0,0,0,139,7.05
"",2024-10-12,3219110,Tip Tap Cat,973923054,Tap Away,976005125,Kitty Cat Tap,976093306,kitty games,BROAD,USD,ACTIVE,4,0,0,0,0,0,0,0,0,60,14.56
"",2024-02-19,3219110,Tip Tap Cat,973923060,User Acquisition,983960460,Retargeting,983951558,arcade,BROAD,USD,PAUSED,1,0,0,0,0,0,0,0,0,29,4.64
"",2025-08-09,3162550,Joseph Markiewicz,973923055,Summer Special,983960449,High Value,983951527,play,EXACT,USD,ACTIVE,10,4,4,0,0,4,4,4,4,100,17.38
"",2025-06-16,3219110,Tip Tap Cat,973923054,Tap Away,983960442,Bored Ad Group,983951505,puzzle,EXACT,USD,PAUSED,6,0,0,0,0,0,0,0,0,49,5.38
"",2023-12-02,3219110,Tip Tap Cat,973923057,Holiday Sale,983960453,High Value,983951538,simulation,EXACT,USD,ACTIVE,8,1,1,0,0,1,1,1,1,101,3.15
"",2022-04-14,3219110,Tip Tap Cat,973923054,Tap Away,983960442,Bored Ad Group,983951501,casual,BROAD,USD,PAUSED,2,0,0,0,0,0,0,0,0,17,2.92
"",2024-06-01,3162550,Joseph Markiewicz,973923055,Summer Special,983960449,High Value,983951526,family,BROAD,USD,ACTIVE,14,4,4,0,0,4,4,4,4,187,10.48
"",2025-10-10,3162550,Joseph Markiewicz,973923056,Holiday Sale,983960451,Retargeting,983951534,game,EXACT,USD,PAUSED,4,2,2,0,0,2,2,2,2,150,17.88
"",2023-05-29,3219111,Gaming Studio,973923063,Summer Special,983960467,Premium Users,983951577,simulation,BROAD,USD,ACTIVE,10,5,5,0,0,5,5,5,5,126,0.78
"",2024-04-17,3219111,Gaming Studio,973923061,New Feature,983960462,Retargeting,983951561,download,EXACT,USD,ACTIVE,2,0,0,0,0,0,0,0,0,107,2.96
"",2025-05-04,3219110,Tip Tap Cat,973923058,Holiday Sale,983960456,Retargeting,983951547,simulation,BROAD,USD,PAUSED,4,2,2,0,0,2,2,2,2,51,7.74
"",2023-08-23,3219110,Tip Tap Cat,973923057,Holiday Sale,983960454,Retargeting,983951541,fun,BROAD,USD,ACTIVE,12,6,6,0,0,6,6,6,6,81,1.69
"",2023-05-14,3219110,Tip Tap Cat,973923059,Spring Launch,983960457,High Value,983951550,action,BROAD,USD,ACTIVE,6,2,2,0,0,2,2,2,2,40,12.41
"",2023-07-05,3219110,Tip Tap Cat,973923054,Tap Away,983960442,Bored Ad Group,983951492,relax games,BROAD,USD,ACTIVE,10,2,2,0,0,2,2,2,2,142,18.25
"",2022-05-08,3219110,Tip Tap Cat,973923054,Tap Away,983960446,Premium Users,983951517,kids,EXACT,USD,PAUSED,23,11,11,0,0,11,11,11,11,191,18.71
"",2025-07-02,3219111,Gaming Studio,973923061,New Feature,983960461,Retargeting,983951559,action,BROAD,USD,ACTIVE,15,5,5,0,0,5,5,5,5,141,7.22
"",2025-10-14,3219110,Tip Tap Cat,973923054,Tap Away,976005125,Kitty Cat Tap,983951503,arcade,BROAD,USD,PAUSED,3,0,0,0,0,0,0,0,0,180,6.69
"",2023-02-21,3162550,Joseph Markiewicz,973923055,Summer Special,983960448,High Value,983951523,puzzle,BROAD,USD,PAUSED,1,0,0,0,0,0,0,0,0,38,17.87
"",2023-08-16,3219110,Tip Tap Cat,973923054,Tap Away,983960444,Retargeting,983951512,kids,BROAD,USD,PAUSED,5,2,2,0,0,2,2,2,2,199,12.32
"",2024-11-03,3162550,Joseph Markiewicz,973923055,Summer Special,983960449,High Value,983951527,play,EXACT,USD,ACTIVE,16,3,3,0,0,3,3,3,3,179,7.39
"",2025-09-20,3219110,Tip Tap Cat,973923054,Tap Away,976005125,Kitty Cat Tap,976093304,kitten,BROAD,USD,ACTIVE,5,2,2,0,0,2,2,2,2,105,9.56
"",2021-12-04,3219111,Gaming Studio,973923061,New Feature,983960463,Budget Segment,983951564,app,EXACT,USD,PAUSED,5,0,0,0,0,0,0,0,0,166,16.58
"",2024-02-03,3219110,Tip Tap Cat,973923057,Holiday Sale,983960453,High Value,983951538,simulation,EXACT,USD,ACTIVE,13,1,1,0,0,1,1,1,1,110,6.93
"",2022-11-14,3219110,Tip Tap Cat,973923054,Tap Away,983960444,Retargeting,983951512,kids,BROAD,USD,PAUSED,16,4,4,0,0,4,4,4,4,190,11.32
"",2023-02-24,3219110,Tip Tap Cat,973923060,User Acquisition,983960460,Retargeting,983951558,arcade,BROAD,USD,PAUSED,13,5,5,0,0,5,5,5,5,146,18.26
"",2024-10-03,3219110,Tip Tap Cat,973923058,Holiday Sale,983960456,Retargeting,983951547,simulation,BROAD,USD,PAUSED,4,1,1,0,0,1,1,1,1,44,7.3
"",2023-12-25,3219110,Tip Tap Cat,973923057,Holiday Sale,983960454,Retargeting,983951541,fun,BROAD,USD,ACTIVE,9,0,0,0,0,0,0,0,0,107,5.61
"",2025-03-16,3219110,Tip Tap Cat,973923058,Holiday Sale,983960456,Retargeting,983951547,simulation,BROAD,USD,PAUSED,2,0,0,0,0,0,0,0,0,145,12.49
"",2023-08-13,3219110,Tip Tap Cat,973923060,User Acquisition,983960458,New Users,983951552,kids,BROAD,USD,PAUSED,7,2,2,0,0,2,2,2,2,106,16.27
"",2022-05-12,3162550,Joseph Markiewicz,973923056,Holiday Sale,983960452,Premium Users,983951536,free,BROAD,USD,ACTIVE,1,0,0,0,0,0,0,0,0,50,10
"",2022-11-15,3219110,Tip Tap Cat,973923054,Tap Away,976005125,Kitty Cat Tap,976093310,tap tap,BROAD,USD,ACTIVE,9,4,4,0,0,4,4,4,4,78,3.66
"",2025-02-05,3219110,Tip Tap Cat,973923054,Tap Away,983960445,Budget Segment,983951514,kids,EXACT,USD,ACTIVE,17,1,1,0,0,1,1,1,1,175,14.73
"",2022-03-12,3219110,Tip Tap Cat,973923054,Tap Away,976005125,Kitty Cat Tap,983951504,game,BROAD,USD,ACTIVE,4,0,0,0,0,0,0,0,0,53,12.92
"",2025-06-06,3219111,Gaming Studio,973923061,New Feature,983960461,Retargeting,983951560,puzzle,BROAD,USD,PAUSED,6,3,3,0,0,3,3,3,3,108,6.37
"",2025-12-26,3219110,Tip Tap Cat,973923054,Tap Away,983960444,Retargeting,983951511,racing,EXACT,USD,ACTIVE,11,5,5,0,0,5,5,5,5,76,17.65
"",2025-12-03,3219111,Gaming Studio,973923063,Summer Special,983960466,Premium Users,983951576,music,BROAD,USD,ACTIVE,14,5,5,0,0,5,5,5,5,170,5.37
"",2022-01-25,3219111,Gaming Studio,973923063,Summer Special,983960466,Premium Users,983951574,photo,EXACT,USD,ACTIVE,8,1,1,0,0,1,1,1,1,137,18.75
"",2022-03-12,3219110,Tip Tap Cat,973923054,Tap Away,983960446,Premium Users,983951517,kids,EXACT,USD,PAUSED,15,7,7,0,0,7,7,7,7,140,16.92
"",2022-08-10,3219110,Tip Tap Cat,973923054,Tap Away,983960442,Bored Ad Group,983951506,strategy,BROAD,USD,ACTIVE,1,0,0,0,0,0,0,0,0,38,6.79
"",2021-12-15,3219110,Tip Tap Cat,973923054,Tap Away,976005125,Kitty Cat Tap,976093312,games for cats,BROAD,USD,ACTIVE,2,0,0,0,0,0,0,0,0,57,0.66
"",2021-12-16,3219110,Tip Tap Cat,973923054,Tap Away,976005125,Kitty Cat Tap,976093307,kitty,BROAD,USD,ACTIVE,0,0,0,0,0,0,0,0,0,3,0
"",2021-12-16,3219110,Tip Tap Cat,973923054,Tap Away,976005125,Kitty Cat Tap,976093304,kitten,BROAD,USD,ACTIVE,0,0,0,0,0,0,0,0,0,42,0
"",2024-04-03,3219111,Gaming Studio,973923062,Holiday Sale,983960464,Premium Users,983951570,game,BROAD,USD,ACTIVE,3,1,1,0,0,1,1,1,1,28,11.1
"",2022-01-15,3162550,Joseph Markiewicz,973923055,Summer Special,983960448,High Value,983951524,music,EXACT,USD,ACTIVE,1,1,1,0,0,1,1,1,1,12,2.39
"",2021-12-10,3219110,Tip Tap Cat,973923054,Tap Away,976005125,Kitty Cat Tap,976093304,kitten,BROAD,USD,ACTIVE,1,0,0,0,0,0,0,0,0,39,0.57
"",2022-01-25,3219110,Tip Tap Cat,973923054,Tap Away,976005125,Kitty Cat Tap,976093307,kitty,BROAD,USD,ACTIVE,18,1,1,0,0,1,1,1,1,171,4.05
"",2022-01-24,3219110,Tip Tap Cat,973923058,Holiday Sale,983960456,Retargeting,983951547,simulation,BROAD,USD,PAUSED,14,7,7,0,0,7,7,7,7,132,7.1
"",2024-03-12,3162550,Joseph Markiewicz,973923056,Holiday Sale,983960451,Retargeting,983951532,adventure,EXACT,USD,ACTIVE,6,0,0,0,0,0,0,0,0,143,14.62
"",2025-12-03,3219111,Gaming Studio,973923062,Holiday Sale,983960464,Premium Users,983951570,game,BROAD,USD,ACTIVE,3,0,0,0,0,0,0,0,0,31,8.28
"",2022-08-02,3219110,Tip Tap Cat,973923060,User Acquisition,983960459,New Users,983951556,puzzle,EXACT,USD,PAUSED,9,2,2,0,0,2,2,2,2,89,15.26
"",2022-07-14,3219110,Tip Tap Cat,973923054,Tap Away,976005125,Kitty Cat Tap,983951503,arcade,BROAD,USD,PAUSED,2,0,0,0,0,0,0,0,0,32,11.92
"",2025-12-22,3219110,Tip Tap Cat,973923054,Tap Away,983960442,Bored Ad Group,983951499,photo,EXACT,USD,PAUSED,7,1,1,0,0,1,1,1,1,71,1.65
"",2023-07-26,3219111,Gaming Studio,973923062,Holiday Sale,983960464,Premium Users,983951567,download,EXACT,USD,ACTIVE,12,3,3,0,0,3,3,3,3,142,4.4
"",2024-10-09,3219110,Tip Tap Cat,973923054,Tap Away,983960443,Retargeting,983951508,family,EXACT,USD,PAUSED,22,9,9,0,0,9,9,9,9,191,5.7
"",2023-08-08,3219110,Tip Tap Cat,973923054,Tap Away,976005125,Kitty Cat Tap,983951496,strategy,BROAD,USD,ACTIVE,2,0,0,0,0,0,0,0,0,118,10.24
"",2023-04-30,3219111,Gaming Studio,973923061,New Feature,983960461,Retargeting,983951560,puzzle,BROAD,USD,PAUSED,1,0,0,0,0,0,0,0,0,19,13.9
"",2022-06-15,3219111,Gaming Studio,973923063,Summer Special,983960466,Premium Users,983951575,family,BROAD,USD,ACTIVE,14,6,6,0,0,6,6,6,6,190,8.1
"",2025-02-03,3219110,Tip Tap Cat,973923054,Tap Away,976005125,Kitty Cat Tap,976093313,tip cat,BROAD,USD,ACTIVE,11,5,5,0,0,5,5,5,5,187,6.08
"",2024-05-10,3219110,Tip Tap Cat,973923054,Tap Away,983960444,Retargeting,983951511,racing,EXACT,USD,ACTIVE,16,3,3,0,0,3,3,3,3,126,13.05
"",2024-09-08,3219111,Gaming Studio,973923063,Summer Special,983960466,Premium Users,983951573,puzzle,EXACT,USD,ACTIVE,10,1,1,0,0,1,1,1,1,194,10.38
"",2023-12-04,3219110,Tip Tap Cat,973923054,Tap Away,976005125,Kitty Cat Tap,983951496,strategy,BROAD,USD,ACTIVE,23,7,7,0,0,7,7,7,7,199,1.98
"",2023-06-23,3162550,Joseph Markiewicz,973923056,Holiday Sale,983960452,Premium Users,983951536,free,BROAD,USD,ACTIVE,5,0,0,0,0,0,0,0,0,65,18.6
"",2022-09-30,3219110,Tip Tap Cat,973923057,Holiday Sale,983960454,Retargeting,983951540,strategy,EXACT,USD,ACTIVE,7,2,2,0,0,2,2,2,2,47,6.83
"",2021-12-16,3219110,Tip Tap Cat,973923054,Tap Away,976005125,Kitty Cat Tap,976093312,games for cats,BROAD,USD,ACTIVE,1,0,0,0,0,0,0,0,0,31,1.43
"",2023-02-03,3219111,Gaming Studio,973923061,New Feature,983960463,Budget Segment,983951564,app,EXACT,USD,PAUSED,5,1,1,0,0,1,1,1,1,113,3.79
"",2024-08-29,3219110,Tip Tap Cat,973923054,Tap Away,976005125,Kitty Cat Tap,976093309,cat games for cats,BROAD,USD,ACTIVE,13,0,0,0,0,0,0,0,0,112,18.12
"",2022-07-02,3219110,Tip Tap Cat,973923054,Tap Away,983960442,Bored Ad Group,983951491,im bored,BROAD,USD,ACTIVE,33,2,2,0,0,2,2,2,2,269,18.32
"",2021-12-19,3219110,Tip Tap Cat,973923054,Tap Away,976005125,Kitty Cat Tap,976093307,kitty,BROAD,USD,ACTIVE,0,0,0,0,0,0,0,0,0,7,0
"",2025-12-18,3219111,Gaming Studio,973923061,New Feature,983960461,Retargeting,983951560,puzzle,BROAD,USD,PAUSED,4,0,0,0,0,0,0,0,0,53,13.47
"",2023-11-24,3162550,Joseph Markiewicz,973923056,Holiday Sale,983960451,Retargeting,983951531,strategy,BROAD,USD,PAUSED,4,1,1,0,0,1,1,1,1,44,9.48
"",2021-12-14,3219110,Tip Tap Cat,973923054,Tap Away,976005125,Kitty Cat Tap,976093305,pet cat,BROAD,USD,ACTIVE,0,0,0,0,0,0,0,0,0,20,0
"",2022-04-10,3219110,Tip Tap Cat,973923057,Holiday Sale,983960453,High Value,983951539,strategy,BROAD,USD,PAUSED,5,0,0,0,0,0,0,0,0,76,3.99
"",2021-12-20,3219110,Tip Tap Cat,973923054,Tap Away,976005125,Kitty Cat Tap,976093304,kitten,BROAD,USD,ACTIVE,1,0,0,0,0,0,0,0,0,12,0.13
"",2023-09-15,3219110,Tip Tap Cat,973923057,Holiday Sale,983960453,High Value,983951539,strategy,BROAD,USD,PAUSED,12,2,2,0,0,2,2,2,2,100,11.99
"",2024-05-19,3219111,Gaming Studio,973923063,Summer Special,983960467,Premium Users,983951578,racing,EXACT,USD,ACTIVE,14,4,4,0,0,4,4,4,4,115,6.8
"",2022-01-22,3219110,Tip Tap Cat,973923054,Tap Away,983960442,Bored Ad Group,983951490,dumb games,BROAD,USD,ACTIVE,3,1,1,0,0,1,1,1,1,97,9.37
"",2023-10-06,3162550,Joseph Markiewicz,973923055,Summer Special,983960448,High Value,983951524,music,EXACT,USD,ACTIVE,4,2,2,0,0,2,2,2,2,38,2.04
"",2021-12-14,3219110,Tip Tap Cat,973923054,Tap Away,976005125,Kitty Cat Tap,976093309,cat games for cats,BROAD,USD,ACTIVE,0,0,0,0,0,0,0,0,0,1,0
"",2021-12-15,3219110,Tip Tap Cat,973923054,Tap Away,976005125,Kitty Cat Tap,976093311,cat game,BROAD,USD,ACTIVE,0,0,0,0,0,0,0,0,0,1,0
"",2021-12-18,3219110,Tip Tap Cat,973923054,Tap Away,976005125,Kitty Cat Tap,976093305,pet cat,BROAD,USD,ACTIVE,0,0,0,0,0,0,0,0,0,50,0
"",2024-11-20,3219110,Tip Tap Cat,973923054,Tap Away,976005125,Kitty Cat Tap,976093313,tip cat,BROAD,USD,ACTIVE,17,2,2,0,0,2,2,2,2,138,8.89
"",2025-01-28,3219110,Tip Tap Cat,973923057,Holiday Sale,983960454,Retargeting,983951541,fun,BROAD,USD,ACTIVE,3,0,0,0,0,0,0,0,0,75,16.51
"",2025-06-11,3162550,Joseph Markiewicz,973923056,Holiday Sale,983960451,Retargeting,983951531,strategy,BROAD,USD,PAUSED,13,3,3,0,0,3,3,3,3,117,9.47
"",2021-12-18,3219110,Tip Tap Cat,973923054,Tap Away,976005125,Kitty Cat Tap,976093311,cat game,BROAD,USD,ACTIVE,0,0,0,0,0,0,0,0,0,1,0
"",2024-09-02,3219110,Tip Tap Cat,973923054,Tap Away,976005125,Kitty Cat Tap,983951497,play,BROAD,USD,PAUSED,13,5,5,0,0,5,5,5,5,100,12.32
"",2024-07-12,3219110,Tip Tap Cat,973923058,Holiday Sale,983960456,Retargeting,983951547,simulation,BROAD,USD,PAUSED,4,2,2,0,0,2,2,2,2,69,10.26
"",2022-10-17,3219110,Tip Tap Cat,973923054,Tap Away,976005125,Kitty Cat Tap,976093311,cat game,BROAD,USD,ACTIVE,4,0,0,0,0,0,0,0,0,47,14.33
"",2021-12-12,3219110,Tip Tap Cat,973923054,Tap Away,976005125,Kitty Cat Tap,976093307,kitty,BROAD,USD,ACTIVE,0,0,0,0,0,0,0,0,0,6,0
"",2022-10-16,3219110,Tip Tap Cat,973923054,Tap Away,983960446,Premium Users,983951518,casual,EXACT,USD,ACTIVE,13,2,2,0,0,2,2,2,2,178,16.42
"",2025-12-12,3219110,Tip Tap Cat,973923054,Tap Away,976005125,Kitty Cat Tap,976093312,games for cats,BROAD,USD,ACTIVE,8,4,4,0,0,4,4,4,4,88,9.22
"",2021-12-13,3219110,Tip Tap Cat,973923054,Tap Away,976005125,Kitty Cat Tap,976093311,cat game,BROAD,USD,ACTIVE,1,0,0,0,0,0,0,0,0,11,1
"",2022-06-08,3219110,Tip Tap Cat,973923054,Tap Away,983960445,Budget Segment,983951513,music,BROAD,USD,ACTIVE,4,1,1,0,0,1,1,1,1,37,10.55
"",2025-07-29,3219110,Tip Tap Cat,973923054,Tap Away,983960442,Bored Ad Group,983951500,app,EXACT,USD,PAUSED,1,0,0,0,0,0,0,0,0,42,8.58
"",2022-01-11,3219110,Tip Tap Cat,973923054,Tap Away,976005125,Kitty Cat Tap,976093305,pet cat,BROAD,USD,ACTIVE,3,1,1,0,0,1,1,1,1,26,7.54
"",2024-09-04,3219110,Tip Tap Cat,973923057,Holiday Sale,983960454,Retargeting,983951541,fun,BROAD,USD,ACTIVE,7,0,0,0,0,0,0,0,0,97,2.14
"",2023-08-11,3219110,Tip Tap Cat,973923054,Tap Away,983960446,Premium Users,983951518,casual,EXACT,USD,ACTIVE,19,5,5,0,0,5,5,5,5,145,17.68
"",2022-12-22,3219110,Tip Tap Cat,973923054,Tap Away,983960444,Retargeting,983951512,kids,BROAD,USD,PAUSED,2,1,1,0,0,1,1,1,1,14,7.66
"",2024-04-12,3219110,Tip Tap Cat,973923058,Holiday Sale,983960456,Retargeting,983951546,play,EXACT,USD,ACTIVE,17,5,5,0,0,5,5,5,5,114,16.55
"",2024-04-12,3219111,Gaming Studio,973923062,Holiday Sale,983960464,Premium Users,983951567,download,EXACT,USD,ACTIVE,2,0,0,0,0,0,0,0,0,63,5.61
"",2022-01-04,3219110,Tip Tap Cat,973923060,User Acquisition,983960460,Retargeting,983951558,arcade,BROAD,USD,PAUSED,1,0,0,0,0,0,0,0,0,107,17.25
"",2023-12-26,3219111,Gaming Studio,973923063,Summer Special,983960466,Premium Users,983951576,music,BROAD,USD,ACTIVE,10,2,2,0,0,2,2,2,2,198,12.13
"",2021-12-16,3219110,Tip Tap Cat,973923054,Tap Away,976005125,Kitty Cat Tap,976093310,tap tap,BROAD,USD,ACTIVE,1,0,0,0,0,0,0,0,0,49,0.97
"",2023-10-02,3219111,Gaming Studio,973923063,Summer Special,983960467,Premium Users,983951578,racing,EXACT,USD,ACTIVE,4,1,1,0,0,1,1,1,1,50,10.18
"",2025-12-24,3162550,Joseph Markiewicz,973923055,Summer Special,983960449,High Value,983951527,play,EXACT,USD,ACTIVE,3,0,0,0,0,0,0,0,0,66,14.73
"",2022-11-06,3219110,Tip Tap Cat,973923054,Tap Away,983960442,Bored Ad Group,983951493,time wasters,BROAD,USD,ACTIVE,1,1,1,0,0,1,1,1,1,43,16.13
"",2022-08-28,3219110,Tip Tap Cat,973923054,Tap Away,976005125,Kitty Cat Tap,976093305,pet cat,BROAD,USD,ACTIVE,22,4,4,0,0,4,4,4,4,174,1.21
"",2025-07-22,3219111,Gaming Studio,973923061,New Feature,983960461,Retargeting,983951559,action,BROAD,USD,ACTIVE,22,0,0,0,0,0,0,0,0,182,8.77
"",2023-06-15,3219111,Gaming Studio,973923063,Summer Special,983960465,Retargeting,983951571,kids,BROAD,USD,PAUSED,8,0,0,0,0,0,0,0,0,169,7.82
"",2024-12-27,3162550,Joseph Markiewicz,973923056,Holiday Sale,983960451,Retargeting,983951533,music,EXACT,USD,ACTIVE,5,2,2,0,0,2,2,2,2,51,15.76
"",2022-12-15,3162550,Joseph Markiewicz,973923055,Summer Special,983960448,High Value,983951525,family,BROAD,USD,PAUSED,7,3,3,0,0,3,3,3,3,73,9.3
"",2022-04-22,3219110,Tip Tap Cat,973923054,Tap Away,983960442,Bored Ad Group,983951491,im bored,BROAD,USD,ACTIVE,2,0,0,0,0,0,0,0,0,29,14.8
"",2023-09-09,3219110,Tip Tap Cat,973923054,Tap Away,976005125,Kitty Cat Tap,976093307,kitty,BROAD,USD,ACTIVE,1,0,0,0,0,0,0,0,0,115,12.01
"",2025-01-16,3219111,Gaming Studio,973923061,New Feature,983960463,Budget Segment,983951563,game,BROAD,USD,PAUSED,6,2,2,0,0,2,2,2,2,60,9.71
"",2022-10-27,3219110,Tip Tap Cat,973923058,Holiday Sale,983960456,Retargeting,983951546,play,EXACT,USD,ACTIVE,4,1,1,0,0,1,1,1,1,157,17.99
"",2023-10-20,3219110,Tip Tap Cat,973923054,Tap Away,983960446,Premium Users,983951517,kids,EXACT,USD,PAUSED,1,0,0,0,0,0,0,0,0,113,19.98
"",2021-12-04,3219110,Tip Tap Cat,973923054,Tap Away,983960442,Bored Ad Group,983951498,education,BROAD,USD,ACTIVE,3,1,1,0,0,1,1,1,1,77,5.13
"",2021-12-13,3219110,Tip Tap Cat,973923054,Tap Away,976005125,Kitty Cat Tap,976093306,kitty games,BROAD,USD,ACTIVE,0,0,0,0,0,0,0,0,0,28,0
"",2024-07-24,3219111,Gaming Studio,973923061,New Feature,983960462,Retargeting,983951562,strategy,BROAD,USD,ACTIVE,1,1,1,0,0,1,1,1,1,52,10.02
"",2024-03-25,3219110,Tip Tap Cat,973923054,Tap Away,976005125,Kitty Cat Tap,983951504,game,BROAD,USD,ACTIVE,10,1,1,0,0,1,1,1,1,114,11.6
"",2021-12-18,3219110,Tip Tap Cat,973923054,Tap Away,976005125,Kitty Cat Tap,976093304,kitten,BROAD,USD,ACTIVE,0,0,0,0,0,0,0,0,0,35,0
"",2022-12-04,3219111,Gaming Studio,973923063,Summer Special,983960466,Premium Users,983951574,photo,EXACT,USD,ACTIVE,2,0,0,0,0,0,0,0,0,186,12.43
"",2021-12-13,3162550,Joseph Markiewicz,973923055,Summer Special,983960449,High Value,983951527,play,EXACT,USD,ACTIVE,2,0,0,0,0,0,0,0,0,75,2.71
"",2024-04-21,3219110,Tip Tap Cat,973923060,User Acquisition,983960459,New Users,983951553,education,BROAD,USD,ACTIVE,13,2,2,0,0,2,2,2,2,153,17.97
"",2025-02-27,3219110,Tip Tap Cat,973923054,Tap Away,983960442,Bored Ad Group,983951493,time wasters,BROAD,USD,ACTIVE,9,2,2,0,0,2,2,2,2,101,16.33
"",2021-12-08,3219110,Tip Tap Cat,973923054,Tap Away,976005125,Kitty Cat Tap,976093313,tip cat,BROAD,USD,ACTIVE,13,3,3,0,0,3,3,3,3,191,17.1
"",2022-09-26,3219110,Tip Tap Cat,973923054,Tap Away,976005125,Kitty Cat Tap,976093309,cat games for cats,BROAD,USD,ACTIVE,20,0,0,0,0,0,0,0,0,148,6.97
"",2022-04-13,3219111,Gaming Studio,973923062,Holiday Sale,983960464,Premium Users,983951567,download,EXACT,USD,ACTIVE,4,0,0,0,0,0,0,0,0,32,12.65
"",2024-05-01,3219110,Tip Tap Cat,973923054,Tap Away,976005125,Kitty Cat Tap,976093310,tap tap,BROAD,USD,ACTIVE,27,10,10,0,0,10,10,10,10,193,15.88
"",2022-08-15,3219110,Tip Tap Cat,973923057,Holiday Sale,983960455,Premium Users,983951544,arcade,BROAD,USD,PAUSED,12,3,3,0,0,3,3,3,3,129,10.06
"",2023-12-26,3219110,Tip Tap Cat,973923054,Tap Away,983960442,Bored Ad Group,983951493,time wasters,BROAD,USD,ACTIVE,11,2,2,0,0,2,2,2,2,137,12.08
"",2022-03-01,3219110,Tip Tap Cat,973923058,Holiday Sale,983960456,Retargeting,983951546,play,EXACT,USD,ACTIVE,6,3,3,0,0,3,3,3,3,52,13.7
"",2022-12-16,3162550,Joseph Markiewicz,973923056,Holiday Sale,983960451,Retargeting,983951533,music,EXACT,USD,ACTIVE,3,1,1,0,0,1,1,1,1,36,2.73
"",2023-06-02,3219110,Tip Tap Cat,973923057,Holiday Sale,983960455,Premium Users,983951543,puzzle,EXACT,USD,ACTIVE,5,0,0,0,0,0,0,0,0,182,13.3
"",2022-01-07,3219110,Tip Tap Cat,973923054,Tap Away,976005125,Kitty Cat Tap,976093305,pet cat,BROAD,USD,ACTIVE,12,0,0,0,0,0,0,0,0,93,2.4
"",2023-06-14,3219110,Tip Tap Cat,973923054,Tap Away,983960445,Budget Segment,983951515,adventure,EXACT,USD,PAUSED,2,0,0,0,0,0,0,0,0,142,6.57
"",2022-10-01,3219110,Tip Tap Cat,973923054,Tap Away,983960445,Budget Segment,983951513,music,BROAD,USD,ACTIVE,8,3,3,0,0,3,3,3,3,173,10.66
"",2021-12-11,3219110,Tip Tap Cat,973923054,Tap Away,976005125,Kitty Cat Tap,976093308,cat,BROAD,USD,ACTIVE,1,1,1,0,0,1,1,1,1,35,1.39
"",2022-12-07,3219111,Gaming Studio,973923063,Summer Special,983960467,Premium Users,983951577,simulation,BROAD,USD,ACTIVE,3,0,0,0,0,0,0,0,0,27,8.48
"",2024-11-29,3219110,Tip Tap Cat,973923054,Tap Away,983960442,Bored Ad Group,983951492,relax games,BROAD,USD,ACTIVE,7,0,0,0,0,0,0,0,0,71,11.51
"",2024-05-23,3162550,Joseph Markiewicz,973923056,Holiday Sale,983960451,Retargeting,983951534,game,EXACT,USD,PAUSED,7,0,0,0,0,0,0,0,0,72,1.53
"",2021-12-26,3162550,Joseph Markiewicz,973923055,Summer Special,983960448,High Value,983951525,family,BROAD,USD,PAUSED,3,0,0,0,0,0,0,0,0,59,8.18
"",2024-02-24,3162550,Joseph Markiewicz,973923055,Summer Special,983960449,High Value,983951526,family,BROAD,USD,ACTIVE,6,1,1,0,0,1,1,1,1,63,11.25
"",2024-06-14,3219110,Tip Tap Cat,973923054,Tap Away,983960446,Premium Users,983951517,kids,EXACT,USD,PAUSED,6,2,2,0,0,2,2,2,2,136,7.99
"",2023-11-07,3219111,Gaming Studio,973923061,New Feature,983960462,Retargeting,983951561,download,EXACT,USD,ACTIVE,10,2,2,0,0,2,2,2,2,95,14.92
"",2022-07-22,3162550,Joseph Markiewicz,973923055,Summer Special,983960448,High Value,983951524,music,EXACT,USD,ACTIVE,21,4,4,0,0,4,4,4,4,173,6.83
"",2021-12-10,3219110,Tip Tap Cat,973923054,Tap Away,983960445,Budget Segment,983951513,music,BROAD,USD,ACTIVE,15,6,6,0,0,6,6,6,6,195,12.46
"",2022-11-17,3219110,Tip Tap Cat,973923060,User Acquisition,983960459,New Users,983951556,puzzle,EXACT,USD,PAUSED,17,8,8,0,0,8,8,8,8,141,11.62
"",2022-04-01,3219110,Tip Tap Cat,973923054,Tap Away,976005125,Kitty Cat Tap,976093311,cat game,BROAD,USD,ACTIVE,14,5,5,0,0,5,5,5,5,130,4.18
"",2025-08-08,3219110,Tip Tap Cat,973923054,Tap Away,983960445,Budget Segment,983951514,kids,EXACT,USD,ACTIVE,11,0,0,0,0,0,0,0,0,121,17.04
"",2022-11-13,3219111,Gaming Studio,973923061,New Feature,983960462,Retargeting,983951561,download,EXACT,USD,ACTIVE,10,2,2,0,0,2,2,2,2,73,5.49
"",2024-10-30,3219110,Tip Tap Cat,973923054,Tap Away,976005125,Kitty Cat Tap,983951502,sports,EXACT,USD,PAUSED,10,1,1,0,0,1,1,1,1,69,5.23
"",2023-05-03,3219111,Gaming Studio,973923063,Summer Special,983960467,Premium Users,983951578,racing,EXACT,USD,ACTIVE,8,2,2,0,0,2,2,2,2,64,10.98
"",2024-12-18,3162550,Joseph Markiewicz,973923055,Summer Special,983960448,High Value,983951525,family,BROAD,USD,PAUSED,3,0,0,0,0,0,0,0,0,24,1.35
"",2024-02-19,3219110,Tip Tap Cat,973923054,Tap Away,983960442,Bored Ad Group,983951505,puzzle,EXACT,USD,PAUSED,12,1,1,0,0,1,1,1,1,159,14.13
"",2023-04-21,3219111,Gaming Studio,973923063,Summer Special,983960466,Premium Users,983951574,photo,EXACT,USD,ACTIVE,13,6,6,0,0,6,6,6,6,179,13.6
"",2025-01-18,3162550,Joseph Markiewicz,973923056,Holiday Sale,983960451,Retargeting,983951534,game,EXACT,USD,PAUSED,6,0,0,0,0,0,0,0,0,175,8.91
"",2022-06-26,3219110,Tip Tap Cat,973923057,Holiday Sale,983960453,High Value,983951539,strategy,BROAD,USD,PAUSED,13,6,6,0,0,6,6,6,6,145,7.31
"",2025-09-20,3219110,Tip Tap Cat,973923054,Tap Away,983960442,Bored Ad Group,983951491,im bored,BROAD,USD,ACTIVE,7,1,1,0,0,1,1,1,1,155,5.39
"",2023-10-13,3219110,Tip Tap Cat,973923054,Tap Away,976005125,Kitty Cat Tap,976093307,kitty,BROAD,USD,ACTIVE,2,1,1,0,0,1,1,1,1,29,12.71
"",2023-02-05,3219111,Gaming Studio,973923061,New Feature,983960463,Budget Segment,983951564,app,EXACT,USD,PAUSED,23,3,3,0,0,3,3,3,3,189,9.11
"",2023-05-16,3219110,Tip Tap Cat,973923054,Tap Away,983960442,Bored Ad Group,983951500,app,EXACT,USD,PAUSED,6,1,1,0,0,1,1,1,1,119,16.99
"",2025-08-29,3219111,Gaming Studio,973923063,Summer Special,983960466,Premium Users,983951575,family,BROAD,USD,ACTIVE,5,2,2,0,0,2,2,2,2,55,13.2
"",2023-10-17,3219111,Gaming Studio,973923063,Summer Special,983960466,Premium Users,983951573,puzzle,EXACT,USD,ACTIVE,3,1,1,0,0,1,1,1,1,128,8.21
"",2025-09-03,3162550,Joseph Markiewicz,973923055,Summer Special,983960449,High Value,983951526,family,BROAD,USD,ACTIVE,2,0,0,0,0,0,0,0,0,34,17.3
"",2024-03-15,3219110,Tip Tap Cat,973923054,Tap Away,983960447,Retargeting,983951520,fun,BROAD,USD,ACTIVE,6,0,0,0,0,0,0,0,0,176,13.27
"",2022-03-04,3162550,Joseph Markiewicz,973923055,Summer Special,983960448,High Value,983951525,family,BROAD,USD,PAUSED,5,1,1,0,0,1,1,1,1,153,8.87
"",2023-01-07,3219111,Gaming Studio,973923062,Holiday Sale,983960464,Premium Users,983951567,download,EXACT,USD,ACTIVE,9,2,2,0,0,2,2,2,2,150,9.1
"",2024-01-17,3219110,Tip Tap Cat,973923054,Tap Away,976005125,Kitty Cat Tap,976093312,games for cats,BROAD,USD,ACTIVE,4,0,0,0,0,0,0,0,0,31,10.59
"",2024-11-12,3219110,Tip Tap Cat,973923054,Tap Away,983960442,Bored Ad Group,983951494,bored,BROAD,USD,ACTIVE,1,0,0,0,0,0,0,0,0,24,10.95
"",2021-12-14,3219110,Tip Tap Cat,973923054,Tap Away,976005125,Kitty Cat Tap,976093307,kitty,BROAD,USD,ACTIVE,0,0,0,0,0,0,0,0,0,8,0
"",2023-10-22,3219110,Tip Tap Cat,973923054,Tap Away,983960446,Premium Users,983951517,kids,EXACT,USD,PAUSED,9,3,3,0,0,3,3,3,3,121,14.44
"",2023-11-07,3219110,Tip Tap Cat,973923054,Tap Away,976005125,Kitty Cat Tap,976093305,pet cat,BROAD,USD,ACTIVE,24,5,5,0,0,5,5,5,5,198,6.37
"",2022-07-29,3219111,Gaming Studio,973923063,Summer Special,983960466,Premium Users,983951573,puzzle,EXACT,USD,ACTIVE,4,2,2,0,0,2,2,2,2,27,1.76
"",2022-02-10,3219111,Gaming Studio,973923063,Summer Special,983960466,Premium Users,983951574,photo,EXACT,USD,ACTIVE,23,1,1,0,0,1,1,1,1,198,3.65
"",2023-10-28,3219111,Gaming Studio,973923063,Summer Special,983960465,Retargeting,983951571,kids,BROAD,USD,PAUSED,1,0,0,0,0,0,0,0,0,52,5.32
"",2024-07-05,3219110,Tip Tap Cat,973923054,Tap Away,983960442,Bored Ad Group,983951505,puzzle,EXACT,USD,PAUSED,20,0,0,0,0,0,0,0,0,199,15.09
"",2025-05-23,3219110,Tip Tap Cat,973923054,Tap Away,976005125,Kitty Cat Tap,976093307,kitty,BROAD,USD,ACTIVE,25,5,5,0,0,5,5,5,5,177,16.28
"",2022-12-02,3219110,Tip Tap Cat,973923054,Tap Away,983960442,Bored Ad Group,983951491,im bored,BROAD,USD,ACTIVE,5,0,0,0,0,0,0,0,0,55,18.87
"",2021-12-14,3219110,Tip Tap Cat,973923054,Tap Away,976005125,Kitty Cat Tap,976093310,tap tap,BROAD,USD,ACTIVE,1,1,1,0,0,1,1,1,1,29,0.38
"",2023-09-06,3219111,Gaming Studio,973923063,Summer Special,983960465,Retargeting,983951571,kids,BROAD,USD,PAUSED,1,1,1,0,0,1,1,1,1,16,14
"",2022-08-07,3162550,Joseph Markiewicz,973923056,Holiday Sale,983960451,Retargeting,983951532,adventure,EXACT,USD,ACTIVE,14,3,3,0,0,3,3,3,3,141,10.11
"",2023-11-11,3162550,Joseph Markiewicz,973923056,Holiday Sale,983960450,Premium Users,983951530,game,BROAD,USD,ACTIVE,16,4,4,0,0,4,4,4,4,130,13.46
"",2021-12-16,3219110,Tip Tap Cat,973923054,Tap Away,976005125,Kitty Cat Tap,976093309,cat games for cats,BROAD,USD,ACTIVE,0,0,0,0,0,0,0,0,0,49,0
"",2021-12-10,3219110,Tip Tap Cat,973923054,Tap Away,976005125,Kitty Cat Tap,976093309,cat games for cats,BROAD,USD,ACTIVE,1,0,0,0,0,0,0,0,0,23,0.77
"",2022-07-28,3219111,Gaming Studio,973923061,New Feature,983960462,Retargeting,983951561,download,EXACT,USD,ACTIVE,1,1,1,0,0,1,1,1,1,39,8.9
"",2025-03-29,3219110,Tip Tap Cat,973923054,Tap Away,983960444,Retargeting,983951511,racing,EXACT,USD,ACTIVE,2,1,1,0,0,1,1,1,1,163,12.32
"",2023-02-19,3162550,Joseph Markiewicz,973923056,Holiday Sale,983960450,Premium Users,983951530,game,BROAD,USD,ACTIVE,9,1,1,0,0,1,1,1,1,188,5.95
"",2022-03-01,3219110,Tip Tap Cat,973923054,Tap Away,983960443,Retargeting,983951510,fun,BROAD,USD,ACTIVE,4,2,2,0,0,2,2,2,2,35,15.49
"",2023-09-11,3219111,Gaming Studio,973923062,Holiday Sale,983960464,Premium Users,983951569,adventure,BROAD,USD,PAUSED,8,3,3,0,0,3,3,3,3,162,16.96
"",2025-03-07,3162550,Joseph Markiewicz,973923056,Holiday Sale,983960451,Retargeting,983951533,music,EXACT,USD,ACTIVE,14,0,0,0,0,0,0,0,0,115,2.93
"",2023-08-19,3219110,Tip Tap Cat,973923054,Tap Away,976005125,Kitty Cat Tap,976093307,kitty,BROAD,USD,ACTIVE,6,2,2,0,0,2,2,2,2,50,9.21
"",2022-11-14,3219110,Tip Tap Cat,973923054,Tap Away,976005125,Kitty Cat Tap,976093304,kitten,BROAD,USD,ACTIVE,1,0,0,0,0,0,0,0,0,71,14.24
"",2021-12-12,3219110,Tip Tap Cat,973923054,Tap Away,976005125,Kitty Cat Tap,976093312,games for cats,BROAD,USD,ACTIVE,0,0,0,0,0,0,0,0,0,6,0
"",2025-12-01,3219111,Gaming Studio,973923061,New Feature,983960461,Retargeting,983951560,puzzle,BROAD,USD,PAUSED,6,0,0,0,0,0,0,0,0,89,19.69
"",2024-12-10,3219111,Gaming Studio,973923061,New Feature,983960463,Budget Segment,983951565,play,EXACT,USD,PAUSED,11,1,1,0,0,1,1,1,1,94,12.91
"",2025-06-19,3162550,Joseph Markiewicz,973923055,Summer Special,983960449,High Value,983951528,education,BROAD,USD,PAUSED,14,4,4,0,0,4,4,4,4,112,8.45
"",2022-12-24,3162550,Joseph Markiewicz,973923055,Summer Special,983960448,High Value,983951522,fun,EXACT,USD,ACTIVE,23,3,3,0,0,3,3,3,3,183,17.77
"",2022-09-15,3219110,Tip Tap Cat,973923059,Spring Launch,983960457,High Value,983951550,action,BROAD,USD,ACTIVE,9,1,1,0,0,1,1,1,1,70,18.21
"",2025-12-25,3162550,Joseph Markiewicz,973923056,Holiday Sale,983960451,Retargeting,983951533,music,EXACT,USD,ACTIVE,14,4,4,0,0,4,4,4,4,106,7.28
"",2021-12-12,3219110,Tip Tap Cat,973923054,Tap Away,976005125,Kitty Cat Tap,976093306,kitty games,BROAD,USD,ACTIVE,0,0,0,0,0,0,0,0,0,2,0
"",2023-02-11,3219110,Tip Tap Cat,973923054,Tap Away,976005125,Kitty Cat Tap,983951504,game,BROAD,USD,ACTIVE,19,9,9,0,0,9,9,9,9,167,13.19
"",2021-12-19,3219110,Tip Tap Cat,973923054,Tap Away,983960442,Bored Ad Group,983951492,relax games,BROAD,USD,ACTIVE,0,0,0,0,0,0,0,0,0,1,0
"",2023-09-01,3162550,Joseph Markiewicz,973923055,Summer Special,983960448,High Value,983951522,fun,EXACT,USD,ACTIVE,9,1,1,0,0,1,1,1,1,104,17.37
"",2022-11-22,3219110,Tip Tap Cat,973923054,Tap Away,976005125,Kitty Cat Tap,983951495,sports,BROAD,USD,PAUSED,10,0,0,0,0,0,0,0,0,145,5.08
"",2023-10-14,3219111,Gaming Studio,973923061,New Feature,983960463,Budget Segment,983951566,free,BROAD,USD,ACTIVE,4,0,0,0,0,0,0,0,0,34,17.15
"",2021-12-14,3219110,Tip Tap Cat,973923054,Tap Away,976005125,Kitty Cat Tap,976093304,kitten,BROAD,USD,ACTIVE,0,0,0,0,0,0,0,0,0,6,0
"",2023-08-09,3219110,Tip Tap Cat,973923060,User Acquisition,983960458,New Users,983951552,kids,BROAD,USD,PAUSED,12,4,4,0,0,4,4,4,4,109,18.7
"",2023-09-06,3162550,Joseph Markiewicz,973923055,Summer Special,983960448,High Value,983951525,family,BROAD,USD,PAUSED,6,3,3,0,0,3,3,3,3,99,8.64
"",2023-03-23,3219111,Gaming Studio,973923063,Summer Special,983960466,Premium Users,983951574,photo,EXACT,USD,ACTIVE,9,1,1,0,0,1,1,1,1,64,1.55
"",2023-09-15,3219110,Tip Tap Cat,973923060,User Acquisition,983960459,New Users,983951556,puzzle,EXACT,USD,PAUSED,4,0,0,0,0,0,0,0,0,35,18.13
"",2021-12-17,3219110,Tip Tap Cat,973923054,Tap Away,976005125,Kitty Cat Tap,976093312,games for cats,BROAD,USD,ACTIVE,1,0,0,0,0,0,0,0,0,8,0.13
"",2025-09-12,3219110,Tip Tap Cat,973923057,Holiday Sale,983960454,Retargeting,983951542,photo,BROAD,USD,ACTIVE,5,2,2,0,0,2,2,2,2,116,17.95
"",2024-12-31,3219111,Gaming Studio,973923063,Summer Special,983960465,Retargeting,983951572,adventure,BROAD,USD,PAUSED,20,1,1,0,0,1,1,1,1,155,12.99
"",2025-07-07,3219110,Tip Tap Cat,973923054,Tap Away,983960442,Bored Ad Group,983951505,puzzle,EXACT,USD,PAUSED,17,6,6,0,0,6,6,6,6,184,6.74
"",2024-11-02,3219111,Gaming Studio,973923063,Summer Special,983960466,Premium Users,983951576,music,BROAD,USD,ACTIVE,8,1,1,0,0,1,1,1,1,166,10.64
"",2024-06-28,3219110,Tip Tap Cat,973923054,Tap Away,976005125,Kitty Cat Tap,976093314,tip tap cat,BROAD,USD,ACTIVE,6,3,3,0,0,3,3,3,3,149,10.77
"",2025-07-26,3219110,Tip Tap Cat,973923054,Tap Away,976005125,Kitty Cat Tap,976093314,tip tap cat,BROAD,USD,ACTIVE,15,5,5,0,0,5,5,5,5,200,9.71
"",2022-04-13,3219110,Tip Tap Cat,973923060,User Acquisition,983960458,New Users,983951551,puzzle,EXACT,USD,ACTIVE,13,2,2,0,0,2,2,2,2,164,1.84
"",2024-12-09,3219110,Tip Tap Cat,973923054,Tap Away,976005125,Kitty Cat Tap,983951503,arcade,BROAD,USD,PAUSED,3,0,0,0,0,0,0,0,0,186,5.87
"",2024-12-09,3162550,Joseph Markiewicz,973923056,Holiday Sale,983960451,Retargeting,983951533,music,EXACT,USD,ACTIVE,3,1,1,0,0,1,1,1,1,159,7.98
"",2022-07-16,3162550,Joseph Markiewicz,973923056,Holiday Sale,983960452,Premium Users,983951535,app,EXACT,USD,ACTIVE,12,3,3,0,0,3,3,3,3,137,2.9
"",2021-12-19,3219110,Tip Tap Cat,973923054,Tap Away,976005125,Kitty Cat Tap,976093310,tap tap,BROAD,USD,ACTIVE,0,0,0,0,0,0,0,0,0,57,0
"",2021-12-16,3219110,Tip Tap Cat,973923054,Tap Away,976005125,Kitty Cat Tap,976093305,pet cat,BROAD,USD,ACTIVE,1,0,0,0,0,0,0,0,0,27,0.48
"",2023-07-04,3219110,Tip Tap Cat,973923054,Tap Away,983960442,Bored Ad Group,983951505,puzzle,EXACT,USD,PAUSED,3,0,0,0,0,0,0,0,0,200,16.6
"",2024-12-27,3219110,Tip Tap Cat,973923054,Tap Away,983960442,Bored Ad Group,983951501,casual,BROAD,USD,PAUSED,13,3,3,0,0,3,3,3,3,147,13.01
"",2021-12-12,3219110,Tip Tap Cat,973923054,Tap Away,976005125,Kitty Cat Tap,976093308,cat,BROAD,USD,ACTIVE,1,1,1,0,0,1,1,1,1,16,0.12
"",2023-11-03,3219111,Gaming Studio,973923061,New Feature,983960463,Budget Segment,983951564,app,EXACT,USD,PAUSED,16,8,8,0,0,8,8,8,8,117,14.27
"",2023-11-30,3219110,Tip Tap Cat,973923059,Spring Launch,983960457,High Value,983951548,puzzle,EXACT,USD,ACTIVE,21,5,5,0,0,5,5,5,5,196,19.59
"",2022-08-24,3219110,Tip Tap Cat,973923054,Tap Away,983960447,Retargeting,983951521,action,BROAD,USD,ACTIVE,10,1,1,0,0,1,1,1,1,128,6.46
"",2024-07-06,3219110,Tip Tap Cat,973923054,Tap Away,983960442,Bored Ad Group,983951493,time wasters,BROAD,USD,ACTIVE,5,2,2,0,0,2,2,2,2,115,16.31
"",2024-03-27,3219111,Gaming Studio,973923061,New Feature,983960461,Retargeting,983951559,action,BROAD,USD,ACTIVE,3,0,0,0,0,0,0,0,0,44,8.41
"",2023-06-17,3219110,Tip Tap Cat,973923054,Tap Away,976005125,Kitty Cat Tap,983951502,sports,EXACT,USD,PAUSED,8,1,1,0,0,1,1,1,1,151,14.9
"",2024-08-29,3219110,Tip Tap Cat,973923060,User Acquisition,983960459,New Users,983951553,education,BROAD,USD,ACTIVE,19,9,9,0,0,9,9,9,9,146,5.25
"",2022-11-16,3219110,Tip Tap Cat,973923054,Tap Away,983960444,Retargeting,983951512,kids,BROAD,USD,PAUSED,3,0,0,0,0,0,0,0,0,31,10.78
"",2024-01-17,3219110,Tip Tap Cat,973923054,Tap Away,983960442,Bored Ad Group,983951499,photo,EXACT,USD,PAUSED,3,1,1,0,0,1,1,1,1,45,10.13
"",2022-08-14,3162550,Joseph Markiewicz,973923056,Holiday Sale,983960450,Premium Users,983951530,game,BROAD,USD,ACTIVE,7,3,3,0,0,3,3,3,3,75,8.24
"",2021-12-12,3219110,Tip Tap Cat,973923054,Tap Away,976005125,Kitty Cat Tap,976093304,kitten,BROAD,USD,ACTIVE,0,0,0,0,0,0,0,0,0,18,0
"",2025-01-25,3219110,Tip Tap Cat,973923060,User Acquisition,983960459,New Users,983951555,music,BROAD,USD,ACTIVE,9,3,3,0,0,3,3,3,3,118,17.28
"",2022-10-30,3219110,Tip Tap Cat,973923054,Tap Away,983960443,Retargeting,983951507,action,BROAD,USD,ACTIVE,18,3,3,0,0,3,3,3,3,190,9.23
"",2025-06-18,3219111,Gaming Studio,973923061,New Feature,983960461,Retargeting,983951559,action,BROAD,USD,ACTIVE,16,5,5,0,0,5,5,5,5,144,10.22
"",2023-03-05,3219111,Gaming Studio,973923062,Holiday Sale,983960464,Premium Users,983951567,download,EXACT,USD,ACTIVE,1,1,1,0,0,1,1,1,1,18,17.85
"",2023-05-14,3219110,Tip Tap Cat,973923054,Tap Away,976005125,Kitty Cat Tap,976093308,cat,BROAD,USD,ACTIVE,12,6,6,0,0,6,6,6,6,139,13.6
"",2021-12-12,3219110,Tip Tap Cat,973923054,Tap Away,976005125,Kitty Cat Tap,976093311,cat game,BROAD,USD,ACTIVE,1,0,0,0,0,0,0,0,0,5,1.39
"",2024-11-27,3219110,Tip Tap Cat,973923060,User Acquisition,983960460,Retargeting,983951557,download,EXACT,USD,ACTIVE,13,3,3,0,0,3,3,3,3,169,8.11
"",2021-12-18,3219110,Tip Tap Cat,973923054,Tap Away,976005125,Kitty Cat Tap,976093310,tap tap,BROAD,USD,ACTIVE,0,0,0,0,0,0,0,0,0,38,0
"",2022-01-19,3219110,Tip Tap Cat,973923060,User Acquisition,983960459,New Users,983951553,education,BROAD,USD,ACTIVE,11,1,1,0,0,1,1,1,1,143,1.06
"",2025-01-29,3219111,Gaming Studio,973923063,Summer Special,983960467,Premium Users,983951577,simulation,BROAD,USD,ACTIVE,5,0,0,0,0,0,0,0,0,49,6.33
"",2022-05-09,3219110,Tip Tap Cat,973923054,Tap Away,983960442,Bored Ad Group,983951499,photo,EXACT,USD,PAUSED,4,1,1,0,0,1,1,1,1,92,2.82
"",2023-12-22,3219110,Tip Tap Cat,973923058,Holiday Sale,983960456,Retargeting,983951545,simulation,BROAD,USD,ACTIVE,5,1,1,0,0,1,1,1,1,77,5.61
"",2022-07-03,3219110,Tip Tap Cat,973923054,Tap Away,976005125,Kitty Cat Tap,976093311,cat game,BROAD,USD,ACTIVE,3,0,0,0,0,0,0,0,0,175,3.98
"",2023-09-11,3162550,Joseph Markiewicz,973923056,Holiday Sale,983960451,Retargeting,983951533,music,EXACT,USD,ACTIVE,15,2,2,0,0,2,2,2,2,180,16.98
"",2022-12-04,3219110,Tip Tap Cat,973923057,Holiday Sale,983960455,Premium Users,983951543,puzzle,EXACT,USD,ACTIVE,16,3,3,0,0,3,3,3,3,111,3.27
"",2025-05-08,3219110,Tip Tap Cat,973923054,Tap Away,976005125,Kitty Cat Tap,983951496,strategy,BROAD,USD,ACTIVE,1,1,1,0,0,1,1,1,1,94,5.36
"",2025-09-24,3219110,Tip Tap Cat,973923054,Tap Away,983960445,Budget Segment,983951515,adventure,EXACT,USD,PAUSED,3,1,1,0,0,1,1,1,1,47,16.71
"",2023-09-21,3219110,Tip Tap Cat,973923054,Tap Away,983960442,Bored Ad Group,983951494,bored,BROAD,USD,ACTIVE,8,3,3,0,0,3,3,3,3,95,9.02
"",2025-03-04,3219110,Tip Tap Cat,973923060,User Acquisition,983960460,Retargeting,983951558,arcade,BROAD,USD,PAUSED,3,0,0,0,0,0,0,0,0,45,5.26
"",2024-12-03,3219110,Tip Tap Cat,973923054,Tap Away,976005125,Kitty Cat Tap,976093308,cat,BROAD,USD,ACTIVE,10,5,5,0,0,5,5,5,5,81,10.94
"",2023-10-31,3219110,Tip Tap Cat,973923057,Holiday Sale,983960453,High Value,983951539,strategy,BROAD,USD,PAUSED,11,5,5,0,0,5,5,5,5,181,13.45
"",2025-09-10,3162550,Joseph Markiewicz,973923056,Holiday Sale,983960452,Premium Users,983951535,app,EXACT,USD,ACTIVE,11,3,3,0,0,3,3,3,3,109,4.5
"",2024-02-08,3219110,Tip Tap Cat,973923054,Tap Away,983960443,Retargeting,983951510,fun,BROAD,USD,ACTIVE,3,0,0,0,0,0,0,0,0,20,6.74
"",2024-12-20,3219110,Tip Tap Cat,973923059,Spring Launch,983960457,High Value,983951550,action,BROAD,USD,ACTIVE,14,3,3,0,0,3,3,3,3,169,14.84
"",2022-10-07,3162550,Joseph Markiewicz,973923055,Summer Special,983960448,High Value,983951525,family,BROAD,USD,PAUSED,11,2,2,0,0,2,2,2,2,146,1.35
"",2025-03-27,3219110,Tip Tap Cat,973923054,Tap Away,983960446,Premium Users,983951519,game,EXACT,USD,ACTIVE,18,7,7,0,0,7,7,7,7,146,0.56
"",2021-12-18,3219110,Tip Tap Cat,973923054,Tap Away,976005125,Kitty Cat Tap,976093307,kitty,BROAD,USD,ACTIVE,0,0,0,0,0,0,0,0,0,1,0
"",2025-05-04,3219110,Tip Tap Cat,973923057,Holiday Sale,983960453,High Value,983951538,simulation,EXACT,USD,ACTIVE,8,3,3,0,0,3,3,3,3,88,4.64
"",2025-02-12,3219110,Tip Tap Cat,973923054,Tap Away,976005125,Kitty Cat Tap,976093307,kitty,BROAD,USD,ACTIVE,20,3,3,0,0,3,3,3,3,136,11.2
"",2021-12-10,3219110,Tip Tap Cat,973923054,Tap Away,976005125,Kitty Cat Tap,976093307,kitty,BROAD,USD,ACTIVE,0,0,0,0,0,0,0,0,0,3,0
"",2023-01-31,3162550,Joseph Markiewicz,973923056,Holiday Sale,983960450,Premium Users,983951529,download,BROAD,USD,PAUSED,21,5,5,0,0,5,5,5,5,197,15.33
"",2023-03-17,3219110,Tip Tap Cat,973923054,Tap Away,983960442,Bored Ad Group,983951493,time wasters,BROAD,USD,ACTIVE,8,3,3,0,0,3,3,3,3,109,1.38
"",2022-02-01,3219110,Tip Tap Cat,973923057,Holiday Sale,983960455,Premium Users,983951543,puzzle,EXACT,USD,ACTIVE,7,0,0,0,0,0,0,0,0,54,7.76
"",2022-02-10,3162550,Joseph Markiewicz,973923056,Holiday Sale,983960450,Premium Users,983951530,game,BROAD,USD,ACTIVE,9,4,4,0,0,4,4,4,4,66,1.83
"",2023-07-12,3162550,Joseph Markiewicz,973923055,Summer Special,983960449,High Value,983951527,play,EXACT,USD,ACTIVE,4,2,2,0,0,2,2,2,2,99,16.88
"",2024-05-29,3219110,Tip Tap Cat,973923054,Tap Away,976005125,Kitty Cat Tap,983951504,game,BROAD,USD,ACTIVE,15,6,6,0,0,6,6,6,6,152,15.9
"",2022-05-07,3219110,Tip Tap Cat,973923054,Tap Away,976005125,Kitty Cat Tap,976093308,cat,BROAD,USD,ACTIVE,1,0,0,0,0,0,0,0,0,175,3.18
"",2021-12-15,3219110,Tip Tap Cat,973923054,Tap Away,976005125,Kitty Cat Tap,976093314,tip tap cat,BROAD,USD,ACTIVE,0,0,0,0,0,0,0,0,0,1,0
"",2023-05-23,3219110,Tip Tap Cat,973923054,Tap Away,983960443,Retargeting,983951509,play,EXACT,USD,ACTIVE,16,3,3,0,0,3,3,3,3,200,9.48
"",2021-12-15,3219110,Tip Tap Cat,973923054,Tap Away,976005125,Kitty Cat Tap,976093310,tap tap,BROAD,USD,ACTIVE,0,0,0,0,0,0,0,0,0,45,0
"",2023-02-28,3219111,Gaming Studio,973923063,Summer Special,983960465,Retargeting,983951572,adventure,BROAD,USD,PAUSED,3,1,1,0,0,1,1,1,1,111,16.33
"",2024-08-23,3219110,Tip Tap Cat,973923054,Tap Away,983960443,Retargeting,983951507,action,BROAD,USD,ACTIVE,5,2,2,0,0,2,2,2,2,141,11.03
"",2021-12-13,3219110,Tip Tap Cat,973923054,Tap Away,976005125,Kitty Cat Tap,976093305,pet cat,BROAD,USD,ACTIVE,1,0,0,0,0,0,0,0,0,41,0.9
"",2022-06-14,3219111,Gaming Studio,973923063,Summer Special,983960466,Premium Users,983951576,music,BROAD,USD,ACTIVE,13,3,3,0,0,3,3,3,3,117,2.27
"",2024-02-12,3162550,Joseph Markiewicz,973923055,Summer Special,983960449,High Value,983951528,education,BROAD,USD,PAUSED,2,1,1,0,0,1,1,1,1,134,2.94
"",2021-12-09,3219110,Tip Tap Cat,973923054,Tap Away,976005125,Kitty Cat Tap,976093305,pet cat,BROAD,USD,ACTIVE,0,0,0,0,0,0,0,0,0,23,0
"",2021-12-14,3219110,Tip Tap Cat,973923054,Tap Away,976005125,Kitty Cat Tap,976093308,cat,BROAD,USD,ACTIVE,1,1,1,0,0,1,1,1,1,15,0.12
"",2023-06-30,3219110,Tip Tap Cat,973923059,Spring Launch,983960457,High Value,983951550,action,BROAD,USD,ACTIVE,16,3,3,0,0,3,3,3,3,143,4.34
"",2025-05-16,3219110,Tip Tap Cat,973923059,Spring Launch,983960457,High Value,983951549,play,BROAD,USD,ACTIVE,7,2,2,0,0,2,2,2,2,48,8.53
"",2021-12-09,3219110,Tip Tap Cat,973923054,Tap Away,976005125,Kitty Cat Tap,983951497,play,BROAD,USD,PAUSED,7,0,0,0,0,0,0,0,0,54,14.63
"",2023-01-19,3219111,Gaming Studio,973923063,Summer Special,983960465,Retargeting,983951572,adventure,BROAD,USD,PAUSED,10,0,0,0,0,0,0,0,0,115,14.68
"",2025-02-23,3162550,Joseph Markiewicz,973923055,Summer Special,983960449,High Value,983951527,play,EXACT,USD,ACTIVE,1,1,1,0,0,1,1,1,1,37,14.44
"",2025-07-02,3219110,Tip Tap Cat,973923054,Tap Away,976005125,Kitty Cat Tap,976093310,tap tap,BROAD,USD,ACTIVE,15,6,6,0,0,6,6,6,6,200,11.37
"",2025-05-30,3219110,Tip Tap Cat,973923060,User Acquisition,983960459,New Users,983951555,music,BROAD,USD,ACTIVE,2,0,0,0,0,0,0,0,0,24,1.12
"",2023-12-31,3219110,Tip Tap Cat,973923054,Tap Away,983960442,Bored Ad Group,983951506,strategy,BROAD,USD,ACTIVE,14,5,5,0,0,5,5,5,5,195,16.23
"",2025-09-22,3219110,Tip Tap Cat,973923054,Tap Away,976005125,Kitty Cat Tap,976093308,cat,BROAD,USD,ACTIVE,10,5,5,0,0,5,5,5,5,132,8.05
"",2022-11-13,3219111,Gaming Studio,973923061,New Feature,983960461,Retargeting,983951560,puzzle,BROAD,USD,PAUSED,7,1,1,0,0,1,1,1,1,132,15.58
"",2024-05-10,3219110,Tip Tap Cat,973923057,Holiday Sale,983960455,Premium Users,983951543,puzzle,EXACT,USD,ACTIVE,3,1,1,0,0,1,1,1,1,168,1.98
"",2022-01-17,3219110,Tip Tap Cat,973923054,Tap Away,983960442,Bored Ad Group,983951491,im bored,BROAD,USD,ACTIVE,5,2,2,0,0,2,2,2,2,200,10.04
"",2021-12-12,3219110,Tip Tap Cat,973923054,Tap Away,976005125,Kitty Cat Tap,976093310,tap tap,BROAD,USD,ACTIVE,0,0,0,0,0,0,0,0,0,30,0
"",2024-09-21,3219110,Tip Tap Cat,973923054,Tap Away,983960442,Bored Ad Group,983951490,dumb games,BROAD,USD,ACTIVE,4,1,1,0,0,1,1,1,1,64,12.9
"",2024-12-04,3162550,Joseph Markiewicz,973923056,Holiday Sale,983960450,Premium Users,983951529,download,BROAD,USD,PAUSED,11,4,4,0,0,4,4,4,4,200,17.38
"",2024-11-16,3219110,Tip Tap Cat,973923054,Tap Away,983960443,Retargeting,983951510,fun,BROAD,USD,ACTIVE,6,1,1,0,0,1,1,1,1,143,3.83
"",2021-12-13,3219110,Tip Tap Cat,973923054,Tap Away,976005125,Kitty Cat Tap,976093304,kitten,BROAD,USD,ACTIVE,1,0,0,0,0,0,0,0,0,45,0.16
"",2025-07-07,3219110,Tip Tap Cat,973923057,Holiday Sale,983960453,High Value,983951539,strategy,BROAD,USD,PAUSED,2,0,0,0,0,0,0,0,0,66,18.38
"",2023-07-14,3219110,Tip Tap Cat,973923057,Holiday Sale,983960454,Retargeting,983951542,photo,BROAD,USD,ACTIVE,2,0,0,0,0,0,0,0,0,22,12.47
"",2024-07-05,3219110,Tip Tap Cat,973923054,Tap Away,983960445,Budget Segment,983951515,adventure,EXACT,USD,PAUSED,1,1,1,0,0,1,1,1,1,22,2.15
"",2025-11-13,3162550,Joseph Markiewicz,973923055,Summer Special,983960449,High Value,983951526,family,BROAD,USD,ACTIVE,3,1,1,0,0,1,1,1,1,150,17.65
"",2022-10-16,3219110,Tip Tap Cat,973923054,Tap Away,976005125,Kitty Cat Tap,976093314,tip tap cat,BROAD,USD,ACTIVE,9,1,1,0,0,1,1,1,1,196,4.32
"",2023-10-25,3219110,Tip Tap Cat,973923054,Tap Away,983960444,Retargeting,983951511,racing,EXACT,USD,ACTIVE,10,3,3,0,0,3,3,3,3,185,10.1
"",2022-11-27,3219111,Gaming Studio,973923063,Summer Special,983960466,Premium Users,983951576,music,BROAD,USD,ACTIVE,23,4,4,0,0,4,4,4,4,155,8.32
"",2022-03-04,3219110,Tip Tap Cat,973923057,Holiday Sale,983960453,High Value,983951539,strategy,BROAD,USD,PAUSED,2,1,1,0,0,1,1,1,1,109,19.68
"",2025-09-03,3219110,Tip Tap Cat,973923054,Tap Away,976005125,Kitty Cat Tap,976093304,kitten,BROAD,USD,ACTIVE,4,1,1,0,0,1,1,1,1,170,3.05
"",2023-10-20,3219110,Tip Tap Cat,973923054,Tap Away,976005125,Kitty Cat Tap,976093313,tip cat,BROAD,USD,ACTIVE,12,0,0,0,0,0,0,0,0,135,15.96
"",2021-12-14,3219110,Tip Tap Cat,973923054,Tap Away,976005125,Kitty Cat Tap,976093312,games for cats,BROAD,USD,ACTIVE,1,0,0,0,0,0,0,0,0,29,0.05
"",2022-11-23,3219110,Tip Tap Cat,973923057,Holiday Sale,983960453,High Value,983951537,play,BROAD,USD,PAUSED,18,2,2,0,0,2,2,2,2,184,10.64
"",2022-12-14,3219110,Tip Tap Cat,973923054,Tap Away,976005125,Kitty Cat Tap,976093304,kitten,BROAD,USD,ACTIVE,8,1,1,0,0,1,1,1,1,147,6.52
"",2022-09-15,3219111,Gaming Studio,973923063,Summer Special,983960465,Retargeting,983951572,adventure,BROAD,USD,PAUSED,15,3,3,0,0,3,3,3,3,136,14.78
"",2021-12-19,3219110,Tip Tap Cat,973923054,Tap Away,976005125,Kitty Cat Tap,976093309,cat games for cats,BROAD,USD,ACTIVE,0,0,0,0,0,0,0,0,0,11,0
"",2025-07-30,3219111,Gaming Studio,973923061,New Feature,983960462,Retargeting,983951561,download,EXACT,USD,ACTIVE,2,0,0,0,0,0,0,0,0,27,16.94
"",2022-11-19,3219110,Tip Tap Cat,973923054,Tap Away,976005125,Kitty Cat Tap,983951495,sports,BROAD,USD,PAUSED,3,1,1,0,0,1,1,1,1,65,7.25
"",2024-07-28,3219110,Tip Tap Cat,973923057,Holiday Sale,983960453,High Value,983951537,play,BROAD,USD,PAUSED,7,0,0,0,0,0,0,0,0,83,5.24
"",2023-05-12,3219110,Tip Tap Cat,973923054,Tap Away,983960444,Retargeting,983951511,racing,EXACT,USD,ACTIVE,15,5,5,0,0,5,5,5,5,134,5.03
"",2025-05-16,3219111,Gaming Studio,973923063,Summer Special,983960466,Premium Users,983951575,family,BROAD,USD,ACTIVE,3,1,1,0,0,1,1,1,1,57,1.36
"",2022-09-18,3219110,Tip Tap Cat,973923057,Holiday Sale,983960454,Retargeting,983951540,strategy,EXACT,USD,ACTIVE,5,0,0,0,0,0,0,0,0,65,12.23
"",2022-04-03,3162550,Joseph Markiewicz,973923055,Summer Special,983960448,High Value,983951522,fun,EXACT,USD,ACTIVE,20,8,8,0,0,8,8,8,8,148,15.24
"",2024-08-20,3219110,Tip Tap Cat,973923054,Tap Away,983960444,Retargeting,983951512,kids,BROAD,USD,PAUSED,1,0,0,0,0,0,0,0,0,23,18.94
"",2024-12-04,3219110,Tip Tap Cat,973923054,Tap Away,983960447,Retargeting,983951521,action,BROAD,USD,ACTIVE,3,0,0,0,0,0,0,0,0,102,10.57
"",2023-11-24,3162550,Joseph Markiewicz,973923056,Holiday Sale,983960451,Retargeting,983951534,game,EXACT,USD,PAUSED,3,1,1,0,0,1,1,1,1,92,11.37
"",2021-12-15,3219110,Tip Tap Cat,973923054,Tap Away,976005125,Kitty Cat Tap,976093307,kitty,BROAD,USD,ACTIVE,0,0,0,0,0,0,0,0,0,2,0
"",2021-12-10,3219110,Tip Tap Cat,973923054,Tap Away,976005125,Kitty Cat Tap,976093308,cat,BROAD,USD,ACTIVE,4,1,1,0,0,1,1,1,1,188,2.53
"",2024-05-31,3219111,Gaming Studio,973923062,Holiday Sale,983960464,Premium Users,983951570,game,BROAD,USD,ACTIVE,6,0,0,0,0,0,0,0,0,145,4.03
"",2025-09-08,3162550,Joseph Markiewicz,973923055,Summer Special,983960449,High Value,983951528,education,BROAD,USD,PAUSED,6,2,2,0,0,2,2,2,2,48,18.44
"",2022-06-18,3219110,Tip Tap Cat,973923054,Tap Away,983960444,Retargeting,983951512,kids,BROAD,USD,PAUSED,3,0,0,0,0,0,0,0,0,165,14.63
"",2025-08-03,3162550,Joseph Markiewicz,973923055,Summer Special,983960449,High Value,983951527,play,EXACT,USD,ACTIVE,4,1,1,0,0,1,1,1,1,63,18.65
"",2021-12-20,3219110,Tip Tap Cat,973923054,Tap Away,976005125,Kitty Cat Tap,976093308,cat,BROAD,USD,ACTIVE,0,0,0,0,0,0,0,0,0,6,0
"",2022-03-02,3162550,Joseph Markiewicz,973923056,Holiday Sale,983960452,Premium Users,983951535,app,EXACT,USD,ACTIVE,2,1,1,0,0,1,1,1,1,19,16.47
"",2024-11-18,3219110,Tip Tap Cat,973923054,Tap Away,976005125,Kitty Cat Tap,976093313,tip cat,BROAD,USD,ACTIVE,16,8,8,0,0,8,8,8,8,145,14.4
"",2021-12-09,3219110,Tip Tap Cat,973923054,Tap Away,976005125,Kitty Cat Tap,976093312,games for cats,BROAD,USD,ACTIVE,4,0,0,0,0,0,0,0,0,199,4.24
"",2022-07-16,3219110,Tip Tap Cat,973923057,Holiday Sale,983960453,High Value,983951539,strategy,BROAD,USD,PAUSED,3,0,0,0,0,0,0,0,0,104,18.52
"",2024-03-27,3219110,Tip Tap Cat,973923054,Tap Away,983960443,Retargeting,983951509,play,EXACT,USD,ACTIVE,12,2,2,0,0,2,2,2,2,134,5.2
"",2023-11-05,3219110,Tip Tap Cat,973923054,Tap Away,983960445,Budget Segment,983951516,action,EXACT,USD,ACTIVE,10,2,2,0,0,2,2,2,2,96,8.99
"",2025-11-21,3162550,Joseph Markiewicz,973923055,Summer Special,983960448,High Value,983951522,fun,EXACT,USD,ACTIVE,7,3,3,0,0,3,3,3,3,167,2.36
"",2022-05-30,3219110,Tip Tap Cat,973923054,Tap Away,976005125,Kitty Cat Tap,983951502,sports,EXACT,USD,PAUSED,3,1,1,0,0,1,1,1,1,41,4.6
"",2022-05-31,3219111,Gaming Studio,973923063,Summer Special,983960467,Premium Users,983951578,racing,EXACT,USD,ACTIVE,13,1,1,0,0,1,1,1,1,160,15.47
"",2025-10-02,3219111,Gaming Studio,973923061,New Feature,983960463,Budget Segment,983951564,app,EXACT,USD,PAUSED,12,5,5,0,0,5,5,5,5,135,16
"",2022-10-06,3219110,Tip Tap Cat,973923054,Tap Away,983960443,Retargeting,983951509,play,EXACT,USD,ACTIVE,15,3,3,0,0,3,3,3,3,129,5.34
"",2022-03-11,3219110,Tip Tap Cat,973923060,User Acquisition,983960460,Retargeting,983951557,download,EXACT,USD,ACTIVE,7,3,3,0,0,3,3,3,3,60,12.97
"",2021-12-29,3219111,Gaming Studio,973923062,Holiday Sale,983960464,Premium Users,983951569,adventure,BROAD,USD,PAUSED,3,0,0,0,0,0,0,0,0,43,17.61
"",2023-04-15,3219110,Tip Tap Cat,973923054,Tap Away,976005125,Kitty Cat Tap,976093307,kitty,BROAD,USD,ACTIVE,1,0,0,0,0,0,0,0,0,13,15.96
"",2022-05-08,3219111,Gaming Studio,973923062,Holiday Sale,983960464,Premium Users,983951569,adventure,BROAD,USD,PAUSED,1,1,1,0,0,1,1,1,1,18,11
"",2025-01-01,3219110,Tip Tap Cat,973923059,Spring Launch,983960457,High Value,983951549,play,BROAD,USD,ACTIVE,26,10,10,0,0,10,10,10,10,184,11.23
"",2024-09-15,3162550,Joseph Markiewicz,973923055,Summer Special,983960449,High Value,983951526,family,BROAD,USD,ACTIVE,21,10,10,0,0,10,10,10,10,142,1.64
"",2022-10-19,3219110,Tip Tap Cat,973923059,Spring Launch,983960457,High Value,983951550,action,BROAD,USD,ACTIVE,2,1,1,0,0,1,1,1,1,15,1.98
"",2024-07-09,3162550,Joseph Markiewicz,973923055,Summer Special,983960448,High Value,983951524,music,EXACT,USD,ACTIVE,2,0,0,0,0,0,0,0,0,18,14.14
"",2023-09-05,3219111,Gaming Studio,973923063,Summer Special,983960466,Premium Users,983951573,puzzle,EXACT,USD,ACTIVE,6,1,1,0,0,1,1,1,1,143,13.26
"",2021-12-18,3219110,Tip Tap Cat,973923054,Tap Away,976005125,Kitty Cat Tap,976093308,cat,BROAD,USD,ACTIVE,0,0,0,0,0,0,0,0,0,29,0
"",2024-08-08,3219110,Tip Tap Cat,973923057,Holiday Sale,983960455,Premium Users,983951543,puzzle,EXACT,USD,ACTIVE,5,1,1,0,0,1,1,1,1,52,10.41
"",2023-06-08,3219110,Tip Tap Cat,973923054,Tap Away,976005125,Kitty Cat Tap,976093307,kitty,BROAD,USD,ACTIVE,7,3,3,0,0,3,3,3,3,95,7.14
"",2022-06-11,3219111,Gaming Studio,973923063,Summer Special,983960466,Premium Users,983951574,photo,EXACT,USD,ACTIVE,3,0,0,0,0,0,0,0,0,92,14.6
"",2022-08-24,3219111,Gaming Studio,973923062,Holiday Sale,983960464,Premium Users,983951570,game,BROAD,USD,ACTIVE,15,1,1,0,0,1,1,1,1,105,14.35
"",2025-09-19,3219110,Tip Tap Cat,973923054,Tap Away,976005125,Kitty Cat Tap,976093310,tap tap,BROAD,USD,ACTIVE,6,0,0,0,0,0,0,0,0,63,7.8
"",2022-08-25,3162550,Joseph Markiewicz,973923055,Summer Special,983960448,High Value,983951525,family,BROAD,USD,PAUSED,3,1,1,0,0,1,1,1,1,74,10.37
"",2025-11-27,3219110,Tip Tap Cat,973923054,Tap Away,983960442,Bored Ad Group,983951498,education,BROAD,USD,ACTIVE,3,0,0,0,0,0,0,0,0,44,0.62
"",2023-05-03,3219111,Gaming Studio,973923061,New Feature,983960463,Budget Segment,983951566,free,BROAD,USD,ACTIVE,10,0,0,0,0,0,0,0,0,166,10.31
"",2023-12-30,3162550,Joseph Markiewicz,973923055,Summer Special,983960448,High Value,983951525,family,BROAD,USD,PAUSED,3,1,1,0,0,1,1,1,1,173,4.7
"",2023-04-27,3219110,Tip Tap Cat,973923054,Tap Away,983960442,Bored Ad Group,983951506,strategy,BROAD,USD,ACTIVE,2,1,1,0,0,1,1,1,1,36,15.61
"",2023-05-01,3219110,Tip Tap Cat,973923058,Holiday Sale,983960456,Retargeting,983951546,play,EXACT,USD,ACTIVE,16,6,6,0,0,6,6,6,6,126,8.92
"",2023-10-12,3162550,Joseph Markiewicz,973923056,Holiday Sale,983960451,Retargeting,983951532,adventure,EXACT,USD,ACTIVE,14,7,7,0,0,7,7,7,7,185,17.04
"",2025-04-24,3219110,Tip Tap Cat,973923054,Tap Away,983960442,Bored Ad Group,983951493,time wasters,BROAD,USD,ACTIVE,21,9,9,0,0,9,9,9,9,177,10.97
"",2023-12-04,3219110,Tip Tap Cat,973923059,Spring Launch,983960457,High Value,983951548,puzzle,EXACT,USD,ACTIVE,11,4,4,0,0,4,4,4,4,94,9.23
"",2022-05-13,3219111,Gaming Studio,973923063,Summer Special,983960465,Retargeting,983951572,adventure,BROAD,USD,PAUSED,6,0,0,0,0,0,0,0,0,72,17.15
"",2024-02-27,3219110,Tip Tap Cat,973923054,Tap Away,976005125,Kitty Cat Tap,976093313,tip cat,BROAD,USD,ACTIVE,8,4,4,0,0,4,4,4,4,167,7.28
"",2023-02-06,3219110,Tip Tap Cat,973923054,Tap Away,976005125,Kitty Cat Tap,983951496,strategy,BROAD,USD,ACTIVE,9,0,0,0,0,0,0,0,0,198,0.93
"",2022-04-20,3219110,Tip Tap Cat,973923054,Tap Away,983960447,Retargeting,983951521,action,BROAD,USD,ACTIVE,1,0,0,0,0,0,0,0,0,151,10.06
"",2024-07-27,3219110,Tip Tap Cat,973923057,Holiday Sale,983960453,High Value,983951538,simulation,EXACT,USD,ACTIVE,1,0,0,0,0,0,0,0,0,68,1.89
"",2025-06-30,3219110,Tip Tap Cat,973923054,Tap Away,983960447,Retargeting,983951520,fun,BROAD,USD,ACTIVE,7,3,3,0,0,3,3,3,3,90,17.94
"",2023-08-12,3219110,Tip Tap Cat,973923054,Tap Away,983960442,Bored Ad Group,983951492,relax games,BROAD,USD,ACTIVE,7,0,0,0,0,0,0,0,0,52,14.95
"",2022-05-03,3219110,Tip Tap Cat,973923054,Tap Away,976005125,Kitty Cat Tap,976093311,cat game,BROAD,USD,ACTIVE,16,1,1,0,0,1,1,1,1,157,10.1
"",2025-02-16,3219110,Tip Tap Cat,973923060,User Acquisition,983960459,New Users,983951556,puzzle,EXACT,USD,PAUSED,5,2,2,0,0,2,2,2,2,58,13.88
"",2022-07-19,3219110,Tip Tap Cat,973923054,Tap Away,983960445,Budget Segment,983951514,kids,EXACT,USD,ACTIVE,13,4,4,0,0,4,4,4,4,167,5.74
"",2025-08-23,3219110,Tip Tap Cat,973923054,Tap Away,976005125,Kitty Cat Tap,983951497,play,BROAD,USD,PAUSED,5,1,1,0,0,1,1,1,1,123,9.19
"",2021-12-16,3219110,Tip Tap Cat,973923054,Tap Away,976005125,Kitty Cat Tap,976093308,cat,BROAD,USD,ACTIVE,0,0,0,0,0,0,0,0,0,18,0
"",2021-12-19,3219110,Tip Tap Cat,973923054,Tap Away,976005125,Kitty Cat Tap,976093311,cat game,BROAD,USD,ACTIVE,0,0,0,0,0,0,0,0,0,2,0
"",2021-12-09,3219110,Tip Tap Cat,973923054,Tap Away,976005125,Kitty Cat Tap,976093307,kitty,BROAD,USD,ACTIVE,0,0,0,0,0,0,0,0,0,3,0
"",2023-01-27,3219111,Gaming Studio,973923063,Summer Special,983960467,Premium Users,983951577,simulation,BROAD,USD,ACTIVE,14,2,2,0,0,2,2,2,2,115,8.1
"",2023-10-10,3219111,Gaming Studio,973923063,Summer Special,983960466,Premium Users,983951573,puzzle,EXACT,USD,ACTIVE,19,1,1,0,0,1,1,1,1,188,4.78
"",2021-12-09,3219110,Tip Tap Cat,973923054,Tap Away,976005125,Kitty Cat Tap,976093309,cat games for cats,BROAD,USD,ACTIVE,0,0,0,0,0,0,0,0,0,10,0
"",2024-06-09,3219111,Gaming Studio,973923063,Summer Special,983960467,Premium Users,983951577,simulation,BROAD,USD,ACTIVE,14,4,4,0,0,4,4,4,4,199,2.39
"",2025-04-12,3162550,Joseph Markiewicz,973923055,Summer Special,983960449,High Value,983951527,play,EXACT,USD,ACTIVE,10,5,5,0,0,5,5,5,5,162,14.6
"",2023-12-06,3219110,Tip Tap Cat,973923057,Holiday Sale,983960453,High Value,983951537,play,BROAD,USD,PAUSED,1,1,1,0,0,1,1,1,1,79,15.04
"",2025-07-02,3219110,Tip Tap Cat,973923054,Tap Away,983960444,Retargeting,983951511,racing,EXACT,USD,ACTIVE,16,5,5,0,0,5,5,5,5,157,6.07
"",2023-06-04,3219110,Tip Tap Cat,973923054,Tap Away,976005125,Kitty Cat Tap,983951504,game,BROAD,USD,ACTIVE,19,3,3,0,0,3,3,3,3,186,14.47
"",2022-10-21,3162550,Joseph Markiewicz,973923055,Summer Special,983960448,High Value,983951522,fun,EXACT,USD,ACTIVE,21,2,2,0,0,2,2,2,2,152,10.54
"",2021-12-12,3219110,Tip Tap Cat,973923054,Tap Away,976005125,Kitty Cat Tap,976093305,pet cat,BROAD,USD,ACTIVE,1,0,0,0,0,0,0,0,0,19,0.91
"",2024-04-12,3219110,Tip Tap Cat,973923054,Tap Away,983960442,Bored Ad Group,983951499,photo,EXACT,USD,PAUSED,16,2,2,0,0,2,2,2,2,132,5.26
"",2025-02-28,3162550,Joseph Markiewicz,973923056,Holiday Sale,983960451,Retargeting,983951534,game,EXACT,USD,PAUSED,5,0,0,0,0,0,0,0,0,108,11.01
"",2022-10-13,3219110,Tip Tap Cat,973923054,Tap Away,983960442,Bored Ad Group,983951500,app,EXACT,USD,PAUSED,10,4,4,0,0,4,4,4,4,138,0.54
"",2023-07-22,3219111,Gaming Studio,973923063,Summer Special,983960466,Premium Users,983951576,music,BROAD,USD,ACTIVE,8,1,1,0,0,1,1,1,1,128,2.26
"",2025-04-26,3219110,Tip Tap Cat,973923054,Tap Away,983960442,Bored Ad Group,983951505,puzzle,EXACT,USD,PAUSED,10,2,2,0,0,2,2,2,2,147,3.87
"",2022-01-03,3219111,Gaming Studio,973923062,Holiday Sale,983960464,Premium Users,983951568,strategy,BROAD,USD,ACTIVE,6,3,3,0,0,3,3,3,3,164,9.02
"",2025-11-22,3162550,Joseph Markiewicz,973923055,Summer Special,983960448,High Value,983951524,music,EXACT,USD,ACTIVE,3,1,1,0,0,1,1,1,1,142,19.38
"",2024-07-06,3219111,Gaming Studio,973923063,Summer Special,983960466,Premium Users,983951576,music,BROAD,USD,ACTIVE,7,0,0,0,0,0,0,0,0,69,15.91
"",2025-05-04,3219110,Tip Tap Cat,973923054,Tap Away,983960446,Premium Users,983951517,kids,EXACT,USD,PAUSED,1,0,0,0,0,0,0,0,0,55,5.69
"",2024-10-18,3219110,Tip Tap Cat,973923060,User Acquisition,983960459,New Users,983951554,simulation,BROAD,USD,ACTIVE,3,0,0,0,0,0,0,0,0,148,2.07
"",2022-11-02,3219110,Tip Tap Cat,973923060,User Acquisition,983960458,New Users,983951552,kids,BROAD,USD,PAUSED,12,3,3,0,0,3,3,3,3,105,1.9
"",2024-03-08,3219110,Tip Tap Cat,973923057,Holiday Sale,983960453,High Value,983951537,play,BROAD,USD,PAUSED,5,2,2,0,0,2,2,2,2,52,1.1
"",2024-02-07,3219110,Tip Tap Cat,973923054,Tap Away,983960442,Bored Ad Group,983951491,im bored,BROAD,USD,ACTIVE,10,4,4,0,0,4,4,4,4,71,0.61
"",2022-04-27,3219111,Gaming Studio,973923061,New Feature,983960463,Budget Segment,983951566,free,BROAD,USD,ACTIVE,1,1,1,0,0,1,1,1,1,16,18.7
"",2022-06-03,3219110,Tip Tap Cat,973923057,Holiday Sale,983960454,Retargeting,983951541,fun,BROAD,USD,ACTIVE,13,4,4,0,0,4,4,4,4,192,12.68
"",2024-10-10,3219110,Tip Tap Cat,973923054,Tap Away,976005125,Kitty Cat Tap,983951497,play,BROAD,USD,PAUSED,2,0,0,0,0,0,0,0,0,98,8.43
"",2023-12-02,3162550,Joseph Markiewicz,973923056,Holiday Sale,983960452,Premium Users,983951536,free,BROAD,USD,ACTIVE,5,2,2,0,0,2,2,2,2,184,19.48
"",2025-08-13,3162550,Joseph Markiewicz,973923056,Holiday Sale,983960451,Retargeting,983951531,strategy,BROAD,USD,PAUSED,8,3,3,0,0,3,3,3,3,55,18.07
"",2021-12-11,3219110,Tip Tap Cat,973923054,Tap Away,976005125,Kitty Cat Tap,976093312,games for cats,BROAD,USD,ACTIVE,1,0,0,0,0,0,0,0,0,13,0.56
"",2024-06-17,3162550,Joseph Markiewicz,973923056,Holiday Sale,983960451,Retargeting,983951532,adventure,EXACT,USD,ACTIVE,4,2,2,0,0,2,2,2,2,175,7.99
"",2021-12-19,3219110,Tip Tap Cat,973923054,Tap Away,976005125,Kitty Cat Tap,976093304,kitten,BROAD,USD,ACTIVE,0,0,0,0,0,0,0,0,0,33,0
"",2024-07-22,3219110,Tip Tap Cat,973923060,User Acquisition,983960460,Retargeting,983951557,download,EXACT,USD,ACTIVE,6,2,2,0,0,2,2,2,2,63,13.71
"",2023-11-19,3219110,Tip Tap Cat,973923060,User Acquisition,983960458,New Users,983951552,kids,BROAD,USD,PAUSED,5,2,2,0,0,2,2,2,2,36,14.49
"",2025-03-16,3219110,Tip Tap Cat,973923059,Spring Launch,983960457,High Value,983951549,play,BROAD,USD,ACTIVE,10,4,4,0,0,4,4,4,4,151,17.54
"",2022-11-07,3219110,Tip Tap Cat,973923054,Tap Away,976005125,Kitty Cat Tap,976093310,tap tap,BROAD,USD,ACTIVE,2,1,1,0,0,1,1,1,1,41,2.74
"",2025-05-03,3219110,Tip Tap Cat,973923057,Holiday Sale,983960453,High Value,983951537,play,BROAD,USD,PAUSED,20,2,2,0,0,2,2,2,2,190,6.49
"",2024-07-04,3219110,Tip Tap Cat,973923054,Tap Away,983960446,Premium Users,983951519,game,EXACT,USD,ACTIVE,1,1,1,0,0,1,1,1,1,139,4.78
"",2023-06-01,3219110,Tip Tap Cat,973923060,User Acquisition,983960459,New Users,983951555,music,BROAD,USD,ACTIVE,11,0,0,0,0,0,0,0,0,181,13.63
"",2023-08-16,3219110,Tip Tap Cat,973923054,Tap Away,983960445,Budget Segment,983951513,music,BROAD,USD,ACTIVE,23,11,11,0,0,11,11,11,11,181,0.51
"",2023-07-11,3219110,Tip Tap Cat,973923054,Tap Away,983960442,Bored Ad Group,983951494,bored,BROAD,USD,ACTIVE,1,0,0,0,0,0,0,0,0,10,9.98
"",2023-08-07,3219111,Gaming Studio,973923063,Summer Special,983960467,Premium Users,983951578,racing,EXACT,USD,ACTIVE,13,2,2,0,0,2,2,2,2,101,14.58
"",2025-06-21,3219110,Tip Tap Cat,973923054,Tap Away,983960447,Retargeting,983951521,action,BROAD,USD,ACTIVE,4,2,2,0,0,2,2,2,2,49,9.72
"",2022-05-08,3219110,Tip Tap Cat,973923057,Holiday Sale,983960454,Retargeting,983951540,strategy,EXACT,USD,ACTIVE,3,0,0,0,0,0,0,0,0,24,2.59
"",2024-06-05,3219110,Tip Tap Cat,973923057,Holiday Sale,983960453,High Value,983951537,play,BROAD,USD,PAUSED,4,0,0,0,0,0,0,0,0,45,4.86
"",2022-11-07,3219110,Tip Tap Cat,973923054,Tap Away,976005125,Kitty Cat Tap,983951496,strategy,BROAD,USD,ACTIVE,9,4,4,0,0,4,4,4,4,117,17.15
"",2025-09-05,3162550,Joseph Markiewicz,973923056,Holiday Sale,983960451,Retargeting,983951534,game,EXACT,USD,PAUSED,6,1,1,0,0,1,1,1,1,77,2.72
"",2024-10-21,3219110,Tip Tap Cat,973923054,Tap Away,983960445,Budget Segment,983951515,adventure,EXACT,USD,PAUSED,12,4,4,0,0,4,4,4,4,189,18.11
"",2024-04-18,3219110,Tip Tap Cat,973923054,Tap Away,976005125,Kitty Cat Tap,983951495,sports,BROAD,USD,PAUSED,1,0,0,0,0,0,0,0,0,17,8.67
"",2021-12-20,3219110,Tip Tap Cat,973923054,Tap Away,976005125,Kitty Cat Tap,976093305,pet cat,BROAD,USD,ACTIVE,0,0,0,0,0,0,0,0,0,3,0
"",2025-05-11,3219110,Tip Tap Cat,973923059,Spring Launch,983960457,High Value,983951550,action,BROAD,USD,ACTIVE,5,2,2,0,0,2,2,2,2,55,12.92
"",2024-01-27,3219110,Tip Tap Cat,973923054,Tap Away,983960442,Bored Ad Group,983951494,bored,BROAD,USD,ACTIVE,5,1,1,0,0,1,1,1,1,86,13.01
"",2021-12-11,3219110,Tip Tap Cat,973923054,Tap Away,976005125,Kitty Cat Tap,976093304,kitten,BROAD,USD,ACTIVE,0,0,0,0,0,0,0,0,0,3,0
"",2021-12-13,3219110,Tip Tap Cat,973923054,Tap Away,976005125,Kitty Cat Tap,976093307,kitty,BROAD,USD,ACTIVE,0,0,0,0,0,0,0,0,0,21,0
"",2025-05-30,3162550,Joseph Markiewicz,973923055,Summer Special,983960449,High Value,983951526,family,BROAD,USD,ACTIVE,1,1,1,0,0,1,1,1,1,36,9.04
"",2025-08-03,3219111,Gaming Studio,973923061,New Feature,983960463,Budget Segment,983951566,free,BROAD,USD,ACTIVE,2,0,0,0,0,0,0,0,0,37,10.24
"",2022-07-30,3219111,Gaming Studio,973923063,Summer Special,983960466,Premium Users,983951573,puzzle,EXACT,USD,ACTIVE,1,0,0,0,0,0,0,0,0,15,8.02
"",2021-12-10,3219110,Tip Tap Cat,973923054,Tap Away,976005125,Kitty Cat Tap,976093312,games for cats,BROAD,USD,ACTIVE,2,2,2,0,0,2,2,2,2,139,0.86
"",2024-08-20,3219110,Tip Tap Cat,973923054,Tap Away,976005125,Kitty Cat Tap,976093310,tap tap,BROAD,USD,ACTIVE,11,1,1,0,0,1,1,1,1,79,19.73
"",2022-08-15,3219111,Gaming Studio,973923062,Holiday Sale,983960464,Premium Users,983951570,game,BROAD,USD,ACTIVE,23,10,10,0,0,10,10,10,10,195,9.16
"",2024-09-21,3219110,Tip Tap Cat,973923057,Holiday Sale,983960454,Retargeting,983951542,photo,BROAD,USD,ACTIVE,22,1,1,0,0,1,1,1,1,178,1.68
"",2023-10-20,3219110,Tip Tap Cat,973923054,Tap Away,976005125,Kitty Cat Tap,976093311,cat game,BROAD,USD,ACTIVE,9,1,1,0,0,1,1,1,1,128,16.62
"",2023-05-27,3219110,Tip Tap Cat,973923058,Holiday Sale,983960456,Retargeting,983951545,simulation,BROAD,USD,ACTIVE,3,1,1,0,0,1,1,1,1,107,12.12
"",2025-11-13,3219110,Tip Tap Cat,973923054,Tap Away,976005125,Kitty Cat Tap,976093307,kitty,BROAD,USD,ACTIVE,1,1,1,0,0,1,1,1,1,72,13.25
"",2021-12-27,3219110,Tip Tap Cat,973923060,User Acquisition,983960459,New Users,983951554,simulation,BROAD,USD,ACTIVE,3,0,0,0,0,0,0,0,0,40,13.45
"",2021-12-17,3219110,Tip Tap Cat,973923054,Tap Away,976005125,Kitty Cat Tap,976093304,kitten,BROAD,USD,ACTIVE,0,0,0,0,0,0,0,0,0,12,0
"",2024-08-13,3219110,Tip Tap Cat,973923060,User Acquisition,983960458,New Users,983951551,puzzle,EXACT,USD,ACTIVE,16,8,8,0,0,8,8,8,8,131,8.94
"",2024-04-06,3219110,Tip Tap Cat,973923054,Tap Away,983960442,Bored Ad Group,983951499,photo,EXACT,USD,PAUSED,6,3,3,0,0,3,3,3,3,180,10.69
"",2025-12-01,3219110,Tip Tap Cat,973923054,Tap Away,976005125,Kitty Cat Tap,976093312,games for cats,BROAD,USD,ACTIVE,16,1,1,0,0,1,1,1,1,153,9.67
"",2022-01-06,3219110,Tip Tap Cat,973923057,Holiday Sale,983960453,High Value,983951539,strategy,BROAD,USD,PAUSED,2,1,1,0,0,1,1,1,1,57,17.9
"",2024-10-28,3219110,Tip Tap Cat,973923054,Tap Away,983960445,Budget Segment,983951514,kids,EXACT,USD,ACTIVE,11,4,4,0,0,4,4,4,4,88,10.69
"",2021-12-19,3219110,Tip Tap Cat,973923054,Tap Away,976005125,Kitty Cat Tap,976093305,pet cat,BROAD,USD,ACTIVE,1,0,0,0,0,0,0,0,0,38,0.49
"",2025-06-15,3219111,Gaming Studio,973923062,Holiday Sale,983960464,Premium Users,983951568,strategy,BROAD,USD,ACTIVE,13,6,6,0,0,6,6,6,6,194,16.25
"",2021-12-17,3219110,Tip Tap Cat,973923060,User Acquisition,983960460,Retargeting,983951558,arcade,BROAD,USD,PAUSED,3,1,1,0,0,1,1,1,1,46,19.72
"",2024-04-12,3219110,Tip Tap Cat,973923054,Tap Away,983960442,Bored Ad Group,983951490,dumb games,BROAD,USD,ACTIVE,16,6,6,0,0,6,6,6,6,166,7.86
"",2025-06-23,3219111,Gaming Studio,973923063,Summer Special,983960466,Premium Users,983951573,puzzle,EXACT,USD,ACTIVE,13,6,6,0,0,6,6,6,6,158,15.92
"",2025-07-16,3219111,Gaming Studio,973923063,Summer Special,983960466,Premium Users,983951576,music,BROAD,USD,ACTIVE,2,0,0,0,0,0,0,0,0,55,2.88
"",2021-12-16,3219110,Tip Tap Cat,973923054,Tap Away,983960443,Retargeting,983951509,play,EXACT,USD,ACTIVE,14,5,5,0,0,5,5,5,5,134,14.3
"",2024-04-18,3219110,Tip Tap Cat,973923054,Tap Away,983960442,Bored Ad Group,983951505,puzzle,EXACT,USD,PAUSED,11,4,4,0,0,4,4,4,4,146,12.23
"",2024-07-17,3219110,Tip Tap Cat,973923054,Tap Away,976005125,Kitty Cat Tap,976093308,cat,BROAD,USD,ACTIVE,11,1,1,0,0,1,1,1,1,102,9.47
"",2025-01-05,3162550,Joseph Markiewicz,973923056,Holiday Sale,983960450,Premium Users,983951529,download,BROAD,USD,PAUSED,1,1,1,0,0,1,1,1,1,134,3.09
"",2025-02-20,3219110,Tip Tap Cat,973923054,Tap Away,983960443,Retargeting,983951508,family,EXACT,USD,PAUSED,15,7,7,0,0,7,7,7,7,197,11.22
"",2021-12-20,3219110,Tip Tap Cat,973923054,Tap Away,976005125,Kitty Cat Tap,976093310,tap tap,BROAD,USD,ACTIVE,0,0,0,0,0,0,0,0,0,9,0
"",2022-10-09,3162550,Joseph Markiewicz,973923055,Summer Special,983960449,High Value,983951528,education,BROAD,USD,PAUSED,1,0,0,0,0,0,0,0,0,36,19.71
"",2023-08-30,3162550,Joseph Markiewicz,973923055,Summer Special,983960448,High Value,983951522,fun,EXACT,USD,ACTIVE,19,6,6,0,0,6,6,6,6,162,6.01
"",2023-08-11,3219110,Tip Tap Cat,973923054,Tap Away,976005125,Kitty Cat Tap,983951497,play,BROAD,USD,PAUSED,3,0,0,0,0,0,0,0,0,59,1.03
"",2022-10-21,3219110,Tip Tap Cat,973923058,Holiday Sale,983960456,Retargeting,983951546,play,EXACT,USD,ACTIVE,8,2,2,0,0,2,2,2,2,55,4.79
"",2023-10-06,3219110,Tip Tap Cat,973923054,Tap Away,976005125,Kitty Cat Tap,976093309,cat games for cats,BROAD,USD,ACTIVE,3,1,1,0,0,1,1,1,1,36,15.95
"",2023-11-29,3219110,Tip Tap Cat,973923054,Tap Away,976005125,Kitty Cat Tap,976093313,tip cat,BROAD,USD,ACTIVE,1,1,1,0,0,1,1,1,1,124,11.5
"",2022-01-04,3219111,Gaming Studio,973923063,Summer Special,983960467,Premium Users,983951577,simulation,BROAD,USD,ACTIVE,1,0,0,0,0,0,0,0,0,40,19.79
"",2024-01-04,3219110,Tip Tap Cat,973923054,Tap Away,983960444,Retargeting,983951511,racing,EXACT,USD,ACTIVE,1,1,1,0,0,1,1,1,1,94,15.98
"",2021-12-17,3219110,Tip Tap Cat,973923054,Tap Away,976005125,Kitty Cat Tap,976093308,cat,BROAD,USD,ACTIVE,3,1,1,0,0,1,1,1,1,35,9.8
"",2022-12-24,3219110,Tip Tap Cat,973923054,Tap Away,983960446,Premium Users,983951519,game,EXACT,USD,ACTIVE,7,1,1,0,0,1,1,1,1,63,2.24
"",2023-12-11,3162550,Joseph Markiewicz,973923056,Holiday Sale,983960452,Premium Users,983951535,app,EXACT,USD,ACTIVE,15,2,2,0,0,2,2,2,2,134,16.07
"",2024-11-01,3219110,Tip Tap Cat,973923054,Tap Away,983960442,Bored Ad Group,983951501,casual,BROAD,USD,PAUSED,10,0,0,0,0,0,0,0,0,187,14.41
"",2025-02-11,3162550,Joseph Markiewicz,973923056,Holiday Sale,983960451,Retargeting,983951532,adventure,EXACT,USD,ACTIVE,1,0,0,0,0,0,0,0,0,150,15.65
"",2025-07-19,3219110,Tip Tap Cat,973923054,Tap Away,983960445,Budget Segment,983951514,kids,EXACT,USD,ACTIVE,21,0,0,0,0,0,0,0,0,172,15.66
"",2022-02-18,3219111,Gaming Studio,973923063,Summer Special,983960467,Premium Users,983951578,racing,EXACT,USD,ACTIVE,9,4,4,0,0,4,4,4,4,66,12
"",2023-08-12,3219111,Gaming Studio,973923063,Summer Special,983960466,Premium Users,983951573,puzzle,EXACT,USD,ACTIVE,1,1,1,0,0,1,1,1,1,26,9.86
"",2022-12-22,3219110,Tip Tap Cat,973923054,Tap Away,976005125,Kitty Cat Tap,976093304,kitten,BROAD,USD,ACTIVE,15,6,6,0,0,6,6,6,6,187,2.17
"",2025-01-03,3162550,Joseph Markiewicz,973923055,Summer Special,983960448,High Value,983951524,music,EXACT,USD,ACTIVE,1,0,0,0,0,0,0,0,0,64,3.91
"",2021-12-17,3219110,Tip Tap Cat,973923054,Tap Away,976005125,Kitty Cat Tap,976093305,pet cat,BROAD,USD,ACTIVE,0,0,0,0,0,0,0,0,0,6,0
"",2023-02-25,3219110,Tip Tap Cat,973923060,User Acquisition,983960460,Retargeting,983951558,arcade,BROAD,USD,PAUSED,17,1,1,0,0,1,1,1,1,135,3.95
"",2023-12-25,3219110,Tip Tap Cat,973923058,Holiday Sale,983960456,Retargeting,983951546,play,EXACT,USD,ACTIVE,2,0,0,0,0,0,0,0,0,31,1.74
"",2024-09-26,3219111,Gaming Studio,973923062,Holiday Sale,983960464,Premium Users,983951570,game,BROAD,USD,ACTIVE,21,5,5,0,0,5,5,5,5,158,3.4
"",2025-07-01,3219110,Tip Tap Cat,973923059,Spring Launch,983960457,High Value,983951549,play,BROAD,USD,ACTIVE,8,4,4,0,0,4,4,4,4,100,1.72
"",2025-09-22,3219110,Tip Tap Cat,973923060,User Acquisition,983960459,New Users,983951555,music,BROAD,USD,ACTIVE,3,0,0,0,0,0,0,0,0,21,9.1
"",2021-12-09,3219110,Tip Tap Cat,973923054,Tap Away,976005125,Kitty Cat Tap,976093304,kitten,BROAD,USD,ACTIVE,5,0,0,0,0,0,0,0,0,101,3.03
"",2021-12-25,3219110,Tip Tap Cat,973923054,Tap Away,976005125,Kitty Cat Tap,976093313,tip cat,BROAD,USD,ACTIVE,1,1,1,0,0,1,1,1,1,86,9.59
"",2021-12-18,3219110,Tip Tap Cat,973923054,Tap Away,976005125,Kitty Cat Tap,976093312,games for cats,BROAD,USD,ACTIVE,4,2,2,0,0,2,2,2,2,49,0.5
"",2024-06-30,3219110,Tip Tap Cat,973923054,Tap Away,976005125,Kitty Cat Tap,976093306,kitty games,BROAD,USD,ACTIVE,1,0,0,0,0,0,0,0,0,14,4.22
"",2023-01-07,3219110,Tip Tap Cat,973923060,User Acquisition,983960459,New Users,983951556,puzzle,EXACT,USD,PAUSED,22,7,7,0,0,7,7,7,7,165,13.2
"",2025-08-27,3219110,Tip Tap Cat,973923054,Tap Away,983960442,Bored Ad Group,983951506,strategy,BROAD,USD,ACTIVE,11,4,4,0,0,4,4,4,4,176,7.74
"",2024-05-09,3162550,Joseph Markiewicz,973923055,Summer Special,983960448,High Value,983951525,family,BROAD,USD,PAUSED,12,4,4,0,0,4,4,4,4,81,6.11
"",2021-12-10,3219110,Tip Tap Cat,973923054,Tap Away,976005125,Kitty Cat Tap,976093311,cat game,BROAD,USD,ACTIVE,0,0,0,0,0,0,0,0,0,7,0
"",2022-10-01,3219110,Tip Tap Cat,973923054,Tap Away,976005125,Kitty Cat Tap,983951503,arcade,BROAD,USD,PAUSED,12,3,3,0,0,3,3,3,3,148,15.69
"",2022-10-16,3219110,Tip Tap Cat,973923054,Tap Away,976005125,Kitty Cat Tap,983951503,arcade,BROAD,USD,PAUSED,13,0,0,0,0,0,0,0,0,154,17.24
"",2025-06-27,3162550,Joseph Markiewicz,973923056,Holiday Sale,983960450,Premium Users,983951530,game,BROAD,USD,ACTIVE,5,2,2,0,0,2,2,2,2,41,0.6
"",2022-01-18,3162550,Joseph Markiewicz,973923055,Summer Special,983960449,High Value,983951528,education,BROAD,USD,PAUSED,1,1,1,0,0,1,1,1,1,41,1.59
"",2021-12-10,3219110,Tip Tap Cat,973923054,Tap Away,976005125,Kitty Cat Tap,976093305,pet cat,BROAD,USD,ACTIVE,1,0,0,0,0,0,0,0,0,49,1.47
"",2023-11-30,3219110,Tip Tap Cat,973923060,User Acquisition,983960459,New Users,983951553,education,BROAD,USD,ACTIVE,5,2,2,0,0,2,2,2,2,152,8.9
"",2023-01-23,3219110,Tip Tap Cat,973923057,Holiday Sale,983960454,Retargeting,983951541,fun,BROAD,USD,ACTIVE,2,0,0,0,0,0,0,0,0,19,0.96
"",2023-04-03,3219111,Gaming Studio,973923061,New Feature,983960463,Budget Segment,983951565,play,EXACT,USD,PAUSED,12,3,3,0,0,3,3,3,3,104,8.73
"",2022-10-17,3219111,Gaming Studio,973923061,New Feature,983960463,Budget Segment,983951564,app,EXACT,USD,PAUSED,17,4,4,0,0,4,4,4,4,187,7.58
"",2023-05-10,3219110,Tip Tap Cat,973923060,User Acquisition,983960459,New Users,983951556,puzzle,EXACT,USD,PAUSED,13,2,2,0,0,2,2,2,2,157,7.21
"",2024-02-08,3219110,Tip Tap Cat,973923054,Tap Away,983960442,Bored Ad Group,983951494,bored,BROAD,USD,ACTIVE,5,2,2,0,0,2,2,2,2,110,3.27
"",2022-03-22,3219110,Tip Tap Cat,973923060,User Acquisition,983960460,Retargeting,983951558,arcade,BROAD,USD,PAUSED,2,1,1,0,0,1,1,1,1,15,7.26
"",2021-12-11,3219110,Tip Tap Cat,973923054,Tap Away,976005125,Kitty Cat Tap,976093311,cat game,BROAD,USD,ACTIVE,0,0,0,0,0,0,0,0,0,1,0
"",2022-04-17,3219110,Tip Tap Cat,973923060,User Acquisition,983960460,Retargeting,983951557,download,EXACT,USD,ACTIVE,19,8,8,0,0,8,8,8,8,168,3.06
"",2025-09-19,3219111,Gaming Studio,973923063,Summer Special,983960465,Retargeting,983951572,adventure,BROAD,USD,PAUSED,2,1,1,0,0,1,1,1,1,16,10.13
"",2023-01-01,3219110,Tip Tap Cat,973923054,Tap Away,976005125,Kitty Cat Tap,976093312,games for cats,BROAD,USD,ACTIVE,6,1,1,0,0,1,1,1,1,152,14.28
"",2023-07-02,3219110,Tip Tap Cat,973923054,Tap Away,983960445,Budget Segment,983951515,adventure,EXACT,USD,PAUSED,1,1,1,0,0,1,1,1,1,15,6.33
"",2024-05-12,3219110,Tip Tap Cat,973923054,Tap Away,983960442,Bored Ad Group,983951494,bored,BROAD,USD,ACTIVE,10,0,0,0,0,0,0,0,0,79,13.42
"",2023-01-28,3219110,Tip Tap Cat,973923054,Tap Away,976005125,Kitty Cat Tap,976093314,tip tap cat,BROAD,USD,ACTIVE,1,0,0,0,0,0,0,0,0,16,7.14
"",2022-07-19,3219110,Tip Tap Cat,973923059,Spring Launch,983960457,High Value,983951549,play,BROAD,USD,ACTIVE,23,2,2,0,0,2,2,2,2,200,11.29
"",2024-08-04,3162550,Joseph Markiewicz,973923055,Summer Special,983960448,High Value,983951524,music,EXACT,USD,ACTIVE,14,5,5,0,0,5,5,5,5,108,2.68
"",2025-01-21,3219110,Tip Tap Cat,973923054,Tap Away,983960442,Bored Ad Group,983951506,strategy,BROAD,USD,ACTIVE,24,10,10,0,0,10,10,10,10,178,19.32
"",2023-02-05,3219110,Tip Tap Cat,973923054,Tap Away,983960447,Retargeting,983951520,fun,BROAD,USD,ACTIVE,13,1,1,0,0,1,1,1,1,107,18.81
"",2023-11-01,3219110,Tip Tap Cat,973923054,Tap Away,976005125,Kitty Cat Tap,976093304,kitten,BROAD,USD,ACTIVE,2,1,1,0,0,1,1,1,1,122,15.23
"",2022-05-25,3219110,Tip Tap Cat,973923054,Tap Away,976005125,Kitty Cat Tap,976093306,kitty games,BROAD,USD,ACTIVE,6,1,1,0,0,1,1,1,1,63,16.32
"",2024-09-20,3219110,Tip Tap Cat,973923054,Tap Away,976005125,Kitty Cat Tap,976093309,cat games for cats,BROAD,USD,ACTIVE,5,0,0,0,0,0,0,0,0,35,17.77
"",2021-12-11,3219110,Tip Tap Cat,973923054,Tap Away,976005125,Kitty Cat Tap,976093306,kitty games,BROAD,USD,ACTIVE,0,0,0,0,0,0,0,0,0,1,0
"",2025-09-26,3219110,Tip Tap Cat,973923054,Tap Away,983960443,Retargeting,983951509,play,EXACT,USD,ACTIVE,23,0,0,0,0,0,0,0,0,154,12.45
"",2022-08-03,3219111,Gaming Studio,973923063,Summer Special,983960466,Premium Users,983951576,music,BROAD,USD,ACTIVE,1,0,0,0,0,0,0,0,0,11,18.69
"",2022-11-29,3219110,Tip Tap Cat,973923060,User Acquisition,983960459,New Users,983951554,simulation,BROAD,USD,ACTIVE,15,2,2,0,0,2,2,2,2,160,5.11
"",2024-10-12,3219111,Gaming Studio,973923061,New Feature,983960463,Budget Segment,983951564,app,EXACT,USD,PAUSED,6,2,2,0,0,2,2,2,2,144,6.28
"",2025-07-14,3219110,Tip Tap Cat,973923058,Holiday Sale,983960456,Retargeting,983951547,simulation,BROAD,USD,PAUSED,4,0,0,0,0,0,0,0,0,121,6.83
"",2021-12-23,3219110,Tip Tap Cat,973923059,Spring Launch,983960457,High Value,983951549,play,BROAD,USD,ACTIVE,1,1,1,0,0,1,1,1,1,24,4.58
"",2022-11-26,3219110,Tip Tap Cat,973923054,Tap Away,983960445,Budget Segment,983951514,kids,EXACT,USD,ACTIVE,24,7,7,0,0,7,7,7,7,172,11.58
"",2024-08-30,3219111,Gaming Studio,973923063,Summer Special,983960467,Premium Users,983951577,simulation,BROAD,USD,ACTIVE,1,1,1,0,0,1,1,1,1,73,12.62
"",2022-06-05,3219110,Tip Tap Cat,973923054,Tap Away,976005125,Kitty Cat Tap,983951496,strategy,BROAD,USD,ACTIVE,8,4,4,0,0,4,4,4,4,82,18.27
"",2025-09-01,3219111,Gaming Studio,973923061,New Feature,983960462,Retargeting,983951562,strategy,BROAD,USD,ACTIVE,21,5,5,0,0,5,5,5,5,169,18.69
"",2024-11-26,3219110,Tip Tap Cat,973923057,Holiday Sale,983960454,Retargeting,983951540,strategy,EXACT,USD,ACTIVE,4,1,1,0,0,1,1,1,1,39,4.73
"",2021-12-17,3219110,Tip Tap Cat,973923054,Tap Away,976005125,Kitty Cat Tap,976093310,tap tap,BROAD,USD,ACTIVE,0,0,0,0,0,0,0,0,0,5,0
"",2021-12-19,3219110,Tip Tap Cat,973923054,Tap Away,976005125,Kitty Cat Tap,976093308,cat,BROAD,USD,ACTIVE,0,0,0,0,0,0,0,0,0,25,0
"",2024-05-21,3219110,Tip Tap Cat,973923054,Tap Away,976005125,Kitty Cat Tap,976093313,tip cat,BROAD,USD,ACTIVE,7,1,1,0,0,1,1,1,1,105,13.47
"",2025-01-22,3219110,Tip Tap Cat,973923060,User Acquisition,983960459,New Users,983951554,simulation,BROAD,USD,ACTIVE,1,1,1,0,0,1,1,1,1,12,4.3
"",2023-08-25,3219110,Tip Tap Cat,973923054,Tap Away,983960442,Bored Ad Group,983951499,photo,EXACT,USD,PAUSED,2,1,1,0,0,1,1,1,1,112,2.13
"",2023-10-30,3219110,Tip Tap Cat,973923054,Tap Away,983960442,Bored Ad Group,983951492,relax games,BROAD,USD,ACTIVE,1,0,0,0,0,0,0,0,0,13,0.58
"",2025-09-17,3219111,Gaming Studio,973923062,Holiday Sale,983960464,Premium Users,983951570,game,BROAD,USD,ACTIVE,2,1,1,0,0,1,1,1,1,44,13.85
"",2024-07-23,3219110,Tip Tap Cat,973923057,Holiday Sale,983960455,Premium Users,983951543,puzzle,EXACT,USD,ACTIVE,1,1,1,0,0,1,1,1,1,110,1.16
"",2022-02-20,3219110,Tip Tap Cat,973923054,Tap Away,983960442,Bored Ad Group,983951501,casual,BROAD,USD,PAUSED,13,5,5,0,0,5,5,5,5,158,18.2
"",2025-08-24,3162550,Joseph Markiewicz,973923056,Holiday Sale,983960452,Premium Users,983951536,free,BROAD,USD,ACTIVE,16,8,8,0,0,8,8,8,8,171,4.19
"",2021-12-20,3219110,Tip Tap Cat,973923054,Tap Away,976005125,Kitty Cat Tap,976093307,kitty,BROAD,USD,ACTIVE,0,0,0,0,0,0,0,0,0,1,0
"",2025-08-10,3219110,Tip Tap Cat,973923054,Tap Away,983960447,Retargeting,983951521,action,BROAD,USD,ACTIVE,16,2,2,0,0,2,2,2,2,151,3.64
"",2024-07-20,3219110,Tip Tap Cat,973923057,Holiday Sale,983960454,Retargeting,983951541,fun,BROAD,USD,ACTIVE,8,3,3,0,0,3,3,3,3,154,13.88
"",2023-12-31,3219111,Gaming Studio,973923063,Summer Special,983960466,Premium Users,983951573,puzzle,EXACT,USD,ACTIVE,14,3,3,0,0,3,3,3,3,111,13.28
"",2022-05-10,3219110,Tip Tap Cat,973923054,Tap Away,983960442,Bored Ad Group,983951500,app,EXACT,USD,PAUSED,10,2,2,0,0,2,2,2,2,116,19.8
"",2025-08-24,3162550,Joseph Markiewicz,973923056,Holiday Sale,983960452,Premium Users,983951535,app,EXACT,USD,ACTIVE,5,0,0,0,0,0,0,0,0,117,6.97
"",2023-07-29,3219110,Tip Tap Cat,973923054,Tap Away,983960442,Bored Ad Group,983951500,app,EXACT,USD,PAUSED,10,1,1,0,0,1,1,1,1,70,11.96
"",2025-01-18,3219110,Tip Tap Cat,973923054,Tap Away,976005125,Kitty Cat Tap,983951503,arcade,BROAD,USD,PAUSED,6,1,1,0,0,1,1,1,1,152,18.75
"",2023-07-29,3219110,Tip Tap Cat,973923054,Tap Away,976005125,Kitty Cat Tap,983951502,sports,EXACT,USD,PAUSED,24,1,1,0,0,1,1,1,1,177,14.34
"",2021-12-09,3219110,Tip Tap Cat,973923054,Tap Away,976005125,Kitty Cat Tap,976093308,cat,BROAD,USD,ACTIVE,4,0,0,0,0,0,0,0,0,119,2.47
"",2023-07-20,3219110,Tip Tap Cat,973923058,Holiday Sale,983960456,Retargeting,983951545,simulation,BROAD,USD,ACTIVE,19,7,7,0,0,7,7,7,7,160,6.33
"",2022-12-12,3219110,Tip Tap Cat,973923054,Tap Away,983960442,Bored Ad Group,983951499,photo,EXACT,USD,PAUSED,10,5,5,0,0,5,5,5,5,73,2.01
"",2024-10-16,3219111,Gaming Studio,973923061,New Feature,983960462,Retargeting,983951561,download,EXACT,USD,ACTIVE,16,8,8,0,0,8,8,8,8,193,6.36
"",2022-12-31,3219110,Tip Tap Cat,973923059,Spring Launch,983960457,High Value,983951549,play,BROAD,USD,ACTIVE,16,1,1,0,0,1,1,1,1,121,10.01
"",2022-07-28,3219110,Tip Tap Cat,973923058,Holiday Sale,983960456,Retargeting,983951545,simulation,BROAD,USD,ACTIVE,16,8,8,0,0,8,8,8,8,110,13.47
"",2024-08-17,3219110,Tip Tap Cat,973923057,Holiday Sale,983960453,High Value,983951539,strategy,BROAD,USD,PAUSED,1,1,1,0,0,1,1,1,1,13,16.51
"",2021-12-15,3219110,Tip Tap Cat,973923054,Tap Away,976005125,Kitty Cat Tap,976093305,pet cat,BROAD,USD,ACTIVE,1,0,0,0,0,0,0,0,0,39,1.47
"",2024-11-25,3219110,Tip Tap Cat,973923060,User Acquisition,983960458,New Users,983951552,kids,BROAD,USD,PAUSED,2,0,0,0,0,0,0,0,0,133,19.14
"",2023-02-23,3219110,Tip Tap Cat,973923054,Tap Away,983960447,Retargeting,983951521,action,BROAD,USD,ACTIVE,7,0,0,0,0,0,0,0,0,107,11.66
"",2023-12-23,3219110,Tip Tap Cat,973923054,Tap Away,983960444,Retargeting,983951512,kids,BROAD,USD,PAUSED,11,2,2,0,0,2,2,2,2,84,8.64
"",2021-12-14,3219110,Tip Tap Cat,973923058,Holiday Sale,983960456,Retargeting,983951546,play,EXACT,USD,ACTIVE,1,0,0,0,0,0,0,0,0,19,3.85
"",2022-12-18,3219110,Tip Tap Cat,973923054,Tap Away,983960445,Budget Segment,983951516,action,EXACT,USD,ACTIVE,5,0,0,0,0,0,0,0,0,34,17.54
"",2025-02-16,3219111,Gaming Studio,973923063,Summer Special,983960465,Retargeting,983951571,kids,BROAD,USD,PAUSED,13,0,0,0,0,0,0,0,0,196,16.93
"",2023-05-05,3219110,Tip Tap Cat,973923060,User Acquisition,983960459,New Users,983951556,puzzle,EXACT,USD,PAUSED,12,6,6,0,0,6,6,6,6,125,6.57
"",2024-10-05,3219110,Tip Tap Cat,973923054,Tap Away,976005125,Kitty Cat Tap,983951497,play,BROAD,USD,PAUSED,2,0,0,0,0,0,0,0,0,31,0.78
"",2022-07-11,3219110,Tip Tap Cat,973923058,Holiday Sale,983960456,Retargeting,983951545,simulation,BROAD,USD,ACTIVE,8,0,0,0,0,0,0,0,0,172,9.65
"",2025-07-12,3219111,Gaming Studio,973923062,Holiday Sale,983960464,Premium Users,983951568,strategy,BROAD,USD,ACTIVE,24,2,2,0,0,2,2,2,2,170,2.94
"",2023-09-19,3219110,Tip Tap Cat,973923054,Tap Away,983960443,Retargeting,983951507,action,BROAD,USD,ACTIVE,10,3,3,0,0,3,3,3,3,121,13
"",2025-06-27,3219110,Tip Tap Cat,973923054,Tap Away,976005125,Kitty Cat Tap,976093308,cat,BROAD,USD,ACTIVE,6,3,3,0,0,3,3,3,3,115,6.03
"",2022-05-08,3162550,Joseph Markiewicz,973923055,Summer Special,983960449,High Value,983951526,family,BROAD,USD,ACTIVE,12,6,6,0,0,6,6,6,6,150,11.68
"",2022-10-25,3219110,Tip Tap Cat,973923054,Tap Away,983960442,Bored Ad Group,983951501,casual,BROAD,USD,PAUSED,11,4,4,0,0,4,4,4,4,97,5.28
"",2023-09-09,3219111,Gaming Studio,973923061,New Feature,983960462,Retargeting,983951562,strategy,BROAD,USD,ACTIVE,6,3,3,0,0,3,3,3,3,140,3.91
"",2024-09-20,3219110,Tip Tap Cat,973923054,Tap Away,976005125,Kitty Cat Tap,983951497,play,BROAD,USD,PAUSED,7,0,0,0,0,0,0,0,0,53,5.27
"",2021-12-09,3219110,Tip Tap Cat,973923054,Tap Away,976005125,Kitty Cat Tap,976093311,cat game,BROAD,USD,ACTIVE,0,0,0,0,0,0,0,0,0,14,0
"",2023-11-17,3219110,Tip Tap Cat,973923060,User Acquisition,983960460,Retargeting,983951558,arcade,BROAD,USD,PAUSED,15,7,7,0,0,7,7,7,7,105,14.05
"",2023-11-17,3219110,Tip Tap Cat,973923054,Tap Away,983960445,Budget Segment,983951514,kids,EXACT,USD,ACTIVE,3,1,1,0,0,1,1,1,1,44,19.73
"",2022-10-06,3162550,Joseph Markiewicz,973923056,Holiday Sale,983960451,Retargeting,983951531,strategy,BROAD,USD,PAUSED,7,1,1,0,0,1,1,1,1,63,18.87
"",2024-08-22,3219110,Tip Tap Cat,973923054,Tap Away,983960442,Bored Ad Group,983951494,bored,BROAD,USD,ACTIVE,7,1,1,0,0,1,1,1,1,152,2.26
"",2021-12-16,3219110,Tip Tap Cat,973923054,Tap Away,976005125,Kitty Cat Tap,976093306,kitty games,BROAD,USD,ACTIVE,0,0,0,0,0,0,0,0,0,1,0
"",2022-09-15,3219110,Tip Tap Cat,973923054,Tap Away,983960442,Bored Ad Group,983951494,bored,BROAD,USD,ACTIVE,7,2,2,0,0,2,2,2,2,49,15.89
"",2023-09-06,3219110,Tip Tap Cat,973923054,Tap Away,976005125,Kitty Cat Tap,976093305,pet cat,BROAD,USD,ACTIVE,3,0,0,0,0,0,0,0,0,76,9.55
"",2025-04-22,3219111,Gaming Studio,973923063,Summer Special,983960467,Premium Users,983951577,simulation,BROAD,USD,ACTIVE,8,4,4,0,0,4,4,4,4,55,12.39
"",2023-11-20,3219110,Tip Tap Cat,973923057,Holiday Sale,983960454,Retargeting,983951541,fun,BROAD,USD,ACTIVE,18,5,5,0,0,5,5,5,5,170,16.47
"",2023-01-12,3219110,Tip Tap Cat,973923054,Tap Away,983960442,Bored Ad Group,983951505,puzzle,EXACT,USD,PAUSED,14,0,0,0,0,0,0,0,0,193,6.46
"",2021-12-19,3219110,Tip Tap Cat,973923054,Tap Away,976005125,Kitty Cat Tap,976093306,kitty games,BROAD,USD,ACTIVE,0,0,0,0,0,0,0,0,0,5,0
"",2022-02-15,3219110,Tip Tap Cat,973923054,Tap Away,976005125,Kitty Cat Tap,976093305,pet cat,BROAD,USD,ACTIVE,12,2,2,0,0,2,2,2,2,171,1.7
"",2023-06-08,3219110,Tip Tap Cat,973923054,Tap Away,976005125,Kitty Cat Tap,976093308,cat,BROAD,USD,ACTIVE,14,6,6,0,0,6,6,6,6,112,14.91
"",2021-12-09,3219110,Tip Tap Cat,973923054,Tap Away,976005125,Kitty Cat Tap,976093310,tap tap,BROAD,USD,ACTIVE,2,0,0,0,0,0,0,0,0,134,0.78
"",2021-12-11,3219110,Tip Tap Cat,973923054,Tap Away,976005125,Kitty Cat Tap,976093309,cat games for cats,BROAD,USD,ACTIVE,0,0,0,0,0,0,0,0,0,15,0
"",2024-12-08,3219111,Gaming Studio,973923063,Summer Special,983960466,Premium Users,983951576,music,BROAD,USD,ACTIVE,5,1,1,0,0,1,1,1,1,49,14.41
"",2022-10-08,3219111,Gaming Studio,973923062,Holiday Sale,983960464,Premium Users,983951567,download,EXACT,USD,ACTIVE,7,0,0,0,0,0,0,0,0,53,5.52
"",2024-07-22,3219111,Gaming Studio,973923061,New Feature,983960461,Retargeting,983951560,puzzle,BROAD,USD,PAUSED,9,2,2,0,0,2,2,2,2,132,10.06
"",2024-10-26,3219110,Tip Tap Cat,973923054,Tap Away,983960447,Retargeting,983951521,action,BROAD,USD,ACTIVE,4,2,2,0,0,2,2,2,2,156,13.72
"",2023-03-19,3219110,Tip Tap Cat,973923054,Tap Away,983960442,Bored Ad Group,983951491,im bored,BROAD,USD,ACTIVE,10,5,5,0,0,5,5,5,5,113,9.02
"",2025-05-08,3219110,Tip Tap Cat,973923054,Tap Away,983960442,Bored Ad Group,983951500,app,EXACT,USD,PAUSED,14,4,4,0,0,4,4,4,4,162,8.74
"",2022-11-01,3219110,Tip Tap Cat,973923054,Tap Away,983960442,Bored Ad Group,983951501,casual,BROAD,USD,PAUSED,22,11,11,0,0,11,11,11,11,156,6.14
"",2023-09-23,3219110,Tip Tap Cat,973923054,Tap Away,976005125,Kitty Cat Tap,983951504,game,BROAD,USD,ACTIVE,6,1,1,0,0,1,1,1,1,160,4.32
"",2024-06-12,3219110,Tip Tap Cat,973923054,Tap Away,976005125,Kitty Cat Tap,983951495,sports,BROAD,USD,PAUSED,5,1,1,0,0,1,1,1,1,39,12.35
"",2024-02-23,3219111,Gaming Studio,973923061,New Feature,983960462,Retargeting,983951561,download,EXACT,USD,ACTIVE,2,0,0,0,0,0,0,0,0,43,19.18
"",2024-09-06,3219111,Gaming Studio,973923061,New Feature,983960463,Budget Segment,983951563,game,BROAD,USD,PAUSED,8,4,4,0,0,4,4,4,4,93,19.52
"",2025-06-10,3219110,Tip Tap Cat,973923054,Tap Away,976005125,Kitty Cat Tap,976093305,pet cat,BROAD,USD,ACTIVE,6,3,3,0,0,3,3,3,3,63,9.77
"",2021-12-11,3219110,Tip Tap Cat,973923054,Tap Away,976005125,Kitty Cat Tap,976093305,pet cat,BROAD,USD,ACTIVE,0,0,0,0,0,0,0,0,0,19,0
"",2021-12-15,3219110,Tip Tap Cat,973923054,Tap Away,976005125,Kitty Cat Tap,976093304,kitten,BROAD,USD,ACTIVE,3,2,2,0,0,2,2,2,2,33,0.84
"",2022-01-15,3219110,Tip Tap Cat,973923054,Tap Away,983960442,Bored Ad Group,983951500,app,EXACT,USD,PAUSED,1,1,1,0,0,1,1,1,1,19,4.8
"",2025-09-02,3219110,Tip Tap Cat,973923054,Tap Away,983960442,Bored Ad Group,983951498,education,BROAD,USD,ACTIVE,1,1,1,0,0,1,1,1,1,30,1.7
"",2024-04-29,3219110,Tip Tap Cat,973923060,User Acquisition,983960459,New Users,983951555,music,BROAD,USD,ACTIVE,14,7,7,0,0,7,7,7,7,108,1.86
"",2025-08-03,3219110,Tip Tap Cat,973923054,Tap Away,983960445,Budget Segment,983951514,kids,EXACT,USD,ACTIVE,22,1,1,0,0,1,1,1,1,184,10.15
"",2024-10-14,3219111,Gaming Studio,973923061,New Feature,983960463,Budget Segment,983951563,game,BROAD,USD,PAUSED,12,5,5,0,0,5,5,5,5,140,9.2
"",2023-04-03,3219110,Tip Tap Cat,973923054,Tap Away,983960443,Retargeting,983951509,play,EXACT,USD,ACTIVE,10,2,2,0,0,2,2,2,2,197,18.57
"",2021-12-13,3219110,Tip Tap Cat,973923054,Tap Away,976005125,Kitty Cat Tap,976093312,games for cats,BROAD,USD,ACTIVE,0,0,0,0,0,0,0,0,0,38,0
"",2024-08-05,3219110,Tip Tap Cat,973923054,Tap Away,983960444,Retargeting,983951511,racing,EXACT,USD,ACTIVE,20,10,10,0,0,10,10,10,10,183,13.19
"",2023-08-21,3219111,Gaming Studio,973923063,Summer Special,983960467,Premium Users,983951577,simulation,BROAD,USD,ACTIVE,4,2,2,0,0,2,2,2,2,29,1.02
"",2023-07-02,3162550,Joseph Markiewicz,973923056,Holiday Sale,983960451,Retargeting,983951532,adventure,EXACT,USD,ACTIVE,7,2,2,0,0,2,2,2,2,71,8.23
"",2021-12-19,3219110,Tip Tap Cat,973923054,Tap Away,976005125,Kitty Cat Tap,976093312,games for cats,BROAD,USD,ACTIVE,5,3,3,0,0,3,3,3,3,56,1.49
"",2025-05-15,3219110,Tip Tap Cat,973923054,Tap Away,983960445,Budget Segment,983951513,music,BROAD,USD,ACTIVE,15,0,0,0,0,0,0,0,0,124,2.09
"",2025-12-04,3219110,Tip Tap Cat,973923059,Spring Launch,983960457,High Value,983951549,play,BROAD,USD,ACTIVE,2,0,0,0,0,0,0,0,0,84,10.68
"",2022-11-14,3219110,Tip Tap Cat,973923054,Tap Away,983960442,Bored Ad Group,983951499,photo,EXACT,USD,PAUSED,12,3,3,0,0,3,3,3,3,113,13.76
"",2023-08-17,3219111,Gaming Studio,973923063,Summer Special,983960465,Retargeting,983951571,kids,BROAD,USD,PAUSED,8,2,2,0,0,2,2,2,2,125,16.72
"",2025-03-23,3219110,Tip Tap Cat,973923054,Tap Away,976005125,Kitty Cat Tap,983951496,strategy,BROAD,USD,ACTIVE,9,3,3,0,0,3,3,3,3,105,7.69
"",2025-11-03,3219111,Gaming Studio,973923063,Summer Special,983960466,Premium Users,983951573,puzzle,EXACT,USD,ACTIVE,5,1,1,0,0,1,1,1,1,48,2.55
"",2025-09-09,3219110,Tip Tap Cat,973923057,Holiday Sale,983960455,Premium Users,983951544,arcade,BROAD,USD,PAUSED,7,2,2,0,0,2,2,2,2,66,4.19
"",2025-09-28,3219110,Tip Tap Cat,973923054,Tap Away,976005125,Kitty Cat Tap,976093311,cat game,BROAD,USD,ACTIVE,2,1,1,0,0,1,1,1,1,89,2.96
"",2025-01-26,3162550,Joseph Markiewicz,973923055,Summer Special,983960449,High Value,983951527,play,EXACT,USD,ACTIVE,9,1,1,0,0,1,1,1,1,134,17.64
"",2022-09-04,3162550,Joseph Markiewicz,973923055,Summer Special,983960448,High Value,983951522,fun,EXACT,USD,ACTIVE,3,1,1,0,0,1,1,1,1,61,16.34
"",2022-11-12,3219110,Tip Tap Cat,973923057,Holiday Sale,983960455,Premium Users,983951544,arcade,BROAD,USD,PAUSED,6,2,2,0,0,2,2,2,2,192,9.33
"",2024-05-23,3219110,Tip Tap Cat,973923054,Tap Away,983960442,Bored Ad Group,983951499,photo,EXACT,USD,PAUSED,8,1,1,0,0,1,1,1,1,103,3.44
"",2021-12-16,3219110,Tip Tap Cat,973923054,Tap Away,976005125,Kitty Cat Tap,976093311,cat game,BROAD,USD,ACTIVE,0,0,0,0,0,0,0,0,0,4,0
"",2022-08-20,3162550,Joseph Markiewicz,973923055,Summer Special,983960448,High Value,983951524,music,EXACT,USD,ACTIVE,2,1,1,0,0,1,1,1,1,33,18.99
"",2023-11-21,3219110,Tip Tap Cat,973923054,Tap Away,983960443,Retargeting,983951509,play,EXACT,USD,ACTIVE,16,5,5,0,0,5,5,5,5,142,10.2
"",2025-09-17,3219110,Tip Tap Cat,973923057,Holiday Sale,983960455,Premium Users,983951543,puzzle,EXACT,USD,ACTIVE,8,3,3,0,0,3,3,3,3,127,3.46
"",2023-12-10,3219110,Tip Tap Cat,973923054,Tap Away,983960445,Budget Segment,983951513,music,BROAD,USD,ACTIVE,5,0,0,0,0,0,0,0,0,59,9.05
"",2025-02-11,3219110,Tip Tap Cat,973923054,Tap Away,976005125,Kitty Cat Tap,983951496,strategy,BROAD,USD,ACTIVE,12,5,5,0,0,5,5,5,5,111,1.5
"",2023-08-12,3219111,Gaming Studio,973923061,New Feature,983960463,Budget Segment,983951565,play,EXACT,USD,PAUSED,17,6,6,0,0,6,6,6,6,128,16.62
"",2021-12-20,3219110,Tip Tap Cat,973923054,Tap Away,976005125,Kitty Cat Tap,976093312,games for cats,BROAD,USD,ACTIVE,1,0,0,0,0,0,0,0,0,10,0.13
"",2024-06-01,3219110,Tip Tap Cat,973923054,Tap Away,976005125,Kitty Cat Tap,976093306,kitty games,BROAD,USD,ACTIVE,1,1,1,0,0,1,1,1,1,12,14.57
"",2021-12-15,3219110,Tip Tap Cat,973923054,Tap Away,976005125,Kitty Cat Tap,976093309,cat games for cats,BROAD,USD,ACTIVE,0,0,0,0,0,0,0,0,0,34,0
"",2024-04-25,3219111,Gaming Studio,973923061,New Feature,983960463,Budget Segment,983951563,game,BROAD,USD,PAUSED,13,5,5,0,0,5,5,5,5,137,9.34
"",2024-12-16,3219111,Gaming Studio,973923061,New Feature,983960461,Retargeting,983951559,action,BROAD,USD,ACTIVE,2,0,0,0,0,0,0,0,0,45,6.17
"",2021-12-15,3219110,Tip Tap Cat,973923054,Tap Away,976005125,Kitty Cat Tap,976093308,cat,BROAD,USD,ACTIVE,1,0,0,0,0,0,0,0,0,56,0.82
"",2023-08-08,3219110,Tip Tap Cat,973923059,Spring Launch,983960457,High Value,983951548,puzzle,EXACT,USD,ACTIVE,11,3,3,0,0,3,3,3,3,150,2.76
"",2022-05-16,3162550,Joseph Markiewicz,973923056,Holiday Sale,983960450,Premium Users,983951530,game,BROAD,USD,ACTIVE,7,0,0,0,0,0,0,0,0,51,13.24
"",2021-12-13,3219110,Tip Tap Cat,973923054,Tap Away,976005125,Kitty Cat Tap,976093308,cat,BROAD,USD,ACTIVE,0,0,0,0,0,0,0,0,0,49,0
"",2025-11-19,3219110,Tip Tap Cat,973923060,User Acquisition,983960458,New Users,983951551,puzzle,EXACT,USD,ACTIVE,15,2,2,0,0,2,2,2,2,130,14.55
"",2021-12-11,3219110,Tip Tap Cat,973923054,Tap Away,976005125,Kitty Cat Tap,976093310,tap tap,BROAD,USD,ACTIVE,1,0,0,0,0,0,0,0,0,28,1.14
"",2023-11-13,3219110,Tip Tap Cat,973923054,Tap Away,983960445,Budget Segment,983951513,music,BROAD,USD,ACTIVE,11,3,3,0,0,3,3,3,3,84,12.32
"",2025-02-11,3219110,Tip Tap Cat,973923059,Spring Launch,983960457,High Value,983951549,play,BROAD,USD,ACTIVE,26,2,2,0,0,2,2,2,2,181,12
"",2023-05-13,3219111,Gaming Studio,973923063,Summer Special,983960466,Premium Users,983951575,family,BROAD,USD,ACTIVE,19,2,2,0,0,2,2,2,2,189,5.73
"",2023-08-24,3219110,Tip Tap Cat,973923054,Tap Away,976005125,Kitty Cat Tap,983951496,strategy,BROAD,USD,ACTIVE,18,4,4,0,0,4,4,4,4,139,3.11
"",2023-11-06,3219111,Gaming Studio,973923061,New Feature,983960463,Budget Segment,983951563,game,BROAD,USD,PAUSED,5,2,2,0,0,2,2,2,2,70,11.75
"",2024-03-22,3219111,Gaming Studio,973923063,Summer Special,983960465,Retargeting,983951572,adventure,BROAD,USD,PAUSED,20,4,4,0,0,4,4,4,4,180,6.92
"",2025-02-14,3162550,Joseph Markiewicz,973923056,Holiday Sale,983960452,Premium Users,983951535,app,EXACT,USD,ACTIVE,5,2,2,0,0,2,2,2,2,63,6.81
"",2022-07-03,3162550,Joseph Markiewicz,973923056,Holiday Sale,983960451,Retargeting,983951533,music,EXACT,USD,ACTIVE,7,3,3,0,0,3,3,3,3,143,4.57
"",2025-06-17,3219110,Tip Tap Cat,973923054,Tap Away,976005125,Kitty Cat Tap,976093306,kitty games,BROAD,USD,ACTIVE,3,0,0,0,0,0,0,0,0,24,13.87
"",2022-03-15,3219110,Tip Tap Cat,973923060,User Acquisition,983960459,New Users,983951556,puzzle,EXACT,USD,PAUSED,7,0,0,0,0,0,0,0,0,65,9.33
"",2023-08-01,3219110,Tip Tap Cat,973923054,Tap Away,983960442,Bored Ad Group,983951500,app,EXACT,USD,PAUSED,15,2,2,0,0,2,2,2,2,159,9.32
"",2025-12-03,3219110,Tip Tap Cat,973923054,Tap Away,976005125,Kitty Cat Tap,976093310,tap tap,BROAD,USD,ACTIVE,28,1,1,0,0,1,1,1,1,191,15.17
"",2023-01-16,3219110,Tip Tap Cat,973923057,Holiday Sale,983960454,Retargeting,983951542,photo,BROAD,USD,ACTIVE,12,5,5,0,0,5,5,5,5,157,4.1
