school_name,survey_pp_es,n_chronic_absent_ems_allem,teacher_ethnicity_pacific,n_chronic_absent_ems_allep,n_pct_accel_try_all,n_pct_core_soc_all,n_chronic_absent_ems_allgf,val_prof_pct_watn3_elalevel34,n_prof_2plus_watn5_elalevel1,val_pct_accel_p_lote_all,ethnicity_black_pct,val_prof_pct_watn5_elalevel2,qr_5_1,ethnicity_hispanic_pct_dist,val_chronic_absent_ems_allea,n_prof_2plus_watn3_elalevel1,rating_ela_grade_5_pct_rs,ethnicity_white_pct,qr_4_1,val_interaction_k8_all,n_pct_accel_p_all,qr_2_2,near_pct_white,survey_pp_ct,val_pct_core_mth_all,teacher_ethnicity_black_pct,n_pct_accel_p_sci_all,n_pct_accelerated_all,n_chronic_absent_ems_all,n_prof_pct_watn3_mthlevel2,teacher_ethnicity_amerindian,n_pct_accel_sci_all,qr_1_3,val_pct_core_soc_all,n_hs_9gr_credits_all,n_attendance_k8_all,near_pct_black,n_chronic_absent_ems_allei,ethnicity_amerindian_pct,temp_housing_pct,val_pct_accel_lote_all,val_prof_2plus_watn5_elalevel1,ethnicity_pacific_pct_dist,n_pct_accel_p_lote_all,n_pct_core_ela_all,ethnicity_black_pct_dist,val_prof_pct_watn5_elalevel34,val_prof_pct_watn3_elalevel2,teach_3_more_exp,n_chronic_absent_ems_alleh,n_prof_2plus_watn5_mthlevel1
P.S. 099 Kew Gardens,0.97,37,0,3,No Data,No Data,350,0.754,No Data,No Data,0.048,No Data,Proficient,0.274,0.844,13,No Data,0.282,Well Developed,0.991,No Data,Proficient,0.271,0.97,No Data,No Data,No Data,No Data,723,14,0,No Data,Well Developed,No Data,No Data,763,0.127,12,0.017,0.112,No Data,No Data,0.012,No Data,No Data,0.193,No Data,0.269,0.948,267,No Data
P.S. 098 Shorac Kappock,0.48,1,0,No Data,No Data,No Data,171,No Data,No Data,No Data,0.016,No Data,Proficient,0.851,No Data,23,No Data,0.029,Proficient,0.849,No Data,Proficient,0.092,0.61,No Data,No Data,No Data,No Data,335,13,0,No Data,Proficient,No Data,No Data,346,0.021,No Data,0.0,0.224,No Data,No Data,0.001,No Data,No Data,0.059,No Data,No Data,0.946,317,No Data
The School For Future Leaders,0.99,1,0,4,No Data,No Data,218,0.691,No Data,No Data,0.0,No Data,Well Developed,0.247,0.931,3,No Data,0.039,Well Developed,0.95,No Data,Well Developed,0.051,1,No Data,No Data,No Data,No Data,442,12,0,No Data,Well Developed,No Data,No Data,450,0.007,No Data,0.0,0.096,No Data,No Data,0.001,No Data,No Data,0.009,No Data,No Data,0.875,44,No Data
"Queens School of Inquiry, The",0.85,1,0,No Data,76,245,133,No Data,16,0,0.132,0.333,Well Developed,0.266,0.9,No Data,2.9,0.164,Proficient,0.945,76,Well Developed,0.123,0.83,1,0,76,76,250,No Data,0,76,Well Developed,0.906,84,253,0.087,No Data,0.0,0.022,0,0.5,0.003,75,245,0.036,0.816,No Data,0.804,55,10
I.S. 250 The Robert F. Kennedy Community Middle Sc,0.85,No Data,0,6,126,345,169,No Data,33,No Data,0.262,0.654,Proficient,0.266,0.928,No Data,2.41,0.065,Proficient,0.862,27,Proficient,0.162,0.9,0.954,No Data,27,126,373,No Data,0,126,Proficient,0.954,117,392,0.123,12,0.034,0.121,0,0.606,0.003,No Data,345,0.036,0.875,No Data,0.968,135,38
P.S. 277,0.63,1,0,No Data,No Data,No Data,168,0.381,No Data,No Data,0.243,No Data,Proficient,0.669,No Data,6,No Data,0.006,Well Developed,0.762,No Data,Proficient,0.011,0.68,No Data,0.214,No Data,No Data,351,20,0,No Data,Proficient,No Data,No Data,364,0.313,9,0.026,0.219,No Data,No Data,0.003,No Data,No Data,0.294,No Data,0,0.548,250,No Data
Parkside Preparatory Academy,0.87,2,0,No Data,152,420,227,No Data,69,No Data,0.74,0.605,Proficient,0.142,0.778,No Data,2.36,0.037,Well Developed,0.821,59,Proficient,0.047,0.77,0.99,0.618,59,152,447,No Data,0,152,Well Developed,0.99,153,454,0.768,11,0.026,0.142,0,0.754,0.004,No Data,420,0.775,0.68,No Data,0.735,68,61
P.S. 068 Cambridge,0.9,3,0,1,No Data,No Data,231,0.559,No Data,No Data,0.015,No Data,Proficient,0.687,No Data,24,No Data,0.048,Proficient,0.928,No Data,Proficient,0.084,0.93,No Data,No Data,No Data,No Data,494,34,0,No Data,Proficient,No Data,No Data,507,0.018,No Data,0.0,0.064,No Data,No Data,0.002,No Data,No Data,0.016,No Data,0.103,0.909,446,No Data
P.S. 028 The Warren Prep Academy,0.83,1,0,No Data,No Data,No Data,38,No Data,No Data,No Data,0.81,No Data,Proficient,0.232,No Data,3,No Data,0.0,Well Developed,0.972,No Data,Proficient,0.041,0.72,No Data,0.455,No Data,No Data,84,9,0,No Data,Well Developed,No Data,No Data,88,0.711,No Data,0.0,0.165,No Data,No Data,0.01,No Data,No Data,0.697,No Data,No Data,1,14,No Data
P.S. 021 Edward Hart,0.82,16,0,3,No Data,No Data,623,0.779,No Data,No Data,0.01,No Data,Proficient,0.271,0.91,13,No Data,0.051,Well Developed,0.943,No Data,Proficient,0.137,0.86,No Data,0,No Data,No Data,1275,39,0,No Data,Well Developed,No Data,No Data,1297,0.009,4,0.003,0.147,No Data,No Data,0.002,No Data,No Data,0.034,No Data,0.163,0.875,382,No Data
Liberty Avenue Middle School,0.83,1,0,1,170,496,269,No Data,55,No Data,0.237,0.362,Proficient,0.455,0.905,No Data,2.43,0.014,Well Developed,0.887,61,Well Developed,0.017,0.87,0.984,0.196,27,170,534,No Data,0,170,Well Developed,0.938,153,550,0.314,12,0.021,0.216,0,0.582,0.007,No Data,496,0.442,0.724,No Data,0.826,365,48
P.S. 506: The School of Journalism & Technology,0.9,1,0,No Data,No Data,No Data,377,0.862,No Data,No Data,0.009,No Data,Proficient,0.247,0.941,24,No Data,0.037,Proficient,0.92,No Data,Proficient,0.048,0.97,No Data,No Data,No Data,No Data,751,34,No Data,No Data,Well Developed,No Data,No Data,767,0.011,1,0.001,0.084,No Data,No Data,0.001,No Data,No Data,0.009,No Data,0.163,0.844,493,No Data
Mott Hall III,0.84,No Data,0,No Data,106,334,193,No Data,32,No Data,0.335,0.69,Proficient,0.673,No Data,No Data,2.73,0.021,Well Developed,0.958,27,Proficient,0.016,0.85,1,0.2,27,106,343,No Data,0,106,Well Developed,0.988,100,349,0.418,No Data,0.0,0.141,0,0.844,0.003,No Data,334,0.297,0.98,No Data,0.76,219,25
Harold O. Levy School,0.97,No Data,0,No Data,92,259,125,No Data,38,0,0.045,No Data,Developing,0.897,No Data,No Data,2.05,0.011,Proficient,0.855,29,Proficient,0.053,0.95,0.969,0,No Data,92,275,No Data,0,92,Proficient,0.969,77,279,0.031,2,0.007,0.157,0,0.632,0.001,29,259,0.064,No Data,No Data,0.852,256,33
P.S. 108 Assemblyman Angelo Del Toro Educational C,0.9,4,No Data,1,59,182,180,No Data,34,No Data,0.338,0.563,Developing,0.562,No Data,No Data,No Data,0.03,Well Developed,0.759,No Data,Proficient,0.048,0.88,0.989,0.128,No Data,59,414,No Data,No Data,59,Proficient,0.989,51,424,0.34,4,0.01,0.217,0,0.735,0.004,No Data,182,0.321,No Data,No Data,0.872,244,25
P.S. 140 Nathan Straus,0.89,No Data,0,1,63,180,175,No Data,29,No Data,0.154,0.2,Well Developed,0.45,No Data,No Data,No Data,0.019,Proficient,0.904,No Data,Proficient,0.128,0.85,0.961,No Data,No Data,63,376,No Data,0,63,Well Developed,1,53,401,0.142,1,0.003,0.236,0,0.759,0.004,No Data,180,0.173,No Data,No Data,0.821,296,24
P.S. 256 Benjamin Banneker,0.99,2,0,No Data,No Data,No Data,107,0.556,No Data,No Data,0.626,No Data,Developing,0.209,No Data,6,No Data,0.036,Proficient,0.656,No Data,Developing,0.065,No Data,No Data,0.611,No Data,No Data,203,7,0,No Data,Developing,No Data,No Data,213,0.565,1,0.005,0.195,No Data,No Data,0.006,No Data,No Data,0.443,No Data,No Data,0.778,67,No Data
Cynthia Jenkins School,0.33,1,No Data,1,No Data,No Data,158,0.375,No Data,No Data,0.849,No Data,Proficient,0.165,No Data,18,No Data,0.0,Proficient,0.866,No Data,Developing,0.007,0.47,No Data,0.621,No Data,No Data,342,17,No Data,No Data,Proficient,No Data,No Data,365,0.876,5,0.012,0.194,No Data,No Data,0.009,No Data,No Data,0.568,No Data,0,0.862,33,No Data
P.S. Q086,0.84,3,0,2,No Data,No Data,371,0.649,No Data,No Data,0.06,No Data,Proficient,0.274,0.759,20,No Data,0.024,Well Developed,0.901,No Data,Proficient,0.023,0.83,No Data,No Data,No Data,No Data,765,52,0,No Data,Well Developed,No Data,No Data,798,0.111,21,0.028,0.093,No Data,No Data,0.012,No Data,No Data,0.193,No Data,0.226,1,244,No Data
P.S. 081 Thaddeus Stevens,0.81,3,0,11,No Data,No Data,131,0.389,No Data,No Data,0.539,No Data,Developing,0.232,No Data,3,No Data,0.045,Proficient,0.798,No Data,Developing,0.045,0.83,No Data,0.7,No Data,No Data,267,19,0,No Data,Proficient,No Data,No Data,284,0.538,3,0.012,0.257,No Data,No Data,0.01,No Data,No Data,0.697,No Data,0,0.767,91,No Data
The SEEALL Academy,0.93,10,0,2,143,490,505,No Data,32,No Data,0.01,0.743,Proficient,0.254,0.95,No Data,No Data,0.226,Proficient,0.964,59,Proficient,0.244,0.91,1,No Data,59,143,1063,No Data,0,143,Well Developed,1,146,1083,0.015,5,0.005,0.048,0,0.75,0.003,No Data,490,0.017,0.947,No Data,0.837,318,14
Community Voices Middle School,0.77,No Data,0,2,118,330,150,No Data,37,No Data,0.829,0.5,Developing,0.161,No Data,No Data,2.27,0.012,Proficient,0.825,26,Proficient,0.009,0.76,0.603,0.462,25,118,352,No Data,0,118,Developing,0.921,89,367,0.86,8,0.024,0.2,0,0.595,0.009,No Data,330,0.612,0.889,No Data,0.692,42,27
P.S. 005 Dr. Ronald McNair,0.58,1,0,No Data,No Data,No Data,99,No Data,No Data,No Data,0.798,No Data,Developing,0.232,No Data,1,No Data,0.027,Well Developed,0.845,No Data,Developing,0.049,0.75,No Data,0.85,No Data,No Data,198,4,0,No Data,Proficient,No Data,No Data,212,0.634,No Data,0.0,0.333,No Data,No Data,0.01,No Data,No Data,0.697,No Data,No Data,0.6,34,No Data
P.S. 015 Roberto Clemente,0.92,No Data,0,3,No Data,No Data,93,No Data,No Data,No Data,0.278,No Data,Proficient,0.529,0.905,4,No Data,0.051,Well Developed,0.874,No Data,Proficient,0.079,0.91,No Data,No Data,No Data,No Data,185,10,0,No Data,Well Developed,No Data,No Data,194,0.189,2,0.011,0.386,No Data,No Data,0.005,No Data,No Data,0.153,No Data,No Data,0.696,98,No Data
P.S. 084 Lillian Weber,0.91,21,0,No Data,No Data,No Data,319,0.8,No Data,No Data,0.085,No Data,Proficient,0.293,0.864,6,No Data,0.506,Proficient,0.952,No Data,Proficient,0.436,0.95,No Data,No Data,No Data,No Data,590,15,0,No Data,Well Developed,No Data,No Data,607,0.118,1,0.002,0.066,No Data,No Data,0.003,No Data,No Data,0.206,No Data,0.059,0.769,200,No Data
P.S. 174 William Sidney Mount,0.7,30,0,1,No Data,No Data,312,0.797,No Data,No Data,0.033,No Data,Proficient,0.274,0.945,5,No Data,0.297,Well Developed,0.978,No Data,Proficient,0.334,0.77,No Data,No Data,No Data,No Data,645,21,0,No Data,Proficient,No Data,No Data,654,0.031,4,0.006,0.021,No Data,No Data,0.012,No Data,No Data,0.193,No Data,0.273,0.978,163,No Data
P.S. 024 Spuyten Duyvil,0.81,33,0,2,No Data,No Data,402,0.831,No Data,No Data,0.081,No Data,Proficient,0.76,0.935,1,No Data,0.346,Proficient,0.949,No Data,Proficient,0.344,0.84,No Data,No Data,No Data,No Data,851,24,0,No Data,Proficient,No Data,No Data,856,0.076,5,0.006,0.034,No Data,No Data,0.002,No Data,No Data,0.134,No Data,0.464,0.925,372,No Data
P.S. 221 The North Hills School,0.94,11,0,No Data,No Data,No Data,289,0.794,No Data,No Data,0.024,No Data,No Data,0.141,0.923,4,No Data,0.186,No Data,0.912,No Data,Well Developed,0.23,0.97,No Data,No Data,No Data,No Data,630,8,0,No Data,No Data,No Data,No Data,643,0.026,No Data,0.0,0.006,No Data,No Data,0.003,No Data,No Data,0.045,No Data,No Data,0.9,93,No Data
P.S. 245,0.95,1,0,No Data,No Data,No Data,130,0.5,No Data,No Data,0.506,No Data,No Data,0.158,No Data,5,No Data,0.012,No Data,0.953,No Data,Proficient,0.074,0.99,No Data,0.37,No Data,No Data,261,18,0,No Data,No Data,No Data,No Data,268,0.482,8,0.024,0.119,No Data,No Data,0.006,No Data,No Data,0.334,No Data,0.176,0.852,113,No Data
Samara Community School,0.92,1,0,No Data,No Data,No Data,137,No Data,No Data,No Data,0.113,No Data,No Data,0.696,No Data,No Data,No Data,0.008,No Data,0.901,No Data,Proficient,0.011,0.96,No Data,No Data,No Data,No Data,262,No Data,0,No Data,No Data,No Data,No Data,267,0.322,No Data,0.0,0.18,No Data,No Data,0.003,No Data,No Data,0.231,No Data,No Data,0.577,230,No Data
Frederick Douglass Academy II Secondary School,0.76,1,0,No Data,21,69,35,No Data,8,No Data,0.63,No Data,Proficient,0.352,No Data,No Data,2.26,0.041,Proficient,0.862,20,Proficient,0.094,0.74,0.971,0.379,20,21,76,No Data,0,21,Proficient,1,21,83,0.387,4,0.055,0.165,0,No Data,0.003,No Data,69,0.212,No Data,No Data,0.759,19,5
P.S. 199X - The Shakespeare School,0.92,2,No Data,3,No Data,No Data,321,0.647,No Data,No Data,0.268,No Data,Proficient,0.692,No Data,24,No Data,0.015,Well Developed,0.914,No Data,Proficient,0.016,0.9,No Data,0.182,No Data,No Data,654,23,No Data,No Data,Well Developed,No Data,No Data,690,0.317,16,0.026,0.309,No Data,No Data,0.002,No Data,No Data,0.277,No Data,0.108,0.891,439,No Data
Bronx Latin,0.87,1,0,1,71,212,116,No Data,37,No Data,0.194,0.391,Proficient,0.699,No Data,No Data,2.39,0.014,Well Developed,0.87,71,Proficient,0.017,0.88,1,0.213,71,71,221,No Data,0,71,Well Developed,0.991,78,226,0.359,1,0.005,0.124,0,0.514,0.003,No Data,212,0.25,No Data,No Data,0.489,171,33
P.S. 208 Elsa Ebeling,0.74,2,0,1,No Data,No Data,158,0.593,No Data,No Data,0.897,No Data,Proficient,0.08,No Data,9,No Data,0.003,Proficient,0.805,No Data,Proficient,0.008,0.75,No Data,0.394,No Data,No Data,329,17,0,No Data,Proficient,No Data,No Data,339,0.901,2,0.003,0.106,No Data,No Data,0.006,No Data,No Data,0.843,No Data,0,0.879,25,No Data
P.S. 043,0.49,2,0,6,71,231,397,No Data,35,No Data,0.611,No Data,Developing,0.399,No Data,No Data,No Data,0.028,Proficient,0.757,71,Developing,0.032,0.54,0.944,0.171,No Data,71,816,No Data,0,71,Proficient,No Data,57,861,0.651,4,0.004,0.191,0,0.543,0.011,No Data,231,0.232,No Data,No Data,0.771,273,35
P.S./M.S. 200 - The Magnet School of Global Studie,0.92,6,0,No Data,60,175,243,No Data,13,0,0.214,No Data,Proficient,0.272,0.879,No Data,No Data,0.114,Well Developed,0.952,60,Well Developed,0.136,0.86,1,No Data,58,60,511,No Data,0,60,Well Developed,0.983,57,519,0.123,5,0.01,0.07,0,No Data,0.002,60,175,0.043,0.867,No Data,0.909,268,8
P.S. X114 - Luis Llorens Torres Schools,0.86,2,No Data,2,No Data,No Data,304,0.545,No Data,No Data,0.192,No Data,Proficient,0.692,0.81,35,No Data,0.028,Proficient,0.867,No Data,Proficient,0.013,0.87,No Data,0.367,No Data,No Data,656,35,No Data,No Data,Proficient,No Data,No Data,700,0.239,6,0.008,0.341,No Data,No Data,0.002,No Data,No Data,0.277,No Data,0.061,0.783,481,No Data
J.H.S. 143 Eleanor Roosevelt,0.93,1,No Data,No Data,73,206,102,No Data,44,No Data,0.054,No Data,Developing,0.897,No Data,No Data,2.02,0.05,Proficient,0.849,51,Proficient,0.03,0.91,0.932,No Data,17,73,231,No Data,No Data,73,Proficient,0.981,92,239,0.052,1,0.005,0.257,0,0.523,0.001,No Data,206,0.064,No Data,No Data,0.909,203,41
Washington Heights Expeditionary Learning School,0.85,4,0,No Data,79,249,216,No Data,39,0,0.006,0.333,Proficient,0.848,No Data,No Data,No Data,0.059,Proficient,0.876,79,Well Developed,0.031,0.91,0.984,No Data,No Data,79,481,No Data,0,79,Well Developed,1,77,490,0.034,No Data,0.0,0.134,0,0.872,0.001,76,249,0.068,No Data,No Data,0.747,440,38
J.H.S. 167 Robert F. Wagner,0.87,54,0,6,439,1312,629,No Data,47,No Data,0.073,0.469,No Data,0.188,0.968,No Data,3.38,0.536,No Data,0.956,165,Well Developed,0.691,0.85,0.999,0.056,98,439,1374,No Data,0,439,No Data,1,385,1385,0.029,8,0.005,0.033,0,0.83,0.003,No Data,1312,0.09,0.897,No Data,0.822,222,36
Concourse Village Elementary School,0.99,No Data,0,2,No Data,No Data,152,0.486,No Data,No Data,0.32,No Data,Well Developed,0.669,No Data,No Data,No Data,0.014,Well Developed,1,No Data,Well Developed,0.023,0.99,No Data,0,No Data,No Data,296,No Data,0,No Data,Well Developed,No Data,No Data,305,0.347,1,0.003,0.197,No Data,No Data,0.003,No Data,No Data,0.294,No Data,No Data,0.731,193,No Data
P.S. 181 Brookfield,0.78,9,0,2,No Data,No Data,149,0.864,No Data,No Data,0.736,No Data,Proficient,0.165,No Data,2,No Data,0.01,Well Developed,0.739,No Data,Proficient,0.008,0.77,No Data,0.441,No Data,No Data,310,13,0,No Data,Well Developed,No Data,No Data,331,0.804,7,0.024,0.092,No Data,No Data,0.009,No Data,No Data,0.568,No Data,No Data,0.853,52,No Data
"Ballet Tech, NYC Public School for Dance",0.87,16,0,No Data,19,68,82,No Data,1,No Data,0.177,No Data,No Data,0.174,1,No Data,No Data,0.22,No Data,0.937,18,Well Developed,0.161,0.92,1,No Data,No Data,19,142,No Data,0,19,No Data,1,21,142,0.247,2,0.014,0.043,0,No Data,0.003,No Data,68,0.075,1,No Data,0.8,29,No Data
P.S. 159 Luis Munoz Marin Biling,0.94,1,No Data,No Data,No Data,No Data,119,No Data,No Data,No Data,0.129,No Data,Developing,0.76,No Data,3,No Data,0.021,Proficient,0.859,No Data,Proficient,0.014,0.95,No Data,No Data,No Data,No Data,200,7,No Data,No Data,Proficient,No Data,No Data,205,0.368,1,0.005,0.242,No Data,No Data,0.002,No Data,No Data,0.134,No Data,No Data,0.857,169,No Data
P.S. 179 Kensington,0.83,2,0,3,No Data,No Data,399,0.642,No Data,No Data,0.039,No Data,Proficient,0.247,0.808,22,No Data,0.154,Proficient,0.819,No Data,Proficient,0.169,0.85,No Data,No Data,No Data,No Data,790,30,0,No Data,Well Developed,No Data,No Data,822,0.034,7,0.009,0.109,No Data,No Data,0.001,No Data,No Data,0.009,No Data,0.079,0.952,188,No Data
Medgar Evers College Preparatory School,0.88,2,0,2,138,510,279,No Data,1,0,0.852,No Data,Proficient,0.142,No Data,No Data,3.53,0.01,Proficient,0.972,133,Proficient,0.117,0.82,0.851,0.561,15,138,522,No Data,0,138,Well Developed,0.908,103,525,0.657,18,0.035,0.057,0,No Data,0.004,51,510,0.775,0.942,No Data,0.773,27,3
Channel View School for Research,0.88,9,0,4,134,449,260,No Data,21,No Data,0.384,0.474,No Data,0.405,0.9,No Data,2.73,0.079,No Data,0.935,129,Well Developed,0.152,0.92,0.982,0.192,128,134,466,No Data,0,134,No Data,0.993,116,472,0.529,11,0.024,0.048,0,0.81,0.013,No Data,449,0.184,0.763,No Data,0.692,198,21
P.S. 013 Clement C. Moore,0.79,11,0,1,No Data,No Data,742,0.581,No Data,No Data,0.081,No Data,Proficient,0.687,0.896,29,No Data,0.048,Proficient,0.999,No Data,Proficient,0.057,0.84,No Data,No Data,No Data,No Data,1432,64,0,No Data,Well Developed,No Data,No Data,1459,0.097,9,0.006,0.127,No Data,No Data,0.002,No Data,No Data,0.016,No Data,0.148,0.88,803,No Data
P.S. 012 James B. Colgate,0.95,9,0,4,No Data,No Data,536,0.735,No Data,No Data,0.003,No Data,Well Developed,0.687,0.88,8,No Data,0.033,Well Developed,0.978,No Data,Well Developed,0.042,0.93,No Data,No Data,No Data,No Data,1151,34,0,No Data,Well Developed,No Data,No Data,1178,0.001,10,0.009,0.101,No Data,No Data,0.002,No Data,No Data,0.016,No Data,0.059,0.987,469,No Data
P.S. 199 Frederick Wachtel,0.89,6,0,No Data,No Data,No Data,256,0.667,No Data,No Data,0.067,No Data,Well Developed,0.255,0.832,5,No Data,0.475,Proficient,0.928,No Data,Proficient,0.456,0.9,No Data,0,No Data,No Data,544,12,0,No Data,Well Developed,No Data,No Data,557,0.021,4,0.007,0.084,No Data,No Data,0.003,No Data,No Data,0.075,No Data,No Data,0.746,114,No Data
Grant Avenue Elementary School,0.92,No Data,0,3,No Data,No Data,197,0.5,No Data,No Data,0.279,No Data,Proficient,0.692,1,16,No Data,0.022,Well Developed,0.993,No Data,Proficient,0.015,0.93,No Data,0.175,No Data,No Data,412,26,0,No Data,Well Developed,No Data,No Data,425,0.33,5,0.012,0.237,No Data,No Data,0.002,No Data,No Data,0.277,No Data,0.242,0.875,267,No Data
P.S. 199 Maurice A. Fitzgerald,0.8,5,0,2,No Data,No Data,326,0.763,No Data,No Data,0.059,No Data,Proficient,0.687,0.864,25,No Data,0.077,Proficient,0.889,No Data,Well Developed,0.184,0.77,No Data,0,No Data,No Data,672,31,0,No Data,Proficient,No Data,No Data,700,0.058,8,0.011,0.128,No Data,No Data,0.002,No Data,No Data,0.016,No Data,0.167,0.982,364,No Data
P.S. 076 A. Philip Randolph,0.85,2,0,1,54,148,197,No Data,30,No Data,0.757,No Data,Proficient,0.3,No Data,No Data,No Data,0.035,Proficient,0.974,28,Proficient,0.096,0.79,1,0.533,No Data,54,364,No Data,No Data,54,Well Developed,0.993,48,393,0.481,No Data,0.0,0.299,0,0.633,0.003,No Data,148,0.279,No Data,No Data,0.9,76,30
P.S. 124 Silas B. Dutcher,0.78,12,0,No Data,No Data,No Data,137,0.706,No Data,No Data,0.029,No Data,Developing,0.324,0.972,3,No Data,0.185,Proficient,0.913,No Data,Proficient,0.541,0.84,No Data,No Data,No Data,No Data,250,5,0,No Data,Proficient,No Data,No Data,256,0.041,No Data,0.0,0.092,No Data,No Data,0.004,No Data,No Data,0.067,No Data,No Data,0.731,144,No Data
P.S. 029 Queens,0.87,2,0,2,No Data,No Data,330,0.808,No Data,No Data,0.018,No Data,Proficient,0.271,0.922,11,No Data,0.088,Well Developed,0.995,No Data,Proficient,0.076,0.86,No Data,0,No Data,No Data,707,26,0,No Data,Well Developed,No Data,No Data,719,0.025,No Data,0.0,0.08,No Data,No Data,0.002,No Data,No Data,0.034,No Data,0.121,0.836,464,No Data
Young Leaders Elementary School,0.98,2,0,1,No Data,No Data,101,No Data,No Data,No Data,0.206,No Data,Proficient,0.669,No Data,11,No Data,0.01,Well Developed,0.836,No Data,Proficient,0.011,0.97,No Data,0.233,No Data,No Data,204,17,0,No Data,Proficient,No Data,No Data,220,0.19,No Data,0.0,0.304,No Data,No Data,0.003,No Data,No Data,0.294,No Data,0.1,0.7,157,No Data
Scholars' Academy,0.97,11,0,5,229,620,343,No Data,6,0,0.145,0.882,No Data,0.405,0.986,No Data,3.72,0.4,No Data,0.901,229,Well Developed,0.142,0.96,1,No Data,229,229,630,No Data,0,229,No Data,1,194,631,0.5,7,0.011,0.014,0,No Data,0.013,225,620,0.184,0.959,No Data,0.838,115,5
P.S. 65 - The Raymond York Elementary School,0.94,No Data,0,15,No Data,No Data,223,0.528,No Data,No Data,0.061,No Data,Proficient,0.457,0.684,7,No Data,0.047,Well Developed,0.905,No Data,Well Developed,0.037,0.96,No Data,No Data,No Data,No Data,439,13,0,No Data,Well Developed,No Data,No Data,450,0.053,31,0.071,0.061,No Data,No Data,0.012,No Data,No Data,0.196,No Data,0.133,0.919,187,No Data
P.S. 043 Jonas Bronck,0.95,3,No Data,1,No Data,No Data,182,0.618,No Data,No Data,0.251,No Data,Proficient,0.669,No Data,9,No Data,0.006,Proficient,0.873,No Data,Proficient,0.011,0.94,No Data,0.244,No Data,No Data,335,21,No Data,No Data,Well Developed,No Data,No Data,351,0.205,1,0.003,0.213,No Data,No Data,0.003,No Data,No Data,0.294,No Data,0.103,0.878,246,No Data
M.S. 839,0.96,14,0,1,106,360,163,No Data,6,No Data,0.107,No Data,Proficient,0.401,0.907,No Data,2.83,0.459,Proficient,1,106,Proficient,0.187,No Data,1,0.219,106,106,365,No Data,0,106,Proficient,No Data,94,374,0.33,1,0.003,0.066,0,No Data,0.003,No Data,360,0.123,No Data,No Data,0.781,99,5
The Fresh Creek School,0.91,No Data,No Data,No Data,No Data,No Data,89,No Data,No Data,No Data,0.65,No Data,Proficient,0.443,No Data,1,No Data,0.019,Proficient,0.698,No Data,Developing,0.015,0.91,No Data,0.429,No Data,No Data,170,6,No Data,No Data,Well Developed,No Data,No Data,188,0.697,6,0.038,0.231,No Data,No Data,0.007,No Data,No Data,0.413,No Data,No Data,0.571,51,No Data
A.C.E. Academy for Scholars at the Geraldine Ferra,0.96,18,0,No Data,No Data,No Data,276,0.82,No Data,No Data,0.026,No Data,Proficient,0.687,0.944,6,No Data,0.305,Proficient,0.978,No Data,Well Developed,0.309,0.94,No Data,0.135,No Data,No Data,556,11,0,No Data,Well Developed,No Data,No Data,563,0.015,4,0.007,0.073,No Data,No Data,0.002,No Data,No Data,0.016,No Data,0.118,0.946,263,No Data
Bedford Park Elementary School,0.9,2,0,2,No Data,No Data,231,No Data,No Data,No Data,0.072,No Data,Proficient,0.76,0.641,No Data,No Data,0.102,Proficient,0.805,No Data,Proficient,0.094,0.87,No Data,No Data,No Data,No Data,488,No Data,0,No Data,Proficient,No Data,No Data,505,0.087,5,0.011,0.229,No Data,No Data,0.002,No Data,No Data,0.134,No Data,No Data,0.514,331,No Data
Bronx Dance Academy School,0.8,No Data,0,2,84,257,200,No Data,30,No Data,0.18,0.677,Proficient,0.751,No Data,No Data,2.35,0.023,Proficient,0.901,No Data,Proficient,0.044,0.75,0.996,No Data,No Data,84,264,No Data,0,84,Proficient,0.996,76,278,0.265,No Data,0.0,0.169,0,0.933,0.004,No Data,257,0.158,0.81,No Data,0.833,206,39
New Design Middle School,0.56,No Data,0,No Data,38,123,85,No Data,32,No Data,0.572,0.176,Developing,0.314,No Data,No Data,2.1,0.022,Developing,0.737,No Data,Developing,0.048,0.43,1,0.4,No Data,38,150,No Data,0,38,Developing,1,53,157,0.419,1,0.007,0.196,0,0.375,0.003,No Data,123,0.574,No Data,No Data,0.5,61,29
J.H.S. 062 Ditmas,0.75,8,0,7,385,1138,563,No Data,147,No Data,0.16,0.481,Proficient,0.259,0.847,No Data,2.53,0.13,Proficient,0.871,87,Proficient,0.229,0.76,0.978,0.186,87,385,1199,No Data,0,385,Well Developed,0.991,422,1226,0.088,6,0.005,0.138,0,0.714,0.006,No Data,1138,0.029,0.891,No Data,0.837,404,111
P.S./ I.S. 155 Nicholas Herkimer,0.95,No Data,0,1,39,101,172,No Data,26,No Data,0.477,No Data,Developing,0.21,No Data,No Data,No Data,0.018,Developing,0.844,12,Proficient,0.012,0.95,1,0.576,5,39,352,No Data,0,39,Proficient,1,47,373,0.658,3,0.009,0.252,0,0.654,0.003,No Data,101,0.749,No Data,No Data,0.939,167,21
P.S. 094 Kings College School,0.83,6,No Data,5,No Data,No Data,581,0.372,No Data,No Data,0.151,No Data,Proficient,0.76,0.693,48,No Data,0.029,Proficient,0.876,No Data,Proficient,0.03,0.84,No Data,0.165,No Data,No Data,1186,47,No Data,No Data,Proficient,No Data,No Data,1229,0.154,26,0.022,0.191,No Data,No Data,0.002,No Data,No Data,0.134,No Data,0.136,0.825,846,No Data
P.S. 204 Vince Lombardi,0.89,2,0,1,No Data,No Data,520,0.816,No Data,No Data,0.005,No Data,Proficient,0.247,0.961,17,No Data,0.253,Proficient,0.982,No Data,Well Developed,0.207,0.93,No Data,0,No Data,No Data,1120,26,0,No Data,Well Developed,No Data,No Data,1131,0.001,4,0.004,0.027,No Data,No Data,0.001,No Data,No Data,0.009,No Data,0.184,0.973,227,No Data
Theatre Arts Production Company School,0.94,No Data,0,No Data,59,181,111,No Data,26,No Data,0.249,0.412,Proficient,0.751,No Data,No Data,2.39,0.016,Well Developed,0.822,57,Proficient,0.011,No Data,0.928,0.178,53,59,199,No Data,0,59,Well Developed,0.994,56,206,0.234,No Data,0.0,0.182,0,0.692,0.004,No Data,181,0.158,No Data,No Data,0.778,143,20
P.S. 160 Walt Disney,0.77,7,0,No Data,No Data,No Data,163,0.773,No Data,No Data,0.617,No Data,Proficient,0.396,No Data,7,No Data,0.021,Proficient,0.934,No Data,Developing,0.024,0.8,No Data,0.243,No Data,No Data,352,13,0,No Data,Proficient,No Data,No Data,358,0.7,1,0.003,0.089,No Data,No Data,0.004,No Data,No Data,0.437,No Data,0.2,0.784,113,No Data
P.S. 129 Patricia Larkin,0.96,7,0,1,No Data,No Data,553,0.628,No Data,No Data,0.014,No Data,Well Developed,0.271,0.963,8,No Data,0.111,Well Developed,0.949,No Data,Well Developed,0.097,0.95,No Data,No Data,No Data,No Data,1143,21,0,No Data,Well Developed,No Data,No Data,1171,0.016,6,0.004,0.052,No Data,No Data,0.002,No Data,No Data,0.034,No Data,0.25,0.899,611,No Data
I.S. 281 Joseph B Cavallaro,0.95,4,0,9,434,1240,610,No Data,150,0,0.066,0.685,Proficient,0.203,0.943,No Data,2.67,0.28,Well Developed,0.942,149,Proficient,0.287,No Data,0.971,0.087,90,434,1271,No Data,0,434,Well Developed,0.981,459,1331,0.039,4,0.003,0.062,0,0.767,0.007,90,1240,0.064,0.949,No Data,0.815,301,96
J.H.S. 157 Stephen A. Halsey,0.89,56,0,6,526,1603,829,No Data,95,0,0.079,0.524,Well Developed,0.288,0.912,No Data,2.97,0.407,Well Developed,0.822,462,Well Developed,0.45,0.85,0.978,No Data,226,526,1670,No Data,0,526,Well Developed,0.978,466,1684,0.031,12,0.007,0.047,0,0.663,0.021,459,1603,0.221,0.897,No Data,0.769,383,70
P.S. 242 - The Young Diplomats Magnet Academy,0.94,3,0,No Data,No Data,No Data,56,No Data,No Data,No Data,0.624,No Data,Proficient,0.293,No Data,5,No Data,0.017,Proficient,0.782,No Data,Proficient,0.104,0.94,No Data,0.368,No Data,No Data,127,7,0,No Data,Proficient,No Data,No Data,136,0.55,No Data,0.0,0.316,No Data,No Data,0.003,No Data,No Data,0.206,No Data,No Data,0.737,41,No Data
I.S. X303 Leadership & Community Service,0.98,1,0,1,98,305,154,No Data,40,No Data,0.279,0.567,Proficient,0.673,No Data,No Data,2.35,0.01,Proficient,0.955,42,Proficient,0.008,0.98,0.997,0.344,No Data,98,321,No Data,0,98,Proficient,1,85,332,0.283,1,0.003,0.165,0,0.65,0.003,No Data,305,0.297,0.739,No Data,0.625,223,33
Harbor Heights,0.65,1,0,No Data,50,115,60,No Data,2,0,0.0,No Data,Proficient,0.897,No Data,No Data,1.71,0.0,Proficient,0.82,50,Proficient,0.07,0.69,1,No Data,No Data,50,132,No Data,0,50,Well Developed,0.765,53,142,0.061,No Data,0.0,0.317,0,No Data,0.001,50,115,0.064,No Data,No Data,1,131,4
P.S. 239,0.91,No Data,0,No Data,No Data,No Data,215,0.692,No Data,No Data,0.02,No Data,Proficient,0.687,0.891,16,No Data,0.074,Proficient,0.977,No Data,Proficient,0.133,0.93,No Data,No Data,No Data,No Data,469,25,0,No Data,Proficient,No Data,No Data,475,0.03,1,0.002,0.202,No Data,No Data,0.002,No Data,No Data,0.016,No Data,0.226,0.976,359,No Data
Academy For Personal Leadership And Excellence,0.93,1,No Data,1,312,860,409,No Data,92,No Data,0.145,0.673,Proficient,0.751,0.95,No Data,2.21,0.02,Proficient,0.916,8,Proficient,0.007,0.88,1,0.17,No Data,312,905,No Data,No Data,312,Well Developed,1,173,926,0.169,10,0.011,0.225,0,0.739,0.004,No Data,860,0.158,No Data,No Data,0.798,725,79
P.S. 213 The Carl Ullman School,0.95,7,0,3,No Data,No Data,196,0.643,No Data,No Data,0.099,No Data,No Data,0.141,0.833,No Data,No Data,0.124,No Data,0.702,No Data,Well Developed,0.104,0.93,No Data,0,No Data,No Data,407,4,0,No Data,No Data,No Data,No Data,435,0.06,1,0.003,0.053,No Data,No Data,0.003,No Data,No Data,0.045,No Data,No Data,0.939,64,No Data
Brooklyn Studio Secondary School,0.72,1,0,2,105,328,161,No Data,38,0,0.024,0.889,Proficient,0.203,0.846,No Data,2.35,0.422,Proficient,0.902,63,Proficient,0.399,0.69,0.994,0.076,17,105,341,No Data,0,105,Proficient,0.966,109,351,0.011,3,0.009,0.037,0,0.842,0.007,58,328,0.064,0.947,No Data,0.849,117,28
I.S. 237,0.9,6,0,4,448,1324,654,No Data,96,0,0.039,0.624,Proficient,0.266,0.942,No Data,2.95,0.01,Well Developed,0.891,213,Proficient,0.013,0.9,0.982,No Data,124,448,1380,No Data,0,448,Well Developed,0.974,461,1400,0.023,No Data,0.0,0.061,0,0.75,0.003,124,1324,0.036,0.864,No Data,0.874,215,39
P.S. 121 Throop,0.7,3,0,3,No Data,No Data,356,0.636,No Data,No Data,0.5,No Data,Proficient,0.396,0.886,24,No Data,0.058,Proficient,0.874,No Data,Proficient,0.074,0.75,No Data,0.218,No Data,No Data,780,39,0,No Data,Proficient,No Data,No Data,809,0.395,6,0.008,0.147,No Data,No Data,0.004,No Data,No Data,0.437,No Data,0.075,0.927,263,No Data
P.S. 055 Benjamin Franklin,0.98,No Data,0,No Data,No Data,No Data,278,0.333,No Data,No Data,0.483,No Data,Proficient,0.692,No Data,20,No Data,0.012,Proficient,0.924,No Data,Proficient,0.018,No Data,No Data,0.42,No Data,No Data,545,21,No Data,No Data,Proficient,No Data,No Data,578,0.491,1,0.002,0.208,No Data,No Data,0.002,No Data,No Data,0.277,No Data,0.179,0.82,277,No Data
Dock Street School for STEAM Studies,0.8,8,0,8,87,276,149,No Data,24,No Data,0.644,0.636,Proficient,0.183,No Data,No Data,3.07,0.102,Proficient,0.875,57,Proficient,0.264,0.77,0.986,0.556,57,87,286,No Data,0,87,Proficient,0.996,72,290,0.201,No Data,0.0,0.088,0,0.875,0.012,No Data,276,0.693,0.818,No Data,0.963,50,19
P.S. 536,0.94,1,No Data,4,No Data,No Data,202,No Data,No Data,No Data,0.204,No Data,Well Developed,0.696,0.702,19,No Data,0.019,Well Developed,0.881,No Data,Proficient,0.015,0.95,No Data,0.161,No Data,No Data,402,13,No Data,No Data,Proficient,No Data,No Data,416,0.225,7,0.016,0.153,No Data,No Data,0.003,No Data,No Data,0.231,No Data,0.15,0.968,252,No Data
P.S. 128 Bensonhurst,0.94,2,0,No Data,No Data,No Data,216,0.81,No Data,No Data,0.007,No Data,Proficient,0.255,0.943,8,No Data,0.482,Developing,0.958,No Data,Developing,0.408,0.96,No Data,0,No Data,No Data,472,19,0,No Data,Proficient,No Data,No Data,488,0.009,5,0.011,0.031,No Data,No Data,0.003,No Data,No Data,0.075,No Data,0.174,0.79,112,No Data
P.S. 008 Robert Fulton,0.92,64,0,No Data,No Data,No Data,331,0.838,No Data,No Data,0.039,No Data,Proficient,0.209,0.933,1,No Data,0.689,Well Developed,0.984,No Data,Well Developed,0.656,0.96,No Data,No Data,No Data,No Data,695,8,0,No Data,Proficient,No Data,No Data,738,0.056,3,0.004,0.009,No Data,No Data,0.006,No Data,No Data,0.443,No Data,No Data,1,78,No Data
P.S. 153 Adam Clayton Powell,0.93,4,0,No Data,No Data,No Data,205,0.517,No Data,No Data,0.166,No Data,Well Developed,0.851,No Data,17,No Data,0.028,Well Developed,0.999,No Data,Proficient,0.042,No Data,No Data,0.243,No Data,No Data,444,18,0,No Data,Proficient,No Data,No Data,472,0.195,1,0.002,0.237,No Data,No Data,0.001,No Data,No Data,0.059,No Data,0.133,0.541,343,No Data
P.S./M.S. 031 The William Lloyd Garrison,0.8,No Data,0,No Data,68,222,293,No Data,50,No Data,0.273,No Data,Developing,0.675,0.684,No Data,No Data,0.03,Proficient,0.787,21,Developing,0.019,0.82,1,0.271,21,68,660,No Data,0,68,Proficient,1,70,684,0.362,9,0.014,0.25,0,0.78,0.002,No Data,222,0.291,No Data,No Data,0.898,429,45
P.S. 095 Eastwood,0.97,10,0,13,No Data,No Data,753,0.698,No Data,No Data,0.103,No Data,Well Developed,0.165,0.674,6,No Data,0.013,Well Developed,0.967,No Data,Proficient,0.027,0.98,No Data,0.302,No Data,No Data,1497,41,0,No Data,Well Developed,No Data,No Data,1565,0.13,77,0.052,0.13,No Data,No Data,0.009,No Data,No Data,0.568,No Data,0.255,0.954,615,No Data
Urban Assembly School for Applied Math and Science,0.87,1,0,1,85,252,129,No Data,50,0,0.24,0.353,Proficient,0.673,No Data,No Data,2.27,0.004,Well Developed,1,85,Developing,0.012,0.83,0.964,0.226,No Data,85,259,No Data,0,85,Well Developed,0.881,87,264,0.341,1,0.004,0.152,0,0.68,0.003,47,252,0.297,0.773,No Data,0.419,192,36
Frederick Douglass Academy VIII Middle School,1,No Data,No Data,6,97,301,164,No Data,36,No Data,0.694,0.424,Well Developed,0.455,0.875,No Data,2.72,0.026,Proficient,0.932,64,Proficient,0.025,No Data,0.99,0.435,64,97,310,No Data,No Data,97,Well Developed,1,100,316,0.791,No Data,0.0,0.098,0,0.611,0.007,No Data,301,0.442,0.861,No Data,0.87,65,31
P.S. 018 Edward Bush,0.88,No Data,No Data,1,No Data,No Data,80,No Data,No Data,No Data,0.237,No Data,Developing,0.503,No Data,7,No Data,0.089,Proficient,0.851,No Data,Developing,0.157,0.88,No Data,No Data,No Data,No Data,184,5,No Data,No Data,Proficient,No Data,No Data,192,0.223,No Data,0.0,0.178,No Data,No Data,0.003,No Data,No Data,0.207,No Data,No Data,0.667,124,No Data
Community Health Academy of the Heights,0.97,1,0,No Data,91,271,138,No Data,44,No Data,0.092,0.63,Proficient,0.897,No Data,No Data,2.25,0.015,Well Developed,0.881,44,Proficient,0.037,0.95,0.967,0.135,37,91,277,No Data,0,91,Well Developed,0.908,90,281,0.136,No Data,0.0,0.141,0,0.773,0.001,No Data,271,0.064,1,No Data,0.904,243,38
P.S. 196 Grand Central Parkway,0.96,68,0,2,No Data,No Data,551,0.929,No Data,No Data,0.017,No Data,No Data,0.274,0.886,No Data,No Data,0.413,No Data,0.98,No Data,Well Developed,0.378,0.98,No Data,No Data,No Data,No Data,1071,5,0,No Data,No Data,No Data,No Data,1087,0.024,3,0.003,0.01,No Data,No Data,0.012,No Data,No Data,0.193,No Data,No Data,0.903,120,No Data
Washington Heights Academy,0.96,1,0,1,61,178,284,No Data,9,No Data,0.015,0.882,Proficient,0.848,No Data,No Data,No Data,0.019,Proficient,0.957,20,Well Developed,0.039,0.96,1,No Data,No Data,61,530,No Data,0,61,Proficient,1,46,548,0.021,1,0.002,0.116,0,No Data,0.001,No Data,178,0.068,1,No Data,1,501,5
P.S. 194 Raoul Wallenberg,0.99,2,0,48,No Data,No Data,260,0.552,No Data,No Data,0.453,No Data,Proficient,0.158,0.955,9,No Data,0.206,Proficient,0.973,No Data,Proficient,0.26,0.99,No Data,No Data,No Data,No Data,515,25,0,No Data,Proficient,No Data,No Data,541,0.398,4,0.002,0.158,No Data,No Data,0.006,No Data,No Data,0.334,No Data,0.121,0.796,100,No Data
P.S. 005 Ellen Lurie,0.92,2,No Data,No Data,No Data,No Data,250,0.313,No Data,No Data,0.059,No Data,Proficient,0.851,No Data,3,No Data,0.008,Proficient,0.941,No Data,Developing,0.026,0.96,No Data,0.115,No Data,No Data,503,18,No Data,No Data,Well Developed,No Data,No Data,528,0.193,1,0.0,0.111,No Data,No Data,0.001,No Data,No Data,0.059,No Data,0.3,0.865,460,No Data
Comprehensive Model School Project M.S. 327,0.91,No Data,0,No Data,101,298,161,No Data,40,No Data,0.189,0.643,Proficient,0.673,No Data,No Data,2.51,0.003,Proficient,0.855,91,Proficient,0.006,0.87,1,0.259,91,101,306,No Data,0,101,Well Developed,1,90,308,0.252,No Data,0.0,0.184,0,0.9,0.003,No Data,298,0.297,1,No Data,0.722,247,38
Brownsville Collaborative Middle School,0.96,2,0,No Data,98,263,133,No Data,26,No Data,0.711,No Data,Proficient,0.187,No Data,No Data,2.16,0.007,Proficient,0.752,10,Developing,0.026,0.93,0.357,0.818,1,98,279,No Data,0,98,Proficient,0.205,81,291,0.607,2,0.007,0.238,0,0.346,0.001,No Data,263,0.773,No Data,No Data,0.546,74,27
The Gordon Parks School,0.87,6,0,1,118,351,381,No Data,24,No Data,0.942,0.5,Proficient,0.17,No Data,No Data,No Data,0.003,Proficient,0.899,34,Proficient,0.014,0.8,0.821,0.531,No Data,118,747,No Data,0,118,Proficient,0.991,81,754,0.854,7,0.009,0.043,0,0.708,0.009,No Data,351,0.601,0.818,No Data,0.939,25,31
P.S. 130,1,11,0,1,No Data,No Data,167,0.838,No Data,No Data,0.027,No Data,Well Developed,0.271,0.961,1,No Data,0.199,Well Developed,0.99,No Data,Well Developed,0.157,0.99,No Data,0,No Data,No Data,369,10,0,No Data,Well Developed,No Data,No Data,370,0.018,1,0.003,0.019,No Data,No Data,0.002,No Data,No Data,0.034,No Data,No Data,1,68,No Data
P.S. 090 Horace Mann,0.83,6,0,5,No Data,No Data,355,0.576,No Data,No Data,0.03,No Data,Well Developed,0.457,0.804,13,No Data,0.054,Proficient,0.999,No Data,Well Developed,0.086,0.79,No Data,No Data,No Data,No Data,724,35,0,No Data,Well Developed,No Data,No Data,744,0.043,17,0.024,0.076,No Data,No Data,0.012,No Data,No Data,0.196,No Data,0.15,0.906,417,No Data
P.S. 060 Woodhaven,0.92,6,0,3,No Data,No Data,483,0.791,No Data,No Data,0.031,No Data,Proficient,0.457,0.881,21,No Data,0.027,Well Developed,0.932,No Data,Well Developed,0.053,0.91,No Data,No Data,No Data,No Data,1015,36,0,No Data,Well Developed,No Data,No Data,1041,0.034,37,0.033,0.075,No Data,No Data,0.012,No Data,No Data,0.196,No Data,0.418,0.889,728,No Data
P.S. 175 Henry H Garnet,0.92,1,0,9,No Data,No Data,145,0.909,No Data,No Data,0.514,No Data,Proficient,0.419,No Data,14,No Data,0.032,Proficient,0.747,No Data,Proficient,0.058,0.92,No Data,0.214,No Data,No Data,309,18,0,No Data,Proficient,No Data,No Data,330,0.579,3,0.007,0.298,No Data,No Data,0.007,No Data,No Data,0.503,No Data,0.316,0.714,122,No Data
P.S. 020 Clinton Hill,0.99,36,No Data,1,No Data,No Data,276,0.667,No Data,No Data,0.439,No Data,Proficient,0.209,No Data,7,No Data,0.266,Developing,0.923,No Data,Proficient,0.29,0.99,No Data,0.412,No Data,No Data,497,9,No Data,No Data,Proficient,No Data,No Data,507,0.358,1,0.002,0.099,No Data,No Data,0.006,No Data,No Data,0.443,No Data,No Data,0.882,96,No Data
Battery Park City School,0.99,83,0,No Data,81,263,417,No Data,9,No Data,0.032,0.867,Proficient,0.174,0.944,No Data,No Data,0.529,Proficient,0.926,81,Well Developed,0.489,0.96,1,No Data,81,81,850,No Data,0,81,Proficient,1,63,857,0.014,No Data,0.0,0.014,0,No Data,0.003,No Data,263,0.075,0.889,No Data,0.857,113,5
P.S. 220 Edward Mandel,0.95,20,0,No Data,No Data,No Data,323,0.719,No Data,No Data,0.05,No Data,Proficient,0.274,0.822,19,No Data,0.334,Proficient,0.943,No Data,Well Developed,0.229,0.95,No Data,No Data,No Data,No Data,666,16,0,No Data,Proficient,No Data,No Data,700,0.022,3,0.005,0.063,No Data,No Data,0.012,No Data,No Data,0.193,No Data,0.071,0.913,163,No Data
P.S. 207 Elizabeth G. Leary,0.87,29,0,5,126,364,500,No Data,31,No Data,0.319,0.545,Proficient,0.155,0.879,No Data,No Data,0.322,Proficient,0.927,60,Proficient,0.399,0.87,1,No Data,34,126,1078,No Data,No Data,126,Well Developed,1,110,1095,0.239,6,0.006,0.031,0,0.806,0.006,No Data,364,0.344,0.951,No Data,0.938,175,17
P.S. 165 Edith K. Bergtraum,0.86,10,0,2,No Data,No Data,345,0.829,No Data,No Data,0.126,No Data,Well Developed,0.271,0.886,6,No Data,0.121,Well Developed,0.926,No Data,Well Developed,0.113,0.88,No Data,No Data,No Data,No Data,685,18,0,No Data,Well Developed,No Data,No Data,736,0.187,5,0.008,0.079,No Data,No Data,0.002,No Data,No Data,0.034,No Data,0.167,0.922,155,No Data
"Young Women's Leadership School, Queens",0.78,4,0,5,82,247,259,No Data,9,No Data,0.348,No Data,Well Developed,0.288,0.925,No Data,3.37,0.024,Well Developed,0.969,80,Proficient,0.066,0.82,0.968,0.265,80,82,259,No Data,0,82,Well Developed,0.992,66,267,0.19,8,0.032,0.063,0,No Data,0.021,No Data,247,0.221,0.92,No Data,1,31,8
Central Park East II,0.78,19,0,1,50,149,230,No Data,12,No Data,0.319,No Data,Proficient,0.562,0.905,No Data,No Data,0.132,Proficient,0.95,No Data,Proficient,0.17,0.8,0.987,0.186,No Data,50,449,No Data,0,50,Well Developed,No Data,42,459,0.241,1,0.002,0.134,0,No Data,0.004,No Data,149,0.321,No Data,No Data,0.791,203,9
M.S. 255 Salk School of Science,1,29,0,2,127,382,239,No Data,4,0,0.01,No Data,Well Developed,0.188,0.971,No Data,3.88,0.621,Well Developed,0.939,127,Well Developed,0.3,No Data,1,No Data,No Data,127,383,No Data,0,127,Well Developed,1,112,384,0.118,1,0.003,0.018,0,No Data,0.003,127,382,0.09,0.979,No Data,0.96,38,2
P.S./M.S. 004 Crotona Park West,0.73,1,0,2,51,122,235,No Data,29,No Data,0.502,No Data,Proficient,0.656,No Data,No Data,No Data,0.007,Well Developed,0.929,No Data,Proficient,0.015,No Data,0.951,0.217,No Data,51,474,No Data,0,51,Proficient,0.959,54,514,0.518,No Data,0.0,0.433,0,0.724,0.003,No Data,122,0.312,No Data,No Data,0.5,225,24
P.S. 129 John H. Finley,0.74,2,0,No Data,60,133,172,No Data,24,No Data,0.505,0.467,Developing,0.384,No Data,No Data,No Data,0.013,Developing,0.796,23,Developing,0.031,0.82,0.895,0.55,23,60,351,No Data,0,60,Developing,0.977,55,382,0.437,6,0.019,0.23,0,0.5,0.003,No Data,133,0.553,No Data,No Data,0.85,150,26
P.S. 036 Saint Albans School,0.78,3,No Data,2,No Data,No Data,173,0.333,No Data,No Data,0.788,No Data,Proficient,0.165,No Data,5,No Data,0.0,Well Developed,0.849,No Data,Proficient,0.017,0.82,No Data,0.516,No Data,No Data,369,29,No Data,No Data,Proficient,No Data,No Data,392,0.825,12,0.032,0.157,No Data,No Data,0.009,No Data,No Data,0.568,No Data,0.08,0.903,59,No Data
I.S. 254,No Data,No Data,0,7,172,446,244,No Data,94,No Data,0.143,0.7,Proficient,0.751,No Data,No Data,2.08,0.004,Proficient,0.73,163,Proficient,0.016,No Data,0.978,0.209,No Data,172,480,No Data,0,172,Proficient,0.978,142,512,0.232,2,0.004,0.254,0,0.681,0.004,No Data,446,0.158,No Data,No Data,0.605,397,82
P.S. 186 Dr. Irving A Gladstone,0.91,6,0,No Data,No Data,No Data,580,0.69,No Data,No Data,0.004,No Data,No Data,0.247,0.893,13,No Data,0.314,No Data,0.961,No Data,Well Developed,0.286,0.92,No Data,0,No Data,No Data,1145,33,0,No Data,No Data,No Data,No Data,1165,0.01,6,0.004,0.028,No Data,No Data,0.001,No Data,No Data,0.009,No Data,0.167,0.706,315,No Data
P.S. 142 Amalia Castro,0.89,2,0,No Data,No Data,No Data,123,0.474,No Data,No Data,0.165,No Data,Proficient,0.529,No Data,8,No Data,0.025,Well Developed,0.896,No Data,Proficient,0.124,0.85,No Data,0.132,No Data,No Data,287,10,0,No Data,Well Developed,No Data,No Data,310,0.129,5,0.022,0.291,No Data,No Data,0.005,No Data,No Data,0.153,No Data,0.048,0.684,220,No Data
P.S. 078 Anne Hutchinson,0.86,1,0,1,No Data,No Data,362,0.742,No Data,No Data,0.699,No Data,Proficient,0.396,No Data,30,No Data,0.025,Proficient,0.851,No Data,Developing,0.023,0.88,No Data,0.421,No Data,No Data,765,29,0,No Data,Proficient,No Data,No Data,802,0.774,8,0.01,0.156,No Data,No Data,0.004,No Data,No Data,0.437,No Data,0.024,0.842,193,No Data
Brighter Choice Community School,0.93,2,0,No Data,No Data,No Data,142,No Data,No Data,No Data,0.582,No Data,No Data,0.232,No Data,6,No Data,0.036,No Data,0.917,No Data,Well Developed,0.031,0.93,No Data,0.478,No Data,No Data,265,7,0,No Data,No Data,No Data,No Data,278,0.531,3,0.012,0.181,No Data,No Data,0.01,No Data,No Data,0.697,No Data,No Data,0.522,99,No Data
P.S. 015 Jackie Robinson,0.87,4,0,1,No Data,No Data,198,0.6,No Data,No Data,0.848,No Data,Proficient,0.165,No Data,7,No Data,0.003,Proficient,0.89,No Data,Proficient,0.004,0.85,No Data,0.423,No Data,No Data,396,27,No Data,No Data,Well Developed,No Data,No Data,415,0.834,8,0.016,0.136,No Data,No Data,0.009,No Data,No Data,0.568,No Data,0.1,0.846,40,No Data
J.H.S. 189 Daniel Carter Beard,0.83,2,0,5,255,707,373,No Data,43,No Data,0.031,0.558,Proficient,0.266,0.964,No Data,2.73,0.018,Proficient,0.959,123,Proficient,0.021,0.8,0.994,No Data,121,255,754,No Data,0,255,Proficient,0.994,240,770,0.005,1,0.001,0.076,0,0.535,0.003,No Data,707,0.036,0.964,No Data,0.727,237,28
M.S. 129 Academy for Independent Learning and Lead,0.83,No Data,0,1,158,497,252,No Data,100,No Data,0.267,0.711,Proficient,0.699,0.688,No Data,2.14,0.018,Well Developed,0.802,29,Well Developed,0.009,0.78,0.974,0.395,29,158,532,No Data,0,158,Well Developed,0.994,156,560,0.32,3,0.006,0.222,0,0.76,0.003,No Data,497,0.25,0.875,No Data,0.816,355,86
The Brooklyn Green School,0.98,No Data,0,No Data,No Data,81,50,No Data,No Data,No Data,0.855,No Data,No Data,0.236,No Data,No Data,2.42,0.024,No Data,0.871,No Data,No Data,0.02,1,0.951,No Data,No Data,No Data,89,No Data,0,No Data,No Data,0.975,No Data,93,0.755,No Data,0.0,0.205,No Data,No Data,0.003,No Data,81,0.702,No Data,No Data,0.714,13,No Data
Village Academy,0.88,1,0,4,110,351,191,No Data,51,No Data,0.526,0.438,Proficient,0.405,No Data,No Data,2.1,0.011,Proficient,0.859,107,Proficient,0.021,0.87,0.96,0.605,107,110,394,No Data,0,110,Proficient,0.954,103,413,0.429,3,0.008,0.194,0,0.725,0.013,No Data,351,0.184,No Data,No Data,0.605,167,46
P.S. 082 Hammond,0.6,5,0,5,No Data,No Data,308,0.652,No Data,No Data,0.052,No Data,Proficient,0.274,0.733,18,No Data,0.015,Well Developed,0.9,No Data,Proficient,0.024,0.65,No Data,No Data,No Data,No Data,629,29,0,No Data,Well Developed,No Data,No Data,649,0.043,14,0.023,0.083,No Data,No Data,0.012,No Data,No Data,0.193,No Data,0.156,0.857,414,No Data
South Bronx Academy for Applied Media,0.89,No Data,0,1,65,200,103,No Data,43,No Data,0.315,0.588,Proficient,0.708,No Data,No Data,2.16,0.009,Proficient,0.874,14,Proficient,0.011,0.88,0.905,0.435,No Data,65,222,No Data,0,65,Proficient,0.9,80,233,0.331,5,0.023,0.278,0,0.674,0.004,No Data,200,0.261,0.667,No Data,0.522,143,42
Elijah Stroud Middle School,0.93,2,No Data,3,55,157,81,No Data,29,No Data,0.642,No Data,Proficient,0.142,No Data,No Data,2.24,0.037,Proficient,0.913,No Data,Proficient,0.16,0.86,0.924,0.786,No Data,55,167,No Data,No Data,55,Proficient,0.586,51,176,0.571,3,0.019,0.198,0,0.828,0.004,No Data,157,0.775,No Data,No Data,0.714,39,22
P.S. 160 Walter Francis Bishop,0.91,17,0,4,No Data,No Data,280,0.55,No Data,No Data,0.436,No Data,Proficient,0.274,0.63,16,No Data,0.015,Proficient,0.867,No Data,Proficient,0.007,0.87,No Data,0.158,No Data,No Data,575,33,0,No Data,Proficient,No Data,No Data,601,0.482,74,0.13,0.107,No Data,No Data,0.012,No Data,No Data,0.193,No Data,0.061,0.974,141,No Data
P.S. 177 The Marlboro,0.93,4,0,2,No Data,No Data,467,0.734,No Data,No Data,0.011,No Data,Well Developed,0.255,0.836,22,No Data,0.368,Well Developed,0.908,No Data,Proficient,0.357,0.94,No Data,0,No Data,No Data,932,35,0,No Data,Well Developed,No Data,No Data,959,0.014,10,0.011,0.048,No Data,No Data,0.003,No Data,No Data,0.075,No Data,0.244,0.878,270,No Data
P.S. 150 Charles James Fox,0.88,No Data,0,1,No Data,No Data,355,0.31,No Data,No Data,0.21,No Data,Proficient,0.696,No Data,25,No Data,0.027,Proficient,0.838,No Data,Developing,0.012,0.92,No Data,0.254,No Data,No Data,711,44,0,No Data,Proficient,No Data,No Data,758,0.265,2,0.003,0.28,No Data,No Data,0.003,No Data,No Data,0.231,No Data,0,0.864,528,No Data
P.S. 030 Wilton,0.86,No Data,0,1,No Data,No Data,245,0.5,No Data,No Data,0.198,No Data,Proficient,0.669,No Data,16,No Data,0.016,Proficient,0.87,No Data,Proficient,0.013,No Data,No Data,0.289,No Data,No Data,478,19,0,No Data,Proficient,No Data,No Data,509,0.175,2,0.004,0.271,No Data,No Data,0.003,No Data,No Data,0.294,No Data,0,0.778,365,No Data
P.S. 161 The Crown,0.87,3,0,13,No Data,No Data,152,0.567,No Data,No Data,0.783,No Data,Proficient,0.195,No Data,10,No Data,0.019,Proficient,0.812,No Data,Developing,0.048,0.89,No Data,0.778,No Data,No Data,333,21,No Data,No Data,Proficient,No Data,No Data,346,0.697,5,0.016,0.233,No Data,No Data,0.005,No Data,No Data,0.695,No Data,0.167,0.778,47,No Data
Kappa,0.89,No Data,0,1,118,328,186,No Data,46,No Data,0.522,0.45,Proficient,0.673,No Data,No Data,2.39,0.021,Well Developed,0.847,73,Proficient,0.014,0.9,0.997,0.625,73,118,346,No Data,0,118,Well Developed,0.991,83,361,0.402,1,0.003,0.24,0,0.696,0.003,No Data,328,0.297,0.81,No Data,0.656,146,29
Park Slope Collegiate,0.92,7,0,1,79,274,123,No Data,9,0,0.217,No Data,Proficient,0.401,0.733,No Data,2.83,0.363,Proficient,0.901,79,Well Developed,0.378,0.87,0.978,0.246,78,79,299,No Data,0,79,Proficient,0.985,64,306,0.309,1,0.004,0.058,0,No Data,0.003,75,274,0.123,0.8,No Data,0.79,104,14
P.S. 310 Marble Hill,0.84,4,No Data,2,No Data,No Data,305,0.625,No Data,No Data,0.08,No Data,Proficient,0.76,No Data,15,No Data,0.024,Proficient,0.792,No Data,Proficient,0.032,0.81,No Data,0.12,No Data,No Data,594,33,No Data,No Data,Well Developed,No Data,No Data,612,0.15,1,0.002,0.294,No Data,No Data,0.002,No Data,No Data,0.134,No Data,0.194,0.8,517,No Data
Pelham Gardens Middle School,0.94,1,0,3,153,415,218,No Data,61,No Data,0.572,0.511,Proficient,0.367,0.895,No Data,2.28,0.03,Well Developed,0.851,No Data,Proficient,0.064,0.93,1,0.459,No Data,153,456,No Data,0,153,Well Developed,0.998,145,471,0.512,11,0.025,0.136,0,0.705,0.006,No Data,415,0.5,1,No Data,0.784,144,62
P.S./I.S. 119 The Glendale,0.9,16,0,7,214,665,674,No Data,25,No Data,0.016,0.607,Well Developed,0.636,0.979,No Data,No Data,0.37,Well Developed,0.939,127,Well Developed,0.471,0.97,0.995,No Data,126,214,1338,No Data,0,214,Well Developed,0.929,152,1355,0.015,11,0.008,0.036,0,0.76,0.003,No Data,665,0.018,0.933,No Data,0.863,403,23
Queens Explorers Elementary School,0.91,6,0,31,No Data,No Data,209,No Data,No Data,No Data,0.071,No Data,Well Developed,0.457,0.899,No Data,No Data,0.106,Well Developed,0.968,No Data,Proficient,0.052,0.87,No Data,No Data,No Data,No Data,428,No Data,0,No Data,Well Developed,No Data,No Data,431,0.068,17,0.04,0.019,No Data,No Data,0.012,No Data,No Data,0.196,No Data,No Data,0.788,207,No Data
P.S. 38 Roberto Clemente,0.62,3,0,2,No Data,No Data,105,No Data,No Data,No Data,0.387,No Data,Proficient,0.648,No Data,7,No Data,0.036,Proficient,0.772,No Data,Proficient,0.043,0.65,No Data,0.2,No Data,No Data,227,6,0,No Data,Well Developed,No Data,No Data,240,0.34,3,0.01,0.397,No Data,No Data,0.002,No Data,No Data,0.257,No Data,0.053,0.56,119,No Data
I. S. 381,0.97,6,0,No Data,65,279,137,No Data,26,No Data,0.58,0.667,Proficient,0.169,0.765,No Data,2.59,0.126,Well Developed,0.955,20,Proficient,0.183,0.89,0.925,No Data,19,65,297,No Data,0,65,Well Developed,0.975,85,307,0.457,2,0.007,0.098,0,0.923,0.006,No Data,279,0.36,0.968,No Data,0.682,43,18
P.S. 032 Samuel Mills Sprole,0.78,20,0,1,No Data,No Data,196,0.723,No Data,No Data,0.189,No Data,Developing,0.324,0.955,4,No Data,0.405,Proficient,0.965,No Data,Developing,0.536,0.78,No Data,0.215,No Data,No Data,423,10,0,No Data,Proficient,No Data,No Data,428,0.149,2,0.005,0.102,No Data,No Data,0.004,No Data,No Data,0.067,No Data,No Data,0.739,109,No Data
Learners and Leaders,0.83,2,0,5,No Data,No Data,255,0.708,No Data,No Data,0.014,No Data,No Data,0.687,0.806,7,No Data,0.128,No Data,0.87,No Data,Well Developed,0.13,0.86,No Data,No Data,No Data,No Data,525,24,0,No Data,No Data,No Data,No Data,535,0.015,6,0.012,0.136,No Data,No Data,0.002,No Data,No Data,0.016,No Data,0.129,0.837,408,No Data
Collaborative Arts Middle School,0.96,3,0,1,90,319,209,No Data,19,No Data,0.837,0.476,Proficient,0.161,No Data,No Data,2.52,0.006,Well Developed,0.686,15,Proficient,0.009,0.93,0.997,0.444,No Data,90,347,No Data,No Data,90,Proficient,0.997,73,362,0.866,5,0.015,0.154,0,0.421,0.009,No Data,319,0.612,0.85,No Data,0.704,44,19
Emolior Academy,0.88,No Data,0,1,95,331,160,No Data,51,No Data,0.241,0.571,Proficient,0.699,0.897,No Data,2.2,0.003,Proficient,0.954,90,Proficient,0.014,0.88,0.994,0.276,90,95,358,No Data,0,95,Proficient,0.991,96,365,0.289,3,0.009,0.218,0,0.569,0.003,No Data,331,0.25,0.8,No Data,0.517,238,47
P.S. 084 Jose De Diego,0.86,35,0,1,64,235,337,No Data,30,No Data,0.061,0.733,Proficient,0.544,0.789,No Data,No Data,0.217,Proficient,0.991,64,Proficient,0.272,0.91,1,0.084,No Data,64,693,No Data,0,64,Proficient,1,63,702,0.052,1,0.001,0.12,0,0.667,0.003,No Data,235,0.223,No Data,No Data,0.916,444,34
P.S. 335 Granville T. Woods,0.95,1,0,1,No Data,No Data,103,0.438,No Data,No Data,0.746,No Data,Developing,0.232,No Data,9,No Data,0.01,Developing,0.864,No Data,Developing,0.017,No Data,No Data,0.65,No Data,No Data,203,7,0,No Data,Proficient,No Data,No Data,218,0.787,1,0.005,0.254,No Data,No Data,0.01,No Data,No Data,0.697,No Data,No Data,0.95,47,No Data
P.S./ IS 178 Holliswood,0.71,7,0,3,64,186,272,No Data,8,0,0.058,0.611,Proficient,0.142,0.863,No Data,No Data,0.686,Well Developed,0.808,64,Well Developed,0.685,0.73,1,No Data,64,64,544,No Data,0,64,Well Developed,1,38,549,0.056,6,0.011,0.021,0,No Data,0.003,40,186,0.054,0.958,No Data,0.921,53,4
P.S. 006 West Farms,0.96,No Data,0,1,No Data,No Data,238,0.667,No Data,No Data,0.204,No Data,Proficient,0.696,No Data,20,No Data,0.008,Proficient,0.92,No Data,Proficient,0.01,0.95,No Data,0.227,No Data,No Data,497,22,0,No Data,Proficient,No Data,No Data,518,0.296,No Data,0.0,0.265,No Data,No Data,0.003,No Data,No Data,0.231,No Data,0.087,0.955,380,No Data
P.S. 047 Chris Galas,0.92,3,0,No Data,16,62,115,No Data,2,No Data,0.018,No Data,No Data,0.399,No Data,No Data,No Data,0.812,No Data,0.864,16,Proficient,0.872,0.95,1,No Data,16,16,228,No Data,0,16,No Data,1,8,228,0.0,No Data,0.0,0.063,0,No Data,0.011,No Data,62,0.232,No Data,No Data,0.889,35,1
M.S. 319 - Maria Teresa,0.93,No Data,0,No Data,139,376,183,No Data,49,No Data,0.023,0.556,No Data,0.897,No Data,No Data,2.09,0.01,No Data,1,No Data,Well Developed,0.02,0.92,1,No Data,No Data,139,391,No Data,0,139,No Data,0.979,99,402,0.119,No Data,0.0,0.194,0,0.694,0.001,No Data,376,0.064,No Data,No Data,0.781,378,31
P.S. 158 Bayard Taylor,0.9,48,0,1,No Data,No Data,356,0.821,No Data,No Data,0.022,No Data,Well Developed,0.161,0.892,No Data,No Data,0.709,Well Developed,0.97,No Data,Well Developed,0.695,No Data,No Data,0,No Data,No Data,751,8,0,No Data,Well Developed,No Data,No Data,756,0.037,5,0.007,0.012,No Data,No Data,0.002,No Data,No Data,0.06,No Data,No Data,0.66,60,No Data
James Weldon Johnson,0.46,2,0,1,83,252,341,No Data,35,No Data,0.224,0.227,Proficient,0.562,0.833,No Data,No Data,0.012,Proficient,0.933,28,Proficient,0.028,0.52,0.988,0.314,27,83,672,No Data,No Data,83,Proficient,0.98,93,701,0.28,9,0.014,0.283,0,0.771,0.004,No Data,252,0.321,0.697,No Data,0.671,469,31
P.S. 028 Mount Hope,0.95,2,0,2,No Data,No Data,289,0.486,No Data,No Data,0.21,No Data,Proficient,0.692,No Data,15,No Data,0.006,Well Developed,0.978,No Data,Proficient,0.007,No Data,No Data,0.231,No Data,No Data,688,33,0,No Data,Proficient,No Data,No Data,715,0.244,1,0.002,0.299,No Data,No Data,0.002,No Data,No Data,0.277,No Data,0.036,0.815,532,No Data
The Boerum Hill School for International Studies,0.79,21,0,No Data,152,474,247,No Data,15,No Data,0.219,No Data,Proficient,0.401,0.938,No Data,3.2,0.498,Well Developed,0.899,118,Proficient,0.377,0.81,0.964,0.224,28,152,492,No Data,0,152,Well Developed,0.941,91,499,0.227,3,0.006,0.065,0,0.533,0.003,No Data,474,0.123,0.667,No Data,0.672,89,13
School of Science & Technology,0.8,8,0,No Data,No Data,No Data,265,0.559,No Data,No Data,0.574,No Data,Proficient,0.158,0.74,18,No Data,0.032,Proficient,0.896,No Data,Developing,0.13,0.78,No Data,0.261,No Data,No Data,572,34,0,No Data,Proficient,No Data,No Data,612,0.515,3,0.005,0.138,No Data,No Data,0.006,No Data,No Data,0.334,No Data,0.2,0.891,163,No Data
P.S. 255 Barbara Reing School,0.86,8,0,No Data,No Data,No Data,440,0.759,No Data,No Data,0.023,No Data,Proficient,0.158,0.888,20,No Data,0.623,Proficient,0.975,No Data,Proficient,0.683,0.91,No Data,No Data,No Data,No Data,887,31,0,No Data,Well Developed,No Data,No Data,899,0.026,8,0.009,0.081,No Data,No Data,0.006,No Data,No Data,0.334,No Data,0.219,0.72,98,No Data
P.S. 246 Poe Center,0.71,2,0,1,No Data,No Data,301,0.6,No Data,No Data,0.078,No Data,Proficient,0.76,0.75,40,No Data,0.032,Well Developed,0.892,No Data,Proficient,0.028,0.77,No Data,0.131,No Data,No Data,655,36,0,No Data,Proficient,No Data,No Data,676,0.1,1,0.002,0.219,No Data,No Data,0.002,No Data,No Data,0.134,No Data,0.047,0.771,564,No Data
P.S. 130 The Parkside,0.94,28,No Data,2,No Data,No Data,393,0.615,No Data,No Data,0.049,No Data,Well Developed,0.324,0.859,4,No Data,0.524,Proficient,0.959,No Data,Proficient,0.552,0.94,No Data,No Data,No Data,No Data,812,22,No Data,No Data,Well Developed,No Data,No Data,830,0.042,9,0.011,0.06,No Data,No Data,0.004,No Data,No Data,0.067,No Data,0.16,0.783,173,No Data
P.S. 196,0.8,No Data,0,No Data,No Data,No Data,407,0.548,No Data,No Data,0.127,No Data,Proficient,0.696,No Data,48,No Data,0.007,Proficient,0.854,No Data,Proficient,0.01,0.84,No Data,0.232,No Data,No Data,807,41,0,No Data,Proficient,No Data,No Data,831,0.181,22,0.029,0.195,No Data,No Data,0.003,No Data,No Data,0.231,No Data,0.127,0.667,660,No Data
P.S. 97 The Highlawn,0.94,5,0,No Data,No Data,No Data,356,0.844,No Data,No Data,0.015,No Data,Proficient,0.255,0.943,31,No Data,0.253,Well Developed,0.953,No Data,Well Developed,0.282,0.94,No Data,0,No Data,No Data,758,37,0,No Data,Well Developed,No Data,No Data,771,0.011,3,0.004,0.036,No Data,No Data,0.003,No Data,No Data,0.075,No Data,0.289,0.903,162,No Data
P.S. 238 Anne Sullivan,0.85,7,0,1,53,163,280,No Data,22,No Data,0.026,0.3,Proficient,0.256,0.78,No Data,No Data,0.247,Proficient,0.884,26,Proficient,0.281,0.83,1,No Data,26,53,569,No Data,0,53,Well Developed,1,52,586,0.031,No Data,0.0,0.116,0,0.5,0.004,No Data,163,0.084,No Data,No Data,0.824,278,29
P.S. 083 Donald Hertz,0.83,12,0,11,221,654,837,No Data,52,No Data,0.059,0.604,Well Developed,0.403,0.918,No Data,No Data,0.353,Proficient,0.916,59,Proficient,0.353,0.86,0.979,0.044,29,221,1712,No Data,0,221,Well Developed,0.994,142,1761,0.046,18,0.01,0.099,0,0.808,0.005,No Data,654,0.39,0.926,No Data,0.939,794,43
Antonia Pantoja Preparatory Academy: A College Boa,0.88,No Data,0,No Data,51,160,92,No Data,23,No Data,0.137,0.55,Developing,0.673,No Data,No Data,2.41,0.006,Proficient,0.869,No Data,Developing,0.019,0.88,0.913,0.25,No Data,51,173,No Data,0,51,Proficient,0.956,73,189,0.302,2,0.012,0.199,0,0.826,0.003,No Data,160,0.212,0.789,No Data,0.861,140,24
P.S. 186 Castlewood,0.7,5,0,2,No Data,No Data,143,0.659,No Data,No Data,0.131,No Data,Proficient,0.141,0.85,5,No Data,0.271,Well Developed,0.981,No Data,Well Developed,0.27,0.77,No Data,0,No Data,No Data,355,5,0,No Data,Well Developed,No Data,No Data,362,0.091,7,0.02,0.017,No Data,No Data,0.003,No Data,No Data,0.045,No Data,No Data,0.936,70,No Data
The Math & Science Exploratory School,0.86,16,0,4,177,537,244,No Data,1,No Data,0.135,No Data,Proficient,0.401,0.971,No Data,3.4,0.479,Proficient,1,177,Proficient,0.349,0.86,1,0.088,177,177,552,No Data,0,177,Well Developed,1,168,569,0.304,1,0.002,0.035,0,No Data,0.003,No Data,537,0.123,0.947,No Data,0.895,121,2
I.S. 061 Leonardo Da Vinci,0.87,No Data,0,2,761,2197,1096,No Data,308,0,0.02,0.556,Proficient,0.699,0.931,No Data,2.21,0.018,Proficient,0.913,619,Well Developed,0.029,0.82,0.973,0.088,589,761,2321,No Data,No Data,761,Proficient,0.956,695,2419,0.056,9,0.004,0.13,0,0.731,0.003,356,2197,0.023,0.847,No Data,0.742,2102,227
M.S. 324 - Patria Mirabal,0.9,No Data,No Data,No Data,127,299,176,No Data,60,No Data,0.103,0.6,No Data,0.897,No Data,No Data,2.31,0.034,No Data,0.844,30,Well Developed,0.024,0.9,0.936,No Data,30,127,329,No Data,No Data,127,No Data,0.946,116,337,0.161,No Data,0.0,0.188,0,0.75,0.001,No Data,299,0.064,No Data,No Data,0.939,277,46
P.S. 288 The Shirley Tanyhill,0.81,No Data,0,No Data,43,152,289,No Data,36,No Data,0.61,No Data,Proficient,0.256,No Data,No Data,No Data,0.04,Well Developed,0.714,No Data,Proficient,0.08,0.75,0.993,0.3,No Data,43,590,No Data,0,43,Proficient,0.974,55,611,0.63,1,0.002,0.155,0,0.639,0.004,No Data,152,0.084,No Data,No Data,0.78,192,38
P.S. 046 Edward C. Blum,0.83,6,0,No Data,No Data,No Data,100,0.25,No Data,No Data,0.467,No Data,Proficient,0.209,No Data,9,No Data,0.01,Well Developed,1,No Data,Proficient,0.179,0.92,No Data,0.261,No Data,No Data,211,11,0,No Data,Well Developed,No Data,No Data,221,0.396,No Data,0.0,0.126,No Data,No Data,0.006,No Data,No Data,0.443,No Data,0,0.783,100,No Data
P.S. 042 Benjamin Altman,0.95,2,0,1,No Data,No Data,246,0.942,No Data,No Data,0.018,No Data,Proficient,0.161,0.942,5,No Data,0.047,Proficient,0.966,No Data,Proficient,0.08,0.95,No Data,No Data,No Data,No Data,523,11,0,No Data,Proficient,No Data,No Data,537,0.027,1,0.002,0.089,No Data,No Data,0.002,No Data,No Data,0.06,No Data,0.333,0.778,38,No Data
Ralph A. Fabrizio School,0.94,5,0,1,No Data,No Data,490,0.846,No Data,No Data,0.004,No Data,Proficient,0.247,0.954,16,No Data,0.233,Proficient,0.954,No Data,Well Developed,0.33,0.95,No Data,No Data,No Data,No Data,1049,25,0,No Data,Well Developed,No Data,No Data,1070,0.007,6,0.006,0.114,No Data,No Data,0.001,No Data,No Data,0.009,No Data,0.25,0.89,183,No Data
I.S. 206 Ann Mersereau,0.75,No Data,0,1,70,255,135,No Data,23,No Data,0.122,0.438,Developing,0.751,No Data,No Data,2.09,0.007,Developing,0.86,No Data,Proficient,0.006,0.68,0.957,No Data,No Data,70,277,No Data,0,70,Proficient,0.996,46,288,0.155,No Data,0.0,0.319,0,0.696,0.004,No Data,255,0.158,No Data,No Data,0.773,232,24
P.S. 059 William Floyd,0.95,2,No Data,2,No Data,No Data,149,0.133,No Data,No Data,0.512,No Data,Well Developed,0.503,No Data,8,No Data,0.021,Well Developed,0.778,No Data,Well Developed,0.023,0.97,No Data,0.483,No Data,No Data,309,16,No Data,No Data,Well Developed,No Data,No Data,323,0.473,3,0.01,0.225,No Data,No Data,0.003,No Data,No Data,0.207,No Data,0.05,0.793,139,No Data
P.S. 214 Michael Friedsam,0.72,No Data,0,2,No Data,No Data,383,0.638,No Data,No Data,0.11,No Data,Proficient,0.443,0.754,18,No Data,0.04,Proficient,0.85,No Data,Developing,0.032,0.83,No Data,0.164,No Data,No Data,805,31,No Data,No Data,Proficient,No Data,No Data,844,0.275,15,0.02,0.129,No Data,No Data,0.007,No Data,No Data,0.413,No Data,0.304,0.866,253,No Data
P.S. 044 Marcus Garvey,0.92,No Data,No Data,No Data,No Data,No Data,62,No Data,No Data,No Data,0.861,No Data,Proficient,0.209,No Data,1,No Data,0.028,Proficient,0.617,No Data,Proficient,0.058,0.9,No Data,0.75,No Data,No Data,114,7,No Data,No Data,Proficient,No Data,No Data,116,0.702,2,0.019,0.213,No Data,No Data,0.006,No Data,No Data,0.443,No Data,No Data,0.75,10,No Data
Dr. Susan S. McKinney Secondary School of the Arts,No Data,No Data,0,No Data,31,86,50,No Data,16,No Data,0.692,No Data,Developing,0.183,No Data,No Data,2.25,0.022,Proficient,0.57,22,Proficient,0.029,No Data,0.744,0.655,22,31,99,No Data,0,31,Proficient,No Data,27,108,0.527,No Data,0.0,0.133,0,0.625,0.012,No Data,86,0.693,No Data,No Data,1,26,17
P.S. 086 Kingsbridge Heights,0.99,2,0,2,No Data,No Data,808,0.724,No Data,No Data,0.077,No Data,Well Developed,0.76,0.78,41,No Data,0.02,Well Developed,0.878,No Data,Well Developed,0.027,0.97,No Data,No Data,No Data,No Data,1640,49,0,No Data,Well Developed,No Data,No Data,1672,0.099,9,0.006,0.249,No Data,No Data,0.002,No Data,No Data,0.134,No Data,0.141,0.73,1419,No Data
Spruce Street School,0.88,48,0,1,59,175,254,No Data,11,No Data,0.035,No Data,Well Developed,0.174,0.862,No Data,No Data,0.547,Well Developed,0.948,59,Well Developed,0.372,0.66,1,No Data,59,59,550,No Data,0,59,Well Developed,0.686,52,561,0.086,8,0.015,0.044,0,No Data,0.003,No Data,175,0.075,0.864,No Data,0.825,86,7
P.S. 235 Janice Marie Knight School,0.88,14,0,3,116,305,640,No Data,9,0,0.915,No Data,Proficient,0.067,0.842,No Data,No Data,0.011,Developing,0.958,116,Developing,0.034,0.88,1,0.313,116,116,1152,No Data,0,116,Proficient,1,84,1165,0.802,6,0.005,0.043,0,No Data,0.004,116,305,0.874,1,No Data,0.91,39,8
P.S. 236 Langston Hughes,0.89,No Data,No Data,1,No Data,No Data,155,0.444,No Data,No Data,0.208,No Data,Developing,0.692,No Data,4,No Data,0.004,Developing,0.939,No Data,Proficient,0.01,0.86,No Data,0.2,No Data,No Data,291,19,No Data,No Data,Proficient,No Data,No Data,299,0.346,1,0.004,0.244,No Data,No Data,0.002,No Data,No Data,0.277,No Data,0.174,0.9,225,No Data
P.S. 249 The Caton,0.96,6,0,2,No Data,No Data,418,0.593,No Data,No Data,0.427,No Data,No Data,0.195,0.907,1,No Data,0.037,No Data,0.911,No Data,Well Developed,0.077,0.96,No Data,0.233,No Data,No Data,829,14,0,No Data,No Data,No Data,No Data,844,0.377,10,0.012,0.091,No Data,No Data,0.005,No Data,No Data,0.695,No Data,0.16,0.683,369,No Data
The Bronx School of Young Leaders,0.95,2,0,No Data,136,425,233,No Data,67,No Data,0.24,0.654,Proficient,0.751,No Data,No Data,2.24,0.014,Proficient,0.825,13,Proficient,0.008,0.94,0.995,0.2,13,136,455,No Data,0,136,Well Developed,0.993,114,465,0.305,1,0.002,0.229,0,0.672,0.004,No Data,425,0.158,0.8,No Data,0.6,328,57
P.S. 222 Katherine R. Snyder,0.88,22,0,14,No Data,No Data,403,0.717,No Data,No Data,0.131,No Data,No Data,0.158,0.848,3,No Data,0.442,No Data,0.977,No Data,Proficient,0.468,0.96,No Data,No Data,No Data,No Data,873,17,0,No Data,No Data,No Data,No Data,887,0.099,3,0.003,0.014,No Data,No Data,0.006,No Data,No Data,0.334,No Data,0,0.936,159,No Data
P.S./I.S. 187 Hudson Cliffs,0.82,40,No Data,No Data,90,269,391,No Data,18,No Data,0.039,0.792,Proficient,0.848,0.976,No Data,No Data,0.385,Proficient,0.885,60,Proficient,0.4,0.83,0.993,No Data,No Data,90,781,No Data,No Data,90,Proficient,0.989,72,784,0.037,4,0.005,0.061,0,0.833,0.001,No Data,269,0.068,0.944,No Data,0.827,366,14
I.S. 364 Gateway,0.84,1,0,7,114,255,122,No Data,55,No Data,0.698,0.318,Proficient,0.455,No Data,No Data,2.24,0.038,Proficient,0.969,111,Proficient,0.035,0.81,0.996,0.48,111,114,273,No Data,0,114,Proficient,0.98,104,289,0.783,1,0.004,0.14,0,0.473,0.007,No Data,255,0.442,0.75,No Data,0.68,62,65
P.S. 264 Bay Ridge Elementary School For The Arts,0.77,6,0,No Data,No Data,No Data,233,0.75,No Data,No Data,0.03,No Data,Proficient,0.247,0.875,8,No Data,0.531,Proficient,0.959,No Data,Proficient,0.514,0.83,No Data,No Data,No Data,No Data,473,19,0,No Data,Well Developed,No Data,No Data,478,0.023,1,0.002,0.02,No Data,No Data,0.001,No Data,No Data,0.009,No Data,0.25,0.973,152,No Data
P.S. 097 Forest Park,0.82,5,0,No Data,No Data,No Data,319,0.582,No Data,No Data,0.025,No Data,No Data,0.457,0.861,13,No Data,0.07,No Data,0.932,No Data,Proficient,0.087,0.87,No Data,No Data,No Data,No Data,655,15,No Data,No Data,No Data,No Data,No Data,668,0.021,3,0.005,0.05,No Data,No Data,0.012,No Data,No Data,0.196,No Data,0.091,0.898,469,No Data
M.S. 035 Stephen Decatur,0.89,No Data,No Data,1,71,189,101,No Data,37,No Data,0.814,0.462,No Data,0.236,No Data,No Data,2.35,0.02,No Data,0.784,60,Well Developed,0.041,0.98,0.82,0.647,18,71,208,No Data,No Data,71,No Data,0.841,85,214,0.716,1,0.0,0.241,0,0.595,0.003,No Data,189,0.702,0.85,No Data,0.824,31,35
Riverdale Avenue Community School,0.73,No Data,0,3,No Data,No Data,148,No Data,No Data,No Data,0.745,No Data,Proficient,0.251,No Data,12,No Data,0.024,Proficient,0.612,No Data,Proficient,0.012,0.74,No Data,0.438,No Data,No Data,301,10,0,No Data,Proficient,No Data,No Data,311,0.809,4,0.01,0.314,No Data,No Data,0.004,No Data,No Data,0.706,No Data,No Data,0.625,57,No Data
P.S. 112 Lefferts Park,0.94,2,0,No Data,No Data,No Data,326,0.868,No Data,No Data,0.01,No Data,No Data,0.247,0.946,7,No Data,0.237,No Data,0.963,No Data,Well Developed,0.237,No Data,No Data,0,No Data,No Data,727,23,0,No Data,No Data,No Data,No Data,745,0.009,No Data,0.0,0.047,No Data,No Data,0.001,No Data,No Data,0.009,No Data,0.407,0.782,266,No Data
P.S. 089 Elmhurst,0.92,3,0,2,No Data,No Data,856,0.694,No Data,No Data,0.002,No Data,Proficient,0.687,0.851,31,No Data,0.016,Proficient,0.917,No Data,Well Developed,0.025,0.94,No Data,No Data,No Data,No Data,1744,81,0,No Data,Well Developed,No Data,No Data,1773,0.004,8,0.005,0.114,No Data,No Data,0.002,No Data,No Data,0.016,No Data,0.149,0.743,1303,No Data
P.S. 195 William Haberle,0.93,No Data,0,1,No Data,No Data,211,0.469,No Data,No Data,0.887,No Data,Proficient,0.165,No Data,14,No Data,0.005,Proficient,0.914,No Data,Proficient,0.007,0.92,No Data,0.457,No Data,No Data,442,17,0,No Data,Proficient,No Data,No Data,459,0.871,2,0.005,0.085,No Data,No Data,0.009,No Data,No Data,0.568,No Data,0.042,0.943,35,No Data
P.S. 121 Nelson A. Rockefeller,0.91,2,0,No Data,34,100,153,No Data,10,No Data,0.045,No Data,Well Developed,0.256,0.853,No Data,No Data,0.324,Well Developed,0.957,No Data,Well Developed,0.269,0.91,1,No Data,No Data,34,340,No Data,0,34,Well Developed,1,34,353,0.052,2,0.006,0.072,0,No Data,0.004,No Data,100,0.084,No Data,No Data,0.917,142,13
P.S. 147 Isaac Remsen,0.98,30,0,1,No Data,No Data,154,0.5,No Data,No Data,0.161,No Data,Proficient,0.503,0.737,2,No Data,0.107,Well Developed,0.899,No Data,Well Developed,0.058,0.96,No Data,No Data,No Data,No Data,302,9,0,No Data,Well Developed,No Data,No Data,309,0.232,No Data,0.0,0.171,No Data,No Data,0.003,No Data,No Data,0.207,No Data,No Data,0.741,171,No Data
I.S. 192 The Linden,1,5,0,8,180,450,231,No Data,48,No Data,0.768,0.345,Proficient,0.161,0.824,No Data,2.47,0.004,Proficient,0.993,59,Proficient,0.007,0.99,0.967,0.69,30,180,491,No Data,0,180,Well Developed,0.929,157,518,0.72,22,0.045,0.113,0,0.792,0.009,No Data,450,0.612,0.593,No Data,1,60,40
"I.S. X318 Math, Science & Technology Through Arts",0.77,No Data,No Data,No Data,71,212,102,No Data,50,No Data,0.354,0.632,Proficient,0.699,No Data,No Data,2.13,0.009,Proficient,0.891,8,Proficient,0.011,0.78,1,0.292,7,71,231,No Data,No Data,71,Proficient,1,83,244,0.308,No Data,0.0,0.274,0,0.6,0.003,No Data,212,0.25,No Data,No Data,0.5,147,47
Professor Juan Bosch Public School,0.98,6,No Data,No Data,No Data,No Data,146,No Data,No Data,No Data,0.02,No Data,No Data,0.851,No Data,2,No Data,0.164,No Data,0.957,No Data,Well Developed,0.053,1,No Data,No Data,No Data,No Data,297,9,No Data,No Data,No Data,No Data,No Data,301,0.026,No Data,0.0,0.137,No Data,No Data,0.001,No Data,No Data,0.059,No Data,No Data,0.849,233,No Data
P.S. 102 Jacques Cartier,0.55,3,0,No Data,No Data,No Data,91,0.538,No Data,No Data,0.34,No Data,Proficient,0.648,0.941,4,No Data,0.038,Proficient,0.836,No Data,Developing,0.03,0.65,No Data,0.333,No Data,No Data,221,10,0,No Data,Proficient,No Data,No Data,234,0.218,6,0.028,0.222,No Data,No Data,0.002,No Data,No Data,0.257,No Data,No Data,0.758,106,No Data
I.S. 229 Roland Patterson,0.77,2,No Data,2,83,231,118,No Data,33,No Data,0.299,0.222,Developing,0.673,No Data,No Data,2.06,0.004,Developing,0.847,No Data,Developing,0.008,0.68,1,0.548,No Data,83,256,No Data,No Data,83,Developing,0.996,59,272,0.521,1,0.004,0.22,0,0.545,0.003,No Data,231,0.297,No Data,No Data,0.839,171,35
P.S. 054 Hillside,0.76,4,0,8,No Data,No Data,264,0.628,No Data,No Data,0.056,No Data,Proficient,0.274,0.768,11,No Data,0.019,Proficient,0.92,No Data,Proficient,0.037,0.77,No Data,No Data,No Data,No Data,534,32,0,No Data,Well Developed,No Data,No Data,552,0.095,25,0.044,0.137,No Data,No Data,0.012,No Data,No Data,0.193,No Data,0.111,0.8,305,No Data
Brooklyn Arts and Science Elementary School,0.94,7,No Data,1,No Data,No Data,145,No Data,No Data,No Data,0.418,No Data,Proficient,0.195,No Data,16,No Data,0.179,Proficient,0.883,No Data,Developing,0.256,0.96,No Data,0.321,No Data,No Data,299,11,No Data,No Data,Proficient,No Data,No Data,310,0.436,No Data,0.0,0.126,No Data,No Data,0.005,No Data,No Data,0.695,No Data,0.067,0.571,96,No Data
P.S. 063 Author's Academy,0.85,No Data,0,No Data,No Data,No Data,249,0.375,No Data,No Data,0.367,No Data,Proficient,0.692,No Data,11,No Data,0.031,Proficient,0.9,No Data,Proficient,0.028,0.81,No Data,0.136,No Data,No Data,481,19,0,No Data,Proficient,No Data,No Data,501,0.348,4,0.009,0.281,No Data,No Data,0.002,No Data,No Data,0.277,No Data,0.1,0.773,276,No Data
P.S. 108 Captain Vincent G. Fowler,0.87,11,0,2,No Data,No Data,641,0.775,No Data,No Data,0.045,No Data,Well Developed,0.457,0.856,11,No Data,0.065,Proficient,0.893,No Data,Well Developed,0.052,0.88,No Data,No Data,No Data,No Data,1329,60,0,No Data,Proficient,No Data,No Data,1346,0.048,14,0.011,0.051,No Data,No Data,0.012,No Data,No Data,0.196,No Data,0.155,0.835,800,No Data
P.S. 250 George H. Lindsay,0.91,2,No Data,2,No Data,No Data,187,0.486,No Data,No Data,0.138,No Data,Developing,0.503,0.896,11,No Data,0.005,Proficient,0.899,No Data,Developing,0.096,0.91,No Data,0.176,No Data,No Data,391,28,No Data,No Data,Proficient,No Data,No Data,407,0.157,No Data,0.0,0.162,No Data,No Data,0.003,No Data,No Data,0.207,No Data,0.051,0.853,260,No Data
J.H.S. 127 The Castle Hill,0.89,5,0,3,245,790,415,No Data,70,No Data,0.208,0.359,Proficient,0.367,0.944,No Data,2.56,0.027,Proficient,0.945,101,Proficient,0.037,0.93,0.994,0.288,62,245,846,No Data,No Data,245,Well Developed,1,270,868,0.185,17,0.018,0.201,0,0.714,0.006,No Data,790,0.5,0.711,No Data,0.667,356,69
P.S. 290 Juan Morel Campos,0.91,1,No Data,No Data,No Data,No Data,207,0.581,No Data,No Data,0.177,No Data,Proficient,0.443,No Data,12,No Data,0.01,Proficient,0.823,No Data,Well Developed,0.011,0.94,No Data,0.297,No Data,No Data,438,18,No Data,No Data,Well Developed,No Data,No Data,465,0.21,8,0.017,0.133,No Data,No Data,0.007,No Data,No Data,0.413,No Data,No Data,0.784,335,No Data
P.S. 033 Chelsea Prep,0.69,46,0,No Data,No Data,No Data,305,0.868,No Data,No Data,0.176,No Data,Proficient,0.161,0.911,12,No Data,0.211,Proficient,0.91,No Data,Proficient,0.342,0.84,No Data,No Data,No Data,No Data,613,15,0,No Data,Proficient,No Data,No Data,644,0.163,5,0.009,0.171,No Data,No Data,0.002,No Data,No Data,0.06,No Data,0.118,0.667,175,No Data
STEM Institute of Manhattan,0.88,1,0,1,No Data,No Data,48,0.4,No Data,No Data,0.536,No Data,Developing,0.293,No Data,5,No Data,0.072,Developing,0.869,No Data,Developing,0.175,No Data,No Data,0.4,No Data,No Data,101,5,0,No Data,Developing,No Data,No Data,107,0.489,1,0.01,0.206,No Data,No Data,0.003,No Data,No Data,0.206,No Data,No Data,0.933,34,No Data
The New School for Leadership and Journalism,0.92,3,0,1,262,703,348,No Data,114,No Data,0.086,0.769,Developing,0.751,0.875,No Data,2.27,0.013,Proficient,0.864,225,Proficient,0.027,0.92,0.996,0.131,225,262,736,No Data,0,262,Proficient,1,244,754,0.125,2,0.003,0.258,0,0.789,0.004,No Data,703,0.158,0.922,No Data,0.689,642,91
P.S. 304 Early Childhood School,0.9,7,0,1,No Data,No Data,228,0.875,No Data,No Data,0.088,No Data,Proficient,0.666,1,6,No Data,0.154,Proficient,0.964,No Data,Proficient,0.074,0.95,No Data,No Data,No Data,No Data,478,14,0,No Data,Well Developed,No Data,No Data,487,0.19,1,0.002,0.066,No Data,No Data,0.004,No Data,No Data,0.215,No Data,No Data,0.914,321,No Data
P.S. 126 Jacob August Riis,0.88,19,0,2,111,341,345,No Data,25,0,0.08,No Data,Proficient,0.174,0.972,No Data,No Data,0.054,Proficient,0.964,111,Proficient,0.026,0.91,0.979,No Data,111,111,700,No Data,No Data,111,Proficient,0.994,105,709,0.166,2,0.003,0.24,0,0.76,0.003,111,341,0.075,0.967,No Data,0.871,118,16
J.H.S. 074 Nathaniel Hawthorne,0.97,20,No Data,3,368,1130,514,No Data,32,0,0.033,0.576,Proficient,0.136,0.98,No Data,3.29,0.153,Well Developed,0.975,177,Well Developed,0.139,0.84,0.999,No Data,163,368,1169,No Data,No Data,368,Well Developed,0.999,314,1176,0.021,1,0.001,0.023,0,0.656,0.004,177,1130,0.048,0.933,No Data,0.919,144,16
P.S. 091 Bronx,No Data,2,No Data,No Data,No Data,No Data,305,0.447,No Data,No Data,0.147,No Data,Developing,0.76,0.857,22,No Data,0.025,Proficient,0.899,No Data,Proficient,0.016,No Data,No Data,0.115,No Data,No Data,628,38,No Data,No Data,Well Developed,No Data,No Data,663,0.126,9,0.013,0.366,No Data,No Data,0.002,No Data,No Data,0.134,No Data,0.029,0.904,486,No Data
P.S. 009 Teunis G. Bergen,0.73,20,0,5,No Data,No Data,417,0.79,No Data,No Data,0.418,No Data,Well Developed,0.209,0.754,1,No Data,0.298,Well Developed,0.969,No Data,Proficient,0.427,0.76,No Data,0.365,No Data,No Data,837,25,0,No Data,Well Developed,No Data,No Data,853,0.275,7,0.009,0.043,No Data,No Data,0.006,No Data,No Data,0.443,No Data,0.15,0.857,141,No Data
Muscota,0.97,22,No Data,No Data,No Data,No Data,164,0.852,No Data,No Data,0.023,No Data,Well Developed,0.851,No Data,No Data,No Data,0.434,Proficient,0.989,No Data,Proficient,0.079,0.97,No Data,No Data,No Data,No Data,304,7,No Data,No Data,Well Developed,No Data,No Data,306,0.044,1,0.003,0.03,No Data,No Data,0.001,No Data,No Data,0.059,No Data,No Data,0.842,130,No Data
J.H.S. 201 The Dyker Heights,0.95,4,0,5,570,1725,816,No Data,83,0,0.004,0.773,Proficient,0.259,0.987,No Data,3.06,0.287,Proficient,0.97,267,Proficient,0.244,0.94,0.998,0,179,570,1756,No Data,0,570,Well Developed,0.999,486,1769,0.011,2,0.001,0.036,0,0.771,0.006,264,1725,0.029,0.958,No Data,0.86,276,54
J.H.S. 259 William McKinley,0.98,8,0,7,622,1826,888,No Data,119,0,0.009,0.73,Well Developed,0.259,0.961,No Data,2.99,0.312,Proficient,0.973,257,Proficient,0.248,0.97,1,No Data,257,622,1881,No Data,0,622,Well Developed,1,576,1898,0.009,3,0.002,0.065,0,0.824,0.006,203,1826,0.029,0.969,No Data,0.788,376,69
J.H.S. 202 Robert H. Goddard,0.92,8,0,20,376,1070,558,No Data,83,No Data,0.082,0.562,Well Developed,0.405,0.904,No Data,2.76,0.063,Well Developed,0.904,156,Proficient,0.192,0.95,0.997,0.069,156,376,1118,No Data,0,376,Well Developed,0.97,329,1145,0.113,49,0.042,0.059,0,0.639,0.013,No Data,1070,0.184,0.852,No Data,0.903,514,59
Sixth Avenue Elementary School,0.9,45,0,No Data,No Data,No Data,160,No Data,No Data,No Data,0.037,No Data,Proficient,0.161,0.88,No Data,No Data,0.625,Proficient,0.965,No Data,Proficient,0.617,0.91,No Data,No Data,No Data,No Data,335,No Data,0,No Data,Well Developed,No Data,No Data,339,0.035,No Data,0.0,0.009,No Data,No Data,0.002,No Data,No Data,0.06,No Data,No Data,0.71,45,No Data
P.S. 166 The Richard Rodgers School of The Arts an,0.52,65,0,1,No Data,No Data,333,0.855,No Data,No Data,0.041,No Data,Proficient,0.293,0.916,No Data,No Data,0.565,Well Developed,0.976,No Data,Proficient,0.435,0.64,No Data,No Data,No Data,No Data,673,4,0,No Data,Well Developed,No Data,No Data,677,0.118,No Data,0.0,0.021,No Data,No Data,0.003,No Data,No Data,0.206,No Data,No Data,0.615,104,No Data
P.S. 198 Brooklyn,0.78,1,0,1,No Data,No Data,195,0.417,No Data,No Data,0.849,No Data,Proficient,0.158,No Data,7,No Data,0.016,Proficient,0.858,No Data,Proficient,0.025,0.74,No Data,0.382,No Data,No Data,379,15,No Data,No Data,Proficient,No Data,No Data,395,0.807,6,0.011,0.184,No Data,No Data,0.006,No Data,No Data,0.334,No Data,0.125,0.941,41,No Data
P.S. 055 Maure,0.95,5,0,16,No Data,No Data,223,0.571,No Data,No Data,0.089,No Data,Proficient,0.274,0.814,6,No Data,0.014,Proficient,0.843,No Data,Proficient,0.011,0.96,No Data,0.119,No Data,No Data,441,22,0,No Data,Proficient,No Data,No Data,456,0.1,93,0.21,0.04,No Data,No Data,0.012,No Data,No Data,0.193,No Data,0.05,0.929,111,No Data
Young Voices Academy of the Bronx,0.96,1,0,1,No Data,No Data,208,0.414,No Data,No Data,0.066,No Data,Proficient,0.396,0.849,4,No Data,0.14,Proficient,0.893,No Data,Proficient,0.111,0.96,No Data,No Data,No Data,No Data,401,20,0,No Data,Proficient,No Data,No Data,413,0.108,2,0.005,0.195,No Data,No Data,0.004,No Data,No Data,0.437,No Data,No Data,0.879,260,No Data
School for Environmental Citizenship,0.78,No Data,0,1,No Data,No Data,240,0.875,No Data,No Data,0.12,No Data,Proficient,0.76,No Data,38,No Data,0.012,Proficient,0.837,No Data,Proficient,0.007,0.78,No Data,0.122,No Data,No Data,528,24,0,No Data,Well Developed,No Data,No Data,537,0.168,No Data,0.0,0.316,No Data,No Data,0.002,No Data,No Data,0.134,No Data,0.132,0.653,456,No Data
P.S. 191 Mayflower,0.96,9,0,No Data,No Data,No Data,181,0.854,No Data,No Data,0.04,No Data,Well Developed,0.141,0.895,No Data,No Data,0.072,Well Developed,0.942,No Data,Well Developed,0.081,0.98,No Data,0,No Data,No Data,355,10,0,No Data,Well Developed,No Data,No Data,364,0.019,3,0.006,0.063,No Data,No Data,0.003,No Data,No Data,0.045,No Data,No Data,0.96,48,No Data
The Children's Workshop School,0.91,17,0,2,No Data,No Data,140,0.789,No Data,No Data,0.114,No Data,Proficient,0.529,0.88,2,No Data,0.349,Proficient,0.887,No Data,Proficient,0.192,0.94,No Data,No Data,No Data,No Data,303,4,0,No Data,Well Developed,No Data,No Data,308,0.18,1,0.003,0.084,No Data,No Data,0.005,No Data,No Data,0.153,No Data,No Data,0.821,118,No Data
P.S. 089 Bronx,No Data,5,No Data,4,169,550,767,No Data,54,No Data,0.198,0.472,Developing,0.403,0.822,No Data,No Data,0.159,Proficient,0.869,49,Developing,0.117,0.97,1,0.121,30,169,1510,No Data,No Data,169,Proficient,1,138,1539,0.253,12,0.008,0.111,0,0.648,0.005,No Data,550,0.39,0.929,No Data,0.727,795,43
P.S./M.S. 280 Mosholu Parkway,0.82,2,0,33,100,287,399,No Data,42,No Data,0.081,0.441,Proficient,0.757,0.622,No Data,No Data,0.046,Proficient,0.874,20,Proficient,0.056,0.82,0.979,No Data,No Data,100,824,No Data,0,100,Well Developed,0.962,112,844,0.079,3,0.004,0.203,0,0.619,0.004,No Data,287,0.143,0.864,No Data,0.815,633,20
P.S. Q016 The Nancy DeBenedittis School,0.88,1,0,1,No Data,No Data,721,0.608,No Data,No Data,0.0,No Data,Proficient,0.687,0.946,70,No Data,0.014,Proficient,0.949,No Data,Well Developed,0.008,0.9,No Data,No Data,No Data,No Data,1426,94,No Data,No Data,Proficient,No Data,No Data,1453,0.0,6,0.004,0.196,No Data,No Data,0.002,No Data,No Data,0.016,No Data,0.135,0.804,1306,No Data
M.S. 301 Paul L. Dunbar,0.98,1,0,No Data,67,180,104,No Data,50,No Data,0.482,0.471,Proficient,0.673,No Data,No Data,2.05,0.025,Proficient,0.902,No Data,Proficient,0.017,0.98,0.994,0.476,No Data,67,219,No Data,0,67,Proficient,0.994,84,233,0.425,6,0.03,0.271,0,0.44,0.003,No Data,180,0.212,No Data,No Data,0.667,101,42
P.S. 038 Rosedale,0.95,3,0,3,No Data,No Data,138,0.68,No Data,No Data,0.829,No Data,Developing,0.165,No Data,No Data,No Data,0.019,Developing,0.922,No Data,Developing,0.014,0.95,No Data,0.364,No Data,No Data,284,11,0,No Data,Proficient,No Data,No Data,294,0.857,No Data,0.0,0.067,No Data,No Data,0.009,No Data,No Data,0.568,No Data,No Data,0.955,32,No Data
P.S. 144 Col Jeromus Remsen,0.95,70,0,1,No Data,No Data,423,0.782,No Data,No Data,0.015,No Data,Proficient,0.274,0.935,5,No Data,0.374,Proficient,0.993,No Data,Proficient,0.374,0.98,No Data,No Data,No Data,No Data,878,22,0,No Data,Well Developed,No Data,No Data,887,0.013,1,0.001,0.017,No Data,No Data,0.012,No Data,No Data,0.193,No Data,0.05,0.966,153,No Data
Riverdale / Kingsbridge Academy (Middle School / H,0.85,15,0,1,259,787,402,No Data,43,0,0.083,0.643,Proficient,0.751,0.94,No Data,2.95,0.268,Proficient,0.909,196,Proficient,0.283,0.85,1,0.092,64,259,829,No Data,0,259,Proficient,0.989,200,840,0.065,2,0.002,0.106,0,0.814,0.004,196,787,0.158,0.838,No Data,0.888,473,21
I.S. 340,0.94,1,0,No Data,53,193,96,No Data,30,No Data,0.716,0.3,Proficient,0.142,No Data,No Data,2.67,0.025,Proficient,0.941,53,Proficient,0.248,0.92,0.891,0.688,52,53,200,No Data,0,53,Proficient,0.927,78,208,0.446,5,0.025,0.162,0,0.7,0.004,No Data,193,0.775,0.853,No Data,0.938,46,18
P.S. 297 Abraham Stockton,0.8,1,0,No Data,No Data,No Data,99,No Data,No Data,No Data,0.354,No Data,Proficient,0.503,No Data,No Data,No Data,0.016,Proficient,0.808,No Data,Developing,0.011,0.85,No Data,0.263,No Data,No Data,198,13,0,No Data,Well Developed,No Data,No Data,210,0.433,4,0.021,0.307,No Data,No Data,0.003,No Data,No Data,0.207,No Data,No Data,0.579,120,No Data
P.S. 138 Samuel Randall,0.89,2,No Data,No Data,No Data,No Data,296,0.667,No Data,No Data,0.271,No Data,Developing,0.666,No Data,22,No Data,0.007,Proficient,0.902,No Data,Proficient,0.015,0.92,No Data,0.438,No Data,No Data,583,20,No Data,No Data,Proficient,No Data,No Data,614,0.31,11,0.02,0.2,No Data,No Data,0.004,No Data,No Data,0.215,No Data,0.129,0.958,398,No Data
P.S. 051 Elias Howe,0.92,14,0,1,No Data,No Data,216,0.6,No Data,No Data,0.156,No Data,Proficient,0.161,0.821,1,No Data,0.214,Well Developed,0.884,No Data,Proficient,0.261,0.86,No Data,No Data,No Data,No Data,444,12,0,No Data,Well Developed,No Data,No Data,484,0.12,1,0.002,0.219,No Data,No Data,0.002,No Data,No Data,0.06,No Data,0,0.703,206,No Data
P.S. 018 Park Terrace,0.94,No Data,0,No Data,46,152,172,No Data,17,No Data,0.026,No Data,Proficient,0.848,No Data,No Data,No Data,0.014,Well Developed,0.915,19,Proficient,0.055,0.9,1,No Data,No Data,46,356,No Data,0,46,Well Developed,1,34,361,0.096,No Data,0.0,0.318,0,0.706,0.001,No Data,152,0.068,No Data,No Data,0.828,341,14
P.S. 108 Sal Abbracciamento,0.92,5,0,1,No Data,No Data,408,0.793,No Data,No Data,0.08,No Data,Well Developed,0.443,0.872,14,No Data,0.015,Well Developed,0.93,No Data,Well Developed,0.008,0.91,No Data,No Data,No Data,No Data,830,34,No Data,No Data,Well Developed,No Data,No Data,873,0.109,17,0.021,0.223,No Data,No Data,0.007,No Data,No Data,0.413,No Data,0.205,0.792,686,No Data
P.S. 75 School of Research and Discovery,0.91,3,0,1,No Data,No Data,273,0.6,No Data,No Data,0.23,No Data,Proficient,0.666,No Data,18,No Data,0.023,Proficient,0.878,No Data,Well Developed,0.018,0.91,No Data,0.104,No Data,No Data,529,32,0,No Data,Well Developed,No Data,No Data,551,0.296,4,0.008,0.199,No Data,No Data,0.004,No Data,No Data,0.215,No Data,0.125,0.896,376,No Data
"P.S. 128 The Lorraine Tuzzo, Juniper Valley Elemen",0.85,7,0,No Data,129,372,492,No Data,10,0,0.007,0.444,Proficient,0.636,0.974,No Data,No Data,0.75,Proficient,0.97,129,Proficient,0.73,0.83,0.987,No Data,33,129,969,No Data,0,129,Proficient,0.984,68,974,0.006,2,0.002,0.02,0,No Data,0.003,129,372,0.018,0.885,No Data,0.857,188,8
P.S. 185 Walter Kassenbrock,0.94,24,0,No Data,No Data,No Data,326,0.738,No Data,No Data,0.008,No Data,No Data,0.247,0.977,7,No Data,0.675,No Data,0.961,No Data,Proficient,0.592,0.97,No Data,No Data,No Data,No Data,654,12,0,No Data,No Data,No Data,No Data,679,0.027,1,0.002,0.006,No Data,No Data,0.001,No Data,No Data,0.009,No Data,No Data,0.81,140,No Data
J.H.S. 292 Margaret S. Douglas,0.89,2,0,9,170,493,271,No Data,96,No Data,0.466,0.677,Proficient,0.455,0.854,No Data,2.28,0.013,Developing,0.799,50,Proficient,0.015,0.86,0.882,0.773,49,170,550,No Data,No Data,170,Proficient,0.917,162,594,0.566,7,0.013,0.262,0,0.646,0.007,No Data,493,0.442,0.84,No Data,0.75,177,87
P.S. 026 Rufus King,0.85,9,0,No Data,No Data,No Data,373,0.684,No Data,No Data,0.091,No Data,Well Developed,0.141,0.821,4,No Data,0.119,Proficient,0.929,No Data,Well Developed,0.124,0.89,No Data,No Data,No Data,No Data,691,10,0,No Data,Well Developed,No Data,No Data,708,0.056,6,0.007,0.021,No Data,No Data,0.003,No Data,No Data,0.045,No Data,0.188,0.833,119,No Data
P.S. 229 Dyker,0.84,11,0,5,125,379,609,No Data,12,No Data,0.013,0.7,Proficient,0.254,0.949,No Data,No Data,0.225,Proficient,0.955,32,Developing,0.231,0.86,0.987,No Data,32,125,1231,No Data,No Data,125,Proficient,0.997,104,1250,0.017,3,0.002,0.025,0,No Data,0.003,No Data,379,0.017,0.968,No Data,0.821,167,6
The Academy for Excellence through the Arts,0.98,13,No Data,No Data,No Data,No Data,124,No Data,No Data,No Data,0.045,No Data,No Data,0.274,0.927,No Data,No Data,0.385,No Data,0.991,No Data,Well Developed,0.438,1,No Data,No Data,No Data,No Data,249,No Data,No Data,No Data,No Data,No Data,No Data,251,0.019,1,0.004,0.008,No Data,No Data,0.012,No Data,No Data,0.193,No Data,No Data,0.75,46,No Data
P.S. 224 Hale A. Woodruff,0.95,2,0,4,No Data,No Data,165,No Data,No Data,No Data,0.597,No Data,Proficient,0.443,No Data,21,No Data,0.01,Proficient,0.748,No Data,Proficient,0.004,0.96,No Data,0.613,No Data,No Data,326,16,0,No Data,Proficient,No Data,No Data,348,0.651,7,0.02,0.187,No Data,No Data,0.007,No Data,No Data,0.413,No Data,0.174,0.839,114,No Data
P.S. 159,0.94,9,0,3,No Data,No Data,325,0.798,No Data,No Data,0.013,No Data,Well Developed,0.141,0.94,No Data,No Data,0.218,Well Developed,0.986,No Data,Well Developed,0.219,0.94,No Data,No Data,No Data,No Data,647,14,0,No Data,Well Developed,No Data,No Data,656,0.024,3,0.005,0.049,No Data,No Data,0.003,No Data,No Data,0.045,No Data,No Data,0.933,89,No Data
P.S. 081 Robert J. Christen,0.97,26,No Data,2,No Data,No Data,373,0.754,No Data,No Data,0.08,No Data,Proficient,0.76,0.837,1,No Data,0.289,Proficient,0.978,No Data,Well Developed,0.368,No Data,No Data,No Data,No Data,No Data,784,11,No Data,No Data,Well Developed,No Data,No Data,794,0.089,7,0.009,0.046,No Data,No Data,0.002,No Data,No Data,0.134,No Data,No Data,0.789,410,No Data
P.S. 111 Adolph S. Ochs,0.97,6,0,1,No Data,No Data,187,0.8,No Data,No Data,0.16,No Data,Proficient,0.161,0.759,7,No Data,0.17,Proficient,0.89,No Data,Proficient,0.253,No Data,No Data,No Data,No Data,No Data,410,7,0,No Data,Proficient,No Data,No Data,455,0.116,2,0.005,0.214,No Data,No Data,0.002,No Data,No Data,0.06,No Data,No Data,0.75,208,No Data
P.S. 146 Edward Collins,0.73,5,0,No Data,No Data,No Data,196,0.55,No Data,No Data,0.372,No Data,Proficient,0.666,No Data,2,No Data,0.014,Proficient,0.874,No Data,Proficient,0.01,0.78,No Data,0.645,No Data,No Data,359,23,0,No Data,Proficient,No Data,No Data,386,0.389,2,0.006,0.274,No Data,No Data,0.004,No Data,No Data,0.215,No Data,0.133,0.807,210,No Data
Brooklyn School of Inquiry,0.96,18,0,2,55,170,273,No Data,1,0,0.058,No Data,No Data,0.254,0.957,No Data,No Data,0.65,No Data,0.996,54,Well Developed,0.305,No Data,0.982,No Data,53,55,535,No Data,0,55,No Data,1,54,535,0.058,1,0.002,0.006,0,No Data,0.003,54,170,0.017,0.972,No Data,0.8,20,No Data
P.S. 251 Queens,0.85,5,0,1,No Data,No Data,155,0.556,No Data,No Data,0.744,No Data,Proficient,0.165,0.739,1,No Data,0.019,Well Developed,0.82,No Data,Proficient,0.014,0.82,No Data,0.333,No Data,No Data,333,14,0,No Data,Proficient,No Data,No Data,343,0.804,11,0.032,0.131,No Data,No Data,0.009,No Data,No Data,0.568,No Data,0.118,0.767,43,No Data
P.S. 161 Arthur Ashe School,0.93,6,0,8,No Data,No Data,277,0.781,No Data,No Data,0.048,No Data,Well Developed,0.274,0.815,2,No Data,0.029,Well Developed,0.973,No Data,Well Developed,0.022,0.95,No Data,0.109,No Data,No Data,543,21,No Data,No Data,Well Developed,No Data,No Data,570,0.067,44,0.084,0.051,No Data,No Data,0.012,No Data,No Data,0.193,No Data,0.167,1,64,No Data
P.S. 223 Lyndon B. Johnson,0.94,6,0,8,No Data,No Data,207,0.64,No Data,No Data,0.551,No Data,Well Developed,0.457,0.698,11,No Data,0.015,Proficient,0.873,No Data,Proficient,0.021,0.92,No Data,0.289,No Data,No Data,488,27,0,No Data,Well Developed,No Data,No Data,495,0.63,49,0.099,0.077,No Data,No Data,0.012,No Data,No Data,0.196,No Data,0.103,0.911,86,No Data
P.S. 013 Roberto Clemente,0.75,No Data,0,4,No Data,No Data,167,0.737,No Data,No Data,0.642,No Data,Proficient,0.443,No Data,6,No Data,0.034,Well Developed,0.911,No Data,Proficient,0.026,0.82,No Data,0.591,No Data,No Data,386,12,0,No Data,Well Developed,No Data,No Data,409,0.706,7,0.02,0.262,No Data,No Data,0.007,No Data,No Data,0.413,No Data,No Data,0.682,101,No Data
P.S. 105 Sen Abraham Bernstein,0.86,4,0,3,No Data,No Data,472,0.639,No Data,No Data,0.094,No Data,Well Developed,0.396,0.778,21,No Data,0.134,Proficient,0.89,No Data,Proficient,0.102,0.86,No Data,0.136,No Data,No Data,983,36,0,No Data,Well Developed,No Data,No Data,1019,0.128,10,0.011,0.145,No Data,No Data,0.004,No Data,No Data,0.437,No Data,0.106,0.852,626,No Data
P.S. 163 Alfred E. Smith,0.74,29,0,1,No Data,No Data,260,0.726,No Data,No Data,0.179,No Data,Proficient,0.293,0.921,7,No Data,0.258,Well Developed,0.96,No Data,Proficient,0.267,0.76,No Data,No Data,No Data,No Data,526,19,0,No Data,Well Developed,No Data,No Data,541,0.232,No Data,0.0,0.101,No Data,No Data,0.003,No Data,No Data,0.206,No Data,0.053,0.745,230,No Data
Spring Creek Community School,0.78,No Data,0,No Data,70,207,107,No Data,41,No Data,0.738,0.647,Well Developed,0.455,No Data,No Data,2.28,0.033,Well Developed,0.858,No Data,Well Developed,0.025,0.89,0.957,0.49,No Data,70,217,No Data,0,70,Well Developed,1,76,229,0.704,3,0.014,0.094,0,0.634,0.007,No Data,207,0.442,0.85,No Data,0.694,47,42
P.S. 191 Paul Robeson,0.97,3,0,No Data,No Data,No Data,84,No Data,No Data,No Data,0.801,No Data,No Data,0.195,No Data,1,No Data,0.013,No Data,0.938,No Data,Proficient,0.005,0.94,No Data,0.588,No Data,No Data,173,2,0,No Data,No Data,No Data,No Data,185,0.785,2,0.013,0.346,No Data,No Data,0.005,No Data,No Data,0.695,No Data,No Data,0.882,26,No Data
P.S. 007 Louis F. Simeone,0.95,5,0,2,No Data,No Data,641,0.743,No Data,No Data,0.006,No Data,Proficient,0.687,0.871,22,No Data,0.036,Proficient,0.934,No Data,Proficient,0.038,0.97,No Data,0,No Data,No Data,1314,60,No Data,No Data,Well Developed,No Data,No Data,1332,0.051,7,0.005,0.083,No Data,No Data,0.002,No Data,No Data,0.016,No Data,0.265,0.888,430,No Data
P.S. 234 Independence School,0.94,63,0,4,No Data,No Data,331,0.787,No Data,No Data,0.02,No Data,Proficient,0.161,0.894,1,No Data,0.718,Well Developed,0.976,No Data,Proficient,0.658,0.96,No Data,No Data,No Data,No Data,646,12,0,No Data,Proficient,No Data,No Data,651,0.01,2,0.003,0.003,No Data,No Data,0.002,No Data,No Data,0.06,No Data,No Data,0.563,55,No Data
M.S. 390,0.83,No Data,0,3,163,532,262,No Data,69,No Data,0.149,0.432,Developing,0.751,No Data,No Data,2.34,0.011,Proficient,0.909,58,Developing,0.007,0.89,0.93,0.184,57,163,567,No Data,0,163,Proficient,0.923,136,585,0.239,2,0.004,0.295,0,0.667,0.004,No Data,532,0.158,0.857,No Data,0.612,468,69
P.S. 503: The School of Discovery,0.92,3,0,1,No Data,No Data,479,0.377,No Data,No Data,0.005,No Data,Proficient,0.247,0.963,32,No Data,0.053,Proficient,0.937,No Data,Proficient,0.058,0.9,No Data,No Data,No Data,No Data,957,40,0,No Data,Well Developed,No Data,No Data,971,0.009,1,0.001,0.31,No Data,No Data,0.001,No Data,No Data,0.009,No Data,0.118,0.91,708,No Data
New York City Lab Middle School for Collaborative,0.95,33,0,1,180,599,301,No Data,10,0,0.017,No Data,Proficient,0.188,0.992,No Data,3.78,0.245,Proficient,0.994,174,Proficient,0.348,0.96,1,No Data,92,180,604,No Data,0,180,Well Developed,1,170,609,0.104,2,0.003,0.012,0,No Data,0.003,174,599,0.09,0.937,No Data,0.625,39,2
J.H.S. 080 The Mosholu Parkway,No Data,2,0,3,220,603,296,No Data,79,No Data,0.158,0.545,Proficient,0.751,0.868,No Data,2.12,0.039,Proficient,0.916,216,Proficient,0.039,No Data,0.988,0.106,214,220,675,No Data,0,220,Well Developed,0.935,192,713,0.154,6,0.009,0.253,0,0.646,0.004,No Data,603,0.158,0.944,No Data,0.447,476,85
P.S. 094 David D. Porter,0.96,14,0,No Data,No Data,No Data,168,0.844,No Data,No Data,0.015,No Data,No Data,0.141,0.981,No Data,No Data,0.14,No Data,0.98,No Data,Well Developed,0.111,0.98,No Data,No Data,No Data,No Data,338,5,0,No Data,No Data,No Data,No Data,348,0.014,2,0.006,0.021,No Data,No Data,0.003,No Data,No Data,0.045,No Data,No Data,0.92,57,No Data
P.S. 243K- The Weeksville School,0.73,No Data,No Data,No Data,No Data,No Data,89,No Data,No Data,No Data,0.71,No Data,Developing,0.232,No Data,7,No Data,0.005,Proficient,0.967,No Data,Developing,0.007,0.79,No Data,0.64,No Data,No Data,195,9,No Data,No Data,Proficient,No Data,No Data,205,0.694,3,0.016,0.197,No Data,No Data,0.01,No Data,No Data,0.697,No Data,0,0.76,46,No Data
P.S. 290 Manhattan New School,0.61,22,0,2,No Data,No Data,290,0.901,No Data,No Data,0.039,No Data,Proficient,0.161,0.981,1,No Data,0.705,Proficient,0.979,No Data,Well Developed,0.653,0.71,No Data,No Data,No Data,No Data,529,6,0,No Data,Proficient,No Data,No Data,556,0.028,1,0.0,0.002,No Data,No Data,0.002,No Data,No Data,0.06,No Data,No Data,0.756,59,No Data
P.S. 092 Adrian Hegeman,0.83,No Data,0,1,No Data,No Data,149,0.471,No Data,No Data,0.66,No Data,Developing,0.195,0.686,22,No Data,0.042,Proficient,0.798,No Data,Developing,0.073,0.78,No Data,0.694,No Data,No Data,331,19,0,No Data,Proficient,No Data,No Data,343,0.706,9,0.029,0.196,No Data,No Data,0.005,No Data,No Data,0.695,No Data,0.16,0.833,55,No Data
P.S. 270 Johann DeKalb,0.63,1,0,2,No Data,No Data,39,No Data,No Data,No Data,0.571,No Data,Developing,0.209,No Data,2,No Data,0.012,Proficient,0.752,No Data,Developing,0.121,0.55,No Data,0.846,No Data,No Data,89,8,0,No Data,Proficient,No Data,No Data,106,0.498,No Data,0.0,0.25,No Data,No Data,0.006,No Data,No Data,0.443,No Data,No Data,1,33,No Data
P.S. 001 The Bergen,0.8,2,0,1,No Data,No Data,518,0.432,No Data,No Data,0.009,No Data,Proficient,0.324,0.868,22,No Data,0.029,Proficient,0.961,No Data,Proficient,0.064,0.82,No Data,0.054,No Data,No Data,1001,56,0,No Data,Proficient,No Data,No Data,1022,0.026,1,0.001,0.042,No Data,No Data,0.004,No Data,No Data,0.067,No Data,0.034,0.87,883,No Data
I.S. 339,0.87,No Data,No Data,1,173,398,208,No Data,74,No Data,0.289,0.696,Proficient,0.673,No Data,No Data,2.03,0.007,Proficient,0.916,34,Proficient,0.01,0.82,0.982,0.426,22,173,440,No Data,No Data,173,Proficient,0.997,140,453,0.343,1,0.002,0.244,0,0.703,0.003,No Data,398,0.297,No Data,No Data,0.889,307,73
P.S./I.S. 116 William C. Hughley,0.92,No Data,0,10,72,221,404,No Data,22,No Data,0.456,0.563,Proficient,0.17,0.714,No Data,No Data,0.013,Proficient,0.931,70,Proficient,0.02,No Data,0.973,0.552,70,72,810,No Data,0,72,Proficient,0.95,53,859,0.549,25,0.032,0.216,0,0.591,0.009,No Data,221,0.601,No Data,No Data,0.897,321,21
"P.S. 145, The Bloomingdale School",0.95,6,0,1,No Data,No Data,179,0.5,No Data,No Data,0.248,No Data,Proficient,0.293,No Data,11,No Data,0.162,Proficient,0.855,No Data,Proficient,0.145,No Data,No Data,No Data,No Data,No Data,382,8,0,No Data,Proficient,No Data,No Data,400,0.284,1,0.003,0.225,No Data,No Data,0.003,No Data,No Data,0.206,No Data,0,0.579,206,No Data
Sunset Park Prep,0.96,No Data,0,No Data,173,526,254,No Data,75,No Data,0.024,0.5,Proficient,0.401,0.989,No Data,2.44,0.046,Proficient,0.95,87,Proficient,0.067,0.92,0.888,No Data,60,173,541,No Data,0,173,Proficient,0.97,156,548,0.025,1,0.002,0.091,0,0.8,0.003,No Data,526,0.123,0.784,No Data,0.778,410,43
P.S. 315 Lab School,0.91,1,0,No Data,28,86,121,No Data,15,No Data,0.123,No Data,Well Developed,0.757,No Data,No Data,No Data,0.013,Well Developed,0.901,13,Proficient,0.043,0.95,1,No Data,No Data,28,231,No Data,0,28,Well Developed,1,37,236,0.129,1,0.004,0.167,0,0.267,0.004,No Data,86,0.143,0.765,No Data,0.8,192,7
Riverdale Avenue Middle School,0.87,No Data,0,2,46,137,75,No Data,10,No Data,0.69,No Data,Proficient,0.187,No Data,No Data,2.2,0.021,Proficient,0.782,14,Proficient,0.01,0.81,1,0.375,No Data,46,150,No Data,0,46,Proficient,0.847,37,159,0.842,5,0.035,0.394,0,No Data,0.001,No Data,137,0.773,No Data,No Data,0.5,35,13
The School for Inquiry and Social Justice,0.88,3,0,2,168,476,234,No Data,67,No Data,0.206,0.696,Proficient,0.673,No Data,No Data,2.53,0.016,Proficient,0.957,No Data,Proficient,0.011,0.91,0.998,No Data,No Data,168,501,No Data,0,168,Proficient,0.998,152,511,0.251,7,0.014,0.176,0,0.791,0.003,No Data,476,0.212,0.974,No Data,0.526,368,53
J.H.S. 217 Robert A. Van Wyck,0.94,9,0,32,560,1660,797,No Data,154,No Data,0.125,0.496,No Data,0.288,0.846,No Data,2.51,0.042,No Data,0.817,553,Well Developed,0.075,0.93,0.984,0.198,550,560,1742,No Data,No Data,560,No Data,0.994,494,1781,0.085,66,0.039,0.132,0,0.63,0.021,No Data,1660,0.221,0.901,No Data,0.811,805,127
P.S. 748 Brooklyn School for Global Scholars,0.97,7,0,3,No Data,No Data,252,0.819,No Data,No Data,0.012,No Data,Well Developed,0.247,0.875,2,No Data,0.319,Well Developed,0.974,No Data,Well Developed,0.23,0.97,No Data,0,No Data,No Data,513,8,0,No Data,Well Developed,No Data,No Data,518,0.015,1,0.002,0.022,No Data,No Data,0.001,No Data,No Data,0.009,No Data,No Data,0.775,139,No Data
Conselyea Preparatory School,0.92,1,0,No Data,150,469,260,No Data,29,0,0.046,0.487,No Data,0.615,0.95,No Data,2.95,0.309,No Data,0.98,150,Well Developed,0.176,0.87,0.994,No Data,149,150,479,No Data,0,150,No Data,0.994,126,488,0.134,2,0.004,0.074,0,0.828,0.002,150,469,0.206,0.915,No Data,0.758,285,26
Academy for College Preparation and Career Explora,0.84,No Data,0,No Data,41,123,61,No Data,22,0,0.661,No Data,Proficient,0.142,No Data,No Data,2.19,0.008,Well Developed,0.859,31,Proficient,0.03,0.92,0.667,0.571,12,41,134,No Data,0,41,Proficient,0.821,48,137,0.647,6,0.039,0.225,0,0.773,0.004,29,123,0.775,No Data,No Data,0.762,40,19
P.S. 206 Jose Celso Barbosa,0.81,5,0,No Data,72,213,203,No Data,37,No Data,0.231,0.375,Proficient,0.562,No Data,No Data,No Data,0.037,Proficient,0.888,72,Proficient,0.035,0.79,1,0.149,No Data,72,465,No Data,0,72,Proficient,1,69,477,0.317,3,0.004,0.172,0,0.649,0.004,No Data,213,0.321,No Data,No Data,0.553,323,26
West Bronx Academy for the Future,0.9,2,0,No Data,96,280,149,No Data,36,No Data,0.182,0.409,Proficient,0.751,No Data,No Data,2.35,0.007,Proficient,0.915,94,Developing,0.016,0.86,0.982,0.208,93,96,288,No Data,0,96,Proficient,0.957,75,290,0.221,No Data,0.0,0.169,0,0.667,0.004,No Data,280,0.158,0.75,No Data,0.792,228,17
P.S. 282 Park Slope,0.93,20,0,2,56,56,231,No Data,16,No Data,0.444,0.722,Developing,0.189,0.941,No Data,No Data,0.252,Proficient,0.886,21,Proficient,0.513,No Data,1,0.404,No Data,56,505,No Data,0,56,Proficient,1,46,535,0.179,No Data,0.0,0.081,0,0.813,0.007,No Data,56,0.529,0.688,No Data,0.915,118,16
Archer Elementary School,0.82,5,0,2,No Data,No Data,194,0.55,No Data,No Data,0.222,No Data,Proficient,0.696,0.653,19,No Data,0.021,Well Developed,0.872,No Data,Well Developed,0.019,0.78,No Data,0.167,No Data,No Data,431,20,0,No Data,Well Developed,No Data,No Data,453,0.221,8,0.017,0.215,No Data,No Data,0.003,No Data,No Data,0.231,No Data,0.115,0.762,263,No Data
The Mott Hall School,0.88,1,0,No Data,94,288,143,No Data,19,No Data,0.083,0.905,Proficient,0.897,No Data,No Data,3.13,0.066,Proficient,0.913,88,Developing,0.052,0.86,0.986,No Data,87,94,291,No Data,0,94,Proficient,0.997,81,295,0.343,3,0.01,0.11,0,0.526,0.001,No Data,288,0.064,0.983,No Data,0.762,235,12
The 30th Avenue School (G&T Citywide),0.74,38,0,5,45,184,284,No Data,2,0,0.044,No Data,Developing,0.531,0.964,No Data,No Data,0.307,Proficient,0.934,45,Developing,0.18,0.79,1,No Data,45,45,547,No Data,0,45,Proficient,0.989,54,550,0.136,6,0.011,0.007,0,No Data,0.004,45,184,0.061,1,No Data,0.483,50,1
Helen M. Marshall School,0.79,No Data,0,No Data,No Data,No Data,251,0.791,No Data,No Data,0.035,No Data,Proficient,0.687,0.962,35,No Data,0.004,Well Developed,0.836,No Data,Proficient,0.008,0.83,No Data,0.174,No Data,No Data,508,36,0,No Data,Proficient,No Data,No Data,531,0.034,3,0.006,0.193,No Data,No Data,0.002,No Data,No Data,0.016,No Data,0.14,0.848,459,No Data
City College Academy of the Arts,0.66,No Data,No Data,1,90,256,155,No Data,29,No Data,0.035,0.708,Proficient,0.897,No Data,No Data,2.7,0.031,Proficient,0.883,88,Proficient,0.069,0.71,0.992,0.128,86,90,262,No Data,No Data,90,Proficient,0.98,72,277,0.038,1,0.004,0.101,0,0.931,0.001,No Data,256,0.064,0.826,No Data,0.846,242,22
J.H.S. 278 Marine Park,0.57,20,0,5,385,1198,619,No Data,90,0,0.367,0.575,Proficient,0.169,0.871,No Data,2.84,0.326,Proficient,0.862,118,Well Developed,0.422,0.64,0.994,No Data,117,385,1222,No Data,0,385,Well Developed,0.996,371,1239,0.163,7,0.006,0.076,0,0.811,0.006,118,1198,0.36,0.88,No Data,0.786,208,79
East-West School of International Studies,0.87,No Data,0,1,93,296,146,No Data,14,0,0.017,0.778,Proficient,0.266,0.965,No Data,3.14,0.017,Well Developed,0.989,88,Proficient,0.015,0.87,0.949,No Data,86,93,303,No Data,0,93,Well Developed,0.956,92,305,0.018,2,0.007,0.021,0,No Data,0.003,80,296,0.036,0.934,No Data,0.771,34,4
P.S. 125 Ralph Bunche,0.9,13,0,No Data,No Data,No Data,131,No Data,No Data,No Data,0.367,No Data,Proficient,0.419,No Data,No Data,No Data,0.191,Proficient,0.876,No Data,Developing,0.121,0.9,No Data,0.261,No Data,No Data,283,3,0,No Data,Proficient,No Data,No Data,292,0.401,2,0.007,0.082,No Data,No Data,0.007,No Data,No Data,0.503,No Data,No Data,0.652,103,No Data
M.S. K394,0.84,1,0,12,43,128,169,No Data,15,No Data,0.71,No Data,Proficient,0.16,No Data,No Data,No Data,0.016,Developing,0.892,No Data,Developing,0.016,0.98,0.984,0.852,No Data,43,320,No Data,0,43,Proficient,1,43,329,0.799,3,0.01,0.197,0,0.8,0.005,No Data,128,0.758,No Data,No Data,0.889,59,16
P.S. 054 Samuel C. Barnes,0.98,2,0,9,No Data,No Data,85,No Data,No Data,No Data,0.524,No Data,Proficient,0.209,No Data,9,No Data,0.048,Proficient,0.755,No Data,Developing,0.086,No Data,No Data,0.435,No Data,No Data,177,8,0,No Data,Proficient,No Data,No Data,186,0.429,1,0.006,0.131,No Data,No Data,0.006,No Data,No Data,0.443,No Data,No Data,0.826,64,No Data
P.S. 020 Anna Silver,0.92,10,0,1,No Data,No Data,227,0.591,No Data,No Data,0.121,No Data,Developing,0.529,0.907,23,No Data,0.054,Proficient,0.959,No Data,Developing,0.139,0.88,No Data,0,No Data,No Data,455,21,0,No Data,Proficient,No Data,No Data,474,0.108,4,0.009,0.147,No Data,No Data,0.005,No Data,No Data,0.153,No Data,0.214,0.806,239,No Data
P.S. 150,0.98,19,0,No Data,No Data,No Data,80,0.9,No Data,No Data,0.0,No Data,Proficient,0.161,0.917,No Data,No Data,0.523,Well Developed,0.964,No Data,Well Developed,0.611,1,No Data,0,No Data,No Data,172,3,0,No Data,Well Developed,No Data,No Data,173,0.015,1,0.006,0.006,No Data,No Data,0.002,No Data,No Data,0.06,No Data,No Data,0.875,14,No Data
J.H.S. 216 George J. Ryan,0.87,23,0,8,500,1555,805,No Data,68,0,0.047,0.695,Well Developed,0.136,0.945,No Data,3.12,0.123,Well Developed,0.978,273,Well Developed,0.156,0.87,0.983,0.191,166,500,1598,No Data,0,500,Well Developed,0.989,418,1655,0.07,9,0.006,0.076,0,0.853,0.004,271,1555,0.048,0.955,No Data,0.933,206,35
P.S. 019 Asher Levy,0.9,7,0,1,No Data,No Data,109,0.778,No Data,No Data,0.209,No Data,Well Developed,0.529,No Data,2,No Data,0.077,Well Developed,0.92,No Data,Well Developed,0.338,0.91,No Data,0,No Data,No Data,229,4,0,No Data,Well Developed,No Data,No Data,234,0.101,1,0.005,0.132,No Data,No Data,0.005,No Data,No Data,0.153,No Data,No Data,0.769,141,No Data
P.S. 108 Philip J. Abinanti,0.88,7,0,No Data,No Data,No Data,271,0.714,No Data,No Data,0.049,No Data,Proficient,0.396,0.859,1,No Data,0.377,Proficient,0.916,No Data,Proficient,0.464,No Data,No Data,No Data,No Data,No Data,579,14,0,No Data,Well Developed,No Data,No Data,587,0.031,4,0.007,0.078,No Data,No Data,0.004,No Data,No Data,0.437,No Data,No Data,0.833,243,No Data
P.S. 025 Bilingual School,0.77,1,0,No Data,No Data,No Data,228,0.517,No Data,No Data,0.096,No Data,Proficient,0.669,No Data,7,No Data,0.006,Proficient,0.877,No Data,Proficient,0.014,0.82,No Data,0.103,No Data,No Data,502,20,0,No Data,Well Developed,No Data,No Data,511,0.266,No Data,0.0,0.185,No Data,No Data,0.003,No Data,No Data,0.294,No Data,0.16,0.69,444,No Data
P.S. 031 Bayside,0.95,12,0,No Data,No Data,No Data,221,0.868,No Data,No Data,0.068,No Data,Well Developed,0.141,0.964,5,No Data,0.117,Proficient,0.955,No Data,Well Developed,0.154,0.97,No Data,No Data,No Data,No Data,485,12,0,No Data,Well Developed,No Data,No Data,494,0.034,No Data,0.0,0.004,No Data,No Data,0.003,No Data,No Data,0.045,No Data,0.313,0.975,110,No Data
P.S. 298 Dr. Betty Shabazz,0.94,2,0,1,No Data,No Data,119,No Data,No Data,No Data,0.636,No Data,Proficient,0.251,No Data,7,No Data,0.008,Proficient,0.94,No Data,Proficient,0.032,0.93,No Data,0.607,No Data,No Data,253,10,0,No Data,Proficient,No Data,No Data,276,0.663,7,0.029,0.26,No Data,No Data,0.004,No Data,No Data,0.706,No Data,No Data,0.5,82,No Data
Waterside School For Leadership,0.94,7,0,No Data,71,209,112,No Data,33,No Data,0.516,0.5,No Data,0.405,No Data,No Data,2.28,0.067,No Data,0.903,14,Proficient,0.359,0.93,0.828,0.273,14,71,228,No Data,0,71,No Data,0.856,70,235,0.281,3,0.013,0.126,0,0.848,0.013,No Data,209,0.184,0.75,No Data,0.864,77,34
P.S. 197 The Ocean School,0.81,1,0,2,No Data,No Data,197,0.5,No Data,No Data,0.421,No Data,Proficient,0.457,No Data,15,No Data,0.035,Proficient,0.89,No Data,Proficient,0.045,0.88,No Data,0.227,No Data,No Data,452,26,0,No Data,Well Developed,No Data,No Data,472,0.43,6,0.014,0.137,No Data,No Data,0.012,No Data,No Data,0.196,No Data,0.069,0.705,229,No Data
P.S. 200- The James McCune Smith School,0.92,3,0,No Data,No Data,No Data,138,0.733,No Data,No Data,0.604,No Data,Proficient,0.419,No Data,13,No Data,0.024,Proficient,0.963,No Data,Developing,0.024,0.94,No Data,0.763,No Data,No Data,317,15,0,No Data,Proficient,No Data,No Data,338,0.607,8,0.024,0.235,No Data,No Data,0.007,No Data,No Data,0.503,No Data,0.13,0.921,108,No Data
Bronx High School for Medical Science,0.92,No Data,0,No Data,46,139,73,No Data,13,No Data,0.259,0.8,Proficient,0.673,No Data,No Data,2.47,0.0,Proficient,0.97,31,Developing,0.01,0.92,0.942,0.189,31,46,149,No Data,0,46,Proficient,0.986,43,156,0.288,2,0.007,0.148,0,No Data,0.003,No Data,139,0.297,No Data,No Data,0.73,101,13
P.S./I.S. 30 Mary White Ovington,0.79,10,0,1,133,402,478,No Data,23,0,0.008,0.536,No Data,0.254,0.941,No Data,No Data,0.419,No Data,0.933,67,Well Developed,0.436,0.81,0.998,0.107,65,133,999,No Data,0,133,No Data,0.998,123,1043,0.014,3,0.003,0.05,0,0.87,0.003,33,402,0.017,0.926,No Data,0.643,342,16
P.S. 018 John Peter Zenger,0.69,No Data,0,5,No Data,No Data,281,0.344,No Data,No Data,0.293,No Data,Proficient,0.669,No Data,22,No Data,0.04,Proficient,0.768,No Data,Developing,0.031,0.74,No Data,0.2,No Data,No Data,542,18,0,No Data,Proficient,No Data,No Data,569,0.274,1,0.002,0.294,No Data,No Data,0.003,No Data,No Data,0.294,No Data,0,0.84,357,No Data
Urban Institute of Mathematics,0.96,1,No Data,2,121,357,179,No Data,28,No Data,0.105,0.353,Proficient,0.673,No Data,No Data,2.76,0.143,Proficient,0.952,30,Proficient,0.108,0.92,1,No Data,30,121,373,No Data,No Data,121,Proficient,1,89,379,0.159,4,0.011,0.11,0,0.893,0.003,No Data,357,0.212,0.841,No Data,0.833,259,30
P.S. 046 Alley Pond,0.93,19,0,No Data,No Data,No Data,246,0.785,No Data,No Data,0.046,No Data,Well Developed,0.141,0.951,2,No Data,0.137,Well Developed,0.992,No Data,Well Developed,0.127,0.97,No Data,No Data,No Data,No Data,524,7,0,No Data,Well Developed,No Data,No Data,530,0.03,6,0.012,0.022,No Data,No Data,0.003,No Data,No Data,0.045,No Data,No Data,0.918,79,No Data
Special Music School,0.87,23,0,No Data,18,44,65,No Data,No Data,No Data,0.061,No Data,Well Developed,0.3,0.926,No Data,No Data,0.412,Well Developed,0.961,18,Well Developed,0.345,0.81,1,No Data,18,18,131,No Data,No Data,18,Well Developed,No Data,12,131,0.18,No Data,0.0,0.01,0,No Data,0.003,No Data,44,0.279,No Data,No Data,0.917,19,No Data
Professional Performing Arts High School,0.94,8,0,No Data,52,116,82,No Data,1,0,0.162,No Data,Proficient,0.188,No Data,No Data,3.36,0.513,Well Developed,0.972,52,Proficient,0.199,0.96,1,No Data,52,52,117,No Data,0,52,Well Developed,1,33,119,0.209,1,0.009,0.042,0,No Data,0.003,51,116,0.09,No Data,No Data,0.862,21,2
J.H.S. 218 James P. Sinnott,0.85,2,0,3,128,357,194,No Data,80,No Data,0.431,0.522,Proficient,0.455,0.868,No Data,2.05,0.021,Proficient,0.74,29,Developing,0.014,0.87,0.98,0.513,29,128,402,No Data,0,128,Proficient,0.997,135,431,0.54,6,0.016,0.212,0,0.463,0.007,No Data,357,0.442,No Data,No Data,0.744,155,82
P.S. 016 Wakefield,0.94,2,No Data,No Data,No Data,No Data,160,No Data,No Data,No Data,0.43,No Data,Proficient,0.396,No Data,13,No Data,0.028,Proficient,0.88,No Data,Proficient,0.044,No Data,No Data,0.286,No Data,No Data,304,17,No Data,No Data,Proficient,No Data,No Data,314,0.463,20,0.066,0.206,No Data,No Data,0.004,No Data,No Data,0.437,No Data,0.091,0.964,127,No Data
P.S./I.S. 104 The Fort Hamilton School,0.91,37,0,5,162,464,587,No Data,27,0,0.04,0.686,Proficient,0.254,0.948,No Data,No Data,0.465,Proficient,0.967,33,Well Developed,0.451,0.93,0.996,No Data,33,162,1252,No Data,0,162,Well Developed,0.996,136,1291,0.038,4,0.003,0.028,0,0.926,0.003,33,464,0.017,0.926,No Data,0.892,327,13
The Maurice Sendak Community School,0.78,30,0,1,No Data,No Data,155,0.84,No Data,No Data,0.087,No Data,Proficient,0.324,0.871,No Data,No Data,0.581,Well Developed,0.967,No Data,Proficient,0.63,0.81,No Data,No Data,No Data,No Data,322,1,0,No Data,Well Developed,No Data,No Data,325,0.041,No Data,0.0,0.009,No Data,No Data,0.004,No Data,No Data,0.067,No Data,No Data,0.8,45,No Data
P.S./I.S. 268,0.88,5,0,16,60,201,323,No Data,18,0,0.245,0.533,Proficient,0.17,0.816,No Data,No Data,0.025,Proficient,0.881,59,Proficient,0.017,0.9,0.96,0.25,No Data,60,654,No Data,0,60,Well Developed,0.915,56,668,0.156,61,0.095,0.056,0,0.778,0.009,50,201,0.601,0.885,No Data,0.917,243,22
P.S./I.S. 218 Rafael Hernandez Dual Language Magne,0.71,2,0,4,110,329,519,No Data,50,No Data,0.045,0.543,Well Developed,0.656,0.88,No Data,No Data,0.009,Well Developed,0.883,58,Proficient,0.014,0.75,0.979,No Data,57,110,1048,No Data,0,110,Well Developed,0.997,97,1062,0.21,10,0.01,0.165,0,0.6,0.003,No Data,329,0.312,0.909,No Data,0.77,949,42
Vista Academy,0.79,2,0,4,147,454,225,No Data,42,No Data,0.234,0.605,Proficient,0.455,0.833,No Data,2.62,0.017,Proficient,0.804,30,Proficient,0.013,0.77,1,0.424,30,147,484,No Data,0,147,Well Developed,1,142,508,0.305,10,0.021,0.186,0,0.548,0.007,No Data,454,0.442,0.836,No Data,0.576,313,42
P.S. 107,0.78,1,No Data,1,No Data,No Data,273,0.607,No Data,No Data,0.324,No Data,Proficient,0.666,No Data,7,No Data,0.025,Proficient,0.903,No Data,Proficient,0.017,0.81,No Data,0.391,No Data,No Data,557,16,No Data,No Data,Proficient,No Data,No Data,570,0.277,2,0.004,0.222,No Data,No Data,0.004,No Data,No Data,0.215,No Data,0.121,0.783,358,No Data
East Side Middle School,0.93,23,0,1,151,456,261,No Data,3,0,0.033,No Data,No Data,0.188,0.986,No Data,3.86,0.619,No Data,0.987,151,Well Developed,0.422,0.9,0.998,No Data,No Data,151,458,No Data,0,151,No Data,0.976,127,459,0.16,1,0.002,0.007,0,No Data,0.003,148,456,0.09,0.966,No Data,0.867,52,1
P.S. 118 Lorraine Hansberry,0.62,2,No Data,4,No Data,No Data,222,0.415,No Data,No Data,0.681,No Data,Proficient,0.165,0.7,6,No Data,0.023,Proficient,0.878,No Data,Developing,0.021,0.62,No Data,0.6,No Data,No Data,430,26,No Data,No Data,Proficient,No Data,No Data,455,0.744,15,0.028,0.114,No Data,No Data,0.009,No Data,No Data,0.568,No Data,0,0.933,79,No Data
P.S. 192 Jacob H. Schiff,1,No Data,0,1,No Data,No Data,148,0.421,No Data,No Data,0.121,No Data,Developing,0.851,No Data,24,No Data,0.047,Proficient,0.955,No Data,Proficient,0.034,No Data,No Data,No Data,No Data,No Data,312,18,0,No Data,Developing,No Data,No Data,328,0.101,1,0.003,0.164,No Data,No Data,0.001,No Data,No Data,0.059,No Data,0.25,0.906,257,No Data
P.S. 149 Danny Kaye,0.92,2,0,6,No Data,No Data,269,0.667,No Data,No Data,0.568,No Data,Proficient,0.443,No Data,34,No Data,0.023,Well Developed,0.826,No Data,Proficient,0.029,0.93,No Data,0.452,No Data,No Data,569,27,0,No Data,Well Developed,No Data,No Data,591,0.606,1,0.002,0.206,No Data,No Data,0.007,No Data,No Data,0.413,No Data,0.226,0.857,213,No Data
P.S. 018 Winchester,0.99,6,0,3,No Data,No Data,226,0.794,No Data,No Data,0.136,No Data,No Data,0.141,0.857,7,No Data,0.098,No Data,0.95,No Data,Well Developed,0.05,1,No Data,0,No Data,No Data,483,12,0,No Data,No Data,No Data,No Data,493,0.098,5,0.011,0.034,No Data,No Data,0.003,No Data,No Data,0.045,No Data,0.211,0.972,85,No Data
P.S./I.S. 208,0.86,16,0,3,93,299,378,No Data,14,0,0.72,0.581,Proficient,0.17,1,No Data,No Data,0.015,Well Developed,0.932,32,Well Developed,0.121,0.87,1,0.22,32,93,757,No Data,0,93,Well Developed,1,74,767,0.194,20,0.027,0.028,0,No Data,0.009,32,299,0.601,0.949,No Data,0.9,102,12
"PS/MS 20 P.O.George J. Werdann, III",0.73,2,0,13,112,350,445,No Data,46,No Data,0.106,0.375,Proficient,0.757,0.827,No Data,No Data,0.047,Proficient,0.797,No Data,Developing,0.076,0.76,0.951,0.12,No Data,112,914,No Data,0,112,Proficient,0.934,104,943,0.1,16,0.018,0.199,0,0.587,0.004,No Data,350,0.143,0.65,No Data,0.773,690,60
The STAR Academy - P.S.63,0.94,6,0,No Data,No Data,No Data,94,No Data,No Data,No Data,0.172,No Data,Proficient,0.529,No Data,No Data,No Data,0.069,Well Developed,0.891,No Data,Well Developed,0.19,0.87,No Data,No Data,No Data,No Data,216,8,0,No Data,Proficient,No Data,No Data,221,0.115,1,0.005,0.246,No Data,No Data,0.005,No Data,No Data,0.153,No Data,No Data,0.625,153,No Data
