mandt,bukrs,belnr,gjahr,blart,bldat,monat,cpudt,xblnr,waers,glvor,awkey,fikrs,hwaer,hwae2,hwae3,awsys,ldgrp,kursf,xreorg
800,3000,0200001076,2006,sa,20060425,4,20060425,,usd,rfbu,010000107630002006,3000,usd,eur,usd,,,0.00000,
800,3000,0200001077,2006,sa,20060426,4,20060426,,usd,rfbu,010000107730002006,3000,usd,eur,usd,,,0.00000,
800,3000,0200001078,2006,sa,20060426,4,20060426,,usd,rfbu,010000107830002006,3000,usd,eur,usd,,,0.00000,
