school_name,q117_in_planning_my_last_1,q69_the_principal_assistant_1,q75_the_performance_of_the_1,q154_how_many_adults_at_this,q106_in_planning_my_last,q100_in_planning_my_last_1,q10_i_am_able_to_empower_1,q4_how_many_teachers_at_this,q36_the_principal_school,q80_in_planning_my_last_1,q128_in_planning_my_last,q169_it_s_a_priority_at_this_1,q88_in_planning_my_last,q125_in_planning_my_last_1,q47_at_this_school_once_we,q46_at_this_school_the_1,q81_in_planning_my_last_1,q29_i_would_recommend_this_1,q8_i_am_able_to_ensure_1,q52_at_this_school_teachers_1,q49_at_this_school_teachers,q134_in_planning_my_last_1,q142_how_many_students_in_1,q46_at_this_school_the,q135_how_many_students_in_1,q8_i_am_able_to_ensure,q121_in_planning_my_last_1,q130_in_planning_my_last_1,q136_how_many_students_in_1,q57_overall_my_professional_1,q131_in_planning_my_last_1,q135_how_many_students_in,q111_in_planning_my_last,q108_in_planning_my_last,q30_i_feel_respected_by_the_1,q123_in_planning_my_last_1,q106_in_planning_my_last_1,q43_at_this_school_there_1,q115_in_planning_my_last,q70_the_principal_school_1,q48_at_this_school_it_is,q31_the_principal_school_1,q87_in_planning_my_last_1,q127_in_planning_my_last_1,q48_at_this_school_it_is_1,q34_at_this_school_it_s_ok,q43_at_this_school_there,q17_central_doe_employees,q165_my_students_are_safe_1,q100_in_planning_my_last,q125_in_planning_my_last,q7_i_am_able_to_modify,q165_my_students_are_safe,q90_in_planning_my_last,q61_the_principal_school_1,q117_in_planning_my_last,q38_the_principal_and,q101_in_planning_my_last,q1_how_many_teachers_at_this,q126_in_planning_my_last,q130_in_planning_my_last,q57_overall_my_professional,q145_how_many_students_in_1,q61_the_principal_school,q14_i_am_able_to_monitor,q103_in_planning_my_last_1,q45_at_this_school_students_1,q44_this_school_has_well_1,q85_in_planning_my_last_1,q129_in_planning_my_last,q169_it_s_a_priority_at_this,q38_the_principal_and_1,q173_adults_at_this_school,q15_i_am_able_to_distinguish,q112_in_planning_my_last_1,q86_in_planning_my_last,q131_in_planning_my_last,q79_in_planning_my_last,q114_in_planning_my_last,q91_in_planning_my_last,q60_overall_my_professional,q122_in_planning_my_last,q143_how_many_students_in,q101_in_planning_my_last_1,q72_how_much_influence_do_1,q147_how_many_students_in_1,q2_how_many_teachers_at_this_1,q40_i_feel_respected_by_1,q140_discipline_is_applied,q146_how_many_students_in,q150_how_many_adults_at_this,q110_in_planning_my_last_1,q171_adults_at_this_school_1,q33_i_trust_the_principal_1,q105_in_planning_my_last,q132_in_planning_my_last_1,total_teacher_response_rate,q56_at_this_school_school_1,q86_in_planning_my_last_1,q23_teachers_in_this_school,q34_at_this_school_it_s_ok_1,q63_the_principal_school_1,q21_i_usually_look_forward,q62_the_principal_school,q12_i_am_able_to_apply_my,q23_teachers_in_this_school_1,q154_how_many_adults_at_this_1,q114_in_planning_my_last_1,q14_i_am_able_to_monitor_1,q27_i_feel_respected_by_other_1,q40_i_feel_respected_by,q175_adults_at_this_school_1,q11_i_am_able_to_design_1,q78_in_planning_my_last_1,q110_in_planning_my_last,q167_my_students_are_safe_1,q45_at_this_school_students,q88_in_planning_my_last_1,q3_how_many_teachers_at_this,q11_i_am_able_to_design,q65_the_principal_assistant,q129_in_planning_my_last_1,q32_the_principal_school_1,q104_in_planning_my_last_1
University Neighborhood Middle School,0.33,0.14,0.42,0.66,1.0,,0.04,1.0,1.0,0.0,1.0,0.09,1.0,0.0,0.89,0.07,0.0,0.07,0.0,0.0,0.97,0.0,0.17,0.93,0.52,1.0,0.0,0.0,0.45,0.0,0.0,0.48,1.0,1.0,0.03,0.17,0.0,0.0,0.83,0.18,0.86,0.0,0.0,,0.14,0.9,1.0,,0.0,,1.0,1.0,0.0,0.89,0.1,0.67,0.97,,0.93,1.0,1.0,1.0,0.03,0.9,0.79,0.0,0.38,0.21,0.0,1.0,0.91,0.03,0.0,1.0,0.08,1.0,1.0,0.0,0.83,1.0,0.97,1.0,0.52,,0.03,0.41,0.21,0.0,0.86,0.71,0.97,0.0,0.0,0.0,1.0,0.0,0.94,0.0,0.0,0.93,0.1,0.0,1.0,0.97,0.96,0.07,0.34,0.17,0.21,0.0,1.0,0.0,0.0,0.0,1.0,0.0,0.62,0.0,0.86,1.0,0.86,0.0,0.07,0.0
P.S. 261 Philip Livingston,0.0,0.07,0.5,0.73,,0.0,0.07,0.82,1.0,,0.91,0.0,0.0,0.09,0.79,0.07,0.0,0.07,0.07,0.19,0.96,0.09,0.28,0.93,0.28,0.93,0.0,0.09,0.46,0.24,0.09,0.72,,,0.04,0.0,,0.11,0.0,0.2,0.75,0.07,0.0,0.09,0.25,0.96,0.89,,0.0,0.0,0.91,0.93,1.0,0.0,0.11,0.0,0.79,0.0,0.92,0.87,0.91,0.76,0.23,0.89,0.92,,0.44,0.14,0.0,0.91,1.0,0.21,0.0,0.89,,0.0,0.91,,0.0,0.0,0.84,0.0,0.69,0.0,0.04,0.27,0.21,0.04,0.88,0.62,0.78,,0.0,0.0,,0.09,0.53,0.14,0.0,0.81,0.04,0.04,0.96,0.89,0.93,0.19,0.27,0.0,0.08,0.07,0.96,0.0,0.12,,,0.0,0.56,0.0,0.68,0.88,0.78,0.09,0.04,
I.S. 339,0.11,0.02,0.19,0.87,1.0,0.0,0.07,0.84,0.95,0.0,1.0,0.0,1.0,0.0,0.98,0.02,0.2,0.07,0.05,0.02,0.98,0.0,0.24,0.98,0.36,0.95,0.0,0.0,0.38,0.07,0.0,0.64,1.0,1.0,0.02,0.0,0.0,0.02,1.0,0.05,0.93,0.0,0.2,0.0,0.07,0.9,0.98,,0.0,1.0,1.0,0.98,0.0,1.0,0.02,0.89,1.0,1.0,0.92,1.0,1.0,0.93,0.24,0.98,0.98,0.0,0.4,0.02,0.3,1.0,1.0,0.0,0.0,0.95,0.0,0.9,1.0,0.0,1.0,1.0,0.95,1.0,0.71,0.0,0.12,0.26,0.16,0.02,0.93,0.59,0.92,0.0,0.0,0.02,1.0,0.0,0.9,0.02,0.1,0.88,0.1,0.02,0.95,0.98,0.95,0.12,0.13,0.0,0.02,0.05,0.98,0.0,0.05,0.0,1.0,0.0,0.6,0.0,0.79,0.95,0.98,0.0,0.02,0.0
English Language Learners And International Support Preparatory Academy (Ellis),,0.0,0.33,0.9,,0.0,0.0,0.95,1.0,0.0,1.0,0.0,,0.0,0.91,0.0,,0.0,0.0,0.0,1.0,0.0,0.1,1.0,0.48,1.0,,0.0,0.33,0.05,0.0,0.52,,,0.0,,,0.0,,0.0,0.95,0.0,,0.0,0.05,1.0,1.0,,0.0,1.0,1.0,1.0,0.0,,0.0,,1.0,1.0,1.0,1.0,1.0,0.95,0.05,1.0,0.81,,0.0,0.09,,1.0,0.0,0.0,1.0,0.95,,,1.0,0.0,,,1.0,,0.81,0.0,0.0,0.14,0.0,0.05,1.0,0.65,1.0,,0.0,0.05,,0.0,0.88,0.0,,1.0,0.0,0.0,0.91,0.95,0.95,0.0,0.1,,0.19,0.0,0.95,0.0,0.0,0.0,,0.0,1.0,,1.0,1.0,1.0,0.0,0.0,
J.H.S. 167 Robert F. Wagner,0.2,0.1,0.14,0.78,1.0,0.0,0.02,0.94,1.0,0.0,1.0,0.03,,0.0,0.86,0.07,,0.05,0.02,0.05,1.0,0.0,0.18,0.93,0.34,0.98,0.1,0.0,0.27,0.07,0.0,0.66,1.0,0.86,0.05,0.0,0.0,0.05,0.9,0.1,0.88,0.05,,0.0,0.12,0.93,0.95,,0.0,1.0,1.0,0.98,0.0,,0.02,0.8,0.95,0.67,0.91,1.0,1.0,0.93,0.03,0.98,1.0,0.0,0.6,0.0,,1.0,0.97,0.05,0.0,0.93,0.0,,1.0,0.0,1.0,,0.88,1.0,0.73,0.33,0.17,0.16,0.32,0.05,0.97,0.89,0.92,0.14,0.0,0.02,0.86,0.0,0.52,0.05,,0.93,0.07,0.05,0.95,0.9,0.89,0.07,0.22,0.0,0.0,0.0,0.95,0.0,0.0,0.0,0.86,0.0,0.4,,0.76,1.0,0.95,0.0,0.0,0.0
Frederick Douglass Academy Ii Secondary School,0.67,0.44,0.53,0.73,0.71,0.2,0.12,0.81,0.44,0.0,1.0,,,0.17,0.62,0.33,,0.6,0.27,0.16,0.72,0.0,0.42,0.67,0.67,0.73,0.33,0.0,0.58,0.32,0.0,0.33,0.86,0.86,0.42,0.17,0.29,0.17,0.67,0.48,0.72,0.4,,0.0,0.28,0.5,0.83,,0.0,0.8,0.83,0.77,0.0,,0.24,0.33,0.76,0.8,0.76,1.0,1.0,0.68,0.25,0.76,0.72,0.14,0.28,0.28,,1.0,,0.24,0.94,0.72,0.14,,1.0,0.0,0.5,,0.68,0.67,0.5,0.2,0.36,0.54,0.35,0.24,0.75,0.42,0.87,0.29,0.05,0.48,0.86,0.0,0.87,0.08,,0.72,0.5,0.4,0.52,0.72,0.62,0.28,0.27,0.5,0.28,0.08,0.76,0.17,0.31,0.0,0.71,0.0,0.72,,0.77,0.69,0.68,0.0,0.6,0.14
East Side Middle School,,0.08,0.33,0.93,1.0,0.0,0.14,1.0,1.0,0.0,,0.0,0.88,,0.78,0.0,0.0,0.04,0.07,0.04,1.0,,0.12,1.0,0.22,0.93,,,0.11,0.38,,0.78,0.9,0.9,0.0,,0.0,0.0,,0.15,0.93,0.0,0.0,,0.07,1.0,1.0,,0.0,1.0,,1.0,0.0,1.0,0.04,,0.96,1.0,0.93,,,0.62,0.0,0.96,1.0,0.0,0.37,0.04,0.12,,1.0,0.04,0.0,0.92,0.0,0.88,,0.0,,0.88,0.87,,0.96,0.0,0.0,0.0,0.07,0.07,0.88,0.96,0.96,0.1,0.0,0.0,0.9,,1.0,0.07,0.12,1.0,0.0,0.0,0.93,0.92,0.86,0.0,0.07,,0.0,0.0,0.93,0.0,0.0,0.0,0.9,0.0,0.63,0.12,0.86,1.0,0.92,,0.0,0.0
P.S. 030 Wilton,,0.3,0.61,0.75,,,0.04,0.64,0.68,,0.88,0.08,,0.06,0.67,0.3,,0.41,0.0,0.05,0.86,0.11,0.25,0.7,0.2,1.0,,0.11,0.35,0.21,0.06,0.8,,,0.26,,,0.24,,0.35,0.71,0.27,,0.06,0.29,0.64,0.76,,0.36,,0.94,1.0,0.64,,0.24,,0.6,,0.77,0.94,0.89,0.79,0.15,0.76,1.0,,0.57,0.25,,0.94,0.92,0.4,0.0,1.0,,,0.94,,,,0.84,,0.8,,0.38,0.15,0.52,0.3,0.78,0.78,0.79,,0.0,0.32,,0.11,0.51,0.14,,0.59,0.36,0.35,0.78,0.7,1.0,0.41,0.25,,0.0,0.26,0.7,0.0,0.0,,,0.07,0.43,,0.64,1.0,0.75,0.06,0.32,
School For Global Leaders,,0.2,0.38,0.77,1.0,0.0,0.13,0.87,0.73,0.0,,0.0,0.0,,0.8,0.2,0.0,0.33,0.08,0.07,1.0,,0.36,0.8,0.57,0.92,,,0.5,0.2,,0.43,1.0,1.0,0.2,,0.0,0.33,,0.13,0.73,0.27,0.0,,0.27,0.8,0.67,,0.0,0.0,,0.73,0.0,0.0,0.13,,0.87,0.0,0.79,,,0.8,0.21,0.87,0.86,0.0,0.6,0.13,0.0,,1.0,0.13,0.0,0.87,0.0,0.0,,0.0,,0.0,0.6,,0.57,0.0,0.33,0.43,0.27,0.27,0.77,0.69,0.86,0.2,0.0,0.13,1.0,,0.63,0.07,0.0,0.73,0.2,0.2,0.73,0.8,0.86,0.27,0.23,,0.14,0.13,0.73,0.0,0.21,0.0,0.8,0.0,0.4,0.0,0.73,0.79,0.73,,0.2,0.0
P.S. 146 Edward Collins,,0.19,0.27,0.85,,,0.1,0.86,0.77,,1.0,0.0,,0.13,0.76,0.24,,0.36,0.05,0.0,0.81,0.0,0.1,0.76,0.48,0.95,,0.0,0.48,0.14,0.07,0.52,,,0.18,,,0.1,,0.24,0.81,0.36,,0.0,0.19,0.73,0.9,,0.27,,0.87,0.95,0.73,,0.14,,0.82,,0.81,0.93,1.0,0.86,0.1,0.86,1.0,,0.19,0.19,,0.93,1.0,0.18,,0.91,,,0.93,,,,0.95,,0.76,,0.19,0.33,0.18,0.05,0.94,0.56,0.89,,,0.36,,0.07,0.73,0.0,,0.68,0.27,0.19,0.82,0.86,0.91,0.32,0.15,,0.0,0.14,0.95,0.0,0.05,,,0.0,0.81,,0.73,0.95,0.81,0.07,0.32,
P.S. 9 Ryer Avenue Elementary School,,0.48,0.43,0.83,1.0,,0.02,0.85,0.3,0.2,0.77,0.11,,0.17,0.52,0.63,,0.52,0.02,0.05,0.71,0.09,0.26,0.37,0.39,0.98,,0.19,0.46,0.35,0.14,0.61,1.0,0.8,0.57,,0.0,0.17,,0.55,0.53,0.66,,0.16,0.47,0.28,0.83,,0.54,,0.83,1.0,0.46,,0.57,,0.32,,0.83,0.88,0.81,0.65,0.15,0.43,1.0,0.2,0.45,0.19,,0.81,0.89,0.68,0.0,1.0,0.2,,0.86,0.8,,,0.87,,0.67,,0.62,0.2,0.29,0.07,0.81,0.58,0.82,0.0,0.0,0.59,1.0,0.14,0.92,0.06,,0.67,0.72,0.51,0.54,0.41,1.0,0.33,0.17,,0.0,0.18,0.93,0.0,0.0,0.2,1.0,0.06,0.55,,0.73,1.0,0.54,0.19,0.63,0.0
Abc Plus,0.0,,,,0.0,0.0,,,,,0.0,0.0,0.0,0.0,,,0.0,,,,,0.0,,,,,0.0,0.0,,,0.0,,0.0,0.0,,0.0,0.0,,0.0,,,,0.0,0.0,,,,,0.0,0.0,0.0,,0.0,0.0,,0.0,,0.0,,0.0,0.0,,,,,0.0,,,0.0,0.0,0.0,,0.0,,0.0,0.0,0.0,,0.0,0.0,,0.0,,0.0,,,,,0.0,0.0,,0.0,0.0,,0.0,0.0,1.0,,0.0,,,,,,,,,0.0,,,,0.0,,,0.0,0.0,,0.0,,,,0.0,,0.0
M.S. X101 Edward R. Byrne,0.2,0.18,0.57,0.82,1.0,,0.19,0.96,0.78,0.0,1.0,0.25,,0.0,0.78,0.26,,0.13,0.14,0.09,0.87,0.0,0.23,0.74,0.5,0.86,0.2,0.0,0.41,0.14,0.0,0.5,1.0,0.8,0.17,0.2,0.0,0.0,0.8,0.18,0.91,0.22,,0.0,0.09,0.74,1.0,,0.0,,1.0,0.95,0.0,,0.05,0.8,0.91,,0.87,1.0,1.0,0.86,0.14,0.95,0.91,0.0,0.52,0.0,,1.0,0.75,0.09,0.0,0.83,0.0,,1.0,0.0,0.8,,0.82,0.8,0.5,,0.27,0.32,0.3,0.26,0.64,0.82,0.9,0.2,0.0,0.23,1.0,0.0,0.49,0.0,,0.78,0.26,0.23,0.83,0.95,0.82,0.22,0.18,0.2,0.09,0.13,0.74,0.0,0.05,0.0,0.8,0.0,0.48,,0.78,0.95,0.77,0.0,0.26,0.0
Brooklyn High School For Leadership And Community Service,,0.0,0.44,0.93,,,0.0,1.0,1.0,0.0,1.0,0.0,,0.0,0.93,0.0,,0.0,0.0,0.07,1.0,0.0,0.14,1.0,0.36,1.0,,0.0,0.14,0.0,0.0,0.64,,,0.0,,,0.0,,0.14,1.0,0.0,,0.0,0.0,1.0,1.0,,0.0,,1.0,1.0,0.0,,0.0,,1.0,,1.0,1.0,1.0,1.0,0.07,1.0,1.0,,0.36,0.0,,1.0,0.0,0.0,1.0,1.0,,,1.0,0.0,,,0.86,,0.79,,0.0,0.07,0.0,0.0,1.0,0.79,1.0,,0.0,0.0,,0.0,0.82,0.0,,1.0,0.0,0.0,1.0,1.0,0.92,0.0,0.07,,0.0,0.0,1.0,0.0,0.0,0.0,,0.0,0.64,,1.0,1.0,0.93,0.0,0.0,
P.S. 282 Park Slope,,0.2,0.33,0.79,,,0.05,0.84,0.75,,0.67,0.0,,0.33,0.56,0.31,,0.31,0.06,0.06,0.69,0.17,0.2,0.69,0.33,0.94,,0.17,0.53,0.4,0.25,0.67,,,0.38,,,0.12,,0.27,0.56,0.47,,0.08,0.44,0.69,0.88,,0.0,,0.67,1.0,1.0,,0.31,,0.5,,0.67,0.75,0.83,0.6,0.13,0.69,0.88,,0.38,0.38,,0.83,1.0,0.5,0.0,0.94,,,0.75,,,,0.75,,0.8,,0.56,0.2,0.47,0.38,0.62,0.62,0.93,,0.0,0.38,,0.25,0.43,0.12,,0.5,0.31,0.12,0.75,0.62,0.89,0.5,0.21,,0.12,0.19,0.62,0.0,0.16,,,0.0,0.62,,0.58,0.84,0.8,0.17,0.31,
P.S. 276 Louis Marshall,,0.07,0.14,0.91,,,0.0,0.82,0.96,0.0,0.95,0.0,,0.0,0.85,0.07,,0.15,0.0,0.0,0.96,0.05,0.27,0.93,0.38,1.0,,0.05,0.31,0.07,0.0,0.62,,,0.07,,,0.0,,0.04,0.89,0.19,0.0,0.05,0.11,0.93,1.0,,0.0,,1.0,1.0,1.0,,0.07,,0.96,,0.92,1.0,0.95,0.93,0.15,0.93,0.93,,0.04,0.04,,0.95,1.0,0.04,0.0,0.93,,,1.0,0.88,,,0.96,,0.73,,0.15,0.31,0.32,0.04,1.0,0.7,0.91,,0.0,0.19,,0.0,0.67,0.04,,0.89,0.07,0.08,0.96,0.93,1.0,0.11,0.09,,0.07,0.04,0.96,0.0,0.07,0.14,,0.0,0.96,,0.75,0.93,0.96,0.05,0.19,
Ip Kids,0.0,,,,0.0,0.0,,,,,0.0,0.0,0.0,0.0,,,0.0,,,,,0.0,,,,,0.0,0.0,,,0.0,,0.0,0.0,,0.0,0.0,,0.0,,,,0.0,0.0,,,,,0.0,0.0,0.0,,0.0,0.0,,0.0,,0.0,,0.0,0.0,,,,,0.0,,,0.0,0.0,0.0,,0.0,,0.0,0.0,0.0,,0.0,0.0,,0.0,,0.0,,,,,0.0,0.0,,0.0,0.0,,0.0,0.0,0.8,,0.0,,,,,,,,,0.0,,,,0.0,,,0.0,0.0,,0.0,,,,0.0,,0.0
The Lexington Academy,0.25,0.21,0.5,0.88,0.75,0.17,0.03,0.88,0.72,0.2,0.88,0.29,0.57,0.12,0.68,0.21,0.57,0.34,0.03,0.14,0.89,0.12,0.25,0.79,0.29,0.97,0.25,0.12,0.46,0.21,0.12,0.71,0.75,0.75,0.28,0.25,0.25,0.14,0.75,0.25,0.82,0.28,0.43,0.13,0.18,0.66,0.86,,0.18,0.83,0.88,0.97,0.82,0.57,0.18,0.75,0.72,0.83,0.88,0.88,0.88,0.79,0.07,0.82,0.94,0.38,0.32,0.07,0.57,0.88,0.71,0.28,0.0,0.94,0.25,0.57,0.88,0.8,0.75,0.43,0.82,0.75,0.75,0.17,0.29,0.18,0.25,0.21,0.8,0.8,0.88,0.25,0.0,0.28,0.75,0.12,0.65,0.14,0.43,0.86,0.34,0.21,0.86,0.86,0.97,0.14,0.12,0.25,0.06,0.14,0.79,0.0,0.03,0.2,0.75,0.0,0.68,0.43,0.75,0.97,0.82,0.12,0.21,0.25
School For Tourism And Hospitality,,0.58,0.9,0.75,,,0.27,0.83,0.58,0.0,,0.0,,,0.17,0.5,,0.67,0.17,0.08,0.58,,0.08,0.5,0.75,0.83,,,0.92,0.58,,0.25,,,0.42,,,0.27,,0.58,0.42,0.5,,,0.58,0.58,0.73,,0.0,,,1.0,0.0,,0.5,,0.58,,0.91,,,0.42,0.25,0.5,0.91,,0.42,0.45,,,0.0,0.42,1.0,1.0,,,,0.0,,,0.67,,0.55,,0.5,0.17,0.25,0.27,0.45,0.3,0.83,,0.0,0.5,,,0.55,0.09,,0.58,0.42,0.58,0.75,0.5,1.0,0.42,0.25,,0.09,0.25,0.73,0.0,0.0,0.0,,0.0,0.58,,0.75,1.0,0.58,,0.5,
East New York Middle School Of Excellence,0.2,0.18,0.33,0.71,,,0.11,0.89,0.78,0.0,1.0,0.18,,0.0,0.94,0.12,,0.29,0.11,0.0,0.88,0.2,0.07,0.88,0.21,0.89,0.2,0.0,0.43,0.25,0.2,0.79,,,0.22,0.2,,0.06,0.8,0.24,0.94,0.22,,0.0,0.06,0.71,0.94,,0.0,,1.0,0.94,0.0,,0.18,0.8,0.94,,0.89,1.0,1.0,0.75,0.29,0.82,0.89,,0.56,0.06,,1.0,0.82,0.06,0.0,0.88,,,0.8,0.0,0.8,,0.75,0.8,0.79,,0.59,0.29,0.28,0.06,0.79,0.64,0.86,,0.0,0.24,,0.2,0.75,0.0,,0.71,0.29,0.19,0.82,0.88,0.89,0.29,0.29,0.2,0.11,0.18,0.94,0.0,0.11,0.0,,0.0,0.44,,0.76,0.89,0.82,0.0,0.28,
Brooklyn Technical High School,0.25,0.23,0.52,0.72,0.97,0.06,0.08,0.83,0.68,0.0,0.95,0.0,1.0,0.04,0.59,0.3,0.0,0.09,0.07,0.16,0.82,0.01,0.19,0.7,0.42,0.93,0.03,0.03,0.33,0.4,0.01,0.58,0.93,0.97,0.22,0.06,0.03,0.24,0.92,0.37,0.66,0.39,0.07,0.01,0.34,0.76,0.76,,0.0,0.94,0.96,0.95,0.0,0.87,0.25,0.75,0.58,0.94,0.86,1.0,0.97,0.6,0.06,0.75,0.81,0.0,0.35,0.11,0.03,0.94,0.0,0.42,0.99,0.86,0.03,0.93,0.99,0.0,0.92,0.93,0.66,0.95,0.81,0.06,0.11,0.18,0.38,0.18,0.88,0.87,0.86,0.07,0.03,0.33,1.0,0.01,0.87,0.09,0.07,0.84,0.24,0.24,0.9,0.65,0.85,0.16,0.28,0.08,0.19,0.12,0.82,0.03,0.14,0.0,0.93,0.0,0.65,0.0,0.62,0.86,0.74,0.06,0.16,0.0
P.S. 398 Walter Weaver,,0.06,0.25,0.81,,,0.0,0.94,0.94,,0.93,0.0,,0.0,0.94,0.0,,0.06,0.0,0.0,0.94,0.0,0.06,1.0,0.12,1.0,,0.07,0.25,0.12,0.0,0.88,,,0.12,,,0.0,,0.06,0.94,0.06,,0.0,0.06,0.82,1.0,,0.0,,1.0,1.0,1.0,,0.0,,1.0,,1.0,1.0,0.93,0.88,0.12,1.0,1.0,,0.12,0.0,,0.93,1.0,0.0,0.0,1.0,,,1.0,,,,1.0,,0.75,,0.18,0.19,0.11,0.0,0.93,0.87,0.88,,0.0,0.06,,0.0,0.72,0.0,,0.88,0.18,0.0,0.94,1.0,1.0,0.12,0.19,,0.0,0.06,1.0,0.0,0.0,,,0.0,0.88,,0.89,1.0,0.88,0.07,0.06,
Bronx Aerospace High School,,0.06,0.09,0.94,1.0,,0.0,1.0,1.0,0.0,1.0,0.0,,0.0,0.94,0.0,,0.06,0.0,0.0,1.0,0.0,0.18,1.0,0.24,1.0,,0.0,0.24,0.19,0.0,0.76,0.8,1.0,0.06,,0.0,0.0,,0.0,0.94,0.06,,0.0,0.06,0.94,1.0,,0.0,,1.0,1.0,0.0,,0.0,,0.89,,1.0,1.0,1.0,0.81,0.06,1.0,1.0,0.0,0.0,0.0,,1.0,0.0,0.11,1.0,1.0,0.2,,1.0,0.0,,,1.0,,0.82,,0.06,0.06,0.05,0.0,1.0,0.69,1.0,0.0,0.0,0.06,1.0,0.0,0.95,0.0,,0.94,0.06,0.0,0.89,1.0,1.0,0.06,0.06,,0.0,0.0,1.0,0.0,0.0,0.0,1.0,0.0,1.0,,0.89,1.0,1.0,0.0,0.0,0.0
The Judith S. Kaye School,0.0,0.0,,1.0,,,0.0,1.0,1.0,0.0,0.0,0.0,,0.0,1.0,0.0,,0.0,0.0,0.0,1.0,0.0,0.17,1.0,0.17,1.0,0.0,0.0,0.0,0.0,0.0,0.83,,,0.0,0.0,,0.0,0.0,0.0,1.0,0.0,,0.0,0.0,1.0,1.0,,0.0,,0.0,1.0,0.0,,0.0,0.0,1.0,,1.0,0.0,0.0,1.0,0.17,1.0,1.0,,0.0,0.0,,0.0,0.0,0.0,1.0,1.0,,,0.0,0.0,0.0,,1.0,0.0,0.83,,0.0,0.17,0.0,0.0,0.83,0.67,1.0,,0.0,0.0,,0.0,0.6,0.0,,1.0,0.0,0.0,1.0,1.0,1.0,0.0,0.0,0.0,0.0,0.0,1.0,0.0,0.0,0.0,,0.0,1.0,,1.0,1.0,1.0,0.0,0.0,
Community Math & Science Prep,0.0,0.06,0.27,0.93,1.0,0.0,0.0,0.89,0.89,0.0,,0.0,,,0.82,0.06,,0.06,0.0,0.0,0.88,,0.0,0.94,0.35,1.0,0.17,,0.59,0.06,,0.65,0.83,1.0,0.06,0.0,0.0,0.06,1.0,0.17,0.82,0.11,,,0.18,0.89,0.94,,0.0,1.0,,1.0,0.0,,0.0,1.0,0.94,1.0,0.94,,,0.94,0.0,1.0,1.0,0.17,0.06,0.12,,,1.0,0.06,0.0,1.0,0.0,,,0.0,1.0,,0.94,1.0,0.82,0.0,0.06,0.24,0.5,0.0,1.0,0.56,1.0,0.0,0.0,0.06,0.8,,1.0,0.0,,0.83,0.11,0.06,0.94,1.0,1.0,0.17,0.07,0.0,0.0,0.17,1.0,0.0,0.0,0.0,1.0,0.0,0.94,,0.72,1.0,0.89,,0.0,0.17
P.S. 084 Jose De Diego,0.07,0.14,0.18,0.93,1.0,0.0,0.0,0.96,0.79,,0.94,0.05,1.0,0.06,0.71,0.06,0.0,0.09,0.0,0.05,0.92,0.06,0.2,0.94,0.22,1.0,0.0,0.06,0.4,0.09,0.03,0.78,1.0,1.0,0.16,0.07,0.0,0.0,1.0,0.17,0.88,0.16,0.0,0.03,0.12,0.72,1.0,,0.0,1.0,0.94,1.0,1.0,0.91,0.08,0.93,0.86,1.0,0.96,0.94,0.94,0.91,0.12,0.92,0.96,0.0,0.15,0.05,0.0,0.94,0.95,0.14,0.0,0.94,0.0,1.0,0.97,,0.86,1.0,0.92,1.0,0.68,0.0,0.15,0.28,0.15,0.08,0.89,0.7,0.86,0.0,0.0,0.13,1.0,0.03,0.94,0.03,0.0,0.91,0.28,0.08,0.94,0.91,0.96,0.09,0.07,0.14,0.04,0.04,0.92,0.0,0.0,,1.0,0.0,0.85,0.0,0.89,1.0,0.89,0.06,0.09,0.0
South Brooklyn Community High School,,0.2,0.5,0.93,,,0.08,0.93,0.87,0.0,1.0,0.0,,0.0,0.8,0.13,,0.0,0.07,0.0,0.87,0.0,0.13,0.87,0.47,0.93,,0.0,0.47,0.13,0.0,0.53,,,0.13,,,0.0,,0.07,0.87,0.13,,0.0,0.13,0.87,1.0,,0.0,,1.0,1.0,0.0,,0.07,,0.93,,1.0,1.0,1.0,0.87,0.27,0.93,1.0,,0.07,0.0,,1.0,0.0,0.07,1.0,1.0,,,1.0,0.0,,,0.93,,0.73,,0.0,0.27,0.07,0.0,1.0,0.73,0.93,,0.0,0.13,,0.0,0.94,0.0,,0.87,0.13,0.0,1.0,0.87,0.86,0.13,0.07,,0.0,0.13,1.0,0.0,0.0,0.0,,0.0,0.93,,0.93,1.0,0.93,0.0,0.07,
Multicultural High School,,0.0,0.09,0.87,,,0.0,0.88,0.93,0.0,1.0,0.0,,0.0,0.93,0.0,,0.0,0.06,0.0,0.93,0.0,0.27,1.0,0.33,0.94,,0.0,0.27,0.0,0.0,0.67,,,0.0,,,0.0,,0.07,0.93,0.0,,0.0,0.07,1.0,1.0,,0.0,,1.0,1.0,0.0,,0.0,,0.93,,0.94,1.0,1.0,1.0,0.27,1.0,0.87,,0.13,0.0,,1.0,0.0,0.07,1.0,1.0,,,1.0,0.0,,,1.0,,0.73,,0.07,0.33,0.06,0.07,0.86,0.57,0.93,,0.0,0.0,,0.0,0.65,0.0,,0.93,0.0,0.0,1.0,1.0,0.94,0.07,0.13,,0.13,0.0,0.93,0.0,0.0,0.0,,0.0,0.87,,0.94,1.0,1.0,0.0,0.07,
The Brooklyn Academy Of Global Finance,,0.0,0.14,0.91,,,0.0,0.85,0.91,0.0,1.0,0.0,,0.0,1.0,0.0,,0.09,0.0,0.0,0.82,0.0,0.27,1.0,0.45,1.0,,0.0,0.36,0.09,0.0,0.55,,,0.0,,,0.0,,0.09,0.91,0.0,,0.0,0.09,0.91,1.0,,0.0,,1.0,1.0,0.0,,0.0,,1.0,,0.92,1.0,1.0,0.91,0.27,1.0,1.0,,0.09,0.0,,1.0,0.0,0.0,1.0,0.92,,,1.0,0.0,,,1.0,,0.64,,0.09,0.36,0.31,0.0,0.8,0.6,0.91,,0.0,0.0,,0.0,1.0,0.0,,0.91,0.09,0.0,0.91,1.0,1.0,0.09,0.09,,0.0,0.09,1.0,0.0,0.0,0.0,,0.0,0.91,,0.69,1.0,1.0,0.0,0.0,
P.S. 527 - East Side School For Social Action,0.0,0.03,0.22,0.96,1.0,,0.03,0.93,1.0,0.0,1.0,0.0,1.0,0.0,0.93,0.0,0.0,0.0,0.03,0.03,1.0,0.0,0.04,1.0,0.11,0.97,0.0,0.0,0.19,0.28,0.0,0.89,1.0,1.0,0.0,0.0,0.0,0.0,1.0,0.14,0.97,0.0,0.0,0.0,0.03,0.97,1.0,,0.0,,1.0,0.97,1.0,1.0,0.0,1.0,1.0,,0.93,1.0,1.0,0.72,0.22,1.0,0.97,0.0,0.03,0.0,0.0,1.0,1.0,0.0,0.0,0.97,0.0,1.0,1.0,0.0,1.0,1.0,0.79,1.0,0.67,,0.0,0.15,0.1,,0.86,0.81,1.0,0.0,0.0,0.0,1.0,0.0,0.83,0.0,0.0,1.0,0.03,0.0,0.97,1.0,0.97,0.0,0.04,0.0,0.03,0.0,,0.0,0.03,0.0,1.0,0.0,0.97,0.0,0.83,0.97,1.0,0.0,0.0,0.0
P.S. 154 Harriet Tubman,0.0,0.11,0.0,0.76,,0.0,0.0,0.85,0.75,,0.92,0.0,,0.08,0.79,0.15,,0.2,0.05,0.0,0.79,0.0,0.2,0.85,0.4,0.95,0.0,0.0,0.47,0.11,0.0,0.6,0.0,0.0,0.2,,,0.05,,0.39,0.84,0.15,0.0,0.15,0.16,0.68,0.95,,0.08,0.0,0.92,0.95,0.92,0.0,0.05,0.0,0.84,0.0,0.86,0.92,1.0,0.89,0.25,0.95,0.94,,0.25,0.1,,1.0,1.0,0.16,0.0,1.0,0.0,,1.0,,,,0.84,0.0,0.55,0.0,0.17,0.35,0.45,0.3,0.8,0.47,0.72,,0.0,0.2,,0.0,0.69,0.0,,0.6,0.32,0.0,0.85,0.84,1.0,0.4,0.24,,0.06,0.1,0.7,0.0,0.0,,,0.0,0.75,,0.6,1.0,0.72,0.0,0.25,
Honeydew Drop Playhouse,0.0,,0.0,,0.0,0.0,,,,,0.0,0.0,0.0,0.0,,,0.0,,,,,0.0,,,,,0.0,0.0,,,0.0,,0.0,0.0,,0.0,0.0,,0.0,,,,0.0,0.0,,,,,0.0,0.0,0.0,,0.0,0.0,,0.0,,0.0,,0.0,0.0,,,,,0.0,,,0.0,0.0,0.0,,0.0,,0.0,0.0,0.0,,0.0,0.0,,0.0,,0.0,,,,,0.0,0.0,,0.0,0.0,,0.0,0.0,1.0,,0.0,,,,,,,,,0.0,,,,0.0,,,0.0,0.0,,0.0,,,,0.0,,0.0
Emolior Academy,0.12,0.07,0.29,0.97,0.88,0.0,0.0,0.97,0.93,0.0,0.88,0.0,0.88,0.0,0.86,0.03,0.0,0.07,0.0,0.0,0.97,0.0,0.07,0.97,0.41,1.0,0.0,0.0,0.38,0.17,0.0,0.59,0.88,0.88,0.07,0.0,0.12,0.03,1.0,0.17,0.93,0.07,0.12,0.0,0.07,0.93,0.97,,0.0,1.0,1.0,1.0,0.0,1.0,0.03,0.88,0.89,1.0,1.0,1.0,1.0,0.83,0.19,0.97,0.96,0.12,0.29,0.03,0.12,0.88,1.0,0.11,0.0,0.96,0.12,1.0,1.0,0.0,0.89,1.0,0.93,1.0,0.46,0.0,0.1,0.45,0.1,0.03,0.93,0.41,1.0,0.38,0.0,0.07,0.88,0.14,0.94,0.0,0.0,0.97,0.07,0.07,0.97,0.93,0.88,0.03,0.03,0.11,0.04,0.0,0.97,0.0,0.0,0.0,0.62,0.0,0.71,0.12,0.86,1.0,0.93,0.12,0.07,0.12
P.S. 194 Countee Cullen,,0.41,0.4,0.64,,,0.06,0.78,0.53,0.0,0.91,0.27,,0.18,0.41,0.35,,0.59,0.12,0.0,0.65,0.09,0.27,0.65,0.43,0.88,,0.09,0.64,0.35,0.09,0.57,,,0.41,,,0.24,,0.24,0.47,0.59,,0.09,0.53,0.47,0.76,,0.18,,0.82,0.88,0.82,,0.35,,0.53,,0.88,0.91,0.91,0.65,0.27,0.65,0.82,,0.59,0.41,,0.91,0.73,0.47,0.0,0.88,,,0.91,0.0,,,0.76,,0.47,,0.47,0.47,0.22,0.19,0.6,0.4,0.64,,0.0,0.53,,0.09,1.0,0.06,,0.18,0.53,0.29,0.65,0.53,0.88,0.82,0.36,,0.18,0.18,0.81,0.0,0.18,0.0,,0.0,0.41,,0.72,0.82,0.65,0.09,0.53,
The Metropolitan Soundview High School,,0.47,0.6,0.62,1.0,,0.11,0.67,0.65,0.0,1.0,0.0,,0.11,0.53,0.41,,0.47,0.11,0.18,0.82,0.0,0.38,0.59,0.56,0.89,,0.0,0.38,0.35,0.11,0.44,0.8,1.0,0.24,,0.0,0.24,,0.53,0.65,0.18,,0.0,0.35,0.53,0.76,,0.0,,0.89,0.94,0.0,,0.18,,0.65,,0.61,0.89,1.0,0.65,0.12,0.82,0.78,0.2,0.24,0.24,,1.0,0.0,0.35,1.0,0.94,0.0,,0.89,0.0,,,0.76,,0.62,,0.24,0.44,0.5,0.12,0.69,0.5,0.64,0.6,0.0,0.24,0.8,0.11,0.5,0.12,,0.47,0.47,0.18,0.71,0.71,0.72,0.53,0.38,,0.22,0.18,0.88,0.06,0.17,0.0,0.4,0.0,0.76,,0.41,0.83,0.71,0.0,0.41,0.2
P.S. 008 Robert Fulton,,0.37,0.5,1.0,,,0.05,1.0,0.65,,1.0,0.0,,0.0,0.7,0.25,,0.3,0.05,0.1,0.9,0.0,0.11,0.75,0.16,0.95,,0.0,0.16,0.37,0.13,0.84,,,0.35,,,0.0,,0.26,0.7,0.35,,0.0,0.3,0.5,1.0,,0.0,,1.0,0.95,1.0,,0.32,,0.9,,0.95,1.0,1.0,0.63,0.0,0.68,0.89,,0.0,0.05,,1.0,1.0,0.1,0.0,0.89,,,0.87,,,,0.74,,1.0,,0.26,0.0,0.1,0.15,0.76,0.94,0.94,,0.0,0.45,,0.06,0.5,0.0,,0.95,0.5,0.32,0.8,0.68,0.78,0.05,0.0,,0.11,0.0,0.85,0.0,0.11,,,0.0,1.0,,0.85,0.89,0.68,0.0,0.3,
Cultural Academy For The Arts And Sciences,,0.06,0.56,0.93,,,0.1,0.81,0.9,0.0,,0.0,,,0.83,0.05,,0.16,0.05,0.05,0.79,,0.56,0.95,0.69,0.95,,,0.69,0.25,,0.31,,,0.05,,,0.0,,0.11,0.95,0.05,,,0.05,0.95,1.0,,0.0,,,0.95,0.0,,0.0,,0.89,,0.95,,,0.75,0.44,1.0,0.85,,0.16,0.0,,,0.0,0.11,1.0,0.9,,,,0.0,,,0.87,,0.44,,0.0,0.62,0.33,0.11,0.81,0.25,0.8,,0.0,0.05,,,0.91,0.05,,0.9,0.05,0.0,0.85,0.88,0.86,0.1,0.07,,0.15,0.2,0.89,0.0,0.1,0.0,,0.0,0.84,,0.62,0.9,0.94,,0.11,
Public School 9 The Sarah Smith Garnet School,,0.24,0.19,0.83,,,0.02,0.92,0.69,0.17,0.93,0.0,,0.07,0.78,0.27,,0.18,0.02,0.02,0.87,0.07,0.14,0.73,0.26,0.98,,0.06,0.18,0.27,0.07,0.74,,,0.31,,,0.05,,0.26,0.73,0.24,,0.03,0.27,0.71,0.95,,0.04,,0.93,0.98,0.96,,0.26,,0.84,,0.89,0.93,0.94,0.73,0.16,0.74,1.0,,0.24,0.07,,0.93,1.0,0.16,0.0,0.98,,,0.93,1.0,,,0.76,,0.82,,0.31,0.26,0.25,0.18,0.78,0.72,0.84,,0.0,0.36,,0.07,0.8,0.0,,0.76,0.29,0.26,0.8,0.74,0.96,0.24,0.17,,0.0,0.07,0.82,0.0,0.0,0.17,,0.04,0.76,,0.75,1.0,0.86,0.07,0.24,
Okie Dokie Day Care,0.0,,,,0.0,0.0,,,,,0.0,0.0,0.0,0.0,,,0.0,,,,,0.0,,,,,0.0,0.0,,,0.0,,0.0,0.0,,0.0,0.0,,0.0,,,,0.0,0.0,,,,,0.0,0.0,0.0,,0.0,0.0,,0.0,,0.0,,0.0,0.0,,,,,0.0,,,0.0,0.0,0.0,,0.0,,0.0,0.0,0.0,,0.0,0.0,,0.0,,0.0,,,,,0.0,0.0,,0.0,0.0,,0.0,0.0,1.0,,0.0,,,,,,,,,0.0,,,,0.0,,,0.0,0.0,,0.0,,,,0.0,,0.0
P.S. 290 Manhattan New School,,0.43,0.3,1.0,,,0.0,1.0,0.52,,0.82,0.0,,0.0,0.55,0.45,,0.52,0.0,0.0,0.86,0.0,0.12,0.55,0.27,1.0,,0.0,0.23,0.29,0.0,0.73,,,0.45,,,0.0,,0.39,0.66,0.52,,0.0,0.34,0.45,1.0,,0.0,,1.0,1.0,1.0,,0.32,,0.76,,1.0,1.0,1.0,0.71,0.0,0.68,1.0,,0.1,0.03,,1.0,1.0,0.24,0.0,1.0,,,1.0,,,,0.71,,0.92,,0.39,0.04,0.1,0.32,0.96,0.83,1.0,,0.0,0.55,,0.0,0.77,0.1,,0.79,0.55,0.29,0.69,0.57,1.0,0.21,0.0,,0.0,0.03,0.68,0.0,0.0,,,0.0,0.9,,0.93,1.0,0.68,0.0,0.55,
High School For Teaching And The Professions,,0.06,0.09,0.93,,,0.06,0.94,0.88,0.0,,0.0,,,0.88,0.12,,0.12,0.06,0.0,0.81,,0.14,0.88,0.43,0.94,,,0.36,0.0,,0.57,,,0.06,,,0.06,,0.06,0.94,0.12,,,0.06,0.88,0.94,,0.0,,,1.0,0.0,,0.0,,1.0,,1.0,,,1.0,0.14,1.0,0.94,,0.19,0.06,,,0.0,0.0,1.0,1.0,,,,0.0,,,1.0,,0.71,,0.06,0.36,0.12,0.0,0.93,0.79,0.93,,0.0,0.12,,,0.52,0.0,,0.88,0.12,0.0,1.0,0.94,0.94,0.12,0.07,,0.06,0.06,1.0,0.0,0.0,0.0,,0.0,0.81,,0.75,1.0,1.0,,0.12,
Mott Haven Village Preparatory High School,0.4,0.35,0.45,0.85,1.0,,0.05,0.9,0.68,0.0,0.86,0.0,,0.14,0.45,0.47,,0.45,0.0,0.05,0.85,0.12,0.4,0.53,0.9,1.0,0.4,0.0,0.85,0.45,0.12,0.1,1.0,1.0,0.35,0.0,0.0,0.3,,0.45,0.5,0.55,,0.12,0.5,0.55,0.7,,0.0,,0.86,0.9,0.0,,0.4,0.6,0.6,,0.74,0.86,1.0,0.55,0.45,0.6,0.85,0.0,0.55,0.3,,0.88,0.0,0.4,1.0,0.79,0.0,,0.88,0.0,,,0.6,0.8,0.2,,0.3,0.75,0.35,0.0,0.68,0.32,0.85,0.0,0.0,0.45,1.0,0.12,0.83,0.0,,0.7,0.45,0.3,0.7,0.6,0.85,0.3,0.15,,0.15,0.0,1.0,0.17,0.2,0.0,1.0,0.0,0.45,,0.75,0.8,0.55,0.12,0.53,0.0
Ella Baker School,,0.35,0.12,0.76,,,0.0,0.96,0.91,,0.93,0.0,,0.07,0.57,0.13,,0.08,0.0,0.0,0.91,0.0,0.13,0.87,0.17,1.0,,0.07,0.35,0.18,0.07,0.83,,,0.09,,,0.04,,0.13,0.74,0.35,,0.07,0.26,0.91,0.96,,0.0,,0.93,1.0,1.0,,0.35,,0.58,,0.96,0.87,0.93,0.82,0.09,0.65,0.88,,0.22,0.3,,0.93,1.0,0.42,0.0,0.96,,,0.93,,,,0.86,,0.7,,0.0,0.13,0.04,0.09,0.74,0.84,0.9,,0.0,0.22,,0.07,0.86,0.0,,0.96,0.09,0.09,0.92,0.7,0.96,0.04,0.24,,0.12,0.04,0.91,0.0,0.04,,,0.0,0.78,,0.79,0.96,0.96,0.07,0.04,
J.H.S. 088 Peter Rouget,0.19,0.35,0.17,0.86,1.0,0.0,0.03,0.98,0.97,0.0,1.0,0.18,0.91,0.0,0.72,0.15,0.09,0.06,0.03,0.15,0.94,0.0,0.15,0.85,0.32,0.97,0.0,0.0,0.3,0.33,0.0,0.68,0.92,1.0,0.08,0.0,0.0,0.02,1.0,0.22,0.7,0.15,0.09,0.0,0.3,0.79,0.98,,0.0,1.0,1.0,1.0,0.0,0.82,0.15,0.81,0.77,1.0,0.97,1.0,1.0,0.67,0.03,0.85,0.93,0.0,0.27,0.12,0.09,1.0,0.82,0.23,0.0,0.95,0.0,0.91,1.0,0.0,0.94,0.91,0.77,1.0,0.85,0.0,0.02,0.12,0.19,0.19,0.79,0.81,0.95,0.08,0.0,0.15,1.0,0.0,0.59,0.02,0.09,0.9,0.21,0.1,0.89,0.81,0.9,0.1,0.14,0.06,0.07,0.06,0.81,0.0,0.05,0.0,0.92,0.0,0.73,0.09,0.86,0.95,0.83,0.0,0.02,0.0
P.S. 032 Belmont,0.0,0.08,0.08,0.93,1.0,0.0,0.0,0.92,0.98,0.0,1.0,0.02,1.0,0.0,0.88,0.04,0.0,0.04,0.0,0.02,0.94,0.0,0.09,0.96,0.25,1.0,0.0,0.0,0.33,0.04,0.0,0.75,1.0,1.0,0.04,0.0,0.0,0.0,1.0,0.12,0.9,0.02,0.0,0.02,0.1,0.92,1.0,,0.51,1.0,1.0,1.0,0.49,1.0,0.02,1.0,0.96,1.0,0.94,0.95,1.0,0.96,0.15,0.98,0.98,0.0,0.24,0.0,0.0,1.0,0.98,0.04,0.0,0.98,0.0,1.0,1.0,1.0,1.0,1.0,0.94,1.0,0.79,0.0,0.12,0.17,0.14,0.04,0.89,0.64,0.98,0.0,0.0,0.04,1.0,0.02,0.78,0.02,0.0,0.92,0.08,0.0,0.96,1.0,0.98,0.08,0.07,0.0,0.02,0.0,0.96,0.0,0.02,0.0,1.0,0.0,0.76,0.0,0.82,0.98,0.92,0.0,0.0,0.0
I.S. 181 Pablo Casals,0.13,0.03,0.11,0.89,1.0,0.0,0.05,0.93,0.98,0.0,0.91,0.0,1.0,0.09,0.95,0.02,0.0,0.03,0.03,0.03,0.97,0.07,0.14,0.98,0.25,0.97,0.07,0.07,0.29,0.02,0.08,0.75,1.0,1.0,0.02,0.07,0.0,0.0,0.93,0.05,0.98,0.0,0.0,0.09,0.02,0.97,1.0,,0.0,1.0,0.91,1.0,0.0,1.0,0.02,0.87,0.97,1.0,0.98,0.92,0.93,0.98,0.07,0.98,1.0,0.0,0.15,0.0,0.0,0.93,1.0,0.03,0.0,0.98,0.05,1.0,0.92,0.0,0.87,1.0,0.95,0.93,0.78,0.0,0.03,0.14,0.12,0.05,0.97,0.78,0.96,0.0,0.0,0.02,1.0,0.07,0.86,0.05,0.0,0.93,0.03,0.0,0.97,0.98,0.93,0.07,0.11,0.13,0.0,0.03,0.95,0.0,0.02,0.0,1.0,0.0,0.85,0.0,0.93,0.98,0.98,0.07,0.0,0.0
The Brooklyn Green School,,0.0,0.11,1.0,1.0,,0.08,1.0,1.0,0.0,,0.0,,,0.92,0.08,,0.0,0.0,0.08,0.92,,0.17,0.92,0.25,1.0,,,0.25,0.0,,0.75,1.0,1.0,0.0,,0.0,0.0,,0.0,0.92,0.0,,,0.08,0.92,1.0,,0.0,,,1.0,0.0,,0.0,,1.0,,1.0,,,1.0,0.0,1.0,1.0,0.0,0.0,0.0,,,1.0,0.0,0.0,1.0,0.0,,,0.0,,,1.0,,0.92,,0.0,0.0,0.0,0.0,1.0,0.83,1.0,0.0,0.0,0.0,1.0,,0.86,0.08,,1.0,0.08,0.0,0.92,1.0,1.0,0.0,0.0,,0.0,0.0,1.0,0.0,0.08,0.0,1.0,0.0,1.0,,1.0,0.92,1.0,,0.0,0.0
P.S. 188 The Island School,0.0,0.04,0.05,0.95,,,0.0,0.92,0.92,0.0,1.0,0.0,,0.0,0.92,0.08,,0.04,0.0,0.0,1.0,0.0,0.18,0.92,0.17,1.0,0.0,0.0,0.22,0.04,0.0,0.83,,,0.04,0.0,,0.04,1.0,0.08,1.0,0.04,,0.0,0.0,0.96,0.96,,0.08,,1.0,1.0,0.92,,0.0,1.0,0.92,,0.92,1.0,1.0,0.96,0.17,1.0,1.0,,0.36,0.0,,1.0,1.0,0.08,0.0,1.0,,,1.0,0.0,1.0,,1.0,1.0,0.83,,0.12,0.09,0.24,0.12,0.82,0.77,0.95,,0.0,0.08,,0.0,0.64,0.0,,0.92,0.04,0.0,0.96,0.96,0.96,0.08,0.05,0.0,0.0,0.04,0.88,0.0,0.0,0.0,,0.08,0.64,,0.84,1.0,0.96,0.0,0.04,
P.S. 77 Lower Lab School,0.0,0.62,,1.0,,0.0,0.0,1.0,0.5,,,0.0,,,0.75,0.25,,0.5,0.0,0.0,0.88,0.0,0.0,0.75,0.0,1.0,0.0,0.0,0.0,0.38,,1.0,,,0.5,0.0,,0.0,0.0,0.5,0.75,0.62,,,0.25,0.5,1.0,,0.0,0.0,,1.0,1.0,,0.25,0.0,0.33,0.0,0.86,,1.0,0.62,0.0,0.75,1.0,,0.0,0.0,,,1.0,0.67,0.0,1.0,,,,,0.0,,0.75,0.0,1.0,0.0,0.12,0.0,0.25,0.14,1.0,1.0,1.0,,0.0,0.5,,,0.44,0.0,,0.88,0.5,0.38,0.88,0.62,1.0,0.12,0.0,0.0,0.0,0.12,0.86,0.0,0.0,,,0.0,1.0,,0.88,1.0,0.62,,0.5,
The Bilingual Bicultural School,,0.05,0.06,1.0,,,0.0,1.0,1.0,,1.0,0.0,,0.0,0.95,0.0,,0.0,0.0,0.0,1.0,0.0,0.0,1.0,0.25,1.0,,0.0,0.2,0.05,0.0,0.75,,,0.0,,,0.0,,0.1,1.0,0.0,,0.0,0.0,1.0,1.0,,0.0,,1.0,1.0,1.0,,0.0,,0.9,,1.0,1.0,1.0,0.95,0.0,1.0,1.0,,0.1,0.0,,1.0,1.0,0.1,0.0,1.0,,,1.0,,,,0.9,,0.95,,0.05,0.0,0.0,0.0,0.94,0.94,1.0,,0.0,0.0,,0.0,0.68,0.0,,1.0,0.0,0.0,1.0,1.0,1.0,0.0,0.0,,0.0,0.0,1.0,0.0,0.0,,,0.0,0.9,,0.95,1.0,1.0,0.0,0.0,
Cornerstone Academy For Social Action Middle School (Casa),,0.08,0.12,0.83,1.0,,0.06,0.94,0.86,0.0,,0.08,,,0.93,0.14,,0.07,0.06,0.0,1.0,,0.15,0.86,0.43,0.94,,,0.57,0.0,,0.57,1.0,1.0,0.07,,0.0,0.0,,0.14,0.93,0.0,,,0.07,0.79,1.0,,0.0,,,0.94,0.0,,0.07,,0.85,,0.94,,,1.0,0.21,0.93,0.88,0.0,0.36,0.0,,,0.92,0.15,0.0,0.93,0.0,,,0.0,,,0.93,,0.5,,0.0,0.5,0.18,0.21,0.79,0.36,0.92,0.0,0.0,0.14,1.0,,0.81,0.0,,0.93,0.21,0.0,0.93,1.0,0.94,0.07,0.17,,0.12,0.07,0.79,0.0,0.06,0.0,1.0,0.0,0.64,,0.76,0.94,0.93,,0.08,0.0
Imaginarium Child,0.0,,,,0.0,0.0,,,,,0.0,0.0,0.0,0.0,,,0.0,,,,,0.0,,,,,0.0,0.0,,,0.0,,0.0,0.0,,0.0,0.0,,0.0,,,,0.0,0.0,,,,,0.0,0.0,0.0,,0.0,0.0,,0.0,,0.0,,0.0,0.0,,,,,0.0,,,0.0,0.0,0.0,,0.0,,0.0,0.0,0.0,,0.0,0.0,,0.0,,0.0,,,,,0.0,0.0,,0.0,0.0,,0.0,0.0,1.0,,0.0,,,,,,,,,0.0,,,,0.0,,,0.0,0.0,,0.0,,,,0.0,,0.0
P.S. 093 Albert G. Oliver,,0.24,0.4,0.88,,,0.0,0.84,0.78,,1.0,0.0,,0.0,0.82,0.24,,0.22,0.0,0.06,1.0,0.0,0.29,0.76,0.47,1.0,,0.0,0.35,0.06,0.0,0.53,,,0.22,,,0.06,,0.25,0.82,0.22,,0.0,0.18,0.76,0.94,,0.0,,1.0,1.0,1.0,,0.18,,0.83,,0.89,1.0,1.0,0.94,0.19,0.82,1.0,,0.06,0.06,,1.0,1.0,0.17,0.0,1.0,,,1.0,,,,1.0,,0.65,,0.29,0.24,0.26,0.06,1.0,0.62,0.93,,0.0,0.22,,0.0,0.59,0.06,,0.72,0.24,0.24,0.78,0.88,1.0,0.28,0.12,,0.0,0.0,0.94,0.0,0.0,,,0.0,0.94,,0.68,1.0,0.76,0.0,0.17,
P.S. 041 Gun Hill Road,0.08,0.21,0.26,0.89,1.0,0.0,0.06,0.94,0.68,,0.84,0.0,0.83,0.16,0.82,0.17,0.33,0.14,0.06,0.02,0.94,0.12,0.02,0.83,0.36,0.94,0.08,0.12,0.45,0.14,0.04,0.64,1.0,1.0,0.14,0.08,0.0,0.08,1.0,0.17,0.8,0.19,0.17,0.08,0.2,0.7,0.92,,0.43,1.0,0.84,0.96,0.57,0.83,0.12,0.92,0.85,1.0,0.92,0.88,0.88,0.86,0.06,0.88,0.96,0.0,0.29,0.04,0.17,0.96,1.0,0.15,0.0,0.96,0.0,0.83,0.96,,0.92,0.83,0.9,1.0,0.7,0.0,0.38,0.13,0.2,0.08,0.87,0.7,0.93,0.0,0.0,0.27,1.0,0.12,0.85,0.06,0.17,0.83,0.3,0.16,0.86,0.86,0.92,0.17,0.11,0.08,0.04,0.0,0.92,0.0,0.04,,1.0,0.0,0.71,0.17,0.76,0.96,0.85,0.04,0.23,0.0
Academy For Conservation And The Environment,,0.24,0.36,0.86,,,0.05,0.82,0.75,0.0,,0.0,1.0,,0.82,0.18,0.0,0.15,0.05,0.06,0.88,,0.07,0.82,0.27,0.95,,,0.2,0.12,,0.73,,,0.15,,,0.12,,0.24,0.88,0.15,0.0,,0.12,0.75,0.88,,0.0,,,1.0,0.0,1.0,0.0,,1.0,,0.89,,,0.88,0.0,1.0,0.95,,0.12,0.12,0.0,,0.0,0.0,1.0,1.0,,1.0,,0.0,,1.0,0.82,,0.87,,0.0,0.13,0.23,0.18,0.8,0.67,1.0,,0.0,0.16,,,0.85,0.06,0.0,0.9,0.25,0.06,0.85,1.0,1.0,0.1,0.14,,0.05,0.1,0.82,0.0,0.0,0.0,,0.0,0.88,0.0,0.73,1.0,0.82,,0.2,
M.S. 302 Luisa Dessus Cruz,0.0,0.04,0.12,0.88,1.0,,0.0,0.93,1.0,0.0,1.0,0.0,,0.0,0.96,0.0,,0.0,0.0,0.0,1.0,0.0,0.2,1.0,0.2,1.0,0.0,0.11,0.2,0.08,0.0,0.8,1.0,0.92,0.0,0.0,0.0,0.04,1.0,0.0,1.0,0.0,,0.0,0.0,0.96,0.96,,0.0,,1.0,1.0,0.0,,0.0,1.0,1.0,,0.96,1.0,0.89,0.92,0.12,1.0,1.0,0.0,0.08,0.0,,0.89,1.0,0.0,0.0,1.0,0.0,,1.0,0.0,1.0,,0.92,1.0,0.76,,0.04,0.2,0.07,0.0,1.0,0.54,0.92,0.08,0.0,0.0,1.0,0.0,0.7,0.0,,0.89,0.04,0.0,0.96,1.0,0.96,0.11,0.12,0.0,0.0,0.0,1.0,0.0,0.0,0.0,0.92,0.0,0.92,,0.85,1.0,0.92,0.11,0.0,0.0
Mott Hall Bronx High School,,0.27,0.38,0.62,1.0,0.0,0.05,0.74,0.96,0.0,1.0,0.0,,0.0,0.52,0.13,,0.13,0.18,0.04,0.82,0.0,0.2,0.87,0.52,0.82,,0.17,0.52,0.55,0.33,0.48,0.71,0.86,0.04,,0.0,0.09,,0.68,0.5,0.27,,0.0,0.5,1.0,0.91,,0.0,1.0,1.0,0.91,0.0,,0.35,,0.78,0.8,0.81,0.83,0.83,0.45,0.3,0.65,0.59,0.0,0.43,0.39,,1.0,0.0,0.22,0.95,0.86,0.14,,0.67,0.0,,,0.78,,0.35,0.2,0.04,0.5,0.48,0.0,0.71,0.3,0.77,0.43,0.05,0.36,0.86,0.0,0.79,0.09,,0.61,0.0,0.18,0.87,0.55,0.71,0.39,0.38,,0.41,0.09,1.0,0.19,0.17,0.0,0.57,0.0,0.57,,0.52,0.83,0.78,0.0,0.04,0.0
"Metropolitan High School, The",,0.35,0.44,0.65,0.5,,0.1,0.64,0.76,0.0,0.6,0.0,0.83,0.17,0.52,0.38,0.33,0.62,0.05,0.19,0.9,0.17,0.25,0.62,0.65,0.95,,0.4,0.6,0.2,0.5,0.35,0.5,0.5,0.24,,0.5,0.38,,0.1,0.57,0.29,0.33,0.33,0.43,0.71,0.62,,0.0,,0.83,0.95,0.0,0.67,0.3,,0.48,,0.86,0.67,0.6,0.8,0.4,0.7,0.85,0.5,0.1,0.33,0.5,0.8,0.0,0.52,0.74,0.95,0.5,0.67,0.5,0.0,,0.67,0.7,,0.35,,0.4,0.65,0.36,0.24,0.42,0.42,0.85,0.67,0.05,0.33,0.67,0.33,0.81,0.14,0.33,0.62,0.29,0.35,0.55,0.65,0.9,0.38,0.35,,0.15,0.14,0.76,0.15,0.1,0.0,0.33,0.0,0.9,0.17,0.68,0.9,0.7,0.2,0.33,0.5
Bronx Health Sciences High School,,0.0,,1.0,,,0.0,1.0,0.8,0.0,0.0,0.0,,0.0,1.0,0.0,,0.0,0.0,0.0,0.6,0.0,0.0,1.0,0.3,1.0,,0.0,0.5,0.3,0.0,0.7,,,0.1,,,0.1,,0.1,0.8,0.1,,0.0,0.2,0.7,0.9,,0.0,,0.0,1.0,0.0,,0.0,,1.0,,1.0,0.0,0.0,0.7,0.11,1.0,0.9,,0.1,0.0,,0.0,0.0,0.0,1.0,0.9,,,0.0,0.0,,,0.9,,0.7,,0.0,0.1,0.0,0.0,1.0,0.8,1.0,,0.0,0.2,,0.0,0.5,0.0,,0.9,0.3,0.0,0.9,0.9,0.7,0.1,0.0,,0.1,0.1,1.0,0.0,0.1,0.0,,0.0,0.9,,0.8,0.9,0.9,0.0,0.0,
Walkabout Bronx High School,,,,,,,,,,0.0,,0.0,,,,,,,,,,,,,,,,,,,,,,,,,,,,,,,,,,,,,0.0,,,,0.0,,,,0.0,,,,,,,,,,,,,,0.0,0.0,,,,,,0.0,,,,,,,,,,0.0,,,,,,,,,1.0,,,,,,,,,,,,,,0.0,,,0.0,,0.0,,,,,,,,
"Ps/Ms 20 P.O.George J. Werdann, Iii",0.67,0.37,0.51,0.8,1.0,0.2,0.04,0.82,0.57,0.25,0.88,0.1,0.67,0.16,0.52,0.48,0.33,0.39,0.07,0.06,0.86,0.07,0.29,0.52,0.61,0.93,0.5,0.08,0.55,0.37,0.16,0.39,0.91,1.0,0.32,0.33,0.0,0.22,0.33,0.24,0.56,0.49,0.33,0.12,0.44,0.53,0.78,,0.13,0.8,0.84,0.95,0.87,0.67,0.37,0.33,0.46,0.8,0.77,0.92,0.92,0.63,0.47,0.63,0.93,0.0,0.71,0.18,0.33,0.88,0.9,0.54,0.0,0.93,0.09,0.67,0.84,0.88,0.33,1.0,0.63,0.5,0.49,0.2,0.56,0.51,0.42,0.17,0.51,0.37,0.83,0.18,0.0,0.43,1.0,0.12,0.81,0.0,0.33,0.68,0.47,0.35,0.8,0.58,0.89,0.32,0.2,0.67,0.07,0.07,0.83,0.0,0.04,0.25,0.82,0.12,0.29,0.33,0.57,0.96,0.65,0.12,0.43,0.0
P.S. 226,0.0,0.21,0.17,0.86,,,0.0,0.87,0.71,,0.92,0.0,,0.08,0.79,0.14,,0.29,0.0,0.0,0.93,0.08,0.14,0.86,0.43,1.0,0.0,0.08,0.5,0.07,0.08,0.57,,,0.21,0.0,,0.07,0.0,0.21,0.86,0.29,,0.08,0.14,0.79,0.93,,0.1,,0.92,1.0,0.9,,0.14,0.0,0.71,,0.93,0.92,0.92,0.93,0.14,0.86,0.93,,0.29,0.07,,0.92,1.0,0.29,0.0,0.93,,,0.92,,0.0,,0.86,0.0,0.79,,0.14,0.21,0.27,0.15,0.69,0.69,0.86,,0.0,0.21,,0.08,0.5,0.0,,0.79,0.21,0.14,0.79,0.86,1.0,0.21,0.14,0.0,0.07,0.14,0.85,0.0,0.07,,,0.0,0.71,,0.93,0.93,0.86,0.08,0.31,
J.H.S. 143 Eleanor Roosevelt,0.0,0.05,0.18,0.91,1.0,,0.05,0.91,0.95,,1.0,0.05,1.0,0.17,0.91,0.0,0.0,0.05,0.09,0.05,0.95,0.0,0.19,1.0,0.41,0.91,0.0,0.0,0.32,0.09,0.0,0.59,1.0,1.0,0.05,0.0,0.0,0.05,1.0,0.14,0.95,0.05,0.0,0.0,0.05,0.95,0.95,,0.0,,0.83,0.9,0.0,1.0,0.0,1.0,1.0,,0.91,1.0,1.0,0.91,0.09,1.0,0.86,0.0,0.23,0.05,0.0,1.0,0.95,0.0,0.0,0.91,0.0,1.0,1.0,,1.0,1.0,0.95,1.0,0.77,,0.05,0.18,0.09,0.05,0.95,0.59,0.95,0.0,0.0,0.05,1.0,0.0,0.85,0.05,0.0,0.95,0.05,0.05,0.95,0.95,0.95,0.05,0.09,0.0,0.14,0.0,0.95,0.0,0.05,,1.0,0.0,0.77,0.0,0.83,0.95,0.95,0.0,0.05,0.0
P.S. 047 John Randolph,0.11,0.03,0.28,0.84,1.0,0.0,0.0,0.89,0.86,,0.92,0.06,1.0,0.06,0.86,0.04,0.12,0.09,0.0,0.04,0.94,0.06,0.16,0.96,0.38,1.0,0.11,0.04,0.45,0.07,0.06,0.62,1.0,0.92,0.04,0.12,0.0,0.01,0.89,0.07,0.86,0.07,0.0,0.0,0.14,0.86,0.99,,0.12,1.0,0.94,1.0,0.88,1.0,0.06,0.89,0.84,1.0,0.85,0.94,0.96,0.93,0.14,0.94,0.97,0.08,0.42,0.04,0.12,0.98,0.94,0.16,0.0,0.99,0.0,1.0,0.94,,0.89,1.0,0.88,0.89,0.7,0.0,0.34,0.25,0.3,0.06,0.77,0.55,0.85,0.0,0.0,0.07,1.0,0.02,0.91,0.01,0.0,0.81,0.14,0.14,0.96,0.96,1.0,0.19,0.16,0.11,0.03,0.14,0.94,0.0,0.0,,1.0,0.04,0.58,0.0,0.76,1.0,0.97,0.02,0.1,0.0
P.S. 159 Luis Munoz Marin Biling,,0.0,0.0,1.0,,,0.0,1.0,1.0,,1.0,0.0,,0.0,1.0,0.0,,0.0,0.0,0.0,1.0,0.0,0.0,1.0,0.29,1.0,,0.0,0.36,0.0,0.0,0.71,,,0.0,,,0.0,,0.07,1.0,0.0,,0.0,0.0,1.0,1.0,,0.11,,1.0,1.0,0.89,,0.0,,1.0,,1.0,1.0,1.0,1.0,0.0,1.0,1.0,,0.0,0.0,,1.0,1.0,0.0,0.0,1.0,,,1.0,,,,1.0,,0.93,,0.21,0.29,0.0,0.0,1.0,0.69,1.0,,0.0,0.0,,0.0,0.93,0.0,,1.0,0.0,0.0,1.0,1.0,1.0,0.0,0.0,,0.0,0.0,1.0,0.0,0.0,,,0.0,1.0,,0.92,1.0,1.0,0.0,0.0,
Millennium Art Academy,0.0,0.16,0.24,0.9,1.0,0.0,0.0,0.94,0.94,0.0,1.0,0.0,,0.0,0.91,0.06,,0.03,0.0,0.0,0.97,0.0,0.12,0.94,0.26,1.0,0.0,0.0,0.19,0.06,0.0,0.74,1.0,1.0,0.06,0.0,0.0,0.0,1.0,0.23,0.88,0.15,,0.0,0.12,0.91,1.0,,0.0,1.0,1.0,1.0,0.0,,0.12,1.0,0.84,0.83,1.0,0.92,1.0,0.94,0.12,0.88,1.0,0.0,0.1,0.06,,1.0,0.0,0.16,0.97,1.0,0.0,,1.0,0.0,1.0,,0.97,1.0,0.81,0.17,0.09,0.09,0.15,0.06,0.97,0.81,0.9,0.0,0.0,0.15,1.0,0.0,0.94,0.0,,0.94,0.09,0.06,0.97,0.88,1.0,0.06,0.1,0.0,0.0,0.06,0.94,0.03,0.0,0.0,1.0,0.0,0.9,,0.82,1.0,0.84,0.0,0.06,0.0
Health Opportunities High School,,0.15,0.61,0.79,1.0,0.0,0.07,0.79,0.78,0.0,0.86,0.0,0.83,0.14,0.74,0.11,0.17,0.23,0.07,0.11,0.93,0.14,0.26,0.89,0.56,0.93,,0.14,0.48,0.2,0.14,0.44,1.0,1.0,0.15,,0.0,0.04,,0.19,0.7,0.35,0.17,0.14,0.3,0.85,0.96,,0.0,1.0,0.86,0.93,0.0,0.83,0.15,,0.88,1.0,0.85,0.86,0.86,0.8,0.3,0.85,0.92,0.0,0.41,0.11,0.17,0.86,0.0,0.12,0.88,0.96,0.0,0.83,0.86,0.0,,0.67,0.84,,0.67,0.0,0.22,0.22,0.21,0.08,0.81,0.52,0.8,0.0,0.08,0.26,1.0,0.17,0.85,0.04,0.17,0.78,0.15,0.33,0.85,0.7,0.96,0.22,0.21,,0.08,0.15,0.92,0.08,0.07,0.0,1.0,0.0,0.59,0.17,0.71,0.93,0.85,0.14,0.3,0.0
P.S. 006 Lillie D. Blake,0.0,0.16,0.21,0.95,1.0,,0.04,1.0,0.96,,1.0,0.05,,0.0,0.72,0.0,,0.04,0.04,0.04,0.96,0.0,0.05,1.0,0.23,0.96,0.0,0.07,0.41,0.2,0.07,0.77,1.0,1.0,0.08,0.0,0.0,0.0,1.0,0.04,0.84,0.12,,0.0,0.16,0.88,1.0,,0.0,,1.0,1.0,1.0,,0.04,1.0,1.0,,0.92,1.0,0.93,0.8,0.0,0.96,1.0,0.0,0.04,0.0,,1.0,0.95,0.0,0.0,1.0,0.0,,0.93,,1.0,,0.92,1.0,1.0,,0.16,0.0,0.24,0.04,0.84,1.0,0.95,0.0,0.0,0.12,1.0,0.0,0.64,0.04,,0.92,0.12,0.04,1.0,0.84,0.88,0.08,0.05,0.0,0.0,0.0,0.96,0.0,0.0,,1.0,0.0,0.96,,0.72,1.0,1.0,0.0,0.04,0.0
Bronx Engineering And Technology Academy,0.0,0.03,0.04,0.9,1.0,0.0,0.03,0.97,0.97,0.0,1.0,0.0,1.0,0.0,0.97,0.0,0.0,0.03,0.03,0.0,0.91,0.0,0.12,1.0,0.22,0.97,0.0,0.0,0.26,0.0,0.0,0.78,1.0,1.0,0.0,0.0,0.0,0.0,1.0,0.06,0.97,0.0,0.2,0.0,0.03,1.0,1.0,,0.0,1.0,1.0,0.94,0.0,0.8,0.0,1.0,1.0,1.0,0.94,1.0,1.0,1.0,0.06,1.0,0.97,0.0,0.03,0.06,0.2,1.0,0.0,0.0,1.0,1.0,0.0,1.0,1.0,0.0,1.0,1.0,1.0,1.0,0.91,0.0,0.0,0.06,0.03,0.09,0.97,0.84,0.97,0.0,0.03,0.0,1.0,0.0,1.0,0.0,0.0,0.94,0.0,0.0,0.97,1.0,0.97,0.06,0.1,0.0,0.03,0.0,0.91,0.0,0.06,0.0,1.0,0.0,0.97,0.0,0.97,0.94,1.0,0.0,0.0,0.0
The Children'S Workshop School,0.0,0.14,0.33,0.86,,0.0,0.07,0.87,0.93,0.0,1.0,0.0,,0.0,0.86,0.07,,0.14,0.07,0.07,0.86,0.0,0.07,0.93,0.0,0.93,,0.0,0.0,0.07,0.0,1.0,,,0.14,,,0.0,,0.14,0.86,0.14,,0.0,0.14,0.86,1.0,,0.08,0.0,1.0,0.93,0.92,,0.14,0.0,0.8,0.0,0.87,1.0,1.0,0.93,0.14,0.86,0.93,,0.07,0.14,,1.0,1.0,0.2,0.0,0.93,,,1.0,1.0,,,0.92,,0.86,0.0,0.07,0.14,0.2,,1.0,0.78,0.86,,0.0,0.14,,0.0,0.56,0.0,,0.86,0.14,0.07,0.93,0.86,0.93,0.14,0.14,,0.07,0.14,,0.0,0.07,0.0,,0.0,0.93,,0.73,0.93,0.86,0.0,0.07,
P.S. 040 Augustus Saint-Gaudens,,0.33,0.14,0.95,,,0.05,0.96,0.68,,0.81,0.0,,0.0,0.57,0.09,,0.04,0.09,0.0,0.95,0.0,0.0,0.91,0.32,0.91,,0.11,0.36,0.1,0.12,0.68,,,0.3,,,0.0,,0.36,0.77,0.09,,0.07,0.23,0.68,1.0,,0.0,,1.0,1.0,1.0,,0.18,,0.59,,1.0,1.0,0.89,0.9,0.05,0.82,0.81,,0.09,0.0,,1.0,1.0,0.41,0.0,0.91,,,0.88,,,,0.76,,0.77,,0.41,0.14,0.04,0.05,0.85,0.89,0.95,,0.0,0.27,,0.0,0.61,0.05,,1.0,0.32,0.32,0.68,0.77,0.77,0.0,0.05,,0.19,0.0,0.95,0.0,0.04,,,0.0,0.91,,0.87,0.96,0.73,0.0,0.35,
I.S. 318 Eugenio Maria De Hostos,0.08,0.16,0.39,0.87,0.91,0.0,0.0,0.94,0.94,0.0,1.0,0.07,1.0,0.0,0.81,0.06,0.0,0.05,0.01,0.01,0.91,0.0,0.05,0.94,0.2,0.99,0.08,0.0,0.25,0.09,0.0,0.8,0.86,0.95,0.05,0.0,0.09,0.04,0.85,0.18,0.91,0.06,0.0,0.0,0.09,0.91,0.96,,0.0,1.0,1.0,1.0,0.0,1.0,0.05,0.92,0.85,0.9,0.89,1.0,1.0,0.91,0.09,0.95,0.94,0.14,0.1,0.06,0.1,1.0,0.93,0.15,0.0,0.96,0.09,1.0,1.0,0.0,1.0,1.0,0.92,0.92,0.83,0.1,0.16,0.15,0.15,0.16,0.91,0.81,0.87,0.09,0.0,0.19,0.91,0.0,0.84,0.01,0.0,0.99,0.09,0.03,0.97,0.95,0.96,0.01,0.13,0.0,0.06,0.01,0.84,0.0,0.05,0.0,0.91,0.0,0.9,0.0,0.83,0.95,0.87,0.0,0.01,0.05
The Clinton School,0.6,0.3,0.44,0.87,0.88,0.0,0.0,0.92,0.95,0.0,1.0,0.08,1.0,0.1,0.68,0.08,0.0,0.05,0.05,0.08,0.84,0.0,0.13,0.92,0.22,0.95,0.0,0.1,0.27,0.08,0.1,0.78,1.0,0.88,0.03,0.0,0.12,0.05,1.0,0.37,0.82,0.05,0.0,0.1,0.18,0.95,0.95,,0.0,1.0,0.9,1.0,0.0,1.0,0.11,0.4,0.92,0.88,0.95,0.9,0.9,0.92,0.08,0.89,0.87,0.0,0.45,0.05,0.0,0.9,0.92,0.08,1.0,0.84,0.0,1.0,0.9,0.0,1.0,1.0,0.92,1.0,0.68,0.12,0.03,0.18,0.2,0.05,0.59,0.95,0.92,0.0,0.0,0.05,0.88,0.09,0.71,0.13,0.0,0.84,0.05,0.08,0.95,0.92,0.85,0.16,0.13,0.0,0.13,0.05,0.95,0.04,0.08,0.0,1.0,0.0,0.55,0.0,0.78,0.92,0.82,0.1,0.05,0.0
Bronx Center For Science And Mathematics,0.2,0.26,0.44,0.82,,,0.05,1.0,0.74,0.0,,0.0,,,0.58,0.32,,0.11,0.16,0.26,0.68,,0.17,0.68,0.68,0.84,0.0,,0.67,0.26,,0.32,,,0.11,0.2,,0.32,1.0,0.42,0.63,0.37,,,0.37,0.53,0.68,,0.0,,,0.9,0.0,,0.16,0.8,0.68,,0.86,,,0.74,0.22,0.84,0.58,,0.32,0.05,,,0.0,0.32,1.0,0.8,,,,0.0,1.0,,0.79,1.0,0.5,,0.05,0.56,0.19,0.0,0.56,0.39,1.0,,0.0,0.37,,,0.62,0.16,,0.58,0.47,0.37,0.89,0.68,0.76,0.42,0.18,0.0,0.42,0.0,1.0,0.0,0.21,0.0,,0.0,0.68,,0.81,0.79,0.68,,0.11,
M.S. 113 Ronald Edmonds Learning Center,,0.0,0.29,0.67,,,0.0,0.75,0.93,0.0,1.0,0.0,,0.0,0.87,0.07,,0.07,0.0,0.07,0.8,0.0,0.4,0.93,0.33,1.0,,0.0,0.53,0.21,0.0,0.67,,,0.07,,,0.07,,0.13,0.73,0.07,,0.0,0.27,0.87,0.93,,0.0,,1.0,1.0,0.0,,0.07,,1.0,,0.8,1.0,1.0,0.79,0.27,0.93,1.0,,0.4,0.07,,1.0,1.0,0.0,0.0,1.0,,,1.0,0.0,,,0.79,,0.6,,0.13,0.33,0.25,0.07,0.8,0.53,0.87,,0.0,0.07,,0.0,0.52,0.0,,0.93,0.13,0.13,0.86,0.93,1.0,0.07,0.33,,0.0,0.0,0.93,0.0,0.0,0.0,,0.0,0.6,,0.62,1.0,0.93,0.0,0.07,
Dr. Susan S. Mckinney Secondary School Of The Arts,,0.08,0.38,0.82,1.0,,0.0,0.87,0.85,0.0,,,,,0.83,0.08,,0.15,0.0,0.08,0.77,,0.25,0.92,0.5,1.0,,,0.5,0.25,,0.5,1.0,0.83,0.08,,0.0,0.08,,0.08,0.83,0.08,,,0.17,0.85,0.92,,0.0,,,1.0,0.0,,0.15,,0.91,,0.79,,,0.75,0.33,0.85,1.0,0.0,0.38,0.08,,,,0.09,1.0,0.87,0.17,,,0.0,,,0.85,,0.67,,0.23,0.42,0.2,0.0,0.55,0.5,0.75,0.17,0.0,0.15,1.0,,0.5,0.08,,0.85,0.15,0.15,1.0,0.85,0.93,0.15,0.18,,0.0,0.08,1.0,0.14,0.0,0.0,0.83,0.0,0.62,,0.6,1.0,0.85,,0.08,0.0
P.S. 070 Max Schoenfeld,0.33,0.14,0.41,0.74,1.0,0.2,0.02,0.84,0.88,,0.94,0.09,,0.03,0.7,0.21,,0.14,0.02,0.12,0.81,0.12,0.24,0.79,0.42,0.98,0.17,0.09,0.51,0.23,0.13,0.58,1.0,1.0,0.09,0.17,0.0,0.05,0.67,0.23,0.77,0.14,,0.06,0.23,0.81,0.95,,0.4,0.8,0.97,1.0,0.6,,0.1,0.67,0.83,0.8,0.72,0.97,0.91,0.77,0.23,0.9,0.93,0.14,0.43,0.1,,0.97,0.91,0.17,0.0,0.95,0.0,,0.87,,0.5,,0.86,0.83,0.58,0.2,0.53,0.42,0.36,0.15,0.68,0.38,0.76,0.0,0.0,0.11,0.86,0.12,0.52,0.07,,0.57,0.19,0.05,0.89,0.88,0.96,0.43,0.26,0.5,0.07,0.14,0.85,0.0,0.02,,1.0,0.02,0.57,,0.64,0.98,0.86,0.03,0.09,0.14
Beacon High School,,0.55,0.62,0.76,1.0,,0.03,0.87,0.68,0.0,1.0,0.0,0.86,0.0,0.57,0.27,0.0,0.19,0.0,0.1,0.67,0.0,0.1,0.73,0.21,1.0,,0.0,0.17,0.33,0.0,0.79,0.83,0.83,0.23,,0.0,0.1,,0.66,0.6,0.23,0.0,0.0,0.4,0.74,0.9,,0.0,,1.0,0.87,0.0,0.86,0.38,,0.5,,0.8,1.0,1.0,0.67,0.03,0.62,0.79,0.0,0.27,0.23,0.0,1.0,0.0,0.5,1.0,0.85,0.5,1.0,1.0,0.0,,1.0,0.63,,0.9,,0.03,0.21,0.32,0.25,0.79,0.86,0.83,0.17,0.0,0.19,1.0,0.0,0.38,0.07,0.0,0.65,0.26,0.14,0.77,0.66,0.86,0.35,0.24,,0.21,0.13,0.75,0.03,0.22,0.0,0.83,0.0,0.73,0.14,0.74,0.78,0.69,0.0,0.23,0.17
P.S. 149 Danny Kaye,,0.0,0.09,0.92,,,0.02,0.9,0.98,0.0,0.97,0.0,,0.0,0.98,0.02,,0.02,0.05,0.0,1.0,0.0,0.15,0.98,0.15,0.95,,0.03,0.27,0.07,0.0,0.85,,,0.0,,,0.0,,0.0,1.0,0.02,,0.0,0.0,0.98,1.0,,0.07,,1.0,0.98,0.93,,0.0,,1.0,,0.9,1.0,0.97,0.93,0.07,1.0,1.0,,0.1,0.0,,1.0,1.0,0.0,0.0,0.98,,,1.0,1.0,,,0.98,,0.85,,0.2,0.17,0.14,0.02,0.94,0.69,0.92,,0.0,0.02,,0.0,0.98,0.0,,0.93,0.02,0.0,0.98,1.0,0.98,0.07,0.08,,0.0,0.0,0.98,0.0,0.02,0.0,,0.0,0.9,,0.86,0.98,0.98,0.0,0.02,
The East Village Community School,0.0,0.43,0.43,0.95,0.0,0.0,0.0,0.91,0.82,,1.0,0.0,0.0,0.11,0.59,0.09,0.0,0.14,0.05,0.04,0.82,0.05,0.27,0.91,0.32,0.95,0.0,0.05,0.45,0.45,0.2,0.68,0.0,0.0,0.09,0.0,0.0,0.0,0.0,0.38,0.73,0.17,0.0,0.0,0.27,0.59,1.0,,0.0,0.0,0.89,0.95,1.0,0.0,0.27,0.0,0.95,0.0,0.83,0.9,0.95,0.55,0.14,0.73,0.79,0.0,0.13,0.27,0.0,1.0,1.0,0.05,0.0,1.0,0.0,0.0,0.8,,0.0,0.0,0.76,0.0,0.77,0.0,0.13,0.27,0.22,0.0,0.63,0.7,0.78,0.0,0.0,0.09,0.0,0.05,0.96,0.0,0.0,0.91,0.41,0.09,0.96,0.91,1.0,0.09,0.05,0.0,0.21,0.09,1.0,0.0,0.1,,0.0,0.0,0.87,0.0,0.7,0.9,0.81,0.0,0.04,0.0
J.H.S. 062 Ditmas,0.28,0.18,0.32,0.85,0.94,0.0,0.04,0.84,0.82,0.0,0.96,0.06,1.0,0.04,0.81,0.11,0.0,0.09,0.05,0.04,0.86,0.0,0.18,0.89,0.3,0.95,0.17,0.04,0.39,0.26,0.11,0.7,0.94,0.94,0.12,0.17,0.06,0.05,0.83,0.26,0.79,0.16,0.0,0.04,0.21,0.82,0.95,,0.0,1.0,0.96,0.96,0.0,1.0,0.17,0.72,0.88,1.0,0.82,1.0,0.96,0.74,0.18,0.83,0.93,0.06,0.38,0.04,0.05,1.0,0.94,0.12,0.0,0.91,0.06,1.0,0.89,0.0,0.78,1.0,0.77,0.83,0.65,0.0,0.2,0.28,0.31,0.1,0.87,0.58,0.86,0.06,0.0,0.15,0.94,0.04,0.87,0.05,0.0,0.87,0.18,0.17,0.93,0.82,0.92,0.13,0.15,0.22,0.07,0.11,0.9,0.0,0.05,0.0,0.94,0.0,0.62,0.0,0.65,0.95,0.84,0.0,0.14,0.06
Brooklyn Theatre Arts High School,,0.05,0.4,0.94,1.0,,0.05,0.75,0.89,0.0,1.0,0.0,,0.11,0.79,0.05,,0.26,0.05,0.0,1.0,0.0,0.26,0.95,0.53,0.95,,0.0,0.42,0.26,0.0,0.47,1.0,1.0,0.05,,0.0,0.0,,0.11,0.84,0.26,,0.0,0.16,0.89,1.0,,0.0,,0.89,1.0,0.0,,0.16,,0.74,,0.82,1.0,1.0,0.74,0.26,0.84,1.0,0.0,0.32,0.26,,1.0,0.0,0.26,1.0,1.0,0.0,,1.0,0.0,,,0.79,,0.47,,0.0,0.47,0.2,0.11,0.95,0.53,0.94,0.0,0.0,0.16,1.0,0.0,0.77,0.0,,0.89,0.11,0.11,0.84,0.74,0.95,0.11,0.06,,0.0,0.11,0.89,0.0,0.0,0.0,1.0,0.0,0.68,,0.8,1.0,0.95,0.0,0.11,0.0
George Westinghouse Career And Technical Education High School,0.2,0.08,0.33,0.76,0.86,0.4,0.12,0.68,0.87,0.0,1.0,0.0,,0.08,0.66,0.13,,0.26,0.03,0.18,0.92,0.0,0.46,0.87,0.57,0.97,0.0,0.17,0.54,0.22,0.15,0.43,0.86,1.0,0.05,0.0,0.14,0.19,0.83,0.08,0.86,0.05,,0.08,0.14,0.89,0.81,,0.0,0.6,0.92,0.95,0.0,,0.03,0.8,0.92,0.8,0.66,1.0,0.83,0.78,0.36,0.97,0.89,0.14,0.57,0.22,,0.92,0.0,0.08,0.93,0.94,0.29,,0.85,0.0,0.83,,0.86,0.83,0.35,0.2,0.08,0.57,0.4,0.05,0.83,0.37,0.77,0.29,0.07,0.1,0.86,0.08,0.73,0.08,,0.72,0.11,0.08,0.87,0.83,0.83,0.28,0.24,0.17,0.11,0.08,0.95,0.07,0.11,0.0,0.71,0.0,0.43,,0.55,0.89,0.89,0.08,0.13,0.14
P.S. 130 The Parkside,,0.1,0.13,0.9,1.0,,0.0,0.96,0.98,0.0,0.97,0.0,,0.0,0.9,0.02,,0.02,0.0,0.02,0.98,0.03,0.06,0.98,0.2,1.0,,0.03,0.29,0.18,0.03,0.8,1.0,1.0,0.0,,0.0,0.02,,0.1,0.94,0.08,,0.0,0.06,0.96,0.98,,0.0,,1.0,1.0,1.0,,0.1,,1.0,,0.98,0.97,0.97,0.82,0.02,0.9,1.0,0.0,0.14,0.02,,0.97,1.0,0.0,0.0,1.0,0.0,,0.97,1.0,,,0.9,,0.9,,0.04,0.12,0.06,0.02,0.98,0.86,0.96,0.0,0.0,0.04,1.0,0.03,0.77,0.02,,0.96,0.04,0.02,0.98,0.88,0.98,0.04,0.1,,0.0,0.02,0.98,0.0,0.02,0.0,1.0,0.0,0.86,,0.82,0.98,0.94,0.03,0.0,0.0
P.S. 091 The Albany Avenue School,,0.12,0.14,1.0,,,0.0,0.95,0.72,,0.88,0.0,,0.12,0.94,0.17,,0.17,0.0,0.0,1.0,0.12,0.18,0.83,0.18,1.0,,0.12,0.53,0.06,0.06,0.82,,,0.28,,,0.0,,0.17,0.94,0.11,,0.12,0.06,0.61,1.0,,0.0,,0.88,1.0,1.0,,0.06,,1.0,,0.95,0.82,0.88,0.94,0.12,0.94,0.95,,0.11,0.0,,0.88,1.0,0.0,0.0,1.0,,,0.94,,,,0.88,,0.61,,0.35,0.17,0.15,0.11,1.0,0.67,1.0,,0.0,0.28,,0.06,1.0,0.0,,0.76,0.39,0.11,0.89,0.94,1.0,0.24,0.0,,0.05,0.0,0.89,0.0,0.0,,,0.0,0.89,,0.79,1.0,1.0,0.12,0.11,
Medgar Evers College Preparatory School,,0.15,0.33,0.78,,0.2,0.04,0.75,0.87,0.0,1.0,,,0.0,0.76,0.38,,0.09,0.09,0.1,0.95,0.0,0.1,0.62,0.45,0.91,,0.0,0.37,0.38,0.0,0.55,,,0.13,,,0.38,,0.25,0.95,0.35,,0.2,0.05,0.78,0.62,,0.0,0.8,1.0,0.96,0.0,,0.1,,0.78,0.8,0.85,1.0,1.0,0.62,0.2,0.9,0.76,,0.38,0.1,,1.0,,0.22,0.93,0.96,,,1.0,0.0,,,0.71,,0.65,0.2,0.19,0.25,0.29,0.05,0.83,0.72,0.71,,0.07,0.3,,0.0,0.34,0.05,,0.86,0.22,0.14,0.95,0.95,0.96,0.14,0.22,,0.24,0.09,0.95,0.07,0.11,0.0,,0.0,0.62,,0.67,0.89,0.9,0.0,0.09,
Neighborhood School,0.0,0.33,0.89,0.93,0.0,0.0,0.0,1.0,0.8,,1.0,0.0,0.0,0.0,0.87,0.07,0.0,0.07,0.0,0.0,0.93,0.0,0.13,0.93,0.2,1.0,0.0,0.0,0.33,0.07,0.0,0.8,0.0,0.0,0.07,0.0,0.0,0.0,0.0,0.33,0.8,0.13,0.0,0.0,0.2,0.93,1.0,,0.08,0.0,1.0,1.0,0.92,0.0,0.27,0.0,0.93,0.0,1.0,1.0,1.0,0.93,0.07,0.73,1.0,0.0,0.07,0.07,0.0,1.0,1.0,0.07,0.0,1.0,0.0,0.0,1.0,,0.0,0.0,1.0,0.0,0.87,0.0,0.0,0.2,0.07,0.0,1.0,0.83,1.0,0.0,0.0,0.13,0.0,0.08,0.63,0.0,0.0,0.87,0.07,0.07,0.93,0.73,1.0,0.13,0.07,0.0,0.0,0.0,1.0,0.0,0.0,,0.0,0.0,0.93,0.0,0.73,1.0,0.8,0.0,0.0,0.0
Mount Eden Children'S Academy,,0.05,0.2,0.95,,,0.1,0.91,0.95,0.0,1.0,0.0,,0.0,0.86,0.09,,0.0,0.05,0.05,0.95,0.0,0.18,0.91,0.23,0.95,,0.0,0.27,0.14,0.07,0.77,,,0.0,,,0.05,,0.05,0.91,0.0,,0.0,0.09,1.0,0.95,,0.31,,1.0,1.0,0.69,,0.0,,0.9,,0.9,1.0,1.0,0.86,0.1,1.0,1.0,,0.09,0.09,,1.0,1.0,0.1,0.0,1.0,,,0.93,1.0,,,0.82,,0.73,,0.05,0.18,0.09,0.0,1.0,0.82,0.95,,0.0,0.05,,0.0,0.76,0.0,,0.95,0.0,0.0,1.0,1.0,1.0,0.05,0.05,,0.0,0.0,1.0,0.0,0.0,,,0.0,0.91,,0.82,1.0,0.95,0.0,0.0,
P.S. 055 Benjamin Franklin,0.0,0.05,0.2,1.0,,,0.0,0.9,0.95,,1.0,0.0,,0.0,0.7,0.1,,0.25,0.0,0.0,0.75,0.0,0.22,0.9,0.28,1.0,0.0,0.0,0.5,0.0,0.0,0.72,,,0.05,0.0,,0.0,1.0,0.05,0.8,0.05,,0.0,0.2,0.9,1.0,,0.3,,1.0,1.0,0.7,,0.05,1.0,0.75,,0.84,1.0,1.0,1.0,0.22,0.95,0.9,,0.3,0.05,,1.0,1.0,0.25,0.0,0.95,,,1.0,,1.0,,1.0,1.0,0.61,,0.21,0.22,0.25,0.3,0.87,0.64,0.87,,0.0,0.15,,0.0,0.43,0.0,,0.75,0.1,0.05,0.9,0.95,1.0,0.25,0.0,0.0,0.1,0.2,0.7,0.0,0.0,,,0.0,0.7,,0.75,1.0,0.95,0.0,0.0,
"Urban Assembly Academy Of Government And Law, The",0.2,0.18,0.69,0.73,1.0,,0.09,0.87,0.77,0.0,,0.0,,,0.73,0.05,,0.23,0.09,0.05,0.86,0.0,0.27,0.95,0.62,0.91,0.0,0.17,0.38,0.1,0.0,0.38,0.83,1.0,0.0,0.0,0.0,0.09,1.0,0.36,0.77,0.0,,,0.23,0.86,0.91,,0.0,,,0.91,0.0,,0.09,0.8,1.0,,0.91,,0.83,0.9,0.18,0.91,0.78,0.0,0.23,0.18,,0.83,0.0,0.0,1.0,0.86,0.0,,1.0,0.0,1.0,,0.9,1.0,0.45,,0.09,0.5,0.09,0.05,0.82,0.5,0.95,0.17,0.0,0.05,1.0,0.0,0.96,0.05,,0.91,0.14,0.05,0.82,0.91,0.91,0.09,0.27,0.0,0.22,0.09,0.95,0.0,0.13,0.0,0.83,0.0,0.77,,0.74,0.87,0.82,0.17,0.09,0.0
P.S. 273 Wortman,,0.16,0.07,0.88,,,0.05,0.86,0.89,,0.93,0.0,,0.0,0.79,0.11,,0.16,0.0,0.0,0.84,0.0,0.32,0.89,0.44,1.0,,0.0,0.37,0.16,0.0,0.56,,,0.11,,,0.05,,0.11,0.89,0.16,,0.0,0.11,0.89,0.95,,0.07,,1.0,1.0,0.93,,0.0,,0.89,,0.8,1.0,1.0,0.84,0.05,1.0,1.0,,0.05,0.0,,1.0,1.0,0.11,0.0,1.0,,,1.0,,,,0.95,,0.74,,0.37,0.37,0.29,0.06,0.94,0.56,0.89,,0.0,0.16,,0.0,0.72,0.0,,1.0,0.11,0.11,1.0,1.0,0.95,0.0,0.12,,0.0,0.0,0.94,0.0,0.0,,,0.0,0.95,,0.86,1.0,0.89,0.0,0.11,
P.S. 166 The Richard Rodgers School Of The Arts And Technology,,0.57,0.67,0.86,,0.0,0.14,1.0,0.21,,0.6,0.0,0.0,0.1,0.54,0.79,0.0,0.83,0.23,0.0,0.71,0.3,0.17,0.21,0.22,0.77,,0.3,0.35,0.57,0.15,0.78,,,0.67,,,0.21,,0.22,0.46,0.75,0.0,0.15,0.54,0.21,0.79,,0.0,0.0,0.9,0.83,1.0,0.0,0.58,,0.21,0.0,0.83,0.85,0.7,0.43,0.13,0.42,0.77,,0.21,0.17,0.0,0.9,1.0,0.79,0.0,0.9,,0.0,0.85,,,0.0,0.43,,0.78,0.0,0.78,0.17,0.46,0.42,0.5,0.68,0.96,,0.0,0.88,,0.15,0.63,0.08,0.0,0.71,0.79,0.54,0.29,0.39,0.78,0.29,0.14,,0.23,0.08,0.58,0.0,0.18,,,0.05,0.79,0.0,0.58,0.82,0.33,0.1,0.83,
P.S. 094 Kings College School,0.0,0.05,0.15,0.89,1.0,0.0,0.02,0.88,0.95,,0.98,0.0,1.0,0.02,0.88,0.05,0.0,0.06,0.03,0.05,0.92,0.02,0.22,0.95,0.47,0.97,0.0,0.02,0.49,0.06,0.02,0.53,1.0,1.0,0.03,0.0,0.0,0.0,1.0,0.02,0.91,0.02,0.0,0.02,0.09,0.95,1.0,,0.21,1.0,0.98,0.97,0.79,1.0,0.02,1.0,0.97,1.0,0.9,0.98,0.98,0.94,0.12,0.98,0.97,0.0,0.38,0.05,0.0,0.96,1.0,0.03,0.0,0.97,0.0,1.0,0.98,,1.0,1.0,0.97,1.0,0.71,0.0,0.24,0.26,0.22,0.02,0.87,0.6,0.92,0.0,0.0,0.03,1.0,0.04,0.64,0.03,0.0,0.86,0.05,0.02,0.98,0.94,0.98,0.14,0.11,0.0,0.03,0.02,0.98,0.0,0.02,,1.0,0.0,0.62,0.0,0.76,0.98,0.98,0.04,0.02,0.0
Fairmont Neighborhood School,,0.23,0.5,0.54,,0.0,0.07,0.64,1.0,,0.88,0.11,0.0,0.0,0.69,0.31,0.0,0.33,0.08,0.08,0.69,0.12,0.38,0.69,0.69,0.92,,0.12,0.69,0.23,0.12,0.31,,,0.0,,,0.15,,0.31,0.69,0.17,0.0,0.12,0.31,0.83,0.85,,0.82,0.0,1.0,1.0,0.18,0.0,0.23,,0.77,0.0,0.75,1.0,0.88,0.77,0.15,0.77,1.0,,0.38,0.23,0.0,1.0,0.89,0.23,0.0,1.0,,0.0,0.88,,,0.0,0.77,,0.33,0.0,0.46,0.46,0.43,0.23,0.91,0.36,0.69,,0.0,0.17,,0.12,0.47,0.15,0.0,0.58,0.17,0.15,0.92,0.69,0.93,0.42,0.46,,0.0,0.25,0.77,0.0,0.07,,,0.0,0.62,0.0,0.5,0.93,0.77,0.0,0.17,
P.S. 115 Alexander Humboldt,,0.12,0.1,0.76,1.0,,0.04,0.85,0.81,,0.89,0.11,1.0,0.11,0.77,0.15,0.2,0.19,0.04,0.08,0.92,0.05,0.24,0.85,0.44,0.96,,0.05,0.28,0.04,0.16,0.56,1.0,1.0,0.15,,0.0,0.08,,0.12,0.81,0.19,0.0,0.05,0.19,0.81,0.92,,0.36,,0.89,0.96,0.64,1.0,0.04,,0.73,,0.8,0.95,0.95,0.96,0.08,0.96,1.0,0.0,0.15,0.04,0.2,0.95,0.89,0.27,0.0,0.96,0.0,1.0,0.84,,,1.0,0.96,,0.75,,0.23,0.2,0.22,0.12,0.96,0.75,0.83,0.0,0.0,0.19,1.0,0.11,0.75,0.08,0.0,0.77,0.19,0.08,0.92,0.96,1.0,0.23,0.24,,0.0,0.16,0.88,0.0,0.04,0.0,1.0,0.0,0.85,0.0,0.77,0.96,0.88,0.05,0.12,0.0
Luisa Pineiro Fuentes School Of Science And Discovery,,0.12,0.36,1.0,,,0.0,0.94,0.88,,1.0,0.0,,0.0,0.59,0.24,,0.19,0.0,0.0,1.0,0.0,0.18,0.76,0.24,1.0,,0.0,0.47,0.06,0.0,0.76,,,0.0,,,0.06,,0.12,0.76,0.12,,0.0,0.24,0.76,0.94,,0.13,,1.0,1.0,0.87,,0.06,,0.35,,0.87,1.0,1.0,0.94,0.18,0.94,0.94,,0.35,0.0,,1.0,1.0,0.65,0.0,0.94,,,1.0,,,,0.76,,0.71,,0.41,0.24,0.29,0.18,0.71,0.71,1.0,,0.0,0.12,,0.0,0.61,0.0,,0.82,0.24,0.18,1.0,0.94,1.0,0.18,0.0,,0.06,0.0,0.82,0.0,0.0,,,0.0,0.65,,0.76,1.0,1.0,0.0,0.06,
P.S. 061 Francisco Oller,,0.1,0.35,0.8,,,0.0,0.82,0.81,,0.88,0.07,,0.19,0.9,0.14,,0.29,0.0,0.1,0.9,0.12,0.1,0.86,0.24,1.0,,0.06,0.33,0.24,0.18,0.76,,,0.19,,,0.05,,0.1,0.86,0.19,,0.18,0.14,0.67,0.95,,0.24,,0.81,1.0,0.76,,0.05,,0.65,,0.77,0.81,0.94,0.76,0.05,0.95,0.95,,0.05,0.1,,0.94,0.93,0.35,0.0,1.0,,,0.82,,,,0.81,,0.8,,0.33,0.19,0.32,0.1,0.68,0.74,0.9,,0.0,0.24,,0.19,0.92,0.1,,0.67,0.33,0.15,0.76,0.85,0.95,0.33,0.2,,0.05,0.29,0.9,0.0,0.0,,,0.0,0.95,,0.73,1.0,0.86,0.06,0.24,
High School For Service & Learning At Erasmus,0.0,0.15,0.44,0.82,,0.0,0.15,0.92,1.0,0.0,1.0,0.0,,0.0,0.92,0.0,,0.08,0.0,0.0,0.92,0.0,0.27,1.0,0.64,1.0,0.0,0.2,0.45,0.08,0.2,0.36,,,0.0,0.0,,0.0,0.0,0.23,1.0,0.0,,0.2,0.0,0.92,1.0,,0.0,0.0,1.0,1.0,0.0,,0.0,0.0,1.0,0.0,0.83,,0.8,0.92,0.27,1.0,1.0,,0.23,0.0,,0.6,0.0,0.0,1.0,1.0,,,0.8,0.0,0.0,,0.85,0.0,0.64,0.0,0.0,0.55,0.38,0.18,0.89,0.5,0.82,,0.0,0.0,,0.0,0.59,0.08,,0.85,0.08,0.0,0.85,0.92,0.85,0.15,0.18,0.0,0.0,0.08,0.82,0.0,0.08,0.0,,0.0,0.77,,0.69,0.92,0.92,0.4,0.0,
P.S. 031 Samuel F. Dupont,,0.08,0.1,0.87,,,0.0,0.85,0.85,0.0,0.97,0.0,,0.0,0.95,0.08,,0.12,0.0,0.02,0.97,0.0,0.15,0.92,0.2,1.0,,0.0,0.25,0.08,0.0,0.8,,,0.15,,,0.02,,0.02,0.98,0.15,,0.0,0.02,0.85,0.98,,0.0,,1.0,1.0,1.0,,0.05,,0.92,,0.94,1.0,1.0,0.92,0.05,0.95,1.0,,0.0,0.02,,1.0,1.0,0.08,0.0,1.0,,,1.0,1.0,,,0.95,,0.8,,0.28,0.1,0.25,0.02,0.94,0.79,0.85,,0.0,0.15,,0.0,0.95,0.0,,0.82,0.15,0.1,0.95,0.95,1.0,0.18,0.13,,0.0,0.18,0.98,0.0,0.0,0.0,,0.0,1.0,,0.75,1.0,0.92,0.0,0.15,
High School For Medical Professions,,0.08,0.43,0.68,,0.0,0.09,0.72,0.86,0.0,0.75,0.0,,0.25,0.72,0.12,,0.16,0.12,0.04,0.92,0.11,0.22,0.88,0.67,0.88,,0.33,0.58,0.17,0.22,0.33,,,0.17,,,0.08,,0.23,0.7,0.24,,0.22,0.3,0.82,0.92,,0.0,1.0,0.75,0.92,0.0,,0.21,,0.84,1.0,0.8,0.75,0.67,0.83,0.25,0.79,0.81,,0.21,0.09,,0.67,0.0,0.16,0.95,0.87,,,0.78,0.0,,,0.88,,0.62,0.0,0.04,0.42,0.36,0.08,0.82,0.43,0.86,,0.05,0.16,,0.11,0.83,0.04,,0.84,0.18,0.16,0.75,0.79,0.83,0.16,0.32,,0.19,0.04,0.92,0.05,0.12,0.0,,0.0,0.79,,0.56,0.88,0.87,0.33,0.09,
P.S. 013 Roberto Clemente,,0.18,0.21,0.89,,,0.0,0.97,0.79,,0.87,0.0,,0.04,0.93,0.14,,0.21,0.03,0.0,1.0,0.0,0.15,0.86,0.46,0.97,,0.0,0.61,0.0,0.0,0.54,,,0.21,,,0.07,,0.11,0.96,0.25,,0.04,0.04,0.68,0.93,,0.19,,0.96,0.97,0.81,,0.04,,0.89,,0.94,0.96,1.0,1.0,0.29,0.96,0.97,,0.32,0.0,,1.0,1.0,0.11,0.0,0.97,,,1.0,,,,0.96,,0.54,,0.39,0.39,0.09,0.11,0.75,0.4,0.86,,0.0,0.25,,0.0,0.85,0.0,,0.64,0.32,0.11,0.79,1.0,0.97,0.36,0.11,,0.03,0.0,0.89,0.0,0.0,,,0.0,0.68,,0.82,1.0,1.0,0.0,0.21,
Liberty Avenue Middle School,0.14,0.1,0.2,0.89,0.85,0.0,0.04,0.94,0.96,0.0,1.0,0.02,,0.0,0.88,0.06,,0.04,0.02,0.04,0.94,0.0,0.13,0.94,0.2,0.98,0.07,0.0,0.17,0.15,0.09,0.8,0.85,0.92,0.04,0.0,0.15,0.0,1.0,0.1,0.94,0.04,,0.0,0.06,0.96,1.0,,0.0,1.0,1.0,1.0,0.0,,0.06,0.86,0.96,1.0,0.89,1.0,1.0,0.85,0.11,0.94,0.94,0.08,0.34,0.04,,1.0,0.98,0.04,0.0,0.98,0.08,,0.91,0.0,0.86,,0.9,1.0,0.83,0.0,0.12,0.13,0.18,0.04,0.91,0.85,0.91,0.15,0.0,0.06,0.92,0.0,0.96,0.02,,0.92,0.04,0.04,0.96,0.94,0.96,0.08,0.11,0.14,0.06,0.08,0.96,0.0,0.06,0.0,0.85,0.0,0.66,,0.84,0.94,0.9,0.0,0.04,0.08
P.S. 100 Isaac Clason,,0.17,0.26,0.86,,,0.0,0.84,1.0,,0.82,0.13,,0.14,0.93,0.03,,0.07,0.09,0.03,1.0,0.14,0.11,0.97,0.52,0.91,,0.14,0.63,0.03,0.2,0.48,,,0.03,,,0.0,,0.13,1.0,0.0,,0.1,0.0,0.9,1.0,,0.27,,0.86,0.94,0.73,,0.0,,0.86,,0.81,0.86,0.86,0.97,0.22,1.0,1.0,,0.33,0.0,,0.9,0.87,0.14,0.0,0.94,,,0.8,,,,0.83,,0.67,,0.28,0.37,0.22,0.17,0.75,0.54,0.85,,0.0,0.1,,0.14,0.74,0.03,,0.87,0.1,0.0,0.93,1.0,0.94,0.13,0.14,,0.0,0.07,0.83,0.0,0.09,,,0.0,0.67,,0.66,0.91,0.87,0.1,0.07,
P.S. 333 Manhattan School For Children,0.5,0.37,0.35,0.88,0.83,,0.05,0.91,0.55,,0.67,0.15,,0.11,0.41,0.39,,0.25,0.21,0.05,0.66,0.15,0.22,0.61,0.28,0.79,0.17,0.12,0.52,0.3,0.35,0.72,0.83,0.83,0.25,0.17,0.17,0.16,0.83,0.26,0.52,0.52,,0.15,0.48,0.48,0.84,,0.0,,0.89,0.89,1.0,,0.23,0.5,0.63,,0.93,0.88,0.88,0.7,0.21,0.77,0.82,0.17,0.51,0.23,,0.74,0.85,0.37,0.0,0.91,0.17,,0.65,,0.83,,0.63,0.83,0.62,,0.74,0.28,0.2,0.09,0.51,0.65,0.98,0.33,0.0,0.57,0.83,0.19,0.94,0.09,,0.93,0.52,0.6,0.84,0.63,0.8,0.07,0.12,0.17,0.18,0.02,0.91,0.0,0.2,,0.67,0.12,0.49,,0.89,0.8,0.7,0.26,0.5,0.17
I.S. 254,,0.25,0.12,0.85,1.0,,0.07,0.86,0.77,0.0,1.0,0.05,,0.0,0.77,0.15,,0.21,0.07,0.07,0.85,0.0,0.09,0.85,0.41,0.93,,0.0,0.52,0.2,0.0,0.59,1.0,1.0,0.07,,0.0,0.04,,0.38,0.78,0.19,,0.0,0.22,0.65,0.96,,0.0,,1.0,0.93,0.0,,0.16,,0.76,,0.84,1.0,1.0,0.8,0.22,0.84,0.8,0.0,0.65,0.19,,1.0,0.95,0.24,0.0,0.79,0.0,,1.0,0.0,,,0.8,,0.52,,0.5,0.43,0.31,0.25,0.67,0.47,0.95,0.0,0.0,0.19,1.0,0.0,0.64,0.04,,0.81,0.35,0.21,0.88,0.88,0.81,0.19,0.15,,0.2,0.08,0.75,0.0,0.1,0.0,1.0,0.0,0.35,,0.72,0.9,0.79,0.0,0.15,0.0
East New York Family Academy,0.0,0.0,0.19,0.85,1.0,0.0,0.03,0.86,1.0,0.0,1.0,0.0,1.0,0.0,0.92,0.0,0.0,0.0,0.03,0.0,0.94,0.0,0.14,1.0,0.4,0.97,0.0,0.0,0.23,0.06,0.0,0.6,1.0,1.0,0.0,0.0,0.0,0.03,1.0,0.03,0.97,0.0,0.0,0.0,0.03,0.94,0.97,,0.0,1.0,1.0,1.0,0.0,1.0,0.0,1.0,0.97,1.0,0.94,1.0,1.0,0.94,0.2,1.0,0.97,0.0,0.19,0.03,0.09,1.0,1.0,0.03,0.94,1.0,0.0,1.0,1.0,0.0,1.0,1.0,0.97,1.0,0.66,0.0,0.0,0.37,0.16,0.05,0.88,0.69,0.91,0.0,0.0,0.0,0.9,0.0,0.79,0.0,0.0,0.89,0.06,0.0,0.97,1.0,0.94,0.11,0.15,0.0,0.03,0.05,0.95,0.06,0.06,0.0,1.0,0.0,0.81,0.0,0.68,0.94,1.0,0.0,0.0,0.0
Gotham Collaborative High School,0.29,0.08,0.41,0.86,1.0,0.14,0.05,0.92,0.95,0.0,0.94,0.0,1.0,0.0,0.89,0.0,0.09,0.08,0.02,0.05,0.97,0.0,0.27,1.0,0.54,0.98,0.0,0.06,0.49,0.03,0.0,0.46,1.0,1.0,0.02,0.14,0.0,0.0,0.71,0.05,0.97,0.02,0.09,0.0,0.03,0.98,1.0,,0.0,0.86,1.0,1.0,0.0,0.91,0.0,0.71,0.98,0.86,0.95,1.0,0.94,0.97,0.18,1.0,0.97,0.0,0.24,0.03,0.09,0.94,0.0,0.02,1.0,0.98,0.0,0.82,1.0,0.0,0.71,1.0,0.95,1.0,0.63,0.14,0.0,0.39,0.08,0.0,1.0,0.65,0.92,0.1,0.0,0.02,1.0,0.12,0.89,0.0,0.18,0.98,0.02,0.0,0.9,0.95,0.9,0.02,0.14,0.29,0.03,0.0,1.0,0.08,0.0,0.0,0.9,0.0,0.76,0.0,0.85,1.0,0.95,0.06,0.02,0.0
P.S. 011 Highbridge,,0.07,0.08,0.93,,,0.03,0.94,0.87,,0.83,0.05,,0.12,0.97,0.0,,0.1,0.0,0.0,0.97,0.04,0.33,1.0,0.3,1.0,,0.09,0.43,0.03,0.04,0.7,,,0.16,,,0.0,,0.07,1.0,0.07,,0.12,0.0,0.74,1.0,,0.24,,0.88,0.97,0.76,,0.0,,1.0,,0.88,0.83,0.91,0.97,0.17,1.0,0.97,,0.16,0.0,,0.92,0.95,0.0,0.0,0.97,,,0.96,,,,1.0,,0.63,,0.13,0.33,0.23,0.03,1.0,0.67,0.93,,0.0,0.1,,0.04,0.73,0.0,,0.9,0.26,0.03,0.9,0.97,0.91,0.1,0.07,,0.03,0.06,0.97,0.0,0.06,,,0.0,0.84,,0.89,0.94,0.97,0.08,0.03,
Manhattan Comprehensive Night And Day High School,,0.0,0.06,0.9,,,0.0,0.95,0.95,0.0,1.0,0.0,,0.0,0.95,0.0,,0.0,0.0,0.05,1.0,0.0,0.1,1.0,0.15,1.0,,0.0,0.25,0.1,0.0,0.85,,,0.0,,,0.0,,0.0,0.95,0.0,,0.0,0.05,1.0,1.0,,0.0,,1.0,1.0,0.0,,0.0,,1.0,,0.85,1.0,1.0,0.9,0.0,1.0,1.0,,0.0,0.0,,1.0,0.0,0.0,1.0,1.0,,,1.0,0.0,,,0.9,,1.0,,0.0,0.1,0.24,0.0,1.0,0.85,0.9,,0.0,0.0,,0.0,0.48,0.0,,1.0,0.0,0.0,1.0,1.0,1.0,0.0,0.1,,0.0,0.0,1.0,0.0,0.0,0.0,,0.0,1.0,,0.76,1.0,1.0,0.0,0.0,
High School Of American Studies At Lehman College,,0.11,0.4,0.95,,,0.0,0.95,0.95,0.0,1.0,0.0,,,0.84,0.0,,0.05,0.0,0.0,0.89,0.0,0.1,1.0,0.2,1.0,,0.0,0.2,0.21,0.0,0.8,,,0.05,,,0.05,,0.26,0.89,0.0,,,0.11,1.0,0.95,,0.0,,,1.0,0.0,,0.05,,0.81,,0.84,,1.0,0.79,0.0,0.95,1.0,,0.1,0.05,,1.0,0.0,0.19,1.0,1.0,,,1.0,0.0,,,0.82,,0.85,,0.0,0.05,0.09,0.0,0.95,0.95,1.0,,0.0,0.1,,0.0,0.81,0.0,,1.0,0.0,0.0,0.95,0.85,0.95,0.0,0.05,,0.0,0.05,1.0,0.0,0.06,0.0,,0.0,0.9,,0.59,0.94,0.89,0.0,0.05,
Pelham Academy Of Academics And Community Engagement,0.0,0.08,0.19,0.82,,,0.0,0.86,0.93,0.0,1.0,0.04,,0.0,0.74,0.04,,0.11,0.0,0.07,0.89,0.1,0.08,0.96,0.32,1.0,0.0,0.0,0.36,0.15,0.0,0.68,,,0.0,0.0,,0.07,1.0,0.04,0.78,0.0,,0.0,0.22,0.89,0.93,,0.0,,1.0,0.97,0.0,,0.12,1.0,0.92,,0.9,1.0,1.0,0.85,0.04,0.88,1.0,,0.15,0.07,,1.0,0.96,0.08,0.0,0.96,,,1.0,0.0,0.83,,0.88,1.0,0.77,,0.19,0.04,0.17,0.04,0.96,0.96,0.91,,0.0,0.11,,0.0,0.97,0.11,,0.74,0.11,0.12,0.85,0.88,0.96,0.26,0.18,0.17,0.0,0.07,0.96,0.0,0.04,0.0,,0.0,0.85,,0.82,0.96,0.92,0.0,0.04,
"School For Human Rights, The",,0.42,0.67,0.82,,,0.06,0.84,0.56,0.0,1.0,0.0,,0.14,0.74,0.37,,0.47,0.0,0.05,0.95,0.17,0.32,0.63,0.83,1.0,,0.17,0.61,0.17,0.0,0.17,,,0.28,,,0.21,,0.32,0.68,0.67,,0.0,0.32,0.44,0.79,,0.0,,0.86,0.95,0.0,,0.32,,0.59,,0.94,1.0,0.83,0.83,0.21,0.68,0.89,,0.21,0.21,,0.83,0.0,0.41,1.0,0.95,,,1.0,0.0,,,0.89,,0.32,,0.32,0.58,0.32,0.06,0.74,0.37,0.88,,0.0,0.39,,0.14,0.83,0.05,,0.79,0.56,0.32,0.58,0.47,1.0,0.21,0.18,,0.11,0.0,0.94,0.0,0.0,0.0,,0.0,0.79,,0.68,1.0,0.63,0.17,0.56,
P.S./I.S. 217 Roosevelt Island,0.17,0.17,0.27,0.88,0.88,,0.08,0.95,0.92,,0.94,0.0,,0.0,0.83,0.06,,0.17,0.03,0.03,0.89,0.0,0.15,0.94,0.18,0.97,0.0,0.0,0.24,0.19,0.0,0.82,0.88,0.88,0.14,0.0,0.12,0.06,1.0,0.28,0.92,0.11,,0.0,0.08,0.83,0.94,,0.0,,1.0,0.97,1.0,,0.11,0.83,0.94,,0.92,1.0,1.0,0.81,0.09,0.89,0.95,0.12,0.19,0.03,,1.0,1.0,0.06,0.0,0.95,0.12,,1.0,,1.0,,0.92,1.0,0.88,,0.17,0.09,0.24,0.14,0.93,0.86,0.94,0.14,0.0,0.19,0.88,0.0,0.9,0.06,,0.75,0.17,0.14,0.86,0.92,0.86,0.25,0.12,0.0,0.05,0.14,0.86,0.0,0.08,,0.86,0.0,0.81,,0.78,0.92,0.86,0.0,0.11,0.12
I.S. 232,0.0,0.0,0.05,0.88,1.0,0.0,0.0,0.93,1.0,0.0,1.0,0.04,1.0,0.0,0.96,0.0,0.14,0.0,0.0,0.07,0.96,0.0,0.04,1.0,0.3,1.0,0.0,0.0,0.31,0.0,0.0,0.7,1.0,1.0,0.0,0.0,0.0,0.04,1.0,0.07,1.0,0.0,0.0,0.0,0.0,0.96,0.96,,0.0,1.0,1.0,1.0,0.0,1.0,0.0,1.0,1.0,1.0,0.96,,1.0,1.0,0.22,1.0,0.92,0.0,0.37,0.0,0.0,1.0,0.96,0.0,0.0,0.96,0.0,1.0,1.0,0.0,1.0,1.0,0.96,1.0,0.67,0.0,0.04,0.33,0.11,0.0,0.92,0.54,0.88,0.11,0.0,0.0,1.0,0.0,0.82,0.0,0.0,1.0,0.04,0.0,1.0,1.0,0.93,0.0,0.12,0.0,0.08,0.0,1.0,0.0,0.04,0.0,0.89,0.0,0.63,0.0,0.82,0.96,0.96,0.0,0.0,0.0
P.S. 243K- The Weeksville School,0.0,0.0,0.0,0.9,0.0,0.0,0.0,0.92,0.82,,1.0,0.0,0.0,0.0,0.9,0.0,0.0,0.1,0.0,0.0,1.0,0.0,0.2,1.0,0.3,1.0,0.0,0.0,0.4,0.0,0.0,0.7,0.0,0.0,0.09,0.0,0.0,0.0,0.0,0.0,0.91,0.09,0.0,0.0,0.09,0.73,1.0,,0.12,0.0,1.0,1.0,0.88,0.0,0.0,0.0,0.82,0.0,0.92,1.0,1.0,1.0,0.1,1.0,0.92,0.0,0.09,0.0,0.0,1.0,1.0,0.18,0.0,1.0,0.0,0.0,1.0,,0.0,0.0,1.0,0.0,0.7,0.0,0.27,0.1,0.17,0.0,1.0,0.78,0.9,0.0,0.0,0.09,0.0,0.0,0.57,0.0,0.0,1.0,0.27,0.09,1.0,0.91,1.0,0.0,0.1,0.0,0.08,0.0,1.0,0.0,0.08,,0.0,0.0,0.91,0.0,0.83,0.92,1.0,0.0,0.09,0.0
P.S. 297 Abraham Stockton,,0.1,0.44,0.86,,,0.0,0.95,0.95,0.0,0.93,0.0,,0.07,0.85,0.0,,0.1,0.0,0.0,1.0,0.0,0.14,1.0,0.4,1.0,,0.0,0.4,0.1,0.0,0.6,,,0.1,,,0.0,,0.0,0.9,0.1,,0.0,0.1,0.86,1.0,,0.2,,0.93,1.0,0.8,,0.05,,1.0,,1.0,1.0,1.0,0.9,0.1,0.95,0.95,,0.05,0.0,,1.0,1.0,0.0,0.0,0.95,,,1.0,1.0,,,0.9,,0.67,,0.38,0.24,0.23,0.15,0.93,0.62,0.9,,0.0,0.1,,0.07,1.0,0.0,,0.9,0.14,0.05,1.0,1.0,0.95,0.1,0.14,,0.05,0.0,0.85,0.0,0.0,0.0,,0.0,0.95,,0.82,1.0,1.0,0.0,0.05,
P.S. 182,,0.33,0.5,0.88,,,0.09,0.91,0.64,,0.86,0.04,,0.07,0.56,0.33,,0.45,0.18,0.0,0.94,0.07,0.41,0.67,0.55,0.82,,0.14,0.61,0.33,0.29,0.45,,,0.32,,,0.32,,0.36,0.61,0.38,,0.0,0.39,0.55,0.68,,0.09,,0.93,0.86,0.91,,0.33,,0.45,,0.97,0.89,0.86,0.67,0.32,0.67,0.88,,0.32,0.09,,0.96,0.96,0.55,0.0,0.8,,,0.71,,,,0.67,,0.47,,0.64,0.47,0.2,0.39,0.59,0.35,0.77,,0.0,0.35,,0.11,0.81,0.03,,0.82,0.45,0.42,0.58,0.71,0.91,0.18,0.12,,0.12,0.03,0.61,0.0,0.11,,,0.0,0.68,,0.83,0.89,0.74,0.04,0.29,
Hostos-Lincoln Academy Of Science,,0.25,0.36,0.84,1.0,0.0,0.05,0.95,0.9,0.0,1.0,0.0,0.8,0.0,0.81,0.1,0.0,0.0,0.0,0.05,0.9,0.0,0.21,0.9,0.45,1.0,,0.0,0.5,0.16,0.17,0.55,1.0,0.86,0.05,,0.0,0.0,,0.15,0.81,0.14,0.2,0.14,0.19,1.0,1.0,,0.0,1.0,1.0,0.95,0.0,1.0,0.16,,0.9,1.0,0.91,1.0,1.0,0.84,0.11,0.84,0.9,0.0,0.14,0.05,0.2,1.0,1.0,0.1,1.0,0.95,0.29,0.8,0.83,0.0,,1.0,0.89,,0.61,0.0,0.0,0.32,0.23,0.0,0.85,0.53,0.89,0.43,0.0,0.19,1.0,0.0,0.56,0.0,0.2,0.86,0.0,0.11,0.95,0.79,1.0,0.14,0.16,,0.1,0.0,1.0,0.0,0.05,0.0,0.57,0.0,0.86,0.2,0.64,0.95,0.9,0.0,0.0,0.0
Earth School,,0.08,0.7,0.92,,0.0,0.04,0.88,1.0,0.2,1.0,0.0,,0.0,0.88,0.0,,0.04,0.04,0.0,0.92,0.05,0.21,1.0,0.29,0.96,,0.0,0.46,0.12,0.0,0.71,,,0.0,,,0.0,,0.08,0.92,0.0,,0.0,0.08,1.0,1.0,,0.09,0.0,1.0,0.92,0.91,,0.0,,,0.0,0.96,1.0,1.0,0.88,0.04,1.0,0.91,,0.16,0.04,,0.95,1.0,,0.0,0.95,,,1.0,1.0,,,0.92,,0.79,0.0,0.08,0.17,0.08,,0.95,0.7,0.92,,0.0,0.0,,0.05,0.93,0.0,,0.96,0.0,0.0,1.0,0.92,0.92,0.04,0.08,,0.09,0.08,,0.0,0.04,,,0.0,0.84,,0.76,0.96,1.0,0.05,0.0,
Central Park East Ii,,0.25,0.12,0.84,,,0.0,0.8,0.9,,0.92,0.08,,0.0,0.7,0.1,,0.15,0.05,0.05,0.85,0.0,0.2,0.9,0.3,0.95,,0.0,0.7,0.3,0.08,0.7,,,0.15,,,0.0,,0.15,0.8,0.2,,0.0,0.2,0.9,1.0,,0.1,,1.0,0.95,0.9,,0.35,,0.9,,0.8,1.0,1.0,0.7,0.32,0.65,0.84,,0.45,0.3,,1.0,0.92,0.1,0.0,0.83,,,0.92,,,,0.75,,0.5,,0.0,0.5,0.3,0.0,0.62,0.38,0.89,,0.0,0.15,,0.0,0.45,0.05,,0.8,0.1,0.15,0.9,0.9,0.95,0.2,0.16,,0.16,0.05,1.0,0.0,0.21,,,0.0,0.55,,0.68,0.79,0.8,0.0,0.1,
Bronx Academy For Multi-Media,0.2,0.07,0.2,0.71,,,0.0,0.86,1.0,0.0,1.0,0.0,,0.0,0.93,0.0,,0.07,0.0,0.07,1.0,0.0,0.14,1.0,0.71,1.0,0.0,0.17,0.31,0.0,0.0,0.29,,,0.0,0.0,,0.0,1.0,0.21,1.0,0.0,,0.17,0.0,1.0,1.0,,0.0,,1.0,1.0,0.0,,0.0,0.8,0.86,,0.86,1.0,0.83,1.0,0.21,1.0,0.85,,0.36,0.07,,0.83,1.0,0.14,0.0,1.0,,,1.0,0.0,1.0,,1.0,1.0,0.36,,0.07,0.21,0.14,0.07,0.79,0.36,0.86,,0.0,0.0,,0.0,0.47,0.07,,0.86,0.0,0.0,1.0,1.0,0.93,0.14,0.29,0.0,0.15,0.14,0.93,0.0,0.0,0.0,,0.0,0.64,,0.92,1.0,0.93,0.17,0.0,
High School Of Language And Innovation,0.0,0.0,0.19,0.79,1.0,,0.06,1.0,0.93,0.0,1.0,0.0,,0.07,0.93,0.0,,0.0,0.03,0.03,1.0,0.07,0.3,1.0,0.41,0.97,0.0,0.14,0.45,0.1,0.07,0.59,1.0,1.0,0.0,0.0,0.0,0.0,1.0,0.1,0.87,0.07,,0.07,0.13,0.9,1.0,,0.0,,0.93,1.0,0.0,,0.0,1.0,1.0,0.6,1.0,0.73,0.86,0.9,0.1,1.0,0.85,0.0,0.1,0.07,,0.86,0.0,0.0,1.0,1.0,0.11,,0.93,0.0,1.0,,0.97,1.0,0.73,0.4,0.0,0.3,0.1,0.0,0.86,0.6,0.93,0.11,0.0,0.07,0.89,0.14,0.94,0.0,,0.93,0.1,0.07,0.97,1.0,0.87,0.07,0.21,0.0,0.15,0.0,1.0,0.0,0.0,0.0,0.89,0.0,0.9,,0.94,1.0,1.0,0.14,0.03,0.0
P.S. 009 Sarah Anderson,,0.0,0.0,0.96,,,0.04,0.93,0.96,,1.0,0.0,,0.0,0.88,0.0,,0.04,0.04,0.0,1.0,0.0,0.04,1.0,0.04,0.96,,0.0,0.08,0.12,0.0,0.96,,,0.0,,,0.0,,0.08,0.96,0.04,,0.0,0.04,1.0,1.0,,0.0,,1.0,0.96,1.0,,0.04,,1.0,,0.93,1.0,1.0,0.88,0.04,0.96,0.96,,0.08,0.0,,1.0,1.0,0.0,0.0,0.96,,,1.0,,,,0.84,,0.96,,0.04,0.04,0.11,0.0,0.96,0.92,0.96,,0.0,0.0,,0.0,0.6,0.0,,0.93,0.0,0.0,0.96,1.0,0.96,0.07,0.04,,0.04,0.04,1.0,0.0,0.04,,,0.0,0.92,,0.78,0.96,1.0,0.0,0.0,
I.S. 584,,0.04,0.09,0.78,1.0,,0.0,0.79,0.91,0.0,1.0,0.0,,0.0,0.83,0.04,,0.14,0.0,0.08,1.0,0.0,0.12,0.96,0.25,1.0,,0.0,0.33,0.13,0.0,0.75,1.0,1.0,0.04,,0.0,0.0,,0.04,0.96,0.0,,0.0,0.04,0.91,1.0,,0.0,,1.0,1.0,0.0,,0.08,,0.92,,0.92,1.0,1.0,0.87,0.25,0.92,0.92,0.0,0.42,0.04,,1.0,1.0,0.08,0.0,0.96,0.0,,1.0,0.0,,,0.96,,0.58,,0.04,0.43,0.17,0.09,0.91,0.48,0.96,0.0,0.0,0.09,1.0,0.0,0.96,0.04,,0.68,0.09,0.04,0.95,1.0,0.92,0.32,0.22,,0.08,0.09,0.91,0.0,0.0,0.0,1.0,0.0,0.58,,0.75,1.0,1.0,0.0,0.0,0.0
P.S. 196,0.14,0.06,0.17,0.86,0.7,,0.09,0.86,0.88,,0.89,0.0,,0.05,0.88,0.03,,0.18,0.09,0.06,0.94,0.05,0.33,0.97,0.52,0.91,0.0,0.16,0.58,0.03,0.0,0.48,1.0,0.9,0.06,0.14,0.3,0.03,1.0,0.09,0.82,0.03,,0.05,0.18,0.91,0.97,,0.33,,0.95,0.94,0.67,,0.06,0.86,0.94,,0.84,0.95,0.84,0.97,0.15,0.94,1.0,0.1,0.18,0.06,,1.0,1.0,0.06,0.0,0.97,0.3,,1.0,,0.86,,0.94,1.0,0.73,,0.36,0.33,0.36,0.06,0.86,0.45,0.83,0.2,0.0,0.06,0.8,0.0,0.56,0.0,,0.82,0.09,0.0,0.91,0.91,0.88,0.18,0.14,0.14,0.0,0.06,0.94,0.0,0.06,,0.8,0.0,0.82,,0.57,0.94,0.91,0.0,0.03,0.1
P.S. 057 Crescent,0.0,0.3,0.36,0.82,1.0,,0.03,0.87,0.68,,0.85,0.05,,0.12,0.62,0.32,,0.35,0.05,0.0,0.92,0.12,0.22,0.68,0.42,0.95,0.0,0.12,0.53,0.35,0.08,0.58,1.0,1.0,0.19,0.0,0.0,0.14,1.0,0.22,0.65,0.38,,0.08,0.35,0.7,0.86,,0.5,,0.88,0.95,0.5,,0.19,1.0,0.53,,0.81,0.92,0.88,0.65,0.17,0.81,1.0,0.33,0.62,0.19,,0.92,0.95,0.47,0.0,0.97,0.0,,0.92,,0.8,,0.78,1.0,0.53,,0.43,0.44,0.24,0.22,0.64,0.39,0.91,0.0,0.0,0.38,0.83,0.08,0.84,0.0,,0.81,0.3,0.16,0.81,0.7,1.0,0.19,0.18,0.2,0.0,0.11,0.78,0.0,0.05,,1.0,0.28,0.38,,0.74,0.95,0.78,0.08,0.3,0.0
P.S. 204 Morris Heights,,0.0,0.04,1.0,,,0.0,0.98,0.95,,1.0,0.08,,0.03,0.93,0.0,,0.02,0.0,0.0,1.0,0.0,0.08,1.0,0.15,1.0,,0.0,0.2,0.02,0.03,0.85,,,0.05,,,0.0,,0.0,1.0,0.05,,0.0,0.0,0.98,1.0,,0.11,,0.97,1.0,0.89,,0.0,,0.98,,0.95,1.0,1.0,0.98,0.02,1.0,1.0,,0.05,0.0,,1.0,0.92,0.02,0.0,1.0,,,0.97,,,,0.95,,0.88,,0.05,0.1,0.07,0.0,0.92,0.92,1.0,,0.0,0.05,,0.0,1.0,0.0,,0.98,0.02,0.0,0.98,1.0,1.0,0.02,0.0,,0.0,0.0,1.0,0.0,0.0,,,0.0,0.95,,0.93,1.0,1.0,0.0,0.05,
Van Siclen Community Middle School,,0.0,0.2,1.0,1.0,0.0,0.0,1.0,1.0,0.0,,0.0,,,0.94,0.0,,0.0,0.0,0.0,1.0,,0.12,1.0,0.47,1.0,,,0.47,0.0,,0.53,1.0,1.0,0.0,,0.0,0.0,,0.0,0.94,0.0,,,0.06,1.0,1.0,,0.0,1.0,,1.0,0.0,,0.0,,1.0,1.0,1.0,,,1.0,0.18,1.0,1.0,0.0,0.06,0.0,,,1.0,0.0,0.0,1.0,0.0,,,0.0,,,1.0,,0.53,0.0,0.29,0.31,0.0,0.0,1.0,0.53,1.0,0.0,0.0,0.0,1.0,,0.85,0.0,,1.0,0.0,0.0,1.0,1.0,1.0,0.0,0.0,,0.0,0.0,1.0,0.0,0.0,0.0,1.0,0.0,0.94,,1.0,1.0,1.0,,0.0,0.0
Professor Juan Bosch Public School,,0.06,0.2,0.91,,,0.0,0.97,0.94,,1.0,0.04,,0.0,0.97,0.03,,0.03,0.0,0.0,0.97,0.0,0.19,0.97,0.23,1.0,,0.0,0.29,0.03,0.0,0.77,,,0.03,,,0.0,,0.12,0.97,0.03,,0.0,0.03,0.91,1.0,,0.0,,1.0,1.0,1.0,,0.06,,0.96,,0.94,1.0,1.0,0.97,0.09,0.94,1.0,,0.06,0.03,,1.0,0.96,0.04,0.0,0.94,,,1.0,,,,0.97,,0.81,,0.03,0.1,0.03,0.08,0.97,0.71,0.94,,0.0,0.03,,0.0,1.0,0.0,,0.94,0.09,0.06,1.0,0.97,1.0,0.06,0.09,,0.0,0.06,0.92,0.0,0.0,,,0.0,0.94,,0.8,1.0,0.97,0.0,0.03,
The Longwood Academy Of Discovery,,0.45,0.45,0.61,,,0.07,0.73,0.42,,0.54,0.17,,0.24,0.52,0.52,,0.66,0.16,0.06,0.67,0.21,0.38,0.48,0.66,0.84,,0.21,0.72,0.36,0.18,0.34,,,0.55,,,0.28,,0.48,0.61,0.61,,0.27,0.39,0.36,0.72,,0.42,,0.76,0.84,0.58,,0.36,,0.42,,0.73,0.83,0.79,0.64,0.28,0.64,0.9,,0.69,0.34,,0.72,0.83,0.58,0.0,0.9,,,0.82,,,,0.67,,0.5,,0.55,0.5,0.45,0.24,0.72,0.47,0.59,,0.0,0.55,,0.28,0.7,0.0,,0.42,0.64,0.42,0.39,0.7,0.9,0.58,0.39,,0.1,0.27,0.76,0.0,0.1,,,0.12,0.31,,0.58,0.9,0.55,0.28,0.55,
P.S. 023 The New Children'S School,,0.06,0.18,0.91,1.0,,0.0,0.88,0.77,0.1,1.0,0.05,,0.0,0.91,0.06,,0.06,0.03,0.03,1.0,0.0,0.17,0.94,0.43,0.97,,0.0,0.5,0.14,0.0,0.57,1.0,1.0,0.11,,0.0,0.0,,0.11,1.0,0.09,,0.0,0.0,0.86,1.0,,0.5,,1.0,1.0,0.5,,0.06,,0.88,,0.94,1.0,1.0,0.86,0.15,0.94,0.97,0.0,0.15,0.0,,1.0,0.95,0.12,0.0,0.97,0.0,,1.0,0.9,,,0.88,,0.74,,0.26,0.29,0.17,0.0,0.96,0.52,0.88,0.0,0.0,0.11,1.0,0.0,0.92,0.03,,0.89,0.14,0.11,0.89,0.94,1.0,0.11,0.09,,0.03,0.03,1.0,0.0,0.0,0.11,1.0,0.0,0.85,,0.8,1.0,0.91,0.0,0.11,0.0
Urban Institute Of Mathematics,0.4,0.11,0.4,0.84,1.0,,0.04,0.89,1.0,0.0,1.0,0.07,0.86,0.0,0.85,0.04,0.14,0.04,0.04,0.07,0.89,0.0,0.07,0.96,0.22,0.96,0.0,0.0,0.07,0.19,0.0,0.78,1.0,1.0,0.04,0.0,0.0,0.07,1.0,0.15,0.93,0.0,0.14,0.0,0.07,0.93,0.93,,0.0,,1.0,1.0,0.0,0.86,0.07,0.6,1.0,,0.92,1.0,1.0,0.81,0.0,0.93,1.0,0.14,0.19,0.0,0.14,1.0,0.93,0.0,0.0,0.96,0.0,0.86,1.0,0.0,0.8,0.83,0.89,1.0,0.85,,0.04,0.11,0.18,0.04,0.92,0.81,0.92,0.14,0.0,0.04,1.0,0.0,0.93,0.07,0.14,0.81,0.07,0.0,1.0,1.0,0.93,0.19,0.16,0.2,0.0,0.11,0.96,0.0,0.07,0.0,0.86,0.0,0.81,0.14,0.86,0.93,0.93,0.0,0.04,0.0
P.S./M.S. 004 Crotona Park West,0.14,0.11,0.17,0.94,1.0,,0.03,0.97,0.92,,0.94,0.04,,0.19,0.79,0.08,,0.11,0.03,0.03,0.95,0.06,0.03,0.92,0.17,0.97,0.0,0.0,0.11,0.11,0.12,0.83,1.0,1.0,0.05,0.0,0.0,0.03,1.0,0.11,0.84,0.0,,0.06,0.16,0.95,0.97,,0.2,,0.81,0.95,0.8,,0.05,0.86,0.97,,0.97,0.88,1.0,0.89,0.06,0.95,0.97,0.14,0.18,0.03,,1.0,0.96,0.03,0.0,0.95,0.14,,0.88,,1.0,,0.92,1.0,0.81,,0.16,0.17,0.1,0.03,0.94,0.87,0.97,0.0,0.0,0.11,1.0,0.06,0.89,0.03,,0.87,0.05,0.05,0.92,0.97,0.97,0.13,0.06,0.0,0.03,0.03,0.97,0.0,0.05,,1.0,0.0,0.82,,0.92,0.95,0.95,0.0,0.05,0.0
P.S. 155 William Paca,,0.33,0.22,0.83,0.8,0.2,0.05,0.77,0.59,,0.92,0.1,0.6,0.0,0.55,0.36,0.4,0.48,0.05,0.0,0.95,0.08,0.19,0.64,0.43,0.95,,0.17,0.52,0.38,0.0,0.57,0.8,0.8,0.32,,0.2,0.14,,0.38,0.73,0.41,0.4,0.0,0.27,0.59,0.86,,0.14,0.8,1.0,0.95,0.86,0.6,0.33,,0.5,0.8,0.84,0.92,0.83,0.62,0.1,0.67,0.95,0.2,0.18,0.1,0.4,1.0,0.9,0.5,0.0,0.95,0.2,0.6,1.0,,,0.6,0.6,,0.81,0.2,0.38,0.24,0.41,,0.76,0.53,0.84,0.2,0.0,0.45,0.8,0.08,0.73,0.05,0.4,0.36,0.41,0.29,0.77,0.71,0.95,0.64,0.17,,0.05,0.27,,0.0,0.05,,0.8,0.0,0.82,0.4,0.55,0.95,0.67,0.0,0.41,0.2
Jill Chaifetz Transfer High School,,0.07,0.15,0.79,,,0.0,0.88,0.93,0.0,,0.0,,,0.87,0.07,,0.07,0.0,0.13,0.93,,0.14,0.93,0.57,1.0,,,0.43,0.0,,0.43,,,0.13,,,0.07,,0.07,0.87,0.27,,,0.13,0.67,0.93,,0.0,,,1.0,0.0,,0.07,,0.53,,0.94,,,1.0,0.07,0.93,1.0,,0.0,0.07,,,0.0,0.47,0.92,1.0,,,,0.0,,,1.0,,0.64,,0.0,0.14,0.25,0.0,0.85,0.69,0.79,,0.08,0.13,,,0.94,0.0,,0.93,0.33,0.13,0.93,0.67,1.0,0.07,0.21,,0.0,0.07,1.0,0.08,0.0,0.0,,0.0,1.0,,0.88,1.0,0.93,,0.07,
P.S. 053 Basheer Quisim,0.14,0.1,0.17,0.85,1.0,0.0,0.08,0.87,0.83,0.08,0.87,0.09,1.0,0.08,0.86,0.1,0.0,0.17,0.11,0.02,0.95,0.1,0.2,0.9,0.37,0.89,0.0,0.13,0.4,0.07,0.11,0.63,1.0,1.0,0.15,0.0,0.0,0.13,1.0,0.1,0.9,0.13,0.0,0.1,0.1,0.83,0.87,,0.06,1.0,0.92,0.89,0.94,1.0,0.07,0.86,0.88,1.0,0.93,0.92,0.87,0.93,0.18,0.93,0.86,0.0,0.18,0.07,0.0,0.89,0.91,0.12,0.0,0.9,0.1,1.0,0.89,0.92,1.0,1.0,0.93,1.0,0.77,0.0,0.25,0.2,0.23,0.13,0.88,0.65,0.86,0.0,0.0,0.13,1.0,0.11,0.84,0.08,0.0,0.82,0.17,0.12,0.9,0.92,0.92,0.18,0.15,0.0,0.14,0.11,0.87,0.0,0.1,0.09,1.0,0.03,0.82,0.0,0.75,0.9,0.87,0.11,0.13,0.0
P.S. 044 Marcus Garvey,0.0,0.1,0.17,0.8,0.0,,0.0,0.82,0.8,,1.0,0.0,0.0,0.12,1.0,0.0,0.0,0.1,0.0,0.0,1.0,0.0,0.1,1.0,0.3,1.0,0.0,0.0,0.4,0.0,0.0,0.7,0.0,0.0,0.1,0.0,0.0,0.0,0.0,0.2,1.0,0.2,0.0,0.0,0.0,0.8,1.0,,0.22,,0.88,1.0,0.78,0.0,0.1,0.0,0.7,,0.9,1.0,1.0,1.0,0.3,0.9,0.9,0.0,0.2,0.0,0.0,1.0,1.0,0.3,0.0,1.0,0.0,0.0,1.0,,0.0,0.0,1.0,0.0,0.7,,0.0,0.4,0.27,0.0,0.78,0.22,1.0,0.0,0.0,0.1,0.0,0.0,1.0,0.0,0.0,0.9,0.2,0.1,1.0,0.9,0.91,0.1,0.2,0.0,0.1,0.0,1.0,0.0,0.09,,0.0,0.0,0.8,0.0,0.64,0.91,0.9,0.0,0.1,0.0
East Brooklyn Community High School,,0.0,0.0,0.94,,,0.11,1.0,1.0,0.0,1.0,0.0,,0.0,0.94,0.0,,0.06,0.06,0.06,0.94,0.0,0.18,1.0,0.59,0.94,,0.0,0.28,0.06,0.0,0.41,,,0.06,,,0.0,,0.06,0.94,0.0,,0.0,0.06,1.0,1.0,,0.0,,1.0,0.94,0.0,,0.06,,1.0,,1.0,1.0,1.0,0.94,0.28,0.94,1.0,,0.06,0.06,,1.0,0.0,0.0,1.0,1.0,,,1.0,0.0,,,0.94,,0.61,,0.0,0.39,0.0,0.0,0.89,0.72,1.0,,0.0,0.0,,0.0,0.86,0.0,,1.0,0.0,0.06,0.94,0.94,0.83,0.0,0.06,,0.0,0.0,1.0,0.0,0.0,0.0,,0.0,0.94,,1.0,1.0,0.94,0.0,0.0,
P.S. 097 Bronx,,0.12,0.5,0.8,0.0,0.0,0.06,0.94,0.69,,0.75,0.0,,0.27,0.82,0.18,,0.24,0.06,0.0,0.94,0.15,0.19,0.82,0.19,0.94,,0.21,0.5,0.29,0.23,0.81,0.0,0.0,0.24,,0.0,0.06,,0.12,0.76,0.24,,0.25,0.24,0.65,0.94,,0.0,0.0,0.73,1.0,1.0,,0.18,,0.65,0.0,0.75,0.82,0.79,0.71,0.06,0.82,1.0,0.0,0.06,0.12,,0.85,1.0,0.35,0.0,1.0,0.0,,0.77,,,,0.71,,0.75,0.0,0.59,0.19,0.29,0.0,0.87,0.67,0.87,0.0,0.0,0.12,0.0,0.15,0.38,0.06,,0.71,0.35,0.12,0.82,0.82,0.94,0.29,0.2,,0.0,0.24,1.0,0.0,0.06,,0.0,0.0,0.94,,0.47,0.94,0.82,0.15,0.24,0.0
Associated Beth Rivkah School - Upk,,,,,,,,,,,0.0,0.0,,0.0,,,,,,,,0.0,,,,,,0.0,,,0.0,,,,,,,,,,,,,0.0,,,,,0.0,,0.0,,0.0,,,,,,,0.0,0.0,,,,,,,,,0.0,0.0,,0.0,,,,0.0,,,,,,,,,,,,,,,,0.0,,,0.0,1.0,,,,,,,,,,,,,,,0.0,,,,0.0,,,,,,0.0,,
"The Brooklyn New School, P.S. 146",,0.04,0.3,0.91,,,0.0,0.96,0.98,0.0,1.0,0.07,,0.0,0.95,0.0,,0.0,0.02,0.0,1.0,0.0,0.13,1.0,0.04,0.98,,0.0,0.31,0.07,0.1,0.96,,,0.02,,,0.0,,0.13,0.95,0.02,,0.03,0.05,0.98,1.0,,0.0,,1.0,1.0,1.0,,0.05,,1.0,,0.96,1.0,1.0,0.93,0.04,0.95,0.98,,0.2,0.05,,1.0,0.93,0.0,0.0,0.93,,,0.9,0.9,,,0.93,,0.84,,0.0,0.11,0.04,0.02,0.94,0.81,0.95,,0.0,0.02,,0.0,0.9,0.0,,1.0,0.02,0.0,0.96,0.98,0.98,0.0,0.09,,0.02,0.02,0.98,0.0,0.02,0.0,,0.0,0.8,,0.96,0.98,0.96,0.0,0.0,
J.H.S. 050 John D. Wells,0.0,0.04,0.19,0.96,0.8,0.0,0.0,1.0,1.0,0.0,0.89,0.04,,0.22,0.96,0.0,,0.0,0.0,0.0,1.0,0.11,0.25,1.0,0.36,1.0,0.0,0.11,0.2,0.04,0.22,0.64,0.8,0.8,0.0,0.0,0.2,0.0,1.0,0.0,1.0,0.0,,0.22,0.0,1.0,1.0,,0.0,1.0,0.78,1.0,0.0,,0.04,1.0,1.0,1.0,0.96,0.78,0.89,0.96,0.0,0.96,1.0,0.0,0.15,0.0,,0.78,0.96,0.0,0.0,1.0,0.2,,0.78,0.0,1.0,,1.0,1.0,0.71,0.0,0.0,0.25,0.04,0.0,1.0,0.79,0.96,0.2,0.0,0.0,0.8,0.11,0.9,0.0,,1.0,0.0,0.0,1.0,1.0,1.0,0.0,0.04,0.0,0.0,0.0,1.0,0.0,0.0,0.0,0.8,0.0,0.85,,0.96,1.0,0.96,0.22,0.0,0.2
P.S. 038 The Pacific,,0.48,0.5,0.97,,,0.0,0.9,0.5,0.4,0.84,0.08,,0.21,0.63,0.37,,0.3,0.0,0.0,0.9,0.05,0.18,0.63,0.34,1.0,,0.05,0.34,0.18,0.11,0.66,,,0.53,,,0.0,,0.48,0.77,0.57,,0.05,0.23,0.37,1.0,,0.0,,0.79,0.97,1.0,,0.52,,0.5,,0.9,0.84,0.95,0.82,0.04,0.48,0.96,,0.3,0.0,,0.95,0.92,0.5,0.0,0.93,,,0.89,0.4,,,0.79,,0.79,,0.48,0.21,0.33,0.13,0.7,0.73,0.92,,0.0,0.63,,0.05,0.77,0.0,,0.97,0.63,0.48,0.73,0.55,1.0,0.03,0.03,,0.04,0.03,0.87,0.0,0.03,,,0.0,0.7,,0.8,0.97,0.55,0.05,0.53,
Bronx Academy Of Health Careers,0.0,0.05,0.2,0.87,1.0,0.2,0.04,0.87,0.92,0.0,1.0,0.0,,0.0,0.92,0.04,,0.08,0.0,0.0,0.91,0.11,0.12,0.96,0.38,1.0,0.0,0.11,0.39,0.05,0.12,0.62,1.0,1.0,0.0,0.0,0.0,0.09,1.0,0.14,0.92,0.0,,0.0,0.08,0.88,0.91,,0.0,0.8,1.0,1.0,0.0,,0.0,1.0,0.96,1.0,0.91,1.0,0.89,0.95,0.21,1.0,0.95,0.0,0.08,0.09,,0.88,0.0,0.04,1.0,1.0,0.0,,0.88,0.0,1.0,,0.96,1.0,0.71,0.0,0.04,0.17,0.25,0.09,0.82,0.71,0.96,0.17,0.0,0.0,1.0,0.11,0.96,0.0,,0.83,0.12,0.04,0.92,0.92,0.96,0.17,0.13,0.0,0.05,0.04,0.91,0.05,0.0,0.0,0.83,0.0,0.92,,0.78,1.0,0.96,0.12,0.0,0.0
Bronx High School For The Visual Arts,,0.27,0.53,0.79,1.0,,0.07,0.8,0.67,0.0,1.0,0.0,,0.0,0.5,0.3,,0.33,0.1,0.07,0.83,0.0,0.41,0.7,0.67,0.9,,0.0,0.7,0.34,0.0,0.33,1.0,1.0,0.31,,0.0,0.1,,0.27,0.6,0.33,,0.0,0.4,0.73,0.9,,0.0,,1.0,0.93,0.0,,0.23,,0.52,,0.81,0.9,1.0,0.66,0.15,0.77,0.93,0.0,0.17,0.17,,1.0,0.0,0.48,1.0,0.93,0.0,,1.0,0.0,,,0.66,,0.52,,0.17,0.41,0.4,0.17,0.8,0.52,0.71,0.0,0.08,0.33,1.0,0.0,0.86,0.1,,0.73,0.27,0.3,0.77,0.67,0.93,0.27,0.21,,0.07,0.13,0.83,0.12,0.1,0.0,1.0,0.0,0.83,,0.63,0.9,0.67,0.0,0.33,0.0
M.S. 442 Carroll Gardens School For Innovation,0.17,0.18,0.08,0.85,,0.0,0.0,1.0,0.93,0.0,0.86,0.04,,0.14,0.89,0.07,,0.04,0.04,0.0,1.0,0.0,0.11,0.93,0.26,0.96,0.0,0.12,0.33,0.19,0.0,0.74,,,0.11,0.0,,0.0,1.0,0.37,0.93,0.11,,0.14,0.07,0.86,1.0,,0.0,1.0,0.86,1.0,0.0,,0.11,0.83,0.93,1.0,0.93,0.86,0.88,0.81,0.0,0.89,1.0,,0.14,0.0,,0.88,0.96,0.07,0.0,0.96,,,1.0,0.0,0.83,,0.88,1.0,0.81,0.0,0.0,0.15,0.21,0.04,0.96,0.81,1.0,,0.0,0.14,,0.14,0.72,0.04,,0.93,0.14,0.0,0.93,0.82,0.96,0.07,0.15,0.17,0.0,0.04,0.96,0.0,0.0,0.0,,0.0,0.86,,0.89,1.0,0.89,0.12,0.07,
47 The American Sign Language And English Secondary School,,0.15,0.36,0.72,,,0.19,0.68,0.81,0.0,0.83,0.0,0.8,0.2,0.71,0.14,0.2,0.27,0.09,0.1,0.86,0.0,0.11,0.86,0.78,0.91,,0.0,0.61,0.2,0.0,0.22,,,0.27,,,0.05,,0.3,0.62,0.24,0.2,0.0,0.38,0.68,0.95,,0.0,,0.8,0.91,0.0,0.8,0.2,,0.82,,0.78,1.0,1.0,0.8,0.17,0.8,0.86,,0.05,0.29,0.2,1.0,0.0,0.18,1.0,0.95,,0.8,1.0,0.0,,0.8,0.75,,0.56,,0.1,0.39,0.41,0.24,0.78,0.47,0.78,,0.06,0.27,,0.2,0.79,0.1,0.2,0.73,0.32,0.2,0.77,0.8,0.86,0.27,0.28,,0.14,0.18,0.76,0.06,0.19,0.0,,0.0,0.95,0.2,0.64,0.81,0.8,0.0,0.32,
It Takes A Village Academy,0.2,0.27,0.44,0.83,1.0,,0.0,0.91,0.83,0.0,0.86,0.0,,0.12,0.74,0.26,,0.23,0.0,0.0,0.87,0.12,0.09,0.74,0.32,1.0,0.0,0.12,0.36,0.23,0.12,0.68,1.0,1.0,0.13,0.0,0.0,0.13,1.0,0.19,0.83,0.3,,0.14,0.17,0.91,0.87,,0.0,,0.88,0.95,0.0,,0.27,0.8,0.81,,0.91,0.86,0.88,0.77,0.09,0.73,0.96,0.0,0.41,0.18,,0.88,0.0,0.19,1.0,0.91,0.0,,0.88,0.0,1.0,,0.64,1.0,0.86,,0.24,0.18,0.13,0.09,0.9,0.73,0.84,0.0,0.0,0.3,1.0,0.14,0.65,0.04,,0.83,0.09,0.23,0.83,0.76,1.0,0.17,0.17,0.0,0.04,0.04,0.91,0.05,0.0,0.0,1.0,0.0,0.59,,0.74,1.0,0.86,0.12,0.13,0.0
P.S. 195,,0.22,0.14,0.83,0.8,,0.0,0.9,0.74,,0.8,0.0,,0.29,0.64,0.29,,0.29,0.03,0.0,0.93,0.07,0.24,0.71,0.48,0.97,,0.2,0.52,0.26,0.13,0.52,0.8,0.8,0.21,,0.2,0.11,,0.41,0.64,0.3,,0.13,0.36,0.7,0.89,,0.35,,0.71,0.97,0.65,,0.26,,0.52,,0.93,0.8,0.8,0.74,0.12,0.74,0.93,0.2,0.46,0.24,,0.8,1.0,0.48,0.0,0.86,0.2,,0.87,,,,0.74,,0.68,,0.22,0.32,0.23,0.22,0.78,0.52,0.92,0.2,0.0,0.33,0.8,0.13,0.47,0.03,,0.69,0.3,0.3,0.86,0.78,0.97,0.31,0.17,,0.07,0.11,0.78,0.0,0.1,,0.8,0.05,0.54,,0.71,0.9,0.81,0.2,0.26,0.2
Brooklyn Brownstone School,,0.08,0.16,0.87,,,0.0,0.96,1.0,0.0,0.83,0.07,,0.0,0.88,0.08,,0.04,0.0,0.0,0.96,0.0,0.04,0.92,0.17,1.0,,0.08,0.13,0.04,0.08,0.83,,,0.0,,,0.0,,0.08,1.0,0.0,,0.08,0.0,0.96,1.0,,0.0,,1.0,1.0,1.0,,0.04,,1.0,,1.0,0.92,0.92,0.96,0.0,0.96,1.0,,0.04,0.04,,1.0,0.93,0.0,0.0,1.0,,,0.92,1.0,,,0.92,,0.96,,0.12,0.0,0.04,0.04,1.0,0.88,0.91,,0.0,0.04,,0.0,1.0,0.0,,0.92,0.04,0.04,1.0,0.96,1.0,0.08,0.13,,0.0,0.04,0.96,0.0,0.0,0.0,,0.0,0.96,,0.92,1.0,1.0,0.0,0.08,
P.S. 309 The George E. Wibecan Preparatory Academy,,0.27,0.38,0.93,,,0.0,0.93,0.6,,0.82,0.0,,0.18,0.8,0.2,,0.4,0.0,0.0,0.87,0.08,0.13,0.8,0.53,1.0,,0.08,0.4,0.07,0.08,0.47,,,0.4,,,0.07,,0.13,0.87,0.33,,0.09,0.13,0.53,0.93,,0.17,,0.82,1.0,0.83,,0.07,,0.8,,0.93,0.82,0.92,0.93,0.07,0.93,1.0,,0.27,0.07,,0.92,1.0,0.2,0.0,1.0,,,0.92,,,,0.87,,0.6,,0.4,0.4,0.2,0.33,0.92,0.46,0.93,,0.0,0.47,,0.17,0.68,0.0,,0.73,0.47,0.13,0.6,0.93,1.0,0.27,0.07,,0.0,0.13,0.67,0.0,0.0,,,0.0,0.73,,0.8,1.0,0.8,0.08,0.4,
Gregorio Luperon High School For Science And Mathematics,0.14,0.0,0.04,0.97,1.0,0.0,0.0,1.0,0.97,0.0,1.0,0.0,,0.0,0.97,0.0,,0.0,0.0,0.0,0.97,0.0,0.09,1.0,0.3,1.0,0.0,0.0,0.27,0.09,0.0,0.7,1.0,1.0,0.0,0.0,0.0,0.0,1.0,0.03,0.97,0.0,,0.0,0.03,0.97,1.0,,0.0,1.0,1.0,0.97,0.0,,0.0,0.86,1.0,1.0,0.97,1.0,1.0,0.91,0.0,1.0,1.0,0.0,0.06,0.0,,1.0,0.0,0.0,1.0,0.97,0.0,,1.0,0.0,0.86,,0.97,1.0,0.94,0.0,0.06,0.09,0.12,0.0,0.97,0.7,1.0,0.0,0.0,0.0,1.0,0.0,1.0,0.0,,0.97,0.03,0.0,1.0,0.97,1.0,0.03,0.03,0.14,0.0,0.03,1.0,0.0,0.0,0.0,1.0,0.0,0.94,,0.88,1.0,1.0,0.0,0.0,0.0
P.S. 171 Patrick Henry,,0.1,0.15,0.9,,,0.0,0.95,0.76,,1.0,0.07,,0.0,0.71,0.1,,0.33,0.0,0.1,0.95,0.0,0.14,0.9,0.19,1.0,,0.0,0.19,0.05,0.08,0.81,,,0.19,,,0.0,,0.05,0.9,0.1,,0.18,0.1,0.62,1.0,,0.25,,1.0,1.0,0.75,,0.05,,0.85,,0.95,1.0,1.0,0.95,0.05,0.95,1.0,,0.1,0.0,,1.0,0.93,0.15,0.0,1.0,,,0.92,,,,0.95,,0.81,,0.24,0.19,0.23,0.1,0.74,0.89,0.9,,0.0,0.24,,0.0,0.4,0.0,,0.76,0.38,0.14,1.0,1.0,0.9,0.24,0.1,,0.0,0.0,0.9,0.0,0.0,,,0.0,0.9,,0.86,1.0,0.86,0.0,0.19,
Dewitt Clinton High School,0.18,0.19,0.5,0.71,0.94,0.0,0.12,0.78,0.57,,1.0,,1.0,0.11,0.6,0.2,0.0,0.27,0.1,0.14,0.9,0.0,0.26,0.8,0.54,0.9,0.0,0.0,0.39,0.4,0.22,0.46,0.94,0.81,0.29,0.0,0.06,0.18,0.82,0.15,0.71,0.33,0.0,0.0,0.29,0.53,0.82,,0.0,1.0,0.89,0.96,0.0,1.0,0.23,0.82,0.83,1.0,0.87,0.78,1.0,0.6,0.17,0.77,0.9,0.0,0.31,0.29,0.0,1.0,,0.17,0.95,0.94,0.06,1.0,0.78,,0.82,1.0,0.75,0.91,0.43,0.0,0.12,0.48,0.35,0.08,0.67,0.54,0.84,0.44,0.02,0.35,0.8,0.11,0.6,0.14,0.0,0.71,0.47,0.36,0.8,0.73,0.92,0.29,0.29,0.18,0.1,0.08,0.92,0.02,0.02,,0.56,0.0,0.69,0.0,0.67,0.98,0.73,0.0,0.35,0.0
P.S. 69 Vincent D. Grippo School,,0.03,0.28,0.95,,,0.05,0.92,1.0,,1.0,0.0,,0.0,1.0,0.0,,0.03,0.03,0.0,1.0,0.0,0.32,1.0,0.26,0.97,,0.0,0.24,0.0,0.0,0.74,,,0.0,,,0.0,,0.0,1.0,0.0,,0.0,0.0,0.97,1.0,,0.0,,1.0,0.97,1.0,,0.0,,0.95,,0.95,1.0,1.0,1.0,0.13,1.0,0.97,,0.05,0.0,,1.0,1.0,0.05,0.0,0.97,,,1.0,,,,0.97,,0.71,,0.29,0.21,0.13,0.03,0.95,0.63,0.97,,0.0,0.0,,0.0,0.67,0.0,,1.0,0.03,0.03,1.0,1.0,0.97,0.0,0.05,,0.03,0.03,0.97,0.0,0.03,,,0.0,0.95,,0.85,0.97,0.97,0.0,0.0,
Urban Assembly Gateway School For Technology,0.2,0.41,0.71,0.62,1.0,,0.13,0.89,0.51,0.0,0.87,0.0,1.0,0.08,0.43,0.24,0.0,0.32,0.11,0.11,0.81,0.12,0.38,0.76,0.39,0.89,0.0,0.18,0.5,0.51,0.12,0.61,1.0,1.0,0.24,0.0,0.0,0.0,1.0,0.57,0.54,0.36,0.0,0.13,0.46,0.54,1.0,,0.0,,0.92,0.95,0.0,1.0,0.3,0.8,0.39,,0.86,0.94,0.82,0.49,0.05,0.7,0.86,0.0,0.11,0.16,0.0,0.82,0.0,0.61,1.0,0.82,0.29,1.0,0.88,0.0,0.8,0.8,0.62,1.0,0.54,,0.14,0.41,0.24,0.22,0.58,0.68,0.86,0.0,0.03,0.49,1.0,0.19,0.93,0.05,0.0,0.78,0.46,0.27,0.75,0.62,0.78,0.22,0.38,0.2,0.14,0.08,0.78,0.06,0.05,0.0,1.0,0.0,0.89,0.0,0.79,0.95,0.54,0.18,0.38,0.0
Bronx Compass High School,,0.0,0.4,0.9,0.88,,0.1,0.9,1.0,0.0,1.0,0.0,,0.0,0.95,0.0,,0.0,0.05,0.1,0.95,0.0,0.26,1.0,0.47,0.95,,0.0,0.37,0.1,0.0,0.53,1.0,1.0,0.0,,0.12,0.0,,0.1,0.95,0.05,,0.0,0.05,1.0,1.0,,0.0,,1.0,1.0,0.0,,0.0,,1.0,,0.89,1.0,1.0,0.9,0.28,1.0,0.86,0.0,0.14,0.05,,1.0,0.0,0.0,0.94,0.89,0.0,,1.0,0.0,,,1.0,,0.53,,0.0,0.47,0.14,0.0,0.95,0.53,0.9,0.0,0.05,0.0,0.75,0.0,0.68,0.0,,0.95,0.0,0.0,1.0,1.0,0.83,0.05,0.1,,0.14,0.05,1.0,0.06,0.14,0.0,1.0,0.0,0.86,,0.86,0.86,1.0,0.0,0.0,0.0
Bryan'S Educational Center,0.0,,,,0.0,0.0,,,,,0.0,0.0,0.0,0.0,,,0.0,,,,,0.0,,,,,0.0,0.0,,,0.0,,0.0,0.0,,0.0,0.0,,0.0,,,,0.0,0.0,,,,,0.0,0.0,0.0,,0.0,0.0,,0.0,,0.0,,0.0,0.0,,,,,0.0,,,0.0,0.0,0.0,,0.0,,0.0,0.0,0.0,,0.0,0.0,,0.0,,0.0,,,,,0.0,0.0,,0.0,0.0,,0.0,0.0,1.0,,0.0,,,,,,,,,0.0,,,,0.0,,,0.0,0.0,,0.0,,,,0.0,,0.0
P.S. 007 Samuel Stern,,0.36,0.29,0.9,,,0.07,0.88,0.77,,1.0,0.14,,0.0,0.92,0.17,,0.29,0.0,0.0,1.0,0.0,0.3,0.83,0.5,1.0,,0.0,0.4,0.09,0.0,0.5,,,0.36,,,0.08,,0.27,0.85,0.57,,0.0,0.15,0.58,0.92,,,,1.0,1.0,,,0.2,,,,1.0,1.0,1.0,0.91,0.2,0.8,0.93,,0.46,0.15,,1.0,0.86,,0.0,1.0,,,1.0,,,,1.0,,0.8,,0.09,0.5,0.12,,0.89,0.75,0.82,,0.0,0.36,,0.0,0.46,0.0,,0.86,0.42,0.27,0.64,0.55,0.93,0.14,0.1,,0.07,0.07,,0.0,0.13,,,,0.54,,0.88,0.87,0.9,0.0,0.36,
Cypress Hills Collegiate Preparatory School,,0.11,0.05,0.81,1.0,,0.04,0.85,0.81,0.0,1.0,0.0,1.0,0.0,0.81,0.15,0.0,0.3,0.08,0.04,0.81,0.0,0.23,0.85,0.46,0.92,,0.0,0.38,0.15,0.0,0.54,1.0,1.0,0.15,,0.0,0.0,,0.3,0.81,0.07,0.0,0.0,0.19,0.78,1.0,,0.0,,1.0,1.0,0.0,1.0,0.11,,0.85,,0.85,1.0,1.0,0.85,0.12,0.89,0.92,0.0,0.22,0.04,0.0,1.0,0.0,0.15,1.0,1.0,0.0,1.0,1.0,0.0,,1.0,0.89,,0.54,,0.15,0.5,0.26,0.07,0.81,0.58,0.96,0.0,0.0,0.19,1.0,0.0,0.96,0.11,0.0,0.7,0.22,0.15,0.85,0.85,0.92,0.3,0.19,,0.08,0.11,0.93,0.08,0.04,0.0,1.0,0.0,0.78,0.0,0.81,0.96,0.85,0.0,0.15,0.0
Bronx High School For Medical Science,0.14,0.03,0.15,0.97,1.0,0.0,0.08,0.95,1.0,0.0,1.0,0.07,1.0,0.08,0.94,0.0,0.0,0.0,0.03,0.0,0.92,0.0,0.08,1.0,0.28,0.97,0.14,0.0,0.28,0.0,0.07,0.72,1.0,1.0,0.0,0.0,0.0,0.0,1.0,0.06,0.94,0.0,0.0,0.0,0.06,1.0,1.0,,0.0,1.0,0.92,1.0,0.0,1.0,0.03,0.86,1.0,1.0,1.0,0.93,1.0,1.0,0.06,0.97,0.95,0.0,0.11,0.0,0.0,1.0,0.93,0.0,1.0,1.0,0.0,1.0,0.93,0.0,1.0,1.0,0.94,1.0,0.78,0.0,0.0,0.17,0.13,0.0,0.89,0.78,0.91,0.0,0.0,0.0,1.0,0.0,0.88,0.0,0.0,0.97,0.0,0.0,0.97,1.0,0.92,0.03,0.03,0.0,0.05,0.0,1.0,0.0,0.03,0.0,1.0,0.0,0.89,0.0,0.92,0.97,1.0,0.0,0.0,0.0
P.S. 001 Alfred E. Smith,0.0,0.12,0.25,0.75,,0.0,0.0,1.0,0.84,,1.0,0.08,0.0,0.0,0.84,0.16,0.0,0.16,0.0,0.0,0.89,0.0,0.25,0.84,0.47,1.0,0.0,0.0,0.53,0.29,0.0,0.53,,,0.16,0.0,,0.0,0.0,0.24,0.84,0.26,0.0,0.1,0.16,0.89,1.0,,0.33,0.0,1.0,0.95,0.67,0.0,0.22,0.0,0.9,0.0,0.94,0.9,1.0,0.71,0.18,0.78,1.0,,0.21,0.11,0.0,0.9,0.92,0.1,0.0,0.95,,0.0,1.0,,0.0,0.0,0.88,0.0,0.62,0.0,0.41,0.35,0.21,0.0,0.5,0.67,0.81,,0.0,0.11,,0.0,0.9,0.0,0.0,1.0,0.11,0.17,0.89,0.67,1.0,0.0,0.25,0.0,0.0,0.0,1.0,0.0,0.05,,,0.0,0.79,0.0,0.74,0.95,1.0,0.1,0.05,
P.S. 005 Dr. Ronald Mcnair,,0.29,0.44,0.5,,,0.0,0.79,0.64,,0.75,,,0.25,0.64,0.29,,0.38,0.14,0.0,0.79,0.25,0.38,0.71,0.62,0.86,,0.25,0.62,0.29,0.25,0.38,,,0.14,,,0.0,,0.29,0.64,0.29,,0.25,0.36,0.71,1.0,,0.0,,0.75,0.79,1.0,,0.21,,0.54,,0.78,0.75,0.75,0.71,0.15,0.79,0.92,,0.14,0.14,,0.75,,0.46,0.0,1.0,,,0.75,,,,0.71,,0.38,,0.43,0.38,0.64,0.14,0.82,0.45,0.83,,0.0,0.36,,0.25,0.61,0.0,,0.5,0.29,0.21,0.83,0.79,0.93,0.5,0.5,,0.08,0.15,0.86,0.0,0.14,,,0.0,0.86,,0.62,0.86,0.71,0.25,0.29,
Sunset Park Avenues Elementary School,0.0,0.28,0.35,0.8,,,0.04,0.92,0.88,,0.79,0.06,0.0,0.11,0.6,0.24,0.0,0.12,0.04,0.0,0.96,0.11,0.32,0.76,0.6,0.96,0.0,0.32,0.72,0.44,0.21,0.4,,,0.04,0.0,,0.0,0.0,0.28,0.64,0.24,0.0,0.11,0.36,0.84,1.0,,0.0,,0.89,1.0,1.0,0.0,0.24,0.0,0.96,,0.87,0.79,0.68,0.56,0.16,0.76,0.96,,0.08,0.2,0.0,0.84,0.94,0.04,0.0,1.0,,0.0,0.79,,0.0,0.0,0.68,0.0,0.76,,0.28,0.24,0.36,0.0,0.77,0.73,0.88,,0.0,0.12,,0.11,0.57,0.0,0.0,0.84,0.16,0.04,0.92,0.72,0.96,0.16,0.2,0.0,0.04,0.04,1.0,0.0,0.08,,,0.0,0.92,0.0,0.76,0.92,0.8,0.16,0.12,
P.S. 039 Henry Bristow,,0.27,0.31,0.91,,,0.0,0.96,0.77,,1.0,0.0,,0.0,0.46,0.27,,0.12,0.0,0.0,1.0,0.0,0.12,0.73,0.25,1.0,,0.0,0.21,0.35,0.0,0.75,,,0.15,,,0.04,,0.12,0.62,0.42,,0.0,0.38,0.77,0.96,,0.0,,1.0,1.0,1.0,,0.54,,0.84,,0.96,1.0,1.0,0.65,0.12,0.46,1.0,,0.35,0.08,,1.0,1.0,0.16,0.0,1.0,,,1.0,,,,0.77,,0.79,,0.31,0.12,0.04,0.27,0.64,0.77,1.0,,0.0,0.31,,0.06,0.93,0.0,,0.88,0.23,0.16,0.92,0.69,1.0,0.12,0.09,,0.0,0.12,0.73,0.0,0.12,,,0.0,0.65,,0.88,0.88,0.85,0.0,0.27,
Liberty High School Academy For Newcomers,,0.0,0.31,0.83,1.0,,0.05,1.0,1.0,0.0,1.0,0.0,,0.0,1.0,0.06,,0.0,0.05,0.0,0.89,0.0,0.06,0.94,0.18,0.95,,0.0,0.18,0.0,0.0,0.82,1.0,1.0,0.0,,0.0,0.0,,0.0,1.0,0.0,,0.0,0.0,0.89,1.0,,0.0,,1.0,0.95,0.0,,0.0,,1.0,,0.95,1.0,1.0,1.0,0.0,1.0,1.0,0.0,0.11,0.0,,1.0,0.0,0.0,1.0,1.0,0.0,,1.0,0.0,,,1.0,,1.0,,0.0,0.0,0.1,0.0,1.0,0.88,1.0,0.0,0.0,0.0,1.0,0.0,0.75,0.0,,1.0,0.11,0.0,0.89,1.0,0.95,0.0,0.17,,0.0,0.0,1.0,0.0,0.05,0.0,1.0,0.0,0.89,,0.95,0.95,1.0,0.0,0.0,0.0
Morris Academy For Collaborative Studies,0.0,0.23,0.39,0.79,1.0,0.14,0.0,0.89,0.81,0.0,0.94,0.0,1.0,0.0,0.84,0.19,0.12,0.27,0.0,0.14,0.86,0.07,0.31,0.81,0.37,1.0,0.0,0.06,0.31,0.14,0.06,0.63,1.0,0.88,0.27,0.0,0.0,0.08,1.0,0.22,0.89,0.08,0.25,0.0,0.11,0.7,0.92,,0.0,0.86,1.0,0.97,0.0,0.75,0.11,1.0,0.92,0.71,0.83,0.94,0.94,0.86,0.17,0.89,0.89,0.0,0.19,0.19,0.25,1.0,0.0,0.08,1.0,1.0,0.12,0.75,0.94,0.0,1.0,0.88,0.81,1.0,0.63,0.29,0.14,0.34,0.22,0.3,0.74,0.6,0.82,0.0,0.0,0.22,1.0,0.06,0.97,0.08,0.25,0.73,0.3,0.22,0.76,0.97,0.97,0.27,0.21,0.0,0.11,0.16,0.7,0.06,0.06,0.0,1.0,0.0,0.81,0.0,0.76,0.94,0.81,0.0,0.3,0.0
Belmont Preparatory High School,,0.09,0.21,0.91,1.0,0.0,0.1,0.91,0.96,0.0,,0.0,1.0,,0.95,0.04,0.0,0.04,0.09,0.0,0.96,,0.17,0.96,0.18,0.91,,,0.17,0.17,,0.82,1.0,1.0,0.04,,0.0,0.04,,0.13,0.96,0.04,0.0,,0.04,0.96,0.96,,0.0,1.0,,0.91,0.0,1.0,0.09,,0.91,1.0,0.86,,,0.83,0.0,0.91,0.83,0.0,0.13,0.04,0.0,,0.0,0.09,1.0,0.86,0.0,1.0,,0.0,,1.0,0.87,,0.91,0.0,0.0,0.09,0.17,0.04,0.96,0.86,0.91,0.0,0.0,0.04,1.0,,0.72,0.0,0.0,1.0,0.04,0.09,0.96,0.91,0.91,0.0,0.09,,0.17,0.0,0.96,0.0,0.09,0.0,1.0,0.0,0.87,0.0,0.83,0.91,0.91,,0.04,0.0
Academy Of Hospitality And Tourism,,0.12,0.1,0.79,,,0.12,0.78,0.81,0.0,,0.0,,,0.88,0.19,,0.19,0.0,0.06,0.81,0.0,0.19,0.81,0.19,1.0,,0.17,0.31,0.12,0.0,0.81,,,0.12,,,0.12,,0.25,0.88,0.19,,,0.12,0.81,0.88,,0.0,,,0.94,0.0,,0.12,,1.0,,0.94,,0.83,0.88,0.25,0.88,0.93,,0.0,0.19,,0.83,0.0,0.0,1.0,0.94,,,1.0,0.0,,,0.94,,0.75,,0.12,0.25,0.22,0.0,0.87,0.73,0.8,,0.0,0.12,,0.0,0.95,0.0,,0.8,0.19,0.19,0.81,0.81,0.94,0.2,0.21,,0.07,0.06,1.0,0.0,0.06,0.0,,0.0,1.0,,0.82,0.94,0.88,0.17,0.25,
Young Women'S Leadership School Of Brooklyn,,0.27,0.38,0.62,0.8,,0.0,0.76,0.75,0.0,,,,,0.4,0.27,,0.31,0.0,0.2,0.6,,0.2,0.73,0.53,1.0,,,0.4,0.33,,0.47,0.8,0.8,0.31,,0.2,0.13,,0.47,0.47,0.38,,,0.53,0.62,0.87,,0.0,,,1.0,0.0,,0.33,,0.5,,0.73,,,0.67,0.27,0.67,0.88,0.0,0.6,0.33,,,,0.5,1.0,0.88,0.4,,,0.0,,,0.87,,0.53,,0.0,0.53,0.59,0.07,0.73,0.67,0.79,0.8,0.11,0.31,0.8,,0.59,0.0,,0.5,0.38,0.13,0.94,0.53,0.88,0.5,0.38,,0.12,0.25,0.93,0.0,0.12,0.0,0.2,0.0,0.4,,0.35,0.88,0.67,,0.19,0.0
Infant & Child Learning Ctr. - Stanley S Lamm Institute - Preschool,0.0,,,,0.0,0.0,,,,,,0.0,0.0,,,,0.0,,,,,0.0,,,,,0.0,0.0,,,0.0,,0.0,0.0,,0.0,0.0,,0.0,,,,0.0,0.0,,,,,0.0,0.0,,,0.0,0.0,,0.0,,0.0,,,0.0,,,,,0.0,,,0.0,0.0,0.0,,0.0,,0.0,0.0,0.0,,0.0,0.0,,0.0,,0.0,,,,,,,,0.0,0.0,,0.0,,0.5,,0.0,,,,,,,,,0.0,,,,0.0,,,0.0,0.0,,0.0,,,,0.0,,0.0
P.S. 328 Phyllis Wheatley,0.0,0.3,0.25,0.89,,0.0,0.08,1.0,0.7,,1.0,0.17,0.0,0.0,0.78,0.33,0.0,0.45,0.0,0.09,0.9,0.0,0.5,0.67,0.4,1.0,0.0,0.0,0.4,0.33,0.0,0.6,,,0.18,0.0,,0.1,0.0,0.3,0.78,0.36,0.0,0.0,0.22,0.73,0.9,,0.4,0.0,1.0,0.92,0.6,0.0,0.33,0.0,0.88,0.0,0.85,1.0,1.0,0.67,0.1,0.67,1.0,,0.6,0.2,0.0,1.0,0.83,0.12,0.0,1.0,,0.0,1.0,,0.0,0.0,0.78,0.0,0.56,0.0,0.4,0.3,0.15,0.11,0.75,0.5,1.0,,0.0,0.3,,0.0,0.54,0.0,0.0,0.7,0.27,0.33,0.73,0.78,0.92,0.3,0.11,0.0,0.0,0.0,0.89,0.0,0.0,,,0.0,0.4,0.0,0.85,1.0,0.6,0.0,0.27,
Bronx Alliance Middle School,0.33,0.05,0.25,0.72,1.0,,0.0,0.87,0.81,0.0,,0.0,,,0.95,0.05,,0.1,0.05,0.05,0.95,,0.16,0.95,0.37,0.95,0.0,,0.37,0.0,,0.63,1.0,1.0,0.0,0.0,0.0,0.0,0.83,0.05,1.0,0.0,,,0.0,0.9,1.0,,0.0,,,1.0,0.0,,0.05,0.67,0.95,,0.95,,,1.0,0.16,0.95,0.87,0.0,0.4,0.1,,,1.0,0.05,0.0,0.91,0.0,,,0.0,0.83,,0.95,1.0,0.53,,0.05,0.37,0.17,0.0,0.74,0.58,0.82,0.0,0.0,0.05,1.0,,0.92,0.0,,0.71,0.1,0.0,0.9,1.0,0.95,0.29,0.28,0.17,0.13,0.05,1.0,0.0,0.04,0.0,1.0,0.0,0.6,,0.78,0.96,0.95,,0.05,0.0
Cornerstone Academy For Social Action,,0.17,0.64,0.94,,,0.04,0.72,0.92,,0.71,0.08,,0.31,0.6,0.08,,0.2,0.08,0.04,0.79,0.29,0.09,0.92,0.32,0.92,,0.38,0.45,0.35,0.29,0.68,,,0.08,,,0.08,,0.26,0.6,0.16,,0.31,0.4,0.88,0.92,,0.08,,0.69,1.0,0.92,,0.12,,,,0.9,0.76,0.62,0.65,0.14,0.88,0.68,,0.32,0.2,,0.71,0.92,,0.0,0.96,,,0.71,,,,0.74,,0.64,,0.42,0.32,0.28,,0.67,0.32,0.94,,0.0,0.12,,0.29,0.86,0.0,,0.52,0.12,0.17,0.88,0.92,0.91,0.48,0.06,,0.32,0.2,,0.0,0.13,,,0.08,0.68,,0.6,0.87,0.88,0.29,0.12,
"Giocare, Llc",0.0,,,,0.0,0.0,,,,,,0.0,0.0,,,,0.0,,,,,,,,,,0.0,,,,,,0.0,0.0,,0.0,0.0,,0.0,,,,0.0,,,,,,0.0,0.0,,,0.0,0.0,,0.0,,0.0,,,,,,,,0.0,,,0.0,,0.0,,0.0,,0.0,0.0,,,0.0,0.0,,0.0,,0.0,,,,,,,,0.0,0.0,,0.0,,1.0,,0.0,,,,,,,,,0.0,,,,0.0,,,0.0,0.0,,0.0,,,,,,0.0
Lafayette Academy,,0.0,0.38,1.0,,,0.0,1.0,1.0,0.0,1.0,0.06,,0.0,0.94,0.0,,0.0,0.0,0.0,0.94,0.0,0.12,1.0,0.12,1.0,,0.0,0.0,0.12,0.0,0.88,,,0.06,,,0.0,,0.12,0.94,0.0,,0.0,0.06,0.94,1.0,,0.0,,1.0,1.0,0.0,,0.0,,1.0,,1.0,,1.0,0.88,0.0,1.0,1.0,,0.07,0.0,,1.0,0.94,0.0,0.0,0.93,,,1.0,0.0,,,0.93,,0.88,,0.0,0.0,0.0,0.0,0.94,0.94,1.0,,0.0,0.06,,0.0,0.8,0.06,,0.94,0.06,0.0,1.0,1.0,0.93,0.06,0.0,,0.0,0.0,1.0,0.0,0.0,0.0,,0.0,0.93,,0.94,1.0,0.94,0.0,0.06,
Sunny Skies Preschool,0.0,,,,0.0,0.0,,,,,0.0,0.0,0.0,0.0,,,0.0,,,,,0.0,,,,,0.0,0.0,,,0.0,,0.0,0.0,,0.0,0.0,,0.0,,,,0.0,0.0,,,,,0.0,0.0,0.0,,0.0,0.0,,0.0,,0.0,,0.0,0.0,,,,,0.0,,,0.0,0.0,0.0,,0.0,,0.0,0.0,0.0,,0.0,0.0,,0.0,,0.0,,,,,0.0,0.0,,0.0,0.0,,0.0,0.0,1.0,,0.0,,,,,,,,,0.0,,,,0.0,,,0.0,0.0,,0.0,,,,0.0,,0.0
Validus Preparatory Academy,0.0,0.17,0.22,0.67,,,0.0,0.92,0.75,0.0,1.0,0.0,,0.0,0.67,0.17,,0.17,0.0,0.08,0.92,0.0,0.17,0.83,0.5,1.0,0.0,0.0,0.5,0.25,0.0,0.5,,,0.08,0.0,,0.08,0.0,0.25,0.67,0.17,,0.2,0.33,0.92,0.92,,0.0,,1.0,1.0,0.0,,0.17,0.0,0.64,,0.91,0.8,1.0,0.75,0.33,0.83,0.92,,0.17,0.0,,1.0,0.0,0.36,1.0,0.91,,,1.0,0.0,0.0,,0.91,0.0,0.5,,0.08,0.5,0.08,0.0,1.0,0.55,0.92,,0.0,0.08,,0.0,0.46,0.0,,0.92,0.08,0.17,0.92,0.83,0.82,0.08,0.33,0.0,0.08,0.08,1.0,0.0,0.09,0.0,,0.0,0.83,,0.83,0.91,0.83,0.0,0.08,
Battalion Christian Academy,0.0,,,,0.0,0.0,,,,,0.0,0.0,0.0,0.0,,,0.0,,,,,0.0,,,,,0.0,0.0,,,0.0,,0.0,0.0,,0.0,0.0,,0.0,,,,0.0,0.0,,,,,0.0,0.0,0.0,,0.0,0.0,,0.0,,0.0,,0.0,0.0,,,,,0.0,,,0.0,0.0,0.0,,0.0,,0.0,0.0,0.0,,0.0,0.0,,0.0,,0.0,,,,,0.0,0.0,,0.0,0.0,,0.0,0.0,1.0,,0.0,,,,,,,,,0.0,,,,0.0,,,0.0,0.0,,0.0,,,,0.0,,0.0
Theatre Arts Production Company School,0.14,0.22,0.27,0.62,0.86,0.0,0.05,0.7,0.85,0.0,1.0,0.0,1.0,0.0,0.67,0.18,0.0,0.13,0.03,0.11,0.82,0.07,0.17,0.82,0.53,0.97,0.0,0.0,0.66,0.18,0.0,0.47,0.86,0.71,0.1,0.0,0.14,0.16,0.86,0.27,0.76,0.1,0.0,0.0,0.24,0.85,0.84,,0.0,1.0,1.0,0.97,0.0,1.0,0.13,0.86,0.71,1.0,0.74,1.0,1.0,0.82,0.14,0.87,0.92,0.14,0.46,0.13,0.14,1.0,1.0,0.29,1.0,0.97,0.29,1.0,1.0,0.0,1.0,1.0,0.84,0.86,0.56,0.0,0.11,0.47,0.4,0.18,0.81,0.4,0.85,0.29,0.0,0.15,0.71,0.07,0.85,0.08,0.0,0.76,0.15,0.18,0.76,0.85,0.89,0.24,0.38,0.0,0.08,0.11,0.82,0.05,0.03,0.0,0.71,0.0,0.54,0.0,0.55,0.97,0.82,0.0,0.08,0.14
P.S. 067 Charles A. Dorsey,,0.0,0.22,0.89,,,0.0,0.94,1.0,,1.0,0.0,,0.0,1.0,0.0,,0.0,0.0,0.0,1.0,0.0,0.11,1.0,0.35,1.0,,0.0,0.39,0.0,0.0,0.65,,,0.0,,,0.0,,0.0,0.94,0.0,,0.0,0.06,1.0,1.0,,0.46,,1.0,1.0,0.54,,0.0,,1.0,,1.0,1.0,1.0,1.0,0.17,1.0,1.0,,0.61,0.0,,1.0,1.0,0.0,0.0,1.0,,,1.0,,,,1.0,,0.5,,0.0,0.33,0.17,,0.88,0.31,0.94,,0.0,0.0,,0.0,0.78,0.0,,1.0,0.0,0.0,1.0,1.0,1.0,0.0,0.11,,0.0,0.0,,0.0,0.0,,,0.0,0.39,,0.89,1.0,1.0,0.0,0.0,
"New Generation Learning Center, Inc",0.0,,,,0.0,0.0,,,,,0.0,0.0,0.0,0.0,,,0.0,,,,,0.0,,,,,0.0,0.0,,,0.0,,0.0,0.0,,0.0,0.0,,0.0,,,,0.0,0.0,,,,,0.0,0.0,0.0,,0.0,0.0,,0.0,,0.0,,0.0,0.0,,,,,0.0,,,0.0,0.0,0.0,,0.0,,0.0,0.0,0.0,,0.0,0.0,,0.0,,0.0,,,,,0.0,0.0,,0.0,0.0,,0.0,0.0,1.0,,0.0,,,,,,,,,0.0,,,,0.0,,,0.0,0.0,,0.0,,,,0.0,,0.0
P.S. 159 Isaac Pitkin,,0.0,0.07,0.95,,,0.02,1.0,1.0,0.0,0.96,0.0,0.0,0.04,1.0,0.0,0.0,0.0,0.02,0.0,1.0,0.0,0.15,1.0,0.28,0.98,,0.0,0.31,0.02,0.04,0.72,,,0.02,,,0.0,,0.0,0.95,0.02,0.0,0.04,0.05,1.0,1.0,,0.04,,0.96,0.98,0.96,0.0,0.0,,0.98,,0.98,0.96,1.0,0.98,0.1,1.0,0.97,,0.07,0.0,0.0,1.0,1.0,0.02,0.0,0.98,,0.0,0.96,1.0,,0.0,0.98,,0.85,,0.17,0.18,0.07,0.0,0.93,0.62,0.95,,0.0,0.02,,0.0,0.73,0.0,0.0,1.0,0.0,0.02,1.0,1.0,0.98,0.0,0.05,,0.03,0.02,1.0,0.0,0.02,0.0,,0.0,0.93,0.0,0.93,0.98,1.0,0.0,0.02,
West Brooklyn Community High School,,0.0,0.62,1.0,,,0.0,1.0,1.0,0.0,,0.0,,,0.94,0.0,,0.0,0.06,0.0,1.0,,0.07,1.0,0.6,0.94,,,0.4,0.29,,0.4,,,0.06,,,0.0,,0.06,0.94,0.0,,,0.06,0.88,1.0,,0.0,,,1.0,0.0,,0.0,,0.4,,1.0,,,0.71,0.14,1.0,0.93,,0.0,0.0,,,0.0,0.6,0.94,1.0,,,,0.0,,,0.71,,0.53,,0.0,0.33,0.16,0.24,0.93,0.57,1.0,,0.06,0.0,,,1.0,0.0,,0.88,0.12,0.0,1.0,0.94,0.94,0.12,0.0,,0.07,0.0,0.76,0.06,0.0,0.0,,0.0,1.0,,0.89,1.0,1.0,,0.0,
P.S. 173,,0.08,0.38,0.92,,,0.04,0.93,0.96,,0.89,0.06,,0.0,0.81,0.08,,0.04,0.04,0.0,0.85,0.06,0.08,0.92,0.28,0.96,,0.06,0.28,0.16,0.0,0.72,,,0.04,,,0.04,,0.12,0.84,0.08,,0.0,0.16,0.88,0.96,,0.06,,1.0,0.96,0.94,,0.04,,0.96,,0.89,1.0,0.94,0.84,0.04,0.96,0.93,,0.12,0.04,,1.0,0.94,0.04,0.0,0.93,,,1.0,,,,0.88,,0.84,,0.16,0.12,0.11,0.04,0.95,0.65,0.92,,0.0,0.08,,0.0,0.63,0.04,,0.92,0.12,0.04,0.96,0.92,0.93,0.08,0.08,,0.07,0.04,0.96,0.0,0.07,,,0.06,0.88,,0.85,0.93,0.96,0.0,0.04,
P.S. 163 Alfred E. Smith,,0.23,0.14,0.97,,,0.03,0.97,0.94,,0.96,0.04,,0.0,0.8,0.03,,0.03,0.0,0.11,0.94,0.04,0.14,0.97,0.26,1.0,,0.04,0.38,0.31,0.0,0.74,,,0.06,,,0.03,,0.17,0.83,0.08,,0.08,0.17,0.78,0.97,,0.0,,1.0,1.0,1.0,,0.09,,0.8,,0.86,0.92,0.96,0.69,0.11,0.91,0.94,,0.17,0.03,,1.0,0.96,0.2,0.0,1.0,,,1.0,,,,0.63,,0.74,,0.14,0.17,0.25,0.15,0.88,0.75,0.97,,0.0,0.17,,0.0,0.82,0.03,,0.94,0.22,0.23,0.94,0.89,0.89,0.06,0.03,,0.06,0.03,0.85,0.0,0.03,,,0.0,0.83,,0.75,0.97,0.82,0.0,0.06,
East New York Elementary School Of Excellence,,0.15,0.3,0.81,,,0.06,0.86,0.85,,0.89,0.04,,0.04,0.91,0.06,,0.21,0.06,0.03,0.97,0.04,0.27,0.94,0.41,0.94,,0.04,0.45,0.0,0.07,0.59,,,0.18,,,0.0,,0.09,0.85,0.15,,0.0,0.15,0.76,1.0,,0.16,,0.96,0.94,0.84,,0.06,,0.97,,0.91,0.88,0.96,1.0,0.18,0.94,0.97,,0.45,0.03,,1.0,0.96,0.03,0.0,0.94,,,0.93,,,,0.97,,0.76,,0.28,0.3,0.14,0.03,0.9,0.63,0.9,,0.0,0.18,,0.04,0.83,0.06,,0.82,0.24,0.09,0.79,0.91,0.97,0.18,0.19,,0.03,0.09,0.97,0.0,0.06,,,0.0,0.55,,0.83,0.94,0.91,0.0,0.21,
Brooklyn Preparatory High School,0.33,0.08,0.18,1.0,1.0,0.0,0.0,1.0,0.96,0.0,1.0,0.0,1.0,0.0,0.88,0.0,0.0,0.04,0.03,0.0,0.96,0.0,0.19,1.0,0.41,0.97,0.0,0.0,0.26,0.08,0.0,0.59,1.0,1.0,0.04,0.0,0.0,0.0,1.0,0.15,0.96,0.04,0.0,0.0,0.04,0.96,1.0,,0.0,1.0,1.0,1.0,0.0,0.83,0.0,0.67,1.0,1.0,1.0,1.0,1.0,0.92,0.07,1.0,0.93,0.0,0.22,0.0,0.0,1.0,0.0,0.0,1.0,1.0,0.0,1.0,1.0,0.0,1.0,1.0,0.96,1.0,0.78,0.0,0.04,0.15,0.0,0.0,0.92,0.78,1.0,0.0,0.0,0.0,1.0,0.0,0.76,0.0,0.0,0.93,0.04,0.04,1.0,1.0,0.97,0.07,0.0,0.0,0.07,0.04,1.0,0.0,0.03,0.0,1.0,0.0,0.78,0.0,0.72,0.97,0.96,0.0,0.0,0.0
P.S. 272 Curtis Estabrook,,0.17,0.53,0.71,,,0.09,0.79,0.78,,0.94,0.08,,0.12,0.83,0.17,,0.09,0.09,0.04,0.92,0.12,0.14,0.83,0.48,0.91,,0.06,0.52,0.17,0.06,0.52,,,0.22,,,0.08,,0.21,0.83,0.22,,0.12,0.17,0.7,0.92,,0.19,,0.88,0.92,0.81,,0.12,,0.65,,0.8,0.88,0.94,0.83,0.14,0.88,0.91,,0.25,0.08,,0.88,0.92,0.35,0.0,0.91,,,0.94,,,,0.87,,0.55,,0.33,0.5,0.29,0.17,0.67,0.42,0.75,,0.0,0.22,,0.12,0.55,0.08,,0.71,0.3,0.04,0.92,0.92,0.91,0.29,0.29,,0.09,0.08,0.83,0.0,0.08,,,0.06,0.75,,0.75,0.92,0.83,0.12,0.09,
Performing Arts And Technology High School,,0.06,0.2,0.81,0.8,,0.0,0.82,0.78,0.0,1.0,0.0,0.8,0.0,0.94,0.11,0.2,0.22,0.0,0.0,0.89,0.0,0.24,0.89,0.38,1.0,,0.0,0.38,0.22,0.0,0.62,0.8,0.8,0.17,,0.2,0.06,,0.28,0.89,0.22,0.2,0.0,0.11,0.78,0.94,,0.0,,1.0,1.0,0.0,0.8,0.17,,0.89,,0.81,1.0,1.0,0.78,0.18,0.83,1.0,0.2,0.22,0.12,0.2,1.0,0.0,0.11,0.93,1.0,0.2,0.8,1.0,0.0,,0.8,0.78,,0.76,,0.06,0.24,0.28,0.06,0.88,0.71,0.81,0.2,0.0,0.17,0.8,0.0,0.64,0.0,0.2,0.83,0.22,0.22,0.89,0.78,1.0,0.17,0.19,,0.0,0.06,0.94,0.06,0.0,0.0,0.8,0.0,0.78,0.2,0.76,1.0,0.83,0.0,0.17,0.2
P.S. 076 A. Philip Randolph,,0.33,0.17,0.75,,,0.0,0.82,0.89,0.0,,0.0,,,0.78,0.33,,0.11,0.0,0.11,0.89,0.0,0.0,0.67,0.38,1.0,,0.0,0.38,0.33,0.0,0.62,,,0.11,,,0.11,,0.33,0.89,0.22,,,0.11,0.78,0.89,,,,,1.0,,,0.22,,0.78,,0.73,,1.0,0.67,0.0,0.78,0.8,,0.67,0.22,,0.8,1.0,0.22,0.0,0.9,,,1.0,0.0,,,0.78,,1.0,,0.33,0.0,0.45,0.22,0.75,0.75,0.75,,0.0,0.22,,0.2,0.39,0.0,,0.78,0.22,0.11,0.89,0.78,1.0,0.22,0.25,,0.2,0.22,0.78,0.0,0.18,0.0,,,0.33,,0.55,0.82,0.89,0.2,0.11,
Washington Heights Academy,0.09,0.09,0.27,0.9,1.0,,0.0,0.97,1.0,,1.0,0.04,,0.06,0.91,0.0,,0.03,0.0,0.0,0.91,0.0,0.06,1.0,0.16,1.0,0.0,0.12,0.19,0.03,0.0,0.84,1.0,1.0,0.0,0.0,0.0,0.03,1.0,0.12,0.94,0.0,,0.0,0.06,1.0,0.97,,0.12,,0.94,0.97,0.88,,0.0,0.91,0.91,,0.94,1.0,0.88,0.97,0.03,1.0,0.97,0.17,0.06,0.0,,0.88,0.96,0.09,0.0,0.97,0.0,,1.0,,1.0,,0.91,1.0,0.91,,0.3,0.06,0.09,0.03,0.9,0.93,0.9,0.0,0.0,0.03,0.83,0.0,0.92,0.0,,0.94,0.0,0.0,0.97,1.0,1.0,0.06,0.1,0.0,0.03,0.0,0.97,0.0,0.03,,1.0,0.06,0.94,,0.84,0.97,0.94,0.12,0.0,0.17
Emma Lazarus High School,,0.14,0.43,0.93,,,0.07,1.0,0.93,0.0,1.0,0.0,,0.0,0.79,0.0,,0.14,0.0,0.0,0.86,0.0,0.0,1.0,0.15,1.0,,0.0,0.15,0.0,0.0,0.85,,,0.0,,,0.0,,0.23,1.0,0.14,,0.0,0.0,0.79,1.0,,0.0,,1.0,1.0,0.0,,0.0,,0.77,,1.0,1.0,1.0,1.0,0.0,1.0,0.56,,0.0,0.0,,1.0,0.0,0.23,1.0,0.71,,,1.0,0.0,,,1.0,,1.0,,0.0,0.0,0.07,0.14,1.0,0.92,1.0,,0.0,0.14,,0.0,0.75,0.0,,1.0,0.21,0.21,0.93,0.79,0.87,0.0,0.07,,0.44,0.0,0.86,0.07,0.0,0.0,,0.0,1.0,,1.0,1.0,0.93,0.0,0.07,
P.S. 230 Doris L. Cohen,,0.08,0.23,0.91,1.0,,0.0,0.95,0.95,0.1,0.95,0.02,1.0,0.03,0.95,0.03,0.0,0.03,0.0,0.05,1.0,0.05,0.14,0.97,0.31,1.0,,0.08,0.39,0.08,0.05,0.69,1.0,1.0,0.05,,0.0,0.02,,0.03,0.97,0.03,0.0,0.03,0.03,0.86,0.98,,0.0,,0.97,1.0,1.0,1.0,0.02,,0.98,,0.91,0.97,0.92,0.92,0.07,0.98,1.0,0.0,0.0,0.0,0.0,0.92,0.98,0.02,0.0,1.0,0.17,1.0,0.95,0.8,,1.0,0.92,,0.73,,0.13,0.17,0.16,0.1,1.0,0.76,0.98,0.0,0.0,0.03,1.0,0.03,0.76,0.07,0.0,0.94,0.14,0.02,0.94,1.0,0.97,0.06,0.09,,0.0,0.02,0.9,0.0,0.0,0.1,1.0,0.0,1.0,0.0,0.83,1.0,0.95,0.08,0.02,0.0
Park East High School,,0.31,0.5,0.62,1.0,0.33,0.06,0.62,0.62,0.0,1.0,0.0,,0.0,0.44,0.31,,0.43,0.06,0.25,0.88,0.11,0.31,0.69,0.44,0.94,,0.11,0.44,0.25,0.0,0.56,1.0,1.0,0.25,,0.0,0.25,,0.38,0.62,0.44,,0.0,0.38,0.62,0.75,,0.0,0.67,1.0,1.0,0.0,,0.38,,0.4,0.67,0.67,1.0,0.89,0.75,0.06,0.62,0.94,0.0,0.06,0.19,,0.89,0.0,0.6,0.94,0.93,0.0,,1.0,0.0,,,0.56,,0.69,0.33,0.06,0.12,0.31,0.38,0.62,0.62,0.69,0.0,0.0,0.25,1.0,0.11,0.48,0.25,,0.43,0.38,0.19,0.86,0.75,0.79,0.57,0.38,,0.06,0.36,0.62,0.19,0.06,0.0,1.0,0.0,0.94,,0.44,0.94,0.69,0.11,0.19,0.0
A. Philip Randolph Campus High School,0.29,0.16,0.26,0.71,0.9,0.0,0.02,0.82,0.87,0.0,1.0,0.0,0.86,0.0,0.78,0.07,0.29,0.22,0.02,0.13,0.93,0.08,0.2,0.93,0.27,0.98,0.0,0.0,0.41,0.27,0.08,0.73,0.9,0.6,0.11,0.0,0.1,0.13,1.0,0.16,0.8,0.11,0.29,0.0,0.2,0.8,0.87,,0.0,1.0,1.0,0.95,0.0,0.86,0.07,0.71,0.91,1.0,0.82,1.0,1.0,0.73,0.11,0.93,0.93,0.2,0.38,0.18,0.29,1.0,0.0,0.09,0.95,0.93,0.2,0.71,0.92,0.0,1.0,0.86,0.87,1.0,0.89,0.0,0.11,0.2,0.27,0.02,0.89,0.77,0.83,0.1,0.02,0.16,0.8,0.0,0.49,0.11,0.29,0.84,0.2,0.14,0.93,0.87,0.9,0.16,0.29,0.0,0.07,0.11,0.98,0.08,0.07,0.0,0.9,0.0,0.62,0.14,0.77,0.93,0.91,0.0,0.14,0.3
High School For Dual Language And Asian Studies,,0.25,0.2,0.82,,,0.0,1.0,0.75,0.0,,0.0,,,0.75,0.17,,0.33,0.0,0.0,0.83,,0.08,0.83,0.25,1.0,,,0.08,0.55,,0.75,,,0.17,,,0.17,,0.33,0.67,0.33,,,0.33,0.67,0.83,,0.0,,,1.0,0.0,,0.08,,0.91,,0.92,,,0.45,0.0,0.92,0.75,,0.08,0.08,,,0.0,0.09,1.0,0.91,,,,0.0,,,0.55,,0.83,,0.17,0.08,0.42,0.17,1.0,1.0,0.92,,0.0,0.33,,,0.6,0.08,,0.83,0.33,0.25,0.75,0.75,0.91,0.17,0.18,,0.25,0.0,0.83,0.08,0.0,0.0,,0.0,0.92,,0.67,1.0,0.75,,0.25,
Bronx High School Of Business,,0.11,0.3,0.71,0.0,,0.0,0.95,0.85,0.0,1.0,0.0,,0.12,0.68,0.11,,0.3,0.0,0.16,0.89,0.12,0.12,0.89,0.65,1.0,,0.12,0.71,0.22,0.0,0.35,0.0,0.0,0.0,,0.0,0.0,,0.17,0.84,0.16,,0.11,0.16,0.9,1.0,,0.0,,0.88,1.0,0.0,,0.11,,0.95,,0.9,0.75,0.88,0.78,0.12,0.89,0.86,0.0,0.16,0.26,,0.88,0.0,0.05,1.0,0.95,0.0,,1.0,0.0,,,0.88,,0.76,,0.17,0.29,0.24,0.05,0.73,0.27,0.82,0.0,0.0,0.25,0.0,0.12,0.64,0.05,,0.75,0.1,0.0,0.7,0.89,1.0,0.25,0.29,,0.14,0.2,0.95,0.06,0.1,0.0,0.0,0.0,0.84,,0.86,0.9,0.89,0.12,0.15,0.0
River East Elementary,,0.04,0.4,0.96,,0.0,0.04,0.93,1.0,0.2,1.0,0.0,,0.0,0.85,0.04,,0.11,0.0,0.04,0.96,0.05,0.15,0.96,0.37,1.0,,0.05,0.56,0.15,0.1,0.63,,,0.07,,,0.04,,0.07,0.93,0.0,,0.06,0.07,0.93,0.96,,0.3,0.0,1.0,0.96,0.7,,0.04,,,0.0,0.93,1.0,0.95,0.85,0.11,0.96,0.88,,0.22,0.04,,0.95,1.0,,0.0,0.96,,,0.9,0.8,,,0.89,,0.85,0.0,0.04,0.26,0.11,,0.91,0.61,0.96,,0.0,0.07,,0.05,0.96,0.04,,0.89,0.07,0.04,0.85,0.96,0.92,0.11,0.04,,0.12,0.07,,0.0,0.04,0.2,,0.0,0.78,,0.89,0.96,0.96,0.05,0.04,
Fordham Leadership Academy,,0.29,0.59,0.81,1.0,0.0,0.07,0.97,0.57,0.0,0.83,0.0,,0.0,0.71,0.21,,0.39,0.1,0.07,0.93,0.17,0.19,0.79,0.59,0.9,,0.17,0.37,0.29,0.17,0.41,0.86,1.0,0.29,,0.0,0.11,,0.29,0.75,0.29,,0.08,0.25,0.64,0.89,,0.0,1.0,1.0,0.86,0.0,,0.18,,0.75,0.8,0.97,1.0,0.83,0.71,0.3,0.82,0.74,0.0,0.07,0.21,,0.83,0.0,0.25,0.96,0.81,0.29,,0.83,0.0,,,0.75,,0.48,0.2,0.29,0.48,0.17,0.32,0.71,0.6,0.88,0.29,0.07,0.36,1.0,0.25,1.0,0.07,,0.86,0.36,0.21,0.71,0.82,0.79,0.14,0.19,,0.26,0.07,0.68,0.08,0.11,0.0,0.71,0.0,0.93,,0.86,0.89,0.68,0.17,0.39,0.0
M.S. K394,,0.12,0.12,0.91,1.0,,0.05,1.0,0.92,,1.0,0.0,,0.0,0.96,0.0,,0.04,0.0,0.0,1.0,0.0,0.35,1.0,0.17,1.0,,0.0,0.22,0.13,0.0,0.83,1.0,1.0,0.0,,0.0,0.0,,0.04,0.96,0.0,,0.0,0.04,0.96,1.0,,0.0,,1.0,1.0,1.0,,0.08,,0.96,,0.96,1.0,1.0,0.87,0.18,0.92,0.96,0.0,0.08,0.04,,1.0,1.0,0.04,0.0,0.96,0.14,,1.0,,,,0.96,,0.74,,0.21,0.22,0.04,0.0,1.0,0.77,0.91,0.14,0.0,0.0,1.0,0.0,1.0,0.0,,0.96,0.04,0.04,0.92,0.92,0.96,0.04,0.09,,0.04,0.0,1.0,0.0,0.0,,0.86,0.0,0.92,,0.92,1.0,1.0,0.0,0.0,0.0
P.S. 107 John W. Kimball,0.0,0.0,0.33,0.94,,0.0,0.0,0.95,1.0,0.0,1.0,0.0,0.0,0.0,1.0,0.0,0.0,0.0,0.05,0.0,1.0,0.0,0.06,1.0,0.17,0.95,0.0,0.0,0.11,0.33,0.0,0.83,,,0.0,0.0,,0.0,0.0,0.11,1.0,0.0,0.0,0.0,0.0,0.95,1.0,,0.0,0.0,1.0,1.0,1.0,0.0,0.0,0.0,0.95,0.0,1.0,1.0,1.0,0.67,0.0,1.0,0.95,,0.05,0.0,0.0,1.0,1.0,0.05,0.0,1.0,,0.0,1.0,0.0,0.0,0.0,0.78,0.0,0.89,0.0,0.05,0.11,0.1,0.0,0.89,0.89,1.0,,0.0,0.0,,0.0,0.56,0.0,0.0,1.0,0.05,0.0,0.95,1.0,1.0,0.0,0.06,0.0,0.05,0.0,1.0,0.0,0.0,0.0,,0.0,0.95,0.0,0.84,1.0,1.0,0.0,0.0,
P.S./I.S. 157 The Benjamin Franklin Health & Science Academy,,0.0,0.0,1.0,,0.0,0.0,0.95,1.0,,1.0,0.0,0.0,0.0,1.0,0.0,0.0,0.0,0.0,0.0,1.0,0.0,0.0,1.0,0.05,1.0,,0.0,0.0,0.0,0.0,0.95,,,0.0,,,0.0,,0.0,1.0,0.0,0.0,0.0,0.0,1.0,1.0,,0.0,0.0,1.0,1.0,1.0,0.0,0.0,,1.0,0.0,1.0,1.0,1.0,1.0,0.0,1.0,1.0,,0.18,0.0,0.0,1.0,1.0,0.0,0.0,1.0,,0.0,1.0,,,0.0,1.0,,1.0,0.0,0.0,0.0,0.05,0.0,1.0,1.0,1.0,,0.0,0.0,,0.0,0.58,0.0,0.0,1.0,0.0,0.0,1.0,1.0,1.0,0.0,0.0,,0.0,0.0,1.0,0.0,0.0,,,0.0,0.82,0.0,0.95,1.0,1.0,0.0,0.0,
P.S. 065,,0.03,0.12,0.97,,,0.0,0.97,0.93,,1.0,0.0,,0.0,0.97,0.0,,0.06,0.0,0.0,1.0,0.04,0.1,1.0,0.16,1.0,,0.04,0.13,0.03,0.04,0.84,,,0.03,,,0.0,,0.0,0.97,0.03,,0.04,0.03,0.9,1.0,,0.0,,1.0,1.0,1.0,,0.0,,1.0,,0.97,1.0,0.96,0.97,0.03,1.0,1.0,,0.0,0.0,,0.96,1.0,0.0,0.0,0.97,,,0.96,,,,0.94,,0.9,,0.19,0.13,0.06,0.06,1.0,0.93,0.97,,0.0,0.03,,0.0,0.84,0.0,,1.0,0.1,0.1,0.97,1.0,0.94,0.0,0.03,,0.0,0.03,0.94,0.0,0.0,,,0.0,1.0,,0.97,1.0,1.0,0.04,0.0,
Free Greek Community Of The Three Hierarchs,0.0,,,,0.0,0.0,,,,,0.0,0.0,0.0,0.0,,,0.0,,,,,0.0,,,,,0.0,0.0,,,0.0,,0.0,0.0,,0.0,0.0,,0.0,,,,0.0,0.0,,,,,0.0,0.0,0.0,,0.0,0.0,,0.0,,0.0,,0.0,0.0,,,,,0.0,,,0.0,0.0,0.0,,0.0,,0.0,0.0,0.0,,0.0,0.0,,0.0,,0.0,,,,,0.0,0.0,,0.0,0.0,,0.0,0.0,1.0,,0.0,,,,,,,,,0.0,,,,0.0,,,0.0,0.0,,0.0,,,,0.0,,0.0
Independence High School,,0.17,0.09,0.79,1.0,0.2,0.0,0.89,0.74,0.0,,0.0,,,0.78,0.05,,0.11,0.0,0.05,0.83,,0.16,0.95,0.74,1.0,0.0,,0.53,0.17,,0.26,1.0,1.0,0.21,0.0,0.0,0.0,1.0,0.16,0.83,0.26,,,0.17,0.74,1.0,,0.0,0.8,,0.95,0.0,,0.22,,0.83,0.8,0.94,,,0.83,0.26,0.78,0.94,0.0,0.11,0.21,,,0.0,0.17,1.0,1.0,0.12,,,0.0,1.0,,0.94,1.0,0.26,0.2,0.0,0.37,0.32,0.05,0.94,0.61,0.89,0.12,0.0,0.26,0.88,,0.86,0.0,,0.89,0.26,0.22,0.89,0.72,0.83,0.11,0.21,0.0,0.06,0.0,0.95,0.0,0.0,0.0,0.88,0.0,0.89,,0.74,1.0,0.89,,0.06,0.0
The Math & Science Exploratory School,0.1,0.2,0.39,0.88,1.0,,0.05,0.93,0.81,0.0,0.93,0.03,0.6,0.0,0.77,0.07,0.0,0.11,0.04,0.13,0.98,0.0,0.26,0.93,0.31,0.96,0.1,0.08,0.31,0.2,0.0,0.69,1.0,0.88,0.09,0.1,0.0,0.07,0.8,0.16,0.8,0.11,0.0,0.0,0.2,0.86,0.93,,0.0,,1.0,0.98,0.0,0.8,0.09,0.9,0.91,,0.93,1.0,0.92,0.8,0.12,0.91,0.98,0.0,0.36,0.09,0.0,1.0,0.97,0.09,0.0,0.95,0.0,0.8,1.0,0.0,0.9,1.0,0.88,0.8,0.74,,0.02,0.17,0.2,0.09,0.76,0.71,0.88,0.0,0.0,0.11,1.0,0.0,0.79,0.05,0.2,0.84,0.14,0.02,0.93,0.91,0.93,0.16,0.12,0.1,0.02,0.11,0.91,0.0,0.05,0.0,1.0,0.0,0.64,0.4,0.78,0.95,0.89,0.0,0.04,0.0
Soundview Academy For Culture And Scholarship,,0.67,0.5,0.57,0.8,,0.05,0.72,0.31,0.0,,0.09,,,0.38,0.5,,0.62,0.06,0.0,0.88,,0.2,0.5,0.47,0.94,,,0.67,0.4,,0.53,0.8,0.8,0.56,,0.2,0.06,,0.47,0.5,0.69,,,0.5,0.25,0.94,,0.0,,,0.95,0.0,,0.47,,0.44,,0.68,,,0.6,0.27,0.53,0.89,0.0,0.75,0.44,,,0.91,0.56,0.0,0.94,0.2,,,0.0,,,0.67,,0.47,,0.33,0.4,0.42,0.06,0.8,0.6,0.71,0.2,0.0,0.62,1.0,,0.61,0.06,,0.13,0.75,0.47,0.69,0.4,1.0,0.87,0.43,,0.11,0.31,0.94,0.0,0.06,0.0,0.8,0.0,0.25,,0.63,0.94,0.6,,0.56,0.0
P.S. 89,0.0,0.44,0.67,0.94,,,0.05,0.89,0.95,0.0,0.88,0.08,0.0,0.0,0.74,0.11,0.0,0.0,0.0,0.0,1.0,0.0,0.0,0.89,0.06,1.0,0.0,0.0,0.24,0.5,0.0,0.94,,,0.05,0.0,,0.0,0.0,0.39,0.84,0.21,0.0,0.0,0.16,0.84,1.0,,0.0,,1.0,1.0,1.0,0.0,0.22,0.0,0.63,,0.89,1.0,1.0,0.5,0.0,0.78,0.89,,0.0,0.11,0.0,1.0,0.92,0.37,0.0,0.89,,0.0,1.0,0.0,0.0,0.0,0.61,0.0,0.89,,0.05,0.0,0.32,0.16,0.94,1.0,0.94,,0.0,0.11,,0.0,0.68,0.05,0.0,1.0,0.16,0.0,0.95,0.78,1.0,0.0,0.06,0.0,0.11,0.0,0.84,0.0,0.05,0.0,,0.0,1.0,0.0,0.89,0.95,0.78,0.0,0.05,
P.S. 207,0.0,0.04,0.19,0.96,1.0,,0.07,0.93,0.96,,1.0,0.0,1.0,0.0,0.82,0.0,0.0,0.1,0.03,0.0,1.0,0.0,0.18,1.0,0.29,0.97,0.0,0.0,0.39,0.07,0.0,0.71,1.0,1.0,0.07,0.0,0.0,0.0,1.0,0.18,1.0,0.07,0.0,0.0,0.0,0.9,1.0,,0.0,,1.0,0.97,1.0,1.0,0.04,1.0,0.96,,0.96,1.0,1.0,0.93,0.07,0.96,0.9,0.0,0.0,0.03,0.0,1.0,1.0,0.04,0.0,0.9,0.0,1.0,1.0,,1.0,1.0,0.9,1.0,0.86,,0.11,0.14,0.07,0.07,0.96,0.72,0.92,0.0,0.0,0.07,1.0,0.0,1.0,0.0,0.0,0.97,0.1,0.04,0.97,1.0,0.93,0.03,0.04,0.0,0.1,0.03,0.93,0.0,0.07,,1.0,0.0,1.0,0.0,0.93,0.93,0.97,0.0,0.07,0.0
P.S. 110 Florence Nightingale,,0.14,0.33,0.83,,,0.11,0.86,0.85,,0.75,0.0,,0.06,0.48,0.14,,0.14,0.05,0.1,0.9,0.12,0.21,0.86,0.42,0.95,,0.0,0.37,0.35,0.12,0.58,,,0.24,,,0.1,,0.1,0.81,0.1,,0.06,0.19,0.81,0.9,,0.07,,0.94,0.91,0.93,,0.14,,1.0,,0.81,1.0,1.0,0.65,0.11,0.86,0.9,,0.24,0.1,,0.94,1.0,0.0,0.0,0.95,,,0.88,,,,0.75,,0.58,,0.25,0.21,0.32,0.05,0.83,0.53,0.83,,0.0,0.24,,0.0,0.85,0.1,,0.86,0.19,0.19,0.81,0.86,0.95,0.14,0.17,,0.1,0.05,0.95,0.0,0.1,,,0.0,0.76,,0.68,0.9,0.81,0.06,0.24,
P.S. 161 Pedro Albizu Campos,0.0,0.33,0.39,0.96,1.0,0.0,0.03,0.97,0.58,,0.88,0.0,0.83,0.0,0.63,0.3,0.17,0.29,0.09,0.1,0.87,0.0,0.1,0.7,0.55,0.91,0.0,0.06,0.55,0.27,0.0,0.45,1.0,0.88,0.26,0.0,0.0,0.07,1.0,0.23,0.55,0.39,0.0,0.0,0.45,0.58,0.93,,0.23,1.0,1.0,0.94,0.77,0.83,0.21,1.0,0.77,1.0,0.9,0.94,0.94,0.73,0.28,0.79,0.87,0.0,0.55,0.17,0.17,0.89,1.0,0.23,0.0,0.87,0.12,1.0,1.0,,1.0,1.0,0.76,1.0,0.55,0.0,0.5,0.52,0.22,0.07,0.72,0.45,0.96,0.12,0.0,0.45,1.0,0.06,0.46,0.1,0.0,0.84,0.42,0.27,0.81,0.67,0.9,0.16,0.04,0.0,0.13,0.03,0.93,0.0,0.12,,0.88,0.08,0.45,0.17,0.72,0.88,0.63,0.11,0.35,0.0
Comprehensive Model School Project M.S. 327,0.18,0.04,0.27,0.84,1.0,0.29,0.04,0.91,1.0,0.0,0.93,0.05,1.0,0.0,0.92,0.0,0.0,0.0,0.04,0.02,0.94,0.0,0.12,1.0,0.35,0.96,0.0,0.07,0.23,0.15,0.08,0.65,1.0,0.85,0.02,0.0,0.0,0.0,1.0,0.1,0.94,0.0,0.0,0.0,0.06,0.98,1.0,,0.0,0.71,1.0,1.0,0.0,1.0,0.06,0.82,0.94,1.0,0.89,1.0,0.93,0.85,0.06,0.94,0.95,0.15,0.23,0.08,0.0,1.0,0.95,0.06,1.0,1.0,0.15,1.0,0.92,0.0,1.0,1.0,0.94,1.0,0.79,0.0,0.0,0.12,0.18,0.0,0.94,0.77,0.94,0.0,0.0,0.0,0.85,0.0,1.0,0.02,0.0,0.92,0.02,0.0,1.0,0.98,0.96,0.08,0.16,0.0,0.05,0.04,1.0,0.0,0.02,0.0,1.0,0.0,0.77,0.0,0.86,0.98,0.94,0.0,0.0,0.08
NY Child Learning Institute,0.0,,,0.0,0.0,0.0,,,,0.0,,0.0,0.0,,,,0.0,,,,,,,,,,0.0,,,,,,0.0,0.0,,0.0,0.0,,0.0,,,,0.0,,,,,,0.0,0.0,,,0.0,0.0,,0.0,,0.0,,,,,,,,0.0,,,0.0,,0.0,,0.0,,0.0,0.0,,0.0,0.0,0.0,,0.0,,0.0,,,,,,,0.0,0.0,0.0,,0.0,,0.25,,0.0,,,,,,,,0.0,0.0,,,,0.0,,0.0,0.0,0.0,,0.0,,,,,,0.0
Superior,0.0,,,,0.0,0.0,,,,,0.0,0.0,0.0,0.0,,,0.0,,,,,0.0,,,,,0.0,0.0,,,0.0,,0.0,0.0,,0.0,0.0,,0.0,,,,0.0,0.0,,,,,0.0,0.0,0.0,,0.0,0.0,,0.0,,0.0,,0.0,0.0,,,,,0.0,,,0.0,0.0,0.0,,0.0,,0.0,0.0,0.0,,0.0,0.0,,0.0,,0.0,,,,,0.0,0.0,,0.0,0.0,,0.0,0.0,0.5,,0.0,,,,,,,,,0.0,,,,0.0,,,0.0,0.0,,0.0,,,,0.0,,0.0
High School Of Economics And Finance,0.2,0.16,0.28,0.95,,,0.04,0.92,0.76,0.0,,0.0,1.0,,0.8,0.12,0.0,0.21,0.04,0.04,0.92,,0.41,0.88,0.5,0.96,0.0,,0.38,0.12,,0.5,,,0.16,0.2,,0.16,1.0,0.16,0.8,0.2,0.0,,0.2,0.72,0.84,,0.0,,,0.96,0.0,1.0,0.16,0.8,0.8,,0.92,,,0.88,0.09,0.84,0.96,,0.04,0.16,0.0,,0.0,0.2,1.0,0.96,,1.0,,0.0,0.8,1.0,0.84,0.8,0.82,,0.04,0.09,0.23,0.12,0.91,0.76,0.9,,0.0,0.2,,,0.55,0.08,0.0,0.83,0.28,0.2,0.83,0.84,0.92,0.17,0.05,0.2,0.04,0.04,0.88,0.0,0.04,0.0,,0.0,0.96,0.0,0.81,0.96,0.88,,0.16,
Al Noor School,0.0,,,,0.0,0.0,,,,,0.0,0.0,0.0,0.0,,,0.0,,,,,0.0,,,,,0.0,0.0,,,0.0,,0.0,0.0,,0.0,0.0,,0.0,,,,0.0,0.0,,,,,0.0,0.0,0.0,,0.0,0.0,,0.0,,0.0,,0.0,0.0,,,,,0.0,,,0.0,0.0,0.0,,0.0,,0.0,0.0,0.0,,0.0,0.0,,0.0,,0.0,,,,,0.0,0.0,,0.0,0.0,,0.0,0.0,1.0,,0.0,,,,,,,,,0.0,,,,0.0,,,0.0,0.0,,0.0,,,,0.0,,0.0
"Brooklyn Treehouse Preeschool, Inc.",0.0,,,,0.0,0.0,,,,,0.0,0.0,0.0,0.0,,,0.0,,,,,0.0,,,,,0.0,0.0,,,0.0,,0.0,0.0,,0.0,0.0,,0.0,,,,0.0,0.0,,,,,0.0,0.0,0.0,,0.0,0.0,,0.0,,0.0,,0.0,0.0,,,,,0.0,,,0.0,0.0,0.0,,0.0,,0.0,0.0,0.0,,0.0,0.0,,0.0,,0.0,,,,,0.0,0.0,,0.0,0.0,,0.0,0.0,1.0,,0.0,,,,,,,,,0.0,,,,0.0,,,0.0,0.0,,0.0,,,,0.0,,0.0
M.S. 594,0.17,0.1,0.0,0.95,1.0,,0.08,0.88,0.9,0.0,,0.05,,,0.95,0.05,,0.1,0.08,0.1,0.95,,0.05,0.95,0.25,0.92,0.17,0.0,0.2,0.1,0.2,0.75,1.0,1.0,0.1,0.17,0.0,0.05,0.83,0.1,0.95,0.1,,,0.05,0.86,0.95,,0.0,,,0.96,0.0,,0.05,0.83,0.9,,0.96,,1.0,0.9,0.1,0.95,0.92,0.0,0.14,0.05,,1.0,0.95,0.1,0.0,0.96,0.0,,0.8,0.0,0.83,,0.9,0.83,0.8,,0.0,0.25,0.17,0.1,1.0,0.65,0.95,0.0,0.0,0.1,1.0,0.0,0.96,0.05,,0.9,0.14,0.05,0.95,0.9,0.96,0.1,0.05,0.17,0.08,0.1,0.9,0.0,0.04,0.0,1.0,0.0,0.86,,0.83,0.96,0.95,0.0,0.1,0.0
Landmark High School,0.0,0.05,0.5,0.89,1.0,,0.0,1.0,1.0,0.0,,0.0,0.67,,0.79,0.05,0.0,0.0,0.0,0.0,1.0,,0.32,0.95,0.53,1.0,0.0,,0.42,0.05,,0.47,1.0,1.0,0.05,0.0,0.0,0.05,1.0,0.0,0.84,0.05,0.0,,0.16,0.95,0.95,,0.0,,,1.0,0.0,0.83,0.05,1.0,0.89,,0.95,,,0.95,0.26,0.95,0.85,0.0,0.26,0.16,0.0,,0.0,0.11,1.0,0.95,0.0,1.0,,0.0,1.0,0.83,0.95,1.0,0.42,,0.0,0.42,0.15,0.11,0.89,0.53,0.89,0.17,0.0,0.05,1.0,,0.71,0.0,0.0,1.0,0.05,0.05,0.95,0.84,0.95,0.0,0.11,0.0,0.15,0.05,0.89,0.0,0.05,0.0,0.83,0.0,0.74,0.33,0.85,0.95,0.84,,0.05,0.0
Hamilton Grange Middle School,,0.14,0.29,0.73,1.0,,0.13,0.87,0.87,0.0,0.83,0.07,0.8,0.17,0.87,0.13,0.0,0.13,0.2,0.07,0.93,0.17,0.14,0.87,0.27,0.8,,0.17,0.27,0.13,0.17,0.73,1.0,1.0,0.13,,0.0,0.13,,0.27,0.86,0.13,0.0,0.4,0.14,0.87,0.87,,0.0,,0.83,0.87,0.0,1.0,0.13,,0.87,,0.87,0.83,0.83,0.87,0.29,0.87,0.87,0.0,0.29,0.13,0.0,0.83,0.93,0.13,0.0,0.8,0.0,1.0,0.83,0.0,,1.0,0.87,,0.64,,0.13,0.29,0.13,0.14,0.79,0.71,0.87,0.0,0.0,0.13,1.0,0.17,0.45,0.13,0.0,0.87,0.13,0.13,0.87,0.87,0.79,0.13,0.27,,0.13,0.13,0.86,0.0,0.13,0.0,1.0,0.0,0.71,0.2,0.87,0.87,0.87,0.17,0.13,0.0
P.S. 206 Jose Celso Barbosa,0.3,0.19,0.27,0.86,0.91,0.06,0.01,0.84,0.91,,0.87,0.03,0.85,0.08,0.78,0.08,0.08,0.11,0.02,0.09,0.87,0.11,0.19,0.92,0.55,0.98,0.05,0.14,0.51,0.08,0.13,0.45,0.91,0.91,0.11,0.05,0.09,0.06,0.9,0.25,0.88,0.11,0.08,0.08,0.12,0.93,0.94,,0.17,0.94,0.92,0.99,0.83,0.92,0.06,0.7,0.89,0.88,0.91,0.89,0.86,0.92,0.16,0.94,0.96,0.09,0.52,0.09,0.08,0.89,0.97,0.11,0.0,0.95,0.18,0.92,0.87,,0.9,1.0,0.91,0.85,0.63,0.12,0.25,0.38,0.19,0.12,0.8,0.56,0.88,0.09,0.0,0.1,0.86,0.08,0.9,0.08,0.08,0.84,0.07,0.04,0.89,0.94,0.95,0.16,0.14,0.1,0.04,0.09,0.88,0.0,0.05,,0.91,0.0,0.48,0.15,0.82,0.95,0.88,0.11,0.05,0.09
The Cinema School,,0.38,0.2,0.58,,,0.14,0.93,1.0,0.0,,0.0,,,0.31,0.08,,0.0,0.07,0.0,0.92,,0.33,0.92,0.58,0.93,,,0.58,0.46,,0.42,,,0.08,,,0.0,,0.54,0.38,0.23,,,0.62,0.85,1.0,,0.0,,,0.93,0.0,,0.31,,0.77,,0.85,,,0.54,0.17,0.69,0.79,,0.08,0.23,,,0.0,0.23,1.0,1.0,,,,0.0,,,0.77,,0.58,,0.0,0.5,0.21,0.0,0.82,0.27,0.83,,0.0,0.15,,,0.52,0.0,,0.85,0.15,0.08,1.0,0.54,0.92,0.15,0.42,,0.21,0.15,1.0,0.0,0.21,0.0,,0.0,0.92,,0.79,0.79,0.77,,0.08,
J.H.S. 104 Simon Baruch,0.27,0.1,0.32,0.79,1.0,0.0,0.02,0.94,0.94,0.0,1.0,0.02,0.9,0.06,0.85,0.02,0.0,0.02,0.03,0.03,0.95,0.05,0.2,0.98,0.48,0.97,0.0,0.0,0.31,0.22,0.06,0.52,0.92,0.92,0.09,0.0,0.0,0.02,1.0,0.19,0.85,0.06,0.3,0.06,0.15,0.92,0.98,,0.0,1.0,0.94,0.97,0.0,0.9,0.08,0.73,0.95,1.0,0.93,0.88,1.0,0.78,0.05,0.92,0.92,0.08,0.45,0.05,0.1,1.0,0.98,0.05,0.0,0.97,0.15,0.8,0.94,0.0,0.91,1.0,0.87,1.0,0.69,0.0,0.11,0.31,0.2,0.06,0.85,0.77,0.93,0.23,0.0,0.06,0.85,0.11,0.97,0.02,0.2,0.98,0.08,0.03,0.95,0.94,0.9,0.02,0.21,0.09,0.08,0.08,0.94,0.0,0.03,0.0,0.77,0.0,0.55,0.1,0.77,0.97,0.9,0.0,0.02,0.0
P.S. 130 Abram Stevens Hewitt,,0.07,0.05,0.88,,,0.0,0.93,0.93,,1.0,0.05,,0.0,0.86,0.07,,0.03,0.0,0.03,0.97,0.0,0.15,0.93,0.19,1.0,,0.0,0.42,0.07,0.0,0.81,,,0.14,,,0.0,,0.0,0.97,0.1,,0.0,0.03,0.89,1.0,,0.05,,1.0,1.0,0.95,,0.0,,1.0,,0.86,1.0,1.0,0.93,0.0,1.0,1.0,,0.28,0.0,,1.0,0.95,0.0,0.0,1.0,,,1.0,,,,0.96,,0.92,,0.04,0.04,0.1,0.11,0.95,0.65,0.88,,0.0,0.07,,0.0,0.91,0.0,,0.97,0.11,0.04,1.0,1.0,1.0,0.03,0.12,,0.0,0.0,0.89,0.0,0.0,,,0.0,0.72,,0.79,1.0,0.93,0.0,0.1,
Battery Park City School,0.2,0.21,0.44,0.91,1.0,0.0,0.05,0.95,0.86,0.2,0.96,0.03,1.0,0.04,0.55,0.07,0.0,0.05,0.04,0.04,0.93,0.0,0.14,0.93,0.34,0.96,0.1,0.0,0.41,0.32,0.04,0.66,0.92,1.0,0.16,0.0,0.0,0.02,0.9,0.23,0.86,0.04,0.0,0.04,0.14,0.89,0.98,,0.03,1.0,0.96,0.98,0.97,1.0,0.11,0.8,0.89,1.0,0.91,1.0,1.0,0.68,0.04,0.89,0.91,0.0,0.23,0.04,0.43,1.0,0.97,0.11,0.0,0.93,0.08,0.86,0.96,0.8,0.9,1.0,0.8,0.9,0.79,0.0,0.04,0.14,0.16,0.11,0.84,0.82,0.94,0.08,0.0,0.05,1.0,0.0,0.94,0.0,0.14,0.88,0.11,0.0,0.96,0.98,0.98,0.12,0.09,0.1,0.09,0.09,0.89,0.0,0.02,0.0,0.92,0.03,0.77,0.0,0.81,0.98,0.88,0.0,0.04,0.0
P.S. 110 The Monitor,,0.15,0.21,0.96,,,0.0,0.93,0.96,0.0,1.0,0.0,,0.0,0.89,0.15,,0.0,0.0,0.0,1.0,0.0,0.26,0.85,0.26,1.0,,0.0,0.3,0.11,0.0,0.74,,,0.04,,,0.04,,0.19,0.93,0.11,,0.0,0.07,0.89,0.96,,0.0,,1.0,1.0,1.0,,0.07,,0.89,,0.96,1.0,1.0,0.89,0.11,0.93,1.0,,0.04,0.04,,1.0,1.0,0.11,0.0,1.0,,,1.0,1.0,,,0.93,,0.81,,0.11,0.11,0.07,0.0,0.9,0.75,0.96,,0.0,0.14,,0.0,0.76,0.0,,0.96,0.11,0.04,0.96,0.89,1.0,0.04,0.04,,0.0,0.0,1.0,0.0,0.0,0.0,,0.0,0.96,,0.89,1.0,0.96,0.0,0.04,
Hudson High School Of Learning Technologies,,0.27,0.33,0.75,,0.0,0.0,0.75,0.82,0.0,1.0,0.0,,0.0,0.82,0.27,,0.27,0.0,0.0,0.64,0.0,0.45,0.73,0.73,1.0,,0.0,0.55,0.18,0.0,0.27,,,0.09,,,0.27,,0.09,0.73,0.27,,0.0,0.27,0.82,0.73,,0.0,0.0,1.0,1.0,0.0,,0.27,,0.73,0.0,0.75,1.0,1.0,0.82,0.27,0.73,0.82,,0.36,0.27,,1.0,0.0,0.27,0.8,0.91,,,1.0,0.0,,,0.82,,0.55,0.0,0.09,0.45,0.42,0.27,0.91,0.4,0.88,,0.0,0.18,,0.0,0.39,0.0,,0.73,0.18,0.18,0.82,0.73,0.9,0.27,0.25,,0.18,0.09,0.73,0.2,0.09,0.0,,0.0,0.64,,0.5,0.91,0.82,0.0,0.09,
The School For Inquiry And Social Justice,0.12,0.16,0.42,0.91,0.92,0.0,0.03,0.95,0.87,0.0,1.0,0.06,,0.09,0.78,0.08,,0.13,0.08,0.03,0.88,0.0,0.16,0.92,0.42,0.92,0.0,0.0,0.37,0.18,0.0,0.58,0.92,0.83,0.12,0.0,0.08,0.08,1.0,0.1,0.9,0.15,,0.09,0.1,0.82,0.92,,0.0,1.0,0.91,0.95,0.0,,0.13,0.88,0.95,1.0,0.98,1.0,1.0,0.82,0.13,0.87,0.85,0.17,0.32,0.1,,1.0,0.94,0.05,0.0,0.95,0.08,,1.0,0.0,1.0,,0.82,1.0,0.63,0.0,0.08,0.32,0.07,0.08,0.89,0.73,0.92,0.25,,0.15,0.92,0.0,0.98,0.02,,0.87,0.18,0.08,0.82,0.9,0.97,0.13,0.09,0.0,0.15,0.05,0.92,0.0,0.03,0.0,0.75,0.0,0.68,,0.83,0.97,0.84,0.0,0.12,0.08
High School For Public Service: Heroes Of Tomorrow,,0.05,0.4,0.85,1.0,,0.05,1.0,1.0,0.0,1.0,0.0,,0.0,0.65,0.0,,0.0,0.0,0.0,0.85,0.0,0.11,1.0,0.39,1.0,,0.0,0.44,0.2,0.2,0.61,1.0,1.0,0.0,,0.0,0.0,,0.3,0.85,0.05,,0.0,0.15,0.95,1.0,,0.0,,1.0,1.0,0.0,,0.05,,1.0,,0.91,0.8,1.0,0.8,0.06,0.95,0.95,0.0,0.15,0.0,,1.0,0.0,0.0,1.0,1.0,0.0,,0.8,0.0,,,0.9,,0.67,,0.0,0.29,0.23,0.0,1.0,0.78,0.95,0.0,0.0,0.05,1.0,0.0,0.69,0.0,,0.9,0.05,0.0,1.0,0.9,1.0,0.1,0.15,,0.05,0.0,1.0,0.0,0.0,0.0,1.0,0.0,0.85,,0.73,1.0,0.8,0.0,0.0,0.0
P.S. 938,0.0,,,,0.0,0.0,,,,,,0.0,0.0,,,,0.0,,,,,,,,,,0.0,,,,,,0.0,0.0,,0.0,0.0,,0.0,,,,0.0,,,,,,,0.0,,,,0.0,,0.0,,0.0,,,,,,,,0.0,,,0.0,,0.0,,0.0,,0.0,0.0,,,0.0,0.0,,0.0,,0.0,,,,0.0,,,,0.0,0.0,,0.0,,0.8,,0.0,,,,,,,,,0.0,,,0.0,0.0,,,0.0,,,0.0,,,,,,0.0
Kings Bay Y At North Williamsburg,0.0,,0.0,0.0,0.0,0.0,,,,,0.0,0.0,0.0,0.0,,,0.0,,,,,0.0,,,,,0.0,0.0,,,0.0,,0.0,0.0,,0.0,0.0,,0.0,,,,0.0,0.0,,,,,0.0,0.0,0.0,,0.0,0.0,,0.0,0.0,0.0,0.0,0.0,0.0,,,,,0.0,,,0.0,0.0,0.0,0.0,0.0,,0.0,0.0,0.0,,0.0,0.0,,0.0,,0.0,,,,0.0,0.0,0.0,0.0,0.0,0.0,,0.0,0.0,1.0,,0.0,,,,,,,,0.0,0.0,,,0.0,0.0,,,0.0,0.0,,0.0,,,,0.0,,0.0
Spring Creek Community School,,0.48,0.62,0.52,,,0.14,0.64,0.48,0.0,,0.2,0.88,,0.43,0.55,0.0,0.38,0.05,0.18,0.82,0.0,0.33,0.45,0.68,0.95,,,0.52,0.29,,0.32,,,0.32,,,0.43,,0.62,0.38,0.52,0.25,,0.62,0.43,0.57,,0.0,,,0.91,0.0,0.88,0.52,,0.41,,0.57,,,0.71,0.27,0.48,0.95,,0.5,0.62,0.0,,0.8,0.59,1.0,0.86,,0.75,,0.0,,1.0,0.73,,0.52,,0.05,0.55,0.5,0.23,0.53,0.4,0.73,,0.0,0.5,,0.0,0.43,0.18,0.25,0.57,0.57,0.52,0.77,0.48,0.82,0.43,0.48,,0.05,0.14,0.77,0.11,0.18,0.0,,0.0,0.5,0.12,0.45,0.82,0.59,,0.45,
P.S. 150 Charles James Fox,,0.15,0.22,0.7,,,0.0,0.83,0.88,0.0,0.87,0.0,,0.0,0.71,0.09,,0.24,0.0,0.03,0.88,0.06,0.16,0.91,0.48,1.0,,0.1,0.55,0.15,0.03,0.52,,,0.12,,,0.09,,0.15,0.85,0.18,,0.03,0.15,0.79,0.91,,0.18,,1.0,1.0,0.82,,0.03,,0.79,,0.88,1.0,0.9,0.85,0.15,0.97,0.97,,0.24,0.06,,0.94,1.0,0.21,0.0,0.97,,,0.97,0.0,,,0.88,,0.73,,0.32,0.38,0.2,0.18,0.82,0.45,0.64,,0.0,0.12,,0.06,0.66,0.09,,0.74,0.21,0.06,0.88,0.97,1.0,0.26,0.3,,0.03,0.09,0.82,0.0,0.0,0.0,,0.12,0.76,,0.8,1.0,0.82,0.06,0.06,
Young Women'S Leadership School,0.0,0.21,0.29,0.86,1.0,,0.0,0.96,1.0,0.0,1.0,0.38,,0.0,0.58,0.17,,0.16,0.0,0.04,0.79,0.0,0.17,0.83,0.36,1.0,0.0,0.17,0.24,0.21,0.0,0.64,1.0,1.0,0.16,0.0,0.0,0.08,1.0,0.17,0.83,0.24,,0.0,0.17,0.84,0.92,,0.0,,1.0,1.0,0.0,,0.17,1.0,0.84,,0.92,0.83,0.83,0.79,0.04,0.83,0.88,0.0,0.0,0.08,,1.0,0.62,0.16,1.0,1.0,0.0,,1.0,0.0,1.0,,0.92,1.0,0.78,,0.0,0.13,0.12,0.12,0.82,0.83,0.91,0.0,0.0,0.08,1.0,0.0,0.76,0.08,,0.88,0.16,0.08,0.8,0.88,0.96,0.12,0.14,0.0,0.12,0.12,0.88,0.08,0.0,0.0,1.0,0.0,1.0,,0.88,1.0,0.83,0.0,0.08,0.0
The New American Academy At Roberto Clemente State Park,,0.2,,0.6,,,0.0,0.83,1.0,,,,,,0.6,0.0,,0.4,0.0,0.0,1.0,,0.0,1.0,0.2,1.0,,,0.4,0.0,,0.8,,,0.0,,,0.0,,0.2,0.8,0.2,,,0.2,0.8,1.0,,,,,1.0,,,0.2,,0.8,,0.67,,,1.0,0.2,0.8,1.0,,0.4,0.0,,,,0.2,0.0,1.0,,,,,,,1.0,,0.6,,0.0,0.0,0.33,0.0,0.8,0.8,,,0.0,0.2,,,0.11,0.0,,0.4,0.2,0.2,1.0,0.8,1.0,0.6,0.4,,0.0,0.4,1.0,0.0,0.0,,,,0.6,,0.67,1.0,1.0,,0.0,
Esperanza Preparatory Academy,0.2,0.0,0.17,0.91,1.0,0.0,0.0,0.92,0.95,0.0,1.0,0.0,1.0,0.0,0.97,0.0,0.0,0.11,0.0,0.0,0.97,0.0,0.15,1.0,0.41,1.0,0.0,0.0,0.32,0.06,0.0,0.59,1.0,1.0,0.03,0.0,0.0,0.06,1.0,0.0,0.94,0.03,0.0,0.0,0.06,0.86,0.94,,0.0,1.0,1.0,1.0,0.0,1.0,0.0,0.8,1.0,1.0,0.91,1.0,1.0,0.94,0.06,1.0,1.0,0.0,0.14,0.0,0.0,1.0,1.0,0.0,1.0,1.0,0.0,1.0,1.0,0.0,0.8,1.0,0.97,1.0,0.71,0.0,0.0,0.15,0.21,0.03,1.0,0.73,0.97,0.0,0.0,0.03,1.0,0.0,0.78,0.0,0.0,0.89,0.14,0.03,0.95,1.0,1.0,0.11,0.09,0.2,0.0,0.08,0.97,0.0,0.0,0.0,1.0,0.0,0.86,0.0,0.79,1.0,1.0,0.0,0.05,0.0
"Happy Scholars, Inc.",0.0,,,,0.0,0.0,,,,,0.0,0.0,0.0,0.0,,,0.0,,,,,0.0,,,,,0.0,0.0,,,0.0,,0.0,0.0,,0.0,0.0,,0.0,,,,0.0,0.0,,,,,0.0,0.0,0.0,,0.0,0.0,,0.0,,0.0,,0.0,0.0,,,,,0.0,,,0.0,0.0,0.0,,0.0,,0.0,0.0,0.0,,0.0,0.0,,0.0,,0.0,,,,,0.0,0.0,,0.0,0.0,,0.0,0.0,1.0,,0.0,,,,,,,,,0.0,,,,0.0,,,0.0,0.0,,0.0,,,,0.0,,0.0
Explorations Academy H.S.,,0.25,0.54,0.85,1.0,,0.19,0.86,0.83,0.0,0.86,0.0,0.86,0.25,0.59,0.1,0.0,0.3,0.11,0.1,0.83,0.1,0.25,0.9,0.54,0.89,,0.2,0.46,0.24,0.11,0.46,1.0,1.0,0.21,,0.0,0.1,,0.29,0.62,0.21,0.14,0.11,0.38,0.72,0.9,,0.0,,0.75,0.97,0.0,0.86,0.21,,0.64,,0.89,0.86,0.8,0.76,0.32,0.79,0.88,0.0,0.34,0.14,0.0,1.0,0.0,0.36,1.0,0.92,0.0,0.86,0.89,0.0,,0.86,0.76,,0.54,,0.34,0.43,0.14,0.48,0.63,0.39,0.93,0.0,0.0,0.31,1.0,0.22,0.97,0.03,0.14,0.66,0.28,0.22,0.71,0.79,0.89,0.34,0.15,,0.12,0.14,0.52,0.04,0.07,0.0,1.0,0.0,0.66,0.14,0.79,0.93,0.79,0.0,0.24,0.0
Academy For Health Careers,,0.13,0.43,0.93,,0.0,0.0,0.94,0.94,0.0,1.0,0.0,,0.0,0.62,0.06,,0.12,0.0,0.06,0.69,0.0,0.07,0.94,0.53,1.0,,0.0,0.33,0.27,0.0,0.47,,,0.0,,,0.0,,0.2,0.62,0.06,,0.0,0.38,0.88,1.0,,0.0,1.0,1.0,1.0,0.0,,0.07,,0.94,1.0,0.88,1.0,1.0,0.73,0.13,0.93,0.88,,0.06,0.0,,1.0,0.0,0.06,1.0,0.93,,,1.0,0.0,,,0.87,,0.6,0.0,0.13,0.33,0.25,0.06,0.87,0.8,1.0,,0.0,0.06,,0.0,0.7,0.0,,0.88,0.12,0.0,0.81,0.87,0.88,0.12,0.07,,0.12,0.06,0.94,0.0,0.07,0.0,,0.0,0.94,,0.75,0.93,0.93,0.0,0.12,
M.S. 390,0.17,0.12,0.15,0.91,1.0,,0.04,0.92,0.96,0.0,1.0,0.0,1.0,0.0,0.8,0.04,0.0,0.04,0.04,0.0,0.88,0.0,0.2,0.96,0.28,0.96,0.0,0.0,0.4,0.12,0.0,0.72,1.0,0.92,0.04,0.0,0.0,0.12,1.0,0.2,0.88,0.04,0.0,0.0,0.12,0.88,0.88,,0.0,,1.0,1.0,0.0,0.8,0.04,0.83,0.92,,1.0,1.0,1.0,0.88,0.2,0.96,1.0,0.08,0.48,0.08,0.2,1.0,1.0,0.08,0.0,1.0,0.0,1.0,1.0,0.0,1.0,1.0,0.88,1.0,0.64,,0.28,0.48,0.12,0.04,0.72,0.56,0.91,0.0,0.0,0.08,1.0,0.0,0.54,0.04,0.0,0.88,0.12,0.04,0.92,0.96,0.96,0.12,0.09,0.0,0.0,0.08,0.96,0.0,0.0,0.0,1.0,0.0,0.52,0.0,0.88,1.0,0.96,0.0,0.04,0.0
The Urban Assembly School For Emergency Management,,0.35,0.54,0.79,,,0.11,0.85,0.9,0.0,1.0,0.0,,0.0,0.85,0.1,,0.15,0.11,0.1,0.89,0.0,0.1,0.9,0.37,0.89,,0.1,0.53,0.3,0.0,0.63,,,0.1,,,0.1,,0.3,0.9,0.15,,0.0,0.1,0.9,0.9,,0.0,,1.0,0.94,0.0,,0.15,,0.6,,1.0,1.0,0.9,0.7,0.15,0.85,0.83,,0.1,0.15,,0.9,0.0,0.4,0.88,1.0,,,1.0,0.0,,,0.8,,0.5,,0.15,0.35,0.1,0.25,0.74,0.7,0.9,,0.0,0.3,,0.0,0.87,0.1,,0.8,0.1,0.2,0.9,0.75,0.84,0.2,0.21,,0.17,0.15,0.75,0.17,0.06,0.0,,0.0,0.9,,0.75,0.94,0.75,0.1,0.15,
Brooklyn Collaborative Studies,0.33,0.15,0.47,0.91,0.92,0.0,0.0,0.92,0.94,0.0,0.75,0.28,1.0,0.11,0.79,0.02,0.0,0.06,0.06,0.02,0.94,0.12,0.18,0.98,0.3,0.94,0.0,0.25,0.39,0.3,0.25,0.7,0.85,0.92,0.06,0.11,0.08,0.0,0.78,0.22,0.85,0.1,0.0,0.12,0.15,0.92,1.0,,0.0,1.0,0.89,1.0,0.0,1.0,0.19,0.67,0.94,0.91,0.98,0.88,0.75,0.7,0.2,0.81,1.0,0.08,0.09,0.12,0.0,0.75,0.72,0.06,1.0,0.98,0.08,1.0,0.75,0.0,0.78,1.0,0.83,0.89,0.64,0.09,0.0,0.27,0.1,0.16,0.89,0.71,0.96,0.15,0.0,0.08,0.85,0.12,0.85,0.02,0.0,0.94,0.08,0.08,0.92,0.94,1.0,0.06,0.09,0.22,0.0,0.04,0.84,0.0,0.04,0.0,0.85,0.0,0.91,0.0,0.82,0.96,0.8,0.25,0.08,0.08
P.S. 018 Park Terrace,,0.03,0.0,0.88,,,0.04,0.97,0.97,,0.94,0.0,0.8,0.0,0.86,0.07,0.0,0.1,0.03,0.03,0.86,0.0,0.11,0.93,0.07,0.97,,0.12,0.18,0.21,0.06,0.93,,,0.1,,,0.0,,0.17,0.93,0.07,0.0,0.06,0.07,0.93,1.0,,0.0,,1.0,0.97,1.0,0.8,0.03,,0.9,,0.96,0.88,0.88,0.79,0.07,0.97,0.96,,0.04,0.03,0.0,0.94,1.0,0.1,0.0,0.96,,1.0,0.94,,,1.0,0.79,,0.82,,0.11,0.11,0.14,0.1,0.96,0.81,0.96,,0.0,0.07,,0.06,0.94,0.03,0.0,0.93,0.07,0.04,0.97,0.97,0.97,0.07,0.12,,0.04,0.14,0.9,0.0,0.07,,,0.0,0.96,0.2,0.93,0.93,0.93,0.06,0.07,
P.S. 091 Bronx,,0.12,0.34,0.9,,,0.0,0.93,0.81,,0.83,0.06,,0.08,0.79,0.12,,0.21,0.0,0.07,0.88,0.03,0.21,0.88,0.48,1.0,,0.05,0.52,0.19,0.08,0.52,,,0.16,,,0.09,,0.14,0.84,0.16,,0.08,0.16,0.76,0.91,,0.47,,0.92,1.0,0.53,,0.1,,0.91,,0.95,0.94,0.95,0.81,0.22,0.9,0.98,,0.28,0.07,,0.92,0.94,0.09,0.0,0.98,,,0.92,,,,0.86,,0.52,,0.38,0.52,0.2,0.02,0.74,0.55,0.9,,0.0,0.24,,0.03,0.96,0.07,,0.7,0.24,0.24,0.91,0.83,1.0,0.3,0.1,,0.02,0.14,0.98,0.0,0.02,,,0.07,0.72,,0.78,0.98,0.86,0.08,0.19,
Brooklyn Community Arts & Media High School (Bcam),0.0,0.11,0.43,0.76,1.0,0.14,0.0,0.85,0.95,0.0,0.9,0.0,1.0,0.11,0.75,0.02,0.0,0.1,0.0,0.05,0.88,0.0,0.41,0.98,0.61,1.0,0.0,0.0,0.61,0.08,0.0,0.39,1.0,1.0,0.08,0.1,0.0,0.1,1.0,0.18,0.87,0.05,0.0,0.1,0.13,0.88,0.9,,0.0,0.86,0.89,1.0,0.0,1.0,0.0,1.0,0.93,0.86,0.8,0.9,1.0,0.92,0.13,1.0,0.9,0.0,0.18,0.15,0.0,0.9,0.0,0.07,1.0,0.95,0.0,1.0,1.0,0.0,1.0,1.0,0.92,1.0,0.66,0.14,0.05,0.45,0.24,0.1,0.81,0.45,0.77,0.0,0.0,0.13,1.0,0.0,0.82,0.0,0.0,0.78,0.12,0.11,0.95,0.92,0.93,0.22,0.24,0.0,0.1,0.12,0.9,0.06,0.0,0.0,1.0,0.0,0.82,0.0,0.71,1.0,0.97,0.1,0.05,0.0
M.S. 319 - Maria Teresa,0.0,0.04,0.15,0.91,1.0,,0.0,0.96,1.0,0.0,1.0,0.05,1.0,0.0,0.96,0.04,0.0,0.04,0.0,0.0,0.96,0.0,0.13,0.96,0.35,1.0,0.0,0.0,0.22,0.14,0.0,0.65,1.0,1.0,0.0,0.0,0.0,0.09,1.0,0.09,0.91,0.0,0.0,0.0,0.09,0.91,0.91,,0.0,,1.0,1.0,0.0,1.0,0.0,1.0,0.96,,0.96,1.0,1.0,0.86,0.04,1.0,1.0,0.0,0.17,0.04,0.0,1.0,0.95,0.04,0.0,1.0,0.0,1.0,1.0,0.0,1.0,1.0,0.91,1.0,0.83,,0.0,0.26,0.12,0.04,0.96,0.7,0.96,0.0,0.0,0.04,1.0,0.0,0.75,0.04,0.0,0.96,0.09,0.05,1.0,0.95,1.0,0.04,0.09,0.0,0.0,0.04,0.96,0.0,0.04,0.0,1.0,0.0,0.83,0.0,0.92,0.96,0.96,0.0,0.0,0.0
Ecdo Adam Clayton Powell Early Learn Center,0.0,,,,0.0,0.0,,,,,0.0,0.0,0.0,0.0,,,0.0,,,,,0.0,,,,,0.0,0.0,,,0.0,,0.0,0.0,,0.0,0.0,,0.0,,,,0.0,0.0,,,,,0.0,0.0,0.0,,0.0,0.0,,0.0,,0.0,,0.0,0.0,,,,,0.0,,,0.0,0.0,0.0,,0.0,,0.0,0.0,0.0,,0.0,0.0,,0.0,,0.0,,,,,0.0,0.0,,0.0,0.0,,0.0,0.0,1.0,,0.0,,,,,,,,,0.0,,,,0.0,,,0.0,0.0,,0.0,,,,0.0,,0.0
P.S. 062 Inocensio Casanova,,0.2,0.58,0.64,,,0.11,0.72,0.8,0.0,0.87,0.0,,0.03,0.64,0.14,,0.22,0.07,0.09,0.91,0.16,0.27,0.86,0.66,0.93,,0.19,0.66,0.26,0.09,0.34,,,0.16,,,0.09,,0.19,0.77,0.2,,0.06,0.23,0.7,0.91,,0.32,,0.97,0.96,0.68,,0.16,,0.82,,0.66,0.97,0.81,0.74,0.1,0.84,0.91,,0.32,0.04,,0.88,1.0,0.18,0.0,0.93,,,0.91,1.0,,,0.83,,0.59,,0.3,0.34,0.39,0.0,0.85,0.47,0.78,,0.0,0.2,,0.09,0.94,0.05,,0.74,0.3,0.21,0.89,0.88,0.91,0.26,0.36,,0.09,0.13,1.0,0.0,0.11,0.14,,0.0,0.68,,0.59,0.89,0.81,0.12,0.27,
Pelham Lab High School,0.29,0.03,0.26,0.82,1.0,0.0,0.08,0.88,0.95,0.0,0.93,0.0,1.0,0.07,0.75,0.05,0.0,0.1,0.02,0.05,0.9,0.0,0.28,0.95,0.49,0.98,0.14,0.06,0.41,0.05,0.06,0.51,1.0,1.0,0.02,0.0,0.0,0.02,1.0,0.15,0.8,0.1,0.0,0.0,0.2,0.95,0.98,,0.0,1.0,0.93,0.95,0.0,1.0,0.05,0.71,0.95,1.0,0.92,0.93,0.94,0.95,0.25,0.95,0.89,0.0,0.38,0.05,0.0,0.87,0.0,0.05,0.97,0.92,0.0,1.0,0.94,0.0,0.86,1.0,0.9,1.0,0.62,0.0,0.05,0.35,0.27,0.05,0.92,0.55,0.85,0.0,0.0,0.07,1.0,0.07,1.0,0.0,0.0,0.9,0.05,0.08,0.9,0.9,0.98,0.1,0.18,0.14,0.11,0.02,0.95,0.05,0.05,0.0,1.0,0.0,0.62,0.0,0.74,0.95,0.97,0.13,0.02,0.0
P.S. 310 Marble Hill,,0.3,0.33,0.79,0.83,,0.05,0.89,0.71,0.14,0.76,0.0,,0.09,0.77,0.16,,0.39,0.09,0.02,0.87,0.12,0.14,0.84,0.35,0.91,,0.12,0.47,0.25,0.12,0.65,1.0,1.0,0.31,,0.17,0.09,,0.14,0.8,0.33,,0.15,0.2,0.51,0.91,,0.15,,0.91,0.93,0.85,,0.07,,0.8,,0.98,0.88,0.88,0.75,0.14,0.93,0.95,0.0,0.36,0.04,,0.88,1.0,0.2,0.0,0.96,0.0,,0.88,0.86,,,0.77,,0.72,,0.34,0.23,0.34,0.19,0.65,0.46,0.88,0.0,0.0,0.32,1.0,0.09,0.92,0.04,,0.73,0.49,0.27,0.8,0.89,0.96,0.27,0.21,,0.05,0.13,0.81,0.0,0.04,0.14,1.0,0.06,0.64,,0.74,0.96,0.7,0.12,0.32,0.0
The Science And Medicine Middle School,,0.15,0.64,0.79,1.0,0.0,0.08,0.8,0.69,0.0,0.89,0.05,,0.11,0.73,0.19,,0.16,0.08,0.08,0.8,0.11,0.28,0.81,0.4,0.92,0.0,0.11,0.46,0.13,0.11,0.6,1.0,1.0,0.16,0.0,0.0,0.15,1.0,0.36,0.88,0.23,,0.11,0.12,0.77,0.85,,0.0,1.0,0.89,0.92,0.0,,0.12,,0.81,1.0,0.83,0.89,0.89,0.87,0.24,0.88,0.92,0.0,0.44,0.15,,0.89,0.95,0.19,0.0,0.92,0.0,,0.89,0.0,1.0,,0.92,1.0,0.64,0.0,0.19,0.32,0.28,0.15,0.88,0.71,0.79,0.0,0.0,0.19,1.0,0.22,0.79,0.08,,0.83,0.23,0.15,0.88,0.85,0.92,0.17,0.21,0.0,0.08,0.12,0.85,0.0,0.08,0.0,1.0,0.0,0.56,,0.75,0.92,0.92,0.11,0.16,0.0
Bushwick United Development Fund,0.0,,,,0.0,0.0,,,,,0.0,0.0,0.0,0.0,,,0.0,,,,,0.0,,,,,0.0,0.0,,,0.0,,0.0,0.0,,0.0,0.0,,0.0,,,,0.0,0.0,,,,,0.0,0.0,0.0,,0.0,0.0,,0.0,,0.0,,0.0,0.0,,,,,0.0,,,0.0,0.0,0.0,,0.0,,0.0,0.0,0.0,,0.0,0.0,,0.0,,0.0,,,,0.0,0.0,0.0,,0.0,0.0,,0.0,0.0,1.0,,0.0,,,,,,,,,0.0,,,0.0,0.0,,,0.0,0.0,,0.0,,,,0.0,,0.0
P.S. 043 Jonas Bronck,0.0,0.11,0.22,0.92,1.0,,0.0,0.95,0.92,,1.0,0.0,,0.0,0.89,0.05,,0.11,0.0,0.0,0.95,0.0,0.11,0.95,0.42,1.0,,0.0,0.39,0.05,0.0,0.58,1.0,1.0,0.08,0.0,0.0,0.03,1.0,0.0,0.97,0.05,,0.0,0.03,0.89,0.97,,0.32,,1.0,1.0,0.68,,0.05,1.0,0.95,,0.91,1.0,1.0,0.95,0.06,0.95,1.0,0.17,0.19,0.0,,1.0,1.0,0.05,0.0,1.0,0.0,,1.0,,0.8,,1.0,1.0,0.81,,0.14,0.31,0.22,0.03,0.91,0.59,0.94,0.0,0.0,0.05,1.0,0.0,0.95,0.0,,0.81,0.11,0.06,0.95,0.97,1.0,0.19,0.08,0.2,0.0,0.14,0.97,0.0,0.0,,1.0,0.0,0.81,,0.7,1.0,1.0,0.0,0.08,0.0
Art And Design High School,0.31,0.22,0.44,0.75,1.0,0.0,0.05,0.91,0.79,0.0,0.94,0.0,0.9,0.03,0.74,0.15,0.1,0.2,0.02,0.09,0.93,0.03,0.14,0.85,0.48,0.98,0.08,0.06,0.45,0.21,0.03,0.52,0.88,0.88,0.15,0.08,0.0,0.05,0.92,0.32,0.81,0.14,0.1,0.09,0.19,0.7,0.95,,0.0,1.0,0.97,0.97,0.0,0.9,0.2,0.69,0.65,0.75,0.91,0.97,0.94,0.79,0.04,0.8,0.99,0.12,0.23,0.12,0.1,0.97,0.0,0.35,0.97,0.98,0.19,0.8,0.97,0.0,0.69,0.9,0.71,0.92,0.56,0.25,0.22,0.35,0.23,0.27,0.83,0.61,0.95,0.31,0.01,0.28,0.94,0.03,0.9,0.02,0.2,0.75,0.3,0.15,0.81,0.85,0.91,0.25,0.25,0.31,0.01,0.13,0.73,0.01,0.02,0.0,0.69,0.0,0.77,0.1,0.68,0.98,0.8,0.03,0.19,0.06
The Highbridge Green School,0.25,0.09,0.32,0.76,1.0,0.0,0.0,1.0,0.91,0.0,1.0,0.0,1.0,0.0,0.94,0.03,0.0,0.11,0.03,0.06,1.0,0.0,0.12,0.97,0.32,0.97,0.0,0.0,0.24,0.09,0.0,0.68,0.86,1.0,0.06,0.0,0.0,0.03,1.0,0.17,0.94,0.06,0.0,0.0,0.06,0.74,0.97,,0.0,1.0,1.0,1.0,0.0,1.0,0.06,0.75,0.97,1.0,0.94,1.0,1.0,0.91,0.03,0.94,1.0,0.0,0.17,0.06,0.0,1.0,1.0,0.03,0.0,1.0,0.0,1.0,1.0,0.0,0.75,1.0,0.94,1.0,0.67,0.0,0.0,0.15,0.25,0.06,0.88,0.76,0.94,0.14,0.0,0.2,1.0,0.12,0.88,0.06,0.0,0.89,0.26,0.03,0.91,0.89,0.94,0.11,0.24,0.25,0.0,0.09,0.94,0.0,0.0,0.0,0.86,0.0,0.83,0.0,0.78,1.0,0.97,0.0,0.09,0.0
Thurgood Marshall Academy Lower School,,0.0,0.0,0.92,,,0.0,0.93,1.0,0.0,1.0,0.0,0.0,0.0,0.93,0.0,0.0,0.0,0.0,0.0,1.0,0.0,0.0,1.0,0.23,1.0,,0.0,0.15,0.0,0.1,0.77,,,0.0,,,0.0,,0.07,1.0,0.0,0.0,0.0,0.0,1.0,1.0,,0.11,,1.0,1.0,0.89,0.0,0.0,,0.86,,1.0,1.0,1.0,1.0,0.08,1.0,1.0,,0.21,0.0,0.0,0.9,1.0,0.14,0.0,1.0,,0.0,0.9,0.0,,0.0,1.0,,0.69,,0.21,0.15,0.14,0.0,0.85,0.77,0.92,,0.0,0.0,,0.0,0.82,0.0,0.0,1.0,0.0,0.0,1.0,1.0,1.0,0.0,0.08,,0.0,0.0,1.0,0.0,0.0,0.0,,0.0,0.79,0.0,0.79,1.0,1.0,0.1,0.0,
P.S. 021 Crispus Attucks,0.0,0.23,0.27,0.92,0.0,0.0,0.0,0.79,0.79,,0.78,0.0,0.0,0.11,0.79,0.21,0.0,0.21,0.07,0.07,0.79,0.1,0.25,0.79,0.25,0.93,0.0,0.2,0.42,0.08,0.1,0.75,0.0,0.0,0.21,0.0,0.0,0.08,0.0,0.23,0.79,0.21,0.0,0.1,0.21,0.79,0.92,,0.2,0.0,0.89,1.0,0.8,0.0,0.23,0.0,0.77,0.0,0.92,0.78,0.8,0.92,0.18,0.77,1.0,0.0,0.07,0.14,0.0,0.78,1.0,0.23,0.0,1.0,0.0,0.0,0.9,,0.0,0.0,0.92,0.0,0.67,0.0,0.23,0.25,0.29,0.15,0.89,0.78,0.92,0.0,0.0,0.21,0.0,0.1,0.37,0.07,0.0,0.71,0.21,0.23,0.86,0.77,0.93,0.29,0.08,0.0,0.0,0.21,0.85,0.0,0.07,,0.0,0.0,0.93,0.0,0.71,0.93,0.83,0.22,0.21,0.0
The High School For Language And Diplomacy,,0.57,0.86,0.33,,,0.25,0.62,0.62,0.0,,0.0,,,0.12,0.62,,0.75,0.25,0.25,0.38,,0.33,0.38,0.67,0.75,,,0.5,0.71,,0.33,,,0.25,,,0.12,,0.71,0.38,0.62,,,0.62,0.5,0.88,,0.0,,,0.88,0.0,,0.86,,0.29,,0.71,,,0.29,0.33,0.14,0.62,,0.25,0.62,,,0.0,0.71,0.83,0.75,,,,0.0,,,0.43,,0.33,,0.29,0.5,0.38,0.25,0.33,0.5,0.83,,0.17,0.62,,,0.44,0.12,,0.5,0.5,0.57,0.38,0.43,0.5,0.5,0.67,,0.38,0.5,0.75,0.17,0.25,0.0,,0.0,0.75,,0.5,0.75,0.43,,0.88,
P.S. 183 Robert L. Stevenson,,0.06,0.25,0.94,,,0.22,1.0,0.74,,0.82,0.0,0.0,0.0,0.84,0.05,0.0,0.05,0.17,0.0,0.95,0.1,0.12,0.95,0.24,0.83,,0.09,0.25,0.21,0.09,0.76,,,0.11,,,0.0,,0.11,0.89,0.05,0.0,0.0,0.11,0.79,1.0,,0.0,,1.0,0.95,1.0,0.0,0.0,,1.0,,1.0,1.0,0.91,0.79,0.06,1.0,1.0,,0.05,0.0,0.0,0.91,1.0,0.0,0.0,0.84,,0.0,0.91,,,0.0,0.84,,0.82,,0.26,0.12,0.11,0.16,0.93,0.73,0.94,,0.0,0.05,,0.0,0.49,0.05,0.0,0.95,0.21,0.0,0.95,0.95,0.76,0.05,0.06,,0.0,0.05,0.84,0.0,0.0,,,0.0,0.95,0.0,0.84,1.0,0.89,0.09,0.05,
Bronx Delta School,,0.09,0.19,0.85,,,0.04,0.96,0.96,,0.88,0.0,,0.06,0.91,0.05,,0.0,0.0,0.0,1.0,0.19,0.27,0.95,0.23,1.0,,0.12,0.55,0.09,0.06,0.77,,,0.13,,,0.0,,0.0,0.95,0.04,,0.07,0.05,0.78,1.0,,0.0,,0.94,1.0,1.0,,0.05,,0.91,,0.95,0.94,0.88,0.91,0.09,0.95,0.91,,0.05,0.05,,0.88,1.0,0.09,0.0,0.96,,,0.94,,,,0.91,,0.86,,0.27,0.23,0.08,0.0,1.0,0.67,0.95,,0.0,0.04,,0.06,0.57,0.0,,0.86,0.22,0.05,1.0,0.95,0.96,0.14,0.15,,0.09,0.04,1.0,0.0,0.0,,,0.0,0.95,,0.88,1.0,0.95,0.12,0.04,
P.S. 108 Assemblyman Angelo Del Toro Educational Complex,,0.06,0.39,0.88,1.0,,0.05,0.87,1.0,0.4,0.83,0.0,0.8,0.19,0.79,0.03,0.2,0.11,0.05,0.03,0.92,0.16,0.24,0.97,0.46,0.95,,0.05,0.62,0.29,0.22,0.54,1.0,1.0,0.03,,0.0,0.03,,0.05,0.97,0.08,0.0,0.21,0.03,1.0,0.97,,0.57,,0.81,0.97,0.43,0.8,0.03,,0.97,,0.88,0.76,0.95,0.71,0.27,0.97,0.95,0.0,0.59,0.05,0.4,0.74,1.0,0.03,0.0,0.97,0.0,0.8,0.78,0.6,,0.8,0.78,,0.59,,0.03,0.3,0.18,0.11,0.74,0.52,0.88,0.0,0.0,0.03,1.0,0.16,0.87,0.03,0.2,0.84,0.0,0.0,0.84,0.97,0.97,0.16,0.12,,0.05,0.08,0.89,0.0,0.03,0.6,1.0,0.07,0.41,0.2,0.69,0.97,1.0,0.26,0.03,0.0
P.S. 202 Ernest S. Jenkyns,,0.37,0.33,0.8,,,0.25,0.86,0.55,,0.91,0.09,,0.09,0.5,0.35,,0.37,0.24,0.05,0.7,0.09,0.12,0.65,0.56,0.76,,0.09,0.5,0.22,0.0,0.44,,,0.3,,,0.15,,0.26,0.68,0.35,,0.09,0.32,0.65,0.85,,0.23,,0.91,0.81,0.77,,0.21,,0.7,,0.79,0.82,0.91,0.78,0.28,0.79,0.79,,0.58,0.2,,1.0,0.91,0.3,0.0,0.75,,,1.0,,,,0.88,,0.47,,0.58,0.5,0.43,0.2,0.8,0.47,0.79,,0.0,0.35,,0.0,0.78,0.05,,0.7,0.35,0.37,0.8,0.79,0.81,0.3,0.2,,0.21,0.2,0.8,0.0,0.19,,,0.0,0.42,,0.76,0.81,0.63,0.0,0.35,
J.H.S. 118 William W. Niles,0.27,0.43,0.44,0.8,1.0,0.0,0.04,0.89,0.69,0.0,0.9,0.02,0.92,0.0,0.69,0.27,0.15,0.24,0.05,0.19,0.78,0.0,0.21,0.73,0.51,0.95,0.0,0.0,0.37,0.25,0.1,0.49,0.93,0.86,0.16,0.0,0.0,0.04,0.82,0.33,0.73,0.3,0.15,0.0,0.27,0.71,0.96,,0.0,1.0,1.0,0.96,0.0,0.85,0.24,0.73,0.55,1.0,0.82,0.9,1.0,0.75,0.08,0.76,0.89,0.0,0.46,0.24,0.23,1.0,0.98,0.45,0.0,0.95,0.07,0.92,0.9,0.0,0.82,0.85,0.71,1.0,0.65,0.0,0.31,0.21,0.33,0.26,0.79,0.65,0.86,0.07,0.0,0.24,0.93,0.0,0.7,0.04,0.08,0.84,0.29,0.2,0.84,0.75,0.91,0.16,0.2,0.18,0.11,0.15,0.74,0.0,0.05,0.0,0.93,0.0,0.54,0.08,0.67,0.95,0.71,0.0,0.18,0.0
Yeshiva Torah Vodaath,0.0,,,,0.0,0.0,,,,,0.0,0.0,0.0,0.0,,,0.0,,,,,0.0,,,,,0.0,0.0,,,0.0,,0.0,0.0,,0.0,0.0,,0.0,,,,0.0,0.0,,,,,0.0,0.0,0.0,,0.0,0.0,,0.0,,0.0,,0.0,0.0,,,,,0.0,,,0.0,0.0,0.0,,0.0,,0.0,0.0,0.0,,0.0,0.0,,0.0,,0.0,,,,,0.0,0.0,,0.0,0.0,,0.0,0.0,0.5,,0.0,,,,,,,,,0.0,,,,0.0,,,0.0,0.0,,0.0,,,,0.0,,0.0
Young Leaders Elementary School,,0.04,0.08,0.79,,,0.0,0.96,0.96,0.0,0.94,0.0,,0.2,0.88,0.0,,0.0,0.0,0.0,0.88,0.07,0.12,1.0,0.33,1.0,,0.12,0.29,0.23,0.07,0.67,,,0.04,,,0.0,,0.0,1.0,0.0,,0.0,0.0,0.96,1.0,,0.65,,0.8,1.0,0.35,,0.0,,0.96,,1.0,0.93,0.88,0.77,0.08,1.0,0.96,,0.19,0.0,,0.87,1.0,0.04,0.0,1.0,,,0.93,1.0,,,0.77,,0.75,,0.08,0.25,0.07,0.11,0.84,0.7,0.96,,0.0,0.04,,0.07,0.9,0.0,,1.0,0.04,0.0,0.96,1.0,0.89,0.0,0.21,,0.04,0.0,0.89,0.0,0.0,0.0,,0.0,0.81,,0.89,1.0,0.92,0.13,0.04,
P.S. 102 The Bayview,,0.03,0.25,0.88,,,0.04,0.87,0.9,0.0,0.97,0.04,,0.0,0.83,0.07,,0.07,0.07,0.03,0.99,0.03,0.31,0.93,0.35,0.93,,0.03,0.29,0.1,0.0,0.65,,,0.09,,,0.0,,0.13,0.86,0.1,,0.02,0.14,0.88,1.0,,0.0,,1.0,0.96,1.0,,0.03,,0.88,,0.89,0.97,0.97,0.9,0.12,0.97,0.97,,0.09,0.01,,0.97,0.96,0.12,0.0,0.96,,,1.0,1.0,,,0.9,,0.71,,0.19,0.25,0.26,0.0,0.9,0.6,0.91,,0.0,0.1,,0.02,0.71,0.01,,0.93,0.12,0.04,0.93,0.96,0.94,0.07,0.12,,0.03,0.06,1.0,0.0,0.06,0.0,,0.0,0.91,,0.76,0.94,0.94,0.03,0.09,
P.S. 360,,0.06,0.17,0.91,,,0.0,1.0,0.83,,0.97,0.0,,0.03,0.92,0.08,,0.06,0.0,0.0,0.97,0.03,0.17,0.92,0.22,1.0,,0.0,0.33,0.11,0.03,0.78,,,0.11,,,0.0,,0.19,1.0,0.28,,0.03,0.0,0.75,1.0,,0.14,,0.97,1.0,0.86,,0.17,,0.94,,1.0,0.97,1.0,0.89,0.08,0.83,1.0,,0.25,0.0,,1.0,1.0,0.06,0.0,1.0,,,0.97,,,,0.94,,0.86,,0.36,0.06,0.14,0.0,0.97,0.72,0.94,,0.0,0.22,,0.03,0.97,0.0,,1.0,0.25,0.14,0.83,0.89,1.0,0.0,0.09,,0.0,0.0,1.0,0.0,0.0,,,0.0,0.75,,0.92,1.0,0.97,0.0,0.33,
The Boerum Hill School For International Studies,0.33,0.26,0.38,0.88,1.0,0.0,0.04,0.98,0.89,0.0,0.85,0.05,0.83,0.09,0.7,0.04,0.0,0.13,0.04,0.0,0.98,0.0,0.09,0.96,0.39,0.96,0.17,0.08,0.33,0.15,0.0,0.61,1.0,1.0,0.11,0.0,0.0,0.06,0.83,0.24,0.83,0.13,0.0,0.0,0.17,0.8,0.94,,0.0,1.0,0.91,0.96,0.0,1.0,0.07,0.67,0.89,0.86,0.98,0.92,0.92,0.85,0.11,0.93,0.83,0.0,0.23,0.15,0.0,0.83,0.95,0.11,1.0,0.94,0.07,1.0,1.0,0.0,0.83,1.0,0.85,1.0,0.67,0.14,0.0,0.22,0.08,0.23,0.7,0.64,0.98,0.07,0.0,0.2,1.0,0.08,0.79,0.0,0.0,0.87,0.2,0.09,0.87,0.91,0.9,0.13,0.12,0.17,0.17,0.02,0.77,0.0,0.14,0.0,0.93,0.0,0.77,0.17,0.94,0.86,0.8,0.17,0.11,0.0
Harbor Heights,,0.44,,0.88,,,0.2,0.91,0.73,0.0,,0.0,,,0.56,0.33,,0.09,0.09,0.11,0.56,,0.25,0.67,0.62,0.91,,,0.5,0.33,,0.38,,,0.27,,,0.0,,0.44,0.56,0.45,,,0.44,0.73,1.0,,0.0,,,0.82,0.0,,0.44,,0.64,,0.9,,,0.67,0.0,0.56,1.0,,0.11,0.33,,,1.0,0.36,0.0,1.0,,,,0.0,,,0.89,,0.88,,0.11,0.38,0.18,0.0,1.0,0.5,1.0,,0.0,0.45,,,1.0,0.11,,1.0,0.27,0.22,0.82,0.44,1.0,0.0,0.12,,0.0,0.0,1.0,0.0,0.09,0.0,,0.0,0.89,,0.73,0.91,0.89,,0.18,
P.S. 124 Silas B. Dutcher,,0.12,0.38,0.84,,,0.0,0.79,0.84,,1.0,0.07,,0.0,0.68,0.16,,0.17,0.0,0.0,0.79,0.0,0.33,0.84,0.39,1.0,,0.06,0.44,0.16,0.06,0.61,,,0.11,,,0.0,,0.37,0.63,0.0,,0.06,0.37,0.95,1.0,,0.0,,1.0,0.89,1.0,,0.05,,1.0,,0.82,0.94,0.94,0.84,0.22,0.95,1.0,,0.16,0.26,,0.94,0.93,0.0,0.0,1.0,,,0.94,,,,0.89,,0.72,,0.42,0.33,0.47,0.0,0.94,0.69,0.82,,0.0,0.11,,0.0,0.73,0.0,,0.84,0.05,0.11,0.89,0.79,0.95,0.16,0.16,,0.0,0.0,1.0,0.0,0.05,,,0.0,0.84,,0.74,0.95,0.74,0.06,0.11,
P.S. 165 Robert E. Simon,,0.04,0.3,0.92,,,0.0,1.0,0.81,0.0,1.0,0.0,,0.0,0.85,0.0,,0.0,0.0,0.0,1.0,0.0,0.12,1.0,0.29,1.0,,0.0,0.33,0.11,0.0,0.71,,,0.04,,,0.0,,0.07,0.96,0.04,,0.0,0.04,0.85,1.0,,0.06,,1.0,0.96,0.94,,0.04,,1.0,,1.0,1.0,1.0,0.89,0.0,0.96,1.0,,0.04,0.0,,1.0,1.0,0.0,0.0,1.0,,,1.0,1.0,,,0.89,,0.88,,0.15,0.0,0.04,0.0,1.0,0.88,0.96,,0.0,0.0,,0.0,0.8,0.0,,0.96,0.15,0.08,0.96,1.0,0.96,0.04,0.08,,0.0,0.0,1.0,0.0,0.0,0.0,,0.06,0.96,,0.96,1.0,0.96,0.0,0.04,
Manhattan Bridges High School,0.14,0.18,0.25,0.85,1.0,0.0,0.04,0.83,0.83,0.0,1.0,0.0,,0.0,0.79,0.18,,0.34,0.07,0.1,0.82,0.17,0.15,0.82,0.32,0.93,0.0,0.08,0.21,0.14,0.0,0.68,1.0,1.0,0.07,0.0,0.0,0.0,1.0,0.25,0.79,0.21,,0.0,0.21,0.72,1.0,,0.0,1.0,1.0,0.93,0.0,,0.07,0.86,0.76,1.0,0.86,1.0,0.92,0.86,0.0,0.93,0.75,0.0,0.03,0.14,,1.0,0.0,0.24,1.0,0.97,0.0,,1.0,0.0,1.0,,0.86,1.0,0.81,0.0,0.07,0.07,0.36,0.11,0.96,0.88,0.93,0.17,0.0,0.21,1.0,0.08,0.85,0.03,,0.55,0.28,0.11,0.9,0.75,0.93,0.45,0.15,0.0,0.25,0.31,0.89,0.04,0.07,0.0,0.83,0.0,0.97,,0.76,0.93,0.86,0.0,0.14,0.0
Initial Steps Child Development Center,0.0,,,,0.0,0.0,,,,,0.0,0.0,0.0,0.0,,,0.0,,,,,0.0,,,,,0.0,0.0,,,0.0,,0.0,0.0,,0.0,0.0,,0.0,,,,0.0,0.0,,,,,0.0,0.0,0.0,,0.0,0.0,,0.0,,0.0,,0.0,0.0,,,,,0.0,,,0.0,0.0,0.0,,0.0,,0.0,0.0,0.0,,0.0,0.0,,0.0,,0.0,,,,,0.0,0.0,,0.0,0.0,,0.0,0.0,1.0,,0.0,,,,,,,,,0.0,,,,0.0,,,0.0,0.0,,0.0,,,,0.0,,0.0
P.S. 056 Norwood Heights,0.0,0.0,0.04,1.0,0.0,0.0,0.03,0.88,1.0,,0.94,0.0,0.0,0.03,1.0,0.0,0.0,0.0,0.03,0.0,0.97,0.03,0.09,1.0,0.12,0.97,0.0,0.03,0.12,0.0,0.03,0.88,0.0,0.0,0.0,0.0,0.0,0.0,0.0,0.0,1.0,0.0,0.0,0.03,0.0,1.0,1.0,,0.0,0.0,0.97,0.97,1.0,0.0,0.0,0.0,1.0,0.0,0.85,0.97,0.97,1.0,0.03,1.0,0.97,0.0,0.12,0.0,0.0,0.97,1.0,0.0,0.0,0.97,0.0,0.0,0.97,,0.0,0.0,0.97,0.0,0.88,0.0,0.03,0.15,0.15,0.06,0.97,0.88,0.94,0.0,0.0,0.0,0.0,0.03,0.71,0.0,0.0,0.97,0.0,0.0,1.0,1.0,0.97,0.03,0.0,0.0,0.03,0.06,0.94,0.0,0.09,,0.0,0.0,0.88,0.0,0.88,0.91,1.0,0.03,0.0,0.0
P.S. 098 Shorac Kappock,,0.18,0.35,0.95,,,0.0,0.88,0.61,0.0,0.93,0.0,,0.07,0.73,0.27,,0.35,0.0,0.0,0.95,0.0,0.14,0.73,0.52,1.0,,0.07,0.52,0.18,0.0,0.48,,,0.3,,,0.18,,0.23,0.68,0.43,,0.0,0.32,0.74,0.82,,0.0,,0.93,1.0,1.0,,0.23,,0.57,,0.87,0.93,0.93,0.82,0.19,0.77,1.0,,0.23,0.23,,0.93,1.0,0.43,0.0,1.0,,,1.0,1.0,,,0.82,,0.76,,0.45,0.19,0.12,0.24,0.73,0.93,0.89,,0.0,0.35,,0.0,0.69,0.0,,0.74,0.26,0.32,0.78,0.73,1.0,0.26,0.05,,0.0,0.09,0.76,0.0,0.0,0.0,,0.0,0.77,,0.83,1.0,0.77,0.07,0.39,
P.S. 089 Bronx,0.09,0.08,0.16,0.83,0.97,0.0,0.03,0.83,0.94,0.25,1.0,0.02,0.82,0.0,0.73,0.08,0.09,0.18,0.01,0.03,0.93,0.0,0.18,0.92,0.44,0.99,0.0,0.0,0.5,0.1,0.04,0.56,0.97,1.0,0.06,0.0,0.03,0.02,0.95,0.09,0.85,0.09,0.09,0.0,0.15,0.83,0.98,,0.21,1.0,1.0,0.99,0.79,0.82,0.05,0.91,0.89,1.0,0.91,0.96,1.0,0.9,0.1,0.95,0.97,0.03,0.3,0.06,0.0,1.0,0.98,0.11,0.0,0.99,0.03,0.91,0.96,0.75,1.0,0.91,0.92,1.0,0.7,0.0,0.24,0.24,0.27,0.07,0.9,0.56,0.84,0.03,0.0,0.1,1.0,0.0,0.96,0.01,0.09,0.83,0.17,0.1,0.85,0.94,0.94,0.17,0.17,0.0,0.03,0.05,0.93,0.0,0.01,0.25,0.97,0.0,0.7,0.18,0.69,0.99,0.95,0.0,0.09,0.0
Central Park East High School,,0.15,0.29,0.92,1.0,0.0,0.04,0.93,0.96,0.0,1.0,0.0,1.0,0.0,0.96,0.04,0.0,0.0,0.07,0.0,0.96,0.0,0.04,0.96,0.33,0.93,,0.0,0.26,0.12,0.14,0.67,1.0,1.0,0.04,,0.0,0.0,,0.19,0.96,0.04,0.0,0.0,0.04,0.89,1.0,,0.0,1.0,1.0,0.96,0.0,1.0,0.04,,0.89,1.0,0.96,1.0,1.0,0.88,0.0,0.96,0.89,0.0,0.0,0.07,0.0,1.0,0.0,0.11,1.0,0.93,0.0,1.0,0.86,0.0,,1.0,0.88,,0.93,0.0,0.04,0.07,0.11,0.04,1.0,1.0,1.0,0.14,0.0,0.04,1.0,0.0,0.8,0.0,0.0,0.96,0.11,0.07,1.0,0.96,0.89,0.04,0.08,,0.11,0.04,0.96,0.0,0.07,0.0,0.86,0.0,1.0,0.0,0.93,0.93,0.96,0.0,0.04,0.0
P.S. 196 Ten Eyck,,0.0,0.43,1.0,,,0.0,1.0,1.0,,1.0,0.0,0.0,0.0,0.9,0.0,0.0,0.0,0.0,0.0,1.0,0.0,0.05,1.0,0.26,1.0,,0.0,0.32,0.05,0.0,0.74,,,0.0,,,0.0,,0.05,1.0,0.0,0.0,0.0,0.0,1.0,1.0,,0.07,,1.0,1.0,0.93,0.0,0.0,,1.0,,1.0,1.0,1.0,0.95,0.05,1.0,1.0,,0.1,0.0,0.0,0.93,1.0,0.0,0.0,1.0,,0.0,1.0,,,0.0,0.95,,0.79,,0.05,0.11,0.15,0.0,1.0,0.69,1.0,,0.0,0.0,,0.0,0.83,0.0,0.0,1.0,0.0,0.0,1.0,1.0,1.0,0.0,0.0,,0.0,0.0,1.0,0.0,0.0,,,0.0,0.9,0.0,0.8,1.0,1.0,0.07,0.0,
Bronx Arena High School,,0.0,,0.82,,,0.0,1.0,1.0,0.0,,0.0,,,0.64,0.0,,0.0,0.09,0.09,0.91,,0.0,1.0,0.36,0.91,,,0.18,0.09,,0.64,,,0.0,,,0.0,,0.0,0.91,0.0,,,0.09,1.0,1.0,,0.0,,,1.0,0.0,,0.0,,1.0,,1.0,,,0.91,0.18,1.0,1.0,,0.0,0.09,,,0.0,0.0,1.0,1.0,,,,0.0,,,1.0,,0.82,,0.0,0.18,0.09,0.0,1.0,0.82,1.0,,0.0,0.0,,,0.69,0.0,,1.0,0.0,0.0,1.0,1.0,0.9,0.0,0.18,,0.0,0.0,1.0,0.0,0.0,0.0,,0.0,1.0,,0.91,1.0,1.0,,0.0,
New Millennium Bronx Academy Of The Arts,0.0,0.26,0.37,0.72,1.0,,0.12,0.69,0.85,0.0,1.0,0.07,,0.0,0.7,0.11,,0.22,0.08,0.07,0.93,0.08,0.11,0.89,0.37,0.92,0.0,0.0,0.54,0.28,0.17,0.63,0.86,1.0,0.15,0.0,0.0,0.07,1.0,0.07,0.81,0.11,,0.0,0.19,0.77,0.93,,0.0,,1.0,0.93,0.0,,0.11,1.0,0.88,,0.96,0.92,1.0,0.72,0.22,0.89,0.68,0.0,0.37,0.22,,1.0,0.93,0.12,0.0,0.92,0.0,,0.83,0.0,1.0,,0.77,1.0,0.56,,0.23,0.41,0.22,0.07,0.81,0.48,0.88,0.43,0.0,0.12,1.0,0.08,0.87,0.04,,0.81,0.23,0.11,0.81,0.89,0.85,0.19,0.28,0.0,0.32,0.15,0.93,0.0,0.16,0.0,0.57,0.0,0.63,,0.81,0.84,0.96,0.0,0.15,0.0
J.H.S. 151 Lou Gehrig,,0.07,0.22,0.93,1.0,,0.07,0.93,0.93,0.0,1.0,0.0,,0.0,0.8,0.0,,0.07,0.0,0.0,1.0,0.2,0.2,1.0,0.6,1.0,,0.0,0.33,0.0,0.0,0.4,1.0,1.0,0.0,,0.0,0.0,,0.2,0.87,0.07,,0.0,0.13,1.0,1.0,,0.0,,1.0,1.0,0.0,,0.13,,1.0,,0.86,1.0,1.0,1.0,0.13,0.87,0.87,0.0,0.47,0.13,,1.0,1.0,0.0,0.0,1.0,0.2,,1.0,0.0,,,0.93,,0.53,,0.13,0.33,0.13,,0.79,0.5,1.0,0.0,0.0,0.07,1.0,0.0,0.79,0.0,,0.93,0.0,0.0,1.0,0.93,0.93,0.07,0.07,,0.13,0.0,,0.0,0.07,0.0,1.0,0.0,0.53,,0.93,0.93,1.0,0.0,0.07,0.0
M.S. 224 Manhattan East School For Arts & Academics,,0.07,0.56,0.93,,,0.06,0.94,0.94,0.0,1.0,0.0,,0.0,1.0,0.07,,0.06,0.0,0.0,0.87,0.0,0.13,0.93,0.38,1.0,,0.0,0.31,0.07,0.0,0.62,,,0.12,,,0.0,,0.13,0.93,0.06,,0.17,0.07,0.88,1.0,,0.0,,1.0,1.0,0.0,,0.0,,0.94,,0.94,0.83,1.0,0.93,0.27,1.0,1.0,,0.33,0.07,,1.0,1.0,0.06,0.0,1.0,,,1.0,0.0,,,0.8,,0.73,,0.0,0.07,0.12,0.07,0.93,0.93,1.0,,0.0,0.06,,0.0,1.0,0.07,,0.81,0.12,0.07,0.88,1.0,1.0,0.19,0.07,,0.0,0.0,0.93,0.0,0.0,0.0,,0.0,0.67,,0.76,1.0,1.0,0.0,0.0,
P.S. 340,,0.02,0.15,0.92,,,0.02,1.0,1.0,0.0,0.97,0.03,,0.06,0.93,0.0,,0.02,0.02,0.0,1.0,0.0,0.17,1.0,0.39,0.98,,0.03,0.46,0.02,0.0,0.61,,,0.0,,,0.0,,0.02,0.98,0.0,,0.03,0.02,0.98,1.0,,0.17,,0.94,1.0,0.83,,0.0,,0.98,,1.0,0.97,0.97,0.98,0.05,1.0,0.98,,0.07,0.0,,0.94,0.97,0.02,0.0,0.98,,,1.0,1.0,,,0.98,,0.76,,0.07,0.17,0.02,0.02,0.94,0.56,0.92,,0.0,0.0,,0.0,0.91,0.0,,0.98,0.02,0.0,0.95,1.0,0.98,0.02,0.08,,0.02,0.0,0.98,0.0,0.0,0.0,,0.0,0.93,,0.93,1.0,1.0,0.06,0.0,
P.S. 161 Juan Ponce De Leon School,,0.1,0.14,0.93,,0.0,0.06,0.97,0.87,,0.88,0.0,,0.08,0.83,0.13,,0.07,0.09,0.0,0.97,0.08,0.26,0.87,0.42,0.91,,0.12,0.48,0.06,0.08,0.58,,,0.1,,,0.1,,0.13,0.87,0.1,,0.08,0.13,0.81,0.9,,0.35,0.0,0.92,0.94,0.65,,0.03,,0.83,0.0,0.93,1.0,0.88,0.94,0.16,0.97,0.94,,0.3,0.06,,0.92,1.0,0.17,0.0,0.94,,,0.92,,,,1.0,,0.87,0.0,0.19,0.19,0.09,0.14,0.89,0.61,0.96,,0.0,0.1,,0.0,0.78,0.03,,0.93,0.19,0.03,0.9,0.93,0.91,0.07,0.07,,0.06,0.06,0.86,0.0,0.03,,,0.06,0.7,,0.75,0.97,0.9,0.08,0.03,
"Faces Of The Future Early Learning Center, Llc",0.0,,,,0.0,0.0,,,,,0.0,0.0,0.0,0.0,,,0.0,,,,,0.0,,,,,0.0,0.0,,,0.0,,0.0,0.0,,0.0,0.0,,0.0,,,,0.0,0.0,,,,,0.0,0.0,0.0,,0.0,0.0,,0.0,0.0,0.0,,0.0,0.0,,,,,0.0,,,0.0,0.0,0.0,0.0,0.0,,0.0,0.0,0.0,,0.0,0.0,,0.0,,0.0,,,,,0.0,0.0,,0.0,0.0,,0.0,0.0,0.5,,0.0,,,,,,,,,0.0,,,,0.0,,,0.0,0.0,,0.0,,,,0.0,,0.0
J.H.S. 123 James M. Kieran,0.09,0.07,0.19,0.78,1.0,0.0,0.06,0.9,0.98,0.0,1.0,0.05,0.91,0.0,0.91,0.07,0.09,0.09,0.04,0.02,0.93,0.08,0.21,0.93,0.49,0.96,0.0,0.0,0.35,0.14,0.0,0.51,1.0,1.0,0.07,0.09,0.0,0.02,1.0,0.02,0.98,0.04,0.0,0.08,0.02,0.85,0.98,,0.0,1.0,1.0,0.94,0.0,0.91,0.02,0.91,0.91,1.0,0.91,0.92,1.0,0.86,0.19,0.98,0.96,0.0,0.36,0.0,0.09,0.93,0.95,0.09,,0.92,0.07,1.0,1.0,0.0,1.0,0.91,0.86,0.91,0.53,0.0,0.02,0.42,0.22,0.07,0.93,0.48,0.9,0.14,,0.0,1.0,0.0,0.96,0.0,0.0,0.88,0.15,0.02,0.98,0.98,0.94,0.12,0.22,0.0,0.04,0.12,0.93,,0.06,0.0,0.86,0.0,0.64,0.09,0.8,0.94,0.88,0.07,0.02,0.0
P.S./M.S. 029 Melrose School,0.0,0.44,0.38,0.78,0.92,0.2,0.05,0.85,0.61,,0.71,0.02,1.0,0.25,0.55,0.39,0.0,0.44,0.03,0.03,0.69,0.11,0.15,0.61,0.48,0.97,0.12,0.21,0.54,0.39,0.19,0.52,1.0,0.92,0.39,0.12,0.08,0.14,1.0,0.46,0.66,0.43,0.14,0.29,0.34,0.49,0.86,,0.42,0.8,0.75,0.95,0.58,1.0,0.35,1.0,0.76,0.6,0.92,0.79,0.79,0.61,0.21,0.65,0.91,0.15,0.41,0.19,0.14,0.86,0.98,0.24,0.0,0.9,0.15,0.86,0.81,,0.75,1.0,0.72,0.88,0.59,0.4,0.47,0.29,0.26,0.32,0.75,0.59,0.87,0.08,0.0,0.42,1.0,0.14,0.81,0.03,0.14,0.68,0.51,0.28,0.64,0.65,0.88,0.32,0.22,0.25,0.09,0.15,0.68,0.0,0.08,,0.92,0.04,0.59,0.0,0.76,0.92,0.61,0.14,0.42,0.0
Little Scholars Learning Center,0.0,,,,0.0,0.0,,,,,0.0,0.0,0.0,0.0,,,0.0,,,,,0.0,,,,,0.0,0.0,,,0.0,,0.0,0.0,,0.0,0.0,,0.0,,,,0.0,0.0,,,,,0.0,0.0,0.0,,0.0,0.0,,0.0,0.0,0.0,,0.0,0.0,,,,,0.0,,,0.0,0.0,0.0,0.0,0.0,,0.0,0.0,0.0,,0.0,0.0,,0.0,,0.0,,,,0.0,0.0,0.0,0.0,0.0,0.0,,0.0,0.0,1.0,,0.0,,,,,,,,,0.0,,,0.0,0.0,,,0.0,0.0,,0.0,,,,0.0,,0.0
P.S. 184M Shuang Wen,0.33,0.35,0.44,0.83,,,0.0,0.83,0.62,0.0,0.94,0.1,0.8,0.0,0.58,0.31,0.0,0.31,0.07,0.04,0.77,0.06,0.36,0.69,0.48,0.93,0.0,0.12,0.4,0.42,0.0,0.52,,,0.31,0.0,,0.12,1.0,0.38,0.58,0.38,0.0,0.06,0.42,0.68,0.88,,0.1,,1.0,1.0,0.9,1.0,0.31,0.67,0.73,,0.93,1.0,0.88,0.58,0.04,0.69,0.93,,0.31,0.15,0.0,0.94,0.9,0.27,0.0,1.0,,1.0,1.0,0.0,1.0,1.0,0.62,1.0,0.72,,0.12,0.2,0.34,0.19,0.96,0.62,0.76,,0.0,0.38,,0.0,0.49,0.19,0.0,0.65,0.32,0.19,0.65,0.62,0.97,0.35,0.17,0.0,0.07,0.2,0.81,0.0,0.03,0.0,,0.0,0.69,0.2,0.69,0.97,0.65,0.06,0.23,
The Mott Hall School,0.17,0.15,0.3,0.89,0.8,,0.0,0.9,0.9,0.0,,0.0,,,0.85,0.1,,0.1,0.0,0.0,0.95,,0.05,0.9,0.1,1.0,0.0,,0.1,0.16,,0.9,0.8,0.8,0.05,0.0,0.2,0.05,1.0,0.2,0.95,0.1,,,0.05,0.9,0.95,,0.0,,,1.0,0.0,,0.15,0.83,0.8,,0.89,,,0.84,0.0,0.85,0.95,0.2,0.15,0.05,,,1.0,0.2,0.0,1.0,0.2,,,0.0,1.0,,0.89,1.0,0.85,,0.05,0.05,0.1,0.16,1.0,0.89,0.95,0.2,0.0,0.1,1.0,,0.91,0.05,,0.9,0.1,0.15,0.9,0.95,0.9,0.1,0.11,0.0,0.05,0.05,0.84,0.0,0.0,0.0,0.8,0.0,0.85,,0.7,1.0,0.9,,0.05,0.0
Ampark Neighborhood,,0.14,0.23,0.94,,,0.05,1.0,1.0,,1.0,0.0,0.0,0.0,0.71,0.0,0.0,0.0,0.0,0.0,1.0,0.07,0.32,1.0,0.53,1.0,,0.07,0.58,0.14,0.0,0.47,,,0.0,,,0.0,,0.19,0.81,0.0,0.0,0.08,0.19,1.0,1.0,,0.07,,1.0,1.0,0.93,0.0,0.05,,0.9,,0.95,1.0,0.93,0.86,0.16,0.95,1.0,,0.24,0.14,0.0,1.0,1.0,0.1,0.0,1.0,,0.0,1.0,,,0.0,0.86,,0.68,,0.05,0.32,0.19,0.0,0.71,0.53,1.0,,0.0,0.05,,0.0,0.72,0.05,0.0,0.95,0.0,0.0,1.0,0.95,1.0,0.05,0.06,,0.0,0.05,1.0,0.0,0.05,,,0.0,0.76,0.0,0.81,0.95,1.0,0.0,0.0,
Baychester Academy,,0.09,0.21,1.0,,,0.05,1.0,0.9,,1.0,0.0,,0.0,0.91,0.0,,0.05,0.05,0.0,1.0,0.0,0.18,1.0,0.36,0.95,,0.07,0.27,0.05,0.14,0.64,,,0.05,,,0.05,,0.05,0.95,0.0,,0.08,0.05,0.9,0.95,,0.07,,1.0,0.95,0.93,,0.14,,1.0,,1.0,1.0,0.93,0.95,0.05,0.86,0.95,,0.32,0.05,,0.93,1.0,0.0,0.0,0.86,,,0.86,,,,0.91,,0.73,,0.27,0.27,0.09,0.05,0.89,0.72,1.0,,0.0,0.1,,0.0,0.81,0.0,,0.9,0.1,0.05,0.91,0.95,0.9,0.1,0.0,,0.05,0.0,0.95,0.0,0.05,,,0.0,0.68,,0.86,0.95,0.95,0.07,0.18,
Cyberarts Studio Academy,,0.0,0.17,1.0,,0.0,0.0,0.82,1.0,0.0,1.0,0.0,,0.0,1.0,0.0,,0.0,0.0,0.0,1.0,0.0,0.2,1.0,0.27,1.0,,0.0,0.27,0.0,0.0,0.73,,,0.0,,,0.0,,0.0,1.0,0.0,,0.0,0.0,1.0,1.0,,0.0,0.0,1.0,1.0,0.0,,0.0,,1.0,0.0,1.0,1.0,1.0,1.0,0.18,1.0,1.0,,0.1,0.0,,1.0,0.0,0.0,1.0,1.0,,,1.0,0.0,,,1.0,,0.91,0.0,0.0,0.18,0.18,0.0,0.89,0.6,1.0,,0.0,0.0,,0.0,0.55,0.0,,0.91,0.0,0.0,1.0,1.0,1.0,0.09,0.0,,0.0,0.0,1.0,0.0,0.0,0.0,,0.0,0.9,,0.82,1.0,1.0,0.0,0.0,
Eleanor Roosevelt High School,,0.13,0.25,1.0,1.0,,0.0,0.9,0.97,0.0,1.0,0.0,1.0,0.1,0.8,0.03,0.0,0.03,0.0,0.06,1.0,0.0,0.13,0.97,0.14,1.0,,0.0,0.21,0.19,0.0,0.86,1.0,1.0,0.1,,0.0,0.03,,0.27,0.93,0.2,0.0,0.0,0.07,0.9,0.97,,0.0,,0.9,1.0,0.0,1.0,0.03,,0.9,,0.87,1.0,1.0,0.81,0.0,0.97,1.0,0.0,0.3,0.03,0.0,1.0,0.0,0.1,1.0,1.0,0.0,1.0,1.0,0.0,,1.0,0.68,,0.97,,0.03,0.03,0.13,0.0,0.9,0.97,1.0,0.0,0.0,0.17,1.0,0.0,0.86,0.0,0.0,1.0,0.1,0.13,1.0,0.93,0.97,0.0,0.0,,0.0,0.03,1.0,0.03,0.0,0.0,1.0,0.0,0.7,0.0,0.84,1.0,0.97,0.0,0.1,0.0
Longwood Preparatory Academy,,0.05,0.41,0.61,0.86,,0.09,0.78,0.91,0.0,,0.0,1.0,0.2,0.73,0.05,0.0,0.09,0.13,0.0,0.91,0.0,0.38,0.95,0.57,0.87,,,0.48,0.24,0.2,0.43,0.86,0.71,0.09,,0.14,0.0,,0.14,0.82,0.09,0.0,0.0,0.18,0.95,1.0,,0.0,,0.8,0.95,0.0,1.0,0.1,,0.95,,0.71,1.0,,0.76,0.29,0.9,0.7,0.14,0.09,0.1,0.0,1.0,0.0,0.05,0.89,0.9,0.29,1.0,0.8,0.0,,1.0,0.86,,0.62,,0.05,0.38,0.26,0.1,0.8,0.48,0.72,0.29,0.15,0.09,0.86,0.0,0.72,0.05,0.0,0.68,0.05,0.14,0.91,0.95,0.86,0.32,0.39,,0.3,0.09,0.9,0.05,0.04,0.0,0.71,0.0,0.91,0.0,0.7,0.96,0.95,0.0,0.05,0.14
P.S. 056 Lewis H. Latimer,,0.11,0.14,0.94,,,0.0,0.89,1.0,,0.93,0.0,,0.17,0.83,0.0,,0.0,0.11,0.0,0.83,0.0,0.17,1.0,0.33,0.89,,0.07,0.44,0.0,0.07,0.67,,,0.06,,,0.0,,0.28,0.83,0.11,,0.17,0.17,0.94,1.0,,0.0,,0.83,1.0,1.0,,0.0,,,,0.88,0.85,0.93,1.0,0.11,1.0,0.94,,0.11,0.06,,0.93,1.0,,0.0,0.94,,,0.93,,,,0.94,,0.78,,0.11,0.22,0.17,,0.94,0.65,1.0,,0.0,0.06,,0.07,0.72,0.0,,0.94,0.06,0.0,1.0,0.89,1.0,0.06,0.06,,0.06,0.0,,0.0,0.0,,,0.0,0.89,,0.72,1.0,0.94,0.07,0.0,
Manhattan Village Academy,0.2,0.0,0.13,0.9,1.0,,0.05,0.95,0.95,0.0,,0.0,,,1.0,0.0,,0.05,0.05,0.0,0.86,,0.14,1.0,0.33,0.95,0.0,,0.24,0.0,,0.67,1.0,1.0,0.05,0.0,0.0,0.0,1.0,0.1,0.9,0.05,,,0.1,0.95,1.0,,0.0,,,0.95,0.0,,0.0,0.8,1.0,,1.0,,,1.0,0.0,1.0,0.81,0.0,0.0,0.05,,,0.0,0.0,1.0,0.95,0.0,,,0.0,1.0,,0.95,1.0,0.76,,0.0,0.14,0.14,0.0,0.95,0.95,0.95,0.0,0.0,0.05,0.8,,0.7,0.0,,0.9,0.05,0.0,0.95,0.95,0.95,0.1,0.1,0.0,0.19,0.05,1.0,0.0,0.05,0.0,1.0,0.0,1.0,,0.95,0.95,1.0,,0.05,0.0
P.S. 103 Hector Fontanez,0.07,0.04,0.09,0.82,0.94,0.14,0.04,0.89,0.9,0.2,0.97,0.04,,0.05,0.84,0.03,,0.1,0.03,0.03,0.99,0.03,0.19,0.97,0.4,0.97,0.0,0.05,0.51,0.1,0.08,0.6,1.0,1.0,0.09,0.0,0.06,0.01,1.0,0.01,0.91,0.1,,0.08,0.09,0.87,0.99,,0.19,0.86,0.95,0.97,0.81,,0.03,0.93,0.87,0.86,0.87,0.92,0.95,0.9,0.16,0.97,0.99,0.0,0.41,0.03,,0.97,0.96,0.13,0.0,0.96,0.0,,0.92,,1.0,,0.87,1.0,0.65,0.14,0.25,0.25,0.19,0.03,0.91,0.5,0.85,0.0,0.0,0.1,1.0,0.08,0.95,0.01,,0.84,0.13,0.06,0.96,0.97,0.97,0.16,0.18,0.0,0.01,0.09,0.97,0.0,0.03,0.2,1.0,0.0,0.59,,0.81,0.97,0.97,0.03,0.07,0.0
Bronx Academy For Software Engineering (Base),,0.25,0.35,0.83,1.0,,0.0,0.96,0.84,0.0,1.0,0.0,,0.0,0.71,0.12,,0.04,0.0,0.04,0.92,0.0,0.14,0.88,0.42,1.0,,0.0,0.17,0.08,0.0,0.58,1.0,1.0,0.16,,0.0,0.0,,0.2,0.68,0.2,,0.0,0.32,0.84,1.0,,0.0,,1.0,1.0,0.0,,0.2,,0.76,,0.96,1.0,1.0,0.92,0.12,0.8,0.88,0.0,0.36,0.12,,1.0,0.0,0.24,1.0,0.96,0.2,,1.0,0.0,,,0.92,,0.65,,0.08,0.46,0.04,0.08,0.75,0.71,0.96,0.2,0.0,0.28,1.0,0.0,0.68,0.04,,0.88,0.16,0.2,0.96,0.6,0.83,0.12,0.17,,0.12,0.04,0.92,0.09,0.0,0.0,0.8,0.0,0.64,,0.92,1.0,0.83,0.0,0.16,0.0
P.S. 153 Helen Keller,,0.34,0.53,0.72,,,0.0,0.93,0.72,,0.68,0.19,0.0,0.2,0.62,0.31,0.0,0.28,0.03,0.0,0.72,0.32,0.03,0.69,0.41,0.97,,0.2,0.48,0.28,0.24,0.59,,,0.21,,,0.1,,0.24,0.55,0.31,0.0,0.24,0.45,0.76,0.9,,0.05,,0.8,0.93,0.95,0.0,0.24,,0.76,,0.96,0.8,0.8,0.72,0.07,0.76,0.96,,0.21,0.14,0.0,0.8,0.81,0.24,0.0,0.96,,0.0,0.76,,,0.0,0.55,,0.62,,0.45,0.24,0.21,0.21,0.74,0.54,0.86,,0.0,0.31,,0.32,0.67,0.0,0.0,0.79,0.24,0.34,0.72,0.72,1.0,0.21,0.28,,0.04,0.07,0.79,0.0,0.14,,,0.0,0.79,0.0,0.79,0.86,0.79,0.2,0.34,
Alfred E. Smith Career And Technical Education High School,,0.15,0.2,0.85,1.0,,0.0,0.86,0.86,0.0,1.0,0.0,,0.0,0.81,0.24,,0.1,0.0,0.05,0.9,0.0,0.05,0.76,0.26,1.0,,0.0,0.21,0.19,0.0,0.74,1.0,1.0,0.14,,0.0,0.14,,0.2,0.81,0.19,,0.0,0.19,0.8,0.86,,0.0,,1.0,1.0,0.0,,0.1,,0.86,,0.86,1.0,1.0,0.81,0.11,0.9,0.9,0.0,0.1,0.14,,1.0,0.0,0.14,1.0,1.0,0.0,,1.0,0.0,,,0.86,,0.74,,0.1,0.11,0.14,0.19,0.89,0.89,0.89,0.0,0.0,0.14,1.0,0.0,0.51,0.1,,0.81,0.2,0.2,0.95,0.85,0.95,0.19,0.15,,0.1,0.14,0.81,0.0,0.0,0.0,1.0,0.0,0.9,,0.75,1.0,0.9,0.0,0.14,0.0
Manhattan Business Academy,0.4,0.04,0.36,0.68,1.0,,0.08,0.92,0.96,0.0,1.0,0.0,0.75,0.0,0.81,0.08,0.0,0.08,0.04,0.0,0.92,0.0,0.42,0.92,0.38,0.96,0.0,0.0,0.38,0.04,0.0,0.62,0.86,1.0,0.08,0.0,0.0,0.04,1.0,0.23,0.84,0.12,0.0,0.0,0.16,0.88,0.96,,0.0,,1.0,0.96,0.0,0.88,0.04,0.6,0.88,,0.96,0.89,1.0,0.96,0.08,0.96,0.96,0.0,0.08,0.08,0.12,1.0,0.0,0.12,1.0,0.88,0.14,1.0,1.0,0.0,0.8,1.0,0.92,1.0,0.85,,0.04,0.23,0.04,0.08,0.96,0.69,0.88,0.0,0.04,0.15,1.0,0.0,0.87,0.04,0.0,1.0,0.12,0.08,0.92,0.92,0.86,0.0,0.32,0.2,0.04,0.04,0.92,0.04,0.16,0.0,1.0,0.0,0.92,0.25,0.92,0.84,0.96,0.0,0.08,0.0
International High School At Union Square,,0.07,0.3,0.92,,,0.07,0.93,1.0,0.0,,0.0,0.0,,0.87,0.0,0.0,0.0,0.07,0.0,1.0,,0.08,1.0,0.31,0.93,,,0.31,0.33,,0.69,,,0.0,,,0.0,,0.13,0.93,0.0,0.0,,0.07,1.0,1.0,,0.0,,,0.93,0.0,0.0,0.0,,1.0,,0.93,,,0.67,0.08,1.0,0.93,,0.07,0.07,0.0,,0.0,0.0,1.0,0.93,,0.0,,0.0,,0.0,0.8,,0.77,,0.07,0.23,0.13,0.0,1.0,0.73,1.0,,0.0,0.0,,,0.56,0.0,0.0,0.8,0.0,0.07,0.93,0.93,0.8,0.2,0.08,,0.07,0.0,1.0,0.0,0.07,0.0,,0.0,0.93,0.0,0.87,0.93,0.87,,0.07,
"The Marie Curie School For Medicine, Nursing, And Health Professions",0.2,0.11,0.5,0.76,1.0,,0.05,0.7,0.9,0.0,1.0,0.0,,0.0,0.52,0.19,,0.33,0.05,0.14,0.65,0.0,0.26,0.81,0.63,0.95,0.2,0.0,0.58,0.37,0.0,0.37,1.0,0.8,0.14,0.2,0.0,0.05,0.8,0.16,0.57,0.14,,0.0,0.43,0.76,0.95,,0.0,,1.0,0.95,0.0,,0.16,0.8,0.9,,0.82,1.0,1.0,0.63,0.26,0.84,0.95,0.0,0.3,0.05,,1.0,0.0,0.1,1.0,0.95,0.0,,1.0,0.0,0.8,,0.79,0.8,0.53,,0.16,0.44,0.48,0.0,0.94,0.44,0.83,0.4,0.0,0.05,1.0,0.0,0.75,0.05,,0.65,0.24,0.16,1.0,0.84,0.9,0.35,0.24,0.2,0.05,0.19,1.0,0.0,0.0,0.0,0.6,0.0,0.7,,0.52,1.0,0.89,0.0,0.19,0.0
P.S. 087 William Sherman,,0.27,0.58,0.93,,,0.0,0.9,0.93,,0.96,0.05,,0.04,0.63,0.17,,0.1,0.03,0.03,0.87,0.04,0.1,0.83,0.27,0.97,,0.04,0.23,0.61,0.04,0.73,,,0.07,,,0.0,,0.38,0.73,0.17,,0.04,0.27,0.9,1.0,,0.0,,0.96,1.0,1.0,,0.23,,0.83,,0.75,0.96,0.96,0.39,0.07,0.77,1.0,,0.07,0.07,,0.96,0.95,0.17,0.0,1.0,,,0.96,,,,0.57,,0.87,,0.03,0.13,0.33,0.1,0.96,0.89,0.93,,0.0,0.13,,0.04,0.55,0.0,,0.7,0.1,0.0,0.93,0.8,1.0,0.3,0.07,,0.0,0.1,0.9,0.0,0.03,,,0.0,0.93,,0.63,0.97,0.73,0.04,0.03,
Eagle Academy For Young Men,0.33,0.12,0.14,0.93,,,0.11,0.83,0.94,0.0,,,,,0.88,0.06,,0.22,0.06,0.0,0.82,,0.38,0.94,0.31,0.94,0.0,,0.44,0.06,,0.69,,,0.11,0.0,,0.0,1.0,0.18,1.0,0.17,,,0.0,0.94,1.0,,0.0,,,1.0,0.0,,0.0,0.67,0.94,,0.83,,,0.94,0.25,1.0,0.94,,0.65,0.06,,,,0.06,0.9,1.0,,,,0.0,0.83,,1.0,1.0,0.44,,0.06,0.31,0.17,0.06,0.93,0.6,1.0,,0.0,0.17,,,0.45,0.0,,0.89,0.06,0.12,1.0,0.94,0.94,0.11,0.07,0.17,0.06,0.0,0.94,0.1,0.0,0.0,,0.0,0.35,,0.67,1.0,1.0,,0.22,
Bronx Studio School For Writers And Artists,0.17,0.35,0.5,0.6,1.0,,0.02,0.66,0.55,0.0,0.93,0.15,0.33,0.2,0.37,0.46,0.33,0.29,0.02,0.1,0.78,0.2,0.31,0.54,0.75,0.98,0.17,0.12,0.53,0.53,0.27,0.25,0.9,0.9,0.29,0.2,0.0,0.12,1.0,0.48,0.56,0.49,0.44,0.14,0.44,0.63,0.88,,0.0,,0.8,0.93,0.0,0.56,0.35,0.83,0.62,,0.7,0.67,0.88,0.47,0.19,0.65,0.88,0.0,0.34,0.32,0.44,0.88,0.85,0.38,0.94,0.88,0.3,0.56,0.73,0.0,1.0,0.67,0.62,1.0,0.5,,0.22,0.36,0.54,0.22,0.57,0.46,0.71,0.5,0.05,0.46,1.0,0.13,0.73,0.07,0.44,0.75,0.37,0.3,0.68,0.52,0.87,0.25,0.4,0.0,0.12,0.12,0.78,0.11,0.07,0.0,0.5,0.0,0.66,0.67,0.45,0.93,0.62,0.12,0.41,0.0
Urban Academy Laboratory High School,,0.0,,1.0,,,0.0,1.0,1.0,0.0,,0.0,0.8,,1.0,0.0,0.2,0.0,0.0,0.0,1.0,0.0,0.0,1.0,0.0,1.0,,,0.0,0.0,,1.0,,,0.0,,,0.0,,0.0,1.0,0.0,0.2,0.0,0.0,1.0,1.0,,0.0,,,1.0,0.0,0.8,0.0,,1.0,,1.0,,,1.0,0.06,1.0,1.0,,0.0,0.0,0.2,,0.0,0.0,1.0,1.0,,0.8,,0.0,,0.8,1.0,,0.88,,0.0,0.0,0.0,0.12,1.0,0.92,1.0,,0.0,0.0,,,1.0,0.0,0.2,0.94,0.0,0.0,0.88,1.0,1.0,0.06,0.0,,0.0,0.0,0.88,0.0,0.0,0.0,,0.0,1.0,0.2,0.94,1.0,1.0,,0.0,
"Science Skills Center High School For Science, Technology And The Creative Arts",0.0,0.07,0.29,0.77,0.83,0.0,0.0,0.86,0.64,0.0,1.0,0.0,0.8,0.14,0.76,0.21,0.0,0.29,0.03,0.06,0.88,0.0,0.17,0.79,0.48,0.97,0.0,0.0,0.39,0.17,0.0,0.52,0.83,0.83,0.24,0.0,0.17,0.12,1.0,0.07,0.76,0.29,0.0,0.14,0.24,0.55,0.88,,0.0,1.0,0.86,1.0,0.0,1.0,0.13,1.0,0.79,1.0,0.9,0.86,1.0,0.83,0.26,0.87,0.91,0.0,0.3,0.09,0.0,0.86,0.0,0.21,1.0,0.97,0.17,1.0,1.0,0.0,1.0,1.0,0.93,1.0,0.71,0.0,0.26,0.35,0.2,0.09,0.83,0.61,0.87,0.0,0.0,0.32,1.0,0.0,0.9,0.0,0.0,0.74,0.45,0.2,0.83,0.86,1.0,0.26,0.23,0.0,0.09,0.11,0.91,0.03,0.03,0.0,1.0,0.0,0.7,0.2,0.77,0.97,0.94,0.14,0.35,0.0
Mott Haven Community High School,,0.0,0.07,0.9,,,0.0,0.9,0.95,0.0,1.0,0.0,1.0,0.0,0.95,0.0,0.0,0.0,0.0,0.0,1.0,0.0,0.05,1.0,0.25,1.0,,0.0,0.35,0.1,0.0,0.75,,,0.05,,,0.0,,0.0,1.0,0.05,0.0,0.0,0.0,0.95,1.0,,0.0,,1.0,1.0,0.0,1.0,0.0,,0.9,,0.95,1.0,1.0,0.9,0.14,1.0,1.0,,0.0,0.0,0.0,1.0,0.0,0.1,1.0,0.95,,1.0,1.0,0.0,,1.0,0.95,,0.81,,0.0,0.24,0.05,0.0,1.0,0.67,1.0,,0.0,0.05,,0.0,0.95,0.0,0.0,1.0,0.05,0.0,1.0,1.0,0.95,0.0,0.1,,0.0,0.0,1.0,0.0,0.0,0.0,,0.0,1.0,0.0,0.9,1.0,1.0,0.0,0.05,
International School For Liberal Arts,0.0,0.0,0.1,0.83,1.0,0.0,0.0,0.92,0.98,0.0,1.0,0.0,1.0,0.0,0.98,0.0,0.0,0.05,0.02,0.0,0.93,0.0,0.17,1.0,0.3,0.98,0.0,0.0,0.4,0.02,0.0,0.7,1.0,1.0,0.02,0.0,0.0,0.0,1.0,0.02,1.0,0.0,0.0,0.0,0.0,0.95,1.0,,0.0,1.0,1.0,1.0,0.0,1.0,0.0,1.0,1.0,1.0,0.9,0.93,1.0,0.98,0.14,1.0,0.96,0.14,0.42,0.02,0.14,1.0,1.0,0.0,1.0,0.98,0.0,1.0,1.0,0.0,1.0,1.0,0.98,0.92,0.74,0.0,0.05,0.19,0.15,0.0,0.88,0.63,0.88,0.0,0.0,0.02,1.0,0.0,1.0,0.0,0.0,0.95,0.05,0.02,0.95,1.0,0.98,0.05,0.17,0.0,0.04,0.0,1.0,0.04,0.0,0.0,1.0,0.0,0.58,0.0,0.79,1.0,1.0,0.0,0.02,0.0
P.S. 129 John H. Finley,,0.21,0.38,0.73,0.0,0.0,0.06,0.89,0.93,,1.0,0.17,0.0,0.0,0.79,0.14,0.0,0.29,0.0,0.14,0.86,0.0,0.18,0.86,0.55,1.0,,0.0,0.55,0.08,0.0,0.45,0.0,0.0,0.0,,0.0,0.14,,0.14,0.79,0.14,0.0,0.0,0.21,0.79,0.86,,0.0,0.0,1.0,1.0,1.0,0.0,0.15,,0.79,0.0,0.69,1.0,1.0,0.92,0.36,0.85,1.0,0.0,0.43,0.14,0.0,1.0,0.83,0.21,0.0,1.0,0.0,0.0,1.0,,,0.0,1.0,,0.55,0.0,0.23,0.36,0.28,0.07,0.75,0.62,0.55,0.0,0.0,0.14,0.0,0.0,0.45,0.0,0.0,0.86,0.21,0.15,1.0,0.77,1.0,0.14,0.27,,0.0,0.07,0.93,0.0,0.0,,0.0,0.0,0.57,0.0,0.61,1.0,0.79,0.0,0.07,0.0
P.S. X114 - Luis Llorens Torres Schools,,0.18,0.15,0.89,,,0.0,0.9,0.84,,1.0,0.06,,0.0,0.68,0.13,,0.11,0.0,0.03,0.89,0.0,0.22,0.87,0.23,1.0,,0.0,0.4,0.22,0.0,0.77,,,0.11,,,0.03,,0.18,0.84,0.22,,0.0,0.16,0.76,0.97,,0.08,,1.0,1.0,0.92,,0.13,,0.86,,0.81,0.94,1.0,0.78,0.11,0.87,0.97,,0.24,0.11,,1.0,0.94,0.14,0.0,1.0,,,1.0,,,,0.89,,0.86,,0.21,0.22,0.21,0.11,0.91,0.66,0.88,,0.0,0.24,,0.0,0.67,0.03,,0.84,0.24,0.13,0.87,0.84,1.0,0.16,0.11,,0.03,0.05,0.89,0.0,0.0,,,0.0,0.76,,0.74,1.0,0.89,0.0,0.08,
New Directions Secondary School,,0.0,0.14,0.83,,0.0,0.0,0.73,0.75,0.0,,0.0,,,0.78,0.11,,0.44,0.0,0.0,0.88,,0.2,0.89,1.0,1.0,,,1.0,0.25,,0.0,,,0.0,,,0.0,,0.12,0.78,0.22,,,0.22,0.89,1.0,,0.0,0.0,,1.0,0.0,,0.25,,0.89,0.0,0.82,,,0.75,0.8,0.75,1.0,,0.44,0.0,,,0.0,0.11,1.0,1.0,,,,0.0,,,0.88,,,0.0,0.12,0.8,0.27,0.12,0.8,0.0,0.83,,0.2,0.33,,,0.65,0.0,,0.38,0.11,0.25,0.89,0.75,1.0,0.62,0.17,,0.0,0.22,0.88,0.0,0.0,0.0,,0.0,0.56,,0.73,1.0,1.0,,0.33,
Brighter Choice Community School,,0.05,0.27,0.89,,,0.0,1.0,1.0,,1.0,0.06,0.0,0.0,0.89,0.05,0.0,0.05,0.0,0.0,0.95,0.07,0.11,0.95,0.33,1.0,,0.0,0.39,0.11,0.0,0.67,,,0.05,,,0.06,,0.05,0.95,0.05,0.0,0.0,0.05,1.0,0.94,,0.33,,1.0,1.0,0.67,0.0,0.05,,0.6,,1.0,1.0,1.0,0.89,0.32,0.95,0.89,,0.21,0.11,0.0,1.0,0.94,0.4,0.0,1.0,,0.0,1.0,,,0.0,0.95,,0.58,,0.11,0.32,0.21,,0.76,0.35,0.94,,0.0,0.05,,0.07,0.73,0.0,0.0,0.89,0.0,0.11,0.89,0.95,1.0,0.11,0.11,,0.11,0.05,,0.0,0.0,,,0.0,0.79,0.0,0.79,1.0,0.95,0.0,0.0,
J.H.S. 131 Albert Einstein,0.1,0.07,0.2,0.86,1.0,,0.1,0.97,0.9,0.0,0.86,0.0,,0.0,0.84,0.06,,0.19,0.06,0.07,1.0,0.14,0.27,0.94,0.5,0.94,0.0,0.0,0.37,0.1,0.12,0.5,1.0,1.0,0.06,0.0,0.0,0.1,1.0,0.0,0.97,0.07,,0.0,0.03,0.81,0.9,,0.0,,1.0,0.97,0.0,,0.0,0.9,0.84,,0.97,0.86,1.0,0.9,0.3,1.0,0.94,0.0,0.61,0.0,,1.0,1.0,0.16,0.0,0.87,0.0,,0.88,0.0,1.0,,0.93,0.9,0.53,,0.07,0.4,0.06,0.06,0.9,0.52,0.86,0.0,0.0,0.06,1.0,0.12,0.89,0.03,,0.84,0.19,0.07,0.9,0.97,0.88,0.16,0.14,0.0,0.06,0.06,0.94,0.0,0.09,0.0,1.0,0.0,0.39,,0.84,0.91,0.93,0.0,0.06,0.0
"Archimedes Academy For Math, Science And Technology Applications",0.29,0.37,0.38,0.69,0.89,0.0,0.08,0.72,0.79,,0.83,0.33,0.6,0.2,0.55,0.3,0.4,0.32,0.11,0.05,0.78,0.17,0.36,0.7,0.69,0.89,0.14,0.08,0.6,0.41,0.08,0.31,0.89,0.78,0.18,0.14,0.11,0.08,0.86,0.44,0.68,0.32,0.4,0.09,0.32,0.79,0.92,,0.0,1.0,0.8,0.97,0.0,0.6,0.31,0.71,0.62,0.83,0.81,0.83,0.92,0.59,0.31,0.69,0.89,0.11,0.26,0.13,0.4,0.92,0.67,0.38,0.89,0.89,0.22,0.6,0.92,,0.86,0.8,0.64,0.86,0.44,0.17,0.15,0.53,0.36,0.23,0.76,0.33,0.78,0.11,0.05,0.21,0.78,0.08,0.85,0.08,0.4,0.68,0.21,0.32,0.77,0.72,0.86,0.32,0.31,0.14,0.11,0.1,0.77,0.06,0.03,,0.89,0.0,0.74,0.4,0.61,0.97,0.75,0.08,0.15,0.11
P.S. X015 Institute For Environmental Learning,0.0,0.61,0.71,0.58,0.8,,0.12,0.79,0.29,0.0,0.5,0.17,0.5,0.71,0.48,0.57,0.17,0.38,0.12,0.17,0.65,0.56,0.19,0.43,0.48,0.88,0.0,0.57,0.57,0.48,0.57,0.52,0.7,0.9,0.54,0.0,0.2,0.22,1.0,0.61,0.39,0.5,0.17,0.62,0.61,0.42,0.78,,0.71,,0.29,0.83,0.29,0.67,0.48,1.0,0.42,,0.86,0.33,0.43,0.52,0.19,0.52,0.83,0.4,0.26,0.22,0.17,0.57,0.83,0.58,0.0,0.87,0.3,0.83,0.43,0.0,0.86,0.5,0.59,1.0,0.67,,0.52,0.38,0.29,0.26,0.67,0.43,0.68,0.2,0.0,0.5,0.9,0.38,0.63,0.22,0.17,0.67,0.58,0.36,0.58,0.52,0.88,0.33,0.42,0.14,0.17,0.25,0.74,0.0,0.17,0.0,0.8,0.33,0.74,0.5,0.54,0.83,0.55,0.43,0.62,0.2
J.H.S. 292 Margaret S. Douglas,0.17,0.11,0.33,0.76,1.0,,0.05,0.71,0.95,0.0,,0.06,,,0.89,0.11,,0.11,0.0,0.05,0.89,,0.21,0.89,0.26,1.0,0.33,,0.26,0.0,,0.74,1.0,1.0,0.0,0.17,0.0,0.05,0.67,0.11,1.0,0.05,,,0.0,1.0,0.95,,0.0,,,0.95,0.0,,0.06,0.83,0.95,,0.84,,,1.0,0.17,0.94,0.84,0.0,0.32,0.0,,,0.94,0.05,0.0,0.95,0.0,,,0.0,0.67,,0.94,0.67,0.74,,0.05,0.16,0.24,0.0,0.89,0.74,0.68,0.0,0.0,0.05,1.0,,0.47,0.05,,0.79,0.0,0.06,0.89,0.94,0.86,0.21,0.24,0.33,0.16,0.05,1.0,0.0,0.1,0.0,1.0,0.0,0.68,,0.74,0.9,0.89,,0.05,0.0
Mott Hall Community School,0.0,0.1,0.17,0.94,1.0,,0.05,0.9,1.0,0.0,,0.0,,,0.9,0.05,,0.05,0.0,0.05,0.95,0.0,0.21,0.95,0.4,1.0,0.14,0.0,0.6,0.05,,0.6,1.0,1.0,0.0,0.14,0.0,0.05,1.0,0.0,1.0,0.0,,,0.0,0.95,0.95,,0.0,,,1.0,0.0,,0.0,1.0,0.95,,0.9,,1.0,0.95,0.16,1.0,0.94,0.0,0.5,0.05,,1.0,1.0,0.05,0.0,0.95,0.0,,,0.0,1.0,,0.85,0.86,0.37,,0.1,0.47,0.1,0.15,0.9,0.47,0.94,0.0,0.0,0.1,1.0,,0.71,0.05,,0.95,0.05,0.0,0.95,1.0,1.0,0.05,0.06,0.0,0.06,0.0,0.85,0.0,0.0,0.0,1.0,0.0,0.5,,0.74,1.0,0.9,0.0,0.0,0.0
Kiddieprise-1520 86Th Street,0.0,,0.0,,0.0,0.0,,,,,0.0,0.0,0.0,0.0,,,0.0,,,,,0.0,,,,,0.0,0.0,,,0.0,,0.0,0.0,,0.0,0.0,,0.0,,,,0.0,0.0,,,,,0.0,0.0,0.0,,0.0,0.0,,0.0,0.0,0.0,,0.0,0.0,,,,,0.0,,,0.0,0.0,0.0,0.0,0.0,,0.0,0.0,0.0,,0.0,0.0,,0.0,,0.0,,,,0.0,0.0,0.0,,0.0,0.0,,0.0,0.0,1.0,,0.0,,,,,,,,,0.0,,,0.0,0.0,,,0.0,0.0,,0.0,,,,0.0,,0.0
P.S. 211,0.0,0.27,0.14,0.82,0.73,,0.05,0.81,0.6,,0.94,0.03,,0.06,0.67,0.36,,0.43,0.05,0.05,0.79,0.06,0.37,0.64,0.46,0.95,0.09,0.06,0.54,0.2,0.06,0.54,0.8,0.93,0.33,0.0,0.27,0.19,1.0,0.2,0.64,0.4,,0.12,0.36,0.67,0.81,,0.33,,0.94,0.95,0.67,,0.17,1.0,0.74,,0.89,0.94,0.94,0.8,0.27,0.83,0.98,0.2,0.67,0.19,,0.94,0.97,0.26,0.0,0.95,0.2,,0.94,,0.91,,0.78,0.91,0.58,,0.22,0.39,0.35,0.07,0.68,0.45,0.78,0.13,0.0,0.36,0.87,0.06,0.96,0.02,,0.71,0.33,0.24,0.74,0.73,0.98,0.29,0.18,0.09,0.02,0.14,0.93,0.0,0.02,,0.87,0.0,0.33,,0.64,0.98,0.78,0.06,0.33,0.2
Marble Hill High School For International Studies,0.5,0.15,0.45,0.83,1.0,0.14,0.08,0.92,0.88,0.0,1.0,0.0,1.0,0.0,0.69,0.12,0.0,0.12,0.12,0.08,0.88,0.0,0.3,0.88,0.72,0.88,0.17,0.0,0.48,0.31,0.14,0.28,1.0,1.0,0.15,0.17,0.0,0.04,0.83,0.35,0.81,0.23,0.33,0.0,0.19,0.85,0.96,,0.0,0.86,1.0,0.88,0.0,0.67,0.15,0.5,0.85,1.0,0.88,1.0,1.0,0.69,0.0,0.85,0.79,0.0,0.15,0.08,0.0,1.0,0.0,0.15,1.0,0.96,0.12,1.0,0.86,0.0,0.67,1.0,0.88,0.67,0.75,0.0,0.04,0.16,0.15,0.12,0.92,0.76,0.92,0.25,0.0,0.15,1.0,0.0,0.79,0.08,0.0,0.96,0.15,0.23,0.88,0.84,0.84,0.04,0.17,0.33,0.21,0.04,0.88,0.04,0.04,0.0,0.75,0.0,0.85,0.0,0.73,0.96,0.85,0.0,0.15,0.12
Satellite Academy High School,0.0,0.29,0.2,1.0,0.0,,0.1,0.9,0.62,0.0,,0.0,,,0.62,0.12,,0.38,0.0,0.0,1.0,,0.14,0.88,0.29,1.0,0.0,,0.14,0.38,,0.71,0.0,0.0,0.38,0.0,0.0,0.0,0.0,0.14,0.88,0.38,,,0.12,0.62,1.0,,0.0,,,1.0,0.0,,0.0,0.0,0.88,,0.9,,,0.62,0.14,1.0,0.8,0.0,0.25,0.12,,,0.0,0.12,1.0,0.8,0.0,,,0.0,0.0,,0.86,0.0,0.71,,0.0,0.14,0.1,0.25,0.86,0.83,1.0,0.0,0.0,0.38,0.0,,0.77,0.0,,0.75,0.38,0.12,0.75,0.75,0.8,0.25,0.0,0.0,0.2,0.12,0.75,0.0,0.11,0.0,0.0,0.0,0.75,,0.9,0.89,1.0,,0.25,0.0
The Windsor Terrace School,,0.04,0.4,0.92,1.0,,0.0,1.0,0.96,,1.0,0.0,,0.0,0.88,0.0,,0.04,0.0,0.04,0.96,0.0,0.12,1.0,0.12,1.0,,0.0,0.25,0.21,0.0,0.88,1.0,1.0,0.04,,0.0,0.0,,0.12,1.0,0.04,,0.0,0.0,0.96,1.0,,0.0,,1.0,1.0,1.0,,0.0,,0.88,,0.92,1.0,1.0,0.79,0.0,1.0,1.0,0.0,0.15,0.0,,1.0,1.0,0.12,0.0,0.96,0.0,,1.0,,,,0.83,,0.92,,0.04,0.04,0.08,0.04,0.82,0.86,0.88,0.0,0.0,0.04,1.0,0.0,0.81,0.0,,0.96,0.04,0.04,1.0,1.0,1.0,0.04,0.08,,0.0,0.04,0.96,0.0,0.04,,1.0,0.0,0.85,,0.88,0.96,0.96,0.0,0.04,0.0
"Klever Kidz, Llc Dba Basin Prep",0.0,,,,0.0,0.0,,,,,0.0,0.0,0.0,0.0,,,0.0,,,,,0.0,,,,,0.0,0.0,,,0.0,,0.0,0.0,,0.0,0.0,,0.0,,,,0.0,0.0,,,,,0.0,0.0,0.0,,0.0,0.0,,0.0,,0.0,,0.0,0.0,,,,,0.0,,,0.0,0.0,0.0,,0.0,,0.0,0.0,0.0,,0.0,0.0,,0.0,,0.0,,,,,0.0,0.0,,0.0,0.0,,0.0,0.0,1.0,,0.0,,,,,,,,,0.0,,,,0.0,,,0.0,0.0,,0.0,,,,0.0,,0.0
Gramercy Arts High School,,0.47,0.78,0.77,,,0.0,0.84,0.44,0.0,1.0,0.0,,0.0,0.58,0.5,,0.5,0.0,0.05,0.78,0.0,0.28,0.5,0.39,1.0,,0.0,0.44,0.5,0.0,0.61,,,0.32,,,0.32,,0.47,0.39,0.42,,0.0,0.61,0.53,0.68,,0.0,,1.0,0.84,0.0,,0.39,,0.63,,0.94,1.0,1.0,0.5,0.28,0.61,0.89,,0.22,0.33,,1.0,0.0,0.37,1.0,0.89,,,1.0,0.0,,,0.56,,0.56,,0.24,0.33,0.32,0.33,0.71,0.65,0.93,,0.0,0.42,,0.0,0.58,0.0,,0.84,0.47,0.35,0.53,0.47,0.89,0.16,0.23,,0.11,0.11,0.67,0.0,0.11,0.0,,0.0,0.78,,0.63,0.89,0.61,0.0,0.47,
P.S. 208 Elsa Ebeling,,0.24,0.26,0.94,1.0,,0.09,0.83,0.64,,0.93,0.07,,0.07,0.77,0.27,,0.27,0.13,0.05,0.86,0.07,0.11,0.73,0.11,0.87,,0.07,0.32,0.14,0.07,0.89,1.0,1.0,0.23,,0.0,0.14,,0.14,0.73,0.36,,0.07,0.27,0.59,0.86,,0.25,,0.93,0.87,0.75,,0.29,,0.82,,0.86,0.93,0.93,0.86,0.06,0.71,0.86,0.0,0.36,0.18,,1.0,0.93,0.18,0.0,0.91,0.0,,0.93,,,,0.86,,0.84,,0.33,0.16,0.22,0.05,0.89,0.72,0.89,0.0,0.0,0.41,0.8,0.07,0.72,0.05,,0.77,0.41,0.19,0.86,0.81,0.91,0.23,0.06,,0.14,0.18,0.95,0.0,0.13,,1.0,0.08,0.64,,0.7,0.87,0.95,0.0,0.41,0.2
P.S. 319,0.0,0.0,0.33,0.91,,0.0,0.0,0.73,1.0,,,,0.0,,1.0,0.0,0.0,0.0,0.0,0.0,1.0,,0.0,1.0,0.0,1.0,0.0,,0.45,0.0,,1.0,,,0.0,0.0,,0.0,0.0,0.0,1.0,0.0,0.0,,0.0,1.0,1.0,,0.0,0.0,,1.0,1.0,0.0,0.0,0.0,0.0,0.0,0.91,,,1.0,0.0,1.0,1.0,,0.0,0.0,0.0,,,0.0,0.0,1.0,,0.0,,,0.0,0.0,1.0,0.0,0.73,0.0,0.09,0.0,0.09,,1.0,0.8,1.0,,0.0,0.0,,,1.0,0.0,0.0,1.0,0.0,0.0,1.0,1.0,1.0,0.0,0.09,0.0,0.0,0.0,,0.0,0.0,,,0.0,1.0,0.0,0.82,1.0,1.0,,0.0,
Mott Hall Ii,0.6,0.07,0.22,0.83,0.83,0.0,0.0,0.86,0.93,0.0,1.0,0.0,0.83,0.0,0.96,0.0,0.17,0.07,0.04,0.07,0.93,0.0,0.15,1.0,0.56,0.96,0.0,0.0,0.41,0.07,0.0,0.44,1.0,0.83,0.07,0.0,0.17,0.0,1.0,0.18,0.96,0.03,0.17,0.0,0.04,0.93,1.0,,0.0,1.0,1.0,0.97,0.0,1.0,0.0,0.4,0.93,0.8,0.93,1.0,1.0,0.93,0.04,1.0,0.93,0.0,0.29,0.0,0.0,1.0,1.0,0.07,0.0,0.92,0.17,0.83,1.0,0.0,0.8,1.0,1.0,0.8,0.64,0.2,0.18,0.21,0.17,0.07,0.96,0.74,0.88,0.17,0.0,0.03,1.0,0.0,0.91,0.0,0.17,0.82,0.07,0.0,0.97,1.0,1.0,0.18,0.17,0.2,0.07,0.14,0.93,0.0,0.07,0.0,0.83,0.0,0.71,0.17,0.62,0.93,0.93,0.0,0.07,0.0
P.S. 034 Oliver H. Perry,,0.12,0.26,0.96,,,0.0,0.96,0.88,,0.94,0.06,,0.06,0.92,0.04,,0.04,0.0,0.04,0.96,0.0,0.04,0.96,0.09,1.0,,0.0,0.39,0.17,0.0,0.91,,,0.04,,,0.0,,0.08,0.96,0.0,,0.0,0.04,0.92,1.0,,0.0,,0.94,1.0,1.0,,0.08,,0.88,,0.92,0.94,1.0,0.83,0.09,0.92,1.0,,0.08,0.04,,1.0,0.94,0.12,0.0,1.0,,,1.0,,,,0.88,,0.87,,0.04,0.17,0.08,0.0,0.84,0.84,0.96,,0.0,0.04,,0.0,0.81,0.0,,1.0,0.08,0.04,0.96,0.92,0.96,0.0,0.04,,0.0,0.0,1.0,0.0,0.0,,,0.0,0.92,,0.84,1.0,0.96,0.0,0.0,
P.S. 138 Brooklyn,,0.13,0.2,0.95,1.0,,0.0,0.84,0.83,,0.83,0.06,1.0,0.08,0.92,0.08,0.0,0.04,0.0,0.0,0.96,0.0,0.09,0.92,0.18,1.0,,0.0,0.27,0.0,0.0,0.82,1.0,1.0,0.12,,0.0,0.04,,0.09,0.96,0.17,0.0,0.08,0.04,0.88,0.96,,0.33,,0.92,1.0,0.67,1.0,0.05,,0.91,,0.83,0.92,1.0,1.0,0.09,0.95,1.0,0.0,0.21,0.04,0.0,0.92,0.94,0.09,0.0,1.0,0.0,1.0,1.0,,,1.0,0.91,,0.95,,0.22,0.14,0.16,0.05,0.95,0.89,0.95,0.0,0.0,0.17,1.0,0.08,0.52,0.0,0.0,0.83,0.12,0.05,0.96,0.95,1.0,0.17,0.05,,0.0,0.09,0.95,0.0,0.0,,1.0,0.2,0.79,0.0,0.83,1.0,0.91,0.08,0.08,0.0
