account_number,vendor_formal_name,id6_digit_naics_code,name_of_client_job_exp_1,description_of_work_job_exp_2,signatory_to_union_contracts,date_of_establishment,description_of_work_job_exp_1,description_of_work_job_exp_3,largest_value_of_contract,zip,certification,naics_subsector,naics_title,name_of_client_job_exp_2,bbl,aggregate_bonding_limit,census_tract_2020_,business_description,percent_self_performed_job_exp_3
10142,"A. Partow and Co., LLC",541618,NYC ACS Administration for Children's Services,,,2015-10-30T00:00:00.000,"Planned and Managed Day of Appreciation for CPS hosted by ACS for 1,000 guests. Supplied 3-course lu",,149946.71,10065,WBE,"Management, Scientific, and Technical Consulting Services",Other Management Consulting Services,,1014210021.0,,118.0,"Founded in 2014, Alexandra Partow Events is an award-winning New York City event planning company. We have won the Best of Brooklyn for five years running since 2018! Our team has 40+ years of combined professional event planning experience. We are one of the few event planning firms offering in-house design, taking your event from conception to creation. A love of the arts inspires us to fill our events with delightful details and unexpected pleasures. We are known for celebrations full of warm hospitality that people have talked about for years. 
?
 As we guide our clients through the labyrinth of decisions extraordinary events demand, our in-depth industry knowledge saves you time and money and delivers flawless execution. Our extensive network of venues, vendors, caterers, entertainers, and artists enables us to meet your specific needs and bring your vision to life. We have produced large-scale galas, parties, and employee appreciation events filled with unexpected pleasures. 
?
Before striking out on her own, Alexandra Partow spent more than two decades working on behalf of the world's most prestigious museums, including New York's Museum of Modern Art. She has welcomed hundreds of distinguished guests, including Hillary Clinton, King Juan Carlos of Spain, Julia Roberts, and Clint Eastwood. Now she and her team put their creativity and expertise to work for you.",
103682,"ALRA Engineers, P.C.",541330,NYCDDC,Did a construction inspection.,,2019-01-25T00:00:00.000,Did a construction inspection.,Did a construction inspection.,2612035.0,10965,MBE,"Architectural, Engineering, and Related Services",Engineering Services,The LiRo Group,,,,"ALRA Engineers, P.C. is a full-service engineering firm which provides consulting services for Construction Management and Administration, Civil, Electrical and Mechanical Engineering. The company's senior managers have extensive hands-on experience in coordination with NYS and NYC governmental agencies, property owners, engineering companies, and contractors. ALRA partners with an ever-expanding client base to serve public agencies and authorities as well as private entities. The firm has experience working on bridges, highways and roadways, mass transit and railroads, tunnels, ports and marine, water and wastewater—dams and reservoirs, aqueducts and tunnels, CSOs, and water/wastewater treatment plants.",20.0
102064,"AMC Transfer, Inc.",493110,Liberty Mutual Insurance,"Receive, deliver and installing 271LF of Allsteel frameless glass, including hinged doors and closer",,1998-03-23T00:00:00.000,"Provided labor to remove approximately 200 workstations, seating, lateral files and lockers. Dispose","Installation of all furniture. Included seating, lockers, desk set up, waiting room area.",117600.0,11572,WBE,Warehousing and Storage,General Warehousing and Storage,Effy BH Multi,,,,"AMC Transfer moves, delivers and installs office furniture. The company also installs architectural walls and does storage and warehousing.",100.0
308822,Argenis Apolinario Photography,711410,Whedco,Portraits,,2006-03-06T00:00:00.000,Event photography,Event Photography,800.0,10036,MBE,"Agents and Managers for Artists, Athletes, Entertainers, and Other Public Figures","Agents and Managers for Artists, Athletes, Entertainers, and Other Public Figures",The Bronx Museum of the Arts,1010897502.0,,117.0,Photography,100.0
3742,"Ardent Construction and Development, Inc.",236116,MONADNOCK CONSTRUCTION,interior carpentry multi-unit multi use affordable housing apartment building new construction,,2012-09-27T00:00:00.000,interior carpentry multi unit affordable housing new construction,"Did interior carpentry, framing, drywall.",6700000.0,11101,WBE,Residential Building Construction,New Multifamily Housing Construction (except For-Sale Builders),MEGA CONTRACTING,4003827501.0,,31.0,"Ardent Construction and Development does general construction for residential apartments, houses and commercial and multi-use buildings.",100.0
370614,Apex Building Solutions LLC,236220,JEMB Realty,Provided Carpentry Services as a Sub-Contractor at Bellevue Hospital,,2023-03-04T00:00:00.000,Served as the General Contractor for the $1.75 million upgrade and conversion of three apartments at,"We completed the installation of four Trane rooftop units for Tritec, which involved the removal of",1750000.0,10018,MBE,Nonresidential Building Construction,Commercial and Institutional Building Construction,L'Amore Consulting/NYCHH,1008150039.0,,113.0,"Apex Building Solutions is an established, minority owned full-service HVAC and construction company with a mission to provide tailored, cost-effective solutions to our clients. Headquartered in New York City, we serve diverse spaces, including Commercial, Residential, Retail, Healthcare, and Education Facilities throughout the tristate area. With a commitment to excellence, safety, and innovation, we specialize in delivering high-quality HVAC services along with comprehensive construction and general contracting solutions.",100.0
387815,ADD Real Estate Services Inc.,531311,"Charles Rutenberg Realty, Inc",,,2017-01-09T00:00:00.000,Provided property management services.,,14207.0,11422,"MBE,WBE",Activities Related to Real Estate,Residential Property Managers,,4136800031.0,,66403.0,"ADD Real Estate Services does court appearances (judgement inquests), landscaping preservation, cash for keys programs, lock and boarding of vacant real property, winterization services, property management, liquidation pricing, and pre/post foreclosure marketing of real property. The company performs REO Sales, field inspections, and property preservation for several major lenders and their affiliates.",
101656,"ACAA Consulting, Inc",541211,Sophisticated Consulting Services,,,2006-12-29T00:00:00.000,Reconciled yearly activities. Summarized and prepared the tax returns.,,4000.0,11412,MBE,"Accounting, Tax Preparation, Bookkeeping, and Payroll Services",Offices of Certified Public Accountants,,4126200006.0,,376.0,"ACAA Consulting provides accounting, audit and tax services.",
377778,Anpu Security Services,611519,The Door,,,2020-05-05T00:00:00.000,"8 hour pre-assignment training
16 Hour on the job training
fingerprinting appointment
application ma",,11500.0,10467,MBE,Technical and Trade Schools,Other Technical and Trade Schools,,2046310029.0,,372.0,"I have a DCJS certified security guard training school. I do my training virtually. I am contracted with the state to train students. I work with SUNY, CUNY, and Workforce1.",
10298,AEIS LLC,541380,Skanska,Inspection & Testing,Building Material Teamsters 282,2008-10-14T00:00:00.000,Inspection & Testing,,27047.0,7080,"MBE,WBE","Architectural, Engineering, and Related Services",Testing Laboratories and Services,Tutor Perini,,,,"AEIS is an independent inspections agency and testing laboratory we provide Class 1 special inspection agency services for all disciplines from geotechnical to mechanical inspections. We provide a material testing, engineering and NDT Lab Services.",
338467,Abstrak Vision,711510,Trio,The program was intended to teach the art and history of media and filmmaking. The program had to be,,,Teaching youth and teens how to turn passion into profit in addition to learning media skills.,• Expedited Request for design & execution of stimulating lessons and projects that enhance  learnin,7500.0,10031,"MBE,WBE","Independent Artists, Writers, and Performers","Independent Artists, Writers, and Performers",Beyond Z,1020830033.0,,237.0,"Abstrak Vision is an industry impacting multimedia company that creates innovative, original, content, sales presentations, recap materials and commercials for clients at affordable prices. We are a young and fresh Video Production Company whose three main objectives are to: 1. Assist others in having a creative idea produced into a finished product 2. Teach Black and Latino youth Marketable skills in addition to exposing them to Careers in Media and 3. provide a safe space for Black Creatives to receive the mental support needed as they dive deep into forming works of art that the rest of the world benefits from.

 

Our staff is composed of reflective solution driven professionals who represent and embody the quality, skills and attitudes needed for providing effective services. Abstrak Vision has a growing presence in the advertising and entertainment industries, creating a new Vision for the future. We strive to always ""Capture the Essence""!

Melanin . Media . Mindfulness",100.0
34,"212 Harakawa, Inc.",541430,NYU Langone Medical Center,Wayfinding and Signage Graphic Design,,1989-01-01T00:00:00.000,"Wayfinding, signage, and graphic design services.","Wayfinding, signage, and graphic design services.",1500000.0,10001,"MBE,WBE",Specialized Design Services,Graphic Design Services,Citadel,1007760059.0,,95.0,"Graphic design services.
Wayfinding and Signage.",
387306,A Digital Mess LLC,541810,Bridge Street Development Corp,Photography,,,Social media content creation,"Videography
Photography",750.0,11206,MBE,"Advertising, Public Relations, and Related Services",Advertising Agencies,Progressive Democrats Political Association,3030770001.0,,491.0,"Digital Mess Creative is a creative agency with a focus on developing engaging content through compelling storytelling and eye-catching design. We know videos and photographs are valuable, powerful ways to tell your brand’s story and engage with your target audience. This is why we deliver captivating, interesting and emotionally engaging storytelling that can elevate your brand and make it come alive. The services we provide are as follows:
- Marketing Campaign creation and execution
- Marketing Consulting
- Videography
- Photography
- Event Management
- Digital Media
- Digital Content Creation",100.0
340562,Artistic Souls Journey,711510,,,,2016-09-06T00:00:00.000,,,,10452,"MBE,WBE","Independent Artists, Writers, and Performers","Independent Artists, Writers, and Performers",,2025260006.0,,193.0,"ARTS, ENTERTAINMENT, AND RECREATION. I create artwork for clients and sale original artwork to clients. I act in off Broadway plays both religious and secular. I create poetry, art, movement workshops for all ages through nonprofit and for profit
organizations.",
361473,"Apex Labor Solutions, LLC",561311,HE2PD,Will be providing a Site Safety Manager - Permits were just filed.,,,Site Safety Coordinator Provided,Providing a Site Safety Manager,362478.0,11725,WBE,Employment Services,Employment Placement Agencies,Elysium Construction,,,,Apex Labor Solutions is a women-owned company that provides an array of non-union laborers for construction sites to assist with fulfilling general conditions requirements and on-site assistance for maintenance of existing buildings.,0.0
339335,AMKA & Associates LLC,541330,NY Restoration Technology,Completed a structural assessment of the slab. Created a shoring design for the sectional beams.,,2020-09-09T00:00:00.000,Assessed the condition of the facade and did a structural analysis of the fourth floor loads.,Completed CAD drawings and did a structural analysis for the project.,1500.0,11568,MBE,"Architectural, Engineering, and Related Services",Engineering Services,NY Restoration Technology,,,,"Ahmad Khanzada is an engineering firm which specializes in civil engineering, architecture and special inspections.",100.0
333645,A+ Therapy LLC,621340,New York City Department of Education,Provided occupational therapy services to students.,,2006-11-22T00:00:00.000,Provided occupational therapy services to students.,Provided occupational therapy services.,19400.0,11209,"MBE,WBE",Offices of Other Health Practitioners,"Offices of Physical, Occupational and Speech Therapists, and Audiologists",Division of Specialized Instruction and Student Support Office of Special Education-Committees on Sp,3061290012.0,,5601.0,"A+ Therapy is a consulting firm that provides holistic solutions which promote health, learning, and success through dynamic curriculums, programs, resources, and interventions. The company's services focus on solutions designed to enhance the academic capabilities, personal development, and wellness of individuals, families, schools, and organizations.",100.0
10558,"Ann Finn Consulting, LLC",541611,"Fund for Public Health in New York, Inc","coding and billing TA for reproductive health services
staff training
resources",,2013-09-24T00:00:00.000,Reimbursement technical assistance for NYC SBHC clinic services,"Help train administrative, billing and clinical staff how to correctly document and code for health",144000.0,12817,WBE,"Management, Scientific, and Technical Consulting Services",Administrative Management and General Management Consulting Services,Public Health Solutions,,,,"Reimbursement and revenue cycle consultant to reproductive health care clinics and providers including technical assistance, analysis, training and support",100.0
1047,All American Electrical Corporation,238210,,,,2002-08-09T00:00:00.000,,,,11212,MBE,Building Equipment Contractors,Electrical Contractors and Other Wiring Installation Contractors,,3035940018.0,4000000.0,894.0,All American Electrical Corporation provides general electric services.,
100815,Alexis Covo LLC,541922,CELEB LUXURY,,,2012-12-12T00:00:00.000,"Shoot Details:

Prep Shoot:
Models will be prepped at Salon. Capture behind the scenes video and bef",,32500.0,11372,MBE,"Other Professional, Scientific, and Technical Services",Commercial Photography,,4012610058.0,,289.0,"Alex Covo Studio NYC: Bridging Creativity and Technology
Alex Covo Studio NYC is an innovative advertising agency at the forefront of AI integration in creative services. Founded by Alex Covo, a senior generalist with a diverse skill set spanning multiple disciplines, the studio offers unique solutions that blend traditional advertising expertise with cutting-edge technological know-how.

Core Strengths:
- Advertising and Creative Services
- AI Implementation and Consulting
- Team Management and Project Coordination
- Technology Integration

Alex Covo: A Multifaceted Professional

Alex Covo brings a wealth of experience as a senior generalist to every project. His broad knowledge base allows him to approach problems from multiple angles, often finding innovative solutions where specialists might encounter roadblocks. This versatility is a key asset in today's rapidly evolving technological landscape.

Technological Expertise:

Artificial Intelligence (AI)
Proficient in using frontier multimodal Large Language Models (LLMs)
Experience with open-source and cloud-based AI models
Skilled in prompt engineering for various AI applications (text-to-image, text-to-video, image-to-image, image-to-video, text-to-audio)
Knowledgeable in AI chatbot creation and implementation
Agentic use, implementation, and process understanding


Blockchain Technology
Understanding of smart contracts and Non-Fungible Tokens (NFTs)
Experience with crypto wallets and NFT marketplaces
Familiarity with blockchain ecosystems


Drone Technology
FAA-certified remote pilot with over 60 approved waivers for restricted airspace
Holder of a Daylight Waiver for drone operations



Creative and Technical Skills:

- Interactive design
- Photography
- Film and video production
- Ad campaign creation
- Studio management
- Creative process development

Project Management:
Alex excels in managing diverse teams, bridging the gap between technology and creativity. His experience includes overseeing:

- Programmers and coders
- Art directors and graphic designers
- Interactive designers
- Front-end and back-end developers

Client Experience:
The studio has a track record of success with a wide range of clients, from startups to Fortune 1000 companies. Projects have included:

- TV commercials
- Website development
- Advertising campaigns
- Editorial photography
- Video and film production for various clients, including The City of New York

AI-Forward Approach:

Alex Covo Studio NYC is positioned as an AI-forward agency that understands and values creativity. The studio recognizes AI's potential when implemented correctly and aims to help clients navigate this new landscape effectively. Whether it's a traditional advertising campaign or an AI-integrated project, the studio brings a unique blend of creative expertise and technological acumen.
Ideal for Clients Seeking:

- AI integration in creative projects
- Consultation on effective AI implementation
- Innovative advertising solutions
- Multidisciplinary project management
- AI Technology-driven creative services

Alex Covo Studio NYC stands out as a versatile, forward-thinking agency capable of handling complex, multifaceted projects. By combining deep creative experience with a thorough understanding of emerging technologies, the studio is uniquely positioned to help clients succeed in today's rapidly evolving digital landscape.",
369250,"All Angles Tutoring, Inc.",611710,Ramin Kashani,Tutoring and homeschooling 1 child beginning 4th grade.,,2022-02-01T00:00:00.000,Tutoring for two children beginning 1st grade and continuing.,Tutoring 2 children beginning 5th and 8th grade.,59958.0,11740,WBE,Educational Support Services,Educational Support Services,Dani Super,,,,"Providing individual and small group tutoring services for grades K-12, test preparation (SHSAT, TACHS, SAT/ACT), personalized lesson plans and educational resources, college application counseling, homeschooling and summer supplemental education, and executive functioning counseling.",100.0
324440,"Arco General Contractor, Inc.",238190,Grand Lofts NYLLC,"Demolition and rebuild of front steps, and new pavers on front porch..",,1999-04-28T00:00:00.000,Break up concrete and remove garbage. Make an elevator shaft out of cinder block according to constr,,33800.0,11230,MBE,"Foundation, Structure, and Building Exterior Contractors","Other Foundation, Structure, and Building Exterior Contractors",Blanca Lebron,3051970001.0,,526.0,"ARCO is a general contractor that performs all sorts of interior and exterior construction. This includes (but is not limited to), concrete work, painting, drywall, and masonry. The owner holds both a Rigger Home Improvement and General Contractor License. The Business has been operating in NY and NJ for more than 22 years.",
379133,718 Construction Group Inc.,238990,AKM CONTRACTING SERVICES,,"Local Union 1010, CONSTRUCTION COUNCIL 175",,ASPHALT PAVING,,40000.0,11368,MBE,Other Specialty Trade Contractors,All Other Specialty Trade Contractors,,4017200035.0,,379.0,PAVING IN NEW YORK AREA,
104088,"3E Creative Arts, LLC",541430,Department of Education,Provided full production for the program's play production component.,,2018-03-05T00:00:00.000,A vendor we created and taught a curriculum of photography and video to middle school students.,"Media coverage of Sanitation Foundation Clean up series for Bronx, Ny.",49900.0,10026,MBE,Specialized Design Services,Graphic Design Services,Rehabilitation Through the Arts,1019220024.0,,218.0,3E is a creative art service company that provides various forms of artistic/marketing services; emphasis is put on graphic design and photography.,100.0
10024,1mpact First LLC,541990,Guidehouse for NYCHA,"Facilitate the procurement, design, and development of a revamped and expanded ForMS application by",,2014-11-12T00:00:00.000,Provided subject matter expertise and support in monitoring and testing. Created a monitoring plan a,"Support NYCHA on Guidehouse Prime Contract for Leased Housing Division and Public Housing, LHD & PH",296000.0,29680,"MBE,WBE","Other Professional, Scientific, and Technical Services","All Other Professional, Scientific, and Technical Services",NYC Parks and Recreation,,,,1mpact First provides high quality strategic consulting resources capable of adding value on any client and any project; our primary focus is on city and state agencies. We also provide accounting services to private companies.,100.0
368,"Alante Security Group, Inc.",561612,DOCGO,Provided security guard and fire safety services.,SEIU 32BJ,1992-01-29T00:00:00.000,Provided security guard services.,,1323248.47,11590,MBE,Investigation and Security Services,Security Guards and Patrol Services,DOCGO,,,,Alante Security provides uniformed security guard services.,
10146,A.N.G. DINER CORP.,722511,ELM TREE ELEMENTARY SCHOOL,Catering a meeting.,,2014-06-15T00:00:00.000,Catering - Holiday.,Graduation ceremony event.,1850.0,11373,WBE,Restaurants and Other Eating Places,Full-Service Restaurants,DEP,4019180025.0,,455.0,DINER,100.0
103992,"Above and Beyond Talent Acquisition, Inc.",541690,Kroll Bond Ratings Agency,Recruiting services,,2012-04-13T00:00:00.000,Recruiting agreement,Recruitment services,77220.0,11205,MBE,"Management, Scientific, and Technical Consulting Services",Other Scientific and Technical Consulting Services,One Main FInancial,3020460029.0,,187.0,"Above and Beyond Talent Acquisition, Inc. (A&B Talent) is a Brooklyn, NY-based, MBE Certified, full-service staffing firm specializing in Contingent Staffing, Full-Time Placement, and Executive Search. Founded by Keith L. Harper, a graduate of HBCU Hampton University and a lifetime member of the National Black MBA Association, A&B Talent prides itself on its vast network of high-level professionals and access to a rich database of millions of qualified job seekers.
Keith Harper, with over two decades of experience, has successfully placed thousands of individuals in roles across North America. Rising from an entry-level IT Recruiter to building a $100MM+/yr. staffing firm, Mr. Harper’s journey exemplifies the firm's core values: motivation, a desire for perfection, and a commitment to exceeding expectations.
A&B Talent excels in fulfilling professional roles at all levels, from administrative support to C-level executives. Our expertise spans various fields, including Computer Programmers, Systems Analysts, Project Managers, Financial Analysts, QA Testers, Accountants, Paralegals, Healthcare Workers, CFOs, COOs, and CEOs.
Our leadership team brings decades of experience in the staffing industry, with a deep commitment to equity and inclusion. A&B Talent aims to provide customized staffing solutions by delivering a diverse cadre of exceptionally qualified candidates, thus ensuring a perfect match for our clients' needs. Our mission is to elevate talent excellence in both private and public sectors, driving success and innovation through our tailored and inclusive approach.",100.0
3935,"All Points Cleaning Service, LLC",561720,Craft Hospitality,"Cleaned, disinfected and sanitized all surfaces. Cleaned glass doors and panels, vacuumed the carpet",,2010-08-31T00:00:00.000,Cleaned space during and after event.,Did a commercial cleaning.,3502.0,11220,MBE,Services to Buildings and Dwellings,Janitorial Services,NYC Office of Collective Bargaining,3007580037.0,10000.0,96.0,All Points Cleaning Services does residential and commercial cleaning for clients located throughout NYC.,100.0
367095,Analytical Economics Associates LLC,541690,New York City Law Department,Reviewed documents and analyzed data. Assisted counsel with questions related to the life care plan,,2016-05-02T00:00:00.000,Reviewed and analyzed documents in a legal dispute. Prepared an analysis of economic damages. Evalua,,1698900.0,7960,"MBE,WBE","Management, Scientific, and Technical Consulting Services",Other Scientific and Technical Consulting Services,Riker Danzig,,,,"Analytical Economics Associates helps identify economic damages in legal disputes, labor and employment, personal injury, wrongful death, product liability, medical malpractice, general negligence and wrongful incarceration. The company does economic and statistical analysis, research, economic damages calculations, preparation of economic expert reports, and provides testimony in state and federal matters.",
10349,Airspace Design Inc.,541430,New City,Signage and Wayfinding,,2015-02-04T00:00:00.000,Exterior Signage-Signage and Wayfinding Enviormental Graphics.,"Exterior Signage and Wayfinding 
Environmental Graphics",1066000.0,11217,WBE,Specialized Design Services,Graphic Design Services,NYC EDC,3021060009.0,,33.0,"Airspace is an award-winning, multi-disciplinary graphic experience design firm founded in 2015. We bring to the table diverse backgrounds including graphic, industrial and interactive design. Our projects range from dynamic signage and environmental branding for Sony and Time Inc to the identity and wayfinding system for Industry City in Brooklyn.",100.0
330222,"8 Point Studio, Inc.",541430,LCH Group,"Did website updates, quarterly and annual report design, presentations, advertisements and motion gr",,2015-08-02T00:00:00.000,"Rebranded a leading international financial clearing house, Designed marketing collateral, brochures",,300000.0,10706,WBE,Specialized Design Services,Graphic Design Services,Quona Capital,,,,"8 Point Studio is a branding and communications design agency. The company specializes in branding, visual identity systems, message driven communications, marketing and stakeholder communications, corporate collateral, corporate reports, web site design, motion graphics, and environmental graphics.",
359734,1800 FURNISH Inc.,449129,Home Life Services,Delivering living room furniture.,,2016-07-02T00:00:00.000,Supply all of the furniture as well as set up the furniture.,Supply furniture as well as the set up for the furniture.,173000.0,11356,"MBE,WBE",Furniture and Home Furnishings Retailers,All Other Home Furnishings Retailers,DNC- Distinctive maintenance Inc,,,,"We supply furniture and maintenance, that are suitable for all areas in doing business and for programs in New York. We offer plenty other services as well.",100.0
31525500.00%,1 Oak Tasty Deli Inc.,722511,Catholic Charity Community Service,Sold breakfast sandwiches.,,2012-03-31T00:00:00.000,Sold sandwiches and wraps.,"Sold bagels, cream cheese, muffins, water, juice and fruits.",2056.25,10032,MBE,Restaurants and Other Eating Places,Full-Service Restaurants,Catholic Charities at the High School for Media,1021260001.0,,253.0,"1 Oak Tasty Deli supplies food for events, gatherings, trips, and school lunches.",100.0
365733,Abacus Consulting Group LLC,611710,Varsity Tutors LLC,Helped client obtain a NYC DOE vendor number. Assisted with the ERMA approval process.,,2019-03-06T00:00:00.000,Provided consulting services.,Provided consulting services.,15000.0,7302,MBE,Educational Support Services,Educational Support Services,BeeReaders,,,,Abacus Consulting Group (ACG) helps current and potential DOE vendors to do business with the NYC Department of Education. The company works directly with contracted and non-contracted vendors to understand the complexity of doing business with the DOE.,100.0
10323,AGD Contracting Corporation,561990,NYC Housing Authority,,,2012-03-06T00:00:00.000,Did lead remediation.,,10000000.0,7751,WBE,Other Support Services,All Other Support Services,,,10000000.0,,"AGD Contracting does interior renovations, asbestos abatement, lead abatement, mold remediation and hauling.",
10176,"ABC Technology Services, LLC",541519,NUAIR (Northeast UAS Airspace Integration Research),Hardware supplies and services,,2000-09-06T00:00:00.000,Hardware and Software supply,"IT consulting, Server, workstations, software, copier, printers, solutions",87544.0,14215,MBE,Computer Systems Design and Related Services,Other Computer Related Services,Buffalo Prenatal Perinatal Network,,,,"ABC Technology Services, LLC is a full service technology company providing: IT consulting, networking, server solutions, telecommunications, Computer hardware, software, accessories sales and support. Additional services are security solutions, CCTV and data wiring.",100.0
333143,American Engineering Electrical Services Inc.,238990,NYC SCA/TDX,"Installed receptacles, switches and fixtures throughout the store.",,2014-12-31T00:00:00.000,"Installed security cameras, viewing stations and data cabinets in two (2) schools.",Installed decorative fixtures.,404599.0,11203,MBE,Other Specialty Trade Contractors,All Other Specialty Trade Contractors,Farragut Builders,3048940008.0,,858.0,"American Engineering Electrical Services Inc, (AEES) is an electrical contracting company. AEES specializes in the installation, upgrade, and repair of electrical systems for commercial, government, industrial and residential customers. The company also installs data, low voltage systems, CCTV, fiber optic cables, security cameras, door access systems, communication cables, circuit breakers, panel board, load centers, metering equipment, lighting control systems, electrical service cabinets and multi-conductor cables.",100.0
367288,Appelli Interiors Inc.,236116,Ryder Construction,,,2016-01-07T00:00:00.000,"Did an Interior fit out of thirty-seven (37) apartments. Installed framing, drywall insulation and d",,2500000.0,11764,MBE,Residential Building Construction,New Multifamily Housing Construction (except For-Sale Builders),,,,,"Zephyr Co. is a construction firm with 35 years of experience, with specialties in full scale demolition, rough and finished carpentry, acoustical ceilings, drywall, millwork installation, doors, frames, hardware, heavy gauge steel framing and OSHA protection.",
331390,Ann Sophie LLC,458110,David Duchatellier,,,2019-10-25T00:00:00.000,Provided gift items.,,155.0,11230,"MBE,WBE",Clothing and Clothing Accessories Retailers,Clothing and Clothing Accessories Retailers,,3066940055.0,,764.0,"Ann Sophie LLC is an online boutique selling African clothes, handmade  jewelry, handbags, and accessories. It's providing Artcraft made by a woman in African countries.",
1432,Ashnu International Inc.,236220,NYC School Construction Authority,Interior and exterior renovations.,"Laborers 6A, Laborers 79, Mason Tenders 79, Metallic Lathers Union 46, Cement Concrete Workers Distr",1998-02-04T00:00:00.000,Performed exterior masonry on roofs and did general contractor work on doors and windows.,Installed water and gas systems.,28898919.0,11377,MBE,Nonresidential Building Construction,Commercial and Institutional Building Construction,NYC Department of Design and Construction,4010210009.0,100000000.0,297.0,"Ashnu International is a multi-million dollar construction management and general contracting company. The company maintains an impeccable reputation in both public and private sectors. Each project is managed by a strict governance model to ensure efficiency, safety and quality. we provide services for both residential and commercial projects. Services include but are not limited to; Reinforced concrete for high rises structures, sheeting and bracing for deep foundations; new home construction. Complete residential interior renovation, new construction and rehab of commercial retail/office buildings; waterproofing: exterior restorations: roofing systems: 24 hour emergency response for water/ fire damage.",100.0
101013,Arbris Corp,238910,Forte Emis JV,"Furnish, erect and dismantle sidewalk shed","Mason Tenders 79, Carpenters 1556",,"Furnish, erect and dismantle sdewalk shed","Furnish, erect and dismantle approximatley 50'LF of working platform",438882.0,10577,"MBE,WBE",Other Specialty Trade Contractors,Site Preparation Contractors,Structure Tone LLC,,,,We at ARBRIS Corp will like to present our scaffold based company.,100.0
4191,"All Volts Electrical, Inc.",238210,SCA,Installation PA  System,,2009-05-27T00:00:00.000,ELECTRICAL SERVICE AND AC RECEPTACLES,Replacement of lighting fixture,1200000.0,11226,MBE,Building Equipment Contractors,Electrical Contractors and Other Wiring Installation Contractors,New York City School Construction Authority,3050570024.0,4000000.0,820.0,"All Volts Electrical, Inc. has been in business since 2009. We do all phases of electrical work such as: fire alarm, residential and commercial wiring, security systems, low voltage cabling and motor control.",85.0
10608,"Arbor Consulting, Inc.",541618,JLJ IV Enterprises,Performed Consulting Arborist services as per spec 4.21.,,1998-10-07T00:00:00.000,Provide Consulting Arborist services: monitor construction/pruning/planting. Attend meetings; file p,Provide Consulting Arborist services as described in item 4.21 of the DOT specs.,50284741.0,11762,WBE,"Management, Scientific, and Technical Consulting Services",Other Management Consulting Services,New York Concrete,,,,"Arbor Consulting, Inc. provides Consulting Arborist Services in the NYC metro area to both private and public customers. ACI monitors the trees on construction sites, recommends pruning, removals and draft protection plans. ACI develops a tree planting plans for projects based on the established NYC Guidelines.",75.0
396183,Alpha AI Inc.,541715,,,,2021-04-05T00:00:00.000,,,,10036,MBE,Scientific Research and Development Services,"Research and Development in the Physical, Engineering, and Life Sciences (except Nanotechnology and Biotechnology)",,1010720050.0,,12901.0,"Alpha AI is a technology company specializes in advanced artificial intelligence and machine learning solutions. Alpha AI focuses on developing state-of-the-art AI technologies to empower businesses and organizations with innovative tools and
applications. The company's services include custom AI model development, data analysis, and predictive analytics, which are tailored to meet the unique needs of various industries.",
377592,Arielle Gittens Neblett,711510,Favored Live,Manage/host events and workshops for fellow filmmakers,,2012-12-30T00:00:00.000,Cast talent for their live shopping show. Researched appropriate talent that would draw viewers to t,Moderated panel discussions with filmmakers,10200.0,11233,"MBE,WBE","Independent Artists, Writers, and Performers","Independent Artists, Writers, and Performers",Black Film Space,3016560051.0,,295.0,"I’m Arielle Gittens Neblett. Emmy nominated NYC based Creative Producer, Director, and Casting Director. 

A multi hyphenate creative and visionary with a passion and gift for telling stories. With over thirty million views to my name, my contributions to digital and editorial content are evident. My creative touch has revitalized fan favorite series  ""On The Rocks"" and ""Tattoo Tours"" for GQ and GQ Sports, infusing them with fresh energy through my directorial flair and interviewing expertise. 

My work spans across branded content, reality television, talk shows, and editorial content. This website shows selected works and a fraction of what I’m capable of! 

Credits include Vogue, HGTV, GQ, Revolt, GQ, GQ Sports, Glamour, and Allure, HBO, to name a few and I’m just getting started!",100.0
10490,Ameri Restoration Inc.,236220,DASNY,"FAcade restoration, parapet wall",,2007-05-14T00:00:00.000,"Facade Restoration, hazmat removal","Roof Repair, Facade Restoration",2129229.0,10583,MBE,Nonresidential Building Construction,Commercial and Institutional Building Construction,Hope Community,,,,"Facade Reconstruction, Masonry Work, Roof Repair, Interior and Exterior Work, Sidewalk Shed, Pipe Scaffolding, Concrete Work",100.0
344641,ASA Electric Inc,238210,Pro Con Group,,,2021-04-20T00:00:00.000,Installed conduits for new distribution feeders and panels.,,33200.0,11422,MBE,Building Equipment Contractors,Electrical Contractors and Other Wiring Installation Contractors,,4132060025.0,750000.0,638.0,"ASA Electric provides electrical services for residential, commercial and industrial clients. The company has expertise in performing electrical installations and maintenance and repairs.",
1551,"American Architectural Products, Inc.",332999,,,,2002-04-11T00:00:00.000,,,,11206,MBE,Other Fabricated Metal Product Manufacturing,All Other Miscellaneous Fabricated Metal Product Manufacturing,,3030300001.0,,485.0,American Architectural Products sells steel products and aluminum child safety guards.,
103219,5J's Electrical Contractors Corp.,238210,SCA Mentor Program/TDX,Provided patented design lighting for scaffolding in various NYC locations.,,2014-10-24T00:00:00.000,Installed cameras.,Did electrical work in connection to the renovation of the College of Staten Island make space lab.,543000.0,11105,MBE,Building Equipment Contractors,Electrical Contractors and Other Wiring Installation Contractors,Urban Umbrella,4008050001.0,,119.0,"5J's Electrical Contractors provides electrical services to equipment, branch wiring, receptacles, CCTV, low voltage and fire alarms.",100.0
2514,Altus Metal & Marble Services Inc,238990,Coordinate Metals,"Metal, Marble & Wood restoration as directed by Officer of Property Management","Metal Polishers Local Union Local 8a, Metal Polishers Local Union 8a - 28A",,Oxidize & Lacquer Bronze Panels,,400000.0,11790,WBE,Other Specialty Trade Contractors,All Other Specialty Trade Contractors,Federal Reserve Bank of New York,,400000.0,,"Specialty metal finishes, construction punch list repairs for metal, stone and wood. Ornamental/ decorative metal, stone and wood restoration, repair and maintenance. Scratch removal & repair from metal, natural stone & wood surfaces.",
10404,"All City Engineering, P.C.",541330,BMAD Tremont LLC,,,2011-12-11T00:00:00.000,"Prepared schematic design documents. Prepared drawings and plans. Prepared detailed plans, drawings,",,78000.0,11201,MBE,"Architectural, Engineering, and Related Services",Engineering Services,,,,,"All City Engineering P.C. is an engineering consulting firm which designs mechanical, HVAC, plumbing, fire protection, sprinkler, standpipe, electrical power, lighting and fire alarm systems.",
378733,American Power LLC,423610,Ameresco,Supplied lighting fixtures.,IBEW Local 3,2018-10-15T00:00:00.000,Supplied lighting for a street lighting upgrade.,,4328000.0,10962,MBE,Household Appliances and Electrical and Electronic Goods Merchant Wholesalers,"Electrical Apparatus and Equipment, Wiring Supplies, and Related Equipment Merchant Wholesalers",Gilbane Building Co,,,,American Power is a wholesale electrical supply company.,
365314,All-Set Management Inc.,541990,RJR Maintenance Group Inc,,,2021-10-29T00:00:00.000,Business management services provided to enterprise,,120000.0,11771,WBE,"Other Professional, Scientific, and Technical Services","All Other Professional, Scientific, and Technical Services",,,,,Full service management firm focusing on facility maintenance,
100917,AMZ Technologies Inc,541519,All Covered,,,2017-03-01T00:00:00.000,Updated and maintained iPads.,,50000.0,11354,WBE,Computer Systems Design and Related Services,Other Computer Related Services,,4049730014.0,,871.0,AMZ Technologies sells and services computers.,
369603,A. Joy Health LLC,621511,ShutterStock,,,2019-04-02T00:00:00.000,Providing Covid tests for photo shoot. Also provided covid compliance,,3780.0,33510,MBE,Medical and Diagnostic Laboratories,Medical Laboratories,,,,,"A. Joy Health is a CLIA-certified diagnostic and screening laboratory specializing in a comprehensive suite of testing services located in NYC. Our offerings range from RAPID Point of Care tests, such as COVID-19, Flu, RSV, Strep, and Mononucleosis, to DOT & Non-DOT Drug Testing, diverse drug testing methods (including Instant Urine, Hair, Nail, and Oral), and STD evaluations. Additionally, we provide Phlebotomy services, EKG, IV Hydration, Vitamin Injections, and Weight Loss solutions. Our expertise also extends to Production & Event Testing, ensuring the safety of your workforce. We accommodate both in-office testing and mobile or concierge services. Trust A. Joy Health for all your diagnostic and health screening needs.",
10321,"Agarabi Engineering, PLLC",541330,HAKS,We are part of a team with an architectural firm that is offering energy master plan services. Our r,,2014-05-20T00:00:00.000,ASHRAE level II energy audit and retrocommissioning HVAC equipment,"LEED Commissioning (Fundamentals and Enhanced) of a 4,000 square foot visitor center.",83275.0,10018,WBE,"Architectural, Engineering, and Related Services",Engineering Services,1240 Bedford,1008407501.0,,84.0,"Agarabi Engineering offers engineering consulting services to building owners, managers, non-profits and other engineering firms. Services include building energy use benchmarking, Local Law 87 compliance, comprehensive energy assessments, retro-commissioning of buildings and helping establish operations & maintenance protocols & plans in buildings.",100.0
378856,AB Energy Partners LLC,541618,Park Madison Property Management,Local Law 84 and 97 Compliance Services for the property at 390 Park.,,2023-09-23T00:00:00.000,NYC Local Law 87 Compliance Services at 787 11th Avenue,Local Law 84 and Local Law 97 Compliance Services for 809 Broadway,24700.0,11021,"MBE,WBE","Management, Scientific, and Technical Consulting Services",Other Management Consulting Services,Waterman Properties,,,,"Energy Efficiency Rebates & Incentives Local Law 84 Compliance (Consulting Services)
Local Law 87 Compliance

Local Law 88 Compliance

Local Law 97 Compliance and Analysis

Energy Star Certification",100.0
10194,Absolute Contracting Inc.,238390,Tom Chemelli,"framing, drywall, ceilings & trim",,2012-05-17T00:00:00.000,Carpentry,"Framing, Drywall, Taping & Acoustical Ceiling",300000.0,10705,MBE,Building Finishing Contractors,Other Building Finishing Contractors,Bob Piazza,,,,General Construction,10.0
10356,Ajoy Management Enterprise,541219,Hofstra University,"Small business technical assistance services, workshop facilitation and curriculum development.",,2009-01-01T00:00:00.000,"Subcontractor for the temporary NYS Certification application processing support project, reviewing",Administering FastTrac Instruction and Facilitation; Business Coaching; Alumni Programming and Servi,193375.0,10027,"MBE,WBE,EBE","Accounting, Tax Preparation, Bookkeeping, and Payroll Services",Other Accounting Services,Business Outreach Center Network,1017260057.0,,208.0,"AJOY Management Enterprise is a professional service company providing bookkeeping, accounting, tax preparation, payroll, notary and advisory to small businesses. As a certified (M/WBE / SBE / EBE / DBE / VET) firm, AJOY builds relationships with nonprofits and government agencies to provide technical assistance for small businesses seeking to sustain healthy cash flow and build capacity through one-to-one consultation, workshops, and business curriculum development.",100.0
101702,"Albany Information Technology Group, LLC",541511,"Systems & Methods, Inc",Provided staff for a project.,,2002-04-11T00:00:00.000,Provided staff for a project.,Provided staff for a project.,52500.0,12207,MBE,Computer Systems Design and Related Services,Custom Computer Programming Services,KPMG LLP,,,,"Albany ITG is a software engineering and staffing firm. The company creates custom software and mobile-first applications that drastically improve efficiency and accessibility. Albany ITG uses a collaborative, engineered-to-order approach which gives its clients software and application development solutions tailored to their exact needs and specifications.",100.0
102062,"Accesslinx, Inc.",541930,Express Scripts,Technical review of 3 sample potential braille suppliers' submissions for on-going braille transcrip,,2018-08-27T00:00:00.000,Braille/large print production,"video coverage, review and editing for promotional, marketing, instructional and informational purpo",850000.0,11787,WBE,"Other Professional, Scientific, and Technical Services",Translation and Interpretation Services,NYS  Office ofTemp & Dis Assistance,,,,"Braille and alternate format (e.g. large print) production; video production, conference/training management.",100.0
12271,"Andrea Steele Architecture, P.C.",541310,New York City Department of Design and Construction,"The Project is an interior renovation of the master suite, including the master bedroom and full bat",,2003-05-28T00:00:00.000,Prime Consultant responsible for full team of design consultants providing a new administration buil,"Full Architectural Design services incluing programming, architectural design, interior design, FFE,",10394257.0,10001,WBE,"Architectural, Engineering, and Related Services",Architectural Services,Sharon Chang,1007790023.0,,95.0,"Andrea Steele Architecture is an award-winning, NYC based design firm providing a wide range of services including: urban planning, architectural design, interior design, feasibility studies, programming, furniture design, graphic design and sustainable design integration. Our firm works with mission-driven public and private clients to design innovative, socially conscious projects that optimize resources and catalyze the surrounding community. Our process is rooted in rigorous analysis, close listening, community engagement and deep research. Our recently completed projects include a new innovation hub for NASA, a Cultural Arts center for Brooklyn Academy of Music, Brooklyn Public Library, Museum of Contemporary African Diasporan Arts and 651 ARTS and a new community center for Make the Road New York.",70.0
10426,Alleyne Consulting Group,541519,One Brooklyn Health System,Provided IT support and conducted systems training.,,2017-11-17T00:00:00.000,Provided project management services.,Did business analysis.,348000.0,11411,MBE,Computer Systems Design and Related Services,Other Computer Related Services,B 2G Now,4128000078.0,,610.0,Alleyne Consulting provides IT consulting and professional business services.,100.0
10574,Anvil Mechanical Inc,238220,LIRR/MTA,,Steamfitter's Union 638,2003-03-07T00:00:00.000,"Installation of hot water, chilled water, condenser water and steam",,17500000.0,12561,MBE,Building Equipment Contractors,"Plumbing, Heating, and Air-Conditioning Contractors",,,,,Anvil Mechanical Inc. is a multifaceted HVAC and Mechanical contractor which can furnish and install all aspects of a commercial HVAC system.,
340375,"AAA Housewares, Inc.",423220,Gala Fresh Farms,houseware distribution,,2017-11-09T00:00:00.000,houseware distribution,,168521.0,11570,MBE,Furniture and Home Furnishing Merchant Wholesalers,Home Furnishing Merchant Wholesalers,Key Foods,,,,"We are wholesale distributors of houseware products, such as bakeware, cookware, disposable aluminum pans, kitchen
utensils and gadgets, plastic containers, broom, mops and cleaning supplies.",
372035,AID MULTISERVICES LLC,541990,MC Dreams Group Family Daycare,Training and support to Dominican Republic office staff and tasks.,,2022-08-18T00:00:00.000,Daycare assitance,Support setting up automation equipment for restaurant operation (Waiter Robot).,4500.0,10457,MBE,"Other Professional, Scientific, and Technical Services","All Other Professional, Scientific, and Technical Services",LC Associates,2030350044.0,,395.0,"General consulting services, projects design and implementation, advisory, product sales, etc.",100.0
330639,"Aquinas Consulting, LLC",561330,Modell's Sporting Goods,,,2000-07-11T00:00:00.000,Assisted Modell's Operation by supplying a Retail Project Manager,,144298.0,6460,"MBE,WBE",Employment Services,Professional Employer Organizations,,,,,"Aquinas Consulting is a specialty firm that provides Information Technology Staffing Solutions, Talent Acquisition, and HR Employer of Record Services.",
372419,Alpha Tech Systems LLC,541511,Genesys Consulting Services Inc,Did web application and maintenance.,,2022-06-03T00:00:00.000,Developed a web application for the NYS Department of Health.,,126336.0,12203,"MBE,WBE",Computer Systems Design and Related Services,Custom Computer Programming Services,Knowledge Builders Inc,,,,"Alpha Tech Systems specializes in Data Science, AI/ML, Full-Stack Mobile and Web Development, Cloud Services, DevOps, CRM, QA Testing, and Project Management.  The company's team has experience in data science and big data, technological edge, efficient data processing, data insights, advanced algorithms, programming languages, cloud migration, cloud agility, containerization strategies, cloud migration and maintenance, database management systems, scalable databases, full DevOps integration and custom software development.",
371838,Artur Consulting LLC,541611,K2 Integrity,,,2023-07-12T00:00:00.000,Advised on general business matters pertaining to corporate functions.,,60000.0,11413,MBE,"Management, Scientific, and Technical Consulting Services",Administrative Management and General Management Consulting Services,,4131380047.0,,650.0,"Artur Consulting LLC provides specialized and general advice and support to senior executives and management on business, finance and administrative matters. The company also advises on matters pertaining to corporate functions.",
11124,All Saints Enterprises LLC,237990,SAFECO Construction Corp,,,2017-10-19T00:00:00.000,Removal of construction debris,,200000.0,10314,WBE,Other Heavy and Civil Engineering Construction,Other Heavy and Civil Engineering Construction,,5017600215.0,,29102.0,Provides trucking service for removal of construction debris.,
356867,Ameridian Enterprises Incorporated,561720,John Scanlon,,,2017-06-01T00:00:00.000,Provided consultation on building an efficient living space and outside landscaping.,,1250.0,10504,"MBE,WBE",Services to Buildings and Dwellings,Janitorial Services,,,,,"Ameridian Enterprises does office maintenance and cleaning. The company also provides plumbing, heating and renovation consulting services.",
10198,"AC Construction and Racing, LLC",334310,Flywheel,Fix house video system,,2000-12-11T00:00:00.000,design and install tv studio,Install Video system,539000.0,7050,WBE,Audio and Video Equipment Manufacturing,Audio and Video Equipment Manufacturing,All Mobile Television,,,,"Design and install audio, video and A/V systems. Technology consulting.",
366478,"Anderson and Associates Law, P.C.",541110,Yuanhua He,The law firm shall assist and counsel the client in the landlord-tenant payment dispute case by loca,,2021-07-02T00:00:00.000,The law firm shall assist and counsel the client on immigration law issues related to the Extraordin,The firm represents the client in limited engagement to transfer the ownership of the 19.705 shares,30000.0,10006,"MBE,WBE",Legal Services,Offices of Lawyers,Bjørn Stickle,1000210001.0,,13.0,"Anderson & Associates, P.C. is a team of outstanding lawyers that serves our clients’ immigration, civil litigation, contracts, and complex transactional needs of both long-established and newly emerging businesses, including those doing business internationally and in cyberspace in a cost-effective way. We have extensive experience representing individual and corporate clients from the media, manufacturing, and technology sectors in their immigration and litigation matters.  We take pride in offering our clients comprehensive and practical legal solutions and building a collaborative relationship based on trust and respect.

In an industry built on talk, Anderson & Associates, P.C., has made its name by doing. We have built our firm one case, one victory at a time. Our attorneys have impeccable academic credentials and are able to combine intellectual rigor with practicality and efficiency. We provide sophisticated, business-minded advice aimed at one simple goal: getting the right result for our clients. No matter how complex, contentious, or critical the undertaking, we persevere until the job is done. At Anderson & Associates, P.C., we are committed to pursuing our client’s best interests and upholding the highest standard of professional service, delivered with personalized attention.",100.0
10050,"300 Engineering Group, P.A., P.C.",541330,NOVA,Construction Inspection and Technical Assistance Services and Community Liaison Services,,2013-03-08T00:00:00.000,Program Management,Construction Inspection Services in connection with the project described herein; Construction Inspe,3113062.0,11501,MBE,"Architectural, Engineering, and Related Services",Engineering Services,"D&B Engineers and Architect, PC",,,,"300 Engineering Group, P.A. (300 Engineering) was established in 2006 with headquarters in Miami, Florida and offices in The State of New York with a history of successful project experience encompassing the full range of water, wastewater, transportation, water resources, drainage, and other civil engineering services. 300 Engineering's staff is armed with more than 300 years of combined pipeline design, pump station design, and construction management experience. Through our long and successful history in site/civil design, we have worked together with land development, surveying, and environmental information experts to deliver creative and cost-effective designs that transform communities. For the past two (2) years, 300 Engineering has been actively involved in the design and/or construction management of pipeline projects of sizes ranging from 8-inch to 72-inch.  More importantly, 300 Engineering has recently completed multiple pipeline projects as Engineer-of-Record (EOR).  Furthermore, our staff have managed over thirty (30) miles of Small Asbestos Cement (AC) Pipeline Replacement Projects and over twenty (20) small pipeline projects under the PSIP Program.  300 Engineering's pipeline design experience includes water/wastewater replacement and rehabilitation projects involving multiple trenchless technologies such as Microtunneling and Horizontal Directional Drilling. Also 300 Engineering has many years of experience preparing project budgets, schedules (P6), and detailed opinions of probably costs. Our professionals are passionate about developing innovative processes and new technologies that help our clients and their stakeholders best visualize projects.  This institutional knowledge results in maximum efficiency and best-value, site-specific solutions.",100.0
10409,All In One Services International Inc.,561720,"The Morganti Group, Inc","Cleanup facility PS48X located at 1290 Spofford 
Ave Bronx, NY 10474",,2002-12-04T00:00:00.000,"Post construction cleaning for IS/HS 86 located at 715 Ocean Terrace Staten Island, NY 10301","Post-construction clean up for Q503 located at 47-09 36 Street Long Island City, NY 11101",116811.0,11102,"MBE,WBE",Services to Buildings and Dwellings,Janitorial Services,WDF Inc.,4008610076.0,,69.0,Post construction cleaning and janitorial services.,100.0
269094,Aarons Law Office PLLC,541110,Abbie Salter,Represented corporate landlord in its case against commercial tenant in Civil Court.,,2012-08-10T00:00:00.000,Represented owner in sale of real property,Start non-payment court case against tenants,2500.0,11210,"MBE,WBE",Legal Services,Offices of Lawyers,LZ Business Group,3075940011.0,,742.0,"Law Office specializing in Real Estate transactions, house closing and refinancing, landlord-tenant law, foreclosure defense and other real estate related civil actions.",100.0
100757,Ajna Dance Inc.,711120,DOE,Working with 3rd graders on a 15 week Indian dance residency that culminates in a student showcase a,,2013-02-25T00:00:00.000,Working with 3rd grade students on a 15 week Indian Dance Residency culminating in a performance at,,7000.0,11231,"MBE,WBE",Performing Arts Companies,Dance Companies,DOE,3004590024.0,,77.0,"Ajna Dance Company is New York’s premier Indian performing arts and arts education organization with a mission to share authentic and artistic Indian dance with a global and diverse audience. We work extensively in schools offering dance residencies and assemblies, have a professional performance company and teach dance classes and workshops.

Ajna has worked with over 200 schools in the tristate area offering dance assemblies, residencies and after school programming to students from pre-k through college. 

Using dance and movement, our educational programs share Indian art, culture, and history with students of all ages and backgrounds. Our programs offer a unique and interactive way for children to gain greater cultural awareness, learn dance and body awareness, develop physical fitness and confidence. Our programs can be catered to your artistic and academic goals and span Bharatanatyam and Kathak (Indian classical styles), Bhangra and Garba (Indian folk styles), and Bollywood dance and teach the history and cultural significance behind each of them. 

Ajna has performed at the United Nations, The Rubin Museum, MoMA Film and The Brooklyn Museum. Our corporate clients include Google, Facebook, Nasdaq, Macy’s, S&P, JPMorgan, Barclays and Wells Fargo. 
We also support non-profits including The Women’s Education Project, Citta, GirlUp, New York Cares and the American Indian Foundation.",
100821,"Ampersand Fundraising, LLC",541990,NYU Langone Hospitals,"Provided support for annual fundraising efforts during a time of staff transition.

Development Plan",,2016-01-20T00:00:00.000,"Managed donor stewardship naming opportunities:
- Tracked donor recognition, coordinating with real","Served as Interim Director of Development:
- Set fundraising priorities with Executive Director and",30000.0,10069,"MBE,WBE","Other Professional, Scientific, and Technical Services","All Other Professional, Scientific, and Technical Services",New York Cares Inc.,1011717505.0,,15102.0,"Ampersand Fundraising, LLC provides development consulting services to nonprofit organizations. We work with you to create personalized solutions for your fundraising needs. Our services are customized to your goals, timelines, and resources. Projects fall broadly into three categories: planning and feasibility studies, campaign management, and interim staffing. In addition to providing high-level guidance, we offer hands-on support implementing our recommendations and plans.",100.0
368623,"A-Team Consulting Group, LLC",611710,AnaMaria Corbett,Purchased workshops on school violence and child abuse to satisfy requirements for NYS teaching cred,,2020-07-20T00:00:00.000,Client purchased bundle workshops.,,130.0,11758,"MBE,WBE",Educational Support Services,Educational Support Services,Megan Stuve,,,,A-Team Consulting offers workshops that cater to the professional development needs of educators across different grade levels and subject areas.,
317289,"ActiveCare Physical Therapy, PC",621340,1199SEIU Training and Employment Fund,Elective topics taping course for DPT students.,,2003-04-09T00:00:00.000,This 1.5 hour online seminar will discuss the use of telehealth for rehabilitative services in a cha,,700.0,10018,"MBE,WBE",Offices of Other Health Practitioners,"Offices of Physical, Occupational and Speech Therapists, and Audiologists",Hunter College,1008400023.0,,84.0,"ActiveCare Physical Therapy, PC is a holistic specialty outpatient private practice owned and operated by Dr. Karena Wu, PT, DPT. ActiveCare PT is located in the heart of midtown Manhattan in a spacious boutique facility. Dr. Wu has been in practice since 2000 specializing in orthopedics, sports, manual therapy and Pilates based rehabilitation. Her team of physical therapists emphasize a holistic practice philosophy with individualized care on a concierge level. Her office has expanded internationally while maintaining the highest quality of one on one care to offer the best services to their patients. Dr. Wu oversees all operations and training to maintain consistency in care and customer service. 

ActiveCare Physical Therapy encompasses wellness services. We offer acupuncture, massage, reiki, Pilates training, personal training and intuitive services. These services are add-ons to the physical therapy services, making ActiveCare PT a one-stop shop for health and wellness.",
1638,"Armand Resource Group, Inc.",541611,NYC DOT,"Comprehensive Civil Rights, DBE/MWBE, Workforce and Labor Compliance Monitoring and Reporting",,2001-12-21T00:00:00.000,"Independent integrity monitor oversight services, DBE, EEO compliance monitoring and reporting, Davi",DBE/EEO and Workforce Davis Bacon Compliance Monitoring and Reporting,1458000.0,7601,MBE,"Management, Scientific, and Technical Consulting Services",Administrative Management and General Management Consulting Services,NYC DOT,,,,"Comprehensive Civil Rights, Diversity, Equity, and Inclusion, D/M/WBE Program design and Implementation Services, Workforce/Labor/Contract Compliance Monitoring and Reporting Services, Business Impact Mitigation Services, Business Development and Technical Assistance Services, Outreach/Recruitment/Public Participation and Community Relations Services, Disparity Study Data Collection and Call Center Services, IPSIG Oversight Compliance Monitoring and Reporting; Civil Rights and Ethics Training Services.",100.0
4997,AMC Engineering PLLC,541620,EAI Environmental,"SWPPP applications and inspections
NOI application at 13 locations.",,2000-12-01T00:00:00.000,Engineering Services: Vapor Barrier inspections at various schools throughout the boroughs of New Yo,Excavation Plan and CAMP,1000000.0,11105,MBE,"Management, Scientific, and Technical Consulting Services",Environmental Consulting Services,Maspeth Supply,4008020067.0,,12301.0,"Environmental compliance services environmental permits, soil & groundwater characterization, materials handling plans, soil samplings, SWPPP plans and inspections, SPDES permits. Dewatering design and permits, NYSDEC and NYCDEP permits, air and noise monitoring plans and implementation, environmental boring services, in-situ soil and water characterization, subslab depressurization system.",100.0
386694,Abruzzo Bodziak Architects llc,541310,NYC Department of Design and Construction,Architectural Design,,2009-01-29T00:00:00.000,Architectural Design,Architectural Design,831478.0,6405,WBE,"Architectural, Engineering, and Related Services",Architectural Services,OnTheMarc Events,,,,"ABA works with inspired clients to create visionary residential, cultural, commercial, and civic projects through everyday means. 

An internationally recognized New York and Connecticut-based office, our work is defined by an innovative approach to contextuality and focus on detail. Current projects include a New York Public Library branch, a Community Justice Center in Connecticut, a culinary and event planning team's headquarters, several urban townhouses, and restoration of two buildings listed on the National Register of Historic Places.

Our projects have included implementing effective water management strategies, integrating landscape with built form, and overhauling existing buildings for better energy management and control. With all team members trained in sustainable design, our work is underscored by choices that support human health and the environment.

ABA has received numerous recognitions including the Architectural League Prize, AIA New Practices New York, Architectural Record’s Design Vanguard, and Curbed’s Groundbreakers Award. A proponent of civic engagement and the importance of public space, the office is included in New York City Department of Design and Construction’s Design Excellence Program and is a Design Advocates contributing firm. Our projects have been featured in diverse international publications and have been exhibited widely.",100.0
379659,"AIM & Co., LLC",541990,Deparment of Education,Garlands,,2024-08-20T00:00:00.000,Arches and columns,Arch and Column Balloons,2225.0,6810,"MBE,WBE","Other Professional, Scientific, and Technical Services","All Other Professional, Scientific, and Technical Services",Department of Education,,,,"Aim & Co is a minority and woman-owned balloon décor company with over 10 years of experience serving the New York City area. Specializing in creative and personalized balloon arrangements, Aim & Co transforms any event into a memorable celebration. Whether it's a birthday, wedding, corporate event, or community gathering, they bring a unique touch with stunning designs that cater to each client’s vision. Their expertise and passion for detail ensure that every decoration is not just eye-catching but also reflects the personality and style of the occasion. From elegant arches to custom balloon installations, Aim & Co is dedicated to delivering high-quality service and one-of-a-kind décor that makes every event extraordinary.",100.0
363136,1030 Production Services LLC,711510,NYPD,As a newly appointed MWBE (Minority and Women-owned Business Enterprise) certified by both New York,,2022-04-01T00:00:00.000,We are currently collaborating with Northwell Health and the NYPD on a branded commercial that spotl,Produced photo and video content,40000.0,10031,MBE,"Independent Artists, Writers, and Performers","Independent Artists, Writers, and Performers",NYC Small Business Services,1020020101.0,,22301.0,"FortyLove is a leading photo and video production company, proudly certified as a Minority and Women-Owned Business Enterprise (MWBE) by both New York State and New York City. Based in NYC, we specialize in producing high-quality visual content for both commercial brands and government clients. With a team of experienced professionals, we deliver exceptional work across various industries including fashion, lifestyle, real estate, healthcare, technology, and public sector projects.

At FortyLove, we’re storytellers at heart, bringing creativity, technical skill, and innovation to every project we undertake. Our services span from concept development through post-production, ensuring that we provide an end-to-end solution for all visual production needs. We have earned the trust of globally recognized brands and government agencies by consistently delivering compelling content with a commitment to quality, professionalism, and inclusivity.

MWBE Certification

As an MWBE-certified company, FortyLove is committed to supporting diversity and inclusion in the workforce. This certification allows us to participate in government contracting opportunities, where MWBE engagement is prioritized, and enables clients to meet their diversity goals. We ensure that every project not only reflects high standards of craftsmanship but also promotes equitable representation, both in front of and behind the camera.

Our Services

FortyLove offers a wide range of photo and video production services, catering to the unique needs of commercial and government clients. Our expertise extends to various types of projects, including branding campaigns, public service announcements, product shoots, corporate events, and more. Below are our primary service offerings:

1. Commercial Photo and Video Production
We work with brands across industries to create visually stunning content that enhances their message and engages their target audience. Our commercial services include:

Advertising Campaigns: Creating eye-catching visuals that build brand awareness.
Product Photography & Videography: Highlighting product features and quality for marketing purposes.
Corporate Videos: Producing company profiles, testimonials, and internal communication content.
Event Coverage: Documenting key moments at corporate events, launches, and trade shows.
Social Media Content: Generating dynamic visuals optimized for social platforms.
Fashion & E-commerce Photography: Crafting professional lookbooks and product images that drive sales.
2. Government Photo and Video Production
FortyLove is experienced in working with government agencies to produce content that meets strict compliance and quality standards. Our government services include:

Public Service Announcements (PSAs): Communicating important messages to the public.
Training Videos: Creating instructional content for employees and the public.
Documentary Production: Capturing critical social, political, and environmental issues.
Infrastructure Documentation: Recording the progress of public works and infrastructure projects.
Event Documentation: Providing professional coverage of government events and initiatives.
Emergency Response & Preparedness Videos: Helping public safety departments communicate important guidelines.
As a certified MWBE, we ensure all diversity and inclusion goals are met in compliance with state and federal regulations, making us an ideal partner for government contracting.

3. End-to-End Production Services
We offer comprehensive production services that cover every aspect of a project, from pre-production planning to final delivery. Our full-service capabilities include:

Pre-Production: Creative development, budgeting, casting, location scouting, and permitting.
Production: On-set photography and videography, drone filming, and live-streaming.
Post-Production: Professional editing, sound design, color grading, motion graphics, and VFX.
We also handle all necessary compliance, ensuring that each project meets regulatory standards, particularly in the case of government contracts or productions involving minors.

4. Specialized Services
Multilingual Content: We produce content in various languages, ensuring it resonates with diverse audiences.
Green Production: Offering eco-friendly production practices for clients focused on sustainability.
Government Contracting: Our expertise in public sector work and MWBE certification makes us a trusted partner for government agencies.",100.0
365849,"Alamo Insurance Group, Inc.",524210,Jersey City Housing Authority,"Risk management Consulting and placement, oversight, and maintenance of P&C insurance policies",,1998-06-24T00:00:00.000,"Risk Management Consulting, policy placement, oversight and maintenance for Workers Compensation,","Marketing, selection, and ongoing administration of Dental, Vision, Life & AD&D Insurance",125000.0,7094,MBE,"Agencies, Brokerages, and Other Insurance Related Activities",Insurance Agencies and Brokerages,Princeton Housing Authority,,,,"Alamo Insurance Group is among New Jersey's largest qualified MBE Insurance Brokers/Consultants. With 25 years in business, whether independently or as part of a dedicated broker team, Alamo boasts a proven track record of delivering quality Employee Benefits and Risk Management Consulting with exceptional, white-glove, concierge service at significant savings. Client-centric and carrier-agnostic, our approach includes thorough due diligence scouring of the marketplace across alternative funding options at no upfront cost or obligation to help our clients make decisions in their best interest.  What's more, as a ""Gallagher Connect Partner"", we have teamed up with the world's 3rd largest Insurance Broker to provide a unique offering that combines expertise, vast tools, and resources, while helping large employers impact their DE&I goals.",100.0
10241,Active Healing Physical Therapy PLLC,621340,,,,2008-06-18T00:00:00.000,,,,11432,MBE,Offices of Other Health Practitioners,"Offices of Physical, Occupational and Speech Therapists, and Audiologists",,4098600040.0,,454.0,WE PROVIDE PHYSICAL THERAPY SERVICES TO PATIENTS IN AN OUTDOOR CLINIC SETTING.,
358463,Arch of Self LLC,611710,NYC DOE Office of Teacher Development FUND for Public Schools,Conducted a training session.,,2018-11-27T00:00:00.000,Create a video series based on the components of the RLD model.,Workshop on Wellness.,27000.0,10027,"MBE,WBE",Educational Support Services,Educational Support Services,New York City Men Teach,1019750029.0,,203.0,"The Arch of Self conducts professional development workshops for teachers, educators and school leaders.",100.0
2651,"Akhtar Construction Co., Inc.",236116,HPD,General Construction,,2000-02-10T00:00:00.000,General Construction,,540211.0,11435,MBE,Residential Building Construction,New Multifamily Housing Construction (except For-Sale Builders),TARIK NASSER,4097040063.0,15000000.0,238.0,"General construction for single, multifamily building and apartments.",
10081,6 Miles Mobile LLC,449210,Music World Avenue Inc,Sold iPhone accessories.,,2013-10-24T00:00:00.000,"Sold Apple cable, charger and air tag.",Sold screen for Samsung phone.,332.0,11374,MBE,Electronics and Appliance Retailers,Electronics and Appliance Retailers,Xtra Innovation,4020860038.0,,71701.0,"6 Miles Mobile sells smartphones, mobile data plans, cellphones, bluetooth and cellphone accessories.",100.0
356140,"Amalie Industries, LLC",531210,,,,2017-05-10T00:00:00.000,,,,12586,"MBE,WBE",Offices of Real Estate Agents and Brokers,Offices of Real Estate Agents and Brokers,,,,,Amalie Industries does real estate brokerage and property management. The company also provides consulting services.,
358365,All 4 Lexington LLC,541990,Claremont Community Center,,,2021-05-03T00:00:00.000,Conducted coaching sessions.,,1180.0,10453,"MBE,WBE","Other Professional, Scientific, and Technical Services","All Other Professional, Scientific, and Technical Services",,2032080053.0,,251.0,"All 4 Lexington LLC, sells packages that contain three (3) coaching sessions which teach entrepreneurs about bank accounts, business domain and website production.",
314146,"Art for Film, LLC",711410,20th Television-American Horror Story: Hamptons,Provided copyright cleared artwork for set decoration on a tv show.  Since 2016 we have been paid $1,,2007-03-12T00:00:00.000,Provided original sculptures and painting reproductions for set decoration on a tv show,Provided copyright cleared artwork for use as set decoration in a movie.,41382.0,11205,WBE,"Agents and Managers for Artists, Athletes, Entertainers, and Other Public Figures","Agents and Managers for Artists, Athletes, Entertainers, and Other Public Figures",Universal Television-Chicago Med,3020230001.0,,543.0,"Since 2006 Art for Film has built a reputation as the most trusted source for high-caliber artwork in a large range of styles and genres for the entertainment, hospitality, corporate, health care and government sectors. We work with hundreds of artists, from Emerging talents to award-winning stars, to provide our clients with thousands of curated artwork solutions.  We are known not only for our superb client service and the exceptional breadth and quality of our artwork, but for our deep and diverse connections in the art world, as the far majority of our artists identify as women, African, American, Asian, Latinx, and LGBTQI New Yorkers.",100.0
10057,3D Spectrum Enterprise LLC,517911,SCI,,,2002-05-08T00:00:00.000,Telecom and Data Support,,57000.0,11413,MBE,Other Telecommunications,Telecommunications Resellers,,4131290001.0,,358.0,"IT, telecommunications, voice and data, cloud, CCTV, IVR, voicemail, PBX, installations, maintenance, voice auditing, cabling, server installs, router installs, low voltage.",
392652,Aqua Treat LLC,561990,American Red Cross,Did water treatment for a cooling tower. Did legionella testing and remediation.,,2023-06-01T00:00:00.000,Provided water treatment for a colling tower. Did legionella testing and remediation.,Did water treatment for a cooling tower. Did legionella testing and remediation.,76428.0,11040,MBE,Other Support Services,All Other Support Services,Connaught Tower Corp,,,,"Aqua Treat specializes in efficient water treatment solutions to protect commercial boilers, cooling towers and other HVAC equipment from corrosion, scale and microbiological fouling.",100.0
808,Abacus Building Innovations Inc.,238190,Boilermatic welding Industries,,,2008-01-01T00:00:00.000,Site Demolition removals,,,11105,"MBE,WBE","Foundation, Structure, and Building Exterior Contractors","Other Foundation, Structure, and Building Exterior Contractors",,4007810047.0,,137.0,"Construction company specializing in foundation work & superstructures. Our services include; site work, excavation, curbs, sidewalks, reinforced concrete, masonry work.",
387269,Architectural Research & Design P.C.,541310,"DEMAJ 1, LLC",,,2011-03-10T00:00:00.000,PARTIAL GUT REHABILITATION OF 3 STORY  BLDG. AND CONVERSION  TO A 5 DWELLING BLDG.,,27726.0,10461,MBE,"Architectural, Engineering, and Related Services",Architectural Services,,2041050012.0,,254.0,"ARCHITECTURE & ENGINEERING SERVICES
CONSTRUCTION SUPERINTENDENT SERVICES
CONSTRUCTION INSPECTION SERVICES
AUTOCAD (DRAFTING) SERVICES
RESEARCH & PROJECT MANAGEMENT SERVICES
PROJECT FEASIBILITY SERVICES
PROJECT ZONING & DEVELOPMENT SERVICES",
10491,"America Works of New York, Inc.",561311,Human Resources Administration,YouthPathways: Service Area II. BK,,1985-09-11T00:00:00.000,"Career assessments and development of individual employability plan, referral to edcuation provider.",CareerAdvance: Service Area IV. QN,11932003.0,10017,WBE,Employment Services,Employment Placement Agencies,HRA,1013180033.0,,90.0,"America works of New York, Inc. changes people's lives by lifting them from dependence into the productive world of employment. America Works of New York, Inc. (AWNY) provides low-income, needy individuals with education, occupational and vocational training, work readiness, job placement and job retention services.",100.0
365896,A. Ceriello Corp,445298,Cimino and Son,,,1984-08-01T00:00:00.000,Sold pasta sauce for re-distribution.,,11785.0,11596,WBE,Specialty Food Retailers,All Other Specialty Food Retailers,,,,,"A. Ceriello Corp is an Italian specialty food company that also manufactures pasta sauces, dressings etc. for distribution.",
370048,Adria Consulting LLC,541990,Etsy,,,2020-09-15T00:00:00.000,sold specific books and services,,2000.0,11370,WBE,"Other Professional, Scientific, and Technical Services","All Other Professional, Scientific, and Technical Services",,4010117501.0,,317.0,we provide business with products and consulting services,
388029,A.F. PAREDES & CO. CPAS LLP,541211,NYC ADMINISTRATION FOR CHILDREN SERVICES,"Perform audit of financial statements for the year ended June 30, 2024to include audit of compliance",,2008-12-30T00:00:00.000,Perform audits and agreed upon procedures as assigned by NYC MOCS for its agencies,"Perform audit of financial statements for the year ended June 30, 2024to include audit of compliance",1271375.0,10038,MBE,"Accounting, Tax Preparation, Bookkeeping, and Payroll Services",Offices of Certified Public Accountants,BERGEN BASIN COMMUNITY DEVELOPMENT CORPORATION,1000767502.0,,1502.0,"A full services CPA firm providing auditing, accounting, bookkeeping, consulting and tax services.",100.0
10104,A & T Corp.,541330,Edgar Carpio,Construction support design,,2003-10-16T00:00:00.000,"New Building Design, including architectural, structural, SOE, MEP, demolition, sewer, site safety p","SOE Design, TR1/TR8 inspection, Construction Management",85000.0,11358,MBE,"Architectural, Engineering, and Related Services",Engineering Services,Suffolk Concrete Construction Inc,4055120034.0,,1459.0,"Architecture design, structure design, loan rating, temperate structure design, construction inspection, design inspection, construction support, construction management.",100.0
936,Aimes Medical Equipment Rental and Props,423450,Metropolitan Hospital,Medical Equipment,,1999-06-24T00:00:00.000,Medical Equipment,"Provided Equipment for Props. Universal Network Television LLC#5 Universal City, CA.",33250.0,10701,MBE,Professional and Commercial Equipment and Supplies Merchant Wholesalers,"Medical, Dental, and Hospital Equipment and Supplies Merchant Wholesalers",Episcopal Health Services Inc.,,,,"Buy and sell medical equipment.
Rent medical equipment to health and the movie industry.
Repair Medical Equipment.",
325958,"ARC Document Solutions, LLC.",541490,FDNY,Paper order to several divisions within the FDNY.,,2024-11-22T00:00:00.000,Reproduction services.,FDNY bought paper.,5985270.0,10018,MBE,Specialized Design Services,Other Specialized Design Services,FDNY,1007870072.0,,109.0,"ARC Document Solutions, LLC is a leading provider of document management, printing, and digital solutions for businesses across multiple industries. WIth decades of experience, ARC has evlolved from a traditional reprographics company into a cutting-edge provider of managed print services, digital document solutions, environmental graphics, and large-format printing. By leveraging state-of-the-art technology, ARC helps businesses optimize their document workflows, enhance collaboration, and create visually compelling brand experiences.
ARC operates a vast network of service centers, production facilities, and technology solutions that serve a diverse customer base, including architects, engirneers, contractors, retail brands, corporate offices, and facility managers. The company's expertise in document lifecycle management, from creation and storage to distribution and security, ensures that clients receive customized solutions that streamline their operations and drive efficiency. 

Core Services
1. Print and Document Management Solutions
ARC provides businesses with end-to-end print and document management services, allowing them to reduce costs, improve efficiency, and maintain secure document workflows. Key offerings include:
-Managed Print Services (MPS): ARC optimizes in-office print environments, elping companies lower costs, improve security, and enhance productivity through centralized print management. 
-Digital Document Solutions: Secure cloud-based platforms enable seamless access, retrieval, and sharing of business-critical documents.
-On-Site Print Solutions: ARC deploys dedicated print infrastructure within client facilities to ensure efficient document management without the need for off-site outsourcing.
-Scanning and Archiving: ARC converts paper documents into digital assets, making it easier to store, search, and manage information with improved security and compliance. 

2. Large-Format Printing and Environmental Graphics
ARC's expertise in large-format printing enables businesses to create visually impactful displays, signage, and branding solutions tailored to their needs. We offer: 
-Environmental Graphics: Transforming physical spaces through branded wall murals, floor graphics, and wayfinding signage that enhance customer engagement. 
-Retail and Event Signage: High-quality banners, posters, and promotional displays for in-store branding, trade shows, and corporate events. 
-Custom Digital Displays: Dynamic digital signage solutions that provide real-time content updates for enhanced communication and brand storytelling. 

3. Construction and Building Information Solutions
ARC is a trusted partner for the Architecture, Engineering, and Construction (AEC) industry, offering specialized services that streamline document workdflows, improve collaboration, and increase project efficiency. Solutions include: 
-Project Document Management: Digital plaforms that store, track, and distribute construction drawings, specifications, and other critical documents. 
-BIM (Building Information Modeling) Print Services: HIgh-resolution printing of BIM models, blueprints, and construction plans for precise project execution. 
-Jobsite Services: On-demand printing and document delivery directly to construction sites, ensuring teams have the most up-to-date plans available. 

4. Cloud and Digital Transformation Services
As businesses move toward digital-first strategies, ARC supports clients in digitzing workflows, improving accessibility, and enhancing security through: 
-ARC Facilities: A cloud-based facility management solution that allows organizations to store, track and access building plans and maintenance records from anywhere.
-SkySite: A digital project management platform tailored to the construction industry, offering seamless document collaboration and team communication. 
-AI-Driven Document Search and Retrieval: Advanced tools that enable businesses to quickly locate critical files within their document repositories. 

5. Customized Business Solutions
ARC Tailors its services to meet the specific needs of various industries, ensuring that businesses can operate more effieciently while maintaining compliance and security. The compay provides: 
-Corporate Office Solutions: Document security, print optimization, and workplace branding solutions that improve office productivity and employee engagement. 
-Healthcare Solutions: Secure document digitization and print services that support HIPAA compliance and enhance patient experience. 
-Financial Services and Legal SOlutions: Reliable document mangement services that ensure data confidentiality, regulatory compliance, and efficient workflow management.",100.0
333333,"Allure Mgmt & Dev, Inc.",531311,allure logistics & transportation inc,,,2020-01-02T00:00:00.000,"cleaning of space, supplies, and trailers",,1500.0,11416,"MBE,WBE",Activities Related to Real Estate,Residential Property Managers,,4090380054.0,,32.0,We have a team of dedicated specialists and contractors that handle matters dealing with property management and construction sites. We deal with services like rentals and maintenance of the rentals/properties/and construction sites.,
183361,Applied Safety LLC,561790,Cloud Kitchens,"On a quarterly schedule, we provided kitchen range hood, filter, duct and fan cleaning service, in c",,2007-12-14T00:00:00.000,"On a quarterly schedule, we provided kitchen range hood, filter, duct and fan cleaning service, in c","On a quarterly schedule, we provided kitchen range hood, filter, duct and fan cleaning service, in c",12057.9,11101,MBE,Services to Buildings and Dwellings,Other Services to Buildings and Dwellings,The Manhattan Time Square Hotel,4004530023.0,,1903.0,"Applied Safety, LLC is a licensed contractor approved by the NYC Fire Department (FDNY), with a certification as a commercial cooking exhaust system servicing company (41 P). We provide regularly scheduled range hood, filter, duct, precipitator and fan cleaning service, in compliance with the current state and local fire codes. We also offer emergency repair service on all components of the grease exhaust system to keep our customers cooking. Additionally, we facilitate installation of the kitchen exhaust systems as well as the installation, filing and inspection of the kitchen fire suppression systems and portable fire extinguishers. We are able to take appropriate steps to correct violations related to the kitchen exhaust and fire systems. We have been operating for over 15 years and serve restaurants, community centers, day care centers, schools, hotels, nursing homes and other facilities that offer public food service in the Tri-State area.",100.0
388157,Architectural Building Products Inc.,236220,Leeding Builders Group,Window Wall,,1992-08-04T00:00:00.000,"Windows Wall, Panels, Storefronts",Unitized curtainwall.,8100000.0,10309,WBE,Nonresidential Building Construction,Commercial and Institutional Building Construction,Architectural Window Services,5072060150.0,,22602.0,"Commercial Construction Company Installing window wall, curtain wall, storefronts.",100.0
366486,"ALBOE, LLC",711510,Generator Collective,Provided painting touch up & repair services for a mural design ALBOE created in 2020.,,2019-11-22T00:00:00.000,"Designed and created digital, graphic arts assets, for Generator Collective's political campaigns to",Designed and painted a mural on NYC's 34th Street Bridge overpass/jersey walls for the Lincoln Tunne,5700.0,11101,"MBE,WBE","Independent Artists, Writers, and Performers","Independent Artists, Writers, and Performers",Hudson Yards Hell's Kitchen Alliance,4002140249.0,,17102.0,"ALBOE is an art production and fabrication company. Providing custom,  interior and exterior design solutions for institutions; residential and commercial properties; and public spaces.",100.0
365429,"APC Supplies and Services, LLC",423850,,,,2021-10-27T00:00:00.000,,,,11423,"MBE,WBE","Machinery, Equipment, and Supplies Merchant Wholesalers",Service Establishment Equipment and Supplies Merchant Wholesalers,,4103520079.0,,444.0,"APC Supplies and Services LLC distributes supplies to businesses. Not only do we sell janitorial supplies and equipment, but we offer training on how to use the products we sell. Examples of the items we sell are toilet tissue, hand towels, trash liners, cleaning solutions and personal protective equipment (i.e., masks, gloves, goggles, etc.). APC also sells janitorial equipment such as dust pans, brushes, mops, brooms, trash receptacles and vacuums. Our free training on the use of our products is a benefit our customers love. We also provide education and budget analysis relating to the products the customer purchases.

We offer sustainable choices and alternate solutions for the products our customers need. Another service we offer is budget saving analysis. Over time, we can analyze the ordering patterns and can anticipate usage and low stock. We will always look to see 
where we can save time and/or cost for our customers. As business owners, we are flexible and innovative and can think outside of the box. We understand the uncertainty of the times and are always looking for new or better products that will save money and time. If our client has a need, we will find a solution.

APC Supplies and Service sells janitorial products to the aviation community. Our client base are Janitorial companies, airline tenants, construction subcontractors and vendors, food court vendors and retail stores and kiosks.",
344854,A.M.J Electric Corp,238210,ICC Commonwealth,,,2016-01-05T00:00:00.000,Installed electrical wiring conduits.,,152447.0,11225,MBE,Building Equipment Contractors,Electrical Contractors and Other Wiring Installation Contractors,,3011970006.0,,327.0,"A.M.J is an Electric Corp is an Electrical company. We provide  Residential, Commercial and Industrial Electrical Services including installation, maintenance and renovations.",
342965,Asheena Baez Consulting LLC,611710,Research and Services HS,Leadership Training,,,Leadership Training,Leadership Training,25000.0,11510,"MBE,WBE",Educational Support Services,Educational Support Services,Valley Stream Union Free School District Thirteen,,,,Our company offers a series of training sessions exploring the theories and practices of mindfulness.,100.0
328327,A & E Cleaning Solutions Inc.,561720,Babylon Dental Care,"Clean bathroom toilet, sink, replenish paper toilet and toilet tissues. wipe all surfaces, office de",,2016-01-17T00:00:00.000,"Wipe/clean all surfaces- office desks, counters, and dust off objects. Clean doctors operating rooms","Clean all bathroom toilet, sick, floors, wipe all walls and back splashes, replenish all paper towel",2541.0,11757,"MBE,WBE",Services to Buildings and Dwellings,Janitorial Services,"Gogov, inc",,,,"A & E Cleaning Solutions is a cleaning/janitorial, disinfecting and pressure washing service company.
Our company specializes in standard and heavy duty cleaning, construction site clean up, Covid 19/electrostatic cleaning, steam and pressure washing, move in/move out cleaning, window cleaning and carpet cleaning.",100.0
367180,2Hands2Help Inc,624190,Strive International Inc,,,2021-03-03T00:00:00.000,Provide psychoeducation regarding vicarious trauma and countertransference as the caregivers. Gain s,,750.0,10471,"MBE,WBE",Individual and Family Services,Other Individual and Family Services,,2059530230.0,,323.0,"2Hands2Help Inc is a boutique group therapy practice. Our practice is comprised of licensed therapists from diverse walks of life with one common thread; We are women of color who prioritize working with people of color from all walks of life-across age, groups, and genders. We work together to hold culturally sensitive, safe and LGBTQIA+ affirming spaces for our clients. Our goal as a practice is to support individuals and families by addressing their concerns, celebrating accomplishments as people and encouraging them to reach their highest mental and emotional self.  Our goal is to support individuals in reaching their desired mindset or lifestyle.
Our group has over 20 years of experience as clinicians. We integrate psychotherapy with a holistic approach, respecting a person's individual lived experience and viewing them as a whole person. We prioritize culturally competent, gender and sexuality affirming, trauma informed care.  Our approach is based on evidence based practices, coupled with real world experience and clinical expertise areas. As a business we have incorporated opportunities that align with our individual strengths, our professional skill set and our mission to deliver healing throughout diasporic communities. 

Empower was presented to 2H2H by the Davis’ siblings and it aligned perfectly with our mission. As a result, an afterschool curriculum was curated to provide the social and emotional learning for children and their families post pandemic. Our program seeks to disrupt and provide tools for children and their primary caregivers who have been negatively impacted by the events of the pandemic and reside in communicates that often expose them to single or multiple instances of trauma. The Adverse Childhood Experiences (ACEs) Study, provides data correlation between 10 key major risk factors for children and their families contributing to the worst health and social problems in the United States currently. The program seeks to address the needs of the children while educating and supporting their families as well.",
374026,A Votre Service Events LLC,541990,Gracie Mansion Consservancy,We were responsible for consulting and making recommendations to design SATEC office building with p,,2008-08-08T00:00:00.000,"We served as the event planning and floral design company to help plan, design and produce the fundr",I was in charge of all floral and event design for the fundraising gala.,13000.0,8850,MBE,"Other Professional, Scientific, and Technical Services","All Other Professional, Scientific, and Technical Services",SATEC Inc,,,,"A VOTRE SERVICE EVENTS is an award-winning, full-service event planning, production, and design company with a proven track record of delivering high-impact, high-quality experiences for city agencies, corporations, and nonprofit organizations. We specialize in producing events that are as strategic as they are beautiful—carefully balancing creativity, logistics, and brand alignment to ensure every program meets your goals and exceeds expectations.
Recognized by Harper’s Bazaar as one of the Top Event Planning Companies in the World and named among the Top 50 Event Floral Designers in the U.S., A Votre Service Events stands out for its thoughtful approach, operational precision, and design excellence. Our multidisciplinary capabilities allow us to provide end-to-end solutions tailored to each client’s unique vision and operational requirements.
Our Core Services Include:
• Event Planning & Production: We manage every phase of planning—from permitting and vendor coordination to run-of-show execution and guest experience. We have expertise in a range of events, including public programs, city activations, corporate celebrations, galas, fundraisers, conferences, and brand launches.
• Floral & Event Design: Our in-house floral design studio produces custom arrangements, large-scale installations, and branded floral moments that enhance the visual and emotional impact of events. Our team tailors every detail to support your message and elevate the guest experience.
• Plantscaping & Green Styling: We offer indoor plant design and styling for office spaces, lobbies, hospitality settings, and event environments. Our plant rental services bring natural elements into temporary activations and events, offering sustainable and striking visual design without long-term commitments.
• Creative Workshops: We lead floral design workshops for employee engagement, community education, and team-building. These interactive sessions are ideal for DEI initiatives, wellness programs, and donor engagement events, and can be customized for all audience levels.
Why Clients Choose A Votre Service Events:
• Award-Winning Excellence: Our recognition by top-tier media and industry authorities is a testament to our commitment to quality and innovation.
• Scientific & Strategic Foundation: Founded by a former scientist, our company combines analytical thinking with creative execution. This unique perspective allows us to approach every project with problem-solving clarity, risk management awareness, and operational efficiency.
• Trusted by Diverse Partners: We’ve worked across public, private, and nonprofit sectors, providing culturally sensitive, brand-aligned, and community-conscious design solutions.
• Sustainability & Impact: We prioritize environmentally conscious design practices, incorporating reusable materials, local sourcing, and plant-forward aesthetics wherever possible.
Whether you’re producing a large-scale public event, planning an internal activation, or hosting a donor or community celebration, A Votre Service Events offers the experience, creativity, and professionalism to bring your vision to life—on time, on brand, and on budget.",100.0
339753,"Aligned Pathways, Inc.",611710,Frederick Douglas Academy II,"Provided one-to-one support to students, provided workshops to the high-school community, support hi",,2020-02-24T00:00:00.000,"Provided one-to-one support to students, provided workshops to the high-school community, support hi",,25000.0,10026,"MBE,WBE",Educational Support Services,Educational Support Services,Wadleigh Secondary School for the Secondary and Performing Arts,1017230031.0,,200.0,"Our company provides organizations with college access and support. Through our work with high schools and other public institutions, we offer one-to-one college access support to students of all ages, particularly high school students and their families. We support under-resourced students and families with making college decisions by providing high-level college research, college and financial aid application support.",
396080,Agon Coordination,541340,Corporate Electric,BIM Coordination,,2013-03-08T00:00:00.000,BIM Coordination,BIM coordination/ Shop Drawings,481200.0,8016,MBE,"Architectural, Engineering, and Related Services",Drafting Services,HOK,,,,Drafting and Services. MEP BIM Coordination,100.0
360302,724 SECURITY LLC,561612,COVENANT REALTY,,,2021-09-23T00:00:00.000,SECURE PERIMETER OF THE RENOVATED BUILDING DURING CONSTRUCTION,,5000.0,11413,MBE,Investigation and Security Services,Security Guards and Patrol Services,,4135100024.0,,680.0,"Patrol and watch guard services, supply of security personnel to secure building and facilities.
Loss prevention and events gate guards such as entertainment halls and movie theaters.
Protective guard services. Parking lot security services",
3941,Amcon Contracting Corp.,236220,NYC SCA,Full Program Accessibility,"Carpenters DCC, Pointers Caulkers Cleaners 1, Pointers, Cleaners, & Caulkers Local 1, Roofer Local 8",2000-10-04T00:00:00.000,Exterior masonry/roofs/parapets/flood elimination,"Exterior masonry, parapets, roofs/windows",13888630.0,11378,WBE,Nonresidential Building Construction,Commercial and Institutional Building Construction,NYCSCA,4026920010.0,60000000.0,531.0,"Amcon is a highly professional and competent firm that specializes in masonry/facade restoration/ windows/metal fence installation, terra cotta and stone work, concrete, injection supported and suspended scaffolding. Approved and qualified from manufactures injection Aquafina waterproofing, Kemper Laurenco. Interior renovation and roofing. Excavation and waterproofing.",68.0
340551,"1st Line Protection, Inc.",561612,Great South Bay Brewery,"We Provide Security Guard Services For their Establishment. We maintain occupancy count, crowd contr",,2019-06-17T00:00:00.000,"Provide Security Guard Services to Maintain Occupancy Count, Crowd Control ID Checks enforce rules o","Provide Security Guard Services 
Maintain crowd control, enforce venue Rules, Check IDS",180000.0,11729,WBE,Investigation and Security Services,Security Guards and Patrol Services,Village Idiot Pub,,,,"At 1st Line Protection we believe security should provide piece of mind. Whether you’re an executive, celebrity, event goer, or business, our experienced team allows you to go about living your life, doing your job, or enjoying a good time. Our clients always know that someone is watching their backs and protecting their assets.

Members of our security and analytics team are selected from active and retired police, retired military, top-level security firms and threat analysis positions. Each member is:

Certified
Highly Trained
Vetted
Trustworthy",0.0
328580,Advancing Health Equity LLC,541690,New Hampshire Department of Health and Human Services,Conducted virtual training sessions.,,2019-03-11T00:00:00.000,Created a system of care for healthy aging planning and reporting consultation.,Conducted leadership training sessions.,200000.0,11205,"MBE,WBE","Management, Scientific, and Technical Consulting Services",Other Scientific and Technical Consulting Services,Sutter Bay Medical Foundation,3019050080.0,,193.0,"Advancing Health Equity is a consulting firm that partners with healthcare and related organizations to eradicate racial health inequities through keynote talks, trainings and consulting services. The company performs trainings on racism and unconscious bias in healthcare and also contracts with organizations to perform equity audits on practices and policies, as well as organizational assessments of racial equity culture.",100.0
331446,"4c Only Club, LLC",458110,The Black Hair Experience,,,2018-05-02T00:00:00.000,Sold t-shirts.,,492.0,11238,"MBE,WBE",Clothing and Clothing Accessories Retailers,Clothing and Clothing Accessories Retailers,,3019700010.0,,229.0,"Nappy Head Club (4c Only Club, LLC) is an online fashion brand which sell tops, bottoms and accessories.",
375823,A & B SYSTEMS NS INC.,236220,,,,2016-09-01T00:00:00.000,,,,11758,"MBE,WBE",Nonresidential Building Construction,Commercial and Institutional Building Construction,,,,,General contracting for commercial and residential managment services.,
101533,Alpha Ridge Inc.,541512,Hudson Realty Capital,"AlphaRidge managed the Network, Desktop Support Escalation, AlienVault SIEM, backups, alerting, inci",,2012-08-10T00:00:00.000,"AlphaRidge set up AWS hosting environment, rebuilt and consolidated their environment infrastructure",Create interoperable functionality within EMR software so that outpatient facility can send/Receive,1730938.94,10001,"MBE,WBE",Computer Systems Design and Related Services,Computer Systems Design Services,Apicha Community Health Center,1008300028.0,,76.0,"AlphaRidge is an award-winning global IT Services & Cybersecurity firm that combines innovative technology with robust risk management solutions. By enhancing resource efficiency and strengthening digital defenses, AlphaRidge helps organizations achieve operational excellence in a complex business environment.",100.0
10376,AldoRay & Associates Corp.,423990,DCASDIVISION OF MUNICIPAL SUPPLY SERVICE,Supply and deliver all building materials,,2012-11-01T00:00:00.000,Supply and deliver pumps parts,Supply and deliver MISC. BUILDING SUPPLIES,1536000.0,11213,MBE,Miscellaneous Durable Goods Merchant Wholesalers,Other Miscellaneous Durable Goods Merchant Wholesalers,DEPARTMENT OF SANITATION,3012040018.0,,311.0,"WHOLESALE, RETAIL, INDUSTRIAL SUPPLIERS.
We provide Industrial suppliers of all  scope description, whether imported from abroad/overseas or domestic.",100.0
10641,ARMEDIA,541512,NYC Department of Transportation,Consulting Services,,2002-04-16T00:00:00.000,Alfresco Support,,499000.0,22182,MBE,Computer Systems Design and Related Services,Computer Systems Design Services,NYC Department of Transportation,,,,"Armedia, winner of the Alfresco Federal Partner of the Year for three years, is a veteran owned technology firm, focusing on information and content management solutions. Armedia has industry-acclaimed expertise, services and products in Content Intelligence, Big Data Analytics, Case Management (http://www.arkcase.com), Enterprise Content Management, Open Source, Robotic Process Automation (RPA) and Mobile Technologies. Armedia has experience providing these services on various platforms, including: Alfresco, ArkCase, Drupal, OpenText Documentum, IBM FileNet, Microsoft SharePoint and the Apple iPad. Armedia has also won many industry and business awards, including: Stevie Website of the Year, InfoWorld 100, multiple Inc. 5000, Pacesetter, Atlanta¿s Best Places to Work, Atlanta¿s Best and Brightest. Armedia's mission is to provide world-class solutions to its clients and assist them in achieving tangible returns on their technology investments.

Armedia is a GSA Schedule IT-70 and Schedule 36 holder, and is CMMI Level 3 appraised and ISO 9001 certified small business. Armedia has offices in Atlanta, GA; Vienna, VA and Vero Beach, FL. Please visit us at http://www.armedia.com.",
366065,Acumen GMAT LLC,722515,NYC CPS,Ice cream social for Mt Sinai offices,,2008-10-15T00:00:00.000,Ice cream social for all members of CPS,Ice cream social for tenants of building,19752.0,10025,WBE,Restaurants and Other Eating Places,Snack and Nonalcoholic Beverage Bars,Mt Sinai,1018950055.0,,199.0,"Ice cream shop providing catering and/or delivery of sundae parties, milkshakes/smoothies, frozen lemonades, ice cream cakes, pre-packaged ice cream,",100.0
10467,Always First Inc.,238910,"JNMY, LLC",Demolished a building.,,2007-09-14T00:00:00.000,"Installed a construction fence, pipe scaffolding and sidewalk shed. Removed the roof and demolished",Did demolition and installed a construction fence.,410000.0,11378,MBE,Other Specialty Trade Contractors,Site Preparation Contractors,EMC2 Bushwick LLC,4027560013.0,,599.0,"Always First does interior, exterior and commercial demolition, land clearing, excavation, drilling, shoring and underpinning.",100.0
370951,Amergy Solar Inc.,541990,Staten Island Skating Pavilion,Supply and Install Panels and Inverters,,2013-08-09T00:00:00.000,"Supply and Install Solar Panels, Inverters and Racking Items",Supply and Install Solar Panels Inverters and Racking Items,1345680.0,8852,MBE,"Other Professional, Scientific, and Technical Services","All Other Professional, Scientific, and Technical Services",Our Lady of Mercy,,,,"Amergy is revolutionizing how institutions tap into clean energy, paving the way for a greener tomorrow. Armed with a skilled team, robust resources, and comprehensive expertise, we manage everything from project development and tailored financing to construction oversight and enduring asset ownership. 

We craft tailor-made, visually appealing solar energy solutions that cater to a wide spectrum of residential and commercial requirements, ensuring cost savings for property owners. Our proficiency spans the development, financing, construction, ownership, and operation of solar systems for commercial and industrial uses. Additionally, we are pioneers in large-scale solar endeavors, cutting-edge battery storage solutions, and forward-thinking micro-grid strategies.",100.0
377636,AIQIP Inc,541990,Family Health Initiatives,Healthcare data collection through forms and surveys. Healthcare administrative tasks,,2016-08-08T00:00:00.000,"Developing, maintaining, and optimizing ColdFusion applications
• Integrating ColdFusion application",,125000.0,7070,"MBE,WBE","Other Professional, Scientific, and Technical Services","All Other Professional, Scientific, and Technical Services",Care Cadet,,,,"AIQIP Inc. is a New York-based technology and consulting firm specializing in custom software development, health IT solutions, and data-driven platforms to improve healthcare access, quality, and efficiency. We develop secure, scalable applications using modern frameworks, including ColdFusion, FHIR-based APIs, and cloud-based tools. Our services include custom app development, system integration, data analytics, and IT strategy—tailored to healthcare providers, nonprofits, and public health agencies.

AIQIP is certified as a NYC M/WBE and is committed to delivering innovative, equitable technology solutions that empower communities and drive systemic impact.",
327952,Aleph Leadership Corp.,541611,NextStreet,Did 1-on-1 coaching and provided management training services.,,2020-06-30T00:00:00.000,Did leadership coaching and training. Conducted 1-on-1 coaching sessions. Held workshops that offere,,2850.0,11101,"MBE,WBE","Management, Scientific, and Technical Consulting Services",Administrative Management and General Management Consulting Services,RW Consulting Services LLC,4000170028.0,,101.0,"Aleph Leadership Corp., is a coaching and sustainability company that allows companies to explore their social, environmental, and innovation journey. Aleph helps leaders and their teams navigate uncertainty, maintain team morale during difficult times, and find unexpected opportunities for growth through evidence-based leadership coaching and other tech-enabled products.",
368471,Absalom Inc.,611710,HANAC Corona Beach PS19Q,Arts,,,STEAM Enrichment Program,STEAM Educational Program,19950.0,7666,"MBE,WBE",Educational Support Services,Educational Support Services,PS 225 - Brooklyn,,,,Arts Education,100.0
368892,Amelia Fowler,711510,CSz New York,Working with the professors overseeing a particular course I receive a fact pattern and portray the,,2011-01-01T00:00:00.000,Performed two improvised shows for groups of summer camp children,Improvised call with radio station,225.0,11238,"MBE,WBE","Independent Artists, Writers, and Performers","Independent Artists, Writers, and Performers",New York Law School,3012240009.0,,221.0,"Professional actress and teaching artist concentrating on facilitating effective communication, collaboration and innovation in rendering voice over, acting, team building, professional development and diversity, equity and inclusion services to both schools and businesses.",100.0
10095,"A & B Contractors, LLC",238910,"Maspeth Supply Co., LLC",,,2014-02-01T00:00:00.000,Provided crossing guards.,,300000.0,10011,MBE,Other Specialty Trade Contractors,Site Preparation Contractors,,1008210021.0,,54.0,A&B Contractors provide professional crossing guards who signal traffic and direct pedestrians to safely navigate through construction sites. The company also does construction management.,
309030,58 JKS Corp,722330,Humanities and Arts HS,"Served fried chicken, hot dogs, french fries and corn to 500 people.",,2009-03-27T00:00:00.000,"Served chicken wings, hot dogs and french fries to 550 people.","Served brownies, ice cream and pound cake to 250 people.",6310.0,11701,MBE,Special Food Services,Mobile Food Services,"Mathematics, Science Research & Technology High School",,,,Mr. Smith's Seafood and More II specializes in seafood and soul food cuisine. The company also offers catering services for large and small corporate events.,100.0
6336,Architecture Work Office PLLC,541310,Hotel Allegria,Architectural Design on new residential condominium building.,,2012-10-05T00:00:00.000,"Renovation, Interior Design",Architectural Design on new residential condominium building.,220000.0,10011,MBE,"Architectural, Engineering, and Related Services",Architectural Services,125 3rd ave BK LLC,1007420034.0,,89.0,"Architecture Design, Design Consultation, Feasibility Study, Space Planning, Master-Planning, Interior Design Service.",
2777,Amigo Construction NY Inc.,236115,NYPD,Side walk and curbs,,1996-11-27T00:00:00.000,Remove & install new windows,Sidewalk,566000.0,11596,MBE,Residential Building Construction,New Single-Family Housing Construction (except For-Sale Builders),Global Construction,,,,"Full service construction company. We specialize in all interior & exterior work and masonry, carpentry, drywall, painting, tiles, concrete, cement work, doors, windows, all kind of repair & maintenance work.",100.0
10576,"AOF Installations Services, Inc.",238390,,,"Mason Tenders 79, Painting Industry Insurance and Annuity Fund 1087, NYC District Council of Carpent",1993-08-09T00:00:00.000,,,,10014,WBE,Building Finishing Contractors,Other Building Finishing Contractors,,1006020036.0,1000000000.0,69.0,AOF Installations Services installs furniture and office furnishings.,
5997,A.C.T. Abatement Corporation,562910,DCAS,,"Laborers 78, Insulators 12A",1989-03-01T00:00:00.000,Did demolition and asbestos abatement.,,187000.0,7055,MBE,Remediation and Other Waste Management Services,Remediation Services,,,500000.0,,"A.C.T. Abatement does asbestos abatement, demolition, mold remediation, fire restoration and water damage repair.",
325563,"Amori Sounds Universal, LLC",711510,Marmoset LLC,Audio Production Services,,2018-10-09T00:00:00.000,Custom Record Production,Audio Production Services,3000.0,10451,MBE,"Independent Artists, Writers, and Performers","Independent Artists, Writers, and Performers",Solomon J Barnwell,2023400145.0,,51.0,"Amori Sounds is a sync label and production music company operating out of New York City. We provide a one-stop license to use original broadcast quality music from emerging indie artist and composers for TV, Film, Trailers, Games and Ads.",100.0
10309,"AFI Glass & Architectural Metal, Inc.",238150,EW Howell Co,"Auto sliding doors, railings, canopies, acm wall panels,skylights,storefront",,1992-07-14T00:00:00.000,"Aluminum entrances and storefront, glass,doors, aluminum windows, metal frames, fire stops, joint se","Curtainwall, storefront, alum comp panels, brake metal, glassvent windows, entrance doors.",6150631.0,12601,WBE,"Foundation, Structure, and Building Exterior Contractors",Glass and Glazing Contractors,Skanska USA Building Inc,,25000000.0,,"Glass and glazing contractor and fabricator, curtain wall entrance and storefronts, mirrors, glass railings, brake metal, skylights, meal panels, automatic entrances, louvers, fire rated glazing canopies.",60.0
10056,3C Solutions Inc.,561720,Garden Homes,Dusting cleaning,,2014-05-05T00:00:00.000,Cleaning floors bathrooms,Cleaning,100.0,11557,"MBE,WBE",Services to Buildings and Dwellings,Janitorial Services,Sharp Decision,,,,"Commercial Janitorial, Pavement Markings, Snow Removal, Power Washing and Landscaping, Security Services, Construction Management, Consulting, Products Sales",
333980,"Artiel Systems Integration, LLC",541511,"A.K.DERAMA Industrial Control Systems, Inc.",Supply of SMART TS XL Application Software,,2018-01-08T00:00:00.000,Fabrication of Control Panels for various AKDERAMA's projects.,"Supply and furnish of instruments, VFD control panel, and Exhaust fan control panels including submi",897079.0,8889,"MBE,WBE",Computer Systems Design and Related Services,Custom Computer Programming Services,NYC Dept of Building,,,,"Instrumentation and Control System Integrator with the following services:
Instrumentation and Control 
PLC, HMI, and OIT Programming
SCADA Programming
System Integration
Start-up and Commissioning
Project Management",100.0
100561,A-Squared LLC,541310,"Hudson County, NJ",,,2013-08-30T00:00:00.000,A-Squared is responsible for providing Construction Management Services for All the Public spaces in,,250000.0,7087,"MBE,WBE","Architectural, Engineering, and Related Services",Architectural Services,,,,,"A-Squared, LLC does construction administration, project management, interior design, space planning, retail store, restaurant and office design.",
309994,Allyson Dohan,541430,HR&A Advisors,,,2016-03-01T00:00:00.000,"On-going assistance to deliver strategic firmwide, business development, and client deliverables.",,164600.0,11225,WBE,Specialized Design Services,Graphic Design Services,,3013180001.0,,327.0,"Full-service graphic designer/ creative consultant with over 20 years of experience based in Brooklyn, NY. Services include corporate reports, annual reports, strategic plans, brand identity, presentation decks, brochures, flyers, catalogs, digital and print advertisements, social media assets, and promotional products. 

Clients include government agencies, public-sector, non-profit groups, institutional, and private corporations.",
388083,ALAS TRANSPORT CORP,484220,CF & BROS TRANSPORTATION INC,TRANSPORTATION OF SOIL,,2023-02-08T00:00:00.000,TRANSPORTATION CONSTRUCTION DEBRIS/SOIL,TRANSPORTATION OF DEMOLITION MATERIAL,25361.0,8846,MBE,Specialized Freight Trucking,"Specialized Freight (except Used Goods) Trucking, Local",MANOLOS TRUCKING LLC,,,,ALAS TRANSPORT CORP TRANSPORTS AND DISPOSES OF EXCAVATION AND DEMOLITION DEBRIS,10.0
339473,"Areale Counseling & Wellness, LLC",621330,York College,,,2019-12-04T00:00:00.000,Provided tele-counseling services to graduate and undergraduate students.,,19800.0,10001,MBE,Offices of Other Health Practitioners,Offices of Mental Health Practitioners (except Physicians),,1008360020.0,,76.0,"Areale Counseling & Wellness, LLC is a depth-oriented psychotherapy and wellness private practice. We care about our patients' emotional health and wellness and offer a safe, non-judgmental space for individuals and couples to explore personal issues, recognize problematic patterns and formulate new options and solutions to improve their quality of life.",
371271,A Rose Grows LLC,541612,DDB,Delivery of 60-Minute Micro-Aggression Training for ERG Leads (Global),,2020-11-11T00:00:00.000,Delivered learning programming for North America in a part-time consultative capacity. Served as a s,"Provided career interest assessments, training, and coaching to JHS and HS students in NYC.",160000.0,11236,"MBE,WBE","Management, Scientific, and Technical Consulting Services",Human Resources Consulting Services,VML,3082240062.0,,988.0,"A Rose Grows, LLC, we specialize in delivering high-quality, affordable solutions that drive measurable impact while expanding organizational capacity and performance. We help to create more opportunity for success for corporations, schools, city and state agencies, universities, nonprofit, and community organizations through consulting in strategic HR and workforce management; training and program design and delivery; and coaching and mentorship opportunities. We understand the challenges leaders face in balancing strategic goals with day-to-day demands. Our expertise spans:

Training & Coaching: professional development, manager training, leadership training, coaching, mentorship, inclusion, compliance, productivity, effective team management, and hosting employee and leadership retreats
Organizational Development career architecture, job description development, competency mapping, talent reviews, succession planning, and performance management)
Workforce Solutions career pathways and career exploration, HR support, recruitment—temporary & full-time
Strategic Communications advertising, website maintenance, comms strategy
Community & Stakeholder Engagement public outreach, student programs, school trips, school ceremonies, partnership development

We are deeply committed to strengthening communities through effective engagement, ensuring that stakeholders, employees, students, and/or organizations have the tools and resources needed to thrive.  We would love the opportunity to connect and explore how we can create tailored, results-driven solutions for your team or organization.",100.0
2711,"7 Ocean Group, Inc.",561720,Administration for Childrens Services,"Ongoing General cleaning services for the Salvation Army headquarters located in West Nyack, NY (ong",,2003-05-16T00:00:00.000,Multi year Heavy Duty Cleaning Services contract expired 2024 (2.5 million dollars contract),"Column reconstruction, window cleaning, new window installation on 3 floors (over 80 windows), paint",250000000.0,11370,"MBE,WBE",Services to Buildings and Dwellings,Janitorial Services,Salvation Army,4010410034.0,,30904.0,"7 Ocean Group, Inc. is a multifaceted company. Our services include renovations, remodeling, build outs, conversions, painting, flooring, door moldings, general office cleaning.",100.0
10063,"3X3 Design US, LLC",541490,,,,2013-05-20T00:00:00.000,,,,33458,WBE,Specialized Design Services,Other Specialized Design Services,,,,,"3X3 Design is an innovation and design consultancy. Our services fall under the realm of urban planning, design and community development. We provide: Service Design, Communications Design, Public Outreach, Workshop Facilitation, Place-based strategy, communications and messaging strategy, needs assessments, and other Urban Planning and/or community studies.",
10151,"A-1 State, Inc.",236118,NWBCCC,Airsealing windows and doors replacement loose fill/ blown in insulation,,,"Air sealing, Blown in Cellulose Insulation, Windows and Door",Replaced windows,18000.0,11580,MBE,Residential Building Construction,Residential Remodelers,Hanac Weatherization,,,,"General Contractor providing remodeling, carpentry, tiling, drywall, plastering, painting, kitchens and bathrooms, flooring, insulation and weatherization.",100.0
10340,"AI ENGINEERS, INC., PC",541330,NYCDDC,"Performing NBIS inspection of approximately 850 bridges (4,400 spans). The scope also involves perfo",,1995-08-04T00:00:00.000,"AIE provided resident engineering inspection services on this project, which included the constructi",AIE is providing Resident Engineering as the owner’s representative for Long Island Railroad during,105000000.0,10006,MBE,"Architectural, Engineering, and Related Services",Engineering Services,NYSDOT,1000200004.0,10000000.0,13.0,"AI Engineers, Inc. (AIE), an ENR Top 500 Design Firm, is a full service consulting engineering company specializing in Bridges, Transportation, Construction Services, Site/Civil, Water/Wastewater, Building Systems (Mechanical/Electrical/Plumbing/Fire Protection), Survey & Mapping, Design-Build as well as New Technology. For over 32 years, AIE has been providing these services to several federal, state, municipal and private clients throughout the Northeastern and Mid-Atlantic states.",35.0
102260,April Robbins-Bobyn Consulting Group LLC,711320,NYC Adminstration for Children & Family Service,Provide catering services for various clients working with the Campaign Finance Board,,2018-04-01T00:00:00.000,"Multi-day catered event covering approx. 1,500 employees",Performed catering services for the Campaign Finance Board's clients.,60000.0,11210,"MBE,WBE","Promoters of Performing Arts, Sports, and Similar Events","Promoters of Performing Arts, Sports, and Similar Events without Facilities",New York City Campaign Finance Board,3077430068.0,,776.0,"Provide consulting. live and virtual event planning, event production, project management,concert production, business management, public and media relations, marketing services, political functions, campaign fundraising. staff and executive coaching, workshop facilitation, curriculum development.",100.0
328021,"AMR General Construction, Inc",238140,Nafees Construction Corp,"Rough Carpentry
Tiling
Sheet Rock Walls",,2016-01-15T00:00:00.000,Concrete,"Concrete
Masonry
Steel Fence",252000.0,10304,MBE,"Foundation, Structure, and Building Exterior Contractors",Masonry Contractors,SUNY Purchase,5029120005.0,,4004.0,Engaged in Property Renovations (Construction),100.0
103873,Absolutely Green LLC,325612,,,,2008-12-31T00:00:00.000,,,,8837,WBE,"Soap, Cleaning Compound, and Toilet Preparation Manufacturing",Polish and Other Sanitation Good Manufacturing,,,,,"Absolutely Green sells cleaning products, air fresheners, wood cleaner and fabric refreshers. The products are made with 100% eco-friendly ingredients and 100% pure essential oils.",
4982,"A & A Plumbing Systems, Inc.",238990,Paltas Management LLC,Plumbing - Rehabilitation of Bathrooms and Kitchens,,2006-06-01T00:00:00.000,Plumbing - Domestic and Sanitary Pipe replacement,Plumbing & Heating- Upgrade heating plant and install new gas meter and gas piping to new equipment.,45000.0,11412,MBE,Other Specialty Trade Contractors,All Other Specialty Trade Contractors,61st Street Capital Company LLC,4110320009.0,,526.0,Plumbing and Heating Services ; Sprinkler/Fire Protection Systems,100.0
368307,Approaching One,611430,Mojito Inc,Technical review of a book,,2020-09-16T00:00:00.000,Coaching Marvin,"Research
Strategy Alignment",9000.0,10035,MBE,Business Schools and Computer and Management Training,Professional and Management Development Training,O Reilly Media,1017540117.0,,206.0,"Approaching One helps tech-enabled companies operationalize strategy by giving leaders the latest tools to create a strategy, hire effectively against that strategy, and communicate that strategy to the more excellent organization. 

We also specialize in companies with product managers, so if you are curious about maximizing the product managers you have brought on, we're here to help - our techniques are used at companies like Alphabet(Google), Meta,  and Intuit.",100.0
340973,686 White Plains Food Inc,722513,Adjmal Qadir,,,2019-09-09T00:00:00.000,Delivered chicken and fries.,,60.0,10462,MBE,Restaurants and Other Eating Places,Limited-Service Restaurants,,2040320004.0,,236.0,"686 White Plains Food cooks and distributes American and Halal food. 

NAICS  CLASSIFICATION: 722513",
662,A.S.A.R. International Corp.,562910,Mega Group,Asbestos removal of 50 floors,,1994-06-01T00:00:00.000,Randolph Houses,Asbestos abatement of 7 floors,5000000.0,10314,WBE,Remediation and Other Waste Management Services,Remediation Services,Woolworth 100 LLC,5027050051.0,20000000.0,29102.0,"Removal and disposal of asbestos, lead and hazardous material. Interior demolition mold remediation.",100.0
391856,AhonPoint LLC,541990,"Universal Management Technology Solutions, Inc. (UMS)",,,2023-06-28T00:00:00.000,Provided management consulting services.,,27902.0,18920,WBE,"Other Professional, Scientific, and Technical Services","All Other Professional, Scientific, and Technical Services",,,,,"AhonPoint LLC provides advisory and consulting services to its clients. The company's services include IT, cost optimization, asset and inventory management, requests for proposals and telecommunication.",
10098,A & D ENTRANCES Inc.,332321,Centennial Elevator,Furnish & Install elevator doors and cab,,2007-11-20T00:00:00.000,Installation of Elevator Frames & Doors,Furnish and Install elevator entrances,280950.0,11798,MBE,Architectural and Structural Metals Manufacturing,Metal Window and Door Manufacturing,Nouveau Elevator,,,,"Manufacture and install elevator doors, cabs, frames and related elevator products.",
10372000.00%,Art & Craft Executive Decorator,541410,GOPI MEDICAL,"RENOVATE 3 OFFICES ( DEMOLITION, ELECTRICAL,INSTAL WATER PUPM, DRY WALL, HVAC, PAINTING, CRAPENTRY,",,2003-08-08T00:00:00.000,"DEMOLISH EXISTING BOILER, REPLACE NEW BOILER AS PER NYC DOB CODE, INSTALL NEW HOT WATER TANK, INSTAL","GENERAL CARPENTRY, FINISH CARPENTRY, PAINTING, PLUMBING, ELECTRICAL ALTERATIONS, TILING SHEET ROCK W",130000.0,11727,MBE,Specialized Design Services,Interior Design Services,DR. ALI,,,,"Art & Craft Executive Decorator ( ACED) is New York City based construction company that undertakes renovation and new construction in the Tri State area. We are specialized in interior and exterior structural design, commercial, residential and infrastructure development.  Interior decor: custom upholstery. Finishes, painting, window treatments installation, specialize in state of the art concepts! Intricate design. Creative dry walls and ceiling installation, tiles, granite and limestone, finishes and furnishings, exclusive sculpting, etc. Our moto is ""maximizing the potential of a space and Quality Before Profit"".",75.0
357745,Amariam Engineering,541330,Westchester Metal Works  Inc.,Designed steel staircases and handrails. Signed and Sealed the shop drawings.,,,Designed Structural steel members. Signed and Sealed shop drawings with a PE stamp.,,21000.0,7922,MBE,"Architectural, Engineering, and Related Services",Engineering Services,Westchester Metal Works  Inc.,,,,"Amariam Engineering  has more than 40 years of experience in structural engineering design and construction,  with a focus on the New York City subway system for New York City Transit (NYCT). The company has a  broader experience which  ranges from the structural engineering design of multistory residential buildings, office buildings, and parking structures to large government-owned capital program projects.  Amariam Engineering provides structural designs, feasibility studies, peer reviews, value engineering, computational design and special inspection. 
The company provides Construction Management and Special Inspection services.",
1289,Aaron Valuation Inc.,531320,NYC Law Department,,,2010-10-18T00:00:00.000,"Real estate appraisal for condemnation proceedings of 116-11 Beach Channel Drive, Rockaway Park, NY.",,15000.0,11217,WBE,Activities Related to Real Estate,Offices of Real Estate Appraisers,,3004330028.0,,11901.0,Full service real estate appraisal and consulting services specializing in valuation of real property throughout the Metropolitan New York area.,
10429,Alliance Supply Inc.,423850,City of New York Department of Health,"Supply trash cases, shorts",,2007-09-15T00:00:00.000,Supply privacy screen to allo schools in New York City,Provide jumbo toilet tissue to parks department,97000.0,11219,WBE,"Machinery, Equipment, and Supplies Merchant Wholesalers",Service Establishment Equipment and Supplies Merchant Wholesalers,Hospital for Special Surgery,3054440054.0,,476.0,"We distribute janitorial, medical, office, pet supplies, appliances, Food Service Disposables, Park and gardening equipment, and misc. supplies.",100.0
3439,"ACCU-COST CONSTRUCTION CONSULTANTS, INC.",541310,NYC School Construction Authority,"Provided a cost estimates at Schematic, Design Development and Final Construction Documents stages o",,1993-03-15T00:00:00.000,Provided cost estimates and bid analyses for various schools throughout NYC.  The scope of our estim,"Prepared cost estimates at Schematic, 50%, and Final stages of design for the replacement of the fir",638866.0,10016,WBE,"Architectural, Engineering, and Related Services",Architectural Services,Skidmore Owings Merrill,1008620029.0,,74.0,"Accu-Cost Construction Consultants, Inc. has been in business since March 15, 1993.  A certified WBE, DBE, WOSB, the firm is a construction cost consulting firm providing cost estimates at all stages of design, master plan estimates, feasibility studies, change order estimates/negotiations, value engineering, reconciliation, bid/cost analysis, owner's representation, and review of contractor bid items.  Over our history we have provided our services on all types of projects, new, renovation, as well as additions.  Many of the projects we have worked on have been for federal, state, and city government agencies.  Our New York City work includes projects for NYC School Construction Authority, City University of New York, NYC Department of Design and Construction, NYC Health and Hospitals, NYC Housing Authority, as well as the NYC Economic Development Corporation.",100.0
359995,"AAA Maintenance Solutions, LLC",812990,UPS,,,2021-11-29T00:00:00.000,"Porter Services, Cleaning, Maintenance, Stripping, Waxing, Painting, Pressure Washing",,900000.0,11435,"MBE,WBE",Other Personal Services,All Other Personal Services,,4100730011.0,,198.0,"Porter Services, Cleaning, Maintenance, Stripping, Waxing",
10025,"1st Class Contracting of N.Y., Corp.",236220,TBD,,,1995-07-14T00:00:00.000,TBD,,1000.0,11429,"MBE,WBE",Nonresidential Building Construction,Commercial and Institutional Building Construction,,4110870022.0,,540.0,"1st Class Contracting of NY is a New York based general contractor and our specialty lies in building and remodeling homes and businesses.
With the ultimate vision of becoming one of the leading general contractors in the New York City area, 1st Class Contracting of NY has isolated a specific segment of the market to offer our specialized services of residential and commercial property construction and remodeling. We service the entire New York City region and have invested heavily in acquiring all the necessary accreditation to complement our vast array of expertise to deliver only the best in premium quality services to all our clients.
We are currently licensed to operate in New York (5 Boroughs), Suffolk, Nassau, Westchester and New Jersey, granting us the flexibility to source the highest-grade quality in all the raw materials we use, in addition to a vastly growing footprint that comes with extensive experience in delivering the various types of home and business construction & renovation services.
Our mission at 1st Class Contracting of NY spreads beyond a desire to help our clients build their dream home or business. We take great pride in making the entire process enjoyable, easy and affordable. 1st Class Contracting of NY is a full-service general contractor, boasting a wide range of services that include:
Apartment Renovation
Brownstone Renovation
Interior and Exterior Work
Masonry-Concrete
Windows
Siding
Roofs
Other services offered include (but are not limited to) Log Homes, Custom Woodwork & mill work, Stone, Stoops, Stucco and even Complete Gut & Renovation.",
377204,Alison's Trading Corp,611110,El Paso Independent School District,"Implemented materials to support child development, academic learning, and executive functions for c",,2010-04-15T00:00:00.000,"Supplied the district with instructional materials, supplies, furniture, and other essentials needed",Provided the public schools with classroom supplies and materials.,319000.0,7430,MBE,Elementary and Secondary Schools,Elementary and Secondary Schools,Des Moines Public Schools,,,,"Alison's Montessori and Educational Materials manufactures and distributes Montessori classroom wooden materials, printed curriculum materials, and classroom furniture such as tables, chairs, cubbies, and shelving. Alison's Montessori also supplies furniture for traditional classroom settings.",100.0
104377,AmmaluIT Corp,513210,NYC OTI,"Responsibilities: - Develop and maintain Java applications using Spring, ensuring high performance a",,2014-08-11T00:00:00.000,"SCOPE OF SERVICES Firewalls and Network – Next-Gen Firewall, Routing and Defensive Security, DNS, DD","Key Responsibilities: Application Development: Design, develop, and maintain Java applications using",52920.0,11101,MBE,Software Publishers,Software Publishers,HCL Global / Fidelity,4002810001.0,,19902.0,"AmmaluIT connects technology professionals with small and large scale organizations to accelerate their business goals. For the last few years, AmmaluIT has led the industry in providing innovative workforce solutions. AmmaluIT has been successful in servicing a whole spectrum of domains and providing clients with end-to-end solutions. Our product delivery, project management, core values and best-in-class staffing have reverberated our story across global clients. AmmaluIT has mastered providing professionals in the fields of Information Technology, Clinical Research, Engineering etc. At AmmaluIT, we understand the significance of Clients’ business goals and provide the best pathway to realize their vision by leveraging our expertise.

AmmaluIT services a diversified portfolio of clients. We realized that available standard processes/ methodologies fail to deliver customized solutions. We have concocted a new in-house “AmmaluIT Standard Process” that listens to Client, incorporates and analyzes their vision/ time/budget constraints and lays out a custom life cycle that is most optimal and efficient in realizing a high quality product in-line with their goals.",40.0
10342,AIM Development Group Corp.,531390,FCAB,Program development & management; site feasibility analysis; demographic housing & economic developm,,2003-02-04T00:00:00.000,"Fiscal, governance, staffing and property analysis; property rezoning; policy & program recommendati",Management of program and consulting services to faith-based groups.,500000.0,10469,"MBE,WBE",Activities Related to Real Estate,Other Activities Related to Real Estate,CB&LF,2044540024.0,,326.0,"Strategic Planning, Capacity Building, Housing and Economic Development services, Outreach and Real Estate support services to small businesses, nonprofits and government",100.0
10109,A1 Accessible Transportation LLC,485320,CTG,tranporting elderly and diasble clients throughout NYC.,,2017-07-28T00:00:00.000,dispatching vehices to pick up passenger.,,4740516.0,10019,MBE,Taxi and Limousine Service,Limousine Service,CURB,1012730001.0,,11201.0,"A1 Accessible Transportation is founded, Owned, and operated by two extraordinary gentlemen who are and have been disabled for the latter parts of our lives. Which is why we started A1, which is a Non-Medical Emergency Transportation company. Our very mission was to enter this industry and provide the disabled and elderly community of NYC with quality rides to and from appointments and home in style and comfort,and in a reasonable time. We have been at the mercy of several transportation companies that treat the clients as dollar signs. Who knows better about a personal situation other than a person who has actually live? it. Not only do we have the knowledge of this industry to better improve it and add quality.",
636600.00%,"Alternative Micrographics, Inc.",518210,NYCHA,scanning,,1995-01-01T00:00:00.000,Microfilming,microfilm and storage,505000.0,8731,WBE,"Computing Infrastructure Providers, Data Processing, Web Hosting, and Related Services","Computing Infrastructure Providers, Data Processing, Web Hosting, and Related Services",NYC Police Pension Fund,,,,"Records, Data, and Information Management, Microfilm, Document Scanning, Indexing, Data Entry, Storage, Duplication",
326072,"A&H Security Services, LLC",541990,N.A.I.C.A,A&H Security Services provides both unarmed security guard and fire guard services to HOGAR Inc. at,Service Employees International Union 32BJ,2020-06-29T00:00:00.000,A&H Security provides professional unarmed security services specifically designed for the unique en,A&H Security provides professional unarmed security services specifically designed for the unique en,68605289.0,10455,MBE,"Other Professional, Scientific, and Technical Services","All Other Professional, Scientific, and Technical Services",H.O.G.A.R Inc.,2026230207.0,,73.0,"Founded with a mission to deliver dependable, compliant, and professional security services, A&H Security Services, LLC has become a trusted provider of unarmed, armed, and fire guard security personnel across the New York metropolitan area. We specialize in high-volume, government-contracted security assignments, with a strong focus on regulatory adherence, workforce readiness, and operational integrity.

Headquartered in New York City, A&H Security Services brings over 40 years of combined executive leadership experience in public safety, law enforcement, security operations, and contract management. Our core client base includes New York City government agencies, nonprofit organizations, healthcare institutions, schools, construction sites, and private organizations. We pride ourselves on being mission-aligned, results-driven, and community-focused.

A&H Security deploys NYS-licensed unarmed security officers who meet all state-mandated training and background check requirements. Officers are strategically assigned to contracts based on client need, environment, and sensitivity of site operations. Our unarmed guards are trained in de-escalation, customer service, site-specific protocols, and emergency response procedures.

We maintain a large pool of F-01, F-02, F-80, (as well as FLSD) certified fire guards in compliance with NYC Fire Department regulations. These professionals are routinely deployed to buildings and facilities that require fire watch coverage, including shelters, transitional housing, healthcare facilities, and construction sites.

Our 24/7 dispatch system and mobile operations team allow us to respond to emergent coverage needs with as little as 1-2 hours’ notice. We maintain a dedicated reserve of trained officers ready for rapid deployment in the event of service interruptions, emergencies, or unforeseen client needs.

With dedicated site inspections, incident reporting protocols, and oversight mechanisms, A&H proactively works with clients to identify and mitigate potential risks. Our in-house compliance team ensures that all assignments meet contract, insurance, and regulatory standards, including OSHA, FDNY, and union requirements.

We are uniquely structured to service NYC government agencies through platforms such as PASSPort, HHS Accelerator, and various task order-based contracts. We maintain strict adherence to prevailing wage schedules, union requirements (including 32BJ and SEIU), and MWBE participation goals.",100.0
378100,"All things Ted Enterprises, LLC",611710,NYC Department of Education,,,2023-06-21T00:00:00.000,"Mentor/Coaching services for My Brother’s Keeper program (MBK) 

Target students (see following list",,25.0,11221,MBE,Educational Support Services,Educational Support Services,,3016440025.0,,277.0,"As the owner of All Things Ted Enterprises, I provide professional coaching services to individual clients and organizations. My coaching services are designed to support clients in achieving personal and professional growth through tailored advice, strategies, and encouragement.",
3205,A&A Industrial,237310,Circle Line Cruises,Re-roped the existing flagpole and installed a new flagpole.,,2010-10-19T00:00:00.000,Reroped the flagpole and replaced the hardware.,Reroped the existing flagpole and installed a new flagpole.,1500.0,11428,MBE,"Highway, Street, and Bridge Construction","Highway, Street, and Bridge Construction",NYC Department of Environmental Protection,4110830001.0,,540.0,"A&A Industrial sells and designs signs and flagpoles. The company also installs lighting and utility poles. A&A Industrial offers printing services and prints banners, flyers and menus.",100.0
10100,A & J General Works and Plumbing Corp.,236116,MDG Design & Construction LLC,"Replacement of plumbing fixtures (sinks, faucets, toilets, lavatories), water metering, backflow pre",,,"Replacement of water closets, faucets, bathroom lavatories, kitchen sinks and gas flex connectors.","Replacement of plumbing fixtures (sinks, lavatories, faucets, toilets, etc.), water metering, backfl",330785.0,10037,MBE,Residential Building Construction,New Multifamily Housing Construction (except For-Sale Builders),MDG Design & Construction LLC,1017550041.0,,206.0,"Construction renovations commercial and residential in the areas of electrical, concrete, carpentry, mechanical, roof and fire sprinkler. Provide scheduling and coordination of work",100.0
10375,"ALD, LLC",541490,R2A,Redesign of lighting for existing restrooms,,2006-01-02T00:00:00.000,Lighting design for new casino,Lighting design for various projects,83000.0,19002,WBE,Specialized Design Services,Other Specialized Design Services,CDA&I,,,,"Lighting design, interior and exterior.",100.0
344522,"Artifact Studio, LLC",541430,Jo Malone London,Provided graphic design and web production services.,,2006-01-01T00:00:00.000,Provided graphic design and web production services.,Provided graphic design and web production services.,50000.0,10027,MBE,Specialized Design Services,Graphic Design Services,Clinique Cosmetics,1019477502.0,,257.0,"Artifact Studio is a graphic design company that specializes in creating clean websites, interactive applications, and printed collateral.",100.0
359207,APTEL CONSTRUCTION LLC,236220,New Core Construction,"Kitchen and bathroom gut renovation, sanding floors and painting throughout",,2021-09-15T00:00:00.000,New floors and partition framing,Full gut kitchen renovation and installation of new living room built ins.,150000.0,8520,MBE,Nonresidential Building Construction,Commercial and Institutional Building Construction,Harlan Kellaway,,20000.0,,Aptel Construction provides general construction services. We work on both residential and commercial construction projects.,100.0
147444,Alzerina LLC,458310,Telewise/ The View,,,2008-08-12T00:00:00.000,TV jewelry Sale,,12922.0,11230,"MBE,WBE","Jewelry, Luggage, and Leather Goods Retailers",Jewelry Retailers,,3067610075.0,,542.0,"Alzerina Jewelry is a handmade jewelry based in NYC. 

Every piece we create are made with love to make every woman to feel elegant, powerful and confident to embrace their style.

Some of our products are: Necklaces, Bracelets, Rings, Earrings and much more.",
3.381E+3,"Airosmith, Inc.",541690,AT&T Upstate New York,"Consulting Services: Site Acquisition, Zoning, and Permitting.",,2004-07-21T00:00:00.000,Provided site acquisition services.,"Provided consulting, engineering, and management services.",8000000.0,12866,WBE,"Management, Scientific, and Technical Consulting Services",Other Scientific and Technical Consulting Services,Verizon Wireless Upstate New York,,,,"Airosmith Development, provides wireless and utility infrastructure site development services nationwide to clients seeking to expand, upgrade and/or maintain their networks. We specialize in Site Acquisition Services; Site Identification and Development Consulting, Project Management, Lease Negotiation, Title Searches, Zoning Consulting, and Permitting Assistance; Engineering Services; Technical Field Services; Fiber Network Engineering, Design and Permitting Services; Outside Plant Solutions; and Easements and DOT Permitting. Established in 2004, Airosmith Development is a certified WBE & WOSB by New York State & WBENC.",80.0
345832,ASG Elysian LLC,531390,John A Garcia Architect,,,2013-02-19T00:00:00.000,Provided real estate consulting services.,,440.0,10463,MBE,Activities Related to Real Estate,Other Activities Related to Real Estate,,2057880119.0,,297.0,"ASG Elysian is a real estate development company that identifies and acquires underperforming assets and repositions them. The company focuses on multi-family properties throughout the tri-state area, ASG Elysian also provides services which include: due diligence and market analysis, master planning, zoning analysis, repositioning of distressed assets, project management and interior design.",
10210,"Access to Opportunity Consulting, LLC",541611,,,,2017-08-15T00:00:00.000,,,,11372,"MBE,WBE","Management, Scientific, and Technical Consulting Services",Administrative Management and General Management Consulting Services,,4012630001.0,,287.0,"Are you a high IQ executive who wants to lean into your EQ to become a better leader?  Access to Opportunity Consulting offers executive coaching, career coaching, and leadership development workshops and training to executives in STEM and analytical organizations, individuals in organizations, and STEM students.",
10628,Areas Trans Inc,485310,MTA,Taking customers to and from locations.,,2013-09-13T00:00:00.000,Taking customers to and from locations.,Taking customers to and from locations.,8376332.0,10307,WBE,Taxi and Limousine Service,Taxi and Ridesharing Services,A.C.T.,5080210049.0,,248.0,Executive car service to transport customers and packages throughout the Metropolitan area.,100.0
10026,1Star-Networks LLC,561621,St. Nicks Alliance,Installed conduits and cabling on each floor.,,2010-01-21T00:00:00.000,Installed CCTV cameras and network access points on each floor.,,67576.0,11236,MBE,Investigation and Security Services,Security Systems Services (except Locksmiths),St. Nicks Alliance,3081790092.0,,964.0,"Troy Dwain Binns installs, services and maintains security systems, CCTV systems and alarms.",
368194,AF ELECTRIC CORP.,238990,Impact Learning Center,"Troubleshooted a faulty 3phase 30 Amp Breaker
Replaced 3 phase 30 Amp Breaker 
Electrician reset 3ph",,2020-03-09T00:00:00.000,"Front Door Camera wiring and motion sensor installation
Main Office Camera wiring and installation
S","Installation of 40Amp Stove Line
Installation of Hallway Smart Switch
Installation of Smart Switch f",2250.0,11520,MBE,Other Specialty Trade Contractors,All Other Specialty Trade Contractors,Laney's Laundry,,,,"AF Electric Corp is a small electric company, that specializes in the service, repair and maintenance of residential and commercial properties.",100.0
376696,"365 Spotless NYC, LLC",561720,Lewis Dermatology & Associates,Cleaning a service bathroom for staff members,,2017-12-08T00:00:00.000,Daily Cleaning & Disinfecting of facility,,53000.0,11435,"MBE,WBE",Services to Buildings and Dwellings,Janitorial Services,Ryder Ever Better,4119470262.0,,196.0,"We are a small team of cleaning enthusiasts providing Janitorial Services in New York City and all surrounding areas. Our services include but are not limited to: 
- Government Facilites
- School 
- Commercial & residential cleaning
- Medical Offices Cleaning -
- Green Cleaning
- Antimicrobial Spraying
- Data Center Cleaning
- Crime scenes clean up
- Boat & Yach detailing/Cleaning
- Carpet & Upholstery
- Laundry Service
-Building Maintenance & Trash Removal",
10368,Alan C. David Inc.,722310,D & D Daycare Center,"Prepare meals, deliver & cater sites.",,1997-09-07T00:00:00.000,"Prepare meals, deliver & cater sites.","Prepare meals, deliver & cater sites.",72000.0,11096,MBE,Special Food Services,Food Service Contractors,Sunshine Nursery & Daycare Center,,,1483.0,"Institutional caterer, food preparation and delivery.
Prepare meals, deliver & cater sites.",100.0
308861,"ALR Diversified Supply Chain Management, LLC",335139,,,,2006-04-26T00:00:00.000,,,,14225,WBE,Electric Lighting Equipment Manufacturing,Electric Lamp Bulb and Other Lighting Equipment Manufacturing,,,,,"Some of our services include:

· Administrative sector:  Complete background checks
· Sub-assemblies or Complete Products  
· Cable and Harness Assembly 
· Tube Bending and Termination 
· Potting and Encapsulation
· Custom Assembly and Testing   
· Panel Assembly
· Soldering (Certified – NASA, Military, J-Standard)  
· Cable and Harness Assembly    
· Precision Wire Cutting & Etching, Stripping, and Twisting 
· Crimping (Certified – NASA, Military, Industry Standards) 
· Solenoid and Precision Coil Winding
· Pressurized Pneumatic and Hydraulic Assemblies  
· Turnkey Design, Development and Prototyping
· Design & Build Assembly Tools, Fixtures & Testing Equipment",
363698,Advance Telecom Services Inc,237130,Excel Communications,installed and splice fiber,,,place and splice fiber cables,place and spliced fiber,28650000.0,11518,MBE,Utility System Construction,Power and Communication Line and Related Structures Construction,WIFI SPECIALIST LLC,,,,"My name is Angus. I am a seasoned business professional with over ten years of experience in 
management, telecommunications, and fiber optics

With my passion for innovation and a keen eye for detail I have successfully led and managed 
various projects in the telecommunications and fiber optics industries and made lasting 
relationships which led me to earn a reputation as a reliable business manager and access to more 
job opportunities within the industry.",100.0
2648,American Maintenance 3 Janitorial Services and Supplies Co. Corp.,561720,Carver Federal Savings Bank,Building cleaning,,2004-12-03T00:00:00.000,Daily porter services.,Clinic Cleaning,298095.0,10472,MBE,Services to Buildings and Dwellings,Janitorial Services,City Harvest,2037800035.0,50000.0,64.0,"Residential and Commercial cleaning, office cleaning, strip and Wax, Carpet shampooing, pre and post construction cleaning, trailer cleaning, window up to 6 ft washing internal and external, sidewalk cleaning and snow removal of sidewalks",100.0
329726,"Aiello Leasing Co., Inc.",238290,Stillwell Materials,,,2018-05-14T00:00:00.000,Leased equipment.,,103000.0,11219,WBE,Building Equipment Contractors,Other Building Equipment Contractors,,3057160069.0,,214.0,"Aiello Leasing rents and leases mechanic equipment, tools and utility vehicles.",
10118,"A Partnership, Inc.",541810,California Tobacco Control & Prevention,"Advertising, Event Marketing, Direct Marketing, Digital",,1999-12-07T00:00:00.000,Advertising production media planning,"Marketing, Planning, Advertising Services",2000000.0,10016,MBE,"Advertising, Public Relations, and Related Services",Advertising Agencies,C D C,1008610003.0,,74.0,A full service multicultural advertising agency with a focus on the Asian American Market.,100.0
389285,"Apter & O'Connor Associates, Inc",541618,New York State Commission for the Blind,Apter & O'Connor is conducting an evaluation to assess the program fidelity and measure the impact o,,2009-01-12T00:00:00.000,"Apter & O'Connor conducted 5 studies using both quantitative and qualitative methods, including stat","A&O will serve as the evaluation consultant for the City's First Readers Initiative (CFR), working w",141500.0,13104,WBE,"Management, Scientific, and Technical Consulting Services",Other Management Consulting Services,United Way,,,,"Apter & O’Connor Associates specializes in program evaluation, data management, analysis and visualization, strategic planning, and organizational capacity building. Our firm’s mission is to lend professional expertise and real-world experience to policy makers and practitioners to allow them to measure and improve the implementation and effectiveness of their programs. We serve nonprofit organizations, school districts, local and state governments, universities, and foundations. 

A&O is skilled in providing:
·         Independent evaluation and research
·         Comprehensive needs assessments for organizations and community-wide initiatives
·         Strategic planning
·         Background research and literature reviews
·         Program design and management systems for new initiatives as well as existing programs in need of modifications or enhancements
·         Data collection and analysis
·         Performance management systems and cultures.",100.0
330019,Aberdeen Mechanical LLC,561210,No contracts,,,2020-09-28T00:00:00.000,No current or past contracts,,0.0,11234,MBE,Facilities Support Services,Facilities Support Services,,3077720070.0,,728.0,"Aberdeen Mechanical LLC is a service-disabled veteran owned small business established in September of 2020 providing equipment for sewer and drain cleaning services, various commodities as well as equipment rental, leasing & sales to a wide customer base facilitating operational efficiency.",
4855,Advance Security and Intercoms Inc.,238210,USACE,Installation of new Siedle Video Intercom system.,,2008-02-08T00:00:00.000,"Installation of new siedle video intercom system, peep hole & shades.","Installation of new Hanwah CCTV system with 88 cameras, Brivo Access Control system, 2N Intercom sys",765881.0,10704,MBE,Building Equipment Contractors,Electrical Contractors and Other Wiring Installation Contractors,Veritas Management,,,,"Security Systems, Intercom Systems, Access Control, CCTV Systems.",100.0
369312,4U Transit LLC,485991,MAS,,,2021-12-21T00:00:00.000,Provided transportation services.,,50000.0,11545,WBE,Other Transit and Ground Passenger Transportation,Special Needs Transportation,,,,,"4U Transit is a wheelchair accessible transportation provider that offers NEMT (non-emergency medical transportation) and non NEMT rides. The company is committed to delivering safe, reliable, and high-quality transportation solutions to individuals with mobility challenges, medical tourism clients, and those requiring specialized transport. 4U Transit's services are designed to provide comfort, convenience, and dignity to our passengers while ensuring compliance with ADA standards and industry best practices.",
10496,American Commercial Equipment Repair Corp.,238220,Beth Israel,Servicing HVAC Equipment,,2005-05-30T00:00:00.000,"Repair & Maintain cooking equipment, cleaning, diamond plating, tiling and exhaust hoods.",Servicing and Maintaining Kitchen Equipment Incl. Exhaust Cleaning,343269.0,11206,MBE,Building Equipment Contractors,"Plumbing, Heating, and Air-Conditioning Contractors",Kingsbrook Hospital,3030550006.0,,49302.0,"Repair, install and maintain commercial kitchen equipment (cooking, refrigeration, exhaust) including HVAC equipment. We also repair and install commercial tiling, walls, diamond plate, grease traps and piping.",100.0
10159,AABGM Inc,518210,Magilla Entertainment,#NAME?,,2012-06-13T00:00:00.000,- Migrated on-prem infrastructure to Microsoft Office 365 and Azure.,"Provided Office 365 Licenses and implemented SharePoint, One Drive, and Team Collaboration Tools (wi",100000.0,11361,"MBE,WBE","Computing Infrastructure Providers, Data Processing, Web Hosting, and Related Services","Computing Infrastructure Providers, Data Processing, Web Hosting, and Related Services",Magilla Entertainment,4062450035.0,,1113.0,"AABGM Inc – AABGM is a leading IT solutions provider focused on digital transformation, cybersecurity, data center migration, Virtualization, Risk Assessment, GAP analysis, Vulnerability, and Penetration testing, Endpoint Security, Application Security, Incident response, Business continuity plan, disaster recovery, Microsoft and EC-Council Cybersecurity training and certification, application/web development, project management, Data Analytics, Business Intelligence. CISO/HP/IBM,  server, desktop, laptops storage, SAN, NAS. CISO, Check Point, Pal Alto Solution on Endpoint Protection, Detection & Response, Orchestration & Automation, Case Management, Managed Detection & Response, Network Traffic Analysis, Threat Intel Management, Managed Threat Hunting, Cloud Security Orchestration. Microsoft office 365, Sharepoint, Onedrive, collaboration solution.Mobile devices management, Single sign-on, identity management solution, including Microsoft and OKTA. VMware, Citrix, CRM, ERP IOT, EHR solution.",100.0
10504,Americare Appliance Repair LLC,238220,NYC Fire Department,,,2010-04-28T00:00:00.000,Repaired and maintained commercial stoves.,,200000.0,10037,MBE,Building Equipment Contractors,"Plumbing, Heating, and Air-Conditioning Contractors",,1020100030.0,,230.0,"Americare Appliance repairs, maintains and installs HVACs and commercial and residential appliances.",
330960,A.P. Cohen Consulting,238910,Rome to Brooklyn LLC,#NAME?,,2019-12-20T00:00:00.000,#NAME?,#NAME?,18000.0,11209,"MBE,WBE",Other Specialty Trade Contractors,Site Preparation Contractors,"V Global Holdings, INC",3060927503.0,,152.0,"A.P. Cohen Consulting is a full scale project and business solutions specializing in construction project management of construction sites, OSHA safety, real estate and business development, and structural design. Our unique combination of vision and executional excellence are readily transferable across industries, verticals, and sectors that guarantee to meet your client's deliverables on time and on budget.",100.0
358311,Agape Luxury Corporation,485310,"Medical Answering Services, LLC",Agape Transportation provides Non-Emergency Medical Transportation for their clients to and from the,,2012-04-17T00:00:00.000,We are a non- emergency medical transportation company who provides taxi and limousine services to p,Agape Transportation provides Non-Emergency Medical Transportation for their clients to and from the,40.0,10467,MBE,Taxi and Limousine Service,Taxi and Ridesharing Services,Fidelis Care Transportation Service,2033560175.0,,43102.0,"Agape is a preferred provider with the New York Department of Health partners, NEMT brokers like MAS and Logisticare, whose patients and clients are eligible and request transportation once prior authorization has been received. Medicaid and Medicare, among many other insurers, cover medical transportation on behalf of the recipient. At Agape, we strive to provide responsible, on-time, professional service to all passengers throughout Manhattan, The Bronx, Queens, Brooklyn, Staten Island, Westchester, and Long Island. Wheelchair Accessible Vehicles (WAV) are available",12.0
102315,Altair Enterprises Corp.,238990,CDS Mestel,HVAC upgrades,,2009-08-17T00:00:00.000,HVAC System upgrades,HVAC retrofit,248553.0,11105,MBE,Other Specialty Trade Contractors,All Other Specialty Trade Contractors,Valmar Electric,4008020102.0,,12301.0,HVAC; heating; ventilation; air condition; thermal; air quality; installation; operation; maintenance.,100.0
2328,Approved General Contracting Inc.,238110,MTRA LIRR,"Probe work, cmu, fireproofing, and structural stabilization",,2005-05-19T00:00:00.000,"Emergency hatch replacement at four locations; including demo, lead removal, concrete, hatchways rep","Site work, sidewalks, asphalt, catch basin, piping across the road, manhole, curbs, electrical work",2914019.0,11501,MBE,"Foundation, Structure, and Building Exterior Contractors",Poured Concrete Foundation and Structure Contractors,NYC DDC,,5000000.0,,"Concrete, foundations, footings, slabs, excavation, masonry-restoration, asphalt, exterior and interior general contracting",35.0
378635,Amah Foods,722320,general atlantic,private dinner catering,,2024-01-01T00:00:00.000,weekly catering,,4000.0,11231,"MBE,WBE",Special Food Services,Caterers,george walker,3005520017.0,,5302.0,"AMAH FOODS is a New York based fresh weekly meal delivery and catering service for people on the go who appreciate unique flavors, prioritize whole foods, and seek a blend of well-being and indulgence without compromise. Drawing on the Korean tradition of dosirak—a lovingly prepared lunch box, founder and chef Amy Yi infuses her California roots, global travels, and seasonal ingredients into plant-rich individually portioned boxes that change weekly along with a standing menu of ‘Extras’ that are staples for the fridge or pantry. AMAH FOODS is a New York based LLC. 
   
Our mission is to deliver an elevated food experience that leaves our customers feeling nourished, fulfilled, and joyful. Through our commitment to meticulous culinary preparation, seasonal ingredients, diverse flavors, and minimal waste, we aim to create a positive impact on both our customers and community, fostering a culture of creativity, respect, and pride among our employees while delivering exceptional value to our patrons.",
328379,ArkadaPlus Corp,327420,GRJ Construction Corp.,Restoration and replication of existing plaster ornaments,,2017-04-18T00:00:00.000,Manufactured and installed custom moldings and plaster ornaments,,82639.0,11230,WBE,Lime and Gypsum Product Manufacturing,Gypsum Product Manufacturing,Brooklyn Urban Retail Partners Inc,3054220002.0,,480.0,"Arkada specializes in creating the highest quality interior and exterior ornamentations. We have expert craftsmen in classical, victorian, baroque, greco roman, neo classical, and other period styles that combine well with today’s minimal aesthetic from just a touch of embellishment to the full experience. We use only the finest materials and gesso that are durable and environmentally friendly in our crown moldings, columns, friezes, embellishments, and other plaster moldings.",
10555,Anil K Agrawal LLC,541330,WSP,Preparing engineers for FE Exam,,2010-05-19T00:00:00.000,"Monitoring, remaining life calculation",Training for Fundamentals of Engineering exam,123220.0,7920,MBE,"Architectural, Engineering, and Related Services",Engineering Services,NYCDEP,,,,"Structural and Bridge Engineering Services, including expert consultations.",100.0
10654,Art2Live Interior Architecture and Design,238140,"AECOM USA, Inc",,Ironworker Local 361,2010-12-13T00:00:00.000,Upgraded the gymnasium.,,196800.0,11379,"MBE,WBE","Foundation, Structure, and Building Exterior Contractors",Masonry Contractors,,4029777501.0,,679.0,Art2Live Interior Architecture and Design does interior and exterior restoration of residential and commercial buildings.,
3153,AFL General Construction Inc.,236220,East Williston UFSD,Replaced all exterior windows with Kawneer windows. Removed the carpet and installed new carpet. Ren,,2009-01-12T00:00:00.000,"Renovated the classrooms. Installed new flooring, walls, ceiling, doors and hardware, Did a full gut",,1013000.0,11735,WBE,Nonresidential Building Construction,Commercial and Institutional Building Construction,Jericho Public Library,,8000000.0,,"AFL General Construction is a general contractor which specializes in additions, renovations and restorations of public and private buildings.",
327925,ANGELES Y MAS LLC,624190,Heidi Manotas,,,,7 week 1 on 1 Grief Recovery Assistance - Program Assistance once a week for 7 weeks,,700.0,11235,"MBE,WBE",Individual and Family Services,Other Individual and Family Services,,3087107501.0,,61004.0,"Our mission is to help individuals who are suffering and grieving after a significant personal loss, such as death of a loved one, divorce or loss of a job.  We offer assistance to clients develop strategies to cope with their losses.

We assist the bereaved to understand the complexity of their  emotions and help them to reduce the distress due to current grief.  The primary goal is to assist towards healing a broken heart.

Services are offered 1 on 1 sessions as well as group sessions (virtually or in person).",
328426,A UNITED CITY CONTRACTING INC.,236116,"Royal Charter Properties, Inc.","provide floor tiles in the bathroom, reglazed tub, painting, removal of exhaust vent cover and, and",,1996-08-09T00:00:00.000,Roofing Recovery,,70525.0,10502,"MBE,WBE",Residential Building Construction,New Multifamily Housing Construction (except For-Sale Builders),Royal Charter Properties,,,,Provide general construction services,
10450,"Alpha International Travel, Inc.",561510,Frederick Haynes,Reserved an airline ticket for the client.,,2003-07-06T00:00:00.000,Reserved an airline ticket for the client.,Reserved an airline ticket for the client.,998.2,10019,MBE,Travel Arrangement and Reservation Services,Travel Agencies,Darynne Messer,1010220043.0,,131.0,"Alpha International Travel provides national and international travel services. The company arranges airline tickets, ground transportation and lodging accommodations.",100.0
666,Architectural Sign Group Inc.,339999,Skanska- Moynihan Ph 2,Sign fabrication and installation.,"Metal Polishers  8A, Metal Polishers  28A",2001-03-23T00:00:00.000,(347) 498 4489,Fabrication & Installation of Signage,1903912.71,11003,MBE,Other Miscellaneous Manufacturing,All Other Miscellaneous Manufacturing,3rd Track - Various LIRR Stations,,5000000.0,,"Architectural Sign Group Inc., and its staff have been fabricating, managing and installing custom way finding architectural signage projects in the tri-state area for over 15 years. Our staff is well versed in implementing a signage program from the pre-bid process to the final punch list. Our fabrication, project management and installation capabilities are tailored to the individual needs
and necessities of your specific architectural way finding signage program. We offer services to architects, engineers, developers, contractors and government agencies. Our team is providing for construction, city agencies, hospitals, buildings, institutional way finding, schools, offices, and transportation. Architectural Sign Group Inc. is certified by NYS, NYC, DASNY, PANYNJ, SCA, and
MTA.",90.0
389768,3As Renovation LLC,562910,Tanya,,,2023-12-28T00:00:00.000,"Performed a full interior renovation, focusing on enhancing the apartment’s aesthetics, functionalit",,12000.0,11738,MBE,Remediation and Other Waste Management Services,Remediation Services,,,,,"A’s Renovation is a licensed and insured home improvement company (HI-71042) serving New York City with high-quality renovation and remodeling services. With over 20 years of experience, we specialize in kitchens, bathrooms, basements, carpentry, windows, doors, siding, painting, spackling, framing, and finished carpentry. We are EPA Lead-Safe Certified and in the process of obtaining a Mold Remediation Contractor License, ensuring homes are safe from lead hazards and harmful mold conditions. Our goal is to create beautiful, functional, and healthier living spaces for our clients. Contact 3A’s Renovation today at 516-654-4042",
10138,A C Security Management,561621,NYC DHS,Add/upgrade panic-intrusion security system. Provided and installed additional panic buttons Wired a,,2003-05-16T00:00:00.000,"Replace security DVR's, repair bad wire connections, replace monitors, program system and instructio","Install 16 camera CCTV systems in Elizabeth NJ, rewire 12 camera CCTV systems at Benjamin Moore Plan",50000.0,10303,MBE,Investigation and Security Services,Security Systems Services (except Locksmiths),NYC DOHMH,,,,"Installation of security systems. CCTV systems, intrusion systems and card access systems.",100.0
100796,Access Therapies Inc.,541990,Core Access Therapies,Physical Therapist Staffing Services,,2004-04-23T00:00:00.000,Physical Therapy Staffing Services,Temporary Nursing Staff,500000.0,46278,MBE,"Other Professional, Scientific, and Technical Services","All Other Professional, Scientific, and Technical Services",Rosebud Hospital,,,,"Our Minority owned and certified company was founded in October 2004 with a primary focus on fulfilling staffing needs to various types of facilities and rehab centers. 
We have received a response of satisfaction from our clients all across the nation. Our team of professionals has motivated us as a company to grow faster to better accommodate. Access Therapies consists of more than 200 therapist and Nurses. 
Along with Private Healthcare Facilities (Hospitals, SNFs, Outpatient, Home Care and Correctional Facilities) Access Therapies is also fulfilling staffing needs for State Government and Federal Government Facilities
In order to fulfill staffing requirements all across the nation, Access Therapies primarily focuses on these types of assignments:
• Travel assignments
• Permanent placement
• Temporary to Permanent
At Access Therapies, our management & staffing department is comprised of highly qualified, experienced individuals who must meet stringent guidelines for licensed practice nationwide. Our staffing team primarily focuses on the placement of the disciplines:  
• Physical Therapist
• Occupational Therapist
• Physical Therapist Assistant
• Occupational Therapist Assistant
• Speech  Language Pathologist
• Registered Nurse
• Nurse Practitioner
• Licensed Practical Nurse",100.0
369755,AE CM Services,236210,Calgi Construction,Construction management,,2015-08-06T00:00:00.000,Construction mangement,Construction mangement,163000.0,11105,MBE,Nonresidential Building Construction,Industrial Building Construction,The McCloud Group,4008930030.0,,105.0,"Construction management services, Construction management, Project management, Estimating value engineering, Budget estimates.",25.0
10265,"Adolescent, Inc.",541430,VOA,Motion graphic and content production,,2003-09-29T00:00:00.000,Branding / Creative & Design Direction  / Production / Brand Content / Video /Digital / Social Media,"Sesame Street has been helping kids grow smarter, stronger, and kinder all around the world since 19",300000.0,10005,MBE,Specialized Design Services,Graphic Design Services,Bandujo Advertising,1000267501.0,,7.0,"We are a multi-disciplined design studio based in New York City. Our services include: Creative & design direction, directing, animation (2D & 3D), branding, motion graphics, editing, graphic design and production. Broadcast, digital, DOOH.",100.0
10569,Antarctic Creative LLC,541511,New York Hall of Science,Worked with the museum team to completely redesign their information architecture into a simple and,,2013-01-01T00:00:00.000,Oversaw the complete redesign of the company's website that made NYSCI's exhibits accessible online.,"Developed a full new brand identity, including renaming, messaging architecture and visual identity.",200000.0,10014,MBE,Computer Systems Design and Related Services,Custom Computer Programming Services,Leslie-Lohman Museum of Art,1005927501.0,,71.0,"Antarctic is more than just a digital agency; it's a team of visionary problem-solvers dedicated to making a positive impact on the world. With a razor-sharp focus on designing and building comprehensive, thoughtful websites, Antarctic partners with non-profits, cultural institutions, and cause-focused organizations to create persuasive online experiences that drive meaningful action. Powered by a creative backbone that's second to none, the team at Antarctic also excels at crafting marketing and outreach campaigns that captivate audiences and leave a lasting impression. 


Notable clients include The New York Hall of Science, God’s Love We Deliver, Food Bank for NYC, and Ronald McDonald House Charities.",100.0
357046,Ability & Beyond Fitness LLC,812990,Josephine Narcisse,,,2020-08-07T00:00:00.000,Provided in-home fitness activities,,80.0,11580,"MBE,WBE",Other Personal Services,All Other Personal Services,,,,,"Ability & Beyond Fitness is a forward-thinking LLC consulting business that addresses disparities that adults with developmental disabilities face. As an expert group of committed occupational and physical therapists, our aim is always to provide a safe and reliable service in the realm of health and fitness. In a unique social and inclusive environment, we provide an individualized fitness plan to specifically address physical fitness concerns among adults 25 and older with developmental disabilities.",
2159,A to Z Mail Room and Shipping,423990,Department of Health & Mental Hygiene,had custom bottle boxes made,,1998-04-01T00:00:00.000,Had custom envelopes made and delivered,Had Evidence cones made and custom printed,16300.0,7010,WBE,Miscellaneous Durable Goods Merchant Wholesalers,Other Miscellaneous Durable Goods Merchant Wholesalers,DEP,,,,"A to Z Mail Room and Shipping distributes tape, bubble wrap, bags, bows, ribbons, shopping bags, gift bags, wrapping paper, price markers and custom printed labels. The company specializes in custom printing especially business cards, envelopes and letterheads. A to Z customizes boxes, tissue paper, ribbon, liquor boxes, padded bags and scale labels.",100.0
325042,AAA'S Electrical Contracting Corporation,236220,SCA,Did electrical work.,,2015-04-09T00:00:00.000,Remove existing cameras and install new cameras,Did electrical work.,612000.0,10016,"MBE,WBE",Nonresidential Building Construction,Commercial and Institutional Building Construction,Checkmate Communications,1008600055.0,,74.0,"AAA's Electrical Contracting Corp performs all aspects of low, high voltage electrical work. The company provides electrical needs such as new installation, altering and repairing electrical wiring, lighting, conduit and public address systems.  AAA's Electrical Contracting bids on electrical work and electrical contracts and performs other functions ancillary to an electrical contracting business.",100.0
10506,Ameritech Systems Corp.,541990,VIP Community Services,"Design, procurement and installatoionof Video, Access Control, Intercoms,Fire Alarms, and Intrusion",,2004-09-29T00:00:00.000,"Video, Access Control and Intrusion Detection systems",Fire Alarm System,250000.0,11354,MBE,"Other Professional, Scientific, and Technical Services","All Other Professional, Scientific, and Technical Services",Yellowstone,4043610027.0,,907.0,"Electronic systems integrator of access control, CCTV, fire alarms, biometrics, digital signage, IP intercoms, phone systems - analog & VOIP, data/video storage, SOHO solutions, Remote Control & Automation, Cloud services, cable infractructure, video analytics, central station monitoring.",100.0
324737,"ADIC Engineers, LLC",541330,Fran Chung/Hae J. Chung,"Mechanical (HVAC), electrical, and plumbing system design",,2009-10-30T00:00:00.000,"Mechanical (HVAC), electrical, sprinkler, plumbing and fire alarm system design services",Mechanical (HVAC) system to accommodate pressure spike in the Data Center when fire protection pre-a,15000.0,7675,MBE,"Architectural, Engineering, and Related Services",Engineering Services,ijKim architect,,,,"Our business is a consulting engineering firm focused on primarily HVAC (Mechanical), Plumbing, Sprinkler, and Fire Alarm System design of all types of commercial, residential, government buildings, and construction administrations as well as space/building renovations.  We also perform life cycle cost analysis, energy modelings (E-Quest or Trane Trace 700), code analysis, building department filings and services.",100.0
103126,AMC Dental,621210,NYC Department of Health and Mental Hygiene,,,2013-02-28T00:00:00.000,Conducted site visits at various schools.,,9999.0,11004,WBE,Offices of Dentists,Offices of Dentists,,4084440008.0,,155103.0,AMC Dental does dental consulting.,
303811,Ai-Alt Structural Engineering PLLC,541330,"Gasbarro Structural Engineering, PLLC",Steel (Tekla) modeling and connection engineering.,,2018-09-28T00:00:00.000,Structural sub-consulting for the Fordham University New Building Addition (Phase 1) and Arcade (Pha,Design of Support of Excavations (SOE) for Fordham University New Building Addition (Phase 1) and Ar,175650.0,11747,MBE,"Architectural, Engineering, and Related Services",Engineering Services,Fordham University,,,,"AI-Alt is a NYC based structural engineering and design consultancy firm providing a wide range of services including: structural and construction engineering, facade consulting, flood mitigation, resiliency design and waterfront structure design.",100.0
10201,"AC Power, LLC",221114,Robert T Winzinger Inc.,"Managed development of a 7MW solar facility on a former landfill in Egg Harbor Township, NJ",,2016-11-01T00:00:00.000,"Managed development of 7MW solar facility on a former landfill in Delanco, NJ",Provided consulting services on various proposed solar facilities located in New Jersey,250000.0,10010,WBE,"Electric Power Generation, Transmission and Distribution",Solar Electric Power Generation,Robert T. Winzinger Inc,1008230055.0,,58.0,"AC Power develops solar energy projects providing the full suite of services from site assessment to permitting to design, construction and operation.",100.0
10087,8 Path Solutions LLC,541990,"Del V.I., LLC",Reviewed and provided feedback on the domains. Reviewed the course mapping. Reviewed self evaluation,,2011-06-10T00:00:00.000,Provided statistical analysis.,Reviewed and provided feedback on the domains. Reviewed the course mapping. Reviewed self evaluation,5600.0,10036,"MBE,WBE","Other Professional, Scientific, and Technical Services","All Other Professional, Scientific, and Technical Services",LinkedIn Corporation,1010890001.0,,117.0,"8 Path Solutions LLC offers innovative strategic, technical, and data science solutions through customized business services.",100.0
1341,"Affordable Office Services, Inc.",449110,tirion,"delivery, staging, installation",,2001-09-14T00:00:00.000,"delivery, staging, installation assembly, move relocation",sale of office furniture and cubicles,121000.0,10454,MBE,Furniture and Home Furnishings Retailers,Furniture Retailers,altice,2025910037.0,,1902.0,"We are a professional furniture company with over 20 years excellent history. We can assist you with space planning, wood restoration, reupholstering, painting, storage long/short term, work stations (cubicles) installation and sale. We are equipped with a full professional staff.",100.0
100452,"Academy Marking Products, Inc.",339940,NY State Courts Administration,to purchase various marking devices,,2007-12-24T00:00:00.000,Court Seals; Self inking stamps & daters; Printed Stationary for Judges; Signage,Manufacture self inking date stamps,36692.0,11040,WBE,Other Miscellaneous Manufacturing,Office Supplies (except Paper) Manufacturing,Kings County District Attorney,,,,"Manufacturer of Marking Devices; Rubber stamps, self inking stamps,
date stamps, inspection stamps, professional stamps, embossing seals, signage, printing, business cards, envelopes, advertising specialties",100.0
3199,"Admiral Courier Services, Inc.",492110,Emergency Skill,Delivered food.,,2005-05-01T00:00:00.000,Delivered packages.,,120000.0,10018,MBE,Couriers and Express Delivery Services,Couriers and Express Delivery Services,Sweetgreen,1007880004.0,1500000.0,113.0,Admiral Courier is a same day delivery service.,
10416,"All Renovation Construction, LLC",238350,Bruno Frustaci Contracting Inc.,"Framing, thermal, fire-stopping, acoustical sealants, sheetrock, finished carpentry and cabinetry.",,2007-10-09T00:00:00.000,"Framing, thermal, fire-stopping, acoustical sealants, sheetrock, finished carpentry and cabinetry.","Framing, thermal, fire-stopping, acoustical sealants, sheetrock, finished carpentry and cabinetry.",6400000.0,10030,MBE,Building Finishing Contractors,Finish Carpentry Contractors,Cheever Development Corp.,1020230036.0,1749829.0,228.0,"All Renovations Construction LLC is a General Contractor that provides quality carpentry labor for Commercial, Institutional and Residential projects in New York. With the use of the most up-to-date installation techniques and materials. All Renovations offers the following services: Acoustical Ceilings, Framing, Drywalls, taping, insulation, cabinetry, trim, doors, hardware Accessories, Black Iron & Lath, Light & Heavy Gauge Structural framing, Shaft Wall Assemblies, Fire Stopping.",20.0
362592,All American Window & Gutter Cleaning LLC,561720,Cinelease Studios,Janitorial Services,,2014-03-24T00:00:00.000,Janitorial Services,Janitorial Services,470856.0,7508,MBE,Services to Buildings and Dwellings,Janitorial Services,Safety Facility Services,,,,"All American Window & Gutter Cleaning offers a range of services related to cleaning, maintenance, and improvement of both commercial and residential properties. Here is a description of the operations 
involved in each service:
1. Commercial and Residential Window Cleaning:
 - The company sends trained professionals equipped with appropriate tools and cleaning solutions to 
the client's location.
 - The team assesses the number and size of windows, as well as any specific requirements or 
challenges.
 - They perform thorough cleaning of windows, including the removal of dirt, grime, and streaks.
 - Special attention is given to frames, sills, and screens to ensure a complete and satisfactory cleaning 
job.
 - Safety measures, such as using appropriate ladders and harnesses, are implemented for high-rise 
buildings.
2. Power Washing:
 - The company employs high-pressure water sprayers and cleaning agents to remove dirt, mold, 
mildew, and other contaminants from various surfaces.
 - They assess the areas to be cleaned, such as driveways, sidewalks, parking lots, decks, and building 
exteriors.
 - The team ensures proper use of pressure and cleaning solutions suitable for each surface to avoid 
damage.
 - Power washing is performed systematically, covering the entire area to achieve a thorough and 
consistent result.
3. Gutter Cleaning:
 - Trained professionals inspect the gutters for debris, leaves, twigs, and other blockages.
 - They use specialized tools to remove the debris and ensure proper drainage.
 - The team may also perform repairs or recommend maintenance if any issues are discovered during 
the cleaning process.
4. Painting:
 - The company offers painting services for both interior and exterior surfaces.
 - They consult with clients to understand their color preferences and provide guidance on suitable 
paint types and finishes.
 - The team prepares the surfaces by cleaning, sanding, and applying primer, if necessary.
 - They use professional techniques to apply coats of paint evenly, ensuring a smooth and durable finish.
 - The company may also provide additional services, such as wallpaper removal or minor repairs, as 
part of the painting process.
5. Junk Removal:
 - The company assists clients in decluttering and removing unwanted items from their properties.
 - They provide a team of trained professionals and appropriate vehicles for efficient removal.
 - The team carefully collects, sorts, and disposes of the junk, recycling or donating items whenever 
possible.
 - The company ensures responsible disposal, adhering to local waste management regulations.
6. Janitorial Services:
 - The company offers regular or one-time cleaning services for commercial properties, such as offices, 
retail spaces, and other facilities.
 - Trained janitors are assigned to perform tasks such as sweeping, mopping, dusting, vacuuming, and 
sanitizing surfaces.
 - They may also handle restocking supplies, emptying trash bins, and maintaining the cleanliness of 
common areas.
 - The company can customize their janitorial services to meet specific client requirements and 
schedules",0.0
10267,ADR Home Energy Solutions LLC,238310,SAMMUEL BISSOONDIAL,"INSULATE SIDE WALLS, WEATHER STRIP DOORS, INSTALL SMOKE, CARBON, DETECTORS. INSTALL BULBS SEAL BASEM",,2015-01-08T00:00:00.000,"INSULATE ATTIC, SIDEWALLS, WEATHER STRIP FRONT, BACK DOOR, SEAL FIREPIPE GOINGTO CHIMNEY, AIR SEALRO","INSUKATE ATTIC AND SIDEWALLS, SEAL ATTIC BYPASS, INSTALL SMOKE CARBON DETECTORS. INSTALL THERMOSTAT.",,11412,"MBE,WBE",Building Finishing Contractors,Drywall and Insulation Contractors,SOLANGE JEAN,4109780037.0,,518.0,"Weatherize residential homes to help save on their utility bills. Insulate attics, side walls, weather step entrance doors. Seal basement bypasses and attic bypass to stop air leakage. Products, cellulose insulation, foam boards, compound.",100.0
7347,718 Consulting Inc.,221114,Sunrun Direct,Sign up homeowners for rooftop solar systems,,2005-03-02T00:00:00.000,Conduct solar consultations with homeowners,Market rooftop solar to homeowners,260000.0,11412,MBE,"Electric Power Generation, Transmission and Distribution",Solar Electric Power Generation,Luminance Home Solutions LLC,4110780027.0,,532.0,Insurance; Property and Casualty; Business insurance; General Liability. Rooftop Solar,65.0
1646,Annadelle Spotless Cleaning and Painting  Inc.,238320,Away Travel,Office space cleaning,,2008-10-31T00:00:00.000,Day and Night Porter,Janitorial services,129000.0,11236,MBE,Building Finishing Contractors,Painting and Wall Covering Contractors,Malk Patners,3079640017.0,,958.0,"Annadelle Spotless Cleaning and Painting provides our clients with the highest level of service in the contract cleaning and painting industry. Our experience, knowledge and improved work system keep our schedule on budget, and mindful of protecting both indoor and outdoor environment.",100.0
366045,"Artisan Alliance, LLC",541990,Rokt Corp,Did interior design and furniture procurement. Provided project management services.,,2021-01-06T00:00:00.000,"Provided interior design, project management and furniture procurement services for the renovation o",,253983.0,10001,WBE,"Other Professional, Scientific, and Technical Services","All Other Professional, Scientific, and Technical Services",Day One Agency,1008360035.0,,76.0,"Artisan provides commercial brokerage, design, project management and furniture services in the commercial real estate industry.",
394939,"Alampalli Engineering, PLLC",541330,"Sofia Engineering, PLLC",Served as technical advisor.,,2024-08-06T00:00:00.000,Did a peer review of documents.,,500.0,12211,MBE,"Architectural, Engineering, and Related Services",Engineering Services,InnovBot LLC,,,,"Alampalli Engineering, PLLC, provides cost-effective engineering services. The company also does asset management, structural monitoring and nondestructive evaluation, bridge monitoring, policy studies (e.g., Inspection Policies and Manuals), independent peer review, research and technologies implementation, risk management, data analytics, project implementation and management, and technology transfer and training.",
5416,"Abby Suckle Architect, P.C.",541310,New York Presbyterian Hospital,Replace the signage for the Cornell Campus on the Ground and First Floor,,2004-04-06T00:00:00.000,"Replaced temporary signs with
permanent sign holders throughout the entire hospital system the signa","Kitchen renovation in order to accommodate room service dining. Robot food delivery
system installed",318000.0,11101,WBE,"Architectural, Engineering, and Related Services",Architectural Services,New York Presbyterian Hospital – Weill Cornell,4003660001.0,,3302.0,"Full service Architectural & Interior Design Firm with a specialty in hospital design. Our services also include space planning, renovations of historic buildings, exhibition design, graphic design and project management.",100.0
10578,APC Specialist LLC,238320,Seawolf Construction Corp.,Painting inside salon.,DC 9 20,2015-07-07T00:00:00.000,"Paint steel above pool, paint walls, epoxy floor paint.",Painting Office,65360.0,11101,"MBE,WBE",Building Finishing Contractors,Painting and Wall Covering Contractors,Pamper Me,4002810001.0,,19902.0,"Commercial & Industrial Painting, Epoxy Coating, Lead Abatement, Fireproofing, Intumescent, Waterproofing.",
329111,Anchor Inn Northern Inc.,721110,Hotel Engine,Successfully accommodated about 500 hotel room nights to the family who need immediate help for hous,,,Successfully accommodate about 1500 hotel room nights for the health professionals. They stayed at t,,237864.0,11361,MBE,Traveler Accommodation,Hotels (except Casino Hotels) and Motels,American Red Cross,4073350001.0,,1471.0,"The Anchor Inn offers accommodations for both the business and leisure traveler. Simply put, the Anchor Inn provides convenience to Manhattan as well as Long Island at affordable rates with downtown amenities. Whether you are traveling for a relaxing weekend, a corporate event, or a meeting downtown, no one showcases more unique accommodations.",
100681,"4 Winds Global, Inc.",561520,Camp Chipinaw,"Arranged buses, tours and meals for a tour of Boston including college campus visits",,,We arranged charter coaches for a trip to Dorney park. We also provided support during the trip,"Arranged broadway show tickets, charter bus and meals for trip for students",25850.0,11791,"MBE,WBE",Travel Arrangement and Reservation Services,Tour Operators,Francis Lewis HS,,,,"Four Winds is a full-service educational, student and group tour arrangement operator headquartered in Syosset, New York. It services student travel needs for public school systems, youth organizations, and non-profits throughout the country. Four Winds was founded in 1994 by Veena Vohra. The Company has a well-established relationship with DOE. It began as a vendor to DOE sometime in or around 1996, and has continuously been a vendor to New York City public schools since that time. At its peak, before the coronavirus pandemic, Four Winds employed approximately 15 employees.",100.0
115158,Adrian Tropical Restaurant Corp.,722511,Perrigo Co. Inc,,,2018-02-09T00:00:00.000,full lunch for the employees,,3000.0,10457,MBE,Restaurants and Other Eating Places,Full-Service Restaurants,,2030800089.0,,373.0,"Los Amigos Restaurant brings home-made Latin American flavors to your table. Since 2018, Adrian Tropical Restaurant Corp. D/B/A Los Amigos Restaurant has an established location in the Bronx, offering varied dishes such as moro (rice with beans), stews, tapas/finger food, roast pork, pizzas, pastas, sandwiches & wraps, breakfast menus, and chips & snacks, served with the drink of your choice.

You can receive any of our offerings in our menu at home or office. We deliver within the five neighborhoods of New York City and surrounding areas like Westchester, Nassau and Suffolk counties. For special or corporate events, we can help you select the best menu option and have a tasting before assisting you with catering services and food-related supplies for the occasion.

Contact us via our website https://losamigosny.com/ or by phone at 718-220-3551 for any inquiries.",
357300,A&J Crane Service Inc.,238290,Guth DeConzo Construction Mgmt,"Storage, trucking, rigging equipment and steel work",,1995-02-24T00:00:00.000,"Storage, trucking, rigging equipment and steel work","Storage, trucking, rigging equipment",745000.0,11741,MBE,Building Equipment Contractors,Other Building Equipment Contractors,"CIS/HVAC, Inc.",,,,"A & J Crane Services provides crane rental, 24-hour emergency service, rigging heavy equipment, heavy transport, storage of construction equipment, materials, and heavy machinery. We also specialize in HVAC removal & recycling of all phases of refrigeration equipment, including indoor and outdoor machines and equipment. We provide trucking and forklift services for our customers as well.",100.0
370899,ALC Musika LLC,611610,Yana Raber,,,2023-03-13T00:00:00.000,Professionals music education services.,,200.0,12207,MBE,Other Schools and Instruction,Fine Arts Schools,,,,,"We're a first-class music program and pioneers of a revolutionary musical curriculum. Our Transformative Focuses are some of the most powerful educational experiences your child will ever know. We create students who are masters of the highest levels of value, communication, creation, and imagination.
We can agree that learning an instrument is a big challenge, but challenges bring out the best in people! Success, wisdom, wealth...these are unlimited spiritual outcomes, our students will not be using hard work, a limited resource, as the primary vehicle to achieving these outcomes.

We stand alone in focusing on music as a catalyst for transformation. In addition to teaching over a dozen instruments, our value chain offers personal development through over dozen transformative focuses. Our curriculum will not only enhance your musical abilities, it will give you a rock-solid foundation on your journey through life. Our aim is to cultivate dreamers who envision with eyes wide open, not closed.

We've already invested in your future, take your guaranteed front row seat to greatness!",
361415,AFCON CONSTRUCTION INC,236118,NYCHA,BLDG#2-2160 Seward Scope of work Installing Exhaust Fan Vendor.,,2004-08-06T00:00:00.000,Install metal cage around exterior light fixture and repair.,SOUNDVIEW-THROW OUT GARBAGE & BROKEN Material FROM BOILER ROOM THEN CLEAN,6645.0,11580,MBE,Residential Building Construction,Residential Remodelers,NYCHA,,,,General Construction,100.0
6949,ABDF Auto Service Corp.,811114,Enterprise Car Rental,"Auto Repair - Brakes, Tires, Suspension, NYS Inspection, Alignment, Electrical, A/C, Tune Up, etc.",,2007-02-06T00:00:00.000,"Auto Repair - Brakes, Tires, Suspension, NYS Inspection, Alignment, Electrical, A/C, Tune Up, etc.","Auto Repair - Brakes, Tires, Suspension, NYS Inspection, Alignment, Electrical, A/C, Tune Up, etc.",1000000.0,11358,WBE,Automotive Repair and Maintenance,Specialized Automotive Repair,DEP,4053950022.0,,1185.0,"ABDF Auto Service Corp specializes in foreign, hybrid and domestic auto service as well as the mechanical, electrical, maintenance and repair of vehicles.",100.0
10651,"Arrowpoint Tax Services, Inc.",541211,Karma Solutions LLC,Bookkeeping and tax returns.,,2004-01-12T00:00:00.000,Bookkeeping and tax return preparation,Business tax return preparation.,1600.0,10462,MBE,"Accounting, Tax Preparation, Bookkeeping, and Payroll Services",Offices of Certified Public Accountants,Sanz Construction,,,238.0,"Arrowpoint is a full service accounting company that specializes in working with small businesses. Our services include bookkeeping, financial statement preparation, payroll processing, sales tax filing, accounts payable and accounts receivable, audits, business incorporation, business planning.",100.0
10064,4 Angels Day Care Inc.,624410,NYC Department of Education,3K/Pre-K SDY,,2004-08-06T00:00:00.000,3K/ Pre-K SDY,,375144.0,10303,"MBE,WBE",Child Care Services,Child Care Services,NYC Department of Education,5011760042.0,,239.0,We are a licensed child day care educational facility which cares for children between the ages of 6 wks to 12 years old in various locations.,
333117,Artemis JV LLC,541618,Fixer Advisory,Brand Strategy and introductions,,,Complete Values Audit for public company,Philanthropy Roadmap,120000.0,11225,WBE,"Management, Scientific, and Technical Consulting Services",Other Management Consulting Services,Ruchi New York,,,924.0,"Boutique strategic communications and marketing agency focused on distilling, articulating and activating values on behalf of brands across a
variety of sectors.",100.0
101137,Accutax Business Center Inc.,541211,,,,2013-12-16T00:00:00.000,,,,10701,"MBE,WBE","Accounting, Tax Preparation, Bookkeeping, and Payroll Services",Offices of Certified Public Accountants,,,,,"Accutax Business Center does accounting, bookkeeping and tax preparation.",
1523,5D Architecture and Engineering PLLC,541310,ARUP LLC,"Aerial Drone Mapping and Surveying for Aqueduct Bus Terminal Expansion.
Preconstruction Drone Precon",,2009-04-07T00:00:00.000,Construction Administration Services to Support the Structural and Facade Engineering Division. Re-d,Structural Inspections.,185000.0,11413,MBE,"Architectural, Engineering, and Related Services",Architectural Services,"Delta Airlines, Inc",4130230042.0,,330.0,"Full service engineering architectural including a special inspection, Lidar/drone inspections, and survey agency for large scale and plan unit development projects. Also provide compression, tension, and lateral load testing, pile installations, structural, geotechnical, environmental (Phase 1, 2, and 3) testing, and Mechanical, electrical, plumbing, fire sprinkler, and fire alarm design. Also we have site safety supervisors, and superintendents, and are general contractors.",100.0
10494,"American Builders & Contracting, Inc.",238140,Michael Partridge Realty Corp,"Sidewalk shed, parapet replace, front north & west elevation & balcony repairs, back south elevation",,2006-11-21T00:00:00.000,"Sidewalk shed installed, replaced window lentals, metal flashing, brick joint pointing, waterproofin","Permit Equipment: Department of transportation permit fee.
Boom lift: Boom lift rent and delivery ch",87450.0,11214,MBE,"Foundation, Structure, and Building Exterior Contractors",Masonry Contractors,110-20 71st Road Apts Inc.,,,,"Provide general and sub-constracting services to commercial and private clients, including interior and exterior masonry, concrete, roofing, brick, drywall, window and door installation.",100.0
10444,ALON Marketing Group,541613,NYC & Company,We were hired to increase business through Stewart International Airport. We are setting up sales ma,,2008-12-23T00:00:00.000,Education/Training/Presentations,We were hired to manage b2b tourism sales development with the travel trade which includes attending,10500.0,11735,WBE,"Management, Scientific, and Technical Consulting Services",Marketing Consulting Services,Port Authority of NY/NJ,,,,"Alon Tourism Solutions is a tourism sales and marketing consultant. We provide strategic tourism marketing, business to business (B2B) tourism development services, pay-to-play tourism sales and marketing programs, and tourism training programs for destinations and tourism supplier businesses.",80.0
377908,"Ariventures Consulting, LLC",541990,Latisa,,,2023-02-02T00:00:00.000,"Travel planning 
Customized decor 
Customized itinerary",,1000.0,11102,"MBE,WBE","Other Professional, Scientific, and Technical Services","All Other Professional, Scientific, and Technical Services",,4005040121.0,,81.0,"Ariventures Consulting LLC is a premier travel advisory firm dedicated to making your global ambitions a reality. With expertise honed through living in the US, France, and the UK, and traveling to over 40 countries, we specialize in comprehensive services for students, travelers, and relocators. Our offerings include:

Student Services: From program selection and application preparation to visa support, pre-departure orientation, and accommodation arrangement, we ensure a seamless educational journey abroad.
Travel Planning: We provide expert destination research, customized itinerary building, flight and accommodation sourcing, ground transportation recommendations, and cultural tips for a personalized travel experience.
Relocation Services: Our support includes legal and cultural orientation, language training, housing assistance, immigration support, and emergency planning to facilitate a smooth transition to a new country.
At Ariventures Consulting LLC, our mission is to empower individuals to embrace diverse cultures, broaden horizons, and create unforgettable experiences with personalized, expert guidance.",
325919,"Altum Capital Management, LLC",523999,Altum Credit Master Fund,,,2012-02-24T00:00:00.000,Provided investment management services.,,400000.0,10022,WBE,Other Financial Investment Activities,Miscellaneous Financial Investment Activities,,1012890072.0,,102.0,"Altum Capital is an investment management company which is focused on fundamental value-driven, multi-strategy credit.",
4400,"Andes Consulting Engineering & Surveying, PLLC",541330,NYC Department of Environmental Protection,,,2013-04-12T00:00:00.000,"Conducted a topographic survey, did volume calculations, tree inventory and wetland assessment.",,71000.0,7110,MBE,"Architectural, Engineering, and Related Services",Engineering Services,,,,,"Andes Consulting Engineering & Surveying provides civil engineering services such as grading, storm water management, hydrology studies, hydraulic analysis, sewer design, sustainable site modeling, highway design, MPT plans, as-built records and utilities research.",
340961,5 Star Wireless Solutions Inc.,517810,Gem Fire & Security,"P5 FL testing activity identified a total of
(13) installed Cable Sections. All cables are assembled",,2020-09-14T00:00:00.000,Furnished & Delivered 2 way radio Repeater for ARCS System,,16000.0,11205,WBE,All Other Telecommunications,All Other Telecommunications,Bel-Air Electric,3019007505.0,,1237.0,"A provider of technology parts & smarts - sales, engineering & consulting on:
First Responder Radio Communication Systems, Public Safety Systems for smart buildings. We work directly with manufacturers, and our in-house team will design, engineer, test & commission retro-fit projects and new developments. Servicing NYC & nationwide.

Construction Management for: Low voltage, PA Systems, Security, Surveillance, Fire Alarm, ARCS, ERRCS.
Exterior Lighting, Fencing, Security Hardening Doors, Windows & Glass Projects.",
10414,"All Pro Roofing & Siding, Inc",238160,Point West Condominiums,"EPDM roofing system, installed 6500 sg ft of GAF slateline asphalt shingles.",,1996-08-23T00:00:00.000,"Stripped down 30 units (roofs) in development: roof shingles, skylights, plywood, gutters and leader",Snow removal.,130000.0,7733,MBE,"Foundation, Structure, and Building Exterior Contractors",Roofing Contractors,Volar Construction,,,,"Roofing, siding, hardy board, windows, doors, soffits, gutters & leaders.",100.0
329424,Aero Electric Corp,238990,A-Plus Remodeling Corp.,"To relocate the 200A service main breaker, meter and feeder due to the electrical code violation.",,2003-02-04T00:00:00.000,"To Furnish and install panel, switches, outlets and  power for fixtures in the apartment, as per the","To furnish and install all switches and outlets. 
To provide power for fixtures and dimmers.
To inst",40000.0,10002,MBE,Other Specialty Trade Contractors,All Other Specialty Trade Contractors,88 Realty Inc.,1003060009.0,,16.0,"Aero Electric Corporation is a fully licensed, electrical contracting company. The company was established in 2003 in the State of New York.

The company entails Master Electricians, working in the Five Borough area.

We provide a diverse range of commercial, residential, and industrial electrical services. We also offer emergency services for all of our clients. Our goal is to deliver exceptional solutions to our clients, in a safe and timely manner.",100.0
10042,"2bFocused, Inc.",561499,US Army,Provide event planning and coordination for up to 200 guests for 6 Roundtable events.,,2016-07-07T00:00:00.000,"Provide 29 General Clerks, 1 Onsite Supervisor, Translation and Interpreter Services to BAMC to serv",Travel Clerk Support Services,4760372.0,11413,"MBE,WBE",Business Support Services,All Other Business Support Services,DHRA/DSPO,4127130024.0,,352.0,"Our mission is to create tailored client solutions which focus on emerging technologies to improve employee retention, increase productivity, and activate thoughtful community initiatives.

2bFocused has over 25 years of experience providing business support services with specific focus on professional development training, staff augmentation, workforce planning, administrative support, such as secretaries, word processors, proofreaders, transcriptionists, IT professionals, call center support and janitorial services. 

Our clients include, US Army, US Navy, USDA, US DOJ, NYS DOT, NYS OGS, NYC DDC, NYC DOE, NYC OEM, NYC Council, NYC DCA, and NYS OMH.",100.0
10074,5 Line Designs LLC,541613,Fox/WOW,"Web design, project management, consultation and strategy.",,2011-03-22T00:00:00.000,"Design mocks, wire frames, prototypes, project management and consultations.","Design website, project management and consultation.",25000.0,10462,MBE,"Management, Scientific, and Technical Consulting Services",Marketing Consulting Services,White & Case - Law Office,2043190030.0,,22403.0,"Web Design Company that focuses on creating websites, mobile applications, video assets, digital and print marketing collateral. The company also provides IT solutions for businesses.",100.0
365539,Acosta Consulting Services,541611,Lotus Health and Wellness Center,"Public health assistance re: COVID. Assisting
student & family needs re: remote learning.",,2020-07-01T00:00:00.000,"Increase utilization & standardization of EMR.
Implemented a workflow & metric collection
report.",,10950.0,10552,"MBE,WBE","Management, Scientific, and Technical Consulting Services",Administrative Management and General Management Consulting Services,New Vision Charter School,,,,"Acosta Consulting Services is a business analytical company that can help guide business’s in improving processes, services,
and integration of systems. We can assist in helping your business bridge existing gaps and improve efficiency. We accomplish this by using data analytics to assess processes, determine, requirements and deliver data-driven recommendations, also offering expert advice about best practices.",
37996000.00%,26 Elizabeth LLC,456199,customer 3,sold 1 bottle of CBD tincture & 1 package of gummies.,,2022-04-28T00:00:00.000,Sold 2 bottles of Peppermint CBD tinctures.,sold 2 bottles of Full Spectrum tinctures.,280.25,10022,"MBE,WBE",Health and Personal Care Retailers,All Other Health and Personal Care Retailers,customer 1,1013710038.0,,10601.0,"Barefoot Sunday is holistic health & wellness brand that provides high-quality, safe, and natural CBD products to help people manage pain, inflammation, anxiety, and sleep issues without the need for pharmaceutical drugs. Our mission is to deliver the highest quality CBD on the market in a way that supports our customers and the planet. Our ethically sourced, organically grown ingredients and small-batch manufacturing ensure freshness and purity, verified by rigorous third-party lab testing and certificates of analysis. We’re committed to educating our health-conscious community about holistic wellness for the body and mind, offering solutions that promote healing by addressing the root causes of an imbalance, not just the symptoms.",100.0
3.42148E+5,"Adamah Gallery, Inc",722310,Soul Fusion,,,2019-10-27T00:00:00.000,maintain frozen until delivered at a later  time,,300.0,11580,MBE,Special Food Services,Food Service Contractors,,,,,We resale freshly frozen seafood with a focus on wild caught products,
327762,Accounting Solutions For Non Profit Organizations Inc,541219,The American Dream Charter School,Provide financial services,,2017-10-31T00:00:00.000,Outsources Bookkeeping & Controller Services,Provide financial services,200000.0,10018,MBE,"Accounting, Tax Preparation, Bookkeeping, and Payroll Services",Other Accounting Services,Pajama Program,1007870020.0,,109.0,"Maintaining a well-run nonprofit organization carries with it a myriad of record keeping and accounting challenges, all of which need to be managed effectively to ensure that reporting and compliance requirements are met. These financial administrative tasks may distract managers and decision makers from their primary focus of serving the organization's mission. That's where ASNY can help.

Accounting Solutions of New York specializes in providing an array of accounting and CFO services to nonprofit organizations. Our Mission is, ""To ease the burden of accounting, record keeping, and fiscal reporting so that administrators can focus on program achievement.""

ASNY takes the drudgery out of accounting chores. Our technical expertise combined with more than 25 years of focused accounting and auditing experience enables us to relieve you of time-consuming tasks while assuring accuracy and timeliness of financial data, and adherence to the compliance calendar.  In addition, we empower you with the financial tools needed to make the right decisions.",100.0
338067,Architectural Intelligence D.P.C.,541310,"Shanghai Kunmao Property Co., Limited",masterplan and architectural concept design competition,,2017-03-31T00:00:00.000,"overseas architectural design, including concept design, schematic design, design development, curta","Concept Design Services- Master plan, Architectural form, and plan layout.",2396250.0,10018,MBE,"Architectural, Engineering, and Related Services",Architectural Services,"China Resource Property (Shenzhen) Co., Limited",1008410020.0,,84.0,"Architectural Intelligence D.P.C. d/b/a AI. is a business licensed to practice architecture in New York State. AI. specializes in high-rise buildings and urban architecture, providing design services from concept design through construction administration for domestic and international projects. The company was founded in 2017 by David Iwami Malott, formerly a design principal at Kohn Pedersen Fox Associates and past Chairman of the Council on Tall Buildings and Urban Habitat. Since its founding, AI. has designed over 25 projects with a combined building area over 10 million square feet, several of which are under construction and scheduled for completion in 2021-2022. The company's mission is to make building and cities more livable through the examination of natural, social and cultural context and innovation of new urban typologies.",100.0
6502,"Alta Indelman, Architect",541310,Mult Lots LLC,Office renovation,,1995-03-01T00:00:00.000,"Design of new industrial building for the movie industry,",Court House Meeting Room Renovation.,150000000.0,10013,WBE,"Architectural, Engineering, and Related Services",Architectural Services,Center For Court Innovation,1004740029.0,,47.0,"This business is a professional architecture office with an emphasis on quality, custom design and detailing. We design both residential an commercial building and interiors.",
308553,2M Corporation,531390,Brookdale Hospital Medical Center,Provide all constgrujction trades to remove/replace current Nuclear Camera with the new state of the,,2006-12-08T00:00:00.000,Replace and Upgrade entire Honeywell FA System throughout the hospital campus to a state of the art,Upgrade existing Fire Aarmsystem to code compliant and address of Letter of Defect (LOD) ancillary,5478357.0,11548,MBE,Activities Related to Real Estate,Other Activities Related to Real Estate,Interfaith Medical Center,,,,"A professional organization devoted to providing strategic entitlement procurement, program/project management, finance sourcing when appropriate, and construction oversight services to the investment grade real estate development industry
?Dedicated to servicing a wide spectrum of development modalities:
?Healthcare
?Hospitality
?Residential
?Commercial/Retail
?Community and Regional Solutions",0.0
339754,Art of Piano Playing Music School,611710,PS 196,Gave piano lessons to students.,,2012-01-27T00:00:00.000,Gave piano lessons to students.,Provided zoom piano lessons to students.,10600.0,11743,WBE,Educational Support Services,Educational Support Services,St. Nicks Alliance,,,,Art of Piano Playing Music School provides families with music lessons.,100.0
10019,"1982 Creative Studios, Inc.",541921,NYC Department of Education,,,2013-05-16T00:00:00.000,Photography,,8500.0,11432,MBE,"Other Professional, Scientific, and Technical Services","Photography Studios, Portrait",,4098450027.0,,466.0,"Multi-faceted, multi media company, providing a wide array of photography and videography services.",
100233,Alda Ly Architecture PLLC,541310,Tia,"Interior Architecture
Interior Design",,2017-04-17T00:00:00.000,Interior Architecture and Interior Design,Architectural Services,1372957.0,10038,"MBE,WBE","Architectural, Engineering, and Related Services",Architectural Services,Christian Louboutin LLC,1000790015.0,,1502.0,"Award winning architecture firm specializing in commercial interiors: healthcare facilities, office, co-working spaces, retail and restaurants.

Recognized as one of Top 50 US Interior Architects in
2019, 2020, 2023 and 2024 by Architect's Newspaper.

Recipient of Healthcare Design Magazine 2022 Interior Designer of the Year. 

Fast Company Innovation by Design 2022 - 'Best of Wellness Design' Honoree",100.0
370301,All Black Errythang LLC,611110,Greenburg Library/Croton/Ruth Keller,Purchased 2 sets of books,,2020-02-02T00:00:00.000,Educational opportunity for patrons to learn about Juneteenth,Met with patrons,750.0,10710,"MBE,WBE",Elementary and Secondary Schools,Elementary and Secondary Schools,Ossining Public Schools,,,,"All Black Errythang offers culturally relevant educational programming to K-12 students, educators, and businesses. Our services include:

Virtual sessions focused on Black history, social-emotional learning (SEL), and creating inclusive environments
Fun and engaging classes with videos, trivia, and games to keep participants excited and involved
Professional development for educators and businesses to integrate Black history and create more inclusive, engaged spaces
Interactive virtual sessions for businesses to enhance workplace culture
Virtual and in-person theater performances of All Black Errythang poems
We provide these services year-round. Our mission is to educate, inspire, and empower all audiences to engage with Black history in meaningful ways.

In addition to our services, All Black Errythang offers books that celebrate Black history and culture:

All Black Errythang and All Black Errythang: A Discussion and Action Guide feature poetry and thought-provoking questions to help readers connect with Black identity and history
Our books explore significant events like Juneteenth and encourage deep reflection on Black culture and experiences
These resources build literacy, promote empathy, and bridge cultural gaps across diverse communities.

-------------
Chanel Murray, M.Ed, is an educator, literacy specialist, writer, keynote speaker. She is the author of All Black Errythang Poems and All Black Errythang a Discussion and Action Guide.",100.0
329230,2012 H&A Construction Corp,236118,Associated Blind,"PAINT ENTIRE APARTMENT (STUDIO)
1. General Protection
Protect the floor, Take down window treatments",,2012-07-10T00:00:00.000,"Demolition
* Remove existing partition at long wall of existing bathroom and closet.
• Remove and sa",,18971.0,8629,MBE,Residential Building Construction,Residential Remodelers,TB House LLC,,,,"New Living Space Construction (NLS) is a family owned operated business, established in 1987. NLS operates out of NYC and provides services across the tristate area. We work with everyone from homeowners and contractors to realtors, property management companies, architects, engineers, and the like. With our strong knowledge base and extensive skill set, we help our clients’ dreams come to fruition. NLS contains a seasoned workforce allowing the company to be responsive to the needs of our clients on projects of all sizes and complexities. As a full-service general contracting business, our services include renovations, carpentry, electrical, plumbing, and much more. We strive to complete projects on time, while providing quality craftsmanship for all of our clients.",
697300.00%,"American Sign Language Learning Center, Inc.",611630,Miamonides Medical Center,Providing sign language interpreters for patients who are deaf and hard of hearing. (On-going),,1999-09-29T00:00:00.000,Providing sign language interpreters for patients who are deaf and hard of hearing. (On-going),Providing sign language interpreters for patients who are deaf and hard of hearing. (On-going),,11230,WBE,Other Schools and Instruction,Language Schools,Touro College,3067300031.0,,760.0,"The American Sign Language CTR Inc, provides sign language interpreters for deaf and hard of hearing consumers at various venues (i.e., Hospitals, Doctor Visits, Educational Setting)",
325891,Annex Enterprise Inc,238140,PS 170 Bronx,#NAME?,,2015-10-08T00:00:00.000,#NAME?,#NAME?,300000.0,11001,MBE,"Foundation, Structure, and Building Exterior Contractors",Masonry Contractors,249 Broome Street,,,,"Annex Enterprise Inc. is a general contractor company specializing in masonry, concrete & waterproofing.",100.0
7109,"24/7 HomeCare Agency of NY, Inc",621610,Village Care Maxx,Personal Care Services,,2009-03-01T00:00:00.000,Providing patients with HHA/PCA to assist in personal care services,"Providing HHA/PCA services to assist patients with personal care, ADL and housekeeping",6000000.0,11234,WBE,Home Health Care Services,Home Health Care Services,Village Care Max,3079040049.0,100000.0,688.0,"24/7 HomeCare Agency of NY, Inc is a licensed Home Care Agency servicing elderly patients by providing Home Health Aides and Personal Care Assistants to patients requiring assistance in personal care, activities of daily living, housekeeping, and meal preparation in the comfort of their own homes. We also serve patients in the CDPAS/CDPAP program. We service all 5 boroughs and Nassau County and have aides speaking many languages including English, Spanish, French, Creole, Hebrew and Russian",100.0
3191,Admiral Staffing Inc.,561320,Kawasaki rail car,"CT Technician, nurses, office employees",,2008-01-07T00:00:00.000,"Rail car Tech, Office temps",Warehouse workers,775000.0,10018,MBE,Employment Services,Temporary Help Services,Brookdale Hospital,1007880004.0,15000000.0,113.0,This is a staffing agency that provides temporary employees to various companies in the city and tristate area.,100.0
1.0425E+4,"Allergic to Salad, LLC",611110,CAMBA,Lead cooking classes for PS through MS students in Edge's after-school and Summer Rising programs.,,2013-04-01T00:00:00.000,Allergic to Salad provided trained educators to teach STEM-based cooking classes to after-school pro,Allergic to Salad provided trained educators to teach STEM-based cooking classes in NIA's after-scho,150000.0,11106,WBE,Elementary and Secondary Schools,Elementary and Secondary Schools,Edge NY,4005860019.0,,53.0,"Youth culinary educational service provider. Offering healthy, vegetarian, life-skills, STEM and CORE- based culinary/nutrition classes taught by trained educators. Available to schools, after-school, camps, community-based organizations, libraries, and more. We work to develop a platform of exploration and passion for adventurous eating.",100.0
1746,Alkem Electrical Corp,238210,ALMA REALTY,"ELECT WORK FOR AC, EXIT SIGNS",,2001-09-18T00:00:00.000,"ELECTRICAL- GENERAL WIRING, TELECOMMUNICATION & CAMERAS",IPDVs CAMERA INSTALLATION,1350000.0,11226,MBE,Building Equipment Contractors,Electrical Contractors and Other Wiring Installation Contractors,SCA,3050570024.0,2000000.0,820.0,"ALKEM ELECTRICAL CORP. IS A  LICENSED ELECTRICAL CONTRACTOR PROVIDING ELECTRICAL SERVICES TO RESIDENTIAL, COMMERCIAL & GOVERNMENT PROPERTIES WHICH INCLUDES PARKS. OUR SERVICES INCLUDE GENERAL WIRING, REPAIRS AND INSTALLATIONS, POWER AND LOW VOLTAGE SYSTEMS, FIRE ALARMS ETC. WE ARE CURRENTLY CERTIFIED MBE WITH NYCCSBS, EMPIRE STATE, NYSCA, DBE, MTA, DASNY AND PORT AUTHORITY.",100.0
10572,"Antonio Natale Landscaping, Inc.",541320,J. Pizzirusso Landscaping corp,Planting of bioswales,"Laborers' International Union of North America Highway, Road and Street Construction Laborers' 1010",2003-01-23T00:00:00.000,"site work, planting, drainage, sod","Pavers, Planting, Site Work",891107.0,11596,WBE,"Architectural, Engineering, and Related Services",Landscape Architectural Services,NY Concrete Corp,,,,"Antonio Natale Landscaping, Inc does landscaping and masonry work.",100.0
372745,Alice Colverd Architect PLLC,541310,George Gilpin and Gigi Sharp,Professional Architectural Services. Design Development of Phase 1 and Phase 2 projects as defined i,,,Professional Architectural Services for Alteration Type 1 conversion of a Landmarked carriage house,Professional Architectural Services. Preparation of design and documentation for Alteration Type 2 r,189000.0,11385,WBE,"Architectural, Engineering, and Related Services",Architectural Services,UnionDocs,,,,Architecture office providing professional architectural services.,100.0
3209,Arol Management LLC,541618,The Public Theater,Alterations & Renovations to Unit 3B,,2014-03-19T00:00:00.000,Construction management,HVAC Replacement,2633631.0,10021,"MBE,WBE","Management, Scientific, and Technical Consulting Services",Other Management Consulting Services,Lucas Durst,1014690028.0,,13201.0,"AROL Management, LLC is a full service construction management - providing pre-construction/estimating, construction scheduling services - full service contruction management, site supervision, LEED Process Management.",100.0
324465,Allure Specialty Pharmacy Corporation,621999,IAHD,,,2016-09-16T00:00:00.000,Supplied medications to program participants living in residential housing.,,20000.0,10466,MBE,Other Ambulatory Health Care Services,All Other Miscellaneous Ambulatory Health Care Services,,2050350034.0,,418.0,"Allure Specialty Pharmacy produces all major medications and specializes in HIV, Hepatitis C and psychology medications.",
378203,"Ahwaga Lighting, LLC",238990,,,,2015-08-14T00:00:00.000,,,,10567,WBE,Other Specialty Trade Contractors,All Other Specialty Trade Contractors,,,,,"Lighting fixtures, lighting controls, inverters, lamps",
371194,Amber Contractors Corp.,238350,New York City,"WILSON C.C.-C539**Labor for roof
fan replacement**REQ#1876291",,2020-07-07T00:00:00.000,"Install fire
proof door with locks at
confined space 82x39 at 505
and 445 E 120th st","REPLACE LIGHT BULBS
AND DIFFUSER COVERS
AT 1315 AMSTERDAM",9995.0,11418,"MBE,WBE",Building Finishing Contractors,Finish Carpentry Contractors,New York City,4093480003.0,,122.0,Provide Carpentry work.,100.0
330966,"Aquarius Engineering, PLLC",541330,Hazen and Sawyer,,,2019-09-17T00:00:00.000,"Developed and conducted workshops, meetings, technical analyses, written reports, and project contro",,140757.0,10573,WBE,"Architectural, Engineering, and Related Services",Engineering Services,,,,,"Aquarius Engineering, PLLC focuses on process design for public and private drinking water treatment facilities throughout the northeast.",
10012,149 Street Food Corp.,445240,,,,2016-03-02T00:00:00.000,,,,10455,MBE,Specialty Food Retailers,Meat Retailers,,2022947501.0,,71.0,"Full scale supermarket selling produce, dairy, meat, deli, grocery, hot food.",
4189,"Adrienne Nicole Productions, LLC",512110,PHL,"Shot video, Provided hair and makeup for talent, provided audio services, Managed and coordinated eq",,2010-09-20T00:00:00.000,"We shot, edited and coordinated multiple national shoots. Additionally, some were remote shoots, so","Pre-production management, crew selection & management, shooting, directing, producing, edit deliver",700000.0,11201,"MBE,WBE",Motion Picture and Video Industries,Motion Picture and Video Production,Mob Scene / Apple TV,3002390001.0,,502.0,"Adrienne Nicole Productions (ANP) is a video production company that produces commercials, brand integrations, training videos and still images. We capture the truth in film ensuring our clients' stories are authentic and represent who they truly are.

We shoot, edit, create motion graphics and more.",100.0
309360,Alphaco Sprinkler LLC,238990,Sonesta Hotels,Install entire building fire sprinkler system,,2019-10-03T00:00:00.000,Remove and replace with new fire sprinkler system at the parking structure,Installed fire sprinklers.,52900.0,10455,MBE,Other Specialty Trade Contractors,All Other Specialty Trade Contractors,ABC construction,2023740048.0,,67.0,"Alphaco Sprinkler installs, services, repairs and maintains fire protection systems.",100.0
360731,Air Ideal Inc.,238990,Pfizer,,United Service Workers 355,1969-08-08T00:00:00.000,HVAC Services,,7150000.0,11501,MBE,Other Specialty Trade Contractors,All Other Specialty Trade Contractors,,,,,HVAC Contractor,
10612,Arch Design and Construction Associates LLC,541310,Ahmaddiya Movement IIn Slam,Room Renovation,,2015-04-02T00:00:00.000,Mechanical System Assessment,Review of Bid Documents and On-site construction observsation,1500.0,10573,"MBE,WBE","Architectural, Engineering, and Related Services",Architectural Services,Dr. Yaa Ohene-Fianko,,,,"Architectural design services, construction management services, review and signage of design drawings, building observation and inspection, building code verification.",100.0
1092,A&V STEEL LLC,238120,Innovax-Pillar Inc.,Furnish and install structural & misc steel,"Ironworkers 40, Ironworkers 580, Op Eng 14, Ironworkers 361, Op Eng 15",2009-02-11T00:00:00.000,Structural and misc steel fabrication and installation,Furnish and install miscellaneous steel,1600000.0,11418,MBE,"Foundation, Structure, and Building Exterior Contractors",Structural Steel and Precast Concrete Contractors,Sienia Construction Inc.,4093550008.0,,14202.0,We specialize in structural and miscellaneous steel fabrication and installation.,100.0
1135,"Ajit One Mechanical & General Contracting, Inc.",238220,ELH Construction Co.,"Installed copper line from the basement to the garden. Installed hose bibs, valves, valve boxes, sle",,1995-09-14T00:00:00.000,Replaced the boiler.,,128400.0,11419,MBE,Building Equipment Contractors,"Plumbing, Heating, and Air-Conditioning Contractors",NYCHA,4094350001.0,10000000.0,120.0,Ajit One Mechanical & General Contracting provides general contracting services.,
314409,AO Apparel Inc,424350,General Motors Company,Sold PPE clothing.,,2017-07-27T00:00:00.000,Sold PPE clothing.,,14134907.0,10016,"MBE,WBE","Apparel, Piece Goods, and Notions Merchant Wholesalers",Clothing and Clothing Accessories Merchant Wholesalers,Apple Inc,1009177501.0,,78.0,AO Apparel sells women's clothes.,
2270,Americas Construction Group Inc,238190,B Agosto,Provided flooring services.,,2007-03-07T00:00:00.000,Provided flooring services.,,5000.0,10108,MBE,"Foundation, Structure, and Building Exterior Contractors","Other Foundation, Structure, and Building Exterior Contractors",Ali Moalawi,1010320054.0,,115.0,"Americas Construction Group specializes in flooring, polishing, sheet vinyl, resinous flooring, water proofing, and seam epoxy.",
346725,"Adrii's Kitchen, LLC",722320,Harlem Children Zone,,,2018-04-18T00:00:00.000,Catered a lunch for students and staff.,,885.0,10029,"MBE,WBE",Special Food Services,Caterers,,1017080039.0,,178.0,Adrii's Kitchen is a catering service company.,
379179,A P Lee Product LLC,459210,Bronx Haven High School,,,2017-10-10T00:00:00.000,"Positive Learning Equates Etiquette, People Learning Everyday Etiquette Books",,1651.0,10470,MBE,Book Retailers and News Dealers,Book Retailers and News Dealers,,2050410026.0,,418.0,"My name is PercyLee Anderson, I`m the middle child of five siblings. I was born in the early 60`s during the end of the civil rights movement. I grew up in a time when children respected and greeted their elders. Values, Courtesy, Manners and Respect were a way of life.  It was a set of standards, that were passed down, taught, given and shared from generation to generation.  We were hit with two epidemics in the 80`s, Crack and HIV. A generation got lost, and along with that Values, Courtesy, Manners and Respect were lost too, but not for all.  A negative environment arose through the 80`s, 90`s, into the present and spread from the young to the old.  Me and a partner would discuss issues concerning the values and how they were lost and how they needed to be revived and brought back.  We wrote a few books, that covered some of these issues.  Then after a few years, I sat down and continued to write more on the basic with my first publication, People Learning Everyday Etiquette. Just to get people ( young and old) thinking and behaving in a correct manner. Then I decided to go deeper, it wasn`t just how people acted, it was on how some thought, and like I said from the young to the old.  That’s when I wrote, Positive Learning Equates Etiquette. It’s not only teaching, its reteaching, it`s directing and redirecting, it`s suggesting a better choice and lifestyle that once was, could be again for all. Soft Skills Training. Book Author. NYC Borough Map T-shirts. Personal Etiquette and Manners Books your youth and adults.",
101747,"Artelatam, LLC",711510,City of NY Department of Education,The Introduction to Video and Editing Residency gave students an introductory understanding of Adobe,,2016-06-24T00:00:00.000,Murals painted with students & Hand painted Murals by the artists featuring notable historical figur,"ArteLatAm's STEAM Urban Gardening program combined art and gardening to foster creativity, nature aw",49230.0,11106,"MBE,WBE","Independent Artists, Writers, and Performers","Independent Artists, Writers, and Performers",City of NY Department of Education,4005677502.0,,75.0,"Founded in 2016, ArteLatAm is a certified Women's Minority Business Enterprise (M/WBE) in  New York City, New York State, and New Jersey that offers large-scale murals, public art installations & educational art programs. We are a trusted vendor for NYC DOE, MTA & Port Authority. 

Our mission aims to provide a diverse range of art services to both public and private entities while supporting and highlighting the talents of artists and creatives. 

Our bilingual team comprises talented artists, creatives, architects, designers, administrative staff, and project managers who share a passion for creative excellence and exceptional client service. We work closely with our clients to understand their unique needs and deliver tailored solutions that exceed expectations. We take pride in our extensive network of exceptional artists and muralists with over 25 years of experience in the art industry. Our network boasts 1000+ seasoned artists, creators, and trainers qualified to work with students. 

We offer mural and art educational programs for K to 12th-grade students during school hours, after school, summer rising, artist in residency, enrichment, workshops, and more. We are proud to have supported over 4,800 students in all five boroughs of New York in the last four years. 

We prioritize student involvement and specialize in various art disciplines, including visual art classes, murals by the artist, murals painted with students, performing arts, music, theater, singing, and multicultural dance. We have also successfully introduced urban gardening, robotics, and sports programs, which include a range of activities such as multicultural Zumba, yoga, and soccer, all with a creative twist!",100.0
362789,Anelis Consulting LLC,541611,Headquarters Department of the Army,"Providing Executive Coaching, Strategic A3 Coaching/Leadership, and Lean Facilitation/Training",,,Providing LSS MBB Program Support for the  Army Business Transformation Office (BTO) Office,Providing LSS MBB Program Support the  Army National Guard Bureau Business Transformation Office (BT,1200000.0,20659,"MBE,WBE","Management, Scientific, and Technical Consulting Services",Administrative Management and General Management Consulting Services,Rochester Regional Health System,,,,"Anelis Consulting is an industry-leading strategy and technology consulting firm that provides a full range of professional services in strategy, business transformation, and technology. Anelis Consulting has experience providing training, facilitation, consulting, and change management services. These services assist public and private sector clients in delivering quality solutions that are cost-effective, aligned to organizational strategy, and enhance overall productivity and profitability.",100.0
308384,Angelic Kreations Inc.,711510,Save Our Streets,,,2017-06-27T00:00:00.000,"Public Speaking, Poetry, Prose",,3000.0,10001,"MBE,WBE","Independent Artists, Writers, and Performers","Independent Artists, Writers, and Performers",,1007510001.0,,97.0,"Teaching and Performing Poetry for over ten years.
Angelic Kreations offers Poet on Demand services for Anniversaries, Birthdays, sweet sixteen, quinceanera, Weddings, Valentine's Day, Loved ones in the hospital, nursing homes, People with disabilities & wheelchair-bound, Memorial, Funeral & Wake services, Cancer Patients, Pregnancy Announcements, Baby Showers, Family & Friends going off to college, Military etc., Mother's & Father's Day, Pod-Cast intros & Outros",
10290,Advanced Resolution Management,611430,New York City Department of Education - Citywide Head Start/Early Head Start Policy Council,,,2010-01-01T00:00:00.000,Did performance evaluation and team building.,,3750.0,10707,"MBE,WBE",Business Schools and Computer and Management Training,Professional and Management Development Training,,,,,"Advanced Resolution Management does leadership development, workforce education, professional development, executive coaching and performance coaching.",
333231,Anaktora Mechanical LLC,238990,E&S Sons Corp.,"Sanitary, Vent & Water Distribution for 1 full bath, bar sink, kitchen sink, ice maker water, coffee",,2020-02-13T00:00:00.000,"Disconnected old plumbing lines. Installed 6 toilets, lavs, drains, pantry sinks. Ran new sanitary &","Plumbing roughing for future cafe, Removal of hot/cold water lines, 2 waste/vent lines.",66000.0,11314,WBE,Other Specialty Trade Contractors,All Other Specialty Trade Contractors,TLC Industries Corp,,,,Anaktora Mechanical is a plumbing contractor company.,100.0
102448,A.H.C. Appliances L.L.C.,449210,ARTIMUS CONTRUCTION,APPLIANCES,,1998-07-01T00:00:00.000,APPLIANCES,APPLIANCES,252352.0,11516,WBE,Electronics and Appliance Retailers,Electronics and Appliance Retailers,UA BUILDERS,,,,"AHC is a NY State Certified WBE company. We sell all major household appliances such as Washers, Dryers, Stoves, Refrigerators, Dishwashers, Microwaves, Air Conditioners, Freezers and Televisions.  We sell small and large quantities, we can supply a single family unit to large multi family buildings. Our prices are competitive and we carry a wide selection of brands and sizes. Customer support and staff are knowledgeable and friendly.  We do next day delivery on many sku's to Manhattan, Queens, Long Island and Brooklyn. We go to New Jersey and Staten Island at least once a week. We aim to provide the best service to our customers.",100.0
3.79009E+5,349 Dino Realty Corp.,423390,Manhattan Constructors,delivered concrete,,1962-01-16T00:00:00.000,Supplied Concrete,Supplied Concrete,7384000.0,11694,WBE,Lumber and Other Construction Materials Merchant Wholesalers,Other Construction Material Merchant Wholesalers,Cross Country Construction,4162800068.0,,928.0,Concrete Supply,0.0
7088,AP-TEK Restoration Inc.,236118,West Harlem Group Assistance Inc,"Did cleaning, priming and painting. Renovated the apartments.",,2004-02-26T00:00:00.000,Did stucco and waterproofing.,,175250.0,11370,MBE,Residential Building Construction,Residential Remodelers,West Harlem Group Assistance Inc,4010330061.0,,30904.0,"AP-TEK Restoration is a general contracting business that specializes in roofing, waterproofing, brick pointing, cement and silicone coating, steam cleaning, window lintels and sills, parapet wall rebuilt, boiler chimneys rebuilt, stucco, apartment renovation, sheetrock and structural work.",
6143,Architectural Flooring Resource Inc.,238330,Jones Lang Lasalle,Labor to install.,,1993-04-25T00:00:00.000,Furnish and install carpet and resilient,Furnish and install carpet and resilient,2107731.0,10001,"MBE,WBE",Building Finishing Contractors,Flooring Contractors,NYS Office of Mental Health,1008030016.0,10000000.0,95.0,"We furnish and install flooring including specialty flooring: wood, cork, ceramic tile, carpet tiles, rubber, sports, flooring, boardroom, vct, mats and floor grates. We provide cleaning of carpet, fabric and hard surface flooring. We offer maintenance programs, as well as SaniGlaze a safe and environmentally friendly tile and grout restoration.",100.0
103516,ANG Business Services LLC,561499,RMA-ADRA,,,,"- Consulting
• Reviewed and maintained current human resources records, including but not limited to",,120000.0,7036,"MBE,WBE",Business Support Services,All Other Business Support Services,,,,,"PROVIDE THE HIGHEST QUALITY OF HUMAN RESOURCES, TRAINING, STAFFING AND ORGANIZATIONAL DEVELOPMENT SOLUTIONS DESIGNED TO HELP BUILD AN EXCEPTIONAL
WORKFORCE AND SUSTAIN HIGH-PERFORMING ORGANIZATIONS.",
373634,“I AM” EHS Management LLC,237310,JJM Construction Services LLC,Safety analysis,,,Development of safety construction work plans,Development of safety checklist,475.0,10980,MBE,"Highway, Street, and Bridge Construction","Highway, Street, and Bridge Construction",Puppy Playground LLC,,,,"In 2006, I had the opportunity to join NYC Sandhog Union 147, working in mining and tunneling. Back then, safety practices were minimal, and the culture around workplace safety was not a priority. However, over the years, I witnessed a significant shift—new safety regulations were introduced, management became more engaged, and a stronger emphasis was placed on safe work practices. As a result, injuries decreased, and work became more efficient.

Recognizing this transformation, I felt inspired to be part of the movement. In 2016, I founded “I AM” EHS Management LLC with the goal of contributing to the workforce and supporting businesses in creating safer, more effective work environments.",100.0
333874,ANH Design and Printing LLC,541430,Emergency Management Coordinator,Create a custom illustration for their stationery.,,,"Printing of 33"" Retractable Banners for the Fire and EMS Recruiting department",Design or editing business cards for printing services.,3135.0,7974,"MBE,WBE",Specialized Design Services,Graphic Design Services,Gail Williams,,,,"NK Design Agency is a full-service design agency. We specialize in graphic content such as 2D- 3D motion graphics, Custom Illustrations, Brand Asset Design & Printing Services (logos, banners, marketing materials, etc.), Website Design services, and more.",100.0
363164,Accents Language Services Inc.,541990,SOSi LLC,English <>Yoruba Interpretation for clients on a need-basis.,,2021-04-19T00:00:00.000,"Interpret in on site, telephonic & video remotely to clients with English as the source language to",Transcribed audio files from Swedish <> English and also translated screenshot of text messages from,23645.0,11720,"MBE,WBE","Other Professional, Scientific, and Technical Services","All Other Professional, Scientific, and Technical Services",United State District Court (SDNY),,,,"Accents Language Services Inc. is a woman-owned company located in New York with the aim to bridge the gap in communication between Limited English Persons (LEPs) and different providers in the public and private sectors. The owner has 14 years of experience working with diverse language services providers in the United States and other companies around the world. Leveraging the use of technology for remote, telephonic, and on-site services, our company has the capacity to meet the needs of the different clientele that we serve.",100.0
364598,Admire Landscaping and Lawn Care LLC,541990,Popeyes Louisiana Kitchen,,,2018-01-16T00:00:00.000,"Planted bushes, red stone and flowers. Did clean up.",,4358.0,11236,MBE,"Other Professional, Scientific, and Technical Services","All Other Professional, Scientific, and Technical Services",,3080170062.0,,956.0,"Admire Landscaping and Lawn Care LLC does commercial, residential and government landscaping, The company's services include landscaping design, landscaping maintenance, tree trimming, plant design and installation, tree planting, lawn mowing, weed wracking, sod installation, mulching and clean up.",
10347,Air Round Construction Corp.,236118,Bottomline Construction,Remove all the existing cracked concrete and applied new concrete,,2008-05-09T00:00:00.000,"We have performed pointing, steam cleaning, window caulking and roof king",Complete removal of existing concrete sidewalk and replace with new concrete sidewalk,200000.0,11422,MBE,Residential Building Construction,Residential Remodelers,Kraus Management,4136880050.0,2000000.0,656.0,"This is a general construction business duties such as roofing, sidewalk, painting, power wash, etc., and also provide all of the material, labor, equipment, and services necessary for the construction of the project.",100.0
387759,AB Circus LLC,711190,Black Haus Creative,"Provided circus performers, and costumes for an event.",,2023-11-13T00:00:00.000,"Provided circus performers, costumes, technicians and equipment. Transported items for the performan",,15950.0,11236,WBE,Performing Arts Companies,Other Performing Arts Companies,Chelsea Market,3081440066.0,,970.0,"ABCirque is a place where creativity thrives, connections are made, and the magic of the circus transforms lives.",
332413,AFJ Consulting LLC,541910,Scientific Games,,,2019-10-15T00:00:00.000,Market research services.,,180000.0,30223,"MBE,WBE","Other Professional, Scientific, and Technical Services",Marketing Research and Public Opinion Polling,,,,,"AFJ Consulting (AFJC) is a woman-owned, minority-owned consultancy that provides adaptive research, education, and strategic services designed to meet the evolving needs of public agencies, nonprofit organizations, and mission-driven businesses. Founded and led by Ambika McGee, M.Ed., a seasoned market research expert and Certified Capture Manager, AFJC blends rigorous data collection with culturally responsive approaches to support evidence-based decision-making and sustainable growth.

At our core, we believe that equitable access to insights and information is essential to advancing community well-being. Our work spans the full research lifecycle—from project design to implementation and reporting—ensuring that every study we undertake delivers practical, data-driven results. AFJC’s research practice includes qualitative and quantitative methodologies, such as large-scale surveys, focus groups, key informant interviews, and community needs assessments. We have deep experience exploring complex and sensitive topics like healthcare access, educational equity, workforce development, and the impact of diversity, equity, and inclusion (DEI) programs. Using AI-powered research tools and data visualization platforms, we present findings in a way that is accessible, engaging, and immediately actionable.

In addition to our research capabilities, AFJC delivers tailored education and training programs that support professional development and organizational learning. Grounded in the principles of educational psychology, our training offerings are designed to be interactive, inclusive, and results-oriented. We work closely with school systems, workforce agencies, community-based organizations, and small businesses to create and deliver custom workshops, instructional content, and technical assistance that help teams build capacity and drive change. Whether delivering a single workshop or designing an end-to-end curriculum, we ensure that every training program is informed by best practices in adult learning and grounded in the real-world needs of our clients.

Our government contracting services provide strategic support for public entities and contractors navigating the procurement process. With firsthand knowledge of the challenges involved in winning and managing government contracts, we assist clients with capture planning, proposal development, and subcontractor engagement. AFJC is NYC and NYS MWBE and certified with the MNSDC and WBENC. We actively participate in supplier diversity and set-aside programs at the city, state, and federal levels.

What sets AFJC apart is our commitment to cultural competence, collaboration, and clarity. We understand that each client has unique goals and constraints, and we tailor our approach accordingly, bringing the right mix of tools, talent, and perspective to every project. Whether supporting a city’s public perception survey, designing a community-informed training program, or advising on equitable stakeholder engagement, we approach our work professionally, transparently, and deeply respect our communities.

With a distributed team and operational capacity across the United States, AFJC offers flexible, responsive support to clients wherever they are. Our fully remote infrastructure allows us to serve government agencies, nonprofits, and mission-driven businesses nationwide with the same level of precision, professionalism, and care. Backed by over two decades of experience, we are proud to deliver impactful research, training, and strategic services that help our clients lead with insight and equity.",
332614,A Pure Strive Service LLC,238990,Justo Concepcion,Removed pipe insulation.,,2019-04-22T00:00:00.000,Removed pipe insulation.,Removed pipe insulation.,5000.0,7011,"MBE,WBE",Other Specialty Trade Contractors,All Other Specialty Trade Contractors,Darius George,,,,"A Pure Strive Service does asbestos abatement and clean up, mold remediation, Lead R.R.P, selective demolition services, clean outs, post renovation cleanings and disinfecting and sanitizing.",100.0
955,Adco Electrical Corp.,238210,VRH/Torcon JV,Electrical Contracting,"Electr IBEW 3, Electrical IBEW 3, IBEW #3",1977-03-22T00:00:00.000,"Every aspect of Electrical construction including:
Med & High voltage substation, SW/G, feeders, Eng","Electric & Controls Install for 15 Miles of Conveyor
Project completed in March 2018.",78000000.0,10314,WBE,Building Equipment Contractors,Electrical Contractors and Other Wiring Installation Contractors,Structure Tone Inc.,5017800200.0,250000000.0,29102.0,Adco Electrical Corp. is a full-service Electrical & Telecommunications services firm providing a range of solutions designed to assist our clients in today's rapidly changing environment.  Adco Electrical hands-on involvement throughout each project is fundamental to our business practice and a cornerstone of our philosphy.  Adco Electrical Corp. was established in 1977.,100.0
10678,Ashokkumar Sheth,541211,PRIYA,,,2000-06-16T00:00:00.000,FINNANCIAL ADVISE,,1000.0,11001,MBE,"Accounting, Tax Preparation, Bookkeeping, and Payroll Services",Offices of Certified Public Accountants,,,,,Certified Public Accountant,
323933,Akte01LLC,541490,Infilm Productions,"Provided design, administration, project management and documentation services for the renovation of",,2011-03-28T00:00:00.000,Provided design and documentation services for an Upper East Side duplex.,"Provided design, documentation and construction administration services for a single family residenc",140000.0,11237,WBE,Specialized Design Services,Other Specialized Design Services,Casa Chaos LLC,3032380028.0,,445.0,"Studio AKTE develops and designs projects for commercial and residential buildings, interior design, exhibition design, urban planning and landscape design.

The founding partner Ms. Sandra Arndt received a Bachelor of Fine Arts from the Academy of Art University San Francisco (2001) and a Master of Architecture from Yale University (2007). She also holds a Master of Economics and is a faculty member at Parsons School of Constructed Environments and School of Design Strategies teaching architecture, design & urban environments.",100.0
340430,AAA Environmental and Construction Services LLC,238990,,,,2019-02-19T00:00:00.000,,,,11101,"MBE,WBE",Other Specialty Trade Contractors,All Other Specialty Trade Contractors,,4004490013.0,,1903.0,"AAA Environmental and Construction Services does asbestos and lead removal, commercial cleaning, waste removal, construction clean up, demolition clean up, environmental clean up, hazard cleaning, home sanitization and COVID-19 sanitization.",
342566,Amaya Pharmacy Corp,456110,Komtur,,,2021-01-01T00:00:00.000,Sold medication.,,50000.0,11355,MBE,Health and Personal Care Retailers,Pharmacies and Drug Retailers,,4051827501.0,,857.0,Amaya Pharmacy provides pharmacy services and the wholesale distribution of pharmaceuticals.,
311311,593 Park Place Management Inc.,531110,Grant Louis & Isabella Hall,"LEASE RENEWAL.  Provided maintenance services for apartment 2R, as needed & requested
Lease Renewal",,2018-03-05T00:00:00.000,"LEASE RENEWAL (2 yr)- Completed repairs in apartment 4R.
Newly updated interior"": cleaning, new pain",LEASE RENEWAL.  Maintenance requests as reported & needed,2839.0,11238,"MBE,WBE",Lessors of Real Estate,Lessors of Residential Buildings and Dwellings,Mauricio Orantes,3011630077.0,,305.0,593 Park Place Management is a real estate rental property management company that provides services to residential apartments.,100.0
10508,AMF Electrical Contracting Corp.,238210,Nead Electric Inc.,Installation of Conduit and concrete pad for EV charger.,Local Union 3 IBEW Local 3,2017-02-13T00:00:00.000,Install Fire Alarm System,,550000.0,11238,MBE,Building Equipment Contractors,Electrical Contractors and Other Wiring Installation Contractors,ElectricFish Energy Inc.,,,305.0,"AMF  Electrical  Contracting  Corp  is  a Brooklyn based electrical  contracting  company,  Founded  in  2017. AMF Electrical is a long-standing member of the Local 3 International Brotherhood of Electrical Workers Union (IBEW) and certified as a Minority Business Enterprise (MBE). We offer new construction electrical services as well as electrical improvement, additions, repair and maintenance services. We offer Electrical Service installation, Removal, upgrade, for commercial and Industrial, Aviation electrical projects. Specialize in  fire alarm, telecommunication, security and BMS installations. We offer off-site prefabrication of various systems and application  to  reduce  unproductive  onsite installation. We provide professional reliable on schedule, under budget electrical installation service.",
365887,AM Engineering Service PC,541330,Yulli Guang,Design and calculation for new building 3 family house,,2020-10-05T00:00:00.000,File Structural design and calculation for pile system for new masonry wall,"Architectural,mechanical design drawing",42000.0,11418,MBE,"Architectural, Engineering, and Related Services",Engineering Services,Trevor Goriah,4091870034.0,,26.0,engineering and architecture service,100.0
881,"Arbill Industries, Inc.",315990,NYC Fire Department,Sold retainer plates and gauge straps.,,1945-01-01T00:00:00.000,Sold gas masks.,,13783.68,19154,WBE,Apparel Accessories and Other Apparel Manufacturing,Apparel Accessories and Other Apparel Manufacturing,NYC Fire Department,,,,Arbill manufactures and distributes safety equipment and personal protective equipment.,
371058,"A-Square Contracting, Inc.",236220,"Geomatrix Services, Inc.",,,2022-03-08T00:00:00.000,Installation of signs,,3638.0,8844,"MBE,WBE",Nonresidential Building Construction,Commercial and Institutional Building Construction,,,,,"General Construction, Project Management, Estimation Services, and Installation of Signs.",
305309,Art Vox LLC,711510,The Armory Foundation,The project is a series of video tutorials for beauty industry (hairdressers) professionals. This pa,,2019-06-27T00:00:00.000,Video (interviews + editing) from the Uptown Games event,"Creating a promo video for an event (editing, visual effects, graphics).",1150.0,11211,WBE,"Independent Artists, Writers, and Performers","Independent Artists, Writers, and Performers",Mane Atelier,3024110001.0,,513.0,"Art Vox is a content marketing and video production studio that specializes in providing full-range videography, photography and post-production services to NYC organizations and businesses.  
?
We are a new generation of video creators who use advanced digital tools and modern technology to create high-quality visual products on any scale.

Our team consists of professional filmmakers, broadcast journalists, and marketers with a combined portfolio including film, advertisement, music videos, events coverage, interviews and TV content. We are striving to excel with each new project and client. Our mission is to create work that not only captures the audience's attention but moves it to take action, whether it's engagement with a brand or an artistic or social cause.",100.0
1812,"American Environmental Assessment & Solutions, Inc.",541380,NYCHA,Site inspection performed to visually identify all potential areas of concern.,,2006-07-14T00:00:00.000,work plan,"Phase II ESA: Drilling, sampling and analysis, project data management",26777.0,11216,"MBE,WBE","Architectural, Engineering, and Related Services",Testing Laboratories and Services,"SJM NY Realty, LLC",3017850161.0,,261.0,"Environmental consulting services including phase I environmental site assessments (ESA) phase II subsurface investigations (soil, groundwater and soil vapor), NYC E-design investigations and compliance (hazmat, air quality and noise), remediation of contaminated soil and groundwater; regulatory interaction and related environmental issues.",
342326,Amarachi Inc.,722511,Restaurant Resiliency Program,,,2004-05-05T00:00:00.000,Prepared meals for the food pantry.,,25460.0,11201,MBE,Restaurants and Other Eating Places,Full-Service Restaurants,,3001087501.0,,1501.0,"Amarachi Restaurant serves Nigerian, American and West Indian food.",
104445,157 Auto Collision Inc,811121,UHAUL,REPAIRED CUSTOMER 2018 HONDA CIVIC AS PER INSURANCE COMPANY,,2014-03-05T00:00:00.000,ALL REPAIR ON UHAUL VANS & TRAILERS COMPLETE BODY & AUTO REPAIRS,REPAIRED 2019 AUDI Q5 AS REQUIRED BY INSURANCE COMPANY,100000.0,11433,MBE,Automotive Repair and Maintenance,"Automotive Body, Paint, and Interior Repair and Maintenance",GEICO,4101240011.0,,25401.0,"Here at 157 Auto Collision inc. we specialize in all types of mechanical & body repairs. 157 Auto Collision is the foremost leader in crash and auto body repair Located in Jamaica Queens, Our worked is 100% Guaranteed and customer satisfaction is our priority.",100.0
361727,4R DMS Pest Control Systems Inc.,811490,NYCHA,,,1986-06-30T00:00:00.000,Exterminated properties apartments and common areas.,,120000.0,10469,MBE,Personal and Household Goods Repair and Maintenance,Other Personal and Household Goods Repair and Maintenance,,2045350061.0,,360.0,"We are a minority family owned Pest Control company that has been servicing the New York City area for the past 30 years. We special in rodent and insect removal using the latest environmentally friendly products and chemicals. We have worked with NYCHA and several large building management companies in The Bronx, Manhattan and Brooklyn.",
328120,"Acuity Risk Consultants, Inc.",524298,Huff Enterprises,"managing of risk program, administrative processing of insurance requirements from an internal stand",,2020-02-19T00:00:00.000,"administrative tasks, filings, recordkeeping, insurance advisory","risk management services, administrative services",24000.0,11747,MBE,"Agencies, Brokerages, and Other Insurance Related Activities",All Other Insurance Related Activities,DOTC Delivery,,,,"Independent risk consulting services, risk management, insurance consulting, business development, administrative services.  Workers compensation, general liability, automobile liability, umbrella liability assistance and advisement.",100.0
372812,Akula Interpreting and Translation LLC,541930,Denver District Court,Provided language services.,,2020-08-24T00:00:00.000,Completed on-site and remote interpreting in various languages.,Provided remote language services for immigrants who were victims of torture.,100000.0,12054,"MBE,WBE","Other Professional, Scientific, and Technical Services",Translation and Interpretation Services,St. Peter’s Health Partners,,,,"Akula Interpreting and Translation LLC. specializes in interpretation and translation services. Akula facilitates clear and accurate communication across languages and cultures. The company has skilled interpreters who excel in both simultaneous and consecutive interpretation, providing real-time language support for events, conferences, and business meetings. Akula's commitment to precision extends to document translation, where legal contracts, technical manuals, and marketing materials are translated with utmost accuracy and cultural sensitivity. Akula stands out for its client-centric approach, leveraging cutting-edge technology to deliver customized language solutions tailored to its client's unique needs.",100.0
313132,"71AteChef, LLC.",722320,HUNGRY,,,2015-11-05T00:00:00.000,Catered food,,345.0,11205,"MBE,WBE",Special Food Services,Caterers,,3018850070.0,,1237.0,"Over the past ten years, Shani, The 71AteChef has established herself as the ""go-to"" boutique catering company for private chef services, & full-service catering and personalized instruction. 

Our chef team regularly participates in providing personal chef services for high-end clients, food styling, recipe testing and development.",
377716,Arsh Pharmacy Inc.,456110,CVS CareMark,,,2023-04-28T00:00:00.000,Filled prescriptions for patients.,,60000.0,11010,"MBE,WBE",Health and Personal Care Retailers,Pharmacies and Drug Retailers,,,,,Arsh Pharmacy delivers medications and offers counselling and medication management services.,
341880,A.V. SON CONSTRUCTION INC,238350,Patricia,"AT THE 520 BERGEN STREET EXTENSION – AT EASTERN PARAPET WALL UPON
IMMEDIATE EXTERIOR EXPOSURE RUNNIN",,2016-04-21T00:00:00.000,"Demolish and remove old porch
Construct new porch
Make porch waterproof
Remove old wall
Construct ne","AT 4TH STORY, BUILDING FRONT
PROPERLY REPAIR WITH SIMILAR MATERIAL AND SECURE THE LOOSE OR
DEFECTIVE",30000.0,11432,MBE,Building Finishing Contractors,Finish Carpentry Contractors,New York City Housing Preservation and Development,4097910041.0,,450.0,A.V. SON CONSTRUCTION INC is a construction company. We work with New York City Housing Preservation and Development. We also handle private construction projects. We handle all types of work inside and outside.,100.0
1039500.00%,All Aces Corp,238390,JC Elite,Kitchen cabinets replacement,,2015-02-19T00:00:00.000,Construction,Consulting,3600000.0,11772,MBE,Building Finishing Contractors,Other Building Finishing Contractors,Office Of People With Dissability,,,,Consulting and Sales Management specializing in commercial and residential construction,100.0
100536,"All Times Promotional Products, Inc.",339999,Grant Associates,"Produced ""My Sister's Keeper"" items for student incentives.",,2011-05-20T00:00:00.000,Printed shirts and shipped them to different city schools and businesses for Career Discovery Week.,"Produced ""My Brother's Keeper"" items for student incentives.",41999.0,13035,WBE,Other Miscellaneous Manufacturing,All Other Miscellaneous Manufacturing,School for Classics,,,,"Spinnaker Custom Products supplies custom embroidered and screen-printed apparel for corporate, educational, athletic, construction, safety wear, school, uniforms, outerwear and special events. The company also sells promotional items, signage, print materials and trade show display materials.",100.0
390934,"APC Scientific Consultants & Associates, LLC",541511,US Army at Picatinny Arsenal,Armament SEC Spider Maintenance Support providing encryption upgrade software Lifecycle support.,,2020-03-09T00:00:00.000,Provided MSD organization with 3 Administrative assistant Support,Armament SEC Nuclear Biological and Chemical Sensor Processing Group (NBCSPG) software lifecycle Sup,1059849.0,7628,"MBE,WBE",Computer Systems Design and Related Services,Custom Computer Programming Services,Serco Inc,,,,"APC Scientific Consultants & Associates, LLC, is an EDWOSB and MWBE business that provides software and engineering services support to the Government. 

We provide a personalized software design or engineering solution to help achieve your team’s goals. APC Scientific is the team you need if you are looking to build a product that complies with your industry standards, with a rapid development and deployment time at a great value.",25.0
357689,"6ix Scents, LLC",541990,jackson georges jr,,,2020-12-12T00:00:00.000,"ambient scenting for an event. I provided candles, and Air freshening services for the event space",,652.0,11212,MBE,"Other Professional, Scientific, and Technical Services","All Other Professional, Scientific, and Technical Services",,3046120011.0,,884.0,"We are a Scent diffusion, Scent marketing, and scent branding Fragrances solutions company. We create and diffuse unique and mood-altering fragrances and scents for brands and customers.",
10304,"Aeron Management, LLC",522310,"Presidio Networked Solutions Group, LLC",,,2016-02-16T00:00:00.000,Provided financial consulting services.,,6000.0,11742,MBE,Activities Related to Credit Intermediation,Mortgage and Nonmortgage Loan Brokers,,,,,"Aeron Management does commercial mortgage brokering, financial consulting and purchases and sells real estate.",
697,Adam's European Contracting Inc.,238140,NYCHA,"Exterior masonry and parapet replacement, steel lintels and relieving angle replacement, windows rep","Laborers & Abatement 78 & 12A, International Union 14 &15A, Iron Workers 580, Mason Tenders District",1994-05-02T00:00:00.000,"Flood Elimination, Façade Brick Replacement, 
Window Replacement, Façade Waterproofing, New POD Inst","Asbestos Abatement, Parapet Replacement, Roof Replacement, Window Replacement, Face Brick Replacemen",123142510.0,11237,WBE,"Foundation, Structure, and Building Exterior Contractors",Masonry Contractors,NYCSCA,3029890001.0,450000000.0,44902.0,"GENERAL CONSTRUCTION FIRM specializing in the following:                    - Exterior Modifications including Exterior Masonry, Concrete, Roofing and Waterproofing, Steel Work, Excavation, Piling, Sheeting
- Historical Restoration including Exterior and Interior work 
- Interior Modifications including Carpentry, Plaster and Paint, Interior Finishes, Mill Work
- Pipe Scaffolding
- Temporary Sidewalk Bridges/Deck/Overpass
- Asbestos Abatement and Remediation
- Removal of Toxic Hazardous site materials
- Remediation Soil Stabilization",89.0
356352,"ALL AROUND TRANS, INC.",485310,Coney Island Hospital,,,2000-11-13T00:00:00.000,Hospital discharges and non-emergency transportation,,45.0,11235,WBE,Taxi and Limousine Service,Taxi and Ridesharing Services,,3088330001.0,,628.0,"We are a non-emergency medical transportation (ambulette) company serving south Brooklyn since 2000. We take pride in our work, helping people with special needs and elderly in our community to get to their medical appointments, day care programs and any other activities that require transportation. We accept majority of insurances, including medicaid and HMO's .",
389806,3DI INC,485310,Sentry,Picked up passengers and dropped them off at their location.,,2020-09-18T00:00:00.000,Picked up passengers and dropped them off.,,28510697.0,11758,MBE,Taxi and Limousine Service,Taxi and Ridesharing Services,MAS Medicaid,,,,3DI Inc provides reliable and comfortable taxi services. The company maintains a clean and safe environment to make sure that clients are picked up on time and arrive on time.,
370716,A.B.P.R. LOGISTICS LLC,561431,"New York League of Puerto Rican Women, Inc.",we printed 5000 flyers and 5000 business cards for the NY small business expo show.,,2022-02-21T00:00:00.000,"Designed and printed 100 full colour 40 page programs. Also created logo, letterhead, forms, sticker","printed 1,336 full colour brochures on card stock as sales tools",2500.0,11237,MBE,Business Support Services,Private Mail Centers,Triple A Plaza,3032760034.0,,421.0,"Dependable Printing and Shipping Solutions
PostNet is your one-stop shop for reliable print, design, and shipping solutions. Put simply, our bottom line is built around helping others succeed, and our customers are at the heart of everything we do.
For your convenience, we provide custom graphic design, high-quality printing, multi-carrier shipping services, and more, so you can tackle everything on your to-do list quickly and in one place.

From business cards to signs, banners, posters, postcards, newsletters, stickers, flyers,  blueprints, t-shirts, hats, aprons, Direct Mail, and all small business and personal print projects in between, we've got your back with our full-service printing capabilities. Need to ship something? We offer custom packing and shipping options through UPS, FedEx and US Postal Service, so you can always choose what works best for you. 
In addition, we have on site
Binding
Fax
Laminating
Mailbox Rental
Notary Public
Passport Photos/services
Scanning Services
Shredding Services
Virtual Mailbox Rental",95.0
5883,"Anchor Medical Supply, Inc.",622110,US Marine Corp,scrubs and masks and lab coats and lab jackets,,2002-01-15T00:00:00.000,CRUTCHES  to prevent secondary injuries,Bouffants and shoe covers,240600.0,10174,"MBE,WBE",General Medical and Surgical Hospitals,General Medical and Surgical Hospitals,Kings County Hospital Center,,,,"Distribution of non-prescriptive medical supplies & equipment

Also medical training and services such as stop the bleed classes, CPR classes, First Aid classes etc",100.0
6783,"Area Engineering, Inc.",541330,"Gannett Fleming, Inc.",Superstructure Replacement,,2002-10-02T00:00:00.000,Design of bridge widening and Superstructure replacement,"Substructure Inspection, Jacking Scheme, Seismic Retrofit",908129.0,8902,MBE,"Architectural, Engineering, and Related Services",Engineering Services,"Department of Public Works, Essex County",,,,"AREA Engineering, Inc. (AREA) is a certified SBE/MBE/DBE Structural Engineering firm. AREA has a strong team of engineers who have experience in both rehabilitation design and design of new bridges ranging from simple span bridges to complex curved girder designs. All employees at AREA have a Masters Degree in Structural Engineering and over 15 years of experience, allowing us to excel at technically challenging projects. AREA has a strong team of engineers who have had leadership roles on projects with Construction Values up to $100 Million.",100.0
10492,"American Architectural Windows, Inc.",238350,Notias Construction,Installation of Windows,,2009-06-12T00:00:00.000,Supply & install of windows & child window guards (child safety),Supply & install of windows and child window guards,1241785.0,11206,MBE,Building Finishing Contractors,Finish Carpentry Contractors,Mega Contracting,3030300001.0,,485.0,Window installation company that also manufactures child safety window guards.,100.0
3371,ABS Contracting NY Corp.,236115,Kanwal Kumar Janda,Filed and obtained construction permits. Installed temporary chain link fence at the front of the ho,,2006-06-15T00:00:00.000,"Did construction, insulation, plumbing and electrical work.",,626000.0,11420,MBE,Residential Building Construction,New Single-Family Housing Construction (except For-Sale Builders),Richner Erisnor,4117670020.0,,818.0,"ABS Contracting does residential construction and commercial renovations. The company specializes in masonry, roofing and concrete work.",
363435,Arc Interior Construction Inc.,238990,Humphrey Rich,"Drywall installation, framing, rocking",,2004-10-15T00:00:00.000,"Drywall, rocking, framing",,2698379.0,10018,MBE,Other Specialty Trade Contractors,All Other Specialty Trade Contractors,The Dagit Group,1008130050.0,2500000000.0,109.0,Drywall Installation,
5561,Abrahams Consulting LLC,423430,Securities & Exchange Commission,protecting large files transfers,,2006-04-24T00:00:00.000,Recommended Database Security Solution,Software for data protection,3000000.0,11432,"MBE,WBE",Professional and Commercial Equipment and Supplies Merchant Wholesalers,Computer and Computer Peripheral Equipment and Software Merchant Wholesalers,Queens District Attorney,4098840021.0,,464.0,"Abrahams Consulting core competencies revolve around the resale of Information Technology Hardware, software and peripherals, Niche solutions which focus on  Network Security, Storage and Networking. Additionally, Managed services and Technical staffing enable us to meet the service needs of our clients.

Our goal remains  the ability to save time for our clients while allowing them the opportunity to glean the greatest return on investment possible.",100.0
10208,ACCELERATED INFORMATION SYSTEMS INC.,541512,Orange County NY,"Laserfiche Cloud's installation, configuration, development, integration, consultation and training.",,2005-03-02T00:00:00.000,"Implement Laserfiche Records Management system, create records management series, deploy workflow an","Laserfiche Cloud's installation, configuration, development, integration, consultation and training.",161681.0,11788,MBE,Computer Systems Design and Related Services,Computer Systems Design Services,"City of Acworth, GA",,,,"Accelerated Information Systems is an award-winning professional services firm focused on solving content management and workflow challenges. We specialize in Laserfiche Enterprise Content Management software, Records Management, electronic forms, web forms, workflow, business process automation, FileFacets Content Analytics, Content Conversion, Migration, and Artsyl docAlpha document processing and data extraction.",100.0
368025,"A Martin & Industries, LLC",611110,"Brown Hands, LLC",,,2017-07-18T00:00:00.000,Sold children's books.,,485.0,11225,MBE,Elementary and Secondary Schools,Elementary and Secondary Schools,,3013327505.0,,806.0,"A. Martin & Industries provides educational consulting for childhood literacy through reading and specialized programming, college preparation services/programming for prospective college students, and professional development.",
10163,"AARK Interstate Contractor, Inc.",236220,,,,1996-12-01T00:00:00.000,,,,7446,MBE,Nonresidential Building Construction,Commercial and Institutional Building Construction,,,10000000.0,,"General Contractor and Construction Manager, commercial, institutional, multi-family, mixed-use.",
10472,Amadeus Marble & Granite Corp.,238340,Technico Construction Services,"Ceramic tile work, stone work, terrazzo work.  Install tiles on the floor and base, thinset installa",Bricklayers 7,1991-11-26T00:00:00.000,Ceramic tile work: Furnish and install tiles on the floor over mortar bed and waterproofing membrane,"Ceramic tile work at Pool Interior and Pool Deck, thinset installation, waterproofing membrane, and",585000.0,10474,WBE,Building Finishing Contractors,Tile and Terrazzo Contractors,RXR Construction,2027360208.0,,9302.0,"Services include installation of ceramic tiles, quarry tiles, glass tiles, marble tiles, granite tiles, stone tiles, terrazzo tiles, epoxy terrazzo, Portland cement terrazzo, soapstone, bluestone. Stone work, granite work, marble work, tile work. Installation and fabrication of granite, marble, stone, quartz stone countertops, vanity tops, fireplaces",
104108,Agios World Wide Inc.,519290,New York State Police,Provide licenses for Twilio - ongoing,,2016-08-12T00:00:00.000,5 Year contract providing forensic tools and training - Agios is a reseller of Teel Technologies,Provide licenses for TLOXP - ongoing project,4159787.0,11787,WBE,"Web Search Portals, Libraries, Archives, and Other Information Services",Web Search Portals and All Other Information Services,DOHMH,,,,"Agios World Wide Inc  is a NYS, NYC and PANYNJ certified WBE technology provider.
We can assist you with your software and hardware purchases by providing competitive pricing and exceptional customer service.  
We have partnered with top manufacturers and software companies to provide solutions for: 
wireless access control - biometric authentication, data management integration and analytics, forensic tools.

Our partners include:
Teel Technologies -Forensic Tools and Training  -
Tec Solutions /Cyberlock /Flashlock / NarcLock/ FlexSystem  -
Dell  -
Avigilon/Motorola  -
Docusign  -
Red Hat  -
Thales  -
SSOGEN  -
Twilio  -",100.0
359049,3G Security Corp,561612,Griffon Development,Provide Mobile Patrol Uniform Security Guards to Protect The Cintas Fleet Vehicles from theft or dam,,,Supply Uniform Security Guards to the jobsite and maintain all areas are locked and secured.,Provide Uniform Security Guards at the main door securing 2 separate buildings from intruders.,169910.0,11563,MBE,Investigation and Security Services,Security Guards and Patrol Services,Cintas,,,,"Commercial Security to Residential Security and everything in between Blue Line Security Group has you covered.  We are owned and operated by Active Law Enforcement with over 25 years experience and have been providing security services in New York City for over 15 years.  We are fully licensed, bonded, and insured and standing by to provide you with peace of mind .",0.0
1524,Artech LLC,541618,City of New York OTI,Staff Augmentation,,1992-03-01T00:00:00.000,Staff Augmentation,Staff Augmentation,698700.0,7960,MBE,"Management, Scientific, and Technical Consulting Services",Other Management Consulting Services,City of New York Police Department,,,,"Founded in 1992, Artech provides comprehensive Workforce Solutions including Contingent Staffing, SOW-Project Based Services, Recruitment Process Outsourcing, and NOC Services & Support.  Artech has an estimated $920M annual revenue run rate for 2024 and approximately 11,500 employees and consultants across the U.S., Canada, India, and the Philippines.    

Artech is a minority- and women-owned business enterprise (MWBE) and is ranked the #1 largest women-owned IT staffing firm in the US and the #11 largest IT staffing firm in the US by Staffing Industry Analysts (SIA).  The company is very active in the diversity community and its president, Ranjini Poddar, has served on the WBENC Board of Directors and was the WBE Co-chair for the WBENC National Conference in 2009 and again in 2013. Artech is an NMSDC Corporate Plus® member and won the prestigious NMSDC National Supplier of the Year award in 2009 – this is the highest honor a minority supplier can receive.  Artech is also certified by the Women’s Business Enterprise National Council (WBENC), and the California Public Utilities Commission (CPUC).  

As the largest woman-owned IT Staffing firm in the United States, Artech is committed, both in practice and in principle, to helping underrepresented populations of workers explore and expand their careers in Information Technology and other STEM disciplines. As a supplier, Artech provides a platform for diversity spend that goes beyond our certification as both Woman and Minority owned.  While diverse supply chain initiatives help meet both internal diversity spend initiatives, Artech focuses on the gains that can be made in actual worker participation rates. 

Artech currently employs over 6,400 contractors coast-to-coast across the U.S., supporting more than 85 Fortune 500 and government clients.  Artech’s global headquarters is in located Morristown, NJ, and the firm maintains a strategic presence up and down the eastern seaboard in Massachusetts, New York, New Jersey, Pennsylvania, Virginia, North Carolina, Georgia, and Florida.  In the Midwest and Southwest, Artech has several offices in major metropolitan areas such as Chicago, Minneapolis, Dallas, and Phoenix.  On the West Coast, Artech is strongly represented by five offices / service delivery centers in California, Arizona and Washington.

Artech has extensive staff augmentation experience in both IT and non-IT categories.  Artech provides a variety of workforce solutions to meet the needs of its clients in support of job categories such as Information Technology (IT); Engineering; Professional and Managerial; Scientific, Clinical and regulatory; HR; Legal; Sales and Marketing; Design; and Finance and Accounting.   

Artech supports a variety of commercial and government clients, including over 85 Fortune 500 and Global 500 clients worldwide.  Besides its leadership in staff augmentation services in areas such as IT, Professional and Engineering, Artech also specializes in supporting such niche areas as big data, business intelligence and data warehousing, cloud computing, mobility, and ERP solutions for clients such as IBM, Intel, Accenture, Wells Fargo, Google, Best Buy, Expedia, Capital One, DXC Technology, Texas Instruments, Microsoft, and others.

All Artech services are supported by a holistic workflow methodology that ties together its dedicated team structure and single point of contact, mature recruiting process, and cutting-edge tools (people, processes and technology) to generate one continuous workflow stream.

Over the last 32 years, Artech has grown every year because of its strong belief in investments into new and innovative technology platforms, human capital, process driven operations management, and conservative financial policies. Artech’s social investments include long term support to programs including advancement of Women in STEM, child education and funding of various autoimmunity based medical research initiatives in partnership with leading institutions such as Yale Medicine and Hackensack University Medical Center.",100.0
342721,1 Of A Kind Home Health Care L.L.C.,621610,Jan Jaskot,Home Health Care,,,Home Health Care,Home Health Care,150.0,11237,"MBE,WBE",Home Health Care Services,Home Health Care Services,Helena Zak,3031580123.0,,427.0,NYS Licensed Home Health Agency,100.0
100690,Ainsworth & Lloyd Inc.,541614,Deloitte Consulting,Leadership and Manager Development training designed to teach new managers the difference between le,,2009-09-21T00:00:00.000,"Provide scope, plan, and implementation support for the District of Columbia New Financial
System (N",• Documented and reviewed current state processes across several workstreams and identified improvem,1202080.0,20005,MBE,"Management, Scientific, and Technical Consulting Services","Process, Physical Distribution, and Logistics Consulting Services",District of Columbia Public Schools Food & Nutrition Services (FNS),,,,"AinsworthLloyd is an operations and technology consulting firm that specializes in process automation, operational excellence, organization design, agile project management, systems integration, and systems administration. We employ our knowledge, experience, insight and creativity to ensure our clients’ problems are solved and their hurdles are surmounted. Our consulting experts are best placed to go beyond design and strategy and are poised to help our clients manage costs, budget accurately and invest wisely for continued growth and achievement of mission.",100.0
322245,A Plus Asbestos Investigation Inc,541620,NYC PACT Preservation MM LLC,Asbestos inspection for fire alarm modification to hotel.,,2019-12-01T00:00:00.000,Asbestos Inspection of building for façade of roof repairs.,Asbestos inspection of multi-story building for planned expansion and renovations.,315200.0,7748,WBE,"Management, Scientific, and Technical Consulting Services",Environmental Consulting Services,Metro Motel LLC,,,,"A Plus Asbestos Investigation Inc. is a fully licensed and insured asbestos and mold inspection company serving the greater New York City metropolitan area. With extensive experience and a dedicated team of certified professionals, we offer comprehensive environmental inspection services, including asbestos and mold detection, sampling, and analysis as well as project oversight and planning for remediation and abatement. We are committed to providing safe, reliable, and accurate assessments for residential, commercial, and industrial properties.",100.0
370069,"AMPP Consulting, LLC",541618,NYCHA,,,2021-07-28T00:00:00.000,"Wide-ranging project planning and project management tasks, including process analysis, organization",,100500.0,10016,WBE,"Management, Scientific, and Technical Consulting Services",Other Management Consulting Services,,1009367501.0,,7001.0,"AMPP Consulting, LLC provides project planning and implementation services, strategy consulting, and full facilitation and workshop support across most industries.",
324416,Abcus LLC,449110,Greg George,Sale of Kitchen Cabinets,,2010-01-17T00:00:00.000,Sale of Kitchen Cabinets,Sale of Kitchen Cabinets,10252.8,10803,"MBE,WBE",Furniture and Home Furnishings Retailers,Furniture Retailers,Matthew Pope,,,,Sale of kitchen cabinets,100.0
340344,4Holders LLC,238110,Paramount Construction,Poured concrete and installed concrete footing.,,1991-04-11T00:00:00.000,"Installed concrete footings, foundation, frost-wall, pier footings, garage slab-on-grade and the fro",,150000.0,11010,MBE,"Foundation, Structure, and Building Exterior Contractors",Poured Concrete Foundation and Structure Contractors,Due Fratelli Development,,750000.0,,"4Holders provides project management and logistics and supply chain management services. The company specializes in concrete foundation, concrete flatwork and drywall installation.",
10263,Admiral Energy Corp.,457210,544 157 HDFC,Deliver 1195 gallons of oil,,2013-09-10T00:00:00.000,Delivery of 3000 #4 oil,Deliver 1500 gallons of oil,6207.0,10306,WBE,Fuel Dealers,Fuel Dealers,"First SErvice Residential, LLC",5022440022.0,10000.0,279.0,"Purchase, Sell, Deliver non-highway Diesel Motor Fuel.",100.0
