property_id,address_1,natural_gas_use_therms,last_modified_date_gas_meters,data_center_energy_estimates_applied,supermarket_grocery_number_of_open_or_closed_refrigeration_freezer_units,district_chilled_water_use_kbtu,hospital_general_medical_surgical_licensed_bed_capacity,data_center_pdu_input_meter_kwh,estimated_data_flag_district_steam,multifamily_housing_government_subsidized_housing,hospital_general_medical_surgical_number_of_staffed_beds,third_party_certification_date_anticipated,hospital_general_medical_surgical_mri_density_number_per_1_000_sq_ft,social_meeting_hall_gross_floor_area_ft,office_gross_floor_area_ft,multifamily_housing_number_of_residential_living_units_in_a_mid_rise_building_5_9_stories,property_gfa_self_reported_ft,office_percent_that_can_be_heated,senior_living_community_gross_floor_area_ft,fuel_oil_4_use_kbtu,nyc_borough_block_and_lot_bbl,number_of_active_it_meters,weather_normalized_source_eui_kbtu_ft,generation_date,food_service_gross_floor_area_ft,data_center_gross_floor_area_ft,medical_office_weekly_operating_hours,hotel_gross_floor_area_ft,green_power_onsite_and_offsite_kwh,energy_star_score,data_center_ups_system_redundancy,other_gross_floor_area_ft,hospital_general_medical_surgical_laboratory,multifamily_housing_gross_floor_area_ft,municipally_supplied_potable_water_total_use_all_meter_types_kgal,site_eui_kbtu_ft,weather_normalized_site_eui_kbtu_ft,financial_office_number_of_workers_on_main_shift,estimated_values_energy,weather_normalized_site_electricity_kwh,occupancy,electricity_use_generated_from_onsite_renewable_systems_kwh,multifamily_housing_number_of_laundry_hookups_in_common_area_s,restaurant_gross_floor_area_ft,fuel_oil_1_use_kbtu,outdoor_water_use_all_water_sources_kgal,latitude,weather_normalized_source_energy_use_kbtu,ambulatory_surgical_center_gross_floor_area_ft,_3rd_largest_property_use_type,source_energy_use_kbtu,data_center_it_equipment_input_meter_kwh,electricity_use_generated_from_onsite_renewable_systems_and_used_onsite_kwh,construction_status,property_gfa_calculated_buildings_ft,district_steam_use_kbtu,medical_office_number_of_computers,estimated_data_flag_electricity_grid_purchase,third_party_certification,longitude,retail_store_number_of_walk_in_refrigeration_freezer_units
1634643,4140 Hutchinson River Park East,348.0000001,04/12/2021 02:33 PM EDT,Not Available,Not Available,Not Available,Not Available,Not Available,Not Available,Not Available,Not Available,Not Available,Not Available,Not Available,Not Available,Not Available,147600,Not Available,Not Available,Not Available,2051350200,0,103.8,2021-05-28T17:13:14.000,Not Available,Not Available,Not Available,Not Available,0.0,76,Not Available,Not Available,Not Available,Not Available,Not Available,64.4,70.5,Not Available,No,514599.9,100,Not Available,Not Available,Not Available,Not Available,Not Available,40.864196,15324680.5,Not Available,Not Available,14234284.1,Not Available,Not Available,Existing,147600.0,Not Available,Not Available,No,Not Available,-73.817352,Not Available
1633653,149-11 Melbourne Avenue,36606.99987,04/12/2021 02:42 PM EDT,Not Available,Not Available,Not Available,Not Available,Not Available,Not Available,Not Available,Not Available,Not Available,Not Available,Not Available,Not Available,Not Available,210100,Not Available,Not Available,Not Available,4065070200,0,98.8,2021-05-28T17:12:38.000,Not Available,Not Available,Not Available,Not Available,0.0,78,Not Available,Not Available,Not Available,Not Available,Not Available,45.1,49.7,Not Available,No,1642399.8,100,Not Available,Not Available,Not Available,Not Available,Not Available,40.73439,20754807.8,Not Available,Not Available,19748794.6,Not Available,Not Available,Existing,210100.0,Not Available,Not Available,No,Not Available,-73.821392,Not Available
1634117,8 Henry Street,31762.00171,04/12/2021 02:42 PM EDT,Not Available,Not Available,Not Available,Not Available,Not Available,Not Available,Not Available,Not Available,Not Available,Not Available,Not Available,Not Available,Not Available,87680,Not Available,Not Available,Not Available,1002790040,0,93.2,2021-05-28T17:12:57.000,Not Available,Not Available,Not Available,Not Available,0.0,83,Not Available,Not Available,Not Available,Not Available,Not Available,52.6,61.5,Not Available,No,420799.9,100,Not Available,Not Available,Not Available,Not Available,Not Available,40.71276,8170281.4,Not Available,Not Available,7355165.0,Not Available,Not Available,Existing,87680.0,Not Available,Not Available,No,Not Available,-73.997489,Not Available
1633195,93-11 101 1st Avenue,41629.99847,04/12/2021 02:53 PM EDT,Not Available,Not Available,Not Available,Not Available,Not Available,Not Available,Not Available,Not Available,Not Available,Not Available,Not Available,Not Available,Not Available,187325,Not Available,Not Available,0,4090670001,0,69.3,2021-05-28T17:13:10.000,Not Available,Not Available,Not Available,Not Available,0.0,87,Not Available,Not Available,Not Available,Not Available,23.2,37.8,39.6,Not Available,No,869180.2,100,Not Available,Not Available,Not Available,Not Available,Not Available,,12976602.6,Not Available,Not Available,12522281.7,Not Available,Not Available,Existing,187325.0,Not Available,Not Available,No,Not Available,,Not Available
1677104,1301 Avenue of the Americas,621761.886,05/11/2021 01:13 PM EDT,100% Yes,Not Available,Not Available,Not Available,0,No,Not Available,Not Available,Not Available,Not Available,Not Available,1994933,Not Available,2030239,100,Not Available,Not Available,1-01005-0029,1,140.8,2021-05-14T12:33:13.000,Not Available,16957,Not Available,Not Available,0.0,76,N+1,Not Available,Not Available,Not Available,16088.7,87.3,87.3,Not Available,No,15054869.4,100,Not Available,Not Available,Not Available,Not Available,Not Available,40.761244,285860794.1,Not Available,Data Center,285860794.1,0,Not Available,Existing,2030239.0,63794643.8,Not Available,No,Not Available,-73.979457,0
1836464,250 West 18th Street,10506.99991,04/12/2021 02:42 PM EDT,Not Available,Not Available,Not Available,Not Available,Not Available,Not Available,Not Available,Not Available,Not Available,Not Available,Not Available,Not Available,Not Available,48953,Not Available,Not Available,Not Available,1007670068,0,135.7,2021-05-28T17:12:02.000,Not Available,Not Available,Not Available,Not Available,0.0,45,Not Available,Not Available,Not Available,Not Available,0.9,59.9,65.1,Not Available,No,551999.9,100,Not Available,Not Available,Not Available,Not Available,Not Available,40.741657,6641439.7,Not Available,Not Available,6376822.3,Not Available,Not Available,Existing,48953.0,Not Available,Not Available,No,Not Available,-73.999307,Not Available
1633395,850 Grand Street,335.0000174,04/12/2021 02:50 PM EDT,Not Available,Not Available,Not Available,Not Available,Not Available,Not Available,Not Available,Not Available,Not Available,Not Available,Not Available,Not Available,Not Available,504000,Not Available,Not Available,18050563.8,3030160001,0,75.3,2021-05-28T17:11:37.000,Not Available,Not Available,Not Available,Not Available,0.0,92,Not Available,Not Available,Not Available,Not Available,Not Available,47.7,53.6,Not Available,No,1749600.0,100,Not Available,Not Available,Not Available,Not Available,Not Available,40.712184,37952729.6,Not Available,Not Available,34981224.7,Not Available,Not Available,Existing,504000.0,Not Available,Not Available,No,Not Available,-73.939722,Not Available
1836696,160 Beach 29th Street,66583.99816,04/12/2021 02:53 PM EDT,Not Available,Not Available,Not Available,Not Available,Not Available,Not Available,Not Available,Not Available,Not Available,Not Available,Not Available,Not Available,Not Available,167480,Not Available,Not Available,Not Available,4158200001,0,100.6,2021-05-28T17:11:44.000,Not Available,Not Available,Not Available,Not Available,0.0,82,Not Available,Not Available,Not Available,Not Available,1314.5,59.2,63.4,Not Available,No,954319.9,100,Not Available,Not Available,Not Available,Not Available,Not Available,40.593834,16846033.6,Not Available,Not Available,16108511.7,Not Available,Not Available,Existing,167480.0,Not Available,Not Available,No,Not Available,-73.76174,Not Available
1836498,400 Pennsylvania Avenue,144121.0012,04/12/2021 02:50 PM EDT,Not Available,Not Available,Not Available,Not Available,Not Available,Not Available,Not Available,Not Available,Not Available,Not Available,Not Available,Not Available,Not Available,274800,Not Available,Not Available,Not Available,3037880001,0,97.3,2021-05-28T17:12:47.000,Not Available,Not Available,Not Available,Not Available,0.0,76,Not Available,Not Available,Not Available,Not Available,967,65.5,71,Not Available,No,1047599.9,100,Not Available,Not Available,Not Available,Not Available,Not Available,40.667456,26741772.8,Not Available,Not Available,25141057.2,Not Available,Not Available,Existing,274800.0,Not Available,Not Available,No,Not Available,-73.894747,Not Available
1819837,15-30 Petracca Place,24662.72058,03/24/2021 12:17 PM EDT,Not Available,Not Available,Not Available,Not Available,Not Available,Not Available,Not Available,Not Available,Not Available,Not Available,Not Available,Not Available,Not Available,92705,Not Available,Not Available,Not Available,4-04125-0001,0,127.6,2021-03-28T14:41:55.000,Not Available,Not Available,Not Available,Not Available,0.0,Not Available,Not Available,Not Available,Not Available,Not Available,1037.5,60.5,65.1,Not Available,No,920156.4,100,Not Available,Not Available,Not Available,Not Available,Not Available,40.783399,11831327.1,Not Available,Not Available,11380392.9,Not Available,Not Available,Existing,92705.0,Not Available,Not Available,No,Not Available,-73.827742,Not Available
1633931,360 East 168th Street,10016.00006,04/12/2021 02:33 PM EDT,Not Available,Not Available,Not Available,Not Available,Not Available,Not Available,Not Available,Not Available,Not Available,Not Available,Not Available,Not Available,Not Available,103300,Not Available,Not Available,Not Available,2024350075,0,104.7,2021-05-28T17:12:50.000,Not Available,Not Available,Not Available,Not Available,0.0,77,Not Available,Not Available,Not Available,Not Available,41.1,74.5,77.7,Not Available,No,433840.0,100,Not Available,Not Available,Not Available,Not Available,Not Available,40.832866,10812231.8,Not Available,Not Available,10464978.0,Not Available,Not Available,Existing,103300.0,Not Available,Not Available,No,Not Available,-73.911418,Not Available
1633372,800 Bushwick Avenue,5772.000093,04/12/2021 02:50 PM EDT,Not Available,Not Available,Not Available,Not Available,Not Available,Not Available,Not Available,Not Available,Not Available,Not Available,Not Available,Not Available,Not Available,123600,Not Available,Not Available,Not Available,3032410037,0,65.3,2021-05-28T17:13:00.000,Not Available,Not Available,Not Available,Not Available,0.0,85,Not Available,Not Available,Not Available,Not Available,707.4,45.3,46,Not Available,No,376160.0,100,Not Available,Not Available,Not Available,Not Available,Not Available,40.694921,8071078.7,Not Available,Not Available,7976939.9,Not Available,Not Available,Existing,123600.0,Not Available,Not Available,No,Not Available,-73.927931,Not Available
1634339,4210 Arthur Kill Road,4577.000066,04/12/2021 02:53 PM EDT,Not Available,Not Available,Not Available,Not Available,Not Available,Not Available,Not Available,Not Available,Not Available,Not Available,Not Available,Not Available,Not Available,21660,Not Available,Not Available,Not Available,5073150007,0,65.8,2021-05-28T17:12:17.000,Not Available,Not Available,Not Available,Not Available,0.0,97,Not Available,Not Available,Not Available,Not Available,Not Available,38.8,40.8,Not Available,No,84000.0,100,Not Available,Not Available,Not Available,Not Available,Not Available,40.539795,1425932.9,Not Available,Not Available,1380653.4,Not Available,Not Available,Existing,21660.0,Not Available,Not Available,No,Not Available,-74.237549,Not Available
1633917,4600 Broadway,530.999992,04/12/2021 02:42 PM EDT,Not Available,Not Available,Not Available,Not Available,Not Available,Not Available,Not Available,Not Available,Not Available,Not Available,Not Available,Not Available,Not Available,210000,Not Available,Not Available,4964000,1021720016,0,64.6,2021-05-28T17:11:50.000,Not Available,Not Available,Not Available,Not Available,0.0,92,Not Available,Not Available,Not Available,Not Available,2414.4,38.3,38.3,Not Available,No,889599.9,100,Not Available,Not Available,Not Available,Not Available,Not Available,40.86079,13568277.7,Not Available,Not Available,13568277.7,Not Available,Not Available,Existing,210000.0,Not Available,Not Available,No,Not Available,-73.930672,Not Available
1633852,101-23 124th Street,21754.99915,04/12/2021 02:53 PM EDT,Not Available,Not Available,Not Available,Not Available,Not Available,Not Available,Not Available,Not Available,Not Available,Not Available,Not Available,Not Available,Not Available,103280,Not Available,Not Available,Not Available,4094910001,0,102.6,2021-05-28T17:11:59.000,Not Available,Not Available,Not Available,Not Available,0.0,57,Not Available,Not Available,Not Available,Not Available,545.2,50.8,53.5,Not Available,No,804399.9,100,Not Available,Not Available,Not Available,Not Available,Not Available,40.690812,10595726.4,Not Available,Not Available,10303870.2,Not Available,Not Available,Existing,103280.0,Not Available,Not Available,No,Not Available,-73.82166,Not Available
1633555,800 Gates Avenue,3.99999993,04/12/2021 02:50 PM EDT,Not Available,Not Available,Not Available,Not Available,Not Available,Not Available,Not Available,Not Available,Not Available,Not Available,Not Available,Not Available,Not Available,205200,Not Available,Not Available,Not Available,3016360001,0,90.6,2021-05-28T17:13:34.000,Not Available,Not Available,Not Available,Not Available,147180.0,77,Not Available,Not Available,Not Available,Not Available,307.1,49.6,52.6,Not Available,No,1260183.5,100,147363.6,Not Available,Not Available,Not Available,Not Available,40.68832,18596503.9,Not Available,Not Available,17967951.7,Not Available,147180,Existing,205200.0,Not Available,Not Available,No,Not Available,-73.932275,Not Available
1836532,110 Shafter Avenue,Not Available,Not Available,Not Available,Not Available,Not Available,Not Available,Not Available,Not Available,Not Available,Not Available,Not Available,Not Available,Not Available,Not Available,Not Available,14400,Not Available,Not Available,Not Available,5046300013,0,127.6,2021-05-28T17:11:59.000,Not Available,Not Available,Not Available,Not Available,0.0,89,Not Available,Not Available,Not Available,Not Available,Not Available,38.0,45.6,Not Available,No,192359.3,100,Not Available,Not Available,Not Available,Not Available,Not Available,40.554532,1837723.8,Not Available,Not Available,1532502.3,Not Available,Not Available,Existing,14400.0,Not Available,Not Available,No,Not Available,-74.148018,Not Available
1634273,415 89th Street,42789.00087,04/12/2021 02:50 PM EDT,Not Available,Not Available,Not Available,Not Available,Not Available,Not Available,Not Available,Not Available,Not Available,Not Available,Not Available,Not Available,Not Available,62180,Not Available,Not Available,Not Available,3060650043,0,177,2021-05-28T17:13:48.000,Not Available,Not Available,Not Available,Not Available,0.0,28,Not Available,Not Available,Not Available,Not Available,534.9,107.2,104.5,Not Available,No,699999.9,100,Not Available,Not Available,Not Available,Not Available,Not Available,40.619931,11002916.5,Not Available,Not Available,11180365.2,Not Available,Not Available,Existing,62180.0,Not Available,Not Available,No,Not Available,-74.028086,Not Available
1634753,28-04 41st Avenue,3364.999848,04/12/2021 02:42 PM EDT,Not Available,Not Available,Not Available,Not Available,Not Available,Not Available,Not Available,Not Available,Not Available,Not Available,Not Available,Not Available,Not Available,12710,Not Available,Not Available,Not Available,4004170016,0,82.6,2021-05-28T17:12:47.000,Not Available,Not Available,Not Available,Not Available,0.0,93,Not Available,Not Available,Not Available,Not Available,52.4,43.2,50.8,Not Available,No,62280.0,100,Not Available,Not Available,Not Available,Not Available,Not Available,40.751331,1050107.7,Not Available,Not Available,948323.2,Not Available,Not Available,Existing,12710.0,Not Available,Not Available,No,Not Available,-73.937434,Not Available
1261466,200 Liberty Street,2145.990304,03/26/2021 01:14 PM EDT,100% Yes,Not Available,Not Available,Not Available,0,No,Not Available,Not Available,Not Available,Not Available,Not Available,1412074,Not Available,1485610,100,Not Available,Not Available,1-00016-0120,6,159.2,2021-04-16T13:38:17.000,Not Available,73536,Not Available,Not Available,0.0,75,N+1,Not Available,Not Available,Not Available,8814.6,68.0,70.7,Not Available,Yes,20235305.4,100,Not Available,Not Available,Not Available,Not Available,Not Available,40.711425,236551676,Not Available,Parking,231774067.6,0,Not Available,Existing,1485610.0,31776721.3,Not Available,No,Not Available,-74.015442,Not Available
1633945,601 Newman Avenue,183.0000109,04/12/2021 02:33 PM EDT,Not Available,Not Available,Not Available,Not Available,Not Available,Not Available,Not Available,Not Available,Not Available,Not Available,Not Available,Not Available,Not Available,102000,Not Available,Not Available,4074568.4,2035640001,0,69.9,2021-05-28T17:13:01.000,Not Available,Not Available,Not Available,Not Available,0.0,85,Not Available,Not Available,Not Available,Not Available,Not Available,50.6,50.6,Not Available,No,313600.0,100,Not Available,Not Available,Not Available,Not Available,Not Available,40.818228,7130538,Not Available,Not Available,7130538.0,Not Available,Not Available,Existing,102000.0,Not Available,Not Available,No,Not Available,-73.856302,Not Available
1418514,351 E 68 St,Not Available,Not Available,Not Available,Not Available,Not Available,Not Available,Not Available,No,Not Available,Not Available,Not Available,Not Available,Not Available,20520,Not Available,60273,100,Not Available,Not Available,1-01443-0020,0,312.2,2021-04-05T12:47:10.000,Not Available,Not Available,Not Available,Not Available,0.0,Not Available,Not Available,Not Available,Not Available,Not Available,Not Available,136.9,138.8,Not Available,No,1606539.7,100,Not Available,Not Available,Not Available,Not Available,Not Available,40.76574,18819018.8,Not Available,Not Available,18925455.0,Not Available,Not Available,Existing,60273.0,2616909.2,Not Available,No,Not Available,-73.959026,Not Available
1633175,141-11 Holly Avenue,62983.99948,04/12/2021 02:42 PM EDT,Not Available,Not Available,Not Available,Not Available,Not Available,Not Available,Not Available,Not Available,Not Available,Not Available,Not Available,Not Available,Not Available,162476,Not Available,Not Available,Not Available,4052010021,0,119.6,2021-05-28T17:12:58.000,Not Available,Not Available,Not Available,Not Available,0.0,48,Not Available,Not Available,Not Available,Not Available,874.5,68.3,73.5,Not Available,No,1159493.3,100,Not Available,Not Available,Not Available,Not Available,Not Available,40.75146,19424259.4,Not Available,Not Available,18623597.1,Not Available,Not Available,Existing,162476.0,Not Available,Not Available,No,Not Available,-73.817849,Not Available
1633952,965 Longwood Avenue,1920.000093,04/12/2021 02:33 PM EDT,Not Available,Not Available,Not Available,Not Available,Not Available,Not Available,Not Available,Not Available,Not Available,Not Available,Not Available,Not Available,Not Available,102100,Not Available,Not Available,2584200,2027100001,0,54.7,2021-05-28T17:13:11.000,Not Available,Not Available,Not Available,Not Available,0.0,96,Not Available,Not Available,Not Available,Not Available,90.1,36.8,37,Not Available,No,287920.0,100,Not Available,Not Available,Not Available,Not Available,Not Available,40.817512,5587102.4,Not Available,Not Available,5562314.5,Not Available,Not Available,Existing,102100.0,Not Available,Not Available,No,Not Available,-73.898212,Not Available
1633774,70 Ocean Parkway,22491.99978,04/12/2021 02:50 PM EDT,Not Available,Not Available,Not Available,Not Available,Not Available,Not Available,Not Available,Not Available,Not Available,Not Available,Not Available,Not Available,Not Available,60000,Not Available,Not Available,Not Available,3053190001,0,112.4,2021-05-28T17:11:52.000,Not Available,Not Available,Not Available,Not Available,0.0,75,Not Available,Not Available,Not Available,Not Available,Not Available,64.2,68.5,Not Available,No,407597.5,100,Not Available,Not Available,Not Available,Not Available,Not Available,40.648884,6742355.4,Not Available,Not Available,6501282.3,Not Available,Not Available,Existing,60000.0,Not Available,Not Available,No,Not Available,-73.975607,Not Available
1634069,116-01 Guy Brewer Boulevard,29077.00057,04/12/2021 02:53 PM EDT,Not Available,Not Available,Not Available,Not Available,Not Available,Not Available,Not Available,Not Available,Not Available,Not Available,Not Available,Not Available,Not Available,197423,Not Available,Not Available,Not Available,4123350049,0,148.1,2021-05-28T17:11:52.000,Not Available,Not Available,Not Available,Not Available,0.0,21,Not Available,Not Available,Not Available,Not Available,804.9,62.8,63.9,Not Available,No,2683199.6,100,Not Available,Not Available,Not Available,Not Available,Not Available,40.686329,29246754.1,Not Available,Not Available,29035754.2,Not Available,Not Available,Existing,197423.0,Not Available,Not Available,No,Not Available,-73.784216,Not Available
1634533,33-09 35th Avenue,60437.99711,04/12/2021 02:42 PM EDT,Not Available,Not Available,Not Available,Not Available,Not Available,Not Available,Not Available,Not Available,Not Available,Not Available,Not Available,Not Available,Not Available,126125,Not Available,Not Available,Not Available,4006100001,0,113.9,2021-05-28T17:13:30.000,Not Available,Not Available,Not Available,Not Available,0.0,59,Not Available,Not Available,Not Available,Not Available,Not Available,70.2,77.4,Not Available,No,690799.9,100,Not Available,Not Available,Not Available,Not Available,Not Available,40.757309,14359864.6,Not Available,Not Available,13408915.4,Not Available,Not Available,Existing,126125.0,Not Available,Not Available,No,Not Available,-73.926733,Not Available
1633150,101 Park Avenue,50986.99875,04/12/2021 02:50 PM EDT,Not Available,Not Available,Not Available,Not Available,Not Available,Not Available,Not Available,Not Available,Not Available,Not Available,Not Available,Not Available,Not Available,166800,Not Available,Not Available,Not Available,3020280001,0,63.3,2021-05-28T17:12:14.000,Not Available,Not Available,Not Available,Not Available,0.0,95,Not Available,Not Available,Not Available,Not Available,Not Available,41.7,41.7,Not Available,No,545599.9,100,Not Available,Not Available,Not Available,Not Available,Not Available,40.696324,10566079.2,Not Available,Not Available,10566079.2,Not Available,Not Available,Existing,166800.0,Not Available,Not Available,No,Not Available,-73.97578,Not Available
1634442,195 Sanford Street,43570.9998,04/12/2021 02:50 PM EDT,Not Available,Not Available,Not Available,Not Available,Not Available,Not Available,Not Available,Not Available,Not Available,Not Available,Not Available,Not Available,Not Available,96000,Not Available,Not Available,Not Available,3017650015,0,96.8,2021-05-28T17:12:17.000,Not Available,Not Available,Not Available,Not Available,0.0,74,Not Available,Not Available,Not Available,Not Available,Not Available,66.2,72,Not Available,No,347600.0,100,Not Available,Not Available,Not Available,Not Available,Not Available,40.693018,9297111.7,Not Available,Not Available,8717989.0,Not Available,Not Available,Existing,96000.0,Not Available,Not Available,No,Not Available,-73.953034,Not Available
1836733,1401 Emmons Avenue,42852.00001,04/12/2021 02:50 PM EDT,Not Available,Not Available,Not Available,Not Available,Not Available,Not Available,Not Available,Not Available,Not Available,Not Available,Not Available,Not Available,Not Available,170400,Not Available,Not Available,Not Available,3087670026,0,63.7,2021-05-28T17:12:04.000,Not Available,Not Available,Not Available,Not Available,0.0,93,Not Available,Not Available,Not Available,Not Available,482.7,37.5,40,Not Available,No,618399.9,100,Not Available,Not Available,Not Available,Not Available,Not Available,40.583125,10858134.2,Not Available,Not Available,10407406.1,Not Available,Not Available,Existing,170400.0,Not Available,Not Available,No,Not Available,-73.954037,Not Available
1634431,350 Gerard Avenue,27189.00014,04/12/2021 02:33 PM EDT,Not Available,Not Available,Not Available,Not Available,Not Available,Not Available,Not Available,Not Available,Not Available,Not Available,Not Available,Not Available,Not Available,126600,Not Available,Not Available,Not Available,2023440096,0,108.2,2021-05-28T17:12:28.000,Not Available,Not Available,Not Available,Not Available,0.0,80,Not Available,Not Available,Not Available,Not Available,355.3,48.6,57.3,Not Available,No,1019556.4,100,Not Available,Not Available,Not Available,Not Available,Not Available,40.815938,13701130.9,Not Available,Not Available,12484874.5,Not Available,Not Available,Existing,126600.0,Not Available,Not Available,No,Not Available,-73.930386,Not Available
1634004,1137 Herkimer Street,466.0000194,04/12/2021 02:50 PM EDT,Not Available,Not Available,Not Available,Not Available,Not Available,Not Available,Not Available,Not Available,Not Available,Not Available,Not Available,Not Available,Not Available,228000,Not Available,Not Available,Not Available,3015500001,0,55.6,2021-05-28T17:11:51.000,Not Available,Not Available,Not Available,Not Available,0.0,98,Not Available,Not Available,Not Available,Not Available,85.4,35.1,38.2,Not Available,No,632799.9,100,Not Available,Not Available,Not Available,Not Available,Not Available,40.677805,12669239.7,Not Available,Not Available,11940323.7,Not Available,Not Available,Existing,228000.0,Not Available,Not Available,No,Not Available,-73.915843,Not Available
1633869,1375 kace Avenue,22250.99697,04/12/2021 02:33 PM EDT,Not Available,Not Available,Not Available,Not Available,Not Available,Not Available,Not Available,Not Available,Not Available,Not Available,Not Available,Not Available,Not Available,55080,Not Available,Not Available,Not Available,2044740001,0,109.6,2021-05-28T17:13:01.000,Not Available,Not Available,Not Available,Not Available,0.0,75,Not Available,Not Available,Not Available,Not Available,Not Available,69.3,75,Not Available,No,289120.0,100,Not Available,Not Available,Not Available,Not Available,Not Available,40.862839,6037852.4,Not Available,Not Available,5712320.8,Not Available,Not Available,Existing,55080.0,Not Available,Not Available,No,Not Available,-73.846791,Not Available
1633324,5010 6th Avenue,37329.99731,04/12/2021 02:50 PM EDT,Not Available,Not Available,Not Available,Not Available,Not Available,Not Available,Not Available,Not Available,Not Available,Not Available,Not Available,Not Available,Not Available,114000,Not Available,Not Available,Not Available,3007920026,0,90,2021-05-28T17:12:11.000,Not Available,Not Available,Not Available,Not Available,0.0,82,Not Available,Not Available,Not Available,Not Available,64.3,55.4,59.5,Not Available,No,529759.9,100,Not Available,Not Available,Not Available,Not Available,Not Available,40.64366,10259265.1,Not Available,Not Available,9761571.4,Not Available,Not Available,Existing,114000.0,Not Available,Not Available,No,Not Available,-74.008252,Not Available
1634657,70 Tompkins Avenue,3540.999939,04/12/2021 02:50 PM EDT,Not Available,Not Available,Not Available,Not Available,Not Available,Not Available,Not Available,Not Available,Not Available,Not Available,Not Available,Not Available,Not Available,175200,Not Available,Not Available,Not Available,3017430018,0,Not Available,2021-05-28T17:13:05.000,Not Available,Not Available,Not Available,Not Available,0.0,87,Not Available,Not Available,Not Available,Not Available,Not Available,52.8,Not Available,Not Available,No,667399.9,100,Not Available,Not Available,Not Available,Not Available,Not Available,40.697152,Not Available,Not Available,Not Available,13433534.0,Not Available,Not Available,Existing,175200.0,Not Available,Not Available,No,Not Available,-73.946641,Not Available
1634485,1940 Benson Avenue,48801.99958,04/12/2021 02:50 PM EDT,Not Available,Not Available,Not Available,Not Available,Not Available,Not Available,Not Available,Not Available,Not Available,Not Available,Not Available,Not Available,Not Available,122400,Not Available,Not Available,Not Available,3064070008,0,101.4,2021-05-28T17:12:06.000,Not Available,Not Available,Not Available,Not Available,0.0,67,Not Available,Not Available,Not Available,Not Available,717.4,62.8,68.1,Not Available,No,617799.9,100,Not Available,Not Available,Not Available,Not Available,Not Available,40.603188,12412292.6,Not Available,Not Available,11738098.5,Not Available,Not Available,Existing,122400.0,Not Available,Not Available,No,Not Available,-74.001408,Not Available
1836546,439 West 49th Street,89187.99671,04/12/2021 02:42 PM EDT,Not Available,Not Available,Not Available,Not Available,Not Available,Not Available,Not Available,Not Available,Not Available,Not Available,Not Available,Not Available,Not Available,272912,Not Available,Not Available,Not Available,1010590015,0,85.3,2021-05-28T17:11:59.000,Not Available,Not Available,Not Available,Not Available,0.0,89,Not Available,Not Available,Not Available,Not Available,0.7,49.5,53.2,Not Available,No,1343999.8,100,Not Available,Not Available,Not Available,Not Available,Not Available,40.76337,23278892.2,Not Available,Not Available,22204778.2,Not Available,Not Available,Existing,272912.0,Not Available,Not Available,No,Not Available,-73.9906,Not Available
1634155,900 Tinton Avenue,60541.99917,04/12/2021 02:33 PM EDT,Not Available,Not Available,Not Available,Not Available,Not Available,Not Available,Not Available,Not Available,Not Available,Not Available,Not Available,Not Available,Not Available,158875,Not Available,Not Available,Not Available,2026680001,0,98.4,2021-05-28T17:12:25.000,Not Available,Not Available,Not Available,Not Available,0.0,67,Not Available,Not Available,Not Available,Not Available,878.4,63.3,69.5,Not Available,No,687999.9,100,Not Available,Not Available,Not Available,Not Available,Not Available,40.821675,15631889.1,Not Available,Not Available,14598722.8,Not Available,Not Available,Existing,158875.0,Not Available,Not Available,No,Not Available,-73.903546,Not Available
1836468,2120 St. Raymond Avenue,28311.99883,04/12/2021 02:33 PM EDT,Not Available,Not Available,Not Available,Not Available,Not Available,Not Available,Not Available,Not Available,Not Available,Not Available,Not Available,Not Available,Not Available,143722,Not Available,Not Available,Not Available,2039460007,0,136.8,2021-05-28T17:12:41.000,Not Available,Not Available,Not Available,Not Available,0.0,51,Not Available,Not Available,Not Available,Not Available,543.8,77.6,87.9,Not Available,No,1107839.9,100,Not Available,Not Available,Not Available,Not Available,Not Available,40.837524,19653989.5,Not Available,Not Available,18141107.7,Not Available,Not Available,Existing,143722.0,Not Available,Not Available,No,Not Available,-73.8548,Not Available
1633126,574 Dumont Avenue,36185.00288,04/12/2021 02:50 PM EDT,Not Available,Not Available,Not Available,Not Available,Not Available,Not Available,Not Available,Not Available,Not Available,Not Available,Not Available,Not Available,Not Available,96000,Not Available,Not Available,Not Available,3038020015,0,71.5,2021-05-28T17:12:47.000,Not Available,Not Available,Not Available,Not Available,0.0,85,Not Available,Not Available,Not Available,Not Available,617.1,49.7,53.1,Not Available,No,256000.0,100,Not Available,Not Available,Not Available,Not Available,Not Available,40.665798,6868451.3,Not Available,Not Available,6523906.9,Not Available,Not Available,Existing,96000.0,Not Available,Not Available,No,Not Available,-73.897723,Not Available
1296055,8973 Bay Parkway Suite 1,26982.00196,04/28/2021 04:58 PM EDT,Not Available,Not Available,Not Available,Not Available,Not Available,Not Available,Not Available,Not Available,Not Available,Not Available,Not Available,Not Available,Not Available,133882,Not Available,Not Available,Not Available,3064910011,0,150.5,2021-04-30T16:17:54.000,Not Available,Not Available,Not Available,Not Available,0.0,49,Not Available,Not Available,Not Available,Not Available,Not Available,65.1,68.4,Not Available,No,1762835.8,100,Not Available,Not Available,Not Available,Not Available,Not Available,40.595105,20142887,Not Available,Not Available,19674540.7,Not Available,Not Available,Existing,133882.0,Not Available,Not Available,No,Not Available,-74.000904,0
1836706,144-176 East 128th Street,94966.99901,04/12/2021 02:42 PM EDT,Not Available,Not Available,Not Available,Not Available,Not Available,Not Available,Not Available,Not Available,Not Available,Not Available,Not Available,Not Available,Not Available,163375,Not Available,Not Available,Not Available,1017760020,0,110.7,2021-05-28T17:12:26.000,Not Available,Not Available,Not Available,Not Available,0.0,89,Not Available,Not Available,Not Available,Not Available,Not Available,73.5,79.9,Not Available,No,734399.9,100,Not Available,Not Available,Not Available,Not Available,Not Available,40.805953,18087081.4,Not Available,Not Available,16987698.6,Not Available,Not Available,Existing,163375.0,Not Available,Not Available,No,Not Available,-73.935179,Not Available
1633571,21-21 Ditmars Boulevard,64310.9985,04/12/2021 02:42 PM EDT,Not Available,Not Available,Not Available,Not Available,Not Available,Not Available,Not Available,Not Available,Not Available,Not Available,Not Available,Not Available,Not Available,130925,Not Available,Not Available,Not Available,4008800001,0,100.7,2021-05-28T17:13:44.000,Not Available,Not Available,Not Available,Not Available,0.0,48,Not Available,Not Available,Not Available,Not Available,Not Available,68.1,76.3,Not Available,No,457599.9,100,Not Available,Not Available,Not Available,Not Available,Not Available,40.780347,13190373.9,Not Available,Not Available,12058381.5,Not Available,Not Available,Existing,130925.0,Not Available,Not Available,No,Not Available,-73.916655,Not Available
1634299,65-10 Dieterle Crescent,7.99999948,04/12/2021 02:53 PM EDT,Not Available,Not Available,Not Available,Not Available,Not Available,Not Available,Not Available,Not Available,Not Available,Not Available,Not Available,Not Available,Not Available,87860,Not Available,Not Available,4221735.8,4031340024,0,90,2021-05-28T17:12:58.000,Not Available,Not Available,Not Available,Not Available,0.0,72,Not Available,Not Available,Not Available,Not Available,472.9,60.4,66.5,Not Available,No,328132.0,100,Not Available,Not Available,Not Available,Not Available,Not Available,40.720924,7907177,Not Available,Not Available,7306659.4,Not Available,Not Available,Existing,87860.0,Not Available,Not Available,No,Not Available,-73.86135,Not Available
1633543,183 South 3rd Street,1647.000062,04/12/2021 02:50 PM EDT,Not Available,Not Available,Not Available,Not Available,Not Available,Not Available,Not Available,Not Available,Not Available,Not Available,Not Available,Not Available,Not Available,138000,Not Available,Not Available,5913584.3,3024190001,0,98.6,2021-05-28T17:11:15.000,Not Available,Not Available,Not Available,Not Available,0.0,80,Not Available,Not Available,Not Available,Not Available,333.5,59.1,70.9,Not Available,No,607199.9,100,Not Available,Not Available,Not Available,Not Available,Not Available,40.711704,13601417.2,Not Available,Not Available,11946601.1,Not Available,Not Available,Existing,138000.0,Not Available,Not Available,No,Not Available,-73.960275,Not Available
1633817,2630 Benson Avenue,95812.00143,04/12/2021 02:50 PM EDT,Not Available,Not Available,Not Available,Not Available,Not Available,Not Available,Not Available,Not Available,Not Available,Not Available,Not Available,Not Available,Not Available,324000,Not Available,Not Available,Not Available,3068830001,0,60.1,2021-05-28T17:11:27.000,Not Available,Not Available,Not Available,Not Available,0.0,98,Not Available,Not Available,Not Available,Not Available,Not Available,37.7,43.7,Not Available,No,775839.9,100,Not Available,Not Available,Not Available,Not Available,Not Available,40.594291,19487692.4,Not Available,Not Available,17472325.2,Not Available,Not Available,Existing,324000.0,Not Available,Not Available,No,Not Available,-73.98577,Not Available
1633364,29 44 Pitkin Avenue,35004.99993,04/12/2021 02:50 PM EDT,Not Available,Not Available,Not Available,Not Available,Not Available,Not Available,Not Available,Not Available,Not Available,Not Available,Not Available,Not Available,Not Available,104400,Not Available,Not Available,Not Available,3042430001,0,66.1,2021-05-28T17:11:14.000,Not Available,Not Available,Not Available,Not Available,0.0,93,Not Available,Not Available,Not Available,Not Available,365.9,44.8,48.8,Not Available,No,261200.0,100,Not Available,Not Available,Not Available,Not Available,Not Available,40.676513,6901140.9,Not Available,Not Available,6458884.4,Not Available,Not Available,Existing,104400.0,Not Available,Not Available,No,Not Available,-73.863151,Not Available
1.63e+06,35-01 Union Street,0,04/12/2021 02:42 PM EDT,Not Available,Not Available,Not Available,Not Available,Not Available,Not Available,Not Available,Not Available,Not Available,Not Available,Not Available,Not Available,Not Available,276250,Not Available,Not Available,13162192.1,4050020001,0,93.5,2021-05-28T17:13:46.000,Not Available,Not Available,Not Available,Not Available,0.0,86,Not Available,Not Available,Not Available,Not Available,297.7,61.3,68.5,Not Available,No,1102159.8,100,Not Available,Not Available,Not Available,Not Available,Not Available,40.765166,25838665,Not Available,Not Available,23823409.5,Not Available,Not Available,Existing,276250.0,Not Available,Not Available,No,Not Available,-73.82789,Not Available
1836587,2200 Gravesend Neck Road,54961.00104,04/12/2021 02:50 PM EDT,Not Available,Not Available,Not Available,Not Available,Not Available,Not Available,Not Available,Not Available,Not Available,Not Available,Not Available,Not Available,Not Available,130800,Not Available,Not Available,Not Available,3073810201,0,74.7,2021-05-28T17:11:21.000,Not Available,Not Available,Not Available,Not Available,0.0,86,Not Available,Not Available,Not Available,Not Available,Not Available,52.5,57,Not Available,No,327200.0,100,Not Available,Not Available,Not Available,Not Available,Not Available,40.597369,9768593.3,Not Available,Not Available,9147727.0,Not Available,Not Available,Existing,130800.0,Not Available,Not Available,No,Not Available,-73.948946,Not Available
1836416,100 Clermont Avenue,1856.00006,04/12/2021 02:50 PM EDT,Not Available,Not Available,Not Available,Not Available,Not Available,Not Available,Not Available,Not Available,Not Available,Not Available,Not Available,Not Available,Not Available,99600,Not Available,Not Available,3751615.8,3020450011,0,90.6,2021-05-28T17:13:32.000,Not Available,Not Available,Not Available,Not Available,0.0,68,Not Available,Not Available,Not Available,Not Available,556.7,55.4,61.5,Not Available,No,462880.0,100,Not Available,Not Available,Not Available,Not Available,Not Available,40.694633,9025678,Not Available,Not Available,8406182.4,Not Available,Not Available,Existing,99600.0,Not Available,Not Available,No,Not Available,-73.971165,Not Available
1836478,1399 Ogden Avenue,11252.00033,04/12/2021 02:33 PM EDT,Not Available,Not Available,Not Available,Not Available,Not Available,Not Available,Not Available,Not Available,Not Available,Not Available,Not Available,Not Available,Not Available,45600,Not Available,Not Available,Not Available,2025350010,0,110.2,2021-05-28T17:11:29.000,Not Available,Not Available,Not Available,Not Available,0.0,69,Not Available,Not Available,Not Available,Not Available,161.6,52.9,57.9,Not Available,No,377200.0,100,Not Available,Not Available,Not Available,Not Available,Not Available,40.842325,5024378,Not Available,Not Available,4785077.9,Not Available,Not Available,Existing,45600.0,Not Available,Not Available,No,Not Available,-73.924251,Not Available
1577267,689 FIfth Avenue,Not Available,Not Available,Not Available,Not Available,Not Available,Not Available,Not Available,No,Not Available,Not Available,Not Available,Not Available,Not Available,80673,Not Available,94766,100,Not Available,Not Available,1012900001,0,250.3,2021-05-13T15:19:28.000,Not Available,Not Available,Not Available,Not Available,0.0,Not Available,Not Available,Not Available,Not Available,Not Available,1757,112.7,121,Not Available,No,1822095.7,100,Not Available,Not Available,Not Available,Not Available,Not Available,40.761131,23719835.8,Not Available,Not Available,22774683.9,Not Available,Not Available,Existing,94766.0,4461284.5,Not Available,No,Not Available,-73.975295,0
1836660,1710 Webster Avenue,2588.999975,04/12/2021 02:33 PM EDT,Not Available,Not Available,Not Available,Not Available,Not Available,Not Available,Not Available,Not Available,Not Available,Not Available,Not Available,Not Available,Not Available,57600,Not Available,Not Available,Not Available,2028980001,0,77.3,2021-05-28T17:12:23.000,Not Available,Not Available,Not Available,Not Available,0.0,95,Not Available,Not Available,Not Available,Not Available,796,30.4,30.4,Not Available,No,437600.0,100,Not Available,Not Available,Not Available,Not Available,Not Available,40.843588,4452500.4,Not Available,Not Available,4452500.4,Not Available,Not Available,Existing,57600.0,Not Available,Not Available,No,Not Available,-73.903236,Not Available
1634071,120-27 141st Street,8351.99956,04/12/2021 02:53 PM EDT,Not Available,Not Available,Not Available,Not Available,Not Available,Not Available,Not Available,Not Available,Not Available,Not Available,Not Available,Not Available,Not Available,27660,Not Available,Not Available,Not Available,4120330010,0,109.1,2021-05-28T17:11:39.000,Not Available,Not Available,Not Available,Not Available,0.0,54,Not Available,Not Available,Not Available,Not Available,38.3,56.4,60.3,Not Available,No,212320.0,100,Not Available,Not Available,Not Available,Not Available,Not Available,40.675938,3018674.6,Not Available,Not Available,2905380.1,Not Available,Not Available,Existing,27660.0,Not Available,Not Available,No,Not Available,-73.800076,Not Available
1633197,37-02 47th Avenue,30358.99862,04/12/2021 02:42 PM EDT,Not Available,Not Available,Not Available,Not Available,Not Available,Not Available,Not Available,Not Available,Not Available,Not Available,Not Available,Not Available,Not Available,195785,Not Available,Not Available,Not Available,4002280020,0,71.6,2021-05-28T17:11:49.000,Not Available,Not Available,Not Available,Not Available,0.0,94,Not Available,Not Available,Not Available,Not Available,808.6,34.5,38.9,Not Available,No,1008799.8,100,Not Available,Not Available,Not Available,Not Available,Not Available,40.742205,14016114.4,Not Available,Not Available,13110872.0,Not Available,Not Available,Existing,195785.0,Not Available,Not Available,No,Not Available,-73.928219,Not Available
1426421,24 State Street,Not Available,Not Available,Not Available,Not Available,Not Available,Not Available,Not Available,No,Not Available,Not Available,Not Available,Not Available,Not Available,849807,Not Available,859807,100,Not Available,Not Available,1000090029,0,162.3,2021-05-26T11:42:45.000,10000,Not Available,Not Available,Not Available,0.0,60,Not Available,Not Available,Not Available,Not Available,6044,77.7,80.9,Not Available,No,10251529.9,95,Not Available,Not Available,Not Available,Not Available,Not Available,40.703534,139530741.2,Not Available,Food Service,136230155.6,Not Available,Not Available,Existing,859807.0,31828611.2,Not Available,No,Not Available,-74.014387,Not Available
1836595,35 Snyder Avenue,9583.00019,04/12/2021 02:50 PM EDT,Not Available,Not Available,Not Available,Not Available,Not Available,Not Available,Not Available,Not Available,Not Available,Not Available,Not Available,Not Available,Not Available,21660,Not Available,Not Available,Not Available,3051030093,0,71.5,2021-05-28T17:13:32.000,Not Available,Not Available,Not Available,Not Available,0.0,89,Not Available,Not Available,Not Available,Not Available,Not Available,51.3,56.4,Not Available,No,44680.0,100,Not Available,Not Available,Not Available,Not Available,Not Available,40.648585,1549465.9,Not Available,Not Available,1433069.9,Not Available,Not Available,Existing,21660.0,Not Available,Not Available,No,Not Available,-73.957282,Not Available
1634279,42-00 72nd Street,31897.00067,04/12/2021 02:42 PM EDT,Not Available,Not Available,Not Available,Not Available,Not Available,Not Available,Not Available,Not Available,Not Available,Not Available,Not Available,Not Available,Not Available,116105,Not Available,Not Available,Not Available,4013490028,0,143.9,2021-05-28T17:12:48.000,Not Available,Not Available,Not Available,Not Available,0.0,40,Not Available,Not Available,Not Available,Not Available,638,82.2,85.2,Not Available,No,1076400.0,100,Not Available,Not Available,Not Available,Not Available,Not Available,40.742633,16706568.6,Not Available,Not Available,16342228.1,Not Available,Not Available,Existing,116105.0,Not Available,Not Available,No,Not Available,-73.892805,Not Available
1634409,3040 Roberts Avenue,52268.99893,04/12/2021 02:33 PM EDT,Not Available,Not Available,Not Available,Not Available,Not Available,Not Available,Not Available,Not Available,Not Available,Not Available,Not Available,Not Available,Not Available,135125,Not Available,Not Available,Not Available,2041710001,0,79.6,2021-05-28T17:12:54.000,Not Available,Not Available,Not Available,Not Available,0.0,89,Not Available,Not Available,Not Available,Not Available,Not Available,52.4,58,Not Available,No,426079.5,100,Not Available,Not Available,Not Available,Not Available,Not Available,40.845787,10752613.2,Not Available,Not Available,9873401.1,Not Available,Not Available,Existing,135125.0,Not Available,Not Available,No,Not Available,-73.829829,Not Available
1634401,1070 Castle Hill Avenue,35602.99966,04/12/2021 02:33 PM EDT,Not Available,Not Available,Not Available,Not Available,Not Available,Not Available,Not Available,Not Available,Not Available,Not Available,Not Available,Not Available,Not Available,85260,Not Available,Not Available,Not Available,2038170001,0,94.2,2021-05-28T17:12:06.000,Not Available,Not Available,Not Available,Not Available,0.0,86,Not Available,Not Available,Not Available,Not Available,0,60.8,67.6,Not Available,No,334720.0,100,Not Available,Not Available,Not Available,Not Available,Not Available,40.829344,8030563.2,Not Available,Not Available,7423926.0,Not Available,Not Available,Existing,85260.0,Not Available,Not Available,No,Not Available,-73.850428,Not Available
1633790,800 Van Siclen Avenue,2210.999989,04/12/2021 02:50 PM EDT,Not Available,Not Available,Not Available,Not Available,Not Available,Not Available,Not Available,Not Available,Not Available,Not Available,Not Available,Not Available,Not Available,171600,Not Available,Not Available,5691517.9,3043490050,0,78.7,2021-05-28T17:11:49.000,Not Available,Not Available,Not Available,Not Available,0.0,95,Not Available,Not Available,Not Available,Not Available,415.6,46.7,56.1,Not Available,No,617999.9,100,Not Available,Not Available,Not Available,Not Available,Not Available,40.66011,13505339.6,Not Available,Not Available,11884712.8,Not Available,Not Available,Existing,171600.0,Not Available,Not Available,No,Not Available,-73.885387,Not Available
1634504,350 67th Street,86213.99761,04/12/2021 02:50 PM EDT,Not Available,Not Available,Not Available,Not Available,Not Available,Not Available,Not Available,Not Available,Not Available,Not Available,Not Available,Not Available,Not Available,144300,Not Available,Not Available,Not Available,3058500030,0,164.7,2021-05-28T17:12:33.000,Not Available,Not Available,Not Available,Not Available,0.0,47,Not Available,Not Available,Not Available,Not Available,796.1,94.1,102,Not Available,No,1393399.7,100,Not Available,Not Available,Not Available,Not Available,Not Available,40.637282,23764695.6,Not Available,Not Available,22573525.1,Not Available,Not Available,Existing,144300.0,Not Available,Not Available,No,Not Available,-74.023849,Not Available
1634731,54-25 Skillman Avenue,50138.00428,04/12/2021 02:42 PM EDT,Not Available,Not Available,Not Available,Not Available,Not Available,Not Available,Not Available,Not Available,Not Available,Not Available,Not Available,Not Available,Not Available,192480,Not Available,Not Available,Not Available,4012390001,0,95.5,2021-05-28T17:11:20.000,Not Available,Not Available,Not Available,Not Available,0.0,73,Not Available,Not Available,Not Available,Not Available,1113.4,49.3,52.5,Not Available,No,1300617.9,100,Not Available,Not Available,Not Available,Not Available,Not Available,40.745244,18375840.5,Not Available,Not Available,17794992.7,Not Available,Not Available,Existing,192480.0,Not Available,Not Available,No,Not Available,-73.90872,Not Available
1633567,130-01 Rockaway Boulevard,14019.99997,04/12/2021 02:53 PM EDT,Not Available,Not Available,Not Available,Not Available,Not Available,Not Available,Not Available,Not Available,Not Available,Not Available,Not Available,Not Available,Not Available,37360,Not Available,Not Available,Not Available,4116940027,0,101.8,2021-05-28T17:13:19.000,Not Available,Not Available,Not Available,Not Available,0.0,66,Not Available,Not Available,Not Available,Not Available,202.6,62.9,67.3,Not Available,No,196600.0,100,Not Available,Not Available,Not Available,Not Available,Not Available,40.674991,3803065.8,Not Available,Not Available,3629097.8,Not Available,Not Available,Existing,37360.0,Not Available,Not Available,No,Not Available,-73.808371,Not Available
1634161,2475 Southern Boulevard,19.99999995,04/12/2021 02:33 PM EDT,Not Available,Not Available,Not Available,Not Available,Not Available,Not Available,Not Available,Not Available,Not Available,Not Available,Not Available,Not Available,Not Available,66080,Not Available,Not Available,2628145.9,2031150021,0,78.1,2021-05-28T17:12:04.000,Not Available,Not Available,Not Available,Not Available,0.0,79,Not Available,Not Available,Not Available,Not Available,25063.5,53.4,53.4,Not Available,No,262400.0,100,Not Available,Not Available,Not Available,Not Available,Not Available,40.855263,5163391.9,Not Available,Not Available,5163391.9,Not Available,Not Available,Existing,66080.0,Not Available,Not Available,No,Not Available,-73.881139,Not Available
1633766,1328 Putnam Avenue,29870.00021,04/12/2021 02:50 PM EDT,Not Available,Not Available,Not Available,Not Available,Not Available,Not Available,Not Available,Not Available,Not Available,Not Available,Not Available,Not Available,Not Available,99600,Not Available,Not Available,Not Available,3033770001,0,69.4,2021-05-28T17:11:16.000,Not Available,Not Available,Not Available,Not Available,0.0,93,Not Available,Not Available,Not Available,Not Available,582.9,46.9,51,Not Available,No,269360.0,100,Not Available,Not Available,Not Available,Not Available,Not Available,40.693879,6913858.8,Not Available,Not Available,6479364.1,Not Available,Not Available,Existing,99600.0,Not Available,Not Available,No,Not Available,-73.913056,Not Available
1634147,4862 Broadway,24085.0014,04/12/2021 02:42 PM EDT,Not Available,Not Available,Not Available,Not Available,Not Available,Not Available,Not Available,Not Available,Not Available,Not Available,Not Available,Not Available,Not Available,91300,Not Available,Not Available,Not Available,1022340007,0,94.2,2021-05-28T17:11:27.000,Not Available,Not Available,Not Available,Not Available,0.0,82,Not Available,Not Available,Not Available,Not Available,492.8,47.8,54.1,Not Available,No,572799.9,100,Not Available,Not Available,Not Available,Not Available,Not Available,40.866706,8604902.8,Not Available,Not Available,8001227.1,Not Available,Not Available,Existing,91300.0,Not Available,Not Available,No,Not Available,-73.923948,Not Available
1634079,216 Clawson Street,2957.999823,04/12/2021 02:53 PM EDT,Not Available,Not Available,Not Available,Not Available,Not Available,Not Available,Not Available,Not Available,Not Available,Not Available,Not Available,Not Available,Not Available,78100,Not Available,Not Available,3944920,5036450007,0,93.9,2021-05-28T17:11:17.000,Not Available,Not Available,Not Available,Not Available,0.0,74,Not Available,Not Available,Not Available,Not Available,Not Available,66.1,71.9,Not Available,No,270400.0,100,Not Available,Not Available,Not Available,Not Available,Not Available,40.574044,7334572.2,Not Available,Not Available,6878252.5,Not Available,Not Available,Existing,78100.0,Not Available,Not Available,No,Not Available,-74.109282,Not Available
1633824,1150 East New York Avenue,14059.0013,04/12/2021 02:50 PM EDT,Not Available,Not Available,Not Available,Not Available,Not Available,Not Available,Not Available,Not Available,Not Available,Not Available,Not Available,Not Available,Not Available,95530,Not Available,Not Available,Not Available,3035080012,0,87.1,2021-05-28T17:11:30.000,Not Available,Not Available,Not Available,Not Available,0.0,73,Not Available,Not Available,Not Available,Not Available,157.1,39.6,41.4,Not Available,No,697199.9,100,Not Available,Not Available,Not Available,Not Available,Not Available,40.666518,8318255.9,Not Available,Not Available,8136965.0,Not Available,Not Available,Existing,95530.0,Not Available,Not Available,No,Not Available,-73.924057,Not Available
1634097,3961 Hillman Avenue,35411.00005,04/12/2021 02:33 PM EDT,Not Available,Not Available,Not Available,Not Available,Not Available,Not Available,Not Available,Not Available,Not Available,Not Available,Not Available,Not Available,Not Available,172800,Not Available,Not Available,Not Available,2032520182,0,125.2,2021-05-28T17:13:09.000,Not Available,Not Available,Not Available,Not Available,0.0,60,Not Available,Not Available,Not Available,Not Available,622.7,72.8,78.4,Not Available,No,1273799.8,100,Not Available,Not Available,Not Available,Not Available,Not Available,40.882898,21628898.1,Not Available,Not Available,20619062.7,Not Available,Not Available,Existing,172800.0,Not Available,Not Available,No,Not Available,-73.891256,Not Available
1633602,200 Woodbine Street,31965.00189,04/12/2021 02:50 PM EDT,Not Available,Not Available,Not Available,Not Available,Not Available,Not Available,Not Available,Not Available,Not Available,Not Available,Not Available,Not Available,Not Available,126000,Not Available,Not Available,Not Available,3033600001,0,64.5,2021-05-28T17:11:48.000,Not Available,Not Available,Not Available,Not Available,0.0,90,Not Available,Not Available,Not Available,Not Available,871.2,37.4,41.3,Not Available,No,445999.9,100,Not Available,Not Available,Not Available,Not Available,Not Available,40.694018,8123581.9,Not Available,Not Available,7617230.8,Not Available,Not Available,Existing,126000.0,Not Available,Not Available,No,Not Available,-73.915263,Not Available
163325900.00%,411 East 76th Street,11997.99998,04/12/2021 02:42 PM EDT,Not Available,Not Available,Not Available,Not Available,Not Available,Not Available,Not Available,Not Available,Not Available,Not Available,Not Available,Not Available,Not Available,75980,Not Available,Not Available,Not Available,1014710005,0,126.1,2021-05-28T17:12:56.000,Not Available,Not Available,Not Available,Not Available,0.0,62,Not Available,Not Available,Not Available,Not Available,464.9,52.9,58.3,Not Available,No,825599.9,100,Not Available,Not Available,Not Available,Not Available,Not Available,40.770187,9583592.9,Not Available,Not Available,9147242.2,Not Available,Not Available,Existing,75980.0,Not Available,Not Available,No,Not Available,-73.953608,Not Available
1633235,103 West 107th Street,1744.000013,04/12/2021 02:42 PM EDT,Not Available,Not Available,Not Available,Not Available,Not Available,Not Available,Not Available,Not Available,Not Available,Not Available,Not Available,Not Available,Not Available,136800,Not Available,Not Available,Not Available,1018620011,0,Not Available,2021-05-28T17:12:43.000,Not Available,Not Available,Not Available,Not Available,0.0,91,Not Available,Not Available,Not Available,Not Available,Not Available,47.7,Not Available,Not Available,No,453119.9,100,Not Available,Not Available,Not Available,Not Available,Not Available,40.800119,Not Available,Not Available,Not Available,9371730.8,Not Available,Not Available,Existing,136800.0,Not Available,Not Available,No,Not Available,-73.962837,Not Available
1633992,370 Fountain Avenue,109100.0026,04/12/2021 02:50 PM EDT,Not Available,Not Available,Not Available,Not Available,Not Available,Not Available,Not Available,Not Available,Not Available,Not Available,Not Available,Not Available,Not Available,181200,Not Available,Not Available,Not Available,3042780001,0,113.5,2021-05-28T17:13:21.000,Not Available,Not Available,Not Available,Not Available,0.0,64,Not Available,Not Available,Not Available,Not Available,3756,75.7,82.2,Not Available,No,824399.9,100,Not Available,Not Available,Not Available,Not Available,Not Available,40.670724,20566825.2,Not Available,Not Available,19331488.0,Not Available,Not Available,Existing,181200.0,Not Available,Not Available,No,Not Available,-73.874208,Not Available
1633413,159-01 59th Avenue,39687.99926,04/12/2021 02:42 PM EDT,Not Available,Not Available,Not Available,Not Available,Not Available,Not Available,Not Available,Not Available,Not Available,Not Available,Not Available,Not Available,Not Available,129600,Not Available,Not Available,Not Available,4067260070,0,96.4,2021-05-28T17:11:26.000,Not Available,Not Available,Not Available,Not Available,0.0,56,Not Available,Not Available,Not Available,Not Available,Not Available,51.6,56.8,Not Available,No,797599.9,100,Not Available,Not Available,Not Available,Not Available,Not Available,40.740565,12493554.8,Not Available,Not Available,11787191.0,Not Available,Not Available,Existing,129600.0,Not Available,Not Available,No,Not Available,-73.809131,Not Available
1633356,74-01 78th Avenue,46108.99991,04/12/2021 02:42 PM EDT,Not Available,Not Available,Not Available,Not Available,Not Available,Not Available,Not Available,Not Available,Not Available,Not Available,Not Available,Not Available,Not Available,121375,Not Available,Not Available,Not Available,4038120020,0,97.7,2021-05-28T17:11:15.000,Not Available,Not Available,Not Available,Not Available,0.0,76,Not Available,Not Available,Not Available,Not Available,286.8,61.7,66.8,Not Available,No,565599.9,100,Not Available,Not Available,Not Available,Not Available,Not Available,40.704406,11855627.7,Not Available,Not Available,11206682.9,Not Available,Not Available,Existing,121375.0,Not Available,Not Available,No,Not Available,-73.875183,Not Available
1633911,215 West 114th Street,2323.000022,04/12/2021 02:42 PM EDT,Not Available,Not Available,Not Available,Not Available,Not Available,Not Available,Not Available,Not Available,Not Available,Not Available,Not Available,Not Available,Not Available,208925,Not Available,Not Available,Not Available,1018300019,0,117,2021-05-28T17:12:36.000,Not Available,Not Available,Not Available,Not Available,0.0,69,Not Available,Not Available,Not Available,Not Available,96.4,65.4,71.6,Not Available,No,1527199.7,100,Not Available,Not Available,Not Available,Not Available,Not Available,40.802207,24435149.5,Not Available,Not Available,23144285.9,Not Available,Not Available,Existing,208925.0,Not Available,Not Available,No,Not Available,-73.954142,Not Available
1634157,1970 West Farms Road,52905.99914,04/12/2021 02:33 PM EDT,Not Available,Not Available,Not Available,Not Available,Not Available,Not Available,Not Available,Not Available,Not Available,Not Available,Not Available,Not Available,Not Available,207600,Not Available,Not Available,Not Available,2030210038,0,68.1,2021-05-28T17:11:53.000,Not Available,Not Available,Not Available,Not Available,0.0,94,Not Available,Not Available,Not Available,Not Available,287.6,38.5,43.2,Not Available,No,790399.9,100,Not Available,Not Available,Not Available,Not Available,Not Available,40.839565,14128728.3,Not Available,Not Available,13106295.4,Not Available,Not Available,Existing,207600.0,Not Available,Not Available,No,Not Available,-73.880358,Not Available
1633597,51 Christopher Avenue,326.0000043,04/12/2021 02:50 PM EDT,Not Available,Not Available,Not Available,Not Available,Not Available,Not Available,Not Available,Not Available,Not Available,Not Available,Not Available,Not Available,Not Available,114000,Not Available,Not Available,6130686.3,3036930001,0,85.8,2021-05-28T17:12:59.000,Not Available,Not Available,Not Available,Not Available,0.0,88,Not Available,Not Available,Not Available,Not Available,1361.9,63.9,67.6,Not Available,No,327199.9,100,Not Available,Not Available,Not Available,Not Available,Not Available,40.672462,9786567,Not Available,Not Available,9352160.9,Not Available,Not Available,Existing,114000.0,Not Available,Not Available,No,Not Available,-73.906552,Not Available
1633736,2007 Mapes Avenue,2429.999614,04/12/2021 02:33 PM EDT,Not Available,Not Available,Not Available,Not Available,Not Available,Not Available,Not Available,Not Available,Not Available,Not Available,Not Available,Not Available,Not Available,9600,Not Available,Not Available,Not Available,2031060028,0,86,2021-05-28T17:13:45.000,Not Available,Not Available,Not Available,Not Available,0.0,Not Available,Not Available,Not Available,Not Available,Not Available,Not Available,44.3,50.3,Not Available,No,53440.0,100,Not Available,Not Available,Not Available,Not Available,Not Available,40.844748,825876.8,Not Available,Not Available,765694.4,Not Available,Not Available,Existing,9600.0,Not Available,Not Available,No,Not Available,-73.887151,Not Available
1836749,1001 East 45th Street,42206.99971,04/12/2021 02:50 PM EDT,Not Available,Not Available,Not Available,Not Available,Not Available,Not Available,Not Available,Not Available,Not Available,Not Available,Not Available,Not Available,Not Available,150000,Not Available,Not Available,Not Available,3050220002,0,104,2021-05-28T17:12:48.000,Not Available,Not Available,Not Available,Not Available,0.0,57,Not Available,Not Available,Not Available,Not Available,1922.2,54.5,58,Not Available,No,1085599.9,100,Not Available,Not Available,Not Available,Not Available,Not Available,40.636455,15600714.9,Not Available,Not Available,15054007.0,Not Available,Not Available,Existing,150000.0,Not Available,Not Available,No,Not Available,-73.933582,Not Available
1836577,27 Huntington Street,54754.0001,04/12/2021 02:50 PM EDT,Not Available,Not Available,Not Available,Not Available,Not Available,Not Available,Not Available,Not Available,Not Available,Not Available,Not Available,Not Available,Not Available,110400,Not Available,Not Available,Not Available,3005250001,0,102.9,2021-05-28T17:13:50.000,Not Available,Not Available,Not Available,Not Available,0.0,75,Not Available,Not Available,Not Available,Not Available,325.9,69.0,74.2,Not Available,No,466199.9,100,Not Available,Not Available,Not Available,Not Available,Not Available,40.677564,11365596.3,Not Available,Not Available,10758905.6,Not Available,Not Available,Existing,110400.0,Not Available,Not Available,No,Not Available,-74.005166,Not Available
1.84e+06,149 East Mosholu Parkway,11873.00013,04/12/2021 02:33 PM EDT,Not Available,Not Available,Not Available,Not Available,Not Available,Not Available,Not Available,Not Available,Not Available,Not Available,Not Available,Not Available,Not Available,138125,Not Available,Not Available,Not Available,2033360035,0,131.1,2021-05-28T17:11:19.000,Not Available,Not Available,Not Available,Not Available,0.0,62,Not Available,Not Available,Not Available,Not Available,217.6,71.6,82.2,Not Available,No,1079199.8,100,Not Available,Not Available,Not Available,Not Available,Not Available,,18111049.8,Not Available,Not Available,16621281.4,Not Available,Not Available,Existing,138125.0,Not Available,Not Available,No,Not Available,,Not Available
1633056,145 West 84th Street,266.9999714,04/12/2021 02:42 PM EDT,Not Available,Not Available,Not Available,Not Available,Not Available,Not Available,Not Available,Not Available,Not Available,Not Available,Not Available,Not Available,Not Available,311000,Not Available,Not Available,6806228,1012150001,0,62.8,2021-05-28T17:11:35.000,Not Available,Not Available,Not Available,Not Available,2418.5,97,Not Available,Not Available,Not Available,Not Available,Not Available,35.2,38.9,Not Available,No,1199125.9,100,2504.6,Not Available,Not Available,Not Available,Not Available,40.785803,19537631.1,Not Available,Not Available,18366548.0,Not Available,2418.5,Existing,311000.0,Not Available,Not Available,No,Not Available,-73.974614,Not Available
1273008,2 Penn Plaza,Not Available,Not Available,100% Yes,Not Available,Not Available,Not Available,0,No,Not Available,Not Available,Not Available,Not Available,Not Available,1456325,Not Available,1499148,100,Not Available,Not Available,1007819002,0,124.1,2021-05-17T12:27:04.000,Not Available,2900,Not Available,Not Available,0.0,70,Not Available,Not Available,Not Available,Not Available,12385.7,58.1,61.1,Not Available,No,13928261.0,40,Not Available,Not Available,Not Available,Not Available,Not Available,40.750017,186044938.6,Not Available,Bank Branch,180723000.3,0,Not Available,Existing,1499148.0,39614564.9,Not Available,No,Not Available,-73.991345,Not Available
1634456,100 Noll Street,51864.00259,04/12/2021 02:50 PM EDT,Not Available,Not Available,Not Available,Not Available,Not Available,Not Available,Not Available,Not Available,Not Available,Not Available,Not Available,Not Available,Not Available,134400,Not Available,Not Available,Not Available,3031530011,0,88.8,2021-05-28T17:12:45.000,Not Available,Not Available,Not Available,Not Available,0.0,62,Not Available,Not Available,Not Available,Not Available,653.7,57.1,62.4,Not Available,No,528399.9,100,Not Available,Not Available,Not Available,Not Available,Not Available,40.701621,11932788.7,Not Available,Not Available,11190742.4,Not Available,Not Available,Existing,134400.0,Not Available,Not Available,No,Not Available,-73.93241,Not Available
1633683,1695 seward avenue,43626.99737,04/12/2021 02:33 PM EDT,Not Available,Not Available,Not Available,Not Available,Not Available,Not Available,Not Available,Not Available,Not Available,Not Available,Not Available,Not Available,Not Available,88925,Not Available,Not Available,Not Available,2035910050,0,94.4,2021-05-28T17:12:25.000,Not Available,Not Available,Not Available,Not Available,0.0,80,Not Available,Not Available,Not Available,Not Available,Not Available,61.5,69.2,Not Available,No,323040.0,100,Not Available,Not Available,Not Available,Not Available,Not Available,40.818467,8393965,Not Available,Not Available,7667029.8,Not Available,Not Available,Existing,88925.0,Not Available,Not Available,No,Not Available,-73.868372,Not Available
1633715,140 West 102nd Street,30164.00217,04/12/2021 02:42 PM EDT,Not Available,Not Available,Not Available,Not Available,Not Available,Not Available,Not Available,Not Available,Not Available,Not Available,Not Available,Not Available,Not Available,102100,Not Available,Not Available,Not Available,1018550009,0,119.2,2021-05-28T17:12:23.000,Not Available,Not Available,Not Available,Not Available,0.0,65,Not Available,Not Available,Not Available,Not Available,520.4,60.4,64.2,Not Available,No,885676.4,100,Not Available,Not Available,Not Available,Not Available,Not Available,40.797559,12173011.2,Not Available,Not Available,11994746.8,Not Available,Not Available,Existing,102100.0,Not Available,Not Available,No,Not Available,-73.966837,Not Available
1634612,141 East 111th Street,51806.00018,04/12/2021 02:42 PM EDT,Not Available,Not Available,Not Available,Not Available,Not Available,Not Available,Not Available,Not Available,Not Available,Not Available,Not Available,Not Available,Not Available,142925,Not Available,Not Available,Not Available,1016390003,0,80.7,2021-05-28T17:11:48.000,Not Available,Not Available,Not Available,Not Available,0.0,95,Not Available,Not Available,Not Available,Not Available,Not Available,48.0,57.3,Not Available,No,492000.0,100,Not Available,Not Available,Not Available,Not Available,Not Available,40.79564,11539592,Not Available,Not Available,10140001.4,Not Available,Not Available,Existing,142925.0,Not Available,Not Available,No,Not Available,-73.94441,Not Available
1836514,230-17 Hillside Avenue,2400.999894,04/12/2021 02:42 PM EDT,Not Available,Not Available,Not Available,Not Available,Not Available,Not Available,Not Available,Not Available,Not Available,Not Available,Not Available,Not Available,Not Available,371973,Not Available,Not Available,10913499.9,4079300002,0,65.2,2021-05-28T17:13:30.000,Not Available,Not Available,Not Available,Not Available,0.0,96,Not Available,Not Available,Not Available,Not Available,222.9,40.1,46.7,Not Available,No,1098320.0,100,Not Available,Not Available,Not Available,Not Available,Not Available,40.733066,24270624.8,Not Available,Not Available,21767651.5,Not Available,Not Available,Existing,371973.0,Not Available,Not Available,No,Not Available,-73.738756,Not Available
1633537,37 Hicks Street,21828.00414,04/12/2021 02:50 PM EDT,Not Available,Not Available,Not Available,Not Available,Not Available,Not Available,Not Available,Not Available,Not Available,Not Available,Not Available,Not Available,Not Available,72000,Not Available,Not Available,Not Available,3002110001,0,95.6,2021-05-28T17:12:37.000,Not Available,Not Available,Not Available,Not Available,0.0,71,Not Available,Not Available,Not Available,Not Available,763.3,51.2,56.2,Not Available,No,440799.9,100,Not Available,Not Available,Not Available,Not Available,Not Available,40.70071,6882090.6,Not Available,Not Available,6503167.3,Not Available,Not Available,Existing,72000.0,Not Available,Not Available,No,Not Available,-73.993241,Not Available
163392300.00%,227-243 West 61st Street,20487.99973,04/12/2021 02:42 PM EDT,Not Available,Not Available,Not Available,Not Available,Not Available,Not Available,Not Available,Not Available,Not Available,Not Available,Not Available,Not Available,Not Available,86330,Not Available,Not Available,Not Available,1011540108,0,71.5,2021-05-28T17:11:18.000,Not Available,Not Available,Not Available,Not Available,0.0,97,Not Available,Not Available,Not Available,Not Available,Not Available,37.7,44.8,Not Available,No,353600.0,100,Not Available,Not Available,Not Available,Not Available,Not Available,40.772007,6176667.1,Not Available,Not Available,5529392.9,Not Available,Not Available,Existing,86330.0,Not Available,Not Available,No,Not Available,-73.987479,Not Available
1634661,432 Monroe Street,38198.99853,04/12/2021 02:50 PM EDT,Not Available,Not Available,Not Available,Not Available,Not Available,Not Available,Not Available,Not Available,Not Available,Not Available,Not Available,Not Available,Not Available,98400,Not Available,Not Available,Not Available,3018210001,0,83.1,2021-05-28T17:11:19.000,Not Available,Not Available,Not Available,Not Available,0.0,90,Not Available,Not Available,Not Available,Not Available,309.5,52.2,56.8,Not Available,No,386200.0,100,Not Available,Not Available,Not Available,Not Available,Not Available,40.686592,8177699.1,Not Available,Not Available,7700495.2,Not Available,Not Available,Existing,98400.0,Not Available,Not Available,No,Not Available,-73.940747,Not Available
1633877,1330 Bristow Street,4186.000229,04/12/2021 02:33 PM EDT,Not Available,Not Available,Not Available,Not Available,Not Available,Not Available,Not Available,Not Available,Not Available,Not Available,Not Available,Not Available,Not Available,111224,Not Available,Not Available,4877509.4,2029650082,0,83.9,2021-05-28T17:11:16.000,Not Available,Not Available,Not Available,Not Available,0.0,74,Not Available,Not Available,Not Available,Not Available,Not Available,57.8,64.9,Not Available,No,330600.0,100,Not Available,Not Available,Not Available,Not Available,Not Available,40.831194,9326147.3,Not Available,Not Available,8524234.6,Not Available,Not Available,Existing,111224.0,Not Available,Not Available,No,Not Available,-73.894773,Not Available
1423084,355 Lexington Avenue,Not Available,Not Available,Not Available,Not Available,Not Available,Not Available,Not Available,No,Not Available,Not Available,Not Available,Not Available,Not Available,250074,Not Available,256272,100,Not Available,Not Available,1012950023,0,100,2021-05-28T16:43:46.000,Not Available,Not Available,Not Available,Not Available,0.0,82,Not Available,Not Available,Not Available,Not Available,Not Available,41.1,43,12,No,2271108.5,85,Not Available,Not Available,Not Available,Not Available,Not Available,40.750245,25631560.5,Not Available,Not Available,25237672.3,Not Available,Not Available,Existing,256272.0,2685253.6,Not Available,No,Not Available,-73.976909,Not Available
1633655,57-12 94th Street,26733.99613,04/12/2021 02:42 PM EDT,Not Available,Not Available,Not Available,Not Available,Not Available,Not Available,Not Available,Not Available,Not Available,Not Available,Not Available,Not Available,Not Available,120000,Not Available,Not Available,Not Available,4018730050,0,91.2,2021-05-28T17:12:45.000,Not Available,Not Available,Not Available,Not Available,0.0,93,Not Available,Not Available,Not Available,Not Available,Not Available,45.0,48.9,Not Available,No,799999.9,100,Not Available,Not Available,Not Available,Not Available,Not Available,40.736003,10943529.8,Not Available,Not Available,10449949.6,Not Available,Not Available,Existing,120000.0,Not Available,Not Available,No,Not Available,-73.867478,Not Available
1634309,125-20 Sutphin Boulevard,378.9999581,04/12/2021 02:53 PM EDT,Not Available,Not Available,Not Available,Not Available,Not Available,Not Available,Not Available,Not Available,Not Available,Not Available,Not Available,Not Available,Not Available,122575,Not Available,Not Available,3603863.8,4120510001,0,90.2,2021-05-28T17:13:03.000,Not Available,Not Available,Not Available,Not Available,0.0,51,Not Available,Not Available,Not Available,Not Available,278.8,50.4,52.7,Not Available,No,742399.9,100,Not Available,Not Available,Not Available,Not Available,Not Available,40.674519,11056621,Not Available,Not Available,10772290.2,Not Available,Not Available,Existing,122575.0,Not Available,Not Available,No,Not Available,-73.789399,Not Available
1151970,1133 Avenue of the Americas,166044.6505,05/20/2021 09:53 AM EDT,Not Available,Not Available,Not Available,Not Available,Not Available,Not Available,Not Available,Not Available,Not Available,Not Available,Not Available,838075,Not Available,977035,100,Not Available,Not Available,1009960029,0,148.6,2021-05-20T14:43:13.000,Not Available,Not Available,Not Available,Not Available,0.0,77,Not Available,Not Available,Not Available,Not Available,Not Available,62.2,66.3,343.72,No,12937014.4,100,Not Available,Not Available,Not Available,Not Available,Not Available,40.755942,145216343.7,Not Available,Parking,141029764.1,Not Available,Not Available,Existing,977035.0,Not Available,Not Available,No,Not Available,-73.983324,0
1633346,179-01 90th Avenue,44706.99955,04/12/2021 02:53 PM EDT,Not Available,Not Available,Not Available,Not Available,Not Available,Not Available,Not Available,Not Available,Not Available,Not Available,Not Available,Not Available,Not Available,114325,Not Available,Not Available,Not Available,4099140001,0,85.7,2021-05-28T17:11:47.000,Not Available,Not Available,Not Available,Not Available,0.0,83,Not Available,Not Available,Not Available,Not Available,668.8,55.1,59.1,Not Available,No,455479.9,100,Not Available,Not Available,Not Available,Not Available,Not Available,40.710624,9797783.5,Not Available,Not Available,9324468.6,Not Available,Not Available,Existing,114325.0,Not Available,Not Available,No,Not Available,-73.783423,Not Available
163473300.00%,143-26 101st Avenue,59178.00041,04/12/2021 02:53 PM EDT,Not Available,Not Available,Not Available,Not Available,Not Available,Not Available,Not Available,Not Available,Not Available,Not Available,Not Available,Not Available,Not Available,120984,Not Available,Not Available,Not Available,4100240012,0,155.8,2021-05-28T17:12:08.000,Not Available,Not Available,Not Available,Not Available,0.0,19,Not Available,Not Available,Not Available,Not Available,46.4,86.2,91.2,Not Available,No,1218000.0,100,Not Available,Not Available,Not Available,Not Available,Not Available,40.695238,18846306.2,Not Available,Not Available,18212364.2,Not Available,Not Available,Existing,120984.0,Not Available,Not Available,No,Not Available,-73.807364,Not Available
1633032,212 West 120th Street,672.999982,04/12/2021 02:42 PM EDT,Not Available,Not Available,Not Available,Not Available,Not Available,Not Available,Not Available,Not Available,Not Available,Not Available,Not Available,Not Available,Not Available,110480,Not Available,Not Available,Not Available,1019250019,0,87.5,2021-05-28T17:12:44.000,Not Available,Not Available,Not Available,Not Available,0.0,90,Not Available,Not Available,Not Available,Not Available,Not Available,59.4,65.3,Not Available,No,390960.0,100,Not Available,Not Available,Not Available,Not Available,Not Available,40.806063,9671899.7,Not Available,Not Available,9021200.8,Not Available,Not Available,Existing,110480.0,Not Available,Not Available,No,Not Available,-73.95134,Not Available
1633681,1827 Archer Street,64516.00215,04/12/2021 02:33 PM EDT,Not Available,Not Available,Not Available,Not Available,Not Available,Not Available,Not Available,Not Available,Not Available,Not Available,Not Available,Not Available,Not Available,163325,Not Available,Not Available,Not Available,2039210030,0,106.4,2021-05-28T17:13:20.000,Not Available,Not Available,Not Available,Not Available,0.0,76,Not Available,Not Available,Not Available,Not Available,1611.8,60.4,66.4,Not Available,No,1001199.9,100,Not Available,Not Available,Not Available,Not Available,Not Available,40.837631,17373270.5,Not Available,Not Available,16339244.8,Not Available,Not Available,Existing,163325.0,Not Available,Not Available,No,Not Available,-73.866036,Not Available
1633060,1257 Ogden Avenue,32800.00359,04/12/2021 02:33 PM EDT,Not Available,Not Available,Not Available,Not Available,Not Available,Not Available,Not Available,Not Available,Not Available,Not Available,Not Available,Not Available,Not Available,81680,Not Available,Not Available,Not Available,2025290081,0,76.7,2021-05-28T17:13:17.000,Not Available,Not Available,Not Available,Not Available,0.0,93,Not Available,Not Available,Not Available,Not Available,46.8,50.4,56,Not Available,No,245760.0,100,Not Available,Not Available,Not Available,Not Available,Not Available,40.839378,6268718.6,Not Available,Not Available,5791893.2,Not Available,Not Available,Existing,81680.0,Not Available,Not Available,No,Not Available,-73.925714,Not Available
1633780,67-54 80th Street,34004.99914,04/12/2021 02:42 PM EDT,Not Available,Not Available,Not Available,Not Available,Not Available,Not Available,Not Available,Not Available,Not Available,Not Available,Not Available,Not Available,Not Available,96765,Not Available,Not Available,Not Available,4037820027,0,102.9,2021-05-28T17:11:16.000,Not Available,Not Available,Not Available,Not Available,0.0,67,Not Available,Not Available,Not Available,Not Available,Not Available,59.1,64.2,Not Available,No,577999.9,100,Not Available,Not Available,Not Available,Not Available,Not Available,40.711815,9960714.9,Not Available,Not Available,9441234.4,Not Available,Not Available,Existing,96765.0,Not Available,Not Available,No,Not Available,-73.871238,Not Available
1633354,85-15 143rd Street,13592.99879,04/12/2021 02:53 PM EDT,Not Available,Not Available,Not Available,Not Available,Not Available,Not Available,Not Available,Not Available,Not Available,Not Available,Not Available,Not Available,Not Available,111680,Not Available,Not Available,Not Available,4097230150,0,88.9,2021-05-28T17:12:58.000,Not Available,Not Available,Not Available,Not Available,0.0,62,Not Available,Not Available,Not Available,Not Available,Not Available,57.9,59,Not Available,No,527039.9,100,Not Available,Not Available,Not Available,Not Available,Not Available,40.709463,9933384.5,Not Available,Not Available,9804447.5,Not Available,Not Available,Existing,111680.0,Not Available,Not Available,No,Not Available,-73.813376,Not Available
1633937,2185 Bathgate Avenue,46657.00149,04/12/2021 02:33 PM EDT,Not Available,Not Available,Not Available,Not Available,Not Available,Not Available,Not Available,Not Available,Not Available,Not Available,Not Available,Not Available,Not Available,82880,Not Available,Not Available,Not Available,2030490037,0,93.3,2021-05-28T17:11:50.000,Not Available,Not Available,Not Available,Not Available,0.0,61,Not Available,Not Available,Not Available,Not Available,1327.8,65.2,73.6,Not Available,No,222252.5,100,Not Available,Not Available,Not Available,Not Available,Not Available,40.852774,7732634.5,Not Available,Not Available,6959505.7,Not Available,Not Available,Existing,82880.0,Not Available,Not Available,No,Not Available,-73.893524,Not Available
1633106,171-05 137th Avenue,151,04/12/2021 02:53 PM EDT,Not Available,Not Available,Not Available,Not Available,Not Available,Not Available,Not Available,Not Available,Not Available,Not Available,Not Available,Not Available,Not Available,100900,Not Available,Not Available,4954072,4124950166,0,86.2,2021-05-28T17:11:13.000,Not Available,Not Available,Not Available,Not Available,0.0,79,Not Available,Not Available,Not Available,Not Available,254,60.9,64.6,Not Available,No,344960.0,100,Not Available,Not Available,Not Available,Not Available,Not Available,40.67282,8694553.4,Not Available,Not Available,8315077.5,Not Available,Not Available,Existing,100900.0,Not Available,Not Available,No,Not Available,-73.769252,Not Available
1633732,1007 Evergreen Avenue,6319.99981,04/12/2021 02:33 PM EDT,Not Available,Not Available,Not Available,Not Available,Not Available,Not Available,Not Available,Not Available,Not Available,Not Available,Not Available,Not Available,Not Available,109200,Not Available,Not Available,3985946.3,2037110001,0,74,2021-05-28T17:12:46.000,Not Available,Not Available,Not Available,Not Available,0.0,86,Not Available,Not Available,Not Available,Not Available,Not Available,53.4,53.4,Not Available,No,355200.0,100,Not Available,Not Available,Not Available,Not Available,Not Available,40.824054,8082844.6,Not Available,Not Available,8082844.6,Not Available,Not Available,Existing,109200.0,Not Available,Not Available,No,Not Available,-73.880039,Not Available
1633966,1120 East 10th Street,39920.0007,04/12/2021 02:50 PM EDT,Not Available,Not Available,Not Available,Not Available,Not Available,Not Available,Not Available,Not Available,Not Available,Not Available,Not Available,Not Available,Not Available,94800,Not Available,Not Available,Not Available,3065350011,0,83.6,2021-05-28T17:11:25.000,Not Available,Not Available,Not Available,Not Available,0.0,79,Not Available,Not Available,Not Available,Not Available,337.7,57.2,62.2,Not Available,No,291840.0,100,Not Available,Not Available,Not Available,Not Available,Not Available,40.621565,7920806.9,Not Available,Not Available,7419187.9,Not Available,Not Available,Existing,94800.0,Not Available,Not Available,No,Not Available,-73.965595,Not Available
1836562,250 East 183rd Street,0,04/12/2021 02:33 PM EDT,Not Available,Not Available,Not Available,Not Available,Not Available,Not Available,Not Available,Not Available,Not Available,Not Available,Not Available,Not Available,Not Available,132000,Not Available,Not Available,Not Available,2031500010,0,90.2,2021-05-28T17:12:23.000,Not Available,Not Available,Not Available,Not Available,0.0,80,Not Available,Not Available,Not Available,Not Available,Not Available,53.4,59.1,Not Available,No,658800.1,100,Not Available,Not Available,Not Available,Not Available,Not Available,40.857003,11909144.5,Not Available,Not Available,10969264.5,Not Available,Not Available,Existing,132000.0,Not Available,Not Available,No,Not Available,-73.898756,Not Available
1633401,75-10 21st Avenue,26859.00083,04/12/2021 02:42 PM EDT,Not Available,Not Available,Not Available,Not Available,Not Available,Not Available,Not Available,Not Available,Not Available,Not Available,Not Available,Not Available,Not Available,74480,Not Available,Not Available,Not Available,4009710001,0,73.3,2021-05-28T17:13:33.000,Not Available,Not Available,Not Available,Not Available,0.0,95,Not Available,Not Available,Not Available,Not Available,433.9,46.4,52.5,Not Available,No,226400.0,100,Not Available,Not Available,Not Available,Not Available,Not Available,40.770335,5460109.1,Not Available,Not Available,4983130.2,Not Available,Not Available,Existing,74480.0,Not Available,Not Available,No,Not Available,-73.894476,Not Available
1836524,233-15 Merrick Boulevard,37707.00124,04/12/2021 02:53 PM EDT,Not Available,Not Available,Not Available,Not Available,Not Available,Not Available,Not Available,Not Available,Not Available,Not Available,Not Available,Not Available,Not Available,104400,Not Available,Not Available,Not Available,4129730001,0,132.5,2021-05-28T17:12:24.000,Not Available,Not Available,Not Available,Not Available,0.0,49,Not Available,Not Available,Not Available,Not Available,630.5,71.6,75.7,Not Available,No,931116.9,100,Not Available,Not Available,Not Available,Not Available,Not Available,40.674831,13832543.3,Not Available,Not Available,13338017.7,Not Available,Not Available,Existing,104400.0,Not Available,Not Available,No,Not Available,-73.736713,Not Available
1634645,778 Forest Avenue,160.9999952,04/12/2021 02:33 PM EDT,Not Available,Not Available,Not Available,Not Available,Not Available,Not Available,Not Available,Not Available,Not Available,Not Available,Not Available,Not Available,Not Available,210000,Not Available,Not Available,Not Available,2026550030,0,61.7,2021-05-28T17:12:05.000,Not Available,Not Available,Not Available,Not Available,220576.1,96,Not Available,Not Available,Not Available,Not Available,Not Available,39.5,43.8,Not Available,No,600977.8,100,287954,Not Available,Not Available,Not Available,Not Available,40.818874,12955890.2,Not Available,Not Available,12041053.4,Not Available,220576.1,Existing,210000.0,Not Available,Not Available,No,Not Available,-73.905927,Not Available
1836686,132-15 218th Street,30243.99772,04/12/2021 02:53 PM EDT,Not Available,Not Available,Not Available,Not Available,Not Available,Not Available,Not Available,Not Available,Not Available,Not Available,Not Available,Not Available,Not Available,60670,Not Available,Not Available,Not Available,4129270028,0,96.4,2021-05-28T17:13:12.000,Not Available,Not Available,Not Available,Not Available,0.0,70,Not Available,Not Available,Not Available,Not Available,158.1,66.5,72.5,Not Available,No,207680.0,100,Not Available,Not Available,Not Available,Not Available,Not Available,40.682114,5845827.1,Not Available,Not Available,5466347.4,Not Available,Not Available,Existing,60670.0,Not Available,Not Available,No,Not Available,-73.74992,Not Available
1633757,510 Clermont Avenue,22158.99809,04/12/2021 02:50 PM EDT,Not Available,Not Available,Not Available,Not Available,Not Available,Not Available,Not Available,Not Available,Not Available,Not Available,Not Available,Not Available,Not Available,61200,Not Available,Not Available,Not Available,3020080001,0,82.2,2021-05-28T17:11:17.000,Not Available,Not Available,Not Available,Not Available,0.0,90,Not Available,Not Available,Not Available,Not Available,Not Available,52.0,52,Not Available,No,283200.0,100,Not Available,Not Available,Not Available,Not Available,Not Available,40.682533,5032274.3,Not Available,Not Available,5032274.3,Not Available,Not Available,Existing,61200.0,Not Available,Not Available,No,Not Available,-73.968769,Not Available
1633296,3000 East Tremont Avenue,150348.0003,04/12/2021 02:33 PM EDT,Not Available,Not Available,Not Available,Not Available,Not Available,Not Available,Not Available,Not Available,Not Available,Not Available,Not Available,Not Available,Not Available,418550,Not Available,Not Available,Not Available,2053680001,0,90.8,2021-05-28T17:12:14.000,Not Available,Not Available,Not Available,Not Available,284183.6,83,Not Available,Not Available,Not Available,Not Available,Not Available,56.4,56.3,Not Available,No,2227481.0,100,319665,Not Available,Not Available,Not Available,Not Available,40.840702,38011822.4,Not Available,Not Available,38036639.7,Not Available,284183.6,Existing,418550.0,Not Available,Not Available,No,Not Available,-73.838545,Not Available
1836472,1680 Hoe Avenue,Not Available,Not Available,Not Available,Not Available,Not Available,Not Available,Not Available,Not Available,Not Available,Not Available,Not Available,Not Available,Not Available,Not Available,Not Available,10860,Not Available,Not Available,Not Available,2029900006,0,126.4,2021-05-28T17:13:50.000,Not Available,Not Available,Not Available,Not Available,0.0,79,Not Available,Not Available,Not Available,Not Available,102.2,41.7,45.1,Not Available,No,143659.7,100,Not Available,Not Available,Not Available,Not Available,Not Available,40.835765,1372467,Not Available,Not Available,1267189.5,Not Available,Not Available,Existing,10860.0,Not Available,Not Available,No,Not Available,-73.887585,Not Available
1634185,601 Parkside Avenue,57658.99775,04/12/2021 02:50 PM EDT,Not Available,Not Available,Not Available,Not Available,Not Available,Not Available,Not Available,Not Available,Not Available,Not Available,Not Available,Not Available,Not Available,134400,Not Available,Not Available,Not Available,3050490055,0,93.2,2021-05-28T17:12:36.000,Not Available,Not Available,Not Available,Not Available,0.0,80,Not Available,Not Available,Not Available,Not Available,0,59.4,65.4,Not Available,No,553199.9,100,Not Available,Not Available,Not Available,Not Available,Not Available,40.656046,12524830.7,Not Available,Not Available,11666789.4,Not Available,Not Available,Existing,134400.0,Not Available,Not Available,No,Not Available,-73.953742,Not Available
1422300,41 Madison Ave,2201.47056,04/19/2021 08:48 PM EDT,Not Available,Not Available,Not Available,Not Available,Not Available,No,Not Available,Not Available,Not Available,Not Available,Not Available,518623,Not Available,527815,100,Not Available,Not Available,1008550037,0,161.2,2021-05-26T11:42:43.000,Not Available,Not Available,Not Available,Not Available,0.0,52,Not Available,4000,Not Available,Not Available,5659.2,92.5,92.5,Not Available,No,4836140.5,95,Not Available,Not Available,5192,Not Available,Not Available,40.742616,85068966.4,Not Available,Other,85068966.4,Not Available,Not Available,Existing,527815.0,32114658.7,Not Available,No,Not Available,-73.986698,Not Available
1836384,425 West 130th Street,2931.999849,04/12/2021 02:42 PM EDT,Not Available,Not Available,Not Available,Not Available,Not Available,Not Available,Not Available,Not Available,Not Available,Not Available,Not Available,Not Available,Not Available,102125,Not Available,Not Available,3539186.1,1019570010,0,69.6,2021-05-28T17:13:07.000,Not Available,Not Available,Not Available,Not Available,0.0,89,Not Available,Not Available,Not Available,Not Available,Not Available,47.3,51.5,Not Available,No,292960.0,100,Not Available,Not Available,Not Available,Not Available,Not Available,40.814637,7112708.1,Not Available,Not Available,6681260.6,Not Available,Not Available,Existing,102125.0,Not Available,Not Available,No,Not Available,-73.951912,Not Available
1836731,180 Chauncey Street,1450.999902,04/12/2021 02:50 PM EDT,Not Available,Not Available,Not Available,Not Available,Not Available,Not Available,Not Available,Not Available,Not Available,Not Available,Not Available,Not Available,Not Available,109200,Not Available,Not Available,9471020.4,3016920017,0,143.9,2021-05-28T17:12:05.000,Not Available,Not Available,Not Available,Not Available,0.0,30,Not Available,Not Available,Not Available,Not Available,Not Available,103.2,115.5,Not Available,No,486079.9,100,Not Available,Not Available,Not Available,Not Available,Not Available,40.680727,15717819.2,Not Available,Not Available,14361899.4,Not Available,Not Available,Existing,109200.0,Not Available,Not Available,No,Not Available,-73.926597,Not Available
1633950,1980 Lafayette Avenue,3448.999937,04/12/2021 02:33 PM EDT,Not Available,Not Available,Not Available,Not Available,Not Available,Not Available,Not Available,Not Available,Not Available,Not Available,Not Available,Not Available,Not Available,446400,Not Available,Not Available,Not Available,2036040039,0,78.4,2021-05-28T17:12:46.000,Not Available,Not Available,Not Available,Not Available,0.0,92,Not Available,Not Available,Not Available,Not Available,1506.6,48.4,55.4,Not Available,No,1636919.6,100,Not Available,Not Available,Not Available,Not Available,Not Available,40.82229,34998982.9,Not Available,Not Available,31831402.6,Not Available,Not Available,Existing,446400.0,Not Available,Not Available,No,Not Available,-73.856167,Not Available
1836560,1166 Neil Avenue,36723.00013,04/12/2021 02:33 PM EDT,Not Available,Not Available,Not Available,Not Available,Not Available,Not Available,Not Available,Not Available,Not Available,Not Available,Not Available,Not Available,Not Available,42060,Not Available,Not Available,Not Available,2042750001,0,190.6,2021-05-28T17:12:09.000,Not Available,Not Available,Not Available,Not Available,0.0,27,Not Available,Not Available,Not Available,Not Available,Not Available,117.1,131.8,Not Available,No,367200.0,100,Not Available,Not Available,Not Available,Not Available,Not Available,,8014824.7,Not Available,Not Available,7363997.0,Not Available,Not Available,Existing,42060.0,Not Available,Not Available,No,Not Available,,Not Available
1296056,2239 Forrest Avenue,9532.000004,04/28/2021 04:58 PM EDT,Not Available,Not Available,Not Available,Not Available,Not Available,Not Available,Not Available,Not Available,Not Available,Not Available,Not Available,Not Available,Not Available,91047,Not Available,Not Available,Not Available,5012500090,0,78.6,2021-04-30T16:17:54.000,Not Available,Not Available,Not Available,Not Available,0.0,93,Not Available,Not Available,Not Available,Not Available,1030.9,43.1,44.4,Not Available,No,498235.9,100,372731,Not Available,Not Available,Not Available,Not Available,,7153850.4,Not Available,Not Available,7032565.6,Not Available,372731,Existing,91047.0,Not Available,Not Available,No,Not Available,,0
1747000,56-45 Main Street,1410309.266,03/28/2021 05:49 PM EDT,Not Available,Not Available,Not Available,455,Not Available,Not Available,Not Available,439,Not Available,0.00339,Not Available,Not Available,Not Available,589161,Not Available,Not Available,Not Available,4-05165-0001,0,681.9,2021-04-19T12:34:05.000,Not Available,Not Available,Not Available,Not Available,0.0,6,Not Available,Not Available,100% Yes,Not Available,99591.7,395.2,392.8,Not Available,No,26579505.7,100,Not Available,Not Available,Not Available,Not Available,Not Available,40.746817,401723519.7,Not Available,Not Available,405216917.5,Not Available,Not Available,Existing,589161.0,Not Available,Not Available,No,Not Available,-73.826155,Not Available
1634502,88 Woodbine Street,26610.00064,04/12/2021 02:50 PM EDT,Not Available,Not Available,Not Available,Not Available,Not Available,Not Available,Not Available,Not Available,Not Available,Not Available,Not Available,Not Available,Not Available,97200,Not Available,Not Available,Not Available,3033580001,0,71.1,2021-05-28T17:12:07.000,Not Available,Not Available,Not Available,Not Available,0.0,85,Not Available,Not Available,Not Available,Not Available,476.3,45.1,48.8,Not Available,No,326720.0,100,Not Available,Not Available,Not Available,Not Available,Not Available,40.691077,6908539.7,Not Available,Not Available,6528674.4,Not Available,Not Available,Existing,97200.0,Not Available,Not Available,No,Not Available,-73.918152,Not Available
163411300.00%,757 Cauldwell Avenue,24155.00229,04/12/2021 02:33 PM EDT,Not Available,Not Available,Not Available,Not Available,Not Available,Not Available,Not Available,Not Available,Not Available,Not Available,Not Available,Not Available,Not Available,98400,Not Available,Not Available,Not Available,2026250001,0,53,2021-05-28T17:12:38.000,Not Available,Not Available,Not Available,Not Available,0.0,93,Not Available,Not Available,Not Available,Not Available,48.2,33.2,36,Not Available,No,249200.0,100,Not Available,Not Available,Not Available,Not Available,Not Available,40.819258,5211957.2,Not Available,Not Available,4917032.2,Not Available,Not Available,Existing,98400.0,Not Available,Not Available,No,Not Available,-73.908553,Not Available
1634375,370 West 120th Street,24315.00253,04/12/2021 02:42 PM EDT,Not Available,Not Available,Not Available,Not Available,Not Available,Not Available,Not Available,Not Available,Not Available,Not Available,Not Available,Not Available,Not Available,99680,Not Available,Not Available,Not Available,1019460001,0,82.2,2021-05-28T17:12:38.000,Not Available,Not Available,Not Available,Not Available,0.0,88,Not Available,Not Available,Not Available,Not Available,Not Available,42.7,47.9,Not Available,No,533439.9,100,Not Available,Not Available,Not Available,Not Available,Not Available,40.807843,8198633.9,Not Available,Not Available,7649347.6,Not Available,Not Available,Existing,99680.0,Not Available,Not Available,No,Not Available,-73.955569,Not Available
1634433,71 Sullivan Street,36461.99751,04/12/2021 02:50 PM EDT,Not Available,Not Available,Not Available,Not Available,Not Available,Not Available,Not Available,Not Available,Not Available,Not Available,Not Available,Not Available,Not Available,96000,Not Available,Not Available,Not Available,3005660001,0,82.1,2021-05-28T17:12:34.000,Not Available,Not Available,Not Available,Not Available,0.0,90,Not Available,Not Available,Not Available,Not Available,44.9,51.5,55.6,Not Available,No,381600.0,100,Not Available,Not Available,Not Available,Not Available,Not Available,40.677343,7878399,Not Available,Not Available,7474163.6,Not Available,Not Available,Existing,96000.0,Not Available,Not Available,No,Not Available,-74.011558,Not Available
1634560,103-22 99th Street,16675.00107,04/12/2021 02:53 PM EDT,Not Available,Not Available,Not Available,Not Available,Not Available,Not Available,Not Available,Not Available,Not Available,Not Available,Not Available,Not Available,Not Available,57560,Not Available,Not Available,Not Available,4091210011,0,145,2021-05-28T17:13:20.000,Not Available,Not Available,Not Available,Not Available,0.0,28,Not Available,Not Available,Not Available,Not Available,59.8,69.2,71.5,Not Available,No,674025.9,100,Not Available,Not Available,Not Available,Not Available,Not Available,40.68259,8344009,Not Available,Not Available,8235381.2,Not Available,Not Available,Existing,57560.0,Not Available,Not Available,No,Not Available,-73.841202,Not Available
1836510,229-02 137th Avenue,51367.0002,04/12/2021 02:53 PM EDT,Not Available,Not Available,Not Available,Not Available,Not Available,Not Available,Not Available,Not Available,Not Available,Not Available,Not Available,Not Available,Not Available,99090,Not Available,Not Available,Not Available,4131700012,0,106.4,2021-05-28T17:12:47.000,Not Available,Not Available,Not Available,Not Available,0.0,36,Not Available,Not Available,Not Available,Not Available,Not Available,70.9,76.2,Not Available,No,441759.9,100,Not Available,Not Available,Not Available,Not Available,Not Available,40.673069,10547860.5,Not Available,Not Available,10004197.5,Not Available,Not Available,Existing,99090.0,Not Available,Not Available,No,Not Available,-73.743173,Not Available
1719778,24-01 44th Road,57042.17682,04/06/2021 09:29 AM EDT,100% Yes,Not Available,Not Available,Not Available,0,Not Available,Not Available,Not Available,Not Available,Not Available,Not Available,271937,Not Available,275252,100,Not Available,Not Available,4004350001,1,148.3,2021-04-06T15:54:19.000,Not Available,3315,Not Available,Not Available,3399340.0,78,N+1,Not Available,Not Available,Not Available,2612.7,65.2,67.3,Not Available,Yes,3580726.9,100,Not Available,Not Available,Not Available,Not Available,Not Available,40.748206,40822221.5,Not Available,Not Available,40253800.1,0,Not Available,Existing,275252.0,Not Available,Not Available,Yes,Not Available,-73.943731,Not Available
1633427,108-35 167th Street,4324.000168,04/12/2021 02:53 PM EDT,Not Available,Not Available,Not Available,Not Available,Not Available,Not Available,Not Available,Not Available,Not Available,Not Available,Not Available,Not Available,Not Available,187375,Not Available,Not Available,7067714.3,4101780001,0,95.5,2021-05-28T17:12:23.000,Not Available,Not Available,Not Available,Not Available,0.0,78,Not Available,Not Available,Not Available,Not Available,0,58.3,62.1,Not Available,No,1001599.8,100,Not Available,Not Available,Not Available,Not Available,Not Available,40.69719,17886781.6,Not Available,Not Available,17161296.6,Not Available,Not Available,Existing,187375.0,Not Available,Not Available,No,Not Available,-73.787192,Not Available
1633860,58 Lawrence Avenue,48797.00131,04/12/2021 02:53 PM EDT,Not Available,Not Available,Not Available,Not Available,Not Available,Not Available,Not Available,Not Available,Not Available,Not Available,Not Available,Not Available,Not Available,87680,Not Available,Not Available,Not Available,5002760007,0,104.7,2021-05-28T17:12:58.000,Not Available,Not Available,Not Available,Not Available,0.0,70,Not Available,Not Available,Not Available,Not Available,Not Available,71.5,78.3,Not Available,No,332000.0,100,Not Available,Not Available,Not Available,Not Available,Not Available,40.628558,9177910.4,Not Available,Not Available,8551382.1,Not Available,Not Available,Existing,87680.0,Not Available,Not Available,No,Not Available,-74.107148,Not Available
1633138,4011 Fillmore Avenue,30160.00248,04/12/2021 02:50 PM EDT,Not Available,Not Available,Not Available,Not Available,Not Available,Not Available,Not Available,Not Available,Not Available,Not Available,Not Available,Not Available,Not Available,84000,Not Available,Not Available,Not Available,3084840001,0,67.1,2021-05-28T17:13:21.000,Not Available,Not Available,Not Available,Not Available,0.0,93,Not Available,Not Available,Not Available,Not Available,Not Available,44.8,49,Not Available,No,220160.0,100,Not Available,Not Available,Not Available,Not Available,Not Available,40.613353,5639850.8,Not Available,Not Available,5270120.8,Not Available,Not Available,Existing,84000.0,Not Available,Not Available,No,Not Available,-73.930129,Not Available
1634263,145 Pennsylvania Avenue,63075.99949,04/12/2021 02:50 PM EDT,Not Available,Not Available,Not Available,Not Available,Not Available,Not Available,Not Available,Not Available,Not Available,Not Available,Not Available,Not Available,Not Available,180000,Not Available,Not Available,Not Available,3037040001,0,97.4,2021-05-28T17:13:13.000,Not Available,Not Available,Not Available,Not Available,0.0,78,Not Available,Not Available,Not Available,Not Available,555.7,57.6,61.8,Not Available,No,982799.9,100,Not Available,Not Available,Not Available,Not Available,Not Available,40.674135,17524132.5,Not Available,Not Available,16723096.6,Not Available,Not Available,Existing,180000.0,Not Available,Not Available,No,Not Available,-73.89643,Not Available
1463980,350 Park Avenue,Not Available,Not Available,Not Available,Not Available,Not Available,Not Available,Not Available,No,Not Available,Not Available,Not Available,Not Available,Not Available,49600,Not Available,570778,100,Not Available,Not Available,1012870033,0,158.3,2021-05-17T12:17:24.000,Not Available,Not Available,Not Available,Not Available,0.0,58,Not Available,Not Available,Not Available,Not Available,5785.7,72.3,73.1,384.92,No,7369085.4,95,Not Available,Not Available,Not Available,Not Available,Not Available,40.758224,90339216.5,Not Available,Bank Branch,89819184.8,Not Available,Not Available,Existing,570778.0,16140663.9,Not Available,No,Not Available,-73.973231,Not Available
1633316,272 McDonough Street,67019.99994,04/12/2021 02:50 PM EDT,Not Available,Not Available,Not Available,Not Available,Not Available,Not Available,Not Available,Not Available,Not Available,Not Available,Not Available,Not Available,Not Available,135600,Not Available,Not Available,Not Available,3016740011,0,83.3,2021-05-28T17:11:46.000,Not Available,Not Available,Not Available,Not Available,0.0,93,Not Available,Not Available,Not Available,Not Available,0,58.2,64.8,Not Available,No,347200.0,100,Not Available,Not Available,Not Available,Not Available,Not Available,40.681896,11302159.6,Not Available,Not Available,10354110.0,Not Available,Not Available,Existing,135600.0,Not Available,Not Available,No,Not Available,-73.935963,Not Available
1633531,2151 Washington Avenue,61678.00261,04/12/2021 02:33 PM EDT,Not Available,Not Available,Not Available,Not Available,Not Available,Not Available,Not Available,Not Available,Not Available,Not Available,Not Available,Not Available,Not Available,90031,Not Available,Not Available,Not Available,2030370079,0,167,2021-05-28T17:13:02.000,Not Available,Not Available,Not Available,Not Available,0.0,33,Not Available,Not Available,Not Available,Not Available,707.4,100.1,112.1,Not Available,No,745019.1,100,Not Available,Not Available,Not Available,Not Available,Not Available,40.85294,15036233.4,Not Available,Not Available,13939257.7,Not Available,Not Available,Existing,90031.0,Not Available,Not Available,No,Not Available,-73.894742,Not Available
1634323,50-40 Jacobus Street,55336.00071,04/12/2021 02:42 PM EDT,Not Available,Not Available,Not Available,Not Available,Not Available,Not Available,Not Available,Not Available,Not Available,Not Available,Not Available,Not Available,Not Available,180166,Not Available,Not Available,Not Available,4024500017,0,132,2021-05-28T17:12:43.000,Not Available,Not Available,Not Available,Not Available,0.0,57,Not Available,Not Available,Not Available,Not Available,Not Available,64.8,70.7,Not Available,No,1745599.6,100,Not Available,Not Available,Not Available,Not Available,Not Available,40.737718,23781750.6,Not Available,Not Available,22668236.9,Not Available,Not Available,Existing,180166.0,Not Available,Not Available,No,Not Available,-73.887429,Not Available
1836652,99 Terrace View Avenue,0,04/12/2021 02:33 PM EDT,Not Available,Not Available,Not Available,Not Available,Not Available,Not Available,Not Available,Not Available,Not Available,Not Available,Not Available,Not Available,Not Available,575872,Not Available,Not Available,11375881.4,1022150080,0,59.3,2021-05-28T17:12:59.000,Not Available,Not Available,Not Available,Not Available,133762.8,98,Not Available,Not Available,Not Available,Not Available,Not Available,31.5,39.4,Not Available,No,1841982.0,100,134945,Not Available,Not Available,Not Available,Not Available,40.877105,34135926,Not Available,Not Available,29543600.2,Not Available,133762.8,Existing,575872.0,Not Available,Not Available,No,Not Available,-73.912256,Not Available
1633012,1619 Boston Road,64773.99915,04/12/2021 02:33 PM EDT,Not Available,Not Available,Not Available,Not Available,Not Available,Not Available,Not Available,Not Available,Not Available,Not Available,Not Available,Not Available,Not Available,171725,Not Available,Not Available,Not Available,2029390093,0,82.1,2021-05-28T17:13:06.000,Not Available,Not Available,Not Available,Not Available,0.0,91,Not Available,Not Available,Not Available,Not Available,196,50.9,56.2,Not Available,No,663199.9,100,Not Available,Not Available,Not Available,Not Available,Not Available,40.8359,14090349.8,Not Available,Not Available,13137217.4,Not Available,Not Available,Existing,171725.0,Not Available,Not Available,No,Not Available,-73.890458,Not Available
1633881,333 East 4th Street,4.99999952,04/12/2021 02:42 PM EDT,Not Available,Not Available,Not Available,Not Available,Not Available,Not Available,Not Available,Not Available,Not Available,Not Available,Not Available,Not Available,Not Available,72080,Not Available,Not Available,2204366.3,1003740020,0,63.5,2021-05-28T17:12:40.000,Not Available,Not Available,Not Available,Not Available,0.0,97,Not Available,Not Available,Not Available,Not Available,475.9,42.2,42.2,Not Available,No,245760.0,100,Not Available,Not Available,Not Available,Not Available,Not Available,40.721791,4574827.7,Not Available,Not Available,4574827.7,Not Available,Not Available,Existing,72080.0,Not Available,Not Available,No,Not Available,-73.978986,Not Available
1634203,850 Kent Avenue,60310.9979,04/12/2021 02:50 PM EDT,Not Available,Not Available,Not Available,Not Available,Not Available,Not Available,Not Available,Not Available,Not Available,Not Available,Not Available,Not Available,Not Available,122400,Not Available,Not Available,Not Available,3018970013,0,92.4,2021-05-28T17:11:20.000,Not Available,Not Available,Not Available,Not Available,0.0,61,Not Available,Not Available,Not Available,Not Available,3476.9,63.1,69.6,Not Available,No,398400.0,100,Not Available,Not Available,Not Available,Not Available,Not Available,40.695417,11304977.7,Not Available,Not Available,10473321.0,Not Available,Not Available,Existing,122400.0,Not Available,Not Available,No,Not Available,-73.959571,Not Available
1633441,84-40 101st Street,35560.99622,04/12/2021 02:53 PM EDT,Not Available,Not Available,Not Available,Not Available,Not Available,Not Available,Not Available,Not Available,Not Available,Not Available,Not Available,Not Available,Not Available,98346,Not Available,Not Available,Not Available,4091770023,0,128.6,2021-05-28T17:12:59.000,Not Available,Not Available,Not Available,Not Available,0.0,56,Not Available,Not Available,Not Available,Not Available,Not Available,66.8,71.4,Not Available,No,883999.8,100,Not Available,Not Available,Not Available,Not Available,Not Available,40.697961,12649010.7,Not Available,Not Available,12179286.6,Not Available,Not Available,Existing,98346.0,Not Available,Not Available,No,Not Available,-73.84796,Not Available
1634702,133 East 53rd Street,39285.00334,04/12/2021 02:50 PM EDT,Not Available,Not Available,Not Available,Not Available,Not Available,Not Available,Not Available,Not Available,Not Available,Not Available,Not Available,Not Available,Not Available,87600,Not Available,Not Available,Not Available,3046230028,0,98,2021-05-28T17:12:04.000,Not Available,Not Available,Not Available,Not Available,0.0,42,Not Available,Not Available,Not Available,Not Available,568.2,67.4,71.3,Not Available,No,345240.0,100,Not Available,Not Available,Not Available,Not Available,Not Available,40.657131,8586160.5,Not Available,Not Available,8231614.1,Not Available,Not Available,Existing,87600.0,Not Available,Not Available,No,Not Available,-73.928018,Not Available
1836518,each 51st S,34578.99941,04/12/2021 02:53 PM EDT,Not Available,Not Available,Not Available,Not Available,Not Available,Not Available,Not Available,Not Available,Not Available,Not Available,Not Available,Not Available,Not Available,103325,Not Available,Not Available,Not Available,4159740003,0,78.6,2021-05-28T17:12:09.000,Not Available,Not Available,Not Available,Not Available,0.0,84,Not Available,Not Available,Not Available,Not Available,299.2,47.4,51.6,Not Available,No,421920.0,100,Not Available,Not Available,Not Available,Not Available,Not Available,40.595779,8121642.4,Not Available,Not Available,7661649.9,Not Available,Not Available,Existing,103325.0,Not Available,Not Available,No,Not Available,-73.781876,Not Available
1634363,223 East 23 Street,32.00000175,04/12/2021 02:42 PM EDT,Not Available,Not Available,Not Available,Not Available,Not Available,No,Not Available,Not Available,Not Available,Not Available,Not Available,Not Available,Not Available,141660,Not Available,Not Available,Not Available,1009040024,0,115.7,2021-05-28T17:11:30.000,Not Available,Not Available,Not Available,Not Available,0.0,74,Not Available,Not Available,Not Available,Not Available,Not Available,66.1,71.3,Not Available,No,779909.5,100,Not Available,Not Available,Not Available,Not Available,Not Available,40.738548,16393892.7,Not Available,Not Available,15662311.4,Not Available,Not Available,Existing,141660.0,6602820.1,Not Available,No,Not Available,-73.982455,Not Available
1633306,2452 Washington Avenue,18901.00181,04/12/2021 02:33 PM EDT,Not Available,Not Available,Not Available,Not Available,Not Available,Not Available,Not Available,Not Available,Not Available,Not Available,Not Available,Not Available,Not Available,82880,Not Available,Not Available,Not Available,2030580003,0,132,2021-05-28T17:12:56.000,Not Available,Not Available,Not Available,Not Available,0.0,41,Not Available,Not Available,Not Available,Not Available,204.2,60.1,64.1,Not Available,No,897805.4,100,Not Available,Not Available,Not Available,Not Available,Not Available,40.858815,10936936.1,Not Available,Not Available,10634434.6,Not Available,Not Available,Existing,82880.0,Not Available,Not Available,No,Not Available,-73.890232,Not Available
1633948,445 Southern Boulevard,58855.00236,04/12/2021 02:33 PM EDT,Not Available,Not Available,Not Available,Not Available,Not Available,Not Available,Not Available,Not Available,Not Available,Not Available,Not Available,Not Available,Not Available,196860,Not Available,Not Available,Not Available,2025760026,0,74.4,2021-05-28T17:12:24.000,Not Available,Not Available,Not Available,Not Available,0.0,95,Not Available,Not Available,Not Available,Not Available,22.4,42.4,50,Not Available,No,722399.9,100,Not Available,Not Available,Not Available,Not Available,Not Available,40.809714,14648082.5,Not Available,Not Available,13081296.1,Not Available,Not Available,Existing,196860.0,Not Available,Not Available,No,Not Available,-73.907324,Not Available
1634622,163 West 97th Street,200.0000186,04/12/2021 02:42 PM EDT,Not Available,Not Available,Not Available,Not Available,Not Available,Not Available,Not Available,Not Available,Not Available,Not Available,Not Available,Not Available,Not Available,85750,Not Available,Not Available,Not Available,1018520099,0,66.6,2021-05-28T17:12:39.000,Not Available,Not Available,Not Available,Not Available,0.0,93,Not Available,Not Available,Not Available,Not Available,Not Available,44.4,44.4,Not Available,No,304800.0,100,Not Available,Not Available,Not Available,Not Available,Not Available,40.794264,5707435.4,Not Available,Not Available,5707435.4,Not Available,Not Available,Existing,85750.0,Not Available,Not Available,No,Not Available,-73.968706,Not Available
1634687,1075 Ocean View Avenue,73694.9984,04/12/2021 02:50 PM EDT,Not Available,Not Available,Not Available,Not Available,Not Available,Not Available,Not Available,Not Available,Not Available,Not Available,Not Available,Not Available,Not Available,122400,Not Available,Not Available,Not Available,3087120056,0,104.7,2021-05-28T17:13:33.000,Not Available,Not Available,Not Available,Not Available,0.0,88,Not Available,Not Available,Not Available,Not Available,933.3,72.3,79.5,Not Available,No,435199.9,100,Not Available,Not Available,Not Available,Not Available,Not Available,40.579737,12809550.6,Not Available,Not Available,11895701.6,Not Available,Not Available,Existing,122400.0,Not Available,Not Available,No,Not Available,-73.956329,Not Available
1633292,500 Fordham Road,178297.0192,04/12/2021 02:33 PM EDT,Not Available,Not Available,Not Available,Not Available,Not Available,Not Available,Not Available,Not Available,Not Available,Not Available,Not Available,Not Available,Not Available,382925,Not Available,Not Available,Not Available,2030590001,0,87.5,2021-05-28T17:12:14.000,Not Available,Not Available,Not Available,Not Available,0.0,93,Not Available,Not Available,Not Available,Not Available,Not Available,57.7,64.3,Not Available,No,1281924.6,100,Not Available,Not Available,Not Available,Not Available,Not Available,,33519451.6,Not Available,Not Available,30697579.2,Not Available,Not Available,Existing,382925.0,Not Available,Not Available,No,Not Available,,Not Available
1633551,3000 West 1st Street,18309.99963,04/12/2021 02:50 PM EDT,Not Available,Not Available,Not Available,Not Available,Not Available,Not Available,Not Available,Not Available,Not Available,Not Available,Not Available,Not Available,Not Available,52800,Not Available,Not Available,Not Available,3072740107,0,134.7,2021-05-28T17:13:08.000,Not Available,Not Available,Not Available,Not Available,0.0,55,Not Available,Not Available,Not Available,Not Available,Not Available,71.3,74.9,Not Available,No,497399.9,100,Not Available,Not Available,Not Available,Not Available,Not Available,40.57752,7114448.6,Not Available,Not Available,6911456.7,Not Available,Not Available,Existing,52800.0,Not Available,Not Available,No,Not Available,-73.969517,Not Available
1203624,27-01 queens plaza north,57527.75841,07/06/2021 02:03 PM EDT,Not Available,Not Available,Not Available,Not Available,Not Available,Not Available,Not Available,Not Available,Not Available,Not Available,Not Available,767029,Not Available,337400,100,Not Available,Not Available,4004160010,0,Not Available,2021-07-30T10:11:41.000,Not Available,Not Available,Not Available,Not Available,0.0,81,Not Available,8270,Not Available,Not Available,6028.5,44.7,Not Available,Not Available,No,8542142.5,20,Not Available,Not Available,7060,Not Available,Not Available,40.750561,Not Available,Not Available,Restaurant,87917151.8,Not Available,Not Available,Existing,782359.0,Not Available,Not Available,No,Not Available,-73.939315,Not Available
1634373,132 West 89th Street,41137.99863,04/12/2021 02:42 PM EDT,Not Available,Not Available,Not Available,Not Available,Not Available,Not Available,Not Available,Not Available,Not Available,Not Available,Not Available,Not Available,Not Available,87680,Not Available,Not Available,Not Available,1012190047,0,104.2,2021-05-28T17:12:44.000,Not Available,Not Available,Not Available,Not Available,0.0,59,Not Available,Not Available,Not Available,Not Available,478,63.5,71.7,Not Available,No,425199.9,100,Not Available,Not Available,Not Available,Not Available,Not Available,40.788865,9139218.7,Not Available,Not Available,8381680.5,Not Available,Not Available,Existing,87680.0,Not Available,Not Available,No,Not Available,-73.971847,Not Available
1634578,2750 Lafayette Avenue,452.0000212,04/12/2021 02:33 PM EDT,Not Available,Not Available,Not Available,Not Available,Not Available,Not Available,Not Available,Not Available,Not Available,Not Available,Not Available,Not Available,Not Available,182525,Not Available,Not Available,Not Available,2055470001,0,70.4,2021-05-28T17:12:07.000,Not Available,Not Available,Not Available,Not Available,0.0,96,Not Available,Not Available,Not Available,Not Available,Not Available,42.9,48.4,Not Available,No,639999.9,100,Not Available,Not Available,Not Available,Not Available,Not Available,40.827471,12841809.3,Not Available,Not Available,11819769.3,Not Available,Not Available,Existing,182525.0,Not Available,Not Available,No,Not Available,-73.829753,Not Available
1634755,58-20 Utopia Parkway,7612.99988,04/12/2021 02:42 PM EDT,Not Available,Not Available,Not Available,Not Available,Not Available,Not Available,Not Available,Not Available,Not Available,Not Available,Not Available,Not Available,Not Available,364800,Not Available,Not Available,12896471.4,4068820001,0,89.4,2021-05-28T17:13:01.000,Not Available,Not Available,Not Available,Not Available,0.0,90,Not Available,Not Available,Not Available,Not Available,1030.8,54.0,59.1,Not Available,No,1770499.5,100,Not Available,Not Available,Not Available,Not Available,Not Available,40.740724,32611915.7,Not Available,Not Available,30739447.6,Not Available,Not Available,Existing,364800.0,Not Available,Not Available,No,Not Available,-73.79283,Not Available
1634343,725 Brady Avenue,2802.999981,04/12/2021 02:33 PM EDT,Not Available,Not Available,Not Available,Not Available,Not Available,Not Available,Not Available,Not Available,Not Available,Not Available,Not Available,Not Available,Not Available,112900,Not Available,Not Available,Not Available,2042880001,0,109.1,2021-05-28T17:13:26.000,Not Available,Not Available,Not Available,Not Available,0.0,63,Not Available,Not Available,Not Available,Not Available,Not Available,65.3,76.7,Not Available,No,583252.5,100,Not Available,Not Available,Not Available,Not Available,Not Available,40.852398,12319207.4,Not Available,Not Available,10871527.1,Not Available,Not Available,Existing,112900.0,Not Available,Not Available,No,Not Available,-73.866617,Not Available
1633322,2840 West 12th Street,39134.00071,04/12/2021 02:50 PM EDT,Not Available,Not Available,Not Available,Not Available,Not Available,Not Available,Not Available,Not Available,Not Available,Not Available,Not Available,Not Available,Not Available,88800,Not Available,Not Available,Not Available,3072660040,0,79.7,2021-05-28T17:12:59.000,Not Available,Not Available,Not Available,Not Available,0.0,71,Not Available,Not Available,Not Available,Not Available,Not Available,54.3,58.9,Not Available,No,265600.0,100,Not Available,Not Available,Not Available,Not Available,Not Available,40.578255,7080404.5,Not Available,Not Available,6646506.4,Not Available,Not Available,Existing,88800.0,Not Available,Not Available,No,Not Available,-73.979628,Not Available
1633352,87-21 79th Avenue,34669.99697,04/12/2021 02:42 PM EDT,Not Available,Not Available,Not Available,Not Available,Not Available,Not Available,Not Available,Not Available,Not Available,Not Available,Not Available,Not Available,Not Available,97200,Not Available,Not Available,Not Available,4038460040,0,167,2021-05-28T17:12:59.000,Not Available,Not Available,Not Available,Not Available,0.0,33,Not Available,Not Available,Not Available,Not Available,294.7,76.9,85.2,Not Available,No,1262655.7,100,Not Available,Not Available,Not Available,Not Available,Not Available,40.704989,16233995,Not Available,Not Available,14860097.5,Not Available,Not Available,Existing,97200.0,Not Available,Not Available,No,Not Available,-73.8617,Not Available
1633397,1155 Dekalb Avenue,17256.00081,04/12/2021 02:50 PM EDT,Not Available,Not Available,Not Available,Not Available,Not Available,Not Available,Not Available,Not Available,Not Available,Not Available,Not Available,Not Available,Not Available,74830,Not Available,Not Available,Not Available,3032300027,0,95.9,2021-05-28T17:11:48.000,Not Available,Not Available,Not Available,Not Available,0.0,84,Not Available,Not Available,Not Available,Not Available,234.1,47.2,51.1,Not Available,No,529199.9,100,Not Available,Not Available,Not Available,Not Available,Not Available,40.694507,7173687.4,Not Available,Not Available,6867645.2,Not Available,Not Available,Existing,74830.0,Not Available,Not Available,No,Not Available,-73.929107,Not Available
1423089,80 Pine Street,Not Available,05/26/2021 11:28 AM EDT,Not Available,Not Available,Not Available,Not Available,Not Available,No,Not Available,Not Available,Not Available,Not Available,Not Available,1069367,Not Available,1084110,100,Not Available,Not Available,1000390012,0,173,2021-05-26T11:42:43.000,Not Available,Not Available,Not Available,Not Available,0.0,54,Not Available,2070,Not Available,Not Available,72.8,91.8,91.1,Not Available,No,12606486.1,95,Not Available,Not Available,12673,Not Available,Not Available,40.705892,187543016.9,Not Available,Restaurant,188387089.0,Not Available,Not Available,Existing,1084110.0,56481651.9,Not Available,No,Not Available,-74.007181,Not Available
1633488,345 East 15th Street,238.0000047,04/12/2021 02:42 PM EDT,Not Available,Not Available,Not Available,Not Available,Not Available,No,Not Available,Not Available,Not Available,Not Available,Not Available,Not Available,Not Available,218562,Not Available,Not Available,Not Available,1009220008,0,75.9,2021-05-28T17:12:12.000,Not Available,Not Available,Not Available,Not Available,0.0,97,Not Available,Not Available,Not Available,Not Available,Not Available,39.3,46.7,Not Available,No,789599.9,100,Not Available,Not Available,Not Available,Not Available,Not Available,40.732447,16588266.9,Not Available,Not Available,14635753.1,Not Available,Not Available,Existing,218562.0,5874480,Not Available,No,Not Available,-73.983031,Not Available
1633510,2424 Jerome Avenue,38072.00059,04/12/2021 02:33 PM EDT,Not Available,Not Available,Not Available,Not Available,Not Available,Not Available,Not Available,Not Available,Not Available,Not Available,Not Available,Not Available,Not Available,84080,Not Available,Not Available,Not Available,2031880020,0,105.6,2021-05-28T17:13:01.000,Not Available,Not Available,Not Available,Not Available,0.0,78,Not Available,Not Available,Not Available,Not Available,Not Available,64.1,69.3,Not Available,No,462559.9,100,Not Available,Not Available,Not Available,Not Available,Not Available,40.86185,8880862,Not Available,Not Available,8416673.3,Not Available,Not Available,Existing,84080.0,Not Available,Not Available,No,Not Available,-73.90176,Not Available
1633573,1025 Eastern Parkway,49319.00024,04/12/2021 02:50 PM EDT,Not Available,Not Available,Not Available,Not Available,Not Available,Not Available,Not Available,Not Available,Not Available,Not Available,Not Available,Not Available,Not Available,90000,Not Available,Not Available,Not Available,3013890035,0,88,2021-05-28T17:12:37.000,Not Available,Not Available,Not Available,Not Available,0.0,67,Not Available,Not Available,Not Available,Not Available,Not Available,67.4,67.4,Not Available,No,260800.0,100,Not Available,Not Available,Not Available,Not Available,Not Available,40.669001,7920957.8,Not Available,Not Available,7920957.8,Not Available,Not Available,Existing,90000.0,Not Available,Not Available,No,Not Available,-73.934635,Not Available
1633074,1400 Needham Avenue,2489.999854,04/12/2021 02:33 PM EDT,Not Available,Not Available,Not Available,Not Available,Not Available,Not Available,Not Available,Not Available,Not Available,Not Available,Not Available,Not Available,Not Available,109280,Not Available,Not Available,6446045.9,2047190001,0,108.6,2021-05-28T17:11:13.000,Not Available,Not Available,Not Available,Not Available,0.0,70,Not Available,Not Available,Not Available,Not Available,Not Available,72.6,87.4,Not Available,No,362800.0,100,Not Available,Not Available,Not Available,Not Available,Not Available,40.878577,11868478.4,Not Available,Not Available,10238002.4,Not Available,Not Available,Existing,109280.0,Not Available,Not Available,No,Not Available,-73.851163,Not Available
1633140,87 Bay 49th Street,840.0000146,04/12/2021 02:50 PM EDT,Not Available,Not Available,Not Available,Not Available,Not Available,Not Available,Not Available,Not Available,Not Available,Not Available,Not Available,Not Available,Not Available,96000,Not Available,Not Available,Not Available,3069170001,0,60.5,2021-05-28T17:11:26.000,Not Available,Not Available,Not Available,Not Available,0.0,92,Not Available,Not Available,Not Available,Not Available,323.9,43.1,43.1,Not Available,No,266400.0,100,Not Available,Not Available,Not Available,Not Available,Not Available,40.587616,5811839.7,Not Available,Not Available,5811839.7,Not Available,Not Available,Existing,96000.0,Not Available,Not Available,No,Not Available,-73.985948,Not Available
1633104,16-66 Hancock Street,19896.00162,04/12/2021 02:42 PM EDT,Not Available,Not Available,Not Available,Not Available,Not Available,Not Available,Not Available,Not Available,Not Available,Not Available,Not Available,Not Available,Not Available,70860,Not Available,Not Available,Not Available,4035490044,0,62.4,2021-05-28T17:13:40.000,Not Available,Not Available,Not Available,Not Available,0.0,97,Not Available,Not Available,Not Available,Not Available,Not Available,38.5,42,Not Available,No,217200.0,100,Not Available,Not Available,Not Available,Not Available,Not Available,40.698476,4421225.8,Not Available,Not Available,4164122.1,Not Available,Not Available,Existing,70860.0,Not Available,Not Available,No,Not Available,-73.905556,Not Available
1501971,712 Fifth Avenue,Not Available,Not Available,100% Yes,Not Available,Not Available,Not Available,0,No,Not Available,Not Available,Not Available,Not Available,Not Available,573652,Not Available,574857,100,Not Available,Not Available,1-01271-0038,0,109.7,2021-05-14T12:33:12.000,Not Available,1205,Not Available,Not Available,0.0,84,Not Available,Not Available,Not Available,Not Available,3858.1,45.8,48.6,Not Available,No,5398039.3,100,Not Available,Not Available,Not Available,Not Available,Not Available,40.762495,63038118,Not Available,Retail Store,61119447.1,0,Not Available,Existing,574857.0,7937162.3,Not Available,No,Not Available,-73.975193,0
1633561,1390 Willoughby Avenue,32806.99975,04/12/2021 02:50 PM EDT,Not Available,Not Available,Not Available,Not Available,Not Available,Not Available,Not Available,Not Available,Not Available,Not Available,Not Available,Not Available,Not Available,88800,Not Available,Not Available,Not Available,3032120001,0,89.6,2021-05-28T17:11:29.000,Not Available,Not Available,Not Available,Not Available,0.0,57,Not Available,Not Available,Not Available,Not Available,Not Available,58.0,63.8,Not Available,No,342239.9,100,Not Available,Not Available,Not Available,Not Available,Not Available,40.707229,7960592.6,Not Available,Not Available,7423942.4,Not Available,Not Available,Existing,88800.0,Not Available,Not Available,No,Not Available,-73.919805,Not Available
1633800,1875 East 17th Street,54693.00035,04/12/2021 02:50 PM EDT,Not Available,Not Available,Not Available,Not Available,Not Available,Not Available,Not Available,Not Available,Not Available,Not Available,Not Available,Not Available,Not Available,147680,Not Available,Not Available,Not Available,3068210244,0,87.2,2021-05-28T17:12:02.000,Not Available,Not Available,Not Available,Not Available,0.0,78,Not Available,Not Available,Not Available,Not Available,525.8,54.9,58.8,Not Available,No,633599.9,100,Not Available,Not Available,Not Available,Not Available,Not Available,40.60422,12874549.5,Not Available,Not Available,12269818.1,Not Available,Not Available,Existing,147680.0,Not Available,Not Available,No,Not Available,-73.955485,Not Available
1633984,273 Newport Street,73195.00215,04/12/2021 02:50 PM EDT,Not Available,Not Available,Not Available,Not Available,Not Available,Not Available,Not Available,Not Available,Not Available,Not Available,Not Available,Not Available,Not Available,94800,Not Available,Not Available,Not Available,3036060001,0,120.5,2021-05-28T17:11:38.000,Not Available,Not Available,Not Available,Not Available,0.0,52,Not Available,Not Available,Not Available,Not Available,27.7,92.5,99.3,Not Available,No,261760.0,100,Not Available,Not Available,Not Available,Not Available,Not Available,40.659966,11427493.9,Not Available,Not Available,10743745.4,Not Available,Not Available,Existing,94800.0,Not Available,Not Available,No,Not Available,-73.904901,Not Available
1633277,279 East 196th Street,42766.00119,04/12/2021 02:33 PM EDT,Not Available,Not Available,Not Available,Not Available,Not Available,Not Available,Not Available,Not Available,Not Available,Not Available,Not Available,Not Available,Not Available,178000,Not Available,Not Available,Not Available,2032950001,0,58,2021-05-28T17:12:10.000,Not Available,Not Available,Not Available,Not Available,0.0,98,Not Available,Not Available,Not Available,Not Available,417.2,33.8,38.5,Not Available,No,525681.7,100,Not Available,Not Available,Not Available,Not Available,Not Available,40.866827,10326742.3,Not Available,Not Available,9366587.7,Not Available,Not Available,Existing,178000.0,Not Available,Not Available,No,Not Available,-73.890725,Not Available
1633066,165 Brown Place,116.999998,04/12/2021 02:33 PM EDT,Not Available,Not Available,Not Available,Not Available,Not Available,Not Available,Not Available,Not Available,Not Available,Not Available,Not Available,Not Available,Not Available,116460,Not Available,Not Available,Not Available,2022800040,0,85.7,2021-05-28T17:13:09.000,Not Available,Not Available,Not Available,Not Available,0.0,90,Not Available,Not Available,Not Available,Not Available,611.4,50.4,54.5,Not Available,No,585199.9,100,Not Available,Not Available,Not Available,Not Available,Not Available,40.806351,9984942.7,Not Available,Not Available,9500575.8,Not Available,Not Available,Existing,116460.0,Not Available,Not Available,No,Not Available,-73.921196,Not Available
1633709,34 West 118th Street,74315.00446,04/12/2021 02:42 PM EDT,Not Available,Not Available,Not Available,Not Available,Not Available,Not Available,Not Available,Not Available,Not Available,Not Available,Not Available,Not Available,Not Available,151200,Not Available,Not Available,Not Available,1016010001,0,111.1,2021-05-28T17:12:39.000,Not Available,Not Available,Not Available,Not Available,0.0,92,Not Available,Not Available,Not Available,Not Available,Not Available,66.5,76.9,Not Available,No,770399.9,100,Not Available,Not Available,Not Available,Not Available,Not Available,40.80247,16802067.8,Not Available,Not Available,15163168.9,Not Available,Not Available,Existing,151200.0,Not Available,Not Available,No,Not Available,-73.946716,Not Available
1633873,750 Prospect Avenue,9864.999694,04/12/2021 02:33 PM EDT,Not Available,Not Available,Not Available,Not Available,Not Available,Not Available,Not Available,Not Available,Not Available,Not Available,Not Available,Not Available,Not Available,81680,Not Available,Not Available,4760037.8,2026880001,0,112.2,2021-05-28T17:12:00.000,Not Available,Not Available,Not Available,Not Available,0.0,59,Not Available,Not Available,Not Available,Not Available,Not Available,82.3,89.4,Not Available,No,286880.0,100,Not Available,Not Available,Not Available,Not Available,Not Available,40.817721,9163423.3,Not Available,Not Available,8584199.9,Not Available,Not Available,Existing,81680.0,Not Available,Not Available,No,Not Available,-73.902421,Not Available
1634089,465 New Dorp Lane,2664.999929,04/12/2021 02:53 PM EDT,Not Available,Not Available,Not Available,Not Available,Not Available,Not Available,Not Available,Not Available,Not Available,Not Available,Not Available,Not Available,Not Available,505780,Not Available,Not Available,Not Available,5039300010,0,71.6,2021-05-28T17:12:21.000,Not Available,Not Available,Not Available,Not Available,0.0,93,Not Available,Not Available,Not Available,Not Available,3496.5,42.6,42.6,Not Available,No,2367999.7,100,Not Available,Not Available,Not Available,Not Available,Not Available,40.569393,36214933.5,Not Available,Not Available,36214933.5,Not Available,Not Available,Existing,505780.0,Not Available,Not Available,No,Not Available,-74.107737,Not Available
1836644,2951 Dewey Avenue,46924.99874,04/12/2021 02:33 PM EDT,Not Available,Not Available,Not Available,Not Available,Not Available,Not Available,Not Available,Not Available,Not Available,Not Available,Not Available,Not Available,Not Available,121325,Not Available,Not Available,Not Available,2054400001,0,103.8,2021-05-28T17:11:33.000,Not Available,Not Available,Not Available,Not Available,0.0,72,Not Available,Not Available,Not Available,Not Available,573.8,66.3,71.2,Not Available,No,597799.9,100,Not Available,Not Available,Not Available,Not Available,Not Available,40.822604,12593199.5,Not Available,Not Available,11959868.0,Not Available,Not Available,Existing,121325.0,Not Available,Not Available,No,Not Available,-73.818247,Not Available
1836726,6SAA,Not Available,Not Available,Not Available,Not Available,Not Available,Not Available,Not Available,Not Available,Not Available,Not Available,Not Available,Not Available,Not Available,Not Available,Not Available,13200,Not Available,Not Available,Not Available,2023590100,0,6.1,2021-05-28T17:12:18.000,Not Available,Not Available,Not Available,Not Available,0.0,100,Not Available,Not Available,Not Available,Not Available,0,2.2,2.2,Not Available,No,8400.0,100,Not Available,Not Available,Not Available,Not Available,Not Available,40.816532,80250.2,Not Available,Not Available,80250.2,Not Available,Not Available,Existing,13200.0,Not Available,Not Available,No,Not Available,-73.911747,Not Available
1633064,468 East 140th Street,37619.00172,04/12/2021 02:33 PM EDT,Not Available,Not Available,Not Available,Not Available,Not Available,Not Available,Not Available,Not Available,Not Available,Not Available,Not Available,Not Available,Not Available,108000,Not Available,Not Available,Not Available,2022840034,0,88.5,2021-05-28T17:11:26.000,Not Available,Not Available,Not Available,Not Available,0.0,78,Not Available,Not Available,Not Available,Not Available,1460.3,52.2,55.4,Not Available,No,548400.0,100,Not Available,Not Available,Not Available,Not Available,Not Available,40.809534,9558837.2,Not Available,Not Available,9189189.7,Not Available,Not Available,Existing,108000.0,Not Available,Not Available,No,Not Available,-73.919903,Not Available
1633972,5301 20th Avenue,19936.9985,04/12/2021 02:50 PM EDT,Not Available,Not Available,Not Available,Not Available,Not Available,Not Available,Not Available,Not Available,Not Available,Not Available,Not Available,Not Available,Not Available,42000,Not Available,Not Available,Not Available,3054951101,0,102.2,2021-05-28T17:13:20.000,Not Available,Not Available,Not Available,Not Available,0.0,80,Not Available,Not Available,Not Available,Not Available,89.1,66.1,72.8,Not Available,No,181975.0,100,Not Available,Not Available,Not Available,Not Available,Not Available,40.623273,4290520,Not Available,Not Available,3960598.2,Not Available,Not Available,Existing,42000.0,Not Available,Not Available,No,Not Available,-73.978822,Not Available
1.63e+06,3740 Baychester Avenue,258.9999885,04/12/2021 02:33 PM EDT,Not Available,Not Available,Not Available,Not Available,Not Available,Not Available,Not Available,Not Available,Not Available,Not Available,Not Available,Not Available,Not Available,105775,Not Available,Not Available,5593844.1,2049160001,0,112.8,2021-05-28T17:13:40.000,Not Available,Not Available,Not Available,Not Available,0.0,67,Not Available,Not Available,Not Available,Not Available,Not Available,72.0,77.2,Not Available,No,602678.9,100,Not Available,Not Available,Not Available,Not Available,Not Available,40.884343,11932175.5,Not Available,Not Available,11273476.3,Not Available,Not Available,Existing,105775.0,Not Available,Not Available,No,Not Available,-73.840254,Not Available
1634153,120 East 184th Street,54913.0015,04/12/2021 02:33 PM EDT,Not Available,Not Available,Not Available,Not Available,Not Available,Not Available,Not Available,Not Available,Not Available,Not Available,Not Available,Not Available,Not Available,133325,Not Available,Not Available,Not Available,2031720046,0,124.9,2021-05-28T17:11:52.000,Not Available,Not Available,Not Available,Not Available,0.0,57,Not Available,Not Available,Not Available,Not Available,Not Available,67.7,74.7,Not Available,No,1035959.8,100,Not Available,Not Available,Not Available,Not Available,Not Available,40.859752,16649836.1,Not Available,Not Available,15663012.2,Not Available,Not Available,Existing,133325.0,Not Available,Not Available,No,Not Available,-73.900161,Not Available
1582252,2 United Nations Plaza,Not Available,Not Available,100% Yes,Not Available,Not Available,Not Available,0,No,Not Available,Not Available,Not Available,Not Available,Not Available,406785,Not Available,565000,100,Not Available,Not Available,1-01337-0014,0,155.7,2021-03-12T10:17:40.000,Not Available,1065,Not Available,130250,0.0,78,N+1,Not Available,Not Available,Not Available,13449,77.7,82.6,Not Available,No,5843045.5,100,Not Available,Not Available,Not Available,Not Available,Not Available,40.750634,87977587.5,Not Available,Pre-school/Daycare,84625329.6,0,Not Available,Existing,565000.0,23941994.4,Not Available,No,Not Available,-73.970105,Not Available
1633042,419 East 66th Street,420.000001,04/12/2021 02:42 PM EDT,Not Available,Not Available,Not Available,Not Available,Not Available,Not Available,Not Available,Not Available,Not Available,Not Available,Not Available,Not Available,Not Available,65287,Not Available,Not Available,Not Available,"M183-1014610007, M390-1014610037",0,89.5,2021-05-28T17:12:46.000,Not Available,Not Available,Not Available,Not Available,0.0,87,Not Available,Not Available,Not Available,Not Available,30.4,50.6,54.2,Not Available,No,371520.0,100,Not Available,Not Available,Not Available,Not Available,Not Available,40.763736,5843225.6,Not Available,Not Available,5605961.2,Not Available,Not Available,Existing,65287.0,Not Available,Not Available,No,Not Available,-73.95815,Not Available
1633498,201 Warren Street,34347.0009,04/12/2021 02:42 PM EDT,Not Available,Not Available,Not Available,Not Available,Not Available,Not Available,Not Available,Not Available,Not Available,Not Available,Not Available,Not Available,Not Available,114125,Not Available,Not Available,Not Available,1000160220,0,109.9,2021-05-28T17:12:17.000,Not Available,Not Available,Not Available,Not Available,0.0,67,Not Available,Not Available,Not Available,Not Available,1109.6,55.6,62.2,Not Available,No,851599.9,100,Not Available,Not Available,Not Available,Not Available,Not Available,40.716668,12542041,Not Available,Not Available,11742280.8,Not Available,Not Available,Existing,114125.0,Not Available,Not Available,No,Not Available,-74.013542,Not Available
1633283,1020 Anderson Avenue,3629.000288,04/12/2021 02:33 PM EDT,Not Available,Not Available,Not Available,Not Available,Not Available,Not Available,Not Available,Not Available,Not Available,Not Available,Not Available,Not Available,Not Available,99600,Not Available,Not Available,Not Available,2025040082,0,106.5,2021-05-28T17:11:14.000,Not Available,Not Available,Not Available,Not Available,0.0,51,Not Available,Not Available,Not Available,Not Available,Not Available,67.5,78.1,Not Available,No,447680.0,100,Not Available,Not Available,Not Available,Not Available,Not Available,40.832706,10603719,Not Available,Not Available,9537136.8,Not Available,Not Available,Existing,99600.0,Not Available,Not Available,No,Not Available,-73.926838,Not Available
1836583,7805 7th Avenue,501.0000489,04/12/2021 02:50 PM EDT,Not Available,Not Available,Not Available,Not Available,Not Available,Not Available,Not Available,Not Available,Not Available,Not Available,Not Available,Not Available,Not Available,42000,Not Available,Not Available,1575193.8,3059730001,0,83,2021-05-28T17:12:56.000,Not Available,Not Available,Not Available,Not Available,0.0,89,Not Available,Not Available,Not Available,Not Available,420.5,52.8,57.1,Not Available,No,174080.0,100,Not Available,Not Available,Not Available,Not Available,Not Available,40.624132,3487879.4,Not Available,Not Available,3306641.5,Not Available,Not Available,Existing,42000.0,Not Available,Not Available,No,Not Available,-74.018826,Not Available
1836522,29-66 137th Street,20041.00033,04/12/2021 02:42 PM EDT,Not Available,Not Available,Not Available,Not Available,Not Available,Not Available,Not Available,Not Available,Not Available,Not Available,Not Available,Not Available,Not Available,59592,Not Available,Not Available,Not Available,4043710173,0,108.9,2021-05-28T17:12:48.000,Not Available,Not Available,Not Available,Not Available,0.0,62,Not Available,Not Available,Not Available,Not Available,332.2,58.4,62.4,Not Available,No,432799.9,100,Not Available,Not Available,Not Available,Not Available,Not Available,40.771265,6489486.1,Not Available,Not Available,6239103.1,Not Available,Not Available,Existing,59592.0,Not Available,Not Available,No,Not Available,-73.831525,Not Available
1633553,227 Sterling Place,14610.99986,04/12/2021 02:50 PM EDT,Not Available,Not Available,Not Available,Not Available,Not Available,Not Available,Not Available,Not Available,Not Available,Not Available,Not Available,Not Available,Not Available,25715,Not Available,Not Available,Not Available,3011640057,0,153.7,2021-05-28T17:11:25.000,Not Available,Not Available,Not Available,Not Available,0.0,27,Not Available,Not Available,Not Available,Not Available,8290.9,88.4,95.4,Not Available,No,230411.8,100,Not Available,Not Available,Not Available,Not Available,Not Available,40.676094,3952774.4,Not Available,Not Available,3807147.7,Not Available,Not Available,Existing,25715.0,Not Available,Not Available,No,Not Available,-73.97038,Not Available
1472193,605 3rd Avenue,18307.47442,03/15/2021 12:25 PM EDT,Not Available,Not Available,Not Available,Not Available,Not Available,No,Not Available,Not Available,Not Available,Not Available,Not Available,677630,Not Available,1056389,100,Not Available,Not Available,1009200012,0,132.8,2021-04-22T09:39:38.000,Not Available,Not Available,Not Available,Not Available,0.0,72,Not Available,Not Available,Not Available,Not Available,10880.5,61.0,63.4,422.95,No,11024969.1,95,Not Available,Not Available,Not Available,Not Available,Not Available,40.749076,140307489.7,Not Available,Not Available,137272286.9,Not Available,Not Available,Existing,1056389.0,24954961.6,Not Available,No,Not Available,-73.975682,Not Available
1548095,40 W 225TH ST #50,28378.99978,03/23/2021 06:51 PM EDT,Not Available,Not Available,Not Available,Not Available,Not Available,Not Available,Not Available,Not Available,Not Available,Not Available,Not Available,Not Available,Not Available,157011,Not Available,Not Available,Not Available,2032450060,0,191.8,2021-05-03T16:47:12.000,Not Available,Not Available,Not Available,Not Available,0.0,66,Not Available,Not Available,Not Available,Not Available,919,79.2,82,Not Available,No,2780570.4,100,Not Available,Not Available,Not Available,Not Available,Not Available,40.873644,30118727.3,Not Available,Not Available,29869576.3,Not Available,Not Available,Existing,157011.0,Not Available,Not Available,No,Not Available,-73.907962,7
1633693,490 Hudson Street,56971.00168,04/12/2021 02:42 PM EDT,Not Available,Not Available,Not Available,Not Available,Not Available,Not Available,Not Available,Not Available,Not Available,Not Available,Not Available,Not Available,Not Available,121280,Not Available,Not Available,Not Available,1005850041,0,87.4,2021-05-28T17:12:58.000,Not Available,Not Available,Not Available,Not Available,0.0,85,Not Available,Not Available,Not Available,Not Available,Not Available,59.3,66.8,Not Available,No,351519.9,100,Not Available,Not Available,Not Available,Not Available,Not Available,40.732593,10598718.8,Not Available,Not Available,9641297.4,Not Available,Not Available,Existing,121280.0,Not Available,Not Available,No,Not Available,-74.006466,Not Available
1836591,10001 Flatlands Avenue,46797.9991,04/12/2021 02:50 PM EDT,Not Available,Not Available,Not Available,Not Available,Not Available,Not Available,Not Available,Not Available,Not Available,Not Available,Not Available,Not Available,Not Available,96000,Not Available,Not Available,Not Available,3081880001,0,88.8,2021-05-28T17:12:27.000,Not Available,Not Available,Not Available,Not Available,0.0,81,Not Available,Not Available,Not Available,Not Available,15927.6,63.0,67.4,Not Available,No,293000.0,100,Not Available,Not Available,Not Available,Not Available,Not Available,40.645243,8528994.5,Not Available,Not Available,8088345.0,Not Available,Not Available,Existing,96000.0,Not Available,Not Available,No,Not Available,-73.898241,Not Available
1230813,415 E 68 St,498.9773059,03/09/2021 03:12 PM EST,Not Available,Not Available,Not Available,Not Available,Not Available,No,Not Available,Not Available,Not Available,Not Available,Not Available,Not Available,Not Available,728239,Not Available,Not Available,Not Available,1-01463-7501,0,820.1,2021-04-05T12:47:10.000,Not Available,Not Available,Not Available,Not Available,0.0,Not Available,Not Available,Not Available,Not Available,Not Available,86579.5,417.0,417.3,Not Available,No,42512957.0,100,Not Available,Not Available,Not Available,Not Available,Not Available,40.765012,597211140.9,Not Available,Not Available,602895498.6,Not Available,Not Available,Existing,728239.0,154832779.6,Not Available,No,Not Available,-73.957301,Not Available
1633098,911 5 5th Avenue,986.9999966,04/12/2021 02:50 PM EDT,Not Available,Not Available,Not Available,Not Available,Not Available,Not Available,Not Available,Not Available,Not Available,Not Available,Not Available,Not Available,Not Available,116400,Not Available,Not Available,6152776,3060880001,0,104.6,2021-05-28T17:13:20.000,Not Available,Not Available,Not Available,Not Available,0.0,67,Not Available,Not Available,Not Available,Not Available,427.1,69.7,75.2,Not Available,No,545599.9,100,Not Available,Not Available,Not Available,Not Available,Not Available,40.618415,12180689.5,Not Available,Not Available,11530383.0,Not Available,Not Available,Existing,116400.0,Not Available,Not Available,No,Not Available,-74.028842,Not Available
183661000.00%,535 Briar Place,1557.999973,04/12/2021 02:53 PM EDT,Not Available,Not Available,Not Available,Not Available,Not Available,Not Available,Not Available,Not Available,Not Available,Not Available,Not Available,Not Available,Not Available,92500,Not Available,Not Available,4669080.2,4157720031,0,75.5,2021-05-28T17:12:00.000,Not Available,Not Available,Not Available,Not Available,213591.0,88,Not Available,Not Available,Not Available,Not Available,784,63.0,69.4,Not Available,No,80880.0,100,213591,Not Available,Not Available,Not Available,Not Available,40.5993,6980666.5,Not Available,Not Available,6380828.8,Not Available,213591,Existing,92500.0,Not Available,Not Available,No,Not Available,-73.758206,Not Available
1.63e+06,825 4th Avenue,24430.9992,04/12/2021 02:50 PM EDT,Not Available,Not Available,Not Available,Not Available,Not Available,Not Available,Not Available,Not Available,Not Available,Not Available,Not Available,Not Available,Not Available,56400,Not Available,Not Available,Not Available,3006690001,0,101.2,2021-05-28T17:11:39.000,Not Available,Not Available,Not Available,Not Available,0.0,81,Not Available,Not Available,Not Available,Not Available,557.5,63.4,69.7,Not Available,No,266240.0,100,Not Available,Not Available,Not Available,Not Available,Not Available,40.657914,5706516.1,Not Available,Not Available,5333764.6,Not Available,Not Available,Existing,56400.0,Not Available,Not Available,No,Not Available,-74.000652,Not Available
1633915,2005 Madison Avenue,3221.000327,04/12/2021 02:42 PM EDT,Not Available,Not Available,Not Available,Not Available,Not Available,Not Available,Not Available,Not Available,Not Available,Not Available,Not Available,Not Available,Not Available,195675,Not Available,Not Available,Not Available,1017520022,0,90.6,2021-05-28T17:13:47.000,Not Available,Not Available,Not Available,Not Available,0.0,80,Not Available,Not Available,Not Available,Not Available,Not Available,53.8,54,Not Available,No,1153599.8,100,Not Available,Not Available,Not Available,Not Available,Not Available,40.807383,17737752.7,Not Available,Not Available,17697291.3,Not Available,Not Available,Existing,195675.0,Not Available,Not Available,No,Not Available,-73.939433,Not Available
1634125,735 West End Avenue,40165.0046,04/12/2021 02:42 PM EDT,Not Available,Not Available,Not Available,Not Available,Not Available,Not Available,Not Available,Not Available,Not Available,Not Available,Not Available,Not Available,Not Available,110575,Not Available,Not Available,Not Available,1012530065,0,85.7,2021-05-28T17:12:51.000,Not Available,Not Available,Not Available,Not Available,0.0,85,Not Available,Not Available,Not Available,Not Available,46.4,53.6,53.3,Not Available,No,550056.7,100,Not Available,Not Available,Not Available,Not Available,Not Available,40.795157,9472347.5,Not Available,Not Available,9555877.2,Not Available,Not Available,Existing,110575.0,Not Available,Not Available,No,Not Available,-73.973292,Not Available
1779652,@1071 Fifth Avenue,921.685493,04/07/2021 03:47 PM EDT,Not Available,Not Available,Not Available,Not Available,Not Available,No,Not Available,Not Available,Not Available,Not Available,Not Available,Not Available,Not Available,108013,Not Available,Not Available,Not Available,1-01500-0001,0,506.9,2021-04-23T14:14:24.000,Not Available,Not Available,Not Available,Not Available,0.0,Not Available,Not Available,Not Available,Not Available,Not Available,14655.9,293.0,293,Not Available,No,3064978.2,100,Not Available,Not Available,Not Available,Not Available,Not Available,40.782925,54755728.4,Not Available,Not Available,54755728.4,Not Available,Not Available,Existing,108013.0,21094351.8,Not Available,No,Not Available,-73.959391,Not Available
1633376,8787 24th Avenue,2847.999975,04/12/2021 02:50 PM EDT,Not Available,Not Available,Not Available,Not Available,Not Available,Not Available,Not Available,Not Available,Not Available,Not Available,Not Available,Not Available,Not Available,183600,Not Available,Not Available,5161538.2,3068910001,0,58.5,2021-05-28T17:13:18.000,Not Available,Not Available,Not Available,Not Available,0.0,98,Not Available,Not Available,Not Available,Not Available,215.5,39.8,39.9,Not Available,No,544399.9,100,Not Available,Not Available,Not Available,Not Available,Not Available,40.595341,10737328.8,Not Available,Not Available,10713173.4,Not Available,Not Available,Existing,183600.0,Not Available,Not Available,No,Not Available,-73.993457,Not Available
1634307,231-02 67th Avenue,13.00000193,04/12/2021 02:42 PM EDT,Not Available,Not Available,Not Available,Not Available,Not Available,Not Available,Not Available,Not Available,Not Available,Not Available,Not Available,Not Available,Not Available,88217,Not Available,Not Available,Not Available,4076770001,0,72.8,2021-05-28T17:12:37.000,Not Available,Not Available,Not Available,Not Available,0.0,87,Not Available,Not Available,Not Available,Not Available,552.8,51.3,51.3,Not Available,No,302880.0,100,Not Available,Not Available,Not Available,Not Available,Not Available,40.747747,6422553,Not Available,Not Available,6422388.2,Not Available,Not Available,Existing,88217.0,Not Available,Not Available,No,Not Available,-73.745747,Not Available
1633100,364 Sackman Street,35969.99904,04/12/2021 02:50 PM EDT,Not Available,Not Available,Not Available,Not Available,Not Available,Not Available,Not Available,Not Available,Not Available,Not Available,Not Available,Not Available,Not Available,114000,Not Available,Not Available,Not Available,3037440009,0,86.6,2021-05-28T17:13:40.000,Not Available,Not Available,Not Available,Not Available,0.0,77,Not Available,Not Available,Not Available,Not Available,1081.2,52.4,55.3,Not Available,No,549799.9,100,Not Available,Not Available,Not Available,Not Available,Not Available,40.66896,9876510.4,Not Available,Not Available,9531187.3,Not Available,Not Available,Existing,114000.0,Not Available,Not Available,No,Not Available,-73.904726,Not Available
1634269,427 38th Street,25377.00028,04/12/2021 02:50 PM EDT,Not Available,Not Available,Not Available,Not Available,Not Available,Not Available,Not Available,Not Available,Not Available,Not Available,Not Available,Not Available,Not Available,110400,Not Available,Not Available,Not Available,3007010001,0,110.5,2021-05-28T17:13:48.000,Not Available,Not Available,Not Available,Not Available,0.0,51,Not Available,Not Available,Not Available,Not Available,202.7,52.6,55.9,Not Available,No,958799.9,100,Not Available,Not Available,Not Available,Not Available,Not Available,40.652701,12202789.9,Not Available,Not Available,11824577.3,Not Available,Not Available,Existing,110400.0,Not Available,Not Available,No,Not Available,-74.004743,Not Available
1634685,1100 Newkirk Avenue,59273.99621,04/12/2021 02:50 PM EDT,Not Available,Not Available,Not Available,Not Available,Not Available,Not Available,Not Available,Not Available,Not Available,Not Available,Not Available,Not Available,Not Available,132000,Not Available,Not Available,Not Available,3052320001,0,126.7,2021-05-28T17:11:43.000,Not Available,Not Available,Not Available,Not Available,0.0,38,Not Available,Not Available,Not Available,Not Available,672.1,75.8,80.1,Not Available,No,947599.9,100,Not Available,Not Available,Not Available,Not Available,Not Available,40.63398,16719927.5,Not Available,Not Available,16127118.2,Not Available,Not Available,Existing,132000.0,Not Available,Not Available,No,Not Available,-73.966558,Not Available
1634181,223 Graham Avenue,77450.99759,04/12/2021 02:50 PM EDT,Not Available,Not Available,Not Available,Not Available,Not Available,Not Available,Not Available,Not Available,Not Available,Not Available,Not Available,Not Available,Not Available,186000,Not Available,Not Available,Not Available,3030250001,0,78.5,2021-05-28T17:11:40.000,Not Available,Not Available,Not Available,Not Available,0.0,87,Not Available,Not Available,Not Available,Not Available,1223,52.2,57.1,Not Available,No,577599.9,100,Not Available,Not Available,Not Available,Not Available,Not Available,40.709941,14606759.2,Not Available,Not Available,13650514.1,Not Available,Not Available,Existing,186000.0,Not Available,Not Available,No,Not Available,-73.943641,Not Available
1633595,616 Quincy Street,1948.99995,04/12/2021 02:50 PM EDT,Not Available,Not Available,Not Available,Not Available,Not Available,Not Available,Not Available,Not Available,Not Available,Not Available,Not Available,Not Available,Not Available,141600,Not Available,Not Available,Not Available,3016300001,0,70.5,2021-05-28T17:11:47.000,Not Available,Not Available,Not Available,Not Available,0.0,93,Not Available,Not Available,Not Available,Not Available,Not Available,43.4,46.7,Not Available,No,539599.9,100,Not Available,Not Available,Not Available,Not Available,Not Available,40.688695,9986967.7,Not Available,Not Available,9504650.3,Not Available,Not Available,Existing,141600.0,Not Available,Not Available,No,Not Available,-73.935499,Not Available
1634596,22 East 128th Street,1290.999999,04/12/2021 02:42 PM EDT,Not Available,Not Available,Not Available,Not Available,Not Available,Not Available,Not Available,Not Available,Not Available,Not Available,Not Available,Not Available,Not Available,52880,Not Available,Not Available,2701437.9,1017520059,0,103.5,2021-05-28T17:12:24.000,Not Available,Not Available,Not Available,Not Available,0.0,76,Not Available,Not Available,Not Available,Not Available,Not Available,68.9,75.2,Not Available,No,237760.0,100,Not Available,Not Available,Not Available,Not Available,Not Available,40.807987,5472724.6,Not Available,Not Available,5135471.1,Not Available,Not Available,Existing,52880.0,Not Available,Not Available,No,Not Available,-73.940061,Not Available
1634403,383 East 139th Street,2981.000191,04/12/2021 02:33 PM EDT,Not Available,Not Available,Not Available,Not Available,Not Available,Not Available,Not Available,Not Available,Not Available,Not Available,Not Available,Not Available,Not Available,136925,Not Available,Not Available,4978746,2023020040,0,72.2,2021-05-28T17:12:22.000,Not Available,Not Available,Not Available,Not Available,0.0,96,Not Available,Not Available,Not Available,Not Available,Not Available,47.7,55.1,Not Available,No,368800.0,100,Not Available,Not Available,Not Available,Not Available,Not Available,40.810085,9887520.8,Not Available,Not Available,8864906.2,Not Available,Not Available,Existing,136925.0,Not Available,Not Available,No,Not Available,-73.923102,Not Available
1633155,180 6th Avenue,492.0000367,04/12/2021 02:50 PM EDT,Not Available,Not Available,Not Available,Not Available,Not Available,Not Available,Not Available,Not Available,Not Available,Not Available,Not Available,Not Available,Not Available,104400,Not Available,Not Available,2501257.4,3009500024,0,64.4,2021-05-28T17:12:57.000,Not Available,Not Available,Not Available,Not Available,0.0,91,Not Available,Not Available,Not Available,Not Available,7.4,38.6,38.6,Not Available,No,433919.9,100,Not Available,Not Available,Not Available,Not Available,Not Available,40.67634,6723428,Not Available,Not Available,6723428.0,Not Available,Not Available,Existing,104400.0,Not Available,Not Available,No,Not Available,-73.977367,Not Available
1634008,501 West Avenue,58342.99411,04/12/2021 02:50 PM EDT,Not Available,Not Available,Not Available,Not Available,Not Available,Not Available,Not Available,Not Available,Not Available,Not Available,Not Available,Not Available,Not Available,182400,Not Available,Not Available,Not Available,3072500025,0,71.5,2021-05-28T17:11:18.000,Not Available,Not Available,Not Available,Not Available,0.0,96,Not Available,Not Available,Not Available,Not Available,611.9,44.1,47.9,Not Available,No,648799.9,100,Not Available,Not Available,Not Available,Not Available,Not Available,40.5825,13044589.3,Not Available,Not Available,12324390.1,Not Available,Not Available,Existing,182400.0,Not Available,Not Available,No,Not Available,-73.973122,Not Available
1634026,911 Flatbush Avenue,226462.0406,04/12/2021 02:50 PM EDT,Not Available,Not Available,Not Available,Not Available,Not Available,Not Available,Not Available,Not Available,Not Available,Not Available,Not Available,Not Available,Not Available,460800,Not Available,Not Available,Not Available,3051030010,0,101.8,2021-05-28T17:12:47.000,Not Available,Not Available,Not Available,Not Available,0.0,78,Not Available,Not Available,Not Available,Not Available,1870.5,64.5,71.3,Not Available,No,2077599.8,100,Not Available,Not Available,Not Available,Not Available,Not Available,40.649787,46893223.1,Not Available,Not Available,43627074.5,Not Available,Not Available,Existing,460800.0,Not Available,Not Available,No,Not Available,-73.95855,Not Available
1633018,916 Eagle Avenue,44487.99906,04/12/2021 02:33 PM EDT,Not Available,Not Available,Not Available,Not Available,Not Available,Not Available,Not Available,Not Available,Not Available,Not Available,Not Available,Not Available,Not Available,111600,Not Available,Not Available,Not Available,2026270009,0,75.3,2021-05-28T17:12:33.000,Not Available,Not Available,Not Available,Not Available,0.0,86,Not Available,Not Available,Not Available,Not Available,71.8,50.0,54.8,Not Available,No,332480.0,100,Not Available,Not Available,Not Available,Not Available,Not Available,40.823289,8401894.6,Not Available,Not Available,7847620.9,Not Available,Not Available,Existing,111600.0,Not Available,Not Available,No,Not Available,-73.907948,Not Available
1633620,194 Harman Street,20009.00054,04/12/2021 02:50 PM EDT,Not Available,Not Available,Not Available,Not Available,Not Available,Not Available,Not Available,Not Available,Not Available,Not Available,Not Available,Not Available,Not Available,90100,Not Available,Not Available,Not Available,3032870001,0,107.4,2021-05-28T17:12:13.000,Not Available,Not Available,Not Available,Not Available,0.0,65,Not Available,Not Available,Not Available,Not Available,Not Available,50.9,54.6,Not Available,No,756399.9,100,Not Available,Not Available,Not Available,Not Available,Not Available,40.698021,9679561.1,Not Available,Not Available,9327288.1,Not Available,Not Available,Existing,90100.0,Not Available,Not Available,No,Not Available,-73.920711,Not Available
1634227,69-10 65th Drive,26149.99978,04/12/2021 02:42 PM EDT,Not Available,Not Available,Not Available,Not Available,Not Available,Not Available,Not Available,Not Available,Not Available,Not Available,Not Available,Not Available,Not Available,108008,Not Available,Not Available,Not Available,4030270037,0,239.3,2021-05-28T17:12:16.000,Not Available,Not Available,Not Available,Not Available,0.0,11,Not Available,Not Available,Not Available,Not Available,414.3,103.2,106.8,Not Available,No,1823199.9,100,Not Available,Not Available,Not Available,Not Available,Not Available,40.715344,20481852,Not Available,Not Available,20163874.8,Not Available,Not Available,Existing,85602.7,Not Available,Not Available,No,Not Available,-73.886215,Not Available
1634349,3750 Baychester Avenue,546.0000167,04/12/2021 02:33 PM EDT,Not Available,Not Available,Not Available,Not Available,Not Available,Not Available,Not Available,Not Available,Not Available,Not Available,Not Available,Not Available,Not Available,164751,Not Available,Not Available,Not Available,2049350001,0,69.1,2021-05-28T17:12:22.000,Not Available,Not Available,Not Available,Not Available,0.0,91,Not Available,Not Available,Not Available,Not Available,3,47.5,52.7,Not Available,No,429279.9,100,Not Available,Not Available,Not Available,Not Available,Not Available,40.884953,11388663.2,Not Available,Not Available,10535970.0,Not Available,Not Available,Existing,164751.0,Not Available,Not Available,No,Not Available,-73.840524,Not Available
1422222,415 Madison Avenue,Not Available,Not Available,Not Available,Not Available,Not Available,Not Available,Not Available,No,Not Available,Not Available,Not Available,Not Available,Not Available,237258,Not Available,237258,100,Not Available,Not Available,1012840021,0,77.1,2021-05-26T11:42:42.000,Not Available,Not Available,Not Available,Not Available,0.0,91,Not Available,Not Available,Not Available,Not Available,1932.2,31.3,31.3,0,No,1717983.3,70,Not Available,Not Available,Not Available,Not Available,Not Available,40.756808,18285492.4,Not Available,Not Available,18285492.4,Not Available,Not Available,Existing,237258.0,1556526.2,Not Available,No,Not Available,-73.976343,Not Available
1416310,345 Park Ave,11670.47303,04/19/2021 08:48 PM EDT,No,Not Available,Not Available,Not Available,0,No,Not Available,Not Available,Not Available,Not Available,Not Available,1802777.6,Not Available,1842494,100,Not Available,Not Available,1013060001,6,222.1,2021-05-26T11:42:41.000,11750,10969.4,Not Available,Not Available,0.0,53,N+2,Not Available,Not Available,Not Available,21522.8,117.2,117.2,4.81,No,27436062.5,100,Not Available,Not Available,4100,Not Available,Not Available,40.758171,409160644.5,Not Available,Food Service,409160644.5,0,Not Available,Existing,1842494.0,121211192.7,Not Available,No,Not Available,-73.973246,Not Available
1634260,2893 Bedford Avenue,589.9999627,04/12/2021 02:50 PM EDT,Not Available,Not Available,Not Available,Not Available,Not Available,Yes,Not Available,Not Available,Not Available,Not Available,Not Available,Not Available,Not Available,231000,Not Available,Not Available,Not Available,3075530041,0,38.8,2021-05-28T17:11:46.000,Not Available,Not Available,Not Available,Not Available,0.0,100,Not Available,Not Available,Not Available,Not Available,697.9,18.3,20.1,Not Available,Yes,620199.9,100,Not Available,Not Available,Not Available,Not Available,Not Available,40.631798,8952320.3,Not Available,Not Available,8468757.2,Not Available,Not Available,Existing,231000.0,2062826.1,Not Available,No,Not Available,-73.952652,Not Available
1633673,191 Vermont Avenue,28321.99841,04/12/2021 02:53 PM EDT,Not Available,Not Available,Not Available,Not Available,Not Available,Not Available,Not Available,Not Available,Not Available,Not Available,Not Available,Not Available,Not Available,70080,Not Available,Not Available,Not Available,5028520001,0,133.7,2021-05-28T17:11:16.000,Not Available,Not Available,Not Available,Not Available,0.0,54,Not Available,Not Available,Not Available,Not Available,953.8,78.4,84.2,Not Available,No,537150.9,100,Not Available,Not Available,Not Available,Not Available,Not Available,40.613216,9366540.4,Not Available,Not Available,8941815.8,Not Available,Not Available,Existing,70080.0,Not Available,Not Available,No,Not Available,-74.069889,Not Available
1633251,350 Grand Street,405.9999904,04/12/2021 02:42 PM EDT,Not Available,Not Available,Not Available,Not Available,Not Available,No,Not Available,Not Available,Not Available,Not Available,Not Available,Not Available,Not Available,313980,Not Available,Not Available,Not Available,1004080030,0,83.6,2021-05-28T17:11:36.000,Not Available,Not Available,Not Available,Not Available,0.0,92,Not Available,Not Available,Not Available,Not Available,3415.2,48.9,54.6,Not Available,No,1034331.9,100,Not Available,Not Available,Not Available,Not Available,Not Available,40.717349,26259823.9,Not Available,Not Available,24090307.7,Not Available,Not Available,Existing,313980.0,11775228.2,Not Available,No,Not Available,-73.989596,Not Available
1634055,48-01 90th Street,137461.0023,04/12/2021 02:42 PM EDT,Not Available,Not Available,Not Available,Not Available,Not Available,Not Available,Not Available,Not Available,Not Available,Not Available,Not Available,Not Available,Not Available,265325,Not Available,Not Available,Not Available,4018490001,0,98.9,2021-05-28T17:12:36.000,Not Available,Not Available,Not Available,Not Available,0.0,84,Not Available,Not Available,Not Available,Not Available,452.6,64.9,72.4,Not Available,No,1016319.9,100,Not Available,Not Available,Not Available,Not Available,Not Available,40.741122,26232100.6,Not Available,Not Available,24142920.5,Not Available,Not Available,Existing,265325.0,Not Available,Not Available,No,Not Available,-73.874721,Not Available
1836702,141-25 77th Road,Not Available,Not Available,Not Available,Not Available,Not Available,Not Available,Not Available,Not Available,Not Available,Not Available,Not Available,Not Available,Not Available,Not Available,Not Available,20700,Not Available,Not Available,Not Available,4066290035,0,70.2,2021-05-28T17:11:30.000,Not Available,Not Available,Not Available,Not Available,0.0,94,Not Available,Not Available,Not Available,Not Available,874.3,43.7,47.6,Not Available,No,75060.0,100,Not Available,Not Available,Not Available,Not Available,Not Available,40.720359,1453536.3,Not Available,Not Available,1372332.6,Not Available,Not Available,Existing,20700.0,Not Available,Not Available,No,Not Available,-73.819792,Not Available
1505280,850 Third Avenue,Not Available,01/06/2020 03:51 PM EST,Not Available,Not Available,Not Available,Not Available,Not Available,No,Not Available,Not Available,Not Available,Not Available,Not Available,543920,Not Available,590518,100,Not Available,Not Available,1013060033,0,102.3,2021-05-03T10:23:32.000,Not Available,Not Available,Not Available,Not Available,0.0,Not Available,Not Available,Not Available,Not Available,Not Available,Not Available,44.2,44.2,Not Available,No,5320003.3,100,Not Available,Not Available,Not Available,Not Available,Not Available,40.756924,60413501.4,Not Available,Parking,60413501.4,Not Available,Not Available,Existing,590518.0,7970061.9,Not Available,No,Not Available,-73.969976,0
1634616,535 East 119th Street,42574.00218,04/12/2021 02:42 PM EDT,Not Available,Not Available,Not Available,Not Available,Not Available,Not Available,Not Available,Not Available,Not Available,Not Available,Not Available,Not Available,Not Available,153600,Not Available,Not Available,Not Available,1018160001,0,64.3,2021-05-28T17:12:36.000,Not Available,Not Available,Not Available,Not Available,0.0,96,Not Available,Not Available,Not Available,Not Available,Not Available,39.0,42.4,Not Available,No,508399.9,100,Not Available,Not Available,Not Available,Not Available,Not Available,40.796668,9873067.4,Not Available,Not Available,9327320.5,Not Available,Not Available,Existing,153600.0,Not Available,Not Available,No,Not Available,-73.930966,Not Available
1633070,6KS,4898.00038,04/12/2021 02:33 PM EDT,Not Available,Not Available,Not Available,Not Available,Not Available,Not Available,Not Available,Not Available,Not Available,Not Available,Not Available,Not Available,Not Available,164500,Not Available,Not Available,Not Available,2026860020,0,77.3,2021-05-28T17:13:31.000,Not Available,Not Available,Not Available,Not Available,0.0,88,Not Available,Not Available,Not Available,Not Available,0,52.0,56.6,Not Available,No,538799.9,100,Not Available,Not Available,Not Available,Not Available,Not Available,40.815429,12711658,Not Available,Not Available,11945577.2,Not Available,Not Available,Existing,164500.0,Not Available,Not Available,No,Not Available,-73.902139,Not Available
1633062,4318 Katonah Avenue,1481.000013,04/12/2021 02:33 PM EDT,Not Available,Not Available,Not Available,Not Available,Not Available,Not Available,Not Available,Not Available,Not Available,Not Available,Not Available,Not Available,Not Available,98800,Not Available,Not Available,Not Available,2033860001,0,42.4,2021-05-28T17:12:55.000,Not Available,Not Available,Not Available,Not Available,0.0,99,Not Available,Not Available,Not Available,Not Available,367.3,20.8,20.8,Not Available,No,215600.0,100,Not Available,Not Available,Not Available,Not Available,Not Available,40.899295,2619463.4,Not Available,Not Available,2619463.4,Not Available,Not Available,Existing,61733.3,Not Available,Not Available,No,Not Available,-73.8675,Not Available
1633616,2707 Albermarle Road,8.00000143,04/12/2021 02:50 PM EDT,Not Available,Not Available,Not Available,Not Available,Not Available,Not Available,Not Available,Not Available,Not Available,Not Available,Not Available,Not Available,Not Available,38400,Not Available,Not Available,Not Available,3051110001,0,192.7,2021-05-28T17:11:48.000,Not Available,Not Available,Not Available,Not Available,0.0,27,Not Available,Not Available,Not Available,Not Available,Not Available,94.8,110.2,Not Available,No,511988.3,100,Not Available,Not Available,Not Available,Not Available,Not Available,40.648044,7399965.9,Not Available,Not Available,6873247.5,Not Available,Not Available,Existing,38400.0,Not Available,Not Available,No,Not Available,-73.951891,Not Available
1836589,757 Wortman Avenue,47662.0006,04/12/2021 02:50 PM EDT,Not Available,Not Available,Not Available,Not Available,Not Available,Not Available,Not Available,Not Available,Not Available,Not Available,Not Available,Not Available,Not Available,121200,Not Available,Not Available,Not Available,3045300001,0,80.9,2021-05-28T17:12:10.000,Not Available,Not Available,Not Available,Not Available,55629.0,87,Not Available,Not Available,Not Available,Not Available,Not Available,53.1,56.8,Not Available,No,433599.9,100,55629,Not Available,Not Available,Not Available,Not Available,40.664075,9811042.8,Not Available,Not Available,9336757.2,Not Available,55629,Existing,121200.0,Not Available,Not Available,No,Not Available,-73.866092,Not Available
1634377,442 East Houston Street,59484.00369,04/12/2021 02:42 PM EDT,Not Available,Not Available,Not Available,Not Available,Not Available,Not Available,Not Available,Not Available,Not Available,Not Available,Not Available,Not Available,Not Available,155375,Not Available,Not Available,Not Available,1003560100,0,85,2021-05-28T17:11:19.000,Not Available,Not Available,Not Available,Not Available,0.0,91,Not Available,Not Available,Not Available,Not Available,554.3,52.4,57.3,Not Available,No,644479.9,100,Not Available,Not Available,Not Available,Not Available,Not Available,40.719598,13200425.5,Not Available,Not Available,12402924.4,Not Available,Not Available,Existing,155375.0,Not Available,Not Available,No,Not Available,-73.977904,Not Available
1836564,660 West 237th Street,84862.00081,04/12/2021 02:33 PM EDT,Not Available,Not Available,Not Available,Not Available,Not Available,Not Available,Not Available,Not Available,Not Available,Not Available,Not Available,Not Available,Not Available,204000,Not Available,Not Available,Not Available,2059180376,0,86.2,2021-05-28T17:13:23.000,Not Available,Not Available,Not Available,Not Available,0.0,90,Not Available,Not Available,Not Available,Not Available,1097.6,54.4,60.8,Not Available,No,763199.9,100,Not Available,Not Available,Not Available,Not Available,Not Available,40.888338,17587508.1,Not Available,Not Available,16201817.6,Not Available,Not Available,Existing,204000.0,Not Available,Not Available,No,Not Available,-73.913486,Not Available
1.56e+06,2 Park Avenue,Not Available,Not Available,Not Available,Not Available,Not Available,Not Available,Not Available,No,Not Available,Not Available,Not Available,Not Available,Not Available,905629.7,Not Available,916666,96.88,Not Available,Not Available,1-00862-0029,0,117.8,2021-04-22T16:07:14.000,Not Available,Not Available,Not Available,Not Available,0.0,77,Not Available,Not Available,Not Available,Not Available,7279.5,48.7,51.2,Not Available,No,9445488.4,95,Not Available,Not Available,0,Not Available,Not Available,40.746077,107959173.2,Not Available,Parking,105193861.4,Not Available,Not Available,Existing,916666.0,12431356,Not Available,No,Not Available,-73.982092,0
1633842,61-21 97th Place,136.9999961,04/12/2021 02:53 PM EDT,Not Available,Not Available,Not Available,Not Available,Not Available,Not Available,Not Available,Not Available,Not Available,Not Available,Not Available,Not Available,Not Available,78280,Not Available,Not Available,3489502.1,4020830123,0,92.5,2021-05-28T17:12:58.000,Not Available,Not Available,Not Available,Not Available,0.0,77,Not Available,Not Available,Not Available,Not Available,776.2,61.6,61.6,Not Available,No,387439.9,100,Not Available,Not Available,Not Available,Not Available,Not Available,40.73425,7240228.8,Not Available,Not Available,7240228.8,Not Available,Not Available,Existing,78280.0,Not Available,Not Available,No,Not Available,-73.861546,Not Available
1633988,_188 Rochester Avenue,1168.000003,04/12/2021 02:50 PM EDT,Not Available,Not Available,Not Available,Not Available,Not Available,Not Available,Not Available,Not Available,Not Available,Not Available,Not Available,Not Available,Not Available,129600,Not Available,Not Available,Not Available,3013670022,0,86.4,2021-05-28T17:12:46.000,Not Available,Not Available,Not Available,Not Available,0.0,80,Not Available,Not Available,Not Available,Not Available,105.4,58.3,58.3,Not Available,No,583599.9,100,Not Available,Not Available,Not Available,Not Available,Not Available,40.672762,11199867.6,Not Available,Not Available,11199867.6,Not Available,Not Available,Existing,129600.0,Not Available,Not Available,No,Not Available,-73.927973,Not Available
1634238,8010 12th Avenue,45046.99538,04/12/2021 02:50 PM EDT,Not Available,Not Available,Not Available,Not Available,Not Available,Not Available,Not Available,Not Available,Not Available,Not Available,Not Available,Not Available,Not Available,128400,Not Available,Not Available,Not Available,3062780022,0,88,2021-05-28T17:12:01.000,Not Available,Not Available,Not Available,Not Available,0.0,86,Not Available,Not Available,Not Available,Not Available,1309.1,57.9,62.6,Not Available,No,486399.9,100,Not Available,Not Available,Not Available,Not Available,Not Available,40.618676,11295795.1,Not Available,Not Available,10659101.6,Not Available,Not Available,Existing,128400.0,Not Available,Not Available,No,Not Available,-74.012722,Not Available
1634205,400 Ashford Street,35408.00133,04/12/2021 02:50 PM EDT,Not Available,Not Available,Not Available,Not Available,Not Available,Not Available,Not Available,Not Available,Not Available,Not Available,Not Available,Not Available,Not Available,102000,Not Available,Not Available,Not Available,3040150001,0,84.8,2021-05-28T17:13:19.000,Not Available,Not Available,Not Available,Not Available,0.0,58,Not Available,Not Available,Not Available,Not Available,865.8,53.8,57.5,Not Available,No,422239.9,100,Not Available,Not Available,Not Available,Not Available,Not Available,40.672579,8653947.5,Not Available,Not Available,8267458.2,Not Available,Not Available,Existing,102000.0,Not Available,Not Available,No,Not Available,-73.884803,Not Available
1423551,560 Lexington Avenue,Not Available,Not Available,Not Available,Not Available,Not Available,Not Available,Not Available,No,Not Available,Not Available,Not Available,Not Available,Not Available,324040,Not Available,328910,100,Not Available,Not Available,1013050013,0,113.7,2021-05-28T16:43:47.000,1440,Not Available,Not Available,Not Available,0.0,81,Not Available,Not Available,Not Available,Not Available,Not Available,46.1,48.4,Not Available,No,3346902.0,100,Not Available,Not Available,Not Available,Not Available,Not Available,40.756651,37385675.4,Not Available,Food Service,36487206.4,Not Available,Not Available,Existing,328910.0,3750694.2,Not Available,No,Not Available,-73.972264,Not Available
1634600,116 West 11th Street,3031.999953,04/12/2021 02:42 PM EDT,Not Available,Not Available,Not Available,Not Available,Not Available,Not Available,Not Available,Not Available,Not Available,Not Available,Not Available,Not Available,Not Available,97300,Not Available,Not Available,Not Available,1006060049,0,65.7,2021-05-28T17:13:10.000,Not Available,Not Available,Not Available,Not Available,0.0,92,Not Available,Not Available,Not Available,Not Available,Not Available,44.5,44.6,Not Available,No,326812.0,100,Not Available,Not Available,Not Available,Not Available,Not Available,40.735692,6389901.4,Not Available,Not Available,6382066.6,Not Available,Not Available,Existing,97300.0,Not Available,Not Available,No,Not Available,-73.999026,Not Available
