address_1,enclosed_mall_gross_floor,number_of_buildings,last_modified_date_property_2,hospital_general_medical,property_gfa_calculated_2,strip_mall_gross_floor_area,data_center_ups_output_meter,parking_completely_enclosed,data_center_it_source_energy,municipally_supplied_potable_2,national_median_source_eui,city,supermarket_grocery_number_1,data_center_it_site_energy,last_modified_date_electric,municipally_supplied_potable,multifamily_housing_gross,natural_gas_weather_normalized_1,wholesale_club_supercenter,weather_normalized_source,metered_areas_energy,community_board,bank_branch_gross_floor_area,_2nd_largest_property_use,financial_office_weekly,green_power_onsite_and_offsite,alert_energy_meter_has_gaps,data_center_ups_system,national_median_total_location,data_center_national_median,estimated_values_energy,multifamily_housing_number_2,senior_living_community_living,district_hot_water_use_kbtu,financial_office_number_of_1,water_use_all_water_sources,retail_store_gross_floor,target_energy_star_score,borough,kerosene_use_kbtu,hospital_general_medical_7,electricity_weather_normalized,medical_office_number_of_1,k_12_school_gross_floor_area,senior_living_community_gross,percent_of_recs_retained
165-25 Jamaica Ave,Not Available,1,2022-08-10T00:00:00.000,Not Available,Not Available,Not Available,Not Available,Not Available,Not Available,616.4,189.8,Queens,Not Available,Not Available,2023-04-13T00:00:00.000,Not Available,Not Available,0.4,Not Available,129.1,Whole Property,412.0,Not Available,Retail Store,Not Available,0,Ok,Not Available,465.5,Not Available,Yes,Not Available,Not Available,Not Available,Not Available,616.4,11000,Not Available,QUEENS,Not Available,Not Available,582052.9,Not Available,Not Available,Not Available,Not Available
23-25 31 Street,Not Available,1,2022-04-21T00:00:00.000,Not Available,Not Available,Not Available,Not Available,Not Available,Not Available,1299.4,290.5,Queens,Not Available,Not Available,2023-03-03T00:00:00.000,Not Available,Not Available,0,Not Available,139.1,Whole Property,401.0,Not Available,Office,Not Available,0,Ok,Not Available,666,Not Available,Yes,Not Available,Not Available,Not Available,Not Available,1299.4,Not Available,Not Available,QUEENS,Not Available,Not Available,1078590.6,0,Not Available,Not Available,Not Available
131 West 35th Street,Not Available,1,2023-02-01T00:00:00.000,Not Available,Not Available,Not Available,Not Available,Not Available,Not Available,671.5,189.2,New York,Not Available,Not Available,2023-03-03T00:00:00.000,Not Available,Not Available,0,Not Available,113.6,Whole Property,105.0,Not Available,Not Available,Not Available,0,Ok,Not Available,703.2,Not Available,No,Not Available,Not Available,Not Available,Not Available,671.5,Not Available,Not Available,MANHATTAN,Not Available,Not Available,828149.1,Not Available,Not Available,Not Available,Not Available
382 Willoughby Ave,Not Available,1,2023-04-27T00:00:00.000,Not Available,9975,Not Available,Not Available,9975,Not Available,Not Available,109.6,Brooklyn,Not Available,Not Available,2023-04-10T00:00:00.000,Not Available,64923,0.3,Not Available,82.8,Whole Property,303.0,Not Available,K-12 School,Not Available,0,Ok,Not Available,314.7,Not Available,No,0,Not Available,Not Available,Not Available,Not Available,Not Available,90,BROOKLYN,Not Available,Not Available,424489.1,Not Available,12000,Not Available,Not Available
42-37 Hampton Street,Not Available,1,2023-02-06T00:00:00.000,Not Available,5000,Not Available,Not Available,5000,Not Available,3408.6,118.4,Queens,Not Available,Not Available,2023-03-03T00:00:00.000,Not Available,67898,0.4,Not Available,89,Whole Property,404.0,Not Available,Parking,Not Available,0,Ok,Not Available,378.9,Not Available,No,Not Available,Not Available,Not Available,Not Available,3408.6,Not Available,Not Available,QUEENS,Not Available,Not Available,207724.5,Not Available,Not Available,Not Available,Not Available
355 East 10th Street,Not Available,1,2022-03-29T00:00:00.000,Not Available,Not Available,Not Available,Not Available,Not Available,Not Available,3224.9,136.1,New York,Not Available,Not Available,2023-03-10T00:00:00.000,Not Available,38520,85.8,Not Available,137.2,Whole Property,103.0,Not Available,Not Available,Not Available,0,Ok,Not Available,227.3,Not Available,No,0,Not Available,Not Available,Not Available,3224.9,Not Available,Not Available,MANHATTAN,Not Available,Not Available,190126.5,Not Available,Not Available,Not Available,Not Available
4420 15th Ave.,Not Available,1,2019-03-31T00:00:00.000,Not Available,Not Available,Not Available,Not Available,Not Available,Not Available,Not Available,122.1,Brooklyn,Not Available,Not Available,2023-03-04T00:00:00.000,Not Available,Not Available,0.6,Not Available,137.4,Whole Property,312.0,Not Available,Not Available,Not Available,0,Ok,Not Available,315.5,Not Available,No,Not Available,Not Available,Not Available,Not Available,Not Available,Not Available,Not Available,BROOKLYN,Not Available,Not Available,512721.9,Not Available,65792,Not Available,Not Available
127-92 Willets Point Boulevard,Not Available,3,2022-09-23T00:00:00.000,Not Available,Not Available,Not Available,Not Available,Not Available,Not Available,Not Available,52.9,Corona,Not Available,Not Available,,Not Available,Not Available,7.5,Not Available,143,Whole Property,407.0,Not Available,"Repair Services (Vehicle, Shoe, Locksmith, etc.)",Not Available,0,Ok,Not Available,153.9,Not Available,No,Not Available,Not Available,Not Available,Not Available,Not Available,Not Available,Not Available,QUEENS,Not Available,Not Available,1316474.8,Not Available,Not Available,Not Available,Not Available
4315 Webster Ave,Not Available,1,2020-02-28T00:00:00.000,Not Available,Not Available,Not Available,Not Available,Not Available,Not Available,3215.5,138.3,Bronx,Not Available,Not Available,2023-04-07T00:00:00.000,Not Available,61819,0,Not Available,39.4,Whole Property,212.0,Not Available,Not Available,Not Available,0,Ok,Not Available,277.8,Not Available,No,0,Not Available,Not Available,Not Available,3215.5,Not Available,90,BRONX,Not Available,Not Available,225595.5,Not Available,Not Available,Not Available,Not Available
326 East 201 Street,Not Available,1,2023-07-05T00:00:00.000,Not Available,Not Available,Not Available,Not Available,Not Available,Not Available,Not Available,129.4,Bronx,Not Available,Not Available,2023-07-19T00:00:00.000,Not Available,28555,0,Not Available,72.9,Whole Property,207.0,Not Available,Not Available,Not Available,0,Ok,Not Available,191.4,Not Available,No,Not Available,Not Available,Not Available,Not Available,Not Available,Not Available,Not Available,BRONX,Not Available,Not Available,100514.4,Not Available,Not Available,Not Available,Not Available
409 Edgecombe Ave,Not Available,1,2020-03-10T00:00:00.000,Not Available,Not Available,Not Available,Not Available,Not Available,Not Available,4947.6,108.6,New York,Not Available,Not Available,2023-04-17T00:00:00.000,Not Available,169147,0,Not Available,91.7,Whole Property,109.0,Not Available,Not Available,Not Available,0,Ok,Not Available,1165.6,Not Available,No,0,Not Available,Not Available,Not Available,4947.6,Not Available,90,MANHATTAN,Not Available,Not Available,344747.7,Not Available,Not Available,Not Available,Not Available
105 Jersey Street,Not Available,1,,Not Available,Not Available,Not Available,Not Available,Not Available,Not Available,Not Available,Not Available,Staten Island,Not Available,Not Available,,Not Available,Not Available,0,Not Available,0,Whole Property,501.0,Not Available,Not Available,Not Available,0,Ok,Not Available,Not Available,Not Available,No,Not Available,Not Available,Not Available,Not Available,Not Available,Not Available,Not Available,STATEN IS,Not Available,Not Available,0,Not Available,Not Available,Not Available,Not Available
35-20 147th Street,Not Available,1,2020-03-17T00:00:00.000,Not Available,Not Available,Not Available,Not Available,Not Available,Not Available,4617.7,118.1,Flushing,Not Available,Not Available,2023-04-14T00:00:00.000,Not Available,71783,0.7,Not Available,123.7,Whole Property,407.0,Not Available,Office,Not Available,0,Ok,Not Available,464.6,Not Available,No,0,Not Available,Not Available,Not Available,4617.7,11140,90,QUEENS,Not Available,Not Available,551678.7,Not Available,Not Available,Not Available,Not Available
"841 7 Avenue,",Not Available,1,2020-02-26T00:00:00.000,Not Available,Not Available,Not Available,Not Available,Not Available,Not Available,Not Available,112.6,Manhattan,Not Available,Not Available,2023-03-09T00:00:00.000,Not Available,79309,50.9,Not Available,124.7,Whole Property,105.0,Not Available,Retail Store,Not Available,0,Ok,Not Available,371.7,Not Available,No,Not Available,Not Available,Not Available,Not Available,Not Available,6000,Not Available,MANHATTAN,Not Available,Not Available,635679.1,Not Available,Not Available,Not Available,Not Available
241 Centre Street,Not Available,1,2021-09-02T00:00:00.000,Not Available,Not Available,Not Available,Not Available,Not Available,Not Available,893.1,131.4,New York,Not Available,Not Available,2023-03-09T00:00:00.000,Not Available,Not Available,0,Not Available,67.4,Whole Property,102.0,Not Available,Not Available,Not Available,0,Ok,Not Available,103.8,Not Available,Yes,Not Available,Not Available,Not Available,Not Available,893.1,Not Available,Not Available,MANHATTAN,Not Available,Not Available,182669.5,Not Available,Not Available,Not Available,Not Available
3214 Beverly Road,Not Available,1,2023-07-25T00:00:00.000,Not Available,Not Available,Not Available,Not Available,Not Available,Not Available,2238.2,99.4,Brooklyn,Not Available,Not Available,2023-07-26T00:00:00.000,Not Available,25675,Not Available,Not Available,57.5,Whole Property,317.0,Not Available,Not Available,Not Available,0,Ok,Not Available,128.3,Not Available,No,Not Available,Not Available,Not Available,Not Available,2238.2,Not Available,Not Available,BROOKLYN,Not Available,Not Available,81151.2,Not Available,Not Available,Not Available,Not Available
941 Southern Blvd,Not Available,1,2023-05-01T00:00:00.000,Not Available,Not Available,Not Available,Not Available,Not Available,Not Available,411.1,208.9,Bronx,Not Available,Not Available,2023-05-01T00:00:00.000,Not Available,Not Available,5.3,Not Available,649,Whole Property,202.0,Not Available,Not Available,Not Available,0,Ok,Not Available,335.1,Not Available,No,Not Available,Not Available,Not Available,Not Available,411.1,Not Available,Not Available,BRONX,Not Available,Not Available,329678,Not Available,Not Available,Not Available,Not Available
52-15 Metropolitan Avenue,Not Available,1,2023-07-12T00:00:00.000,Not Available,Not Available,Not Available,Not Available,Not Available,Not Available,120.5,87.2,Queens,Not Available,Not Available,2023-07-07T00:00:00.000,Not Available,Not Available,0.1,Not Available,12.3,Whole Property,405.0,Not Available,Office,Not Available,0,Ok,Not Available,174.4,Not Available,No,Not Available,Not Available,Not Available,Not Available,120.5,Not Available,Not Available,QUEENS,Not Available,Not Available,5364,Not Available,Not Available,Not Available,Not Available
141 west 28th street,Not Available,1,2019-03-24T00:00:00.000,Not Available,Not Available,Not Available,Not Available,Not Available,Not Available,266.1,136.2,New York,Not Available,Not Available,2023-06-02T00:00:00.000,Not Available,Not Available,Not Available,Not Available,Not Available,Whole Property,105.0,Not Available,Not Available,Not Available,0,Ok,Not Available,435.4,Not Available,No,Not Available,Not Available,Not Available,Not Available,266.1,Not Available,Not Available,MANHATTAN,Not Available,Not Available,Not Available,Not Available,Not Available,Not Available,Not Available
263 Eastern Parkway,Not Available,1,2014-08-05T00:00:00.000,Not Available,Not Available,Not Available,Not Available,Not Available,Not Available,5329.8,129.8,Brooklyn,Not Available,Not Available,2023-03-09T00:00:00.000,Not Available,74990,1,Not Available,127.4,Whole Property,308.0,Not Available,Not Available,Not Available,0,Ok,Not Available,448.7,Not Available,No,Not Available,Not Available,Not Available,Not Available,5329.8,Not Available,77,BROOKLYN,Not Available,Not Available,209145.3,Not Available,Not Available,Not Available,Not Available
996 Aldus Street,Not Available,1,2022-05-22T00:00:00.000,Not Available,Not Available,Not Available,Not Available,Not Available,Not Available,Not Available,125.4,Bronx,Not Available,Not Available,2023-03-03T00:00:00.000,Not Available,46068,0.1,Not Available,129.6,Whole Property,202.0,Not Available,Not Available,Not Available,0,Ok,Not Available,320.4,Not Available,No,Not Available,Not Available,Not Available,Not Available,Not Available,Not Available,Not Available,BRONX,Not Available,Not Available,233469.4,Not Available,Not Available,Not Available,Not Available
23 East 39 St,Not Available,1,2022-10-19T00:00:00.000,Not Available,Not Available,Not Available,Not Available,Not Available,Not Available,1924,142.9,New York,Not Available,Not Available,2023-03-03T00:00:00.000,Not Available,Not Available,27.8,Not Available,148.6,Whole Property,106.0,Not Available,Not Available,Not Available,0,Ok,Not Available,194.5,Not Available,No,Not Available,Not Available,Not Available,Not Available,1924,Not Available,Not Available,MANHATTAN,Not Available,Not Available,499759.6,Not Available,Not Available,Not Available,Not Available
195 Bowery St,Not Available,1,2023-02-01T00:00:00.000,Not Available,Not Available,Not Available,Not Available,Not Available,Not Available,619,120.1,Manhattan,Not Available,Not Available,2023-04-26T00:00:00.000,Not Available,44203,0.6,Not Available,133.8,Whole Property,103.0,Not Available,Not Available,Not Available,0,Ok,Not Available,211.2,Not Available,No,Not Available,Not Available,Not Available,Not Available,619,Not Available,Not Available,MANHATTAN,Not Available,Not Available,324560,Not Available,Not Available,Not Available,Not Available
1975   CRESTON AVE,Not Available,1,2020-01-31T00:00:00.000,Not Available,Not Available,Not Available,Not Available,Not Available,Not Available,4690.3,136.4,Bronx,Not Available,Not Available,2023-04-22T00:00:00.000,Not Available,37960,1,Not Available,135.7,Whole Property,205.0,Not Available,Not Available,Not Available,0,Ok,Not Available,236.4,Not Available,No,0,Not Available,Not Available,Not Available,4690.3,Not Available,Not Available,BRONX,Not Available,Not Available,127181.9,Not Available,Not Available,Not Available,Not Available
1150 Metropolitan Ave,Not Available,1,2019-10-12T00:00:00.000,Not Available,Not Available,Not Available,Not Available,Not Available,Not Available,Not Available,64.1,Brooklyn,Not Available,Not Available,2023-03-10T00:00:00.000,Not Available,Not Available,0,Not Available,0.9,Whole Property,301.0,Not Available,Not Available,Not Available,0,Ok,Not Available,207,Not Available,No,Not Available,Not Available,Not Available,Not Available,Not Available,Not Available,Not Available,BROOKLYN,Not Available,Not Available,4497,Not Available,Not Available,Not Available,Not Available
43 Bleecker Street,Not Available,1,2023-02-01T00:00:00.000,Not Available,Not Available,Not Available,Not Available,Not Available,Not Available,70,118.1,Manhattan,Not Available,Not Available,2023-03-03T00:00:00.000,Not Available,37993,0,Not Available,17.4,Whole Property,102.0,Not Available,Not Available,Not Available,0,Ok,Not Available,139.1,Not Available,No,Not Available,Not Available,Not Available,Not Available,70,Not Available,Not Available,MANHATTAN,Not Available,Not Available,66276,Not Available,Not Available,Not Available,Not Available
33-01 Vernon Blvd,Not Available,1,2023-04-18T00:00:00.000,Not Available,Not Available,Not Available,Not Available,Not Available,Not Available,215.4,151.1,Queens,Not Available,Not Available,2023-03-03T00:00:00.000,Not Available,Not Available,0.5,Not Available,196.1,Whole Property,401.0,Not Available,Not Available,Not Available,0,Ok,Not Available,145.6,Not Available,No,Not Available,Not Available,Not Available,Not Available,215.4,Not Available,Not Available,QUEENS,Not Available,Not Available,417763.8,Not Available,Not Available,Not Available,Not Available
2821 Briggs Avenue,Not Available,1,2020-12-08T00:00:00.000,Not Available,Not Available,Not Available,Not Available,Not Available,Not Available,7845.6,132.2,Bronx,Not Available,Not Available,2023-03-24T00:00:00.000,Not Available,30780,1.2,Not Available,169.8,Whole Property,207.0,Not Available,Not Available,Not Available,0,Ok,Not Available,183.3,Not Available,No,0,Not Available,Not Available,Not Available,7845.6,Not Available,Not Available,BRONX,Not Available,Not Available,142740.8,Not Available,Not Available,Not Available,Not Available
456 Hudson St,Not Available,1,2023-03-14T00:00:00.000,Not Available,Not Available,Not Available,Not Available,Not Available,Not Available,3217.5,120,New York,Not Available,Not Available,2023-03-03T00:00:00.000,Not Available,Not Available,32.2,Not Available,145.2,Whole Property,102.0,Not Available,Restaurant,Not Available,0,Ok,Not Available,59.1,Not Available,No,Not Available,Not Available,Not Available,Not Available,3217.5,8897,Not Available,MANHATTAN,Not Available,Not Available,164751.1,Not Available,Not Available,Not Available,Not Available
55 East 196 street,Not Available,1,2021-03-15T00:00:00.000,Not Available,Not Available,Not Available,Not Available,Not Available,Not Available,2472.9,110.1,Bronx,Not Available,Not Available,2023-04-21T00:00:00.000,Not Available,35532,Not Available,Not Available,Not Available,Whole Property,207.0,Not Available,Not Available,Not Available,0,Ok,Not Available,162.4,Not Available,No,Not Available,Not Available,Not Available,Not Available,2472.9,Not Available,Not Available,BRONX,Not Available,Not Available,Not Available,Not Available,Not Available,Not Available,Not Available
43-07 39th Place,Not Available,1,2020-04-12T00:00:00.000,Not Available,3235,Not Available,Not Available,3235,Not Available,2422.2,118.4,Sunnyside,Not Available,Not Available,2023-03-18T00:00:00.000,Not Available,67775,0.5,Not Available,79.7,Whole Property,402.0,Not Available,Parking,Not Available,0,Ok,Not Available,360.9,Not Available,Yes,0,Not Available,Not Available,Not Available,2422.2,Not Available,90,QUEENS,Not Available,Not Available,202501.5,Not Available,Not Available,Not Available,Not Available
809 Madison Ave,Not Available,1,2023-02-01T00:00:00.000,Not Available,Not Available,Not Available,Not Available,Not Available,Not Available,2822.5,123.4,Manhattan,Not Available,Not Available,2023-03-03T00:00:00.000,Not Available,41371,0,Not Available,153.4,Whole Property,108.0,Not Available,Not Available,Not Available,0,Ok,Not Available,242.2,Not Available,No,Not Available,Not Available,Not Available,Not Available,2822.5,Not Available,Not Available,MANHATTAN,Not Available,Not Available,198312.3,Not Available,Not Available,Not Available,Not Available
14 East 75th Street,Not Available,1,2020-06-01T00:00:00.000,Not Available,Not Available,Not Available,Not Available,Not Available,Not Available,2106.5,118.1,New York,Not Available,Not Available,2023-04-13T00:00:00.000,Not Available,135824,0.4,Not Available,90.8,Whole Property,108.0,Not Available,Retail Store,Not Available,0,Ok,Not Available,668.5,Not Available,No,Not Available,Not Available,Not Available,Not Available,2106.5,6927,Not Available,MANHATTAN,Not Available,Not Available,760102.6,0,Not Available,Not Available,Not Available
2280 Andrews Ave,Not Available,1,2020-03-12T00:00:00.000,Not Available,Not Available,Not Available,Not Available,Not Available,Not Available,4835.9,105.5,Bronx,Not Available,Not Available,2023-04-13T00:00:00.000,Not Available,81144,0.5,Not Available,82.5,Whole Property,207.0,Not Available,Not Available,Not Available,0,Ok,Not Available,389.5,Not Available,No,0,Not Available,Not Available,Not Available,4835.9,Not Available,90,BRONX,Not Available,Not Available,226638.3,Not Available,Not Available,Not Available,Not Available
147-25 Northern Blvd,Not Available,1,2022-12-15T00:00:00.000,Not Available,Not Available,Not Available,Not Available,Not Available,Not Available,11231.3,120.4,Queens,Not Available,Not Available,2023-03-17T00:00:00.000,Not Available,140000,0.9,Not Available,123.9,Whole Property,407.0,Not Available,Not Available,Not Available,0,Ok,Not Available,759,Not Available,No,Not Available,Not Available,Not Available,Not Available,11231.3,Not Available,Not Available,QUEENS,Not Available,Not Available,469885.1,Not Available,Not Available,Not Available,Not Available
1952 Benedict Avenue,Not Available,1,2022-05-05T00:00:00.000,Not Available,Not Available,Not Available,Not Available,Not Available,Not Available,439.2,135.5,Bronx,Not Available,Not Available,2023-03-03T00:00:00.000,Not Available,Not Available,33.1,Not Available,220.2,Whole Property,209.0,Not Available,Not Available,Not Available,0,Ok,Not Available,159.3,Not Available,No,Not Available,Not Available,Not Available,Not Available,439.2,Not Available,Not Available,BRONX,Not Available,Not Available,684938.9,Not Available,35298,Not Available,Not Available
802 Avenue U,Not Available,1,2021-10-26T00:00:00.000,Not Available,Not Available,Not Available,Not Available,Not Available,Not Available,1056.2,112,Brooklyn,Not Available,Not Available,2023-03-03T00:00:00.000,Not Available,41000,27.8,Not Available,50.3,Whole Property,315.0,Not Available,Not Available,Not Available,0,Ok,Not Available,192.8,Not Available,No,20,Not Available,Not Available,Not Available,1056.2,Not Available,Not Available,BROOKLYN,Not Available,Not Available,90745.5,Not Available,Not Available,Not Available,Not Available
409 Hewes Street,Not Available,1,2022-05-15T00:00:00.000,Not Available,Not Available,Not Available,Not Available,Not Available,Not Available,2783.2,147.8,Brooklyn,Not Available,Not Available,2023-03-03T00:00:00.000,Not Available,27774,0.9,Not Available,147.7,Whole Property,301.0,Not Available,Not Available,Not Available,0,Ok,Not Available,177.9,Not Available,No,Not Available,Not Available,Not Available,Not Available,2783.2,Not Available,Not Available,BROOKLYN,Not Available,Not Available,146693.5,Not Available,Not Available,Not Available,Not Available
383 West Broadway,Not Available,1,2020-03-18T00:00:00.000,Not Available,Not Available,Not Available,Not Available,Not Available,Not Available,Not Available,118.1,New York,Not Available,Not Available,2023-03-18T00:00:00.000,Not Available,60036,0,Not Available,93.5,Whole Property,102.0,Not Available,Retail Store,Not Available,0,Ok,Not Available,433.1,Not Available,No,0,Not Available,Not Available,Not Available,Not Available,14500,90,MANHATTAN,Not Available,Not Available,397073.9,Not Available,Not Available,Not Available,Not Available
"22 W 32ND STREET, 10001",Not Available,1,2022-04-07T00:00:00.000,Not Available,Not Available,Not Available,Not Available,Not Available,Not Available,Not Available,146,NEW YORK,Not Available,Not Available,2023-03-21T00:00:00.000,Not Available,Not Available,0.2,Not Available,Not Available,Whole Property,105.0,Not Available,Not Available,Not Available,0,Ok,Not Available,651.5,Not Available,No,Not Available,Not Available,Not Available,Not Available,Not Available,Not Available,Not Available,MANHATTAN,Not Available,Not Available,837832.9,Not Available,Not Available,Not Available,Not Available
310 W 40th St,Not Available,1,2021-04-20T00:00:00.000,Not Available,Not Available,Not Available,Not Available,Not Available,Not Available,Not Available,177.4,New York,Not Available,Not Available,2023-04-18T00:00:00.000,Not Available,Not Available,0.3,Not Available,180.8,Whole Property,104.0,Not Available,Not Available,Not Available,0,Ok,Not Available,699,Not Available,No,Not Available,Not Available,Not Available,Not Available,Not Available,Not Available,Not Available,MANHATTAN,Not Available,Not Available,1737972.7,Not Available,Not Available,Not Available,Not Available
145 Henry Street,Not Available,1,2022-04-26T00:00:00.000,Not Available,Not Available,Not Available,Not Available,Not Available,Not Available,967.2,128.7,Brooklyn,Not Available,Not Available,2023-03-03T00:00:00.000,Not Available,40410,20.4,Not Available,62.6,Whole Property,302.0,Not Available,Not Available,Not Available,0,Ok,Not Available,193.2,Not Available,No,Not Available,Not Available,Not Available,Not Available,967.2,Not Available,Not Available,BROOKLYN,Not Available,Not Available,174277,Not Available,Not Available,Not Available,Not Available
127-92 Garage Willets Point Boulevard,Not Available,1,2022-09-23T00:00:00.000,Not Available,Not Available,Not Available,Not Available,Not Available,Not Available,Not Available,95,Corona,Not Available,Not Available,2023-03-04T00:00:00.000,Not Available,Not Available,Not Available,Not Available,3174.2,Whole Property,,Not Available,Not Available,Not Available,0,Ok,Not Available,5.7,Not Available,No,Not Available,Not Available,Not Available,Not Available,Not Available,Not Available,Not Available,,Not Available,Not Available,664513.3,Not Available,Not Available,Not Available,Not Available
23-23 Borden Avenue,Not Available,1,2023-02-21T00:00:00.000,Not Available,Not Available,Not Available,Not Available,Not Available,Not Available,Not Available,89.3,Queens,Not Available,Not Available,2023-03-06T00:00:00.000,Not Available,Not Available,0.1,Not Available,109.8,Whole Property,402.0,Not Available,Manufacturing/Industrial Plant,Not Available,0,Ok,Not Available,149.5,Not Available,Yes,Not Available,Not Available,Not Available,Not Available,Not Available,Not Available,Not Available,QUEENS,Not Available,Not Available,511862.9,Not Available,Not Available,Not Available,Not Available
279 East 44th Street,Not Available,1,2020-04-12T00:00:00.000,Not Available,Not Available,Not Available,Not Available,Not Available,Not Available,5005.4,123.8,New York,Not Available,Not Available,2023-04-03T00:00:00.000,Not Available,213397,0.1,Not Available,162.3,Whole Property,106.0,Not Available,Retail Store,Not Available,0,Ok,Not Available,1437.7,Not Available,No,0,Not Available,Not Available,Not Available,5005.4,12170,90,MANHATTAN,Not Available,Not Available,1889168.9,Not Available,Not Available,Not Available,Not Available
1615 Avenue I,Not Available,1,2020-06-02T00:00:00.000,Not Available,17500,Not Available,Not Available,17500,Not Available,3904.8,123.2,Brooklyn,Not Available,Not Available,2023-03-27T00:00:00.000,Not Available,159088,0.6,Not Available,86.3,Whole Property,314.0,Not Available,Parking,Not Available,0,Ok,Not Available,875.8,Not Available,Yes,Not Available,Not Available,Not Available,Not Available,3904.8,Not Available,85,BROOKLYN,Not Available,Not Available,412869.3,Not Available,Not Available,Not Available,Not Available
1000 Pennsylvania Ave,Not Available,1,2022-05-25T00:00:00.000,Not Available,Not Available,Not Available,Not Available,Not Available,Not Available,3500.1,95.8,Brooklyn,Not Available,Not Available,2023-03-18T00:00:00.000,Not Available,Not Available,0.2,Not Available,88.1,Whole Property,305.0,Not Available,Retail Store,Not Available,0,Ok,Not Available,1431.3,Not Available,No,Not Available,Not Available,Not Available,Not Available,3500.1,96250,90,BROOKLYN,Not Available,Not Available,3006525.4,Not Available,Not Available,Not Available,Not Available
68 Richardson St,Not Available,1,2023-02-01T00:00:00.000,Not Available,Not Available,Not Available,Not Available,Not Available,Not Available,Not Available,136.6,Brooklyn,Not Available,Not Available,2023-03-03T00:00:00.000,Not Available,32532,0.1,Not Available,81.9,Whole Property,301.0,Not Available,Not Available,Not Available,0,Ok,Not Available,143.1,Not Available,No,Not Available,Not Available,Not Available,Not Available,Not Available,Not Available,Not Available,BROOKLYN,Not Available,Not Available,249646.6,Not Available,Not Available,Not Available,Not Available
2011 Mott Ave,Not Available,1,2021-06-10T00:00:00.000,Not Available,Not Available,Not Available,Not Available,Not Available,Not Available,484,89.3,Far Rockaway,Not Available,Not Available,2023-04-06T00:00:00.000,Not Available,Not Available,0.2,Not Available,136.7,Whole Property,414.0,Not Available,Retail Store,Not Available,0,Ok,Not Available,106.8,Not Available,No,Not Available,Not Available,Not Available,Not Available,484,17598,Not Available,QUEENS,Not Available,Not Available,408983.3,Not Available,Not Available,Not Available,Not Available
2471 Grand Avenue,Not Available,1,2018-03-11T00:00:00.000,Not Available,Not Available,Not Available,Not Available,Not Available,Not Available,Not Available,112.6,Bronx,Not Available,Not Available,2023-04-21T00:00:00.000,Not Available,43000,Not Available,Not Available,Not Available,Whole Property,207.0,Not Available,Not Available,Not Available,0,Ok,Not Available,206.8,Not Available,No,Not Available,Not Available,Not Available,Not Available,Not Available,Not Available,Not Available,BRONX,Not Available,Not Available,Not Available,Not Available,Not Available,Not Available,Not Available
2175 Cedar Avenue,Not Available,1,2020-01-21T00:00:00.000,Not Available,Not Available,Not Available,Not Available,Not Available,Not Available,6278.2,119.2,Bronx,Not Available,Not Available,2023-04-03T00:00:00.000,Not Available,90650,0.7,Not Available,108.8,Whole Property,207.0,Not Available,Not Available,Not Available,0,Ok,Not Available,469.8,Not Available,No,0,Not Available,Not Available,Not Available,6278.2,Not Available,90,BRONX,Not Available,Not Available,343854.9,Not Available,Not Available,Not Available,Not Available
330 West 58th Street,Not Available,1,2020-03-16T00:00:00.000,Not Available,9788,Not Available,Not Available,9788,Not Available,Not Available,118.1,New York,Not Available,Not Available,2023-04-17T00:00:00.000,Not Available,259636,0.3,Not Available,51.2,Whole Property,104.0,Not Available,Retail Store,Not Available,0,Ok,Not Available,1958.9,Not Available,No,0,Not Available,Not Available,Not Available,Not Available,124330,Not Available,MANHATTAN,Not Available,Not Available,720461.3,Not Available,Not Available,Not Available,Not Available
341 Broome Street,Not Available,1,2022-03-30T00:00:00.000,Not Available,Not Available,Not Available,Not Available,Not Available,Not Available,Not Available,211.4,New York,Not Available,Not Available,2023-03-10T00:00:00.000,Not Available,Not Available,110.6,Not Available,312.7,Whole Property,102.0,Not Available,Not Available,Not Available,0,Ok,Not Available,291.5,Not Available,Yes,Not Available,Not Available,Not Available,Not Available,Not Available,Not Available,Not Available,MANHATTAN,Not Available,Not Available,751532.9,Not Available,Not Available,Not Available,Not Available
1665 East 7th Street,Not Available,1,2023-04-27T00:00:00.000,Not Available,Not Available,Not Available,Not Available,Not Available,Not Available,2172.3,167.8,Brooklyn,Not Available,Not Available,2023-04-14T00:00:00.000,Not Available,49644,0.7,Not Available,107.8,Whole Property,312.0,Not Available,Not Available,Not Available,0,Ok,Not Available,369.9,Not Available,Yes,0,Not Available,Not Available,Not Available,2172.3,Not Available,90,BROOKLYN,Not Available,Not Available,163730.4,Not Available,Not Available,Not Available,Not Available
1-3 Hope St/153-155 Roebling St,Not Available,1,2023-04-02T00:00:00.000,Not Available,Not Available,Not Available,Not Available,Not Available,Not Available,Not Available,118.1,Brooklyn,Not Available,Not Available,2023-03-03T00:00:00.000,Not Available,26165,Not Available,Not Available,2,Whole Property,,Not Available,Not Available,Not Available,0,Ok,Not Available,93.3,Not Available,No,Not Available,Not Available,Not Available,Not Available,Not Available,Not Available,Not Available,,Not Available,Not Available,5519,Not Available,Not Available,Not Available,Not Available
46-01 67 Street,Not Available,1,2022-12-15T00:00:00.000,Not Available,Not Available,Not Available,Not Available,Not Available,Not Available,Not Available,153.8,Queens,Not Available,Not Available,2023-03-17T00:00:00.000,Not Available,62500,0,Not Available,112.1,Whole Property,402.0,Not Available,Not Available,Not Available,0,Ok,Not Available,293.5,Not Available,No,Not Available,Not Available,Not Available,Not Available,Not Available,Not Available,Not Available,QUEENS,Not Available,Not Available,721650.3,Not Available,Not Available,Not Available,Not Available
1306 38th ave,Not Available,1,2022-10-04T00:00:00.000,Not Available,Not Available,Not Available,Not Available,Not Available,Not Available,129.9,78.5,Long Island City,Not Available,Not Available,2023-03-20T00:00:00.000,Not Available,Not Available,Not Available,Not Available,70.3,Whole Property,401.0,Not Available,Not Available,Not Available,0,Ok,Not Available,80.7,Not Available,No,Not Available,Not Available,Not Available,Not Available,129.9,Not Available,Not Available,QUEENS,Not Available,Not Available,144025,Not Available,Not Available,Not Available,Not Available
3725 Henry Hudson Parkway,Not Available,1,2020-02-26T00:00:00.000,Not Available,5000,Not Available,Not Available,5000,Not Available,3114.9,121.7,Bronx,Not Available,Not Available,2023-03-09T00:00:00.000,Not Available,116424,57.3,Not Available,95.2,Whole Property,208.0,Not Available,Medical Office,Not Available,0,Ok,Not Available,634.5,Not Available,No,Not Available,Not Available,Not Available,Not Available,3114.9,Not Available,Not Available,BRONX,Not Available,Not Available,446654,0,Not Available,Not Available,Not Available
43-46 51st St,Not Available,1,2022-05-16T00:00:00.000,Not Available,Not Available,Not Available,Not Available,Not Available,Not Available,1253,117,Queens,Not Available,Not Available,2023-03-03T00:00:00.000,Not Available,80171,0.2,Not Available,79.7,Whole Property,402.0,Not Available,Not Available,Not Available,0,Ok,Not Available,328.8,Not Available,No,Not Available,Not Available,Not Available,Not Available,1253,Not Available,Not Available,QUEENS,Not Available,Not Available,509171.9,Not Available,Not Available,Not Available,Not Available
107-40 Queens Blvd,Not Available,1,2020-03-09T00:00:00.000,Not Available,Not Available,Not Available,Not Available,Not Available,Not Available,8412.9,108.2,Queens,Not Available,Not Available,2023-04-11T00:00:00.000,Not Available,199884,0.9,Not Available,113.5,Whole Property,406.0,Not Available,Retail Store,Not Available,0,Ok,Not Available,1049.8,Not Available,No,0,Not Available,Not Available,Not Available,8412.9,7336,90,QUEENS,Not Available,Not Available,447770.5,Not Available,Not Available,Not Available,Not Available
1001-1011 Brighton Beach Avenue,Not Available,1,2022-09-08T00:00:00.000,Not Available,Not Available,Not Available,Not Available,Not Available,Not Available,1631.3,120,Brooklyn,Not Available,Not Available,2023-04-11T00:00:00.000,Not Available,Not Available,0.4,Not Available,236.5,Whole Property,313.0,Not Available,Office,Not Available,0,Ok,Not Available,186.4,Not Available,No,Not Available,Not Available,Not Available,Not Available,1631.3,34512,Not Available,BROOKLYN,Not Available,Not Available,940817.9,Not Available,Not Available,Not Available,Not Available
517 Lexington Ave.,Not Available,1,2020-02-26T00:00:00.000,Not Available,Not Available,Not Available,Not Available,Not Available,Not Available,4393,195.3,New York,Not Available,Not Available,2023-02-15T00:00:00.000,Not Available,Not Available,0.5,Not Available,164.2,Whole Property,106.0,Not Available,Not Available,Not Available,0,Ok,Not Available,610.5,Not Available,No,Not Available,Not Available,Not Available,Not Available,4393,Not Available,Not Available,MANHATTAN,Not Available,Not Available,990399,Not Available,Not Available,Not Available,Not Available
125 Ocean Parkway,Not Available,1,2022-05-23T00:00:00.000,Not Available,Not Available,Not Available,Not Available,Not Available,Not Available,4990.3,110.4,Brooklyn,Not Available,Not Available,2023-04-14T00:00:00.000,Not Available,100849,0.6,Not Available,84.8,Whole Property,312.0,Not Available,Not Available,Not Available,0,Ok,Not Available,492.2,Not Available,No,0,Not Available,Not Available,Not Available,4990.3,Not Available,90,BROOKLYN,Not Available,Not Available,259873,Not Available,Not Available,Not Available,Not Available
89-31 161 Street,Not Available,1,2023-01-27T00:00:00.000,Not Available,Not Available,Not Available,Not Available,Not Available,Not Available,1535.5,173.4,Queens,Not Available,Not Available,2023-03-03T00:00:00.000,Not Available,Not Available,1.5,Not Available,109.1,Whole Property,412.0,Not Available,Not Available,Not Available,0,Ok,Not Available,510.6,Not Available,No,Not Available,Not Available,Not Available,Not Available,1535.5,Not Available,Not Available,QUEENS,Not Available,Not Available,461441.8,Not Available,Not Available,Not Available,Not Available
155 East 76th Street,Not Available,1,2020-06-19T00:00:00.000,Not Available,21283,Not Available,Not Available,21283,Not Available,5161.6,118.1,New York,Not Available,Not Available,2023-03-27T00:00:00.000,Not Available,190314,0.5,Not Available,92.8,Whole Property,108.0,Not Available,Parking,Not Available,0,Ok,Not Available,955.1,Not Available,No,30,Not Available,Not Available,Not Available,5161.6,Not Available,90,MANHATTAN,Not Available,Not Available,811229.4,0,Not Available,Not Available,Not Available
332 ROGERS AVE,Not Available,1,2022-05-09T00:00:00.000,Not Available,Not Available,Not Available,Not Available,Not Available,Not Available,Not Available,122.6,Brooklyn,Not Available,Not Available,2023-03-06T00:00:00.000,Not Available,94315,0.6,Not Available,93.1,Whole Property,309.0,Not Available,Not Available,Not Available,0,Ok,Not Available,501.9,Not Available,No,0,Not Available,Not Available,Not Available,Not Available,Not Available,Not Available,BROOKLYN,Not Available,Not Available,312466.1,Not Available,Not Available,Not Available,Not Available
557 Atlantic Avenue,Not Available,1,2020-03-17T00:00:00.000,Not Available,Not Available,Not Available,Not Available,Not Available,Not Available,4236.8,142.3,Brooklyn,Not Available,Not Available,2023-03-18T00:00:00.000,Not Available,76526,0.5,Not Available,134.5,Whole Property,302.0,Not Available,Retail Store,Not Available,0,Ok,Not Available,519.2,Not Available,No,0,Not Available,Not Available,Not Available,4236.8,18344,90,BROOKLYN,Not Available,Not Available,772531.9,Not Available,Not Available,Not Available,Not Available
1330 Fifth Avenue,Not Available,1,2020-03-31T00:00:00.000,Not Available,12173,Not Available,Not Available,12173,Not Available,Not Available,127.2,New York,Not Available,Not Available,2023-04-13T00:00:00.000,Not Available,93245,0.4,Not Available,106.3,Whole Property,110.0,Not Available,Parking,Not Available,0,Ok,Not Available,538.9,Not Available,Yes,0,Not Available,Not Available,Not Available,Not Available,Not Available,90,MANHATTAN,Not Available,Not Available,731733.9,Not Available,7942,Not Available,Not Available
"20 SEAGIRT BLVD, 20-23",Not Available,3,2020-04-16T00:00:00.000,Not Available,29254,Not Available,Not Available,29254,Not Available,19892.2,113.4,Far Rockaway,Not Available,Not Available,2023-04-23T00:00:00.000,Not Available,338713,0.4,Not Available,50.2,Whole Property,,Not Available,Parking,Not Available,0,Ok,Not Available,1878.7,Not Available,No,0,Not Available,Not Available,Not Available,19892.2,Not Available,90,,Not Available,Not Available,147266,Not Available,Not Available,Not Available,Not Available
289 Empire Boulevard,Not Available,1,2015-04-22T00:00:00.000,Not Available,Not Available,Not Available,Not Available,Not Available,Not Available,3332.5,136.6,Brooklyn,Not Available,Not Available,2023-03-09T00:00:00.000,Not Available,75494,0.9,Not Available,127.4,Whole Property,309.0,Not Available,Not Available,Not Available,0,Ok,Not Available,465,Not Available,No,Not Available,Not Available,Not Available,Not Available,3332.5,Not Available,Not Available,BROOKLYN,Not Available,Not Available,258100.8,Not Available,Not Available,Not Available,Not Available
580 St. Nicholas Ave,Not Available,1,2022-03-10T00:00:00.000,Not Available,Not Available,Not Available,Not Available,Not Available,Not Available,Not Available,141.3,New York,Not Available,Not Available,2023-03-24T00:00:00.000,Not Available,60078,0.1,Not Available,65.9,Whole Property,110.0,Not Available,Not Available,Not Available,0,Ok,Not Available,279.8,Not Available,No,Not Available,Not Available,Not Available,Not Available,Not Available,Not Available,Not Available,MANHATTAN,Not Available,Not Available,357395.1,Not Available,Not Available,Not Available,Not Available
2320 Kings Hwy,Not Available,1,2021-04-21T00:00:00.000,Not Available,Not Available,Not Available,Not Available,Not Available,Not Available,2368.3,91.9,Brooklyn,Not Available,Not Available,2023-03-18T00:00:00.000,Not Available,56924,0.6,Not Available,84.6,Whole Property,315.0,Not Available,Not Available,Not Available,0,Ok,Not Available,239.8,Not Available,No,0,Not Available,Not Available,Not Available,2368.3,Not Available,90,BROOKLYN,Not Available,Not Available,112122.3,Not Available,Not Available,Not Available,Not Available
"3110 48 AVENUE, Queens, New York, NY, USA",Not Available,1,2020-05-16T00:00:00.000,Not Available,Not Available,Not Available,Not Available,Not Available,Not Available,357.6,Not Available,New York,Not Available,Not Available,2023-03-21T00:00:00.000,Not Available,Not Available,0,Not Available,60,Whole Property,402.0,Not Available,Not Available,Not Available,0,Ok,Not Available,Not Available,Not Available,No,Not Available,Not Available,Not Available,Not Available,357.6,Not Available,Not Available,QUEENS,Not Available,Not Available,426260.7,Not Available,Not Available,Not Available,Not Available
224 West 30th Street,Not Available,1,2022-03-21T00:00:00.000,Not Available,Not Available,Not Available,Not Available,Not Available,Not Available,2169.4,194,New York,Not Available,Not Available,2023-03-03T00:00:00.000,Not Available,Not Available,0,Not Available,80.8,Whole Property,105.0,Not Available,Not Available,Not Available,0,Ok,Not Available,1177.6,Not Available,No,Not Available,Not Available,Not Available,Not Available,2169.4,Not Available,Not Available,MANHATTAN,Not Available,Not Available,852628.7,Not Available,Not Available,Not Available,Not Available
5-7 Mercer St,Not Available,1,2023-02-01T00:00:00.000,Not Available,Not Available,Not Available,Not Available,Not Available,Not Available,Not Available,118.1,Manhattan,Not Available,Not Available,2023-04-26T00:00:00.000,Not Available,25460,Not Available,Not Available,47.8,Whole Property,102.0,Not Available,Not Available,Not Available,0,Ok,Not Available,90.8,Not Available,Yes,Not Available,Not Available,Not Available,Not Available,Not Available,Not Available,Not Available,MANHATTAN,Not Available,Not Available,127312.3,Not Available,Not Available,Not Available,Not Available
119 Columbia Heights,Not Available,1,2023-02-24T00:00:00.000,Not Available,Not Available,Not Available,Not Available,Not Available,Not Available,101,157.2,Brooklyn,Not Available,Not Available,2023-03-03T00:00:00.000,Not Available,Not Available,47.1,Not Available,97.5,Whole Property,302.0,Not Available,Not Available,Not Available,0,Ok,Not Available,329.6,Not Available,No,Not Available,Not Available,Not Available,Not Available,101,Not Available,Not Available,BROOKLYN,Not Available,Not Available,261199,Not Available,Not Available,Not Available,Not Available
"530 Briar Place,",Not Available,1,2020-04-09T00:00:00.000,Not Available,1125,Not Available,Not Available,1125,Not Available,Not Available,129.7,Queens,Not Available,Not Available,2023-03-10T00:00:00.000,Not Available,44809,100.6,Not Available,147.8,Whole Property,414.0,Not Available,Parking,Not Available,0,Ok,Not Available,259.8,Not Available,No,Not Available,Not Available,Not Available,Not Available,Not Available,Not Available,Not Available,QUEENS,Not Available,Not Available,197738,Not Available,Not Available,Not Available,Not Available
2 West Street,Not Available,1,2022-03-30T00:00:00.000,Not Available,Not Available,Not Available,Not Available,Not Available,Not Available,17311,164.3,New York,Not Available,Not Available,2023-03-10T00:00:00.000,Not Available,253053,64.3,Not Available,126.8,Whole Property,101.0,Not Available,Multifamily Housing,Not Available,0,Ok,Not Available,3769.3,Not Available,No,Not Available,Not Available,Not Available,Not Available,17311,Not Available,Not Available,MANHATTAN,Not Available,Not Available,3488269.7,Not Available,Not Available,Not Available,Not Available
1417 Grand Concourse,Not Available,1,2021-03-22T00:00:00.000,Not Available,Not Available,Not Available,Not Available,Not Available,Not Available,Not Available,120.4,Bronx,Not Available,Not Available,2023-03-10T00:00:00.000,Not Available,33492,4.5,Not Available,43.7,Whole Property,204.0,Not Available,Not Available,Not Available,0,Ok,Not Available,130.4,Not Available,No,0,Not Available,Not Available,Not Available,Not Available,Not Available,Not Available,BRONX,Not Available,Not Available,136743,Not Available,Not Available,Not Available,Not Available
998 Amsterdam Ave,Not Available,1,2023-04-27T00:00:00.000,Not Available,Not Available,Not Available,Not Available,Not Available,Not Available,Not Available,162,New York,Not Available,Not Available,2023-04-27T00:00:00.000,Not Available,16632,0,Not Available,29.1,Whole Property,107.0,Not Available,Not Available,Not Available,0,Ok,Not Available,85.2,Not Available,No,Not Available,Not Available,Not Available,Not Available,Not Available,Not Available,Not Available,MANHATTAN,Not Available,Not Available,47094.6,Not Available,Not Available,Not Available,Not Available
230 East 79th Street,Not Available,1,2020-01-28T00:00:00.000,Not Available,Not Available,Not Available,Not Available,Not Available,Not Available,5013.9,129.9,New York,Not Available,Not Available,2023-03-18T00:00:00.000,Not Available,86731,0,Not Available,149.3,Whole Property,108.0,Not Available,Office,Not Available,0,Ok,Not Available,539,Not Available,No,0,Not Available,Not Available,Not Available,5013.9,Not Available,90,MANHATTAN,Not Available,Not Available,449500.9,Not Available,Not Available,Not Available,Not Available
116 West 29th Street,Not Available,1,2019-11-26T00:00:00.000,Not Available,Not Available,Not Available,Not Available,Not Available,Not Available,Not Available,88.9,New York,Not Available,Not Available,2023-03-18T00:00:00.000,Not Available,74468,0.2,Not Available,43.6,Whole Property,105.0,Not Available,Retail Store,Not Available,0,Ok,Not Available,314.7,Not Available,No,0,Not Available,Not Available,Not Available,Not Available,13900,90,MANHATTAN,Not Available,Not Available,202571.3,Not Available,Not Available,Not Available,Not Available
"39-17 MAIN STREET, 11354",Not Available,1,2022-04-11T00:00:00.000,Not Available,Not Available,Not Available,Not Available,Not Available,Not Available,864.9,138.9,New York,Not Available,Not Available,2023-03-11T00:00:00.000,Not Available,Not Available,0,Not Available,148.6,Whole Property,407.0,Not Available,Not Available,Not Available,0,Ok,Not Available,142.1,Not Available,No,Not Available,Not Available,Not Available,Not Available,864.9,Not Available,Not Available,QUEENS,Not Available,Not Available,401459.9,Not Available,Not Available,Not Available,Not Available
2503 Ocean Avenue,Not Available,1,2022-01-10T00:00:00.000,Not Available,Not Available,Not Available,Not Available,Not Available,Not Available,Not Available,128.5,Brooklyn,Not Available,Not Available,2023-03-03T00:00:00.000,Not Available,29943,49.4,Not Available,95.1,Whole Property,315.0,Not Available,Not Available,Not Available,0,Ok,Not Available,157.9,Not Available,No,0,Not Available,Not Available,Not Available,Not Available,Not Available,Not Available,BROOKLYN,Not Available,Not Available,135759.9,Not Available,Not Available,Not Available,Not Available
37-68 97th Street,Not Available,1,2023-02-06T00:00:00.000,Not Available,Not Available,Not Available,Not Available,Not Available,Not Available,4064.9,115.3,Queens,Not Available,Not Available,2023-03-10T00:00:00.000,Not Available,64200,0.5,Not Available,110.5,Whole Property,403.0,Not Available,Not Available,Not Available,0,Ok,Not Available,333.9,Not Available,No,Not Available,Not Available,Not Available,Not Available,4064.9,Not Available,Not Available,QUEENS,Not Available,Not Available,278308.6,Not Available,Not Available,Not Available,Not Available
215 East 164th Street,Not Available,1,2021-07-28T00:00:00.000,Not Available,Not Available,Not Available,Not Available,Not Available,Not Available,11569.4,108.7,Bronx,Not Available,Not Available,2022-04-07T00:00:00.000,Not Available,135202,Not Available,Not Available,Not Available,Whole Property,204.0,Not Available,Not Available,Not Available,0,Ok,Not Available,635,Not Available,No,Not Available,Not Available,Not Available,Not Available,11569.4,Not Available,Not Available,BRONX,Not Available,Not Available,Not Available,Not Available,Not Available,Not Available,Not Available
480 Nostrand Avenue,Not Available,1,2022-03-24T00:00:00.000,Not Available,Not Available,Not Available,Not Available,Not Available,Not Available,5072.5,129.3,Brooklyn,Not Available,Not Available,2023-03-20T00:00:00.000,Not Available,28500,1,Not Available,145.8,Whole Property,303.0,Not Available,Not Available,Not Available,0,Ok,Not Available,165.8,Not Available,No,3,Not Available,Not Available,Not Available,5072.5,Not Available,Not Available,BROOKLYN,Not Available,Not Available,114216.6,Not Available,Not Available,Not Available,Not Available
2401 Davdison Avenue,Not Available,1,2022-05-09T00:00:00.000,Not Available,Not Available,Not Available,Not Available,Not Available,Not Available,Not Available,115.6,Bronx,Not Available,Not Available,2023-04-25T00:00:00.000,Not Available,63108,Not Available,Not Available,Not Available,Whole Property,,Not Available,Not Available,Not Available,0,Ok,Not Available,312.6,Not Available,No,0,Not Available,Not Available,Not Available,Not Available,Not Available,Not Available,,Not Available,Not Available,Not Available,Not Available,Not Available,Not Available,Not Available
200 East 11 Street,Not Available,1,2023-02-01T00:00:00.000,Not Available,Not Available,Not Available,Not Available,Not Available,Not Available,6791.6,118.2,Manhattan,Not Available,Not Available,2023-03-03T00:00:00.000,Not Available,67227,0.8,Not Available,309.4,Whole Property,103.0,Not Available,Not Available,Not Available,0,Ok,Not Available,282.4,Not Available,No,Not Available,Not Available,Not Available,Not Available,6791.6,Not Available,Not Available,MANHATTAN,Not Available,Not Available,1605334.8,Not Available,Not Available,Not Available,Not Available
260 West 39th Street,Not Available,1,2020-03-18T00:00:00.000,Not Available,Not Available,Not Available,Not Available,Not Available,Not Available,864,178.2,New York,Not Available,Not Available,2023-04-03T00:00:00.000,Not Available,Not Available,0,Not Available,80.6,Whole Property,105.0,Not Available,Retail Store,Not Available,0,Ok,Not Available,1409.1,Not Available,No,Not Available,Not Available,Not Available,Not Available,864,9000,90,MANHATTAN,Not Available,Not Available,802372.3,Not Available,Not Available,Not Available,Not Available
16 West 39th Street,Not Available,1,2023-02-01T00:00:00.000,Not Available,Not Available,Not Available,Not Available,Not Available,Not Available,Not Available,165,Manhattan,Not Available,Not Available,2023-03-03T00:00:00.000,Not Available,Not Available,Not Available,Not Available,90,Whole Property,105.0,Not Available,Not Available,Not Available,0,Ok,Not Available,383.3,Not Available,Yes,Not Available,Not Available,Not Available,Not Available,Not Available,Not Available,Not Available,MANHATTAN,Not Available,Not Available,183335,Not Available,Not Available,Not Available,Not Available
79-06 35 Ave,Not Available,1,2020-03-17T00:00:00.000,Not Available,Not Available,Not Available,Not Available,Not Available,Not Available,5002.6,112.1,Queens,Not Available,Not Available,2023-04-09T00:00:00.000,Not Available,101650,0.5,Not Available,76.5,Whole Property,403.0,Not Available,Not Available,Not Available,0,Ok,Not Available,497.1,Not Available,No,0,Not Available,Not Available,Not Available,5002.6,Not Available,90,QUEENS,Not Available,Not Available,265821.6,Not Available,Not Available,Not Available,Not Available
934 East 181st Street,Not Available,1,2021-03-22T00:00:00.000,Not Available,Not Available,Not Available,Not Available,Not Available,Not Available,3634.5,150.6,Bronx,Not Available,Not Available,2023-03-10T00:00:00.000,Not Available,33996,0.8,Not Available,132.1,Whole Property,206.0,Not Available,Not Available,Not Available,0,Ok,Not Available,216.4,Not Available,No,0,Not Available,Not Available,Not Available,3634.5,Not Available,Not Available,BRONX,Not Available,Not Available,186527.7,Not Available,Not Available,Not Available,Not Available
215 Varick Avenue,Not Available,1,2023-02-16T00:00:00.000,Not Available,Not Available,Not Available,Not Available,Not Available,Not Available,Not Available,Not Available,Brooklyn,Not Available,Not Available,2023-03-03T00:00:00.000,Not Available,Not Available,0.2,Not Available,797.6,Whole Property,301.0,Not Available,Not Available,Not Available,0,Ok,Not Available,Not Available,Not Available,No,Not Available,Not Available,Not Available,Not Available,Not Available,Not Available,Not Available,BROOKLYN,Not Available,Not Available,2194452.8,Not Available,Not Available,Not Available,Not Available
176 Grand Street,Not Available,1,2021-04-09T00:00:00.000,Not Available,Not Available,Not Available,Not Available,Not Available,Not Available,Not Available,157,New York,Not Available,Not Available,2023-03-10T00:00:00.000,Not Available,Not Available,20,Not Available,55.1,Whole Property,102.0,Not Available,Retail Store,Not Available,0,Ok,Not Available,233.4,Not Available,No,Not Available,Not Available,Not Available,Not Available,Not Available,10000,Not Available,MANHATTAN,Not Available,Not Available,141167.5,Not Available,Not Available,Not Available,Not Available
164-20 Highland Avenue,Not Available,1,2016-05-10T00:00:00.000,Not Available,10000,Not Available,Not Available,0,Not Available,8174,148.5,Queens,Not Available,Not Available,2023-03-09T00:00:00.000,Not Available,115312,78.5,Not Available,122.3,Whole Property,408.0,Not Available,Parking,Not Available,0,Ok,Not Available,748.6,Not Available,No,Not Available,Not Available,Not Available,Not Available,8174,Not Available,Not Available,QUEENS,Not Available,Not Available,480743.6,Not Available,Not Available,Not Available,Not Available
556 West 22 Street,Not Available,1,2022-01-31T00:00:00.000,Not Available,Not Available,Not Available,Not Available,Not Available,Not Available,Not Available,129.7,New York,Not Available,Not Available,2023-03-03T00:00:00.000,Not Available,Not Available,23.6,Not Available,171.8,Whole Property,104.0,Not Available,Not Available,Not Available,0,Ok,Not Available,127.2,Not Available,No,Not Available,Not Available,Not Available,Not Available,Not Available,Not Available,Not Available,MANHATTAN,Not Available,Not Available,455381,Not Available,29600,Not Available,Not Available
557 Avenue Z,Not Available,1,2020-03-11T00:00:00.000,Not Available,Not Available,Not Available,Not Available,Not Available,Not Available,6800.5,121,Brooklyn,Not Available,Not Available,2022-07-15T00:00:00.000,Not Available,104261,0.9,Not Available,93.6,Whole Property,313.0,Not Available,Not Available,Not Available,Not Available,Ok,Not Available,649.6,Not Available,No,0,Not Available,Not Available,Not Available,6800.5,Not Available,90,BROOKLYN,Not Available,Not Available,Not Available,Not Available,Not Available,Not Available,Not Available
9602 4 Ave,Not Available,1,2020-03-17T00:00:00.000,Not Available,Not Available,Not Available,Not Available,Not Available,Not Available,5662,124.1,Brooklyn,Not Available,Not Available,2023-03-18T00:00:00.000,Not Available,80918,0.9,Not Available,131.7,Whole Property,310.0,Not Available,Not Available,Not Available,0,Ok,Not Available,451,Not Available,No,0,Not Available,Not Available,Not Available,5662,Not Available,90,BROOKLYN,Not Available,Not Available,288346.1,Not Available,Not Available,Not Available,Not Available
110-21 73 Rd,Not Available,1,2020-03-16T00:00:00.000,Not Available,Not Available,Not Available,Not Available,Not Available,Not Available,2803.7,98.9,Queens,Not Available,Not Available,2023-04-04T00:00:00.000,Not Available,107000,0.6,Not Available,84.2,Whole Property,406.0,Not Available,Not Available,Not Available,0,Ok,Not Available,468.5,Not Available,No,0,Not Available,Not Available,Not Available,2803.7,Not Available,90,QUEENS,Not Available,Not Available,278666.7,Not Available,Not Available,Not Available,Not Available
2120 Atlantic Avenue,Not Available,1,2023-07-11T00:00:00.000,Not Available,Not Available,Not Available,Not Available,Not Available,Not Available,217.7,145.1,Brooklyn,Not Available,Not Available,2023-07-12T00:00:00.000,Not Available,Not Available,0.3,Not Available,133.9,Whole Property,316.0,Not Available,Retail Store,Not Available,0,Ok,Not Available,144.3,Not Available,No,Not Available,Not Available,Not Available,Not Available,217.7,14410,Not Available,BROOKLYN,Not Available,Not Available,315209.3,Not Available,Not Available,Not Available,Not Available
"61-56 SPRINGFIELD BLVD, 11364",Not Available,1,2022-04-07T00:00:00.000,Not Available,Not Available,Not Available,Not Available,Not Available,Not Available,2445.4,115.9,New York,Not Available,Not Available,2023-03-21T00:00:00.000,Not Available,Not Available,0.7,Not Available,248.4,Whole Property,411.0,Not Available,Not Available,Not Available,0,Ok,Not Available,118,Not Available,No,Not Available,Not Available,Not Available,Not Available,2445.4,Not Available,Not Available,QUEENS,Not Available,Not Available,502162.6,Not Available,Not Available,Not Available,Not Available
220 east 134th Street,Not Available,1,2018-04-30T00:00:00.000,Not Available,Not Available,Not Available,Not Available,Not Available,Not Available,Not Available,158.3,Bronx,Not Available,Not Available,2023-02-03T00:00:00.000,1619.8,Not Available,0.3,Not Available,82.4,Whole Property,201.0,Not Available,Not Available,Not Available,0,Ok,Not Available,229.7,Not Available,No,Not Available,Not Available,Not Available,Not Available,1619.8,Not Available,Not Available,BRONX,Not Available,Not Available,223434,Not Available,Not Available,Not Available,Not Available
57 Lincoln Rd,Not Available,1,2020-07-24T00:00:00.000,Not Available,Not Available,Not Available,Not Available,Not Available,Not Available,3476.8,119.5,Brooklyn,Not Available,Not Available,2023-03-06T00:00:00.000,Not Available,83461,0.6,Not Available,106.8,Whole Property,309.0,Not Available,Not Available,Not Available,0,Ok,Not Available,411.8,Not Available,No,0,Not Available,Not Available,Not Available,3476.8,Not Available,Not Available,BROOKLYN,Not Available,Not Available,413565.5,Not Available,Not Available,Not Available,Not Available
40-04 Bowne St,Not Available,1,2020-05-01T00:00:00.000,Not Available,Not Available,Not Available,Not Available,Not Available,Not Available,7692.8,118.1,Queens,Not Available,Not Available,2023-04-14T00:00:00.000,Not Available,82898,0.7,Not Available,117.6,Whole Property,407.0,Not Available,Retail Store,Not Available,0,Ok,Not Available,475,Not Available,No,0,Not Available,Not Available,Not Available,7692.8,9727,Not Available,QUEENS,Not Available,Not Available,381563.6,Not Available,Not Available,Not Available,Not Available
580 Broadway,Not Available,1,2020-03-13T00:00:00.000,Not Available,Not Available,Not Available,Not Available,Not Available,Not Available,Not Available,199.7,New York,Not Available,Not Available,2023-03-18T00:00:00.000,Not Available,Not Available,0,Not Available,103.9,Whole Property,102.0,Not Available,Retail Store,Not Available,0,Ok,Not Available,992.6,Not Available,Yes,Not Available,Not Available,Not Available,Not Available,Not Available,10000,90,MANHATTAN,Not Available,Not Available,1266588.8,Not Available,Not Available,Not Available,Not Available
1777 Ocean Pkwy,Not Available,1,2020-07-24T00:00:00.000,Not Available,Not Available,Not Available,Not Available,Not Available,Not Available,5947.6,116.1,Brooklyn,Not Available,Not Available,2023-03-06T00:00:00.000,Not Available,78750,0.5,Not Available,88.8,Whole Property,315.0,Not Available,Not Available,Not Available,0,Ok,Not Available,390,Not Available,No,0,Not Available,Not Available,Not Available,5947.6,Not Available,Not Available,BROOKLYN,Not Available,Not Available,276435.8,Not Available,Not Available,Not Available,Not Available
36-19 167th Street,Not Available,1,2020-04-20T00:00:00.000,Not Available,Not Available,Not Available,Not Available,Not Available,Not Available,2639.9,108.5,Flushing,Not Available,Not Available,2023-04-08T00:00:00.000,Not Available,75509,0.6,Not Available,95.4,Whole Property,407.0,Not Available,Not Available,Not Available,0,Ok,Not Available,364.2,Not Available,No,0,Not Available,Not Available,Not Available,2639.9,Not Available,90,QUEENS,Not Available,Not Available,215522.7,Not Available,Not Available,Not Available,Not Available
2522 Steinway Street,Not Available,1,2020-07-22T00:00:00.000,Not Available,Not Available,Not Available,Not Available,Not Available,Not Available,Not Available,109.6,Astorai,Not Available,Not Available,2023-03-10T00:00:00.000,Not Available,30132,0.1,Not Available,94,Whole Property,401.0,Not Available,Not Available,Not Available,0,Ok,Not Available,104.7,Not Available,No,0,Not Available,Not Available,Not Available,Not Available,Not Available,Not Available,QUEENS,Not Available,Not Available,273299,Not Available,Not Available,Not Available,Not Available
33-70 Prince Street,Not Available,1,2022-03-22T00:00:00.000,Not Available,Not Available,Not Available,Not Available,Not Available,Not Available,3239.8,150.4,Queens,Not Available,Not Available,2023-03-06T00:00:00.000,Not Available,Not Available,36.7,Not Available,87.1,Whole Property,407.0,Not Available,Not Available,Not Available,0,Ok,Not Available,529.4,Not Available,No,Not Available,Not Available,Not Available,Not Available,3239.8,Not Available,Not Available,QUEENS,Not Available,Not Available,456942.2,Not Available,Not Available,Not Available,Not Available
5828 44th Avenue,Not Available,1,2022-03-24T00:00:00.000,Not Available,8750,Not Available,Not Available,8750,Not Available,3597,111.7,Queens,Not Available,Not Available,2023-03-11T00:00:00.000,Not Available,89008,0.4,Not Available,96.1,Whole Property,402.0,Not Available,Parking,Not Available,0,Ok,Not Available,396.4,Not Available,No,0,Not Available,Not Available,Not Available,3597,5000,Not Available,QUEENS,Not Available,Not Available,581937.3,Not Available,Not Available,Not Available,Not Available
1016 Bryant Avenue,Not Available,1,2022-05-18T00:00:00.000,Not Available,Not Available,Not Available,Not Available,Not Available,Not Available,3851.7,146.2,Bronx,Not Available,Not Available,2023-03-03T00:00:00.000,Not Available,36445,0.1,Not Available,150,Whole Property,202.0,Not Available,Not Available,Not Available,0,Ok,Not Available,295.7,Not Available,No,Not Available,Not Available,Not Available,Not Available,3851.7,Not Available,Not Available,BRONX,Not Available,Not Available,217097.9,Not Available,Not Available,Not Available,Not Available
142-10 Hoover Avenue,Not Available,1,2022-05-23T00:00:00.000,Not Available,9600,Not Available,Not Available,9600,Not Available,6943.2,120.1,Queens,Not Available,Not Available,2023-04-07T00:00:00.000,Not Available,115419,0.6,Not Available,105.4,Whole Property,408.0,Not Available,Parking,Not Available,0,Ok,Not Available,608.6,Not Available,No,0,Not Available,Not Available,Not Available,6943.2,Not Available,90,QUEENS,Not Available,Not Available,466582.6,Not Available,Not Available,Not Available,Not Available
1412 Ocean Avenue,Not Available,1,2022-05-23T00:00:00.000,Not Available,Not Available,Not Available,Not Available,Not Available,Not Available,2157.4,102.8,Brooklyn,Not Available,Not Available,2023-04-14T00:00:00.000,Not Available,70780,0.5,Not Available,79.6,Whole Property,314.0,Not Available,Not Available,Not Available,0,Ok,Not Available,322.8,Not Available,No,0,Not Available,Not Available,Not Available,2157.4,Not Available,90,BROOKLYN,Not Available,Not Available,173691,Not Available,Not Available,Not Available,Not Available
60 Turner Place,Not Available,1,2019-05-18T00:00:00.000,Not Available,9360,Not Available,Not Available,9360,Not Available,4329.7,118.1,Brooklyn,Not Available,Not Available,2022-08-30T00:00:00.000,Not Available,158789,0.5,Not Available,Not Available,Whole Property,314.0,Not Available,Parking,Not Available,Not Available,Possible Issue,Not Available,591,Not Available,No,0,Not Available,Not Available,Not Available,4329.7,Not Available,90,BROOKLYN,Not Available,Not Available,Not Available,Not Available,Not Available,Not Available,Not Available
600-614 W 181 St,Not Available,1,2020-03-12T00:00:00.000,Not Available,Not Available,Not Available,Not Available,Not Available,Not Available,Not Available,160.9,New York,Not Available,Not Available,2023-03-24T00:00:00.000,Not Available,Not Available,0.2,Not Available,224.8,Whole Property,112.0,Not Available,Not Available,Not Available,0,Ok,Not Available,294.9,Not Available,No,Not Available,Not Available,Not Available,Not Available,Not Available,56897,90,MANHATTAN,Not Available,Not Available,1206641.9,Not Available,Not Available,Not Available,Not Available
1245 EASTERN PARKWAY,Not Available,1,2020-03-09T00:00:00.000,Not Available,Not Available,Not Available,Not Available,Not Available,Not Available,9797.2,126.9,Brooklyn,Not Available,Not Available,2023-03-06T00:00:00.000,Not Available,95739,0.3,Not Available,66.6,Whole Property,308.0,Not Available,Not Available,Not Available,0,Ok,Not Available,492.2,Not Available,No,0,Not Available,Not Available,Not Available,9797.2,Not Available,Not Available,BROOKLYN,Not Available,Not Available,321016.7,Not Available,Not Available,Not Available,Not Available
"20 SEAGIRT BLVD, 20 04",Not Available,6,2023-04-20T00:00:00.000,Not Available,22972,Not Available,Not Available,22972,Not Available,10135.4,123.5,Far Rockaway,Not Available,Not Available,2023-04-23T00:00:00.000,Not Available,265000,0.5,Not Available,58.4,Whole Property,,Not Available,Parking,Not Available,0,Ok,Not Available,1582.1,Not Available,No,0,Not Available,Not Available,Not Available,10135.4,Not Available,90,,Not Available,Not Available,256000,Not Available,Not Available,Not Available,Not Available
57 Willoughby Street,Not Available,1,2022-12-19T00:00:00.000,Not Available,Not Available,Not Available,Not Available,Not Available,Not Available,Not Available,194,Brooklyn,Not Available,Not Available,2023-03-08T00:00:00.000,Not Available,Not Available,0.3,Not Available,98.7,Whole Property,302.0,Not Available,Not Available,Not Available,0,Ok,Not Available,745.3,Not Available,No,Not Available,Not Available,Not Available,Not Available,Not Available,Not Available,Not Available,BROOKLYN,Not Available,Not Available,715463.3,Not Available,Not Available,Not Available,Not Available
4910 17th Avenue,Not Available,1,2020-03-13T00:00:00.000,Not Available,Not Available,Not Available,Not Available,Not Available,Not Available,3667,107.8,Brooklyn,Not Available,Not Available,2023-04-14T00:00:00.000,Not Available,70620,0.7,Not Available,119.6,Whole Property,312.0,Not Available,Not Available,Not Available,0,Ok,Not Available,328.2,Not Available,No,0,Not Available,Not Available,Not Available,3667,Not Available,90,BROOKLYN,Not Available,Not Available,306189.4,Not Available,Not Available,Not Available,Not Available
1225 Avenue R,Not Available,1,2022-05-23T00:00:00.000,Not Available,Not Available,Not Available,Not Available,Not Available,Not Available,2933,107.7,Brooklyn,Not Available,Not Available,2023-04-14T00:00:00.000,Not Available,74900,0.6,Not Available,86.3,Whole Property,315.0,Not Available,Not Available,Not Available,0,Ok,Not Available,359.2,Not Available,No,0,Not Available,Not Available,Not Available,2933,Not Available,90,BROOKLYN,Not Available,Not Available,193344.2,Not Available,Not Available,Not Available,Not Available
402 Ocean Pkwy,Not Available,1,2021-04-19T00:00:00.000,Not Available,Not Available,Not Available,Not Available,Not Available,Not Available,3817.2,122.9,Brooklyn,Not Available,Not Available,2023-04-10T00:00:00.000,Not Available,55051,0.7,Not Available,107,Whole Property,312.0,Not Available,Not Available,Not Available,0,Ok,Not Available,301.5,Not Available,No,8,Not Available,Not Available,Not Available,3817.2,Not Available,90,BROOKLYN,Not Available,Not Available,169412.7,Not Available,Not Available,Not Available,Not Available
3660 Broadway,Not Available,1,2022-02-02T00:00:00.000,Not Available,Not Available,Not Available,Not Available,Not Available,Not Available,500.8,121.9,New York,Not Available,Not Available,2023-04-26T00:00:00.000,Not Available,71112,0.9,Not Available,142.6,Whole Property,109.0,Not Available,Not Available,Not Available,0,Ok,Not Available,375.6,Not Available,Yes,Not Available,Not Available,Not Available,Not Available,500.8,Not Available,Not Available,MANHATTAN,Not Available,Not Available,365903.1,Not Available,Not Available,Not Available,Not Available
1215 Union Ave,Not Available,1,2022-05-18T00:00:00.000,Not Available,Not Available,Not Available,Not Available,Not Available,Not Available,2647.4,128.1,Bronx,Not Available,Not Available,2023-03-03T00:00:00.000,Not Available,26572,1,Not Available,156.1,Whole Property,203.0,Not Available,Not Available,Not Available,0,Ok,Not Available,151,Not Available,No,Not Available,Not Available,Not Available,Not Available,2647.4,Not Available,Not Available,BRONX,Not Available,Not Available,128629.8,Not Available,Not Available,Not Available,Not Available
41-11 elbertson street,Not Available,3,2016-05-10T00:00:00.000,Not Available,6000,Not Available,Not Available,6000,Not Available,19203.2,100.6,queens,Not Available,Not Available,2023-03-09T00:00:00.000,Not Available,144000,61.1,Not Available,99.8,Whole Property,404.0,Not Available,Parking,Not Available,0,Ok,Not Available,623.3,Not Available,No,Not Available,Not Available,Not Available,Not Available,19203.2,Not Available,Not Available,QUEENS,Not Available,Not Available,537177.1,Not Available,Not Available,Not Available,Not Available
60 Monitor Street,Not Available,1,2021-10-08T00:00:00.000,Not Available,Not Available,Not Available,Not Available,Not Available,Not Available,1353.7,123.1,Brooklyn,Not Available,Not Available,2023-03-03T00:00:00.000,Not Available,29825,0.4,Not Available,92.8,Whole Property,301.0,Not Available,Not Available,Not Available,0,Ok,Not Available,144,Not Available,No,30,Not Available,Not Available,Not Available,1353.7,Not Available,Not Available,BROOKLYN,Not Available,Not Available,157851.4,Not Available,Not Available,Not Available,Not Available
133 Clarke Place East,Not Available,1,2022-05-17T00:00:00.000,Not Available,Not Available,Not Available,Not Available,Not Available,Not Available,8659.4,135.6,Bronx,Not Available,Not Available,2023-03-03T00:00:00.000,Not Available,44643,1.1,Not Available,158.1,Whole Property,204.0,Not Available,Not Available,Not Available,0,Ok,Not Available,268,Not Available,No,Not Available,Not Available,Not Available,Not Available,8659.4,Not Available,Not Available,BRONX,Not Available,Not Available,221766.2,Not Available,Not Available,Not Available,Not Available
740 West End Avenue,Not Available,1,2014-08-05T00:00:00.000,Not Available,Not Available,Not Available,Not Available,Not Available,Not Available,Not Available,122.4,New York,Not Available,Not Available,2023-04-20T00:00:00.000,Not Available,145497,Not Available,Not Available,Not Available,Whole Property,107.0,Not Available,Not Available,Not Available,0,Ok,Not Available,743.9,Not Available,No,Not Available,Not Available,Not Available,Not Available,Not Available,Not Available,Not Available,MANHATTAN,Not Available,Not Available,Not Available,Not Available,Not Available,Not Available,Not Available
"144-31 41st Avenue,",Not Available,1,2020-03-12T00:00:00.000,Not Available,Not Available,Not Available,Not Available,Not Available,Not Available,7033.2,112.1,Queens,Not Available,Not Available,2023-04-11T00:00:00.000,Not Available,111062,0.7,Not Available,100.1,Whole Property,407.0,Not Available,Not Available,Not Available,0,Ok,Not Available,550.9,Not Available,No,0,Not Available,Not Available,Not Available,7033.2,Not Available,90,QUEENS,Not Available,Not Available,346310.8,Not Available,Not Available,Not Available,Not Available
320 Pearl Street,Not Available,1,2018-10-04T00:00:00.000,Not Available,Not Available,Not Available,Not Available,Not Available,Not Available,2898,196,Seaport,Not Available,Not Available,2023-02-15T00:00:00.000,Not Available,Not Available,0.3,Not Available,172,Whole Property,101.0,Not Available,Not Available,Not Available,0,Ok,Not Available,182.5,Not Available,No,Not Available,Not Available,Not Available,Not Available,2898,Not Available,Not Available,MANHATTAN,Not Available,Not Available,406354.4,Not Available,Not Available,Not Available,Not Available
34-35 76th Street,Not Available,1,2022-05-23T00:00:00.000,Not Available,Not Available,Not Available,Not Available,Not Available,Not Available,6034.5,110.7,Jackson Heights,Not Available,Not Available,2023-03-18T00:00:00.000,Not Available,133322,0.6,Not Available,95,Whole Property,403.0,Not Available,Not Available,Not Available,0,Ok,Not Available,666.5,Not Available,No,0,Not Available,Not Available,Not Available,6034.5,Not Available,90,QUEENS,Not Available,Not Available,425425.6,Not Available,Not Available,Not Available,Not Available
2245 E. 19th Street,Not Available,1,2014-08-05T00:00:00.000,Not Available,Not Available,Not Available,Not Available,Not Available,Not Available,2577.8,107.2,Brooklyn,Not Available,Not Available,2023-03-08T00:00:00.000,Not Available,84000,0.6,Not Available,81.6,Whole Property,315.0,Not Available,Not Available,Not Available,0,Ok,Not Available,403,Not Available,No,0,Not Available,Not Available,Not Available,2577.8,Not Available,Not Available,BROOKLYN,Not Available,Not Available,195442.3,Not Available,Not Available,Not Available,Not Available
1180 Ocean Parkway,Not Available,1,2020-03-12T00:00:00.000,Not Available,Not Available,Not Available,Not Available,Not Available,Not Available,Not Available,124.1,Brooklyn,Not Available,Not Available,2023-03-18T00:00:00.000,Not Available,98708,0.9,Not Available,128,Whole Property,312.0,Not Available,Not Available,Not Available,0,Ok,Not Available,546.9,Not Available,No,0,Not Available,Not Available,Not Available,Not Available,Not Available,90,BROOKLYN,Not Available,Not Available,369521.7,Not Available,Not Available,Not Available,Not Available
2830 Morris Avenue,Not Available,1,2020-04-20T00:00:00.000,Not Available,Not Available,Not Available,Not Available,Not Available,Not Available,5615.6,113.1,Bronx,Not Available,Not Available,2023-04-12T00:00:00.000,Not Available,61323,0,Not Available,115.2,Whole Property,207.0,Not Available,Not Available,Not Available,0,Ok,Not Available,423.9,Not Available,No,0,Not Available,Not Available,Not Available,5615.6,Not Available,90,BRONX,Not Available,Not Available,199196.2,Not Available,Not Available,Not Available,Not Available
2321 Belmont Avenue,Not Available,1,2021-10-04T00:00:00.000,Not Available,Not Available,Not Available,Not Available,Not Available,Not Available,Not Available,130.7,Bronx,Not Available,Not Available,2023-03-03T00:00:00.000,Not Available,33690,0,Not Available,32.1,Whole Property,206.0,Not Available,Office,Not Available,0,Ok,Not Available,147.8,Not Available,No,Not Available,Not Available,Not Available,Not Available,Not Available,Not Available,Not Available,BRONX,Not Available,Not Available,114447,Not Available,Not Available,Not Available,Not Available
138-10 Franklin Ave,Not Available,1,2019-05-27T00:00:00.000,Not Available,7800,Not Available,Not Available,7800,Not Available,14205.5,107.8,Queens,Not Available,Not Available,2023-04-09T00:00:00.000,Not Available,233437,0.8,Not Available,115.9,Whole Property,407.0,Not Available,Parking,Not Available,0,Ok,Not Available,1131.2,Not Available,No,0,Not Available,Not Available,Not Available,14205.5,Not Available,90,QUEENS,Not Available,Not Available,750034.6,Not Available,Not Available,Not Available,Not Available
62-60 99th Street,Not Available,1,2023-04-14T00:00:00.000,Not Available,30000,Not Available,Not Available,30000,Not Available,57.6,119.7,Queens,Not Available,Not Available,2023-03-11T00:00:00.000,Not Available,473000,0.7,Not Available,114.6,Whole Property,406.0,Not Available,Parking,Not Available,0,Ok,Not Available,2475.8,Not Available,No,0,Not Available,Not Available,Not Available,57.6,Not Available,Not Available,QUEENS,Not Available,Not Available,1828538.1,Not Available,Not Available,Not Available,Not Available
247 East 28th Street,Not Available,1,2022-04-11T00:00:00.000,Not Available,Not Available,Not Available,Not Available,Not Available,Not Available,4827.2,128.6,New York,Not Available,Not Available,2023-03-03T00:00:00.000,Not Available,108614,38.6,Not Available,124.4,Whole Property,106.0,Not Available,Not Available,Not Available,0,Ok,Not Available,579.2,Not Available,No,Not Available,Not Available,Not Available,Not Available,4827.2,Not Available,Not Available,MANHATTAN,Not Available,Not Available,793563.4,Not Available,Not Available,Not Available,Not Available
924 Metropolitan Ave,Not Available,1,2020-07-31T00:00:00.000,Not Available,Not Available,Not Available,Not Available,Not Available,Not Available,873.8,132.5,Brooklyn,Not Available,Not Available,2023-03-10T00:00:00.000,Not Available,25085,0.7,Not Available,121.4,Whole Property,301.0,Not Available,Not Available,Not Available,0,Ok,Not Available,137.9,Not Available,No,0,Not Available,Not Available,Not Available,873.8,Not Available,Not Available,BROOKLYN,Not Available,Not Available,136468.4,Not Available,Not Available,Not Available,Not Available
384 5th Avenue,Not Available,1,2020-01-29T00:00:00.000,Not Available,Not Available,Not Available,Not Available,Not Available,Not Available,Not Available,142.7,New York,Not Available,Not Available,2023-03-10T00:00:00.000,Not Available,Not Available,0,Not Available,54.2,Whole Property,105.0,Not Available,Not Available,Not Available,0,Ok,Not Available,120.8,Not Available,No,Not Available,Not Available,Not Available,Not Available,Not Available,Not Available,Not Available,MANHATTAN,Not Available,Not Available,158508,Not Available,Not Available,Not Available,Not Available
112-41 72nd Road,Not Available,1,2022-05-23T00:00:00.000,Not Available,Not Available,Not Available,Not Available,Not Available,Not Available,2461.8,111.5,Forest Hills,Not Available,Not Available,2023-04-24T00:00:00.000,Not Available,64339,0.6,Not Available,96.7,Whole Property,406.0,Not Available,Not Available,Not Available,0,Ok,Not Available,308.3,Not Available,No,0,Not Available,Not Available,Not Available,2461.8,Not Available,90,QUEENS,Not Available,Not Available,234042.6,Not Available,Not Available,Not Available,Not Available
172-90 Highland Ave,Not Available,1,2020-04-12T00:00:00.000,Not Available,Not Available,Not Available,Not Available,Not Available,Not Available,3751,118.1,Jamaica,Not Available,Not Available,2023-04-08T00:00:00.000,Not Available,93173,0.5,Not Available,82.3,Whole Property,408.0,Not Available,Office,Not Available,0,Ok,Not Available,502.7,Not Available,Yes,0,Not Available,Not Available,Not Available,3751,Not Available,90,QUEENS,Not Available,Not Available,279417.9,0,Not Available,Not Available,Not Available
242 West 38th Street,Not Available,1,2022-12-19T00:00:00.000,Not Available,Not Available,Not Available,Not Available,Not Available,Not Available,569.3,163,New York,Not Available,Not Available,2023-03-03T00:00:00.000,Not Available,Not Available,0.2,Not Available,69.5,Whole Property,105.0,Not Available,Not Available,Not Available,0,Ok,Not Available,282.3,Not Available,Yes,Not Available,Not Available,Not Available,Not Available,569.3,Not Available,Not Available,MANHATTAN,Not Available,Not Available,240775,Not Available,Not Available,Not Available,Not Available
28-66 College Point Blvd,Not Available,1,2023-04-18T00:00:00.000,Not Available,Not Available,Not Available,Not Available,Not Available,Not Available,2992.9,306.5,Queens,Not Available,Not Available,2023-04-25T00:00:00.000,Not Available,Not Available,1.3,Not Available,721.5,Whole Property,407.0,Not Available,Not Available,Not Available,0,Ok,Not Available,77.3,Not Available,No,Not Available,Not Available,Not Available,Not Available,2992.9,Not Available,Not Available,QUEENS,Not Available,Not Available,449724.9,Not Available,Not Available,Not Available,Not Available
1159 Brighton Beach Avenue,Not Available,1,2021-04-22T00:00:00.000,Not Available,Not Available,Not Available,Not Available,Not Available,Not Available,3949,112.8,Brooklyn,Not Available,Not Available,2023-04-14T00:00:00.000,Not Available,62060,0.8,Not Available,107.8,Whole Property,313.0,Not Available,Not Available,Not Available,0,Ok,Not Available,315.4,Not Available,No,0,Not Available,Not Available,Not Available,3949,Not Available,90,BROOKLYN,Not Available,Not Available,177234.8,Not Available,Not Available,Not Available,Not Available
70-10 74th Street,Not Available,1,2021-05-28T00:00:00.000,Not Available,Not Available,Not Available,Not Available,Not Available,Not Available,Not Available,74,Middle Village,Not Available,Not Available,2023-03-10T00:00:00.000,Not Available,Not Available,0.6,Not Available,137.9,Whole Property,405.0,Not Available,Not Available,Not Available,0,Ok,Not Available,168.4,Not Available,No,Not Available,Not Available,Not Available,Not Available,Not Available,Not Available,Not Available,QUEENS,Not Available,Not Available,433626,Not Available,Not Available,Not Available,Not Available
8-18 Queens Plaza South,Not Available,2,2022-12-20T00:00:00.000,Not Available,5000,Not Available,Not Available,0,Not Available,7036.1,272.8,Queens,Not Available,Not Available,,Not Available,Not Available,0.4,Not Available,195.9,Whole Property,402.0,Not Available,Parking,Not Available,0,Ok,Not Available,914.4,Not Available,No,Not Available,Not Available,Not Available,Not Available,7036.1,Not Available,Not Available,QUEENS,Not Available,Not Available,1605505.7,Not Available,Not Available,Not Available,Not Available
990 Aldus Street,Not Available,1,2022-05-18T00:00:00.000,Not Available,Not Available,Not Available,Not Available,Not Available,Not Available,5647.8,125.7,Bronx,Not Available,Not Available,2023-03-03T00:00:00.000,Not Available,45000,0.1,Not Available,138.7,Whole Property,202.0,Not Available,Not Available,Not Available,0,Ok,Not Available,314.8,Not Available,No,Not Available,Not Available,Not Available,Not Available,5647.8,Not Available,Not Available,BRONX,Not Available,Not Available,240152.6,Not Available,Not Available,Not Available,Not Available
1250 Ocean Parkway,Not Available,1,2020-03-12T00:00:00.000,Not Available,Not Available,Not Available,Not Available,Not Available,Not Available,3376.6,112.2,Brooklyn,Not Available,Not Available,2023-04-08T00:00:00.000,Not Available,110129,0.7,Not Available,104.4,Whole Property,312.0,Not Available,Not Available,Not Available,0,Ok,Not Available,539.9,Not Available,No,0,Not Available,Not Available,Not Available,3376.6,Not Available,90,BROOKLYN,Not Available,Not Available,393754.1,Not Available,Not Available,Not Available,Not Available
143 Roebling Street,Not Available,4,2023-02-02T00:00:00.000,Not Available,Not Available,Not Available,Not Available,Not Available,Not Available,Not Available,116.2,Brooklyn,Not Available,Not Available,,Not Available,104661,Not Available,Not Available,17.3,Whole Property,301.0,Not Available,Not Available,Not Available,0,Ok,Not Available,367.4,Not Available,No,Not Available,Not Available,Not Available,Not Available,Not Available,Not Available,Not Available,BROOKLYN,Not Available,Not Available,189130.6,Not Available,Not Available,Not Available,Not Available
4601 Henry Hudson Parkway,Not Available,1,2020-02-26T00:00:00.000,Not Available,4625,Not Available,Not Available,4625,Not Available,Not Available,117.6,Bronx,Not Available,Not Available,2023-03-09T00:00:00.000,Not Available,57250,67.6,Not Available,107.1,Whole Property,208.0,Not Available,Medical Office,Not Available,0,Ok,Not Available,322.8,Not Available,No,Not Available,Not Available,Not Available,Not Available,Not Available,Not Available,Not Available,BRONX,Not Available,Not Available,238755.5,0,Not Available,Not Available,Not Available
166-05 89 Ave,Not Available,1,2022-04-07T00:00:00.000,Not Available,Not Available,Not Available,Not Available,Not Available,Not Available,Not Available,121.9,Jamaica,Not Available,Not Available,2023-03-03T00:00:00.000,Not Available,56200,90.7,Not Available,137.2,Whole Property,412.0,Not Available,Not Available,Not Available,0,Ok,Not Available,312.8,Not Available,No,Not Available,Not Available,Not Available,Not Available,Not Available,Not Available,Not Available,QUEENS,Not Available,Not Available,220329.5,Not Available,Not Available,Not Available,Not Available
200 Boscombe Avenue,Not Available,1,2022-02-16T00:00:00.000,Not Available,Not Available,Not Available,Not Available,Not Available,Not Available,1325.9,98.8,Staten Island,Not Available,Not Available,2023-03-08T00:00:00.000,Not Available,Not Available,38,Not Available,65.1,Whole Property,503.0,Not Available,K-12 School,Not Available,422397,Ok,Not Available,244.3,Not Available,No,Not Available,Not Available,Not Available,Not Available,1325.9,Not Available,Not Available,STATEN IS,Not Available,Not Available,462035.2,Not Available,10000,Not Available,100
110 Meisner Avenue,Not Available,1,2023-06-19T00:00:00.000,Not Available,Not Available,Not Available,Not Available,Not Available,Not Available,1483.9,138.3,Staten Island,Not Available,Not Available,2023-06-20T00:00:00.000,Not Available,Not Available,0.8,Not Available,179.1,Whole Property,502.0,Not Available,Not Available,Not Available,0,Ok,Not Available,294.2,Not Available,No,Not Available,Not Available,Not Available,Not Available,1483.9,Not Available,Not Available,STATEN IS,Not Available,Not Available,516930,Not Available,Not Available,Not Available,Not Available
917 Ogden Avenue,Not Available,1,2018-03-09T00:00:00.000,Not Available,Not Available,Not Available,Not Available,Not Available,Not Available,Not Available,110.3,Bronx,Not Available,Not Available,2023-04-25T00:00:00.000,Not Available,36888,Not Available,Not Available,Not Available,Whole Property,204.0,Not Available,Not Available,Not Available,0,Ok,Not Available,175.7,Not Available,No,Not Available,Not Available,Not Available,Not Available,Not Available,Not Available,Not Available,BRONX,Not Available,Not Available,Not Available,Not Available,Not Available,Not Available,Not Available
57-54 Page Place,Not Available,1,2022-09-26T00:00:00.000,Not Available,Not Available,Not Available,Not Available,Not Available,Not Available,739.6,122.5,Maspeth,Not Available,Not Available,2023-03-03T00:00:00.000,Not Available,Not Available,94.9,Not Available,136.5,Whole Property,405.0,Not Available,Not Available,Not Available,0,Ok,Not Available,313.2,Not Available,No,Not Available,Not Available,Not Available,Not Available,739.6,Not Available,Not Available,QUEENS,Not Available,Not Available,219908,Not Available,Not Available,Not Available,Not Available
40-45 elbertson street,Not Available,3,2021-03-03T00:00:00.000,Not Available,14000,Not Available,Not Available,14000,Not Available,22325.8,130.9,queens,Not Available,Not Available,2023-03-09T00:00:00.000,Not Available,203000,30.9,Not Available,73.2,Whole Property,404.0,Not Available,Parking,Not Available,0,Ok,Not Available,1035.1,Not Available,No,Not Available,Not Available,Not Available,Not Available,22325.8,Not Available,Not Available,QUEENS,Not Available,Not Available,865260.8,Not Available,Not Available,Not Available,Not Available
1957 Bronxdale Ave.,Not Available,1,2020-05-01T00:00:00.000,Not Available,Not Available,Not Available,Not Available,Not Available,Not Available,7212.1,91.9,Bronx,Not Available,Not Available,2023-03-18T00:00:00.000,Not Available,96300,0.8,Not Available,115.7,Whole Property,211.0,Not Available,Not Available,Not Available,0,Ok,Not Available,389.2,Not Available,No,9,Not Available,Not Available,Not Available,7212.1,Not Available,90,BRONX,Not Available,Not Available,362267.9,Not Available,Not Available,Not Available,Not Available
225 West 123rd St,Not Available,1,2023-04-18T00:00:00.000,Not Available,Not Available,Not Available,Not Available,Not Available,Not Available,Not Available,101.8,Manhattan,Not Available,Not Available,2023-03-03T00:00:00.000,Not Available,98955,1.4,Not Available,194.6,Whole Property,110.0,Not Available,Not Available,Not Available,0,Ok,Not Available,454.9,Not Available,No,Not Available,Not Available,Not Available,Not Available,Not Available,Not Available,Not Available,MANHATTAN,Not Available,Not Available,522691.3,Not Available,Not Available,Not Available,Not Available
1166 Manhattan Ave,Not Available,2,2022-01-21T00:00:00.000,Not Available,Not Available,Not Available,Not Available,Not Available,Not Available,362.3,116.4,Brooklyn,Not Available,Not Available,2023-03-03T00:00:00.000,Not Available,3600,3.8,Not Available,78.2,Whole Property,301.0,Not Available,Multifamily Housing,Not Available,0,Ok,Not Available,156.6,Not Available,No,Not Available,Not Available,Not Available,Not Available,362.3,Not Available,Not Available,BROOKLYN,Not Available,Not Available,334590,Not Available,Not Available,Not Available,Not Available
573 Emerald St,Not Available,1,2023-04-28T00:00:00.000,Not Available,29346,Not Available,Not Available,29346,Not Available,Not Available,137.5,Brooklyn,Not Available,Not Available,2023-04-28T00:00:00.000,Not Available,141799,Not Available,Not Available,18.7,Whole Property,305.0,Not Available,Parking,Not Available,0,Ok,Not Available,588.9,Not Available,No,Not Available,Not Available,Not Available,Not Available,Not Available,Not Available,Not Available,BROOKLYN,Not Available,Not Available,277052.1,Not Available,Not Available,Not Available,Not Available
181 CLARKSON AVE,Not Available,1,2020-03-09T00:00:00.000,Not Available,Not Available,Not Available,Not Available,Not Available,Not Available,6027.8,116,Brooklyn,Not Available,Not Available,2023-03-06T00:00:00.000,Not Available,62100,0.6,Not Available,87,Whole Property,309.0,Not Available,Not Available,Not Available,0,Ok,Not Available,325.5,Not Available,No,5,Not Available,Not Available,Not Available,6027.8,Not Available,Not Available,BROOKLYN,Not Available,Not Available,141344.3,Not Available,Not Available,Not Available,Not Available
302 Sheffield Ave.,Not Available,1,2022-03-28T00:00:00.000,Not Available,Not Available,Not Available,Not Available,Not Available,Not Available,Not Available,112,Brooklyn,Not Available,Not Available,2023-03-03T00:00:00.000,Not Available,Not Available,16.7,Not Available,66.1,Whole Property,305.0,Not Available,Not Available,Not Available,0,Ok,Not Available,105.3,Not Available,No,Not Available,Not Available,Not Available,Not Available,Not Available,Not Available,Not Available,BROOKLYN,Not Available,Not Available,134844,Not Available,Not Available,Not Available,Not Available
209 AVENUE P,Not Available,1,2022-05-09T00:00:00.000,Not Available,Not Available,Not Available,Not Available,Not Available,Not Available,4257.2,117.8,Brooklyn,Not Available,Not Available,2023-03-06T00:00:00.000,Not Available,77970,0.8,Not Available,105.5,Whole Property,311.0,Not Available,Not Available,Not Available,0,Ok,Not Available,417.9,Not Available,No,0,Not Available,Not Available,Not Available,4257.2,Not Available,Not Available,BROOKLYN,Not Available,Not Available,197648,Not Available,Not Available,Not Available,Not Available
415 West 150th Street,Not Available,1,2023-02-01T00:00:00.000,Not Available,Not Available,Not Available,Not Available,Not Available,Not Available,693.3,118.1,Manhattan,Not Available,Not Available,2023-03-03T00:00:00.000,Not Available,29529,0.3,Not Available,97.1,Whole Property,109.0,Not Available,Not Available,Not Available,0,Ok,Not Available,128.2,Not Available,No,Not Available,Not Available,Not Available,Not Available,693.3,Not Available,Not Available,MANHATTAN,Not Available,Not Available,201790,Not Available,Not Available,Not Available,Not Available
1010 Bryant Avenue,Not Available,1,2022-05-18T00:00:00.000,Not Available,Not Available,Not Available,Not Available,Not Available,Not Available,7453.2,144.8,Bronx,Not Available,Not Available,2023-03-03T00:00:00.000,Not Available,46030,0.1,Not Available,142.5,Whole Property,202.0,Not Available,Not Available,Not Available,0,Ok,Not Available,368.3,Not Available,No,Not Available,Not Available,Not Available,Not Available,7453.2,Not Available,Not Available,BRONX,Not Available,Not Available,259943.9,Not Available,Not Available,Not Available,Not Available
1543 East 19th Street,Not Available,1,2022-04-26T00:00:00.000,Not Available,Not Available,Not Available,Not Available,Not Available,Not Available,Not Available,112.7,Brooklyn,Not Available,Not Available,2023-03-03T00:00:00.000,Not Available,67810,2,Not Available,59.1,Whole Property,314.0,Not Available,Not Available,Not Available,0,Ok,Not Available,236.1,Not Available,No,Not Available,Not Available,Not Available,Not Available,Not Available,Not Available,Not Available,BROOKLYN,Not Available,Not Available,404188.3,Not Available,Not Available,Not Available,Not Available
30-47 29th Street,Not Available,1,2023-03-14T00:00:00.000,Not Available,Not Available,Not Available,Not Available,Not Available,Not Available,1345,147.7,Queens,Not Available,Not Available,2023-03-03T00:00:00.000,Not Available,34500,80.8,Not Available,113,Whole Property,401.0,Not Available,Not Available,Not Available,0,Ok,Not Available,230.1,Not Available,No,Not Available,Not Available,Not Available,Not Available,1345,Not Available,Not Available,QUEENS,Not Available,Not Available,101521.8,Not Available,Not Available,Not Available,Not Available
37-05 30th St,Not Available,1,2023-04-24T00:00:00.000,Not Available,Not Available,Not Available,Not Available,Not Available,Not Available,Not Available,124.8,Queens,Not Available,Not Available,2023-04-12T00:00:00.000,Not Available,166738,Not Available,Not Available,60.2,Whole Property,401.0,Not Available,Other - Utility,Not Available,0,Ok,Not Available,789.3,Not Available,No,Not Available,Not Available,Not Available,Not Available,Not Available,11022,Not Available,QUEENS,Not Available,Not Available,1319147.8,Not Available,Not Available,Not Available,Not Available
5-11 Windham Loop,Not Available,1,2023-03-31T00:00:00.000,Not Available,Not Available,Not Available,Not Available,Not Available,Not Available,6251.6,125.1,Staten Island,Not Available,Not Available,2023-04-05T00:00:00.000,Not Available,176455,0,Not Available,111.8,Whole Property,502.0,Not Available,Not Available,Not Available,0,Ok,Not Available,669.7,Not Available,No,Not Available,Not Available,Not Available,Not Available,6251.6,Not Available,Not Available,STATEN IS,Not Available,Not Available,2042340.4,Not Available,Not Available,Not Available,Not Available
75-05 113th Street,Not Available,1,2018-10-09T00:00:00.000,Not Available,Not Available,Not Available,Not Available,Not Available,Not Available,3009.4,141.9,Queens,Not Available,Not Available,2023-03-18T00:00:00.000,Not Available,60106,0.8,Not Available,119.9,Whole Property,406.0,Not Available,Not Available,Not Available,0,Ok,Not Available,369.8,Not Available,No,0,Not Available,Not Available,Not Available,3009.4,Not Available,90,QUEENS,Not Available,Not Available,257436.8,Not Available,Not Available,Not Available,Not Available
869 East 147th St,Not Available,1,2023-04-28T00:00:00.000,Not Available,Not Available,Not Available,Not Available,Not Available,Not Available,Not Available,126.8,Bronx,Not Available,Not Available,2023-05-15T00:00:00.000,Not Available,174574,0.2,Not Available,85.8,Whole Property,201.0,Not Available,Not Available,Not Available,0,Ok,Not Available,774.6,Not Available,No,0,Not Available,Not Available,Not Available,Not Available,Not Available,Not Available,BRONX,Not Available,Not Available,1198516.7,Not Available,Not Available,Not Available,Not Available
61-20 woodside ave,Not Available,1,2021-07-31T00:00:00.000,Not Available,Not Available,Not Available,Not Available,Not Available,Not Available,4399.3,101,woodside,Not Available,Not Available,2023-03-10T00:00:00.000,Not Available,52000,0.8,Not Available,174.8,Whole Property,402.0,Not Available,Not Available,Not Available,0,Ok,Not Available,209.7,Not Available,No,0,Not Available,Not Available,Not Available,4399.3,Not Available,Not Available,QUEENS,Not Available,Not Available,489824,Not Available,Not Available,Not Available,Not Available
450 Walnut Street,Not Available,1,2019-07-17T00:00:00.000,Not Available,Not Available,Not Available,Not Available,Not Available,Not Available,Not Available,109.2,Yonkers,Not Available,Not Available,2023-04-29T00:00:00.000,65946.6,42945,0.5,Not Available,83.4,Whole Property,,Not Available,Not Available,Not Available,0,Ok,Not Available,201.5,Not Available,No,6,Not Available,Not Available,Not Available,65946.6,Not Available,Not Available,,Not Available,Not Available,138453.4,Not Available,Not Available,Not Available,Not Available
421 West 21st Street,Not Available,1,2023-04-25T00:00:00.000,Not Available,Not Available,Not Available,Not Available,Not Available,Not Available,1039.7,145.6,Manhattan,Not Available,Not Available,2023-04-25T00:00:00.000,Not Available,26800,1.5,Not Available,412.9,Whole Property,104.0,Not Available,Not Available,Not Available,0,Ok,Not Available,148,Not Available,No,17,Not Available,Not Available,Not Available,1039.7,Not Available,Not Available,MANHATTAN,Not Available,Not Available,706771.9,Not Available,Not Available,Not Available,Not Available
188 6 Avenue,Not Available,1,2022-04-09T00:00:00.000,Not Available,Not Available,Not Available,Not Available,Not Available,Not Available,Not Available,159.6,New York,Not Available,Not Available,2023-03-03T00:00:00.000,Not Available,11310,0,Not Available,49.7,Whole Property,102.0,Not Available,Not Available,Not Available,0,Ok,Not Available,55.7,Not Available,Yes,Not Available,Not Available,Not Available,Not Available,Not Available,Not Available,Not Available,MANHATTAN,Not Available,Not Available,56822.2,Not Available,Not Available,Not Available,Not Available
148-25 89 Ave,Not Available,1,2022-04-07T00:00:00.000,Not Available,Not Available,Not Available,Not Available,Not Available,Not Available,8928,122,Jamaica,Not Available,Not Available,2023-03-03T00:00:00.000,Not Available,127200,87.7,Not Available,134.8,Whole Property,412.0,Not Available,Not Available,Not Available,0,Ok,Not Available,703.8,Not Available,No,Not Available,Not Available,Not Available,Not Available,8928,Not Available,Not Available,QUEENS,Not Available,Not Available,506392.9,Not Available,Not Available,Not Available,Not Available
147-25 Sanford Ave,Not Available,1,2020-03-10T00:00:00.000,Not Available,Not Available,Not Available,Not Available,Not Available,Not Available,4697,119.3,Flushing,Not Available,Not Available,2023-04-09T00:00:00.000,Not Available,82014,0.7,Not Available,113.1,Whole Property,407.0,Not Available,Not Available,Not Available,0,Ok,Not Available,430.9,Not Available,No,0,Not Available,Not Available,Not Available,4697,Not Available,90,QUEENS,Not Available,Not Available,297227.2,Not Available,Not Available,Not Available,Not Available
"39 WEST 31 STREET, 10001",Not Available,1,2022-04-07T00:00:00.000,Not Available,Not Available,Not Available,Not Available,Not Available,Not Available,2507.5,164.7,New York,Not Available,Not Available,2023-03-22T00:00:00.000,Not Available,Not Available,0,Not Available,132.8,Whole Property,105.0,Not Available,Not Available,Not Available,0,Ok,Not Available,811,Not Available,No,Not Available,Not Available,Not Available,Not Available,2507.5,Not Available,Not Available,MANHATTAN,Not Available,Not Available,1539122.8,Not Available,Not Available,Not Available,Not Available
148-45 89th Avenue,Not Available,1,2016-05-10T00:00:00.000,Not Available,2875,Not Available,Not Available,2875,Not Available,8570.4,131.7,Queens,Not Available,Not Available,2023-03-09T00:00:00.000,Not Available,82284,67.9,Not Available,113.2,Whole Property,412.0,Not Available,Parking,Not Available,0,Ok,Not Available,464.5,Not Available,No,Not Available,Not Available,Not Available,Not Available,8570.4,Not Available,Not Available,QUEENS,Not Available,Not Available,360662.3,Not Available,Not Available,Not Available,Not Available
428 E 92 Street,Not Available,1,2022-12-14T00:00:00.000,Not Available,Not Available,Not Available,Not Available,Not Available,Not Available,Not Available,47.8,New York,Not Available,Not Available,2023-03-03T00:00:00.000,Not Available,Not Available,0,Not Available,3.1,Whole Property,108.0,Not Available,Not Available,Not Available,0,Ok,Not Available,107.4,Not Available,Yes,Not Available,Not Available,Not Available,Not Available,Not Available,Not Available,Not Available,MANHATTAN,Not Available,Not Available,0,Not Available,Not Available,Not Available,Not Available
145 West 96th Street,Not Available,1,2014-08-05T00:00:00.000,Not Available,Not Available,Not Available,Not Available,Not Available,Not Available,3112.6,122.4,New York,Not Available,Not Available,2023-03-24T00:00:00.000,Not Available,102000,Not Available,Not Available,Not Available,Whole Property,107.0,Not Available,Not Available,Not Available,0,Ok,Not Available,529,Not Available,No,Not Available,Not Available,Not Available,Not Available,3112.6,Not Available,Not Available,MANHATTAN,Not Available,Not Available,Not Available,Not Available,Not Available,Not Available,Not Available
124 Jackson Street,Not Available,1,2019-10-02T00:00:00.000,Not Available,Not Available,Not Available,Not Available,Not Available,Not Available,685.2,103.4,"Brooklyn, New York",Not Available,Not Available,2023-03-10T00:00:00.000,Not Available,27000,0.2,Not Available,80.2,Whole Property,301.0,Not Available,Not Available,Not Available,0,Ok,Not Available,102.4,Not Available,No,21,Not Available,Not Available,Not Available,685.2,Not Available,Not Available,BROOKLYN,Not Available,Not Available,153797.6,Not Available,Not Available,Not Available,Not Available
67 Morton Street,Not Available,1,2023-03-14T00:00:00.000,Not Available,Not Available,Not Available,Not Available,Not Available,Not Available,Not Available,121.4,New York,Not Available,Not Available,2023-03-13T00:00:00.000,Not Available,40215,8.6,Not Available,44.7,Whole Property,102.0,Not Available,Not Available,Not Available,0,Ok,Not Available,167,Not Available,No,Not Available,Not Available,Not Available,Not Available,Not Available,Not Available,Not Available,MANHATTAN,Not Available,Not Available,149859,Not Available,Not Available,Not Available,Not Available
259 West 30th St,Not Available,1,2020-03-16T00:00:00.000,Not Available,Not Available,Not Available,Not Available,Not Available,Not Available,587.7,178.2,New York,Not Available,Not Available,2023-03-20T00:00:00.000,Not Available,Not Available,0,Not Available,107.3,Whole Property,105.0,Not Available,Not Available,Not Available,0,Ok,Not Available,772.9,Not Available,No,Not Available,Not Available,Not Available,Not Available,587.7,Not Available,90,MANHATTAN,Not Available,Not Available,695391.2,Not Available,Not Available,Not Available,Not Available
939 Eigth Avenue,Not Available,1,2015-02-09T00:00:00.000,Not Available,Not Available,Not Available,Not Available,Not Available,Not Available,Not Available,118.1,New York,0,Not Available,2023-04-25T00:00:00.000,Not Available,51412,Not Available,Not Available,Not Available,Whole Property,,Not Available,Supermarket/Grocery Store,Not Available,0,Ok,Not Available,257.3,Not Available,No,Not Available,Not Available,Not Available,Not Available,Not Available,Not Available,Not Available,,Not Available,Not Available,Not Available,Not Available,Not Available,Not Available,Not Available
300 West 22nd Street,Not Available,1,2023-03-30T00:00:00.000,Not Available,Not Available,Not Available,Not Available,Not Available,Not Available,2190.3,204.4,New York,Not Available,Not Available,2023-03-29T00:00:00.000,Not Available,Not Available,0.7,Not Available,324.9,Whole Property,104.0,Not Available,Not Available,Not Available,0,Ok,Not Available,218.4,Not Available,No,Not Available,Not Available,Not Available,Not Available,2190.3,Not Available,Not Available,MANHATTAN,Not Available,Not Available,829334.9,Not Available,Not Available,Not Available,Not Available
1477 54 ST,Not Available,1,2020-04-20T00:00:00.000,Not Available,Not Available,Not Available,Not Available,Not Available,Not Available,2366.1,115.9,Brooklyn,Not Available,Not Available,2023-03-18T00:00:00.000,Not Available,68373,0.7,Not Available,108.8,Whole Property,312.0,Not Available,Not Available,Not Available,0,Ok,Not Available,356.4,Not Available,No,0,Not Available,Not Available,Not Available,2366.1,Not Available,90,BROOKLYN,Not Available,Not Available,227697.4,Not Available,Not Available,Not Available,Not Available
79-55 Albion Avenue,Not Available,1,2023-07-17T00:00:00.000,Not Available,Not Available,Not Available,Not Available,Not Available,Not Available,Not Available,304.7,Queens,12,Not Available,2023-07-13T00:00:00.000,Not Available,Not Available,0.3,Not Available,265.1,Whole Property,404.0,Not Available,Non-Refrigerated Warehouse,Not Available,0,Ok,Not Available,433.5,Not Available,No,Not Available,Not Available,Not Available,Not Available,Not Available,Not Available,Not Available,QUEENS,Not Available,Not Available,1060837.1,Not Available,Not Available,Not Available,Not Available
82 Washington place,Not Available,1,2022-04-21T00:00:00.000,Not Available,Not Available,Not Available,Not Available,Not Available,Not Available,983.7,142.9,New York,Not Available,Not Available,2023-03-03T00:00:00.000,Not Available,27108,0.5,Not Available,80.1,Whole Property,102.0,Not Available,Not Available,Not Available,0,Ok,Not Available,163.7,Not Available,Yes,Not Available,Not Available,Not Available,Not Available,983.7,Not Available,Not Available,MANHATTAN,Not Available,Not Available,91081.7,Not Available,Not Available,Not Available,Not Available
97 Grand Avenue,Not Available,2,2022-03-24T00:00:00.000,Not Available,16200,Not Available,Not Available,0,Not Available,2211.4,131.9,Brooklyn,Not Available,Not Available,2023-04-25T00:00:00.000,Not Available,60210,0.1,Not Available,101.4,Whole Property,302.0,Not Available,Parking,Not Available,0,Ok,Not Available,254.2,Not Available,No,124,Not Available,Not Available,Not Available,2211.4,Not Available,Not Available,BROOKLYN,Not Available,Not Available,580321.9,Not Available,Not Available,Not Available,Not Available
2036 Amsterdam Avenue,Not Available,1,2020-03-31T00:00:00.000,Not Available,Not Available,Not Available,Not Available,Not Available,Not Available,Not Available,126.7,New York,Not Available,Not Available,2023-04-07T00:00:00.000,Not Available,131626,0.7,Not Available,119.5,Whole Property,112.0,Not Available,Not Available,Not Available,0,Ok,Not Available,702.5,Not Available,No,0,Not Available,Not Available,Not Available,Not Available,Not Available,90,MANHATTAN,Not Available,Not Available,657564.6,Not Available,Not Available,Not Available,Not Available
40-36 27 Street,Not Available,1,2022-09-08T00:00:00.000,Not Available,Not Available,Not Available,Not Available,Not Available,Not Available,2098.3,134.6,Queens,Not Available,Not Available,2023-03-03T00:00:00.000,Not Available,Not Available,54.8,Not Available,157.7,Whole Property,401.0,Not Available,Not Available,Not Available,0,Ok,Not Available,159,Not Available,No,Not Available,Not Available,Not Available,Not Available,2098.3,Not Available,Not Available,QUEENS,Not Available,Not Available,329214.9,Not Available,Not Available,Not Available,Not Available
255 Ocean Avenue,Not Available,1,2019-02-14T00:00:00.000,Not Available,Not Available,Not Available,Not Available,Not Available,Not Available,2356.1,143.5,Brooklyn,Not Available,Not Available,2023-03-09T00:00:00.000,Not Available,41444,0.9,Not Available,125.3,Whole Property,309.0,Not Available,Not Available,Not Available,0,Ok,Not Available,264.7,Not Available,No,0,Not Available,Not Available,Not Available,2356.1,Not Available,Not Available,BROOKLYN,Not Available,Not Available,154069.9,Not Available,Not Available,Not Available,Not Available
40 WOODRUFF AVE,Not Available,1,2014-08-05T00:00:00.000,Not Available,Not Available,Not Available,Not Available,Not Available,Not Available,Not Available,112.5,Brooklyn,Not Available,Not Available,2023-03-06T00:00:00.000,Not Available,76065,0.6,Not Available,90.5,Whole Property,314.0,Not Available,Not Available,Not Available,0,Ok,Not Available,372.9,Not Available,No,0,Not Available,Not Available,Not Available,Not Available,Not Available,Not Available,BROOKLYN,Not Available,Not Available,237700.3,Not Available,Not Available,Not Available,Not Available
40-51 denman street,Not Available,1,2016-05-10T00:00:00.000,Not Available,5000,Not Available,Not Available,5000,Not Available,9123.5,141.7,queens,Not Available,Not Available,2023-03-16T00:00:00.000,Not Available,77724,82.8,Not Available,135,Whole Property,404.0,Not Available,Parking,Not Available,0,Ok,Not Available,473.8,Not Available,No,Not Available,Not Available,Not Available,Not Available,9123.5,Not Available,Not Available,QUEENS,Not Available,Not Available,391815,Not Available,Not Available,Not Available,Not Available
39 Avenue of the Americas,Not Available,1,2020-04-10T00:00:00.000,Not Available,Not Available,Not Available,Not Available,Not Available,Not Available,9886,180.1,Tribeca,Not Available,Not Available,2023-04-20T00:00:00.000,Not Available,Not Available,0.4,Not Available,198.5,Whole Property,101.0,Not Available,Restaurant,Not Available,0,Ok,Not Available,426.9,Not Available,Yes,Not Available,Not Available,Not Available,Not Available,9886,Not Available,Not Available,MANHATTAN,Not Available,Not Available,1083262.9,Not Available,Not Available,Not Available,Not Available
2306 Ocean Ave,Not Available,1,2021-07-23T00:00:00.000,Not Available,Not Available,Not Available,Not Available,Not Available,Not Available,4872.8,108.6,Brooklyn,Not Available,Not Available,2023-03-08T00:00:00.000,Not Available,84375,0.7,Not Available,102.1,Whole Property,315.0,Not Available,Not Available,Not Available,0,Ok,Not Available,417.3,Not Available,No,Not Available,Not Available,Not Available,Not Available,4872.8,Not Available,Not Available,BROOKLYN,Not Available,Not Available,212765.6,Not Available,Not Available,Not Available,Not Available
801 Avenue C,Not Available,1,2019-02-13T00:00:00.000,Not Available,Not Available,Not Available,Not Available,Not Available,Not Available,1411.1,128,Brooklyn,Not Available,Not Available,2023-03-10T00:00:00.000,Not Available,43210,0.8,Not Available,107.9,Whole Property,312.0,Not Available,Not Available,Not Available,0,Ok,Not Available,253,Not Available,No,0,Not Available,Not Available,Not Available,1411.1,Not Available,Not Available,BROOKLYN,Not Available,Not Available,111160,Not Available,Not Available,Not Available,Not Available
2519 Creston Ave,Not Available,1,2023-05-01T00:00:00.000,Not Available,Not Available,Not Available,Not Available,Not Available,Not Available,Not Available,122.3,Bronx,Not Available,Not Available,2023-05-12T00:00:00.000,Not Available,208069,0.2,Not Available,57.2,Whole Property,207.0,Not Available,Not Available,Not Available,0,Ok,Not Available,909,Not Available,No,Not Available,Not Available,Not Available,Not Available,Not Available,Not Available,Not Available,BRONX,Not Available,Not Available,895428.5,Not Available,Not Available,Not Available,Not Available
21-24 44 Avenue,Not Available,1,2021-07-27T00:00:00.000,Not Available,Not Available,Not Available,Not Available,Not Available,Not Available,570,Not Available,Queens,Not Available,Not Available,2023-03-03T00:00:00.000,Not Available,Not Available,Not Available,Not Available,139.3,Whole Property,402.0,Not Available,Not Available,Not Available,0,Ok,Not Available,Not Available,Not Available,No,Not Available,Not Available,Not Available,Not Available,570,Not Available,Not Available,QUEENS,Not Available,Not Available,222604.2,Not Available,Not Available,Not Available,Not Available
312 West 37 Street,Not Available,1,2021-08-24T00:00:00.000,Not Available,Not Available,Not Available,Not Available,Not Available,Not Available,Not Available,135.1,Manhattan,Not Available,Not Available,2023-03-03T00:00:00.000,Not Available,Not Available,38.3,Not Available,213.5,Whole Property,104.0,Not Available,Not Available,Not Available,0,Ok,Not Available,548.9,Not Available,No,Not Available,Not Available,Not Available,Not Available,Not Available,Not Available,Not Available,MANHATTAN,Not Available,Not Available,2170948.5,Not Available,Not Available,Not Available,Not Available
58 2nd Ave,Not Available,1,2020-03-16T00:00:00.000,Not Available,Not Available,Not Available,Not Available,Not Available,Not Available,2684.8,55.1,Brooklyn,Not Available,Not Available,2023-04-04T00:00:00.000,Not Available,Not Available,0.3,Not Available,49.6,Whole Property,306.0,Not Available,Not Available,Not Available,0,Ok,Not Available,897.2,Not Available,No,Not Available,Not Available,Not Available,Not Available,2684.8,Not Available,90,BROOKLYN,Not Available,Not Available,919050,Not Available,Not Available,Not Available,Not Available
403 Broome Street,Not Available,1,2021-09-02T00:00:00.000,Not Available,Not Available,Not Available,Not Available,Not Available,Not Available,Not Available,131,New York,Not Available,Not Available,2023-03-03T00:00:00.000,Not Available,Not Available,0,Not Available,63.3,Whole Property,102.0,Not Available,Not Available,Not Available,0,Ok,Not Available,101,Not Available,Yes,Not Available,Not Available,Not Available,Not Available,Not Available,Not Available,Not Available,MANHATTAN,Not Available,Not Available,168741,Not Available,Not Available,Not Available,Not Available
1001 St. Nicholas Ave,Not Available,1,2023-04-25T00:00:00.000,Not Available,Not Available,Not Available,Not Available,Not Available,Not Available,10000.5,131.2,New York,Not Available,Not Available,2023-04-16T00:00:00.000,Not Available,76221,0.9,Not Available,182.2,Whole Property,112.0,Not Available,Not Available,Not Available,0,Ok,Not Available,410.9,Not Available,Yes,0,Not Available,Not Available,Not Available,10000.5,Not Available,90,MANHATTAN,Not Available,Not Available,663326.1,Not Available,Not Available,Not Available,Not Available
94-11 34 Road,Not Available,1,2020-04-02T00:00:00.000,Not Available,Not Available,Not Available,Not Available,Not Available,Not Available,7452.1,132.2,Queens,Not Available,Not Available,2023-04-09T00:00:00.000,Not Available,77387,0.7,Not Available,103.1,Whole Property,403.0,Not Available,Not Available,Not Available,0,Ok,Not Available,452.5,Not Available,No,0,Not Available,Not Available,Not Available,7452.1,Not Available,90,QUEENS,Not Available,Not Available,247385.8,Not Available,Not Available,Not Available,Not Available
2471 Davidson Ave,Not Available,1,2019-07-15T00:00:00.000,Not Available,Not Available,Not Available,Not Available,Not Available,Not Available,5448.3,126,Bronx,Not Available,Not Available,2023-03-28T00:00:00.000,Not Available,27310,0,Not Available,163.7,Whole Property,207.0,Not Available,Not Available,Not Available,0,Ok,Not Available,206.7,Not Available,No,0,Not Available,Not Available,Not Available,5448.3,Not Available,Not Available,BRONX,Not Available,Not Available,131632.6,Not Available,Not Available,Not Available,Not Available
122 57 Street,Not Available,1,2022-04-18T00:00:00.000,Not Available,Not Available,Not Available,Not Available,Not Available,Not Available,Not Available,78.3,Brooklyn,Not Available,Not Available,2023-03-03T00:00:00.000,Not Available,Not Available,0.1,Not Available,23.2,Whole Property,307.0,Not Available,Not Available,Not Available,0,Ok,Not Available,103.1,Not Available,No,Not Available,Not Available,Not Available,Not Available,Not Available,Not Available,Not Available,BROOKLYN,Not Available,Not Available,36414,Not Available,Not Available,Not Available,Not Available
924 East 181st Street,Not Available,1,2021-03-22T00:00:00.000,Not Available,Not Available,Not Available,Not Available,Not Available,Not Available,Not Available,137.5,Bronx,Not Available,Not Available,2023-03-10T00:00:00.000,Not Available,30617,115.2,Not Available,183.9,Whole Property,206.0,Not Available,Not Available,Not Available,0,Ok,Not Available,182.6,Not Available,No,0,Not Available,Not Available,Not Available,Not Available,Not Available,Not Available,BRONX,Not Available,Not Available,201671.5,Not Available,Not Available,Not Available,Not Available
87-15 165 Street,Not Available,1,2020-03-09T00:00:00.000,Not Available,Not Available,Not Available,Not Available,Not Available,Not Available,4184,135.6,Queens,Not Available,Not Available,2023-04-09T00:00:00.000,Not Available,58840,0.6,Not Available,99.7,Whole Property,408.0,Not Available,Not Available,Not Available,0,Ok,Not Available,342,Not Available,No,0,Not Available,Not Available,Not Available,4184,Not Available,90,QUEENS,Not Available,Not Available,225793.5,Not Available,Not Available,Not Available,Not Available
2842 Grand Concourse,Not Available,1,2020-07-22T00:00:00.000,Not Available,Not Available,Not Available,Not Available,Not Available,Not Available,5487.7,118.1,Bronx,Not Available,Not Available,2023-03-18T00:00:00.000,Not Available,87737,0.5,Not Available,78.9,Whole Property,207.0,Not Available,Retail Store,Not Available,0,Ok,Not Available,442,Not Available,No,0,Not Available,Not Available,Not Available,5487.7,450,Not Available,BRONX,Not Available,Not Available,282326.1,Not Available,Not Available,Not Available,Not Available
236 17th Street,Not Available,1,2022-12-21T00:00:00.000,Not Available,2905,Not Available,Not Available,0,Not Available,641.5,118.1,Brooklyn,Not Available,Not Available,2023-03-03T00:00:00.000,Not Available,25205,13.1,Not Available,99.7,Whole Property,307.0,Not Available,Parking,Not Available,0,Ok,Not Available,98.3,Not Available,No,Not Available,Not Available,Not Available,Not Available,641.5,Not Available,Not Available,BROOKLYN,Not Available,Not Available,226790.4,Not Available,Not Available,Not Available,Not Available
790 7th Ave,Not Available,1,2022-03-30T00:00:00.000,Not Available,Not Available,Not Available,Not Available,Not Available,Not Available,Not Available,179,New York,Not Available,Not Available,2023-03-10T00:00:00.000,Not Available,Not Available,Not Available,Not Available,205.6,Whole Property,105.0,Not Available,Not Available,Not Available,0,Ok,Not Available,3805.5,Not Available,No,Not Available,Not Available,Not Available,Not Available,Not Available,Not Available,Not Available,MANHATTAN,Not Available,Not Available,3636693.8,Not Available,Not Available,Not Available,Not Available
99-04 57th Avenue,Not Available,3,2020-04-09T00:00:00.000,Not Available,5875,Not Available,Not Available,5875,Not Available,Not Available,123.6,Queens,Not Available,Not Available,2023-03-09T00:00:00.000,Not Available,156960,62.2,Not Available,111,Whole Property,404.0,Not Available,Parking,Not Available,0,Ok,Not Available,812.5,Not Available,No,Not Available,Not Available,Not Available,Not Available,Not Available,Not Available,Not Available,QUEENS,Not Available,Not Available,749960,Not Available,Not Available,Not Available,Not Available
1144 Pelham Parkway South,Not Available,1,2020-03-18T00:00:00.000,Not Available,2500,Not Available,Not Available,2500,Not Available,5706.4,105,Bronx,Not Available,Not Available,2023-03-16T00:00:00.000,Not Available,80250,0,Not Available,45.5,Whole Property,211.0,Not Available,Parking,Not Available,0,Ok,Not Available,273,Not Available,No,0,Not Available,Not Available,Not Available,5706.4,Not Available,90,BRONX,Not Available,Not Available,339711.8,Not Available,Not Available,Not Available,Not Available
48 Great Jones Street,Not Available,1,2023-03-16T00:00:00.000,Not Available,Not Available,Not Available,Not Available,Not Available,Not Available,426.8,118.1,New York,Not Available,Not Available,2023-03-03T00:00:00.000,Not Available,31191,20.3,Not Available,90.3,Whole Property,102.0,Not Available,Retail Store,Not Available,0,Ok,Not Available,173,Not Available,No,Not Available,Not Available,Not Available,Not Available,426.8,5199,Not Available,MANHATTAN,Not Available,Not Available,217639,Not Available,Not Available,Not Available,Not Available
1166 Manhattan Ave,Not Available,1,2022-01-29T00:00:00.000,Not Available,Not Available,Not Available,Not Available,Not Available,Not Available,Not Available,116.4,Brooklyn,Not Available,Not Available,,Not Available,Not Available,Not Available,Not Available,Not Available,Not Available,301.0,Not Available,Not Available,Not Available,Not Available,Unable to Check (not enough data),Not Available,81.3,Not Available,Unable to Check (not enough data),Not Available,Not Available,Not Available,Not Available,Not Available,Not Available,Not Available,BROOKLYN,Not Available,Not Available,Not Available,Not Available,Not Available,Not Available,Not Available
41-43 39 Place,Not Available,1,2020-03-16T00:00:00.000,Not Available,Not Available,Not Available,Not Available,Not Available,Not Available,3047,111.6,Sunnyside,Not Available,Not Available,2023-04-14T00:00:00.000,Not Available,89880,0,Not Available,28.8,Whole Property,402.0,Not Available,Not Available,Not Available,0,Ok,Not Available,320.3,Not Available,No,0,Not Available,Not Available,Not Available,3047,Not Available,90,QUEENS,Not Available,Not Available,247290.6,Not Available,Not Available,Not Available,Not Available
430 EAST 80 STREET,Not Available,1,2023-03-31T00:00:00.000,Not Available,Not Available,Not Available,Not Available,Not Available,Not Available,1625.5,107.5,New York,Not Available,Not Available,2023-04-07T00:00:00.000,Not Available,Not Available,0.6,Not Available,201.1,Whole Property,108.0,Not Available,Not Available,Not Available,0,Ok,Not Available,147.5,Not Available,No,Not Available,Not Available,Not Available,Not Available,1625.5,Not Available,Not Available,MANHATTAN,Not Available,Not Available,566863.8,Not Available,Not Available,Not Available,Not Available
825 East 141 Street,Not Available,1,2023-04-20T00:00:00.000,Not Available,Not Available,Not Available,Not Available,Not Available,Not Available,629.1,192.3,Bronx,Not Available,Not Available,2023-04-13T00:00:00.000,Not Available,Not Available,0.1,Not Available,32.2,Whole Property,201.0,Not Available,Retail Store,Not Available,0,Ok,Not Available,1924,Not Available,No,Not Available,Not Available,Not Available,Not Available,629.1,33570,Not Available,BRONX,Not Available,Not Available,644670.9,Not Available,Not Available,Not Available,Not Available
"34 WEST 32 STREET, 10001",Not Available,1,2022-04-07T00:00:00.000,Not Available,Not Available,Not Available,Not Available,Not Available,Not Available,2785,153,New York,Not Available,Not Available,2023-03-21T00:00:00.000,Not Available,Not Available,0.2,Not Available,169.1,Whole Property,105.0,Not Available,Not Available,Not Available,0,Ok,Not Available,316.6,Not Available,No,Not Available,Not Available,Not Available,Not Available,2785,Not Available,Not Available,MANHATTAN,Not Available,Not Available,697371.6,Not Available,Not Available,Not Available,Not Available
500 West 144th street/144 Hamilton Place,Not Available,1,2022-05-17T00:00:00.000,Not Available,Not Available,Not Available,Not Available,Not Available,Not Available,5761.2,122.7,New York,Not Available,Not Available,2023-03-03T00:00:00.000,Not Available,56688,0.5,Not Available,98.1,Whole Property,,Not Available,Not Available,Not Available,0,Ok,Not Available,287.8,Not Available,No,Not Available,Not Available,Not Available,Not Available,5761.2,Not Available,Not Available,,Not Available,Not Available,256762.3,Not Available,Not Available,Not Available,Not Available
1824 Madison Avenue,Not Available,1,2020-04-17T00:00:00.000,Not Available,Not Available,Not Available,Not Available,Not Available,Not Available,2159.4,334.4,New York,Not Available,Not Available,2023-03-10T00:00:00.000,Not Available,Not Available,0.6,Not Available,346,Whole Property,111.0,Not Available,Not Available,Not Available,0,Ok,Not Available,334.1,Not Available,No,Not Available,Not Available,Not Available,Not Available,2159.4,Not Available,Not Available,MANHATTAN,Not Available,Not Available,888259.5,Not Available,Not Available,Not Available,Not Available
2111 ALBEMARLE RD,Not Available,1,2014-08-05T00:00:00.000,Not Available,Not Available,Not Available,Not Available,Not Available,Not Available,8185.2,109.1,Brooklyn,Not Available,Not Available,2023-03-06T00:00:00.000,Not Available,129817,0.5,Not Available,87.7,Whole Property,314.0,Not Available,Not Available,Not Available,0,Ok,Not Available,605.8,Not Available,No,0,Not Available,Not Available,Not Available,8185.2,Not Available,Not Available,BROOKLYN,Not Available,Not Available,437477.9,Not Available,Not Available,Not Available,Not Available
31-64 21st Street,Not Available,1,2023-03-14T00:00:00.000,Not Available,1250,Not Available,Not Available,1250,Not Available,1734,132.4,Queens,Not Available,Not Available,2023-03-09T00:00:00.000,Not Available,46333,52.9,Not Available,95,Whole Property,401.0,Not Available,Parking,Not Available,0,Ok,Not Available,255.7,Not Available,No,Not Available,Not Available,Not Available,Not Available,1734,Not Available,Not Available,QUEENS,Not Available,Not Available,191440.5,Not Available,Not Available,Not Available,Not Available
685 East 228 Street,Not Available,1,2022-10-19T00:00:00.000,Not Available,Not Available,Not Available,Not Available,Not Available,Not Available,2459.2,115.9,Bronx,Not Available,Not Available,2023-03-10T00:00:00.000,Not Available,28495,0.1,Not Available,110.1,Whole Property,212.0,Not Available,Not Available,Not Available,0,Ok,Not Available,189.2,Not Available,Yes,0,Not Available,Not Available,Not Available,2459.2,Not Available,Not Available,BRONX,Not Available,Not Available,108835.8,Not Available,Not Available,Not Available,Not Available
1981-1995 Sedgwick Avenue,Not Available,2,2020-01-22T00:00:00.000,Not Available,18900,Not Available,Not Available,18900,Not Available,14779.3,128.6,Bronx,Not Available,Not Available,2023-04-14T00:00:00.000,Not Available,202600,Not Available,Not Available,26.8,Whole Property,205.0,Not Available,Parking,Not Available,0,Ok,Not Available,794.4,Not Available,No,0,Not Available,Not Available,Not Available,14779.3,Not Available,90,BRONX,Not Available,Not Available,574204.5,Not Available,Not Available,Not Available,Not Available
1160 5th Avenue,Not Available,1,2020-01-21T00:00:00.000,Not Available,Not Available,Not Available,Not Available,Not Available,Not Available,2908,125.9,New York,Not Available,Not Available,2023-04-10T00:00:00.000,Not Available,90849,0.5,Not Available,96.5,Whole Property,111.0,Not Available,Office,Not Available,0,Ok,Not Available,532.4,Not Available,No,0,Not Available,Not Available,Not Available,2908,Not Available,90,MANHATTAN,Not Available,Not Available,530075.5,Not Available,Not Available,Not Available,Not Available
2050 Second Ave,Not Available,1,2022-07-29T00:00:00.000,Not Available,Not Available,Not Available,Not Available,Not Available,Not Available,Not Available,142.2,New York,Not Available,Not Available,2023-03-05T00:00:00.000,Not Available,Not Available,35.2,Not Available,187.3,Whole Property,111.0,Not Available,Not Available,Not Available,0,Ok,Not Available,247.9,Not Available,No,Not Available,Not Available,Not Available,Not Available,Not Available,Not Available,Not Available,MANHATTAN,Not Available,Not Available,807188.6,Not Available,51286,Not Available,Not Available
1850 Ocean Pkwy,Not Available,1,2022-05-23T00:00:00.000,Not Available,Not Available,Not Available,Not Available,Not Available,Not Available,3432.1,100.6,Brooklyn,Not Available,Not Available,2023-03-18T00:00:00.000,Not Available,97744,0.5,Not Available,75.3,Whole Property,315.0,Not Available,Not Available,Not Available,0,Ok,Not Available,426.4,Not Available,Yes,0,Not Available,Not Available,Not Available,3432.1,Not Available,Not Available,BROOKLYN,Not Available,Not Available,265334.6,Not Available,Not Available,Not Available,Not Available
165 Eldridge Street,Not Available,1,2023-02-01T00:00:00.000,Not Available,Not Available,Not Available,Not Available,Not Available,Not Available,Not Available,118.1,New York,Not Available,Not Available,2023-03-03T00:00:00.000,Not Available,32700,0.5,Not Available,112.8,Whole Property,103.0,Not Available,Not Available,Not Available,0,Ok,Not Available,148.8,Not Available,Yes,Not Available,Not Available,Not Available,Not Available,Not Available,Not Available,Not Available,MANHATTAN,Not Available,Not Available,223324.9,Not Available,Not Available,Not Available,Not Available
97-07 67th Avenue,Not Available,1,2020-03-12T00:00:00.000,Not Available,Not Available,Not Available,Not Available,Not Available,Not Available,Not Available,125.7,Queens,Not Available,Not Available,2023-03-18T00:00:00.000,Not Available,54271,0.7,Not Available,105.4,Whole Property,406.0,Not Available,Not Available,Not Available,0,Ok,Not Available,304.4,Not Available,No,0,Not Available,Not Available,Not Available,Not Available,Not Available,90,QUEENS,Not Available,Not Available,165213,Not Available,Not Available,Not Available,Not Available
151 Kent Avenue,Not Available,1,2023-02-01T00:00:00.000,Not Available,Not Available,Not Available,Not Available,Not Available,Not Available,687.3,116.7,Brooklyn,Not Available,Not Available,2023-03-03T00:00:00.000,Not Available,54000,Not Available,Not Available,34.1,Whole Property,301.0,Not Available,Not Available,Not Available,0,Ok,Not Available,190.2,Not Available,No,Not Available,Not Available,Not Available,Not Available,687.3,Not Available,Not Available,BROOKLYN,Not Available,Not Available,192464,Not Available,Not Available,Not Available,Not Available
5 Minerva Place,Not Available,1,2021-04-22T00:00:00.000,Not Available,Not Available,Not Available,Not Available,Not Available,Not Available,8214.3,118.1,Bronx,Not Available,Not Available,2023-03-29T00:00:00.000,Not Available,86275,0.6,Not Available,92.6,Whole Property,207.0,Not Available,Retail Store,Not Available,0,Ok,Not Available,455.8,Not Available,No,0,Not Available,Not Available,Not Available,8214.3,2000,90,BRONX,Not Available,Not Available,276785.4,Not Available,Not Available,Not Available,Not Available
37-11 23rd Street,Not Available,1,2023-01-19T00:00:00.000,Not Available,Not Available,Not Available,Not Available,Not Available,Not Available,2803,178,Long Island City,Not Available,Not Available,2023-03-10T00:00:00.000,Not Available,Not Available,50,Not Available,178.2,Whole Property,401.0,Not Available,Not Available,Not Available,0,Ok,Not Available,255.1,Not Available,No,Not Available,Not Available,Not Available,Not Available,2803,Not Available,Not Available,QUEENS,Not Available,Not Available,520757.2,Not Available,Not Available,Not Available,Not Available
84 Ross Street,Not Available,1,2022-05-16T00:00:00.000,Not Available,Not Available,Not Available,Not Available,Not Available,Not Available,Not Available,112,Brooklyn,Not Available,Not Available,,Not Available,93538,0.8,Not Available,79.1,Whole Property,301.0,Not Available,Not Available,Not Available,Not Available,Ok,Not Available,529.8,Not Available,No,Not Available,Not Available,Not Available,Not Available,Not Available,Not Available,Not Available,BROOKLYN,Not Available,Not Available,Not Available,Not Available,Not Available,Not Available,Not Available
2345 60th Street,Not Available,1,2022-07-27T00:00:00.000,Not Available,Not Available,Not Available,Not Available,Not Available,Not Available,Not Available,112.7,Brooklyn,Not Available,Not Available,2023-03-03T00:00:00.000,Not Available,25382,0.1,Not Available,48.1,Whole Property,312.0,Not Available,Not Available,Not Available,0,Ok,Not Available,101.8,Not Available,No,Not Available,Not Available,Not Available,Not Available,Not Available,Not Available,Not Available,BROOKLYN,Not Available,Not Available,94023,Not Available,Not Available,Not Available,Not Available
3427 Broadway,Not Available,1,2022-02-02T00:00:00.000,Not Available,Not Available,Not Available,Not Available,Not Available,Not Available,4022.1,121.7,New York,Not Available,Not Available,2023-03-03T00:00:00.000,Not Available,34790,25.8,Not Available,179.6,Whole Property,109.0,Not Available,Not Available,Not Available,0,Ok,Not Available,244.1,Not Available,No,Not Available,Not Available,Not Available,Not Available,4022.1,Not Available,Not Available,MANHATTAN,Not Available,Not Available,184634.9,Not Available,Not Available,Not Available,Not Available
607 West 47 Street,Not Available,1,2022-12-14T00:00:00.000,Not Available,Not Available,Not Available,Not Available,Not Available,Not Available,121.9,47.8,New York,Not Available,Not Available,2023-03-03T00:00:00.000,Not Available,Not Available,0,Not Available,63.7,Whole Property,104.0,Not Available,Not Available,Not Available,0,Ok,Not Available,77.4,Not Available,Yes,Not Available,Not Available,Not Available,Not Available,121.9,Not Available,Not Available,MANHATTAN,Not Available,Not Available,332702,Not Available,Not Available,Not Available,Not Available
2820 Middle Town Road,Not Available,1,2022-12-13T00:00:00.000,Not Available,Not Available,Not Available,Not Available,Not Available,Not Available,Not Available,128.7,Bronx,Not Available,Not Available,2023-03-03T00:00:00.000,Not Available,25200,108.3,Not Available,163.7,Whole Property,,Not Available,Not Available,Not Available,0,Ok,Not Available,143,Not Available,No,Not Available,Not Available,Not Available,Not Available,Not Available,Not Available,Not Available,,Not Available,Not Available,132018.9,Not Available,Not Available,Not Available,Not Available
