property_name,green_power_onsite_kwh,electricity_use_grid_purchase,number_of_active_energy_meters_2,parking_gross_floor_area,energy_power_station_gross,estimated_data_flag_2,alert_property_has_no_uses,electricity_use_generated,laboratory_gross_floor_area,property_gfa_calculated_1,estimated_data_flag_fuel_3,indirect_location_based_ghg_1,propane_use_kbtu,indirect_location_based_ghg,self_storage_facility_gross,medical_office_number_of,other_gross_floor_area_ft,indoor_water_use_all_water,alert_data_center_issue_with,hospital_general_medical_3,annual_maximum_demand_meter,multifamily_housing_government,last_modified_date_non,food_sales_gross_floor_area,hospital_general_medical_5,nyc_borough_block_and_lot,metered_areas_water,third_party_certification_2,data_center_energy_estimates,municipally_supplied_potable_1,primary_property_type_self,total_location_based_ghg_1,multifamily_housing_total,number_of_active_energy_meters,fitness_center_health_club,supermarket_grocery_number,automobile_dealership_gross,hospital_general_medical_4,financial_office_number_of,estimated_data_flag_district,outpatient_rehabilitation,percent_of_total_electricity,data_center_it_equipment,manufacturing_industrial,supermarket_grocery_gross,medical_office_weekly,outdoor_water_use_all_water,estimated_data_flag_diesel,data_center_pdu_output_meter,data_center_gross_floor_area,alert_energy_meter_has,mailing_center_post_office,hospital_general_medical_10
Maverick: 165-25 Jamaica Ave,Not Available,1985964.9,0,Not Available,Not Available,Not Available,Ok,Not Available,Not Available,66000,Not Available,2.5,Not Available,167.9,Not Available,Not Available,Not Available,616.4,Ok,Not Available,Not Available,Not Available,,Not Available,Not Available,4-09795-0001,Whole Property,Not Available,Not Available,616.4,Office,4.8,Not Available,11,Not Available,Not Available,Not Available,Not Available,Not Available,Not Available,Not Available,Not Available,Not Available,Not Available,Not Available,Not Available,Not Available,Not Available,Not Available,Not Available,Ok,Not Available,Not Available
23-25 31 Street,Not Available,3711191.8,0,Not Available,Not Available,Not Available,Ok,Not Available,Not Available,75191,Not Available,4.2,Not Available,313.7,Not Available,32,Not Available,1299.4,Ok,Not Available,Not Available,Not Available,2023-03-15T00:00:00.000,Not Available,Not Available,4008350027,Whole Property,Not Available,Not Available,1299.4,Medical Office,4.3,Not Available,4,Not Available,Not Available,Not Available,Not Available,Not Available,Not Available,Not Available,Not Available,Not Available,Not Available,Not Available,65,Not Available,Not Available,Not Available,Not Available,Ok,Not Available,Not Available
Living - 131 West 35th Street,Not Available,2866468.8,0,Not Available,Not Available,Not Available,Ok,Not Available,Not Available,91777,Not Available,2.6,Not Available,242.3,Not Available,Not Available,Not Available,671.5,Ok,Not Available,Not Available,Not Available,2023-03-14T00:00:00.000,Not Available,Not Available,1008110016,Whole Property,Not Available,Not Available,671.5,Office,4.7,Not Available,6,Not Available,Not Available,Not Available,Not Available,Not Available,Not Available,Not Available,Not Available,Not Available,Not Available,Not Available,Not Available,Not Available,Not Available,Not Available,Not Available,Ok,Not Available,Not Available
Red Group:  382 Willoughby Ave,Not Available,1497284.6,0,9975,Not Available,Not Available,Ok,Not Available,Not Available,76923,Not Available,1.6,Not Available,126.6,Not Available,Not Available,Not Available,Not Available,Ok,Not Available,Not Available,No,,Not Available,Not Available,3-01762-7502,Not Available,Not Available,Not Available,Not Available,Multifamily Housing,3.1,51,7,Not Available,Not Available,Not Available,Not Available,Not Available,Not Available,Not Available,Not Available,Not Available,Not Available,Not Available,Not Available,Not Available,Not Available,Not Available,Not Available,Ok,Not Available,Not Available
Indus - 42-37 Hampton Street,Not Available,730509.2,0,5000,Not Available,Not Available,Ok,Not Available,Not Available,67898,Not Available,0.9,Not Available,61.8,Not Available,Not Available,Not Available,3408.6,Ok,Not Available,Not Available,100.0% Yes,2023-03-10T00:00:00.000,Not Available,Not Available,4015560033,Whole Property,Not Available,Not Available,3408.6,Multifamily Housing,4.2,66,4,Not Available,Not Available,Not Available,Not Available,Not Available,Not Available,Not Available,Not Available,Not Available,Not Available,Not Available,Not Available,Not Available,Not Available,Not Available,Not Available,Ok,Not Available,Not Available
Lower East Side I Associates-355,Not Available,664009.3,0,Not Available,Not Available,Not Available,Ok,Not Available,Not Available,38520,Not Available,1.5,Not Available,56.1,Not Available,Not Available,Not Available,3224.9,Ok,Not Available,Not Available,100.0% Yes,,Not Available,Not Available,1-00393-0056,Whole Property,Not Available,Not Available,3224.9,Multifamily Housing,5.9,33,5,Not Available,Not Available,Not Available,Not Available,Not Available,Not Available,Not Available,Not Available,Not Available,Not Available,Not Available,Not Available,Not Available,Not Available,Not Available,Not Available,Ok,Not Available,Not Available
Beth Jacob Teachers Seminary,Not Available,1749407.4,0,Not Available,Not Available,Not Available,Ok,Not Available,Not Available,65792,Not Available,2.2,Not Available,147.9,Not Available,Not Available,Not Available,Not Available,Ok,Not Available,Not Available,Not Available,,Not Available,Not Available,3-05612-0040,Whole Property,Not Available,Not Available,Not Available,K-12 School,5.3,Not Available,3,Not Available,Not Available,Not Available,Not Available,Not Available,Not Available,Not Available,Not Available,Not Available,Not Available,Not Available,Not Available,Not Available,Not Available,Not Available,Not Available,Ok,Not Available,Not Available
Fodera Enterprises,Not Available,4491812.6,0,Not Available,Not Available,Not Available,Ok,Not Available,Not Available,93065,Not Available,4.1,Not Available,379.7,Not Available,Not Available,Not Available,Not Available,Ok,Not Available,Not Available,Not Available,,Not Available,Not Available,4018330215,Whole Property,Not Available,Not Available,Not Available,Distribution Center,4.5,Not Available,10,Not Available,Not Available,Not Available,Not Available,Not Available,Not Available,Not Available,Not Available,Not Available,Not Available,Not Available,Not Available,Not Available,Not Available,Not Available,Not Available,Ok,Not Available,Not Available
Prime: 4315 Webster Ave,Not Available,792798.6,0,Not Available,Not Available,Not Available,Ok,Not Available,Not Available,61819,Not Available,1.1,Not Available,67,Not Available,Not Available,Not Available,3215.5,Ok,Not Available,Not Available,No,2023-04-07T00:00:00.000,Not Available,Not Available,2-03398-0087,Whole Property,Not Available,Not Available,3215.5,Multifamily Housing,1.3,78,4,Not Available,Not Available,Not Available,Not Available,Not Available,Not Available,Not Available,Not Available,Not Available,Not Available,Not Available,Not Available,Not Available,Not Available,Not Available,Not Available,Ok,Not Available,Not Available
326 East 201 Street,Not Available,351674.8,0,Not Available,Not Available,Not Available,Ok,Not Available,Not Available,28555,Not Available,1,Not Available,29.7,Not Available,Not Available,Not Available,Not Available,Ok,Not Available,Not Available,Not Available,2023-07-20T00:00:00.000,Not Available,Not Available,2032920034,Not Available,Not Available,Not Available,Not Available,Multifamily Housing,3.8,32,8,Not Available,Not Available,Not Available,Not Available,Not Available,Not Available,Not Available,Not Available,Not Available,Not Available,Not Available,Not Available,Not Available,Not Available,Not Available,Not Available,Ok,Not Available,Not Available
ABC: 409 Edgecombe Ave,Not Available,1209328.9,0,Not Available,Not Available,Not Available,Ok,Not Available,Not Available,169147,Not Available,0.6,Not Available,102.2,Not Available,Not Available,Not Available,4947.6,Ok,Not Available,Not Available,No,2023-04-08T00:00:00.000,Not Available,Not Available,1-02054-0062,Whole Property,Not Available,Not Available,4947.6,Multifamily Housing,5.7,123,6,Not Available,Not Available,Not Available,Not Available,Not Available,Not Available,Not Available,Not Available,Not Available,Not Available,Not Available,Not Available,Not Available,Not Available,Not Available,Not Available,Ok,Not Available,Not Available
105 Jersey Street,Not Available,0,0,Not Available,Not Available,Not Available,Ok,Not Available,Not Available,38915,Not Available,0,Not Available,0,Not Available,Not Available,Not Available,Not Available,Ok,Not Available,Not Available,Not Available,,Not Available,Not Available,5000510080,Not Available,Not Available,Not Available,Not Available,Manufacturing/Industrial Plant,0,Not Available,2,Not Available,Not Available,Not Available,Not Available,Not Available,Not Available,Not Available,Not Available,Not Available,38915,Not Available,Not Available,Not Available,Not Available,Not Available,Not Available,Ok,Not Available,Not Available
Fairfield: 35-20 147th Street,Not Available,1920157.6,0,Not Available,Not Available,Not Available,Ok,Not Available,Not Available,95423,Not Available,1.7,Not Available,162.3,Not Available,Not Available,Not Available,4617.7,Ok,Not Available,Not Available,No,,Not Available,Not Available,4-05004-7501,Whole Property,Not Available,Not Available,4617.7,Multifamily Housing,5.1,82,5,Not Available,Not Available,Not Available,Not Available,Not Available,Not Available,Not Available,Not Available,Not Available,Not Available,Not Available,Not Available,Not Available,Not Available,Not Available,Not Available,Ok,Not Available,Not Available
CQ- 841 7 Avenue,Not Available,2214736.1,0,Not Available,Not Available,Not Available,Ok,Not Available,Not Available,85309,Not Available,2.2,Not Available,187.2,Not Available,Not Available,Not Available,Not Available,Ok,Not Available,Not Available,Not Available,2022-03-01T00:00:00.000,Not Available,Not Available,1-01007-0001,Not Available,Not Available,Not Available,Not Available,Multifamily Housing,4.8,41,13,Not Available,Not Available,Not Available,Not Available,Not Available,Not Available,Not Available,Not Available,Not Available,Not Available,Not Available,Not Available,Not Available,Not Available,Not Available,Not Available,Ok,Not Available,Not Available
Trenkmann - 241-245 Centre Street,Not Available,628667.8,0,Not Available,Not Available,Not Available,Ok,Not Available,Not Available,26065,Not Available,2,Not Available,53.1,Not Available,Not Available,Not Available,893.1,Ok,Not Available,Not Available,Not Available,,Not Available,Not Available,1004720019,Whole Property,Not Available,Not Available,893.1,Office,2.1,Not Available,7,Not Available,Not Available,Not Available,Not Available,Not Available,Not Available,Not Available,Not Available,Not Available,Not Available,Not Available,Not Available,Not Available,Not Available,Not Available,Not Available,Ok,Not Available,Not Available
3214 Beverly Road,Not Available,286761.5,0,Not Available,Not Available,Not Available,Ok,Not Available,Not Available,25675,Not Available,0.9,Not Available,24.2,Not Available,Not Available,Not Available,2238.2,Ok,Not Available,Not Available,Not Available,2023-07-26T00:00:00.000,Not Available,Not Available,3049320006,Whole Property,Not Available,Not Available,2238.2,Multifamily Housing,2.9,27,3,Not Available,Not Available,Not Available,Not Available,Not Available,Not Available,Not Available,Not Available,Not Available,Not Available,Not Available,Not Available,Not Available,Not Available,Not Available,Not Available,Ok,Not Available,Not Available
Feldco 1029,Not Available,1150990.4,0,Not Available,Not Available,Not Available,Ok,Not Available,Not Available,33750,Not Available,2.9,Not Available,97.3,Not Available,Not Available,Not Available,411.1,Ok,Not Available,Not Available,Not Available,,Not Available,Not Available,2027240190,Whole Property,Not Available,Not Available,411.1,Office,30.3,Not Available,11,Not Available,Not Available,Not Available,Not Available,Not Available,Not Available,Not Available,Not Available,Not Available,Not Available,Not Available,Not Available,Not Available,Not Available,Not Available,Not Available,Ok,Not Available,Not Available
52-15 Metropolitan Avenue,Not Available,18302,0,Not Available,Not Available,Not Available,Ok,Not Available,Not Available,41300,Not Available,0,Not Available,1.5,Not Available,Not Available,Not Available,120.5,Ok,Not Available,Not Available,Not Available,,Not Available,Not Available,4026320012,Whole Property,Not Available,Not Available,120.5,Non-Refrigerated Warehouse,0.6,Not Available,5,Not Available,Not Available,Not Available,Not Available,Not Available,Not Available,Not Available,Not Available,Not Available,Not Available,Not Available,Not Available,Not Available,Not Available,Not Available,Not Available,Ok,Not Available,Not Available
141 West 28th street,Not Available,945372.1,0,Not Available,Not Available,Not Available,Ok,Not Available,Not Available,63791,Not Available,1.3,Not Available,79.9,Not Available,Not Available,Not Available,266.1,Ok,Not Available,Not Available,Not Available,2022-04-11T00:00:00.000,Not Available,Not Available,1008040013,Whole Property,Not Available,Not Available,266.1,Office,3.9,Not Available,4,Not Available,Not Available,Not Available,Not Available,Not Available,Not Available,Not Available,Not Available,Not Available,Not Available,Not Available,Not Available,Not Available,Not Available,Not Available,Not Available,Ok,Not Available,Not Available
263 Eastern Parkway,Not Available,734593.3,1,Not Available,Not Available,Not Available,Ok,Not Available,Not Available,74990,Not Available,0.8,Not Available,62.1,Not Available,Not Available,Not Available,5329.8,Ok,Not Available,Not Available,No,,Not Available,Not Available,3011810018,Whole Property,Not Available,Not Available,5329.8,Multifamily Housing,5.8,62,4,Not Available,Not Available,Not Available,Not Available,Not Available,Not Available,Not Available,Not Available,Not Available,Not Available,Not Available,Not Available,Not Available,Not Available,Not Available,Not Available,Ok,Not Available,Not Available
KM 996 Aldus Street,Not Available,819852.4,0,Not Available,Not Available,Not Available,Ok,Not Available,Not Available,46068,Not Available,1.5,Not Available,69.3,Not Available,Not Available,Not Available,Not Available,Ok,Not Available,Not Available,Not Available,2023-04-18T00:00:00.000,Not Available,Not Available,2027470028,Not Available,Not Available,Not Available,Not Available,Multifamily Housing,7.1,51,9,Not Available,Not Available,Not Available,Not Available,Not Available,Not Available,Not Available,Not Available,Not Available,Not Available,Not Available,Not Available,Not Available,Not Available,Not Available,Not Available,Ok,Not Available,Not Available
23 East 39 St,Not Available,1744238.3,0,Not Available,Not Available,Not Available,Ok,Not Available,Not Available,39964,Not Available,3.7,Not Available,147.5,Not Available,Not Available,Not Available,1924,Ok,Not Available,Not Available,Not Available,,Not Available,Not Available,1008690025,Whole Property,Not Available,Not Available,1924,Hotel,5.1,Not Available,3,Not Available,Not Available,Not Available,Not Available,Not Available,Not Available,Not Available,Not Available,Not Available,Not Available,Not Available,Not Available,Not Available,Not Available,Not Available,Not Available,Ok,Not Available,Not Available
Living - 195 Bowery St,Not Available,1107398.7,0,Not Available,Not Available,Not Available,Ok,Not Available,Not Available,44203,Not Available,2.1,Not Available,93.6,Not Available,Not Available,Not Available,619,Ok,Not Available,Not Available,Not Available,,Not Available,Not Available,1004257501,Whole Property,Not Available,Not Available,619,Multifamily Housing,5.3,23,5,Not Available,Not Available,Not Available,Not Available,Not Available,Not Available,Not Available,Not Available,Not Available,Not Available,Not Available,Not Available,Not Available,Not Available,Not Available,Not Available,Ok,Not Available,Not Available
FAMILY SUPPORT FAMILY SUPPORT SYSTEMS UNL. HDFC,Not Available,435009.5,0,Not Available,Not Available,Not Available,Ok,Not Available,Not Available,37960,Not Available,1,Not Available,36.8,Not Available,Not Available,Not Available,4690.3,Ok,Not Available,Not Available,100.0% Yes,,Not Available,Not Available,2028070027,Whole Property,Not Available,Not Available,4690.3,Multifamily Housing,6.1,39,3,Not Available,Not Available,Not Available,Not Available,Not Available,Not Available,Not Available,Not Available,Not Available,Not Available,Not Available,Not Available,Not Available,Not Available,Not Available,Not Available,Ok,Not Available,Not Available
1150 Metropolitan Ave,Not Available,15343.8,0,Not Available,Not Available,Not Available,Ok,Not Available,Not Available,83600,Not Available,0,Not Available,1.3,Not Available,Not Available,Not Available,Not Available,Ok,Not Available,Not Available,Not Available,,Not Available,Not Available,3029430002,Not Available,Not Available,Not Available,Not Available,Non-Refrigerated Warehouse,0,Not Available,3,Not Available,Not Available,Not Available,Not Available,Not Available,Not Available,Not Available,Not Available,Not Available,Not Available,Not Available,Not Available,Not Available,Not Available,Not Available,Not Available,Ok,Not Available,Not Available
Living - 43 Bleecker Street,Not Available,226133.7,0,Not Available,Not Available,Not Available,Ok,Not Available,Not Available,37993,Not Available,0.5,Not Available,19.1,Not Available,Not Available,Not Available,70,Ok,Not Available,Not Available,Not Available,,Not Available,Not Available,1005290062,Whole Property,Not Available,Not Available,70,Multifamily Housing,0.5,18,6,Not Available,Not Available,Not Available,Not Available,Not Available,Not Available,Not Available,Not Available,Not Available,Not Available,Not Available,Not Available,Not Available,Not Available,Not Available,Not Available,Ok,Not Available,Not Available
KM - 33-01 Vernon Blvd,Not Available,1456872.8,0,Not Available,Not Available,Not Available,Ok,Not Available,Not Available,27400,Not Available,4.5,Not Available,123.2,Not Available,Not Available,Not Available,215.4,Ok,Not Available,Not Available,Not Available,,Not Available,Not Available,4003210011,Whole Property,Not Available,Not Available,215.4,Office,6.9,Not Available,2,Not Available,Not Available,Not Available,Not Available,Not Available,Not Available,Not Available,Not Available,Not Available,Not Available,Not Available,Not Available,Not Available,Not Available,Not Available,Not Available,Ok,Not Available,Not Available
2821 Briggs Realty LLC,Not Available,500117.3,0,Not Available,Not Available,Not Available,Ok,Not Available,Not Available,30780,Not Available,1.4,Not Available,42.3,Not Available,Not Available,Not Available,7845.6,Ok,Not Available,Not Available,No,,Not Available,Not Available,2033010066,Whole Property,Not Available,Not Available,7845.6,Multifamily Housing,7.6,31,6,Not Available,Not Available,Not Available,Not Available,Not Available,Not Available,Not Available,Not Available,Not Available,Not Available,Not Available,Not Available,Not Available,Not Available,Not Available,Not Available,Ok,Not Available,Not Available
Morton Barrow Condo - 456 Hudson St,Not Available,573615.1,0,Not Available,Not Available,Not Available,Ok,Not Available,Not Available,14130,Not Available,3.4,Not Available,48.5,Not Available,Not Available,Not Available,3217.5,Ok,Not Available,Not Available,Not Available,,Not Available,Not Available,1005847501,Whole Property,Not Available,Not Available,3217.5,Retail Store,5.1,Not Available,6,Not Available,Not Available,Not Available,Not Available,Not Available,Not Available,Not Available,Not Available,Not Available,Not Available,Not Available,Not Available,Not Available,Not Available,Not Available,Not Available,Ok,Not Available,Not Available
55 East 196 Street,Not Available,593162,0,Not Available,Not Available,Not Available,Ok,Not Available,Not Available,35532,Not Available,1.4,Not Available,50.1,Not Available,Not Available,Not Available,2472.9,Ok,Not Available,Not Available,Not Available,,Not Available,Not Available,2033180069,Whole Property,Not Available,Not Available,2472.9,Multifamily Housing,4.4,35,4,Not Available,Not Available,Not Available,Not Available,Not Available,Not Available,Not Available,Not Available,Not Available,Not Available,Not Available,Not Available,Not Available,Not Available,Not Available,Not Available,Ok,Not Available,Not Available
ADI: 43-07 39th Place,Not Available,715916.2,0,3235,Not Available,Not Available,Ok,Not Available,Not Available,70475,Not Available,0.9,Not Available,60.5,Not Available,Not Available,Not Available,2422.2,Ok,Not Available,Not Available,No,2022-07-13T00:00:00.000,Not Available,Not Available,4-00190-0020,Whole Property,Not Available,Not Available,2422.2,Multifamily Housing,3.4,70,7,Not Available,Not Available,Not Available,Not Available,Not Available,Not Available,Not Available,Not Available,Not Available,Not Available,Not Available,Not Available,Not Available,Not Available,Not Available,Not Available,Ok,Not Available,Not Available
Living - 809 Madison Ave/30 E 68th St,Not Available,684464.3,0,Not Available,Not Available,Not Available,Ok,Not Available,Not Available,41371,Not Available,7.1,Not Available,293,Not Available,Not Available,Not Available,2822.5,Ok,Not Available,Not Available,Not Available,2023-03-01T00:00:00.000,Not Available,Not Available,1013820049,Whole Property,Not Available,Not Available,2822.5,Multifamily Housing,7.1,36,9,Not Available,Not Available,Not Available,Not Available,Not Available,No,Not Available,Not Available,Not Available,Not Available,Not Available,Not Available,Not Available,Not Available,Not Available,Not Available,Ok,Not Available,Not Available
Maxwell: 14 E 75th St.,Not Available,2642518.9,0,Not Available,Not Available,Not Available,Ok,Not Available,Not Available,145136,Not Available,1.5,Not Available,223.4,Not Available,4.77,Not Available,2106.5,Ok,Not Available,Not Available,Not Available,,Not Available,Not Available,1013890056,Whole Property,Not Available,Not Available,2106.5,Multifamily Housing,3.5,49,10,Not Available,Not Available,Not Available,Not Available,Not Available,Not Available,Not Available,Not Available,Not Available,Not Available,Not Available,65,Not Available,Not Available,Not Available,Not Available,Ok,Not Available,Not Available
M&&L: 2280 Andrews Ave,Not Available,800980.7,0,Not Available,Not Available,Not Available,Ok,Not Available,Not Available,81144,Not Available,0.8,Not Available,67.7,Not Available,Not Available,Not Available,4835.9,Ok,Not Available,Not Available,No,2023-04-18T00:00:00.000,Not Available,Not Available,2-03218-0011,Whole Property,Not Available,Not Available,4835.9,Multifamily Housing,3.7,53,9,Not Available,Not Available,Not Available,Not Available,Not Available,Not Available,Not Available,Not Available,Not Available,Not Available,Not Available,Not Available,Not Available,Not Available,Not Available,Not Available,Ok,Not Available,Not Available
Northern Star - 147-25 Northern Blvd,Not Available,1660664.8,0,Not Available,Not Available,Not Available,Ok,Not Available,Not Available,140000,Not Available,1,Not Available,140.4,Not Available,Not Available,Not Available,11231.3,Ok,Not Available,Not Available,Not Available,,Not Available,Not Available,4050050059,Whole Property,Not Available,Not Available,11231.3,Multifamily Housing,5.5,146,5,Not Available,Not Available,Not Available,Not Available,Not Available,Not Available,Not Available,Not Available,Not Available,Not Available,Not Available,Not Available,Not Available,Not Available,Not Available,Not Available,Ok,Not Available,Not Available
1952 Benedict Avenue,Not Available,2337011.9,0,Not Available,Not Available,Not Available,Ok,Not Available,Not Available,35298,Not Available,5.6,Not Available,197.6,Not Available,Not Available,Not Available,439.2,Ok,Not Available,Not Available,Not Available,,Not Available,Not Available,2039300033,Whole Property,Not Available,Not Available,439.2,K-12 School,7.3,Not Available,2,Not Available,Not Available,Not Available,Not Available,Not Available,Not Available,Not Available,Not Available,Not Available,Not Available,Not Available,Not Available,Not Available,Not Available,Not Available,Not Available,Ok,Not Available,Not Available
802 Avenue U,Not Available,305769.8,0,Not Available,Not Available,Not Available,Ok,Not Available,Not Available,41000,Not Available,0.6,Not Available,25.9,Not Available,Not Available,Not Available,1056.2,Ok,Not Available,Not Available,No,,Not Available,Not Available,3071357501,Whole Property,Not Available,Not Available,1056.2,Multifamily Housing,2.1,20,4,Not Available,Not Available,Not Available,Not Available,Not Available,Not Available,Not Available,Not Available,Not Available,Not Available,Not Available,Not Available,Not Available,Not Available,Not Available,Not Available,Ok,Not Available,Not Available
KM 409 Hewes Street,Not Available,513843.8,0,Not Available,Not Available,Not Available,Ok,Not Available,Not Available,27774,Not Available,1.6,Not Available,43.4,Not Available,Not Available,Not Available,2783.2,Ok,Not Available,Not Available,Not Available,,Not Available,Not Available,3024250026,Whole Property,Not Available,Not Available,2783.2,Multifamily Housing,6.3,35,4,Not Available,Not Available,Not Available,Not Available,Not Available,Not Available,Not Available,Not Available,Not Available,Not Available,Not Available,Not Available,Not Available,Not Available,Not Available,Not Available,Ok,Not Available,Not Available
Tim Hoffman:383 West Broadway,Not Available,1368515.8,0,Not Available,Not Available,Not Available,Ok,Not Available,Not Available,74536,Not Available,1.6,Not Available,115.7,Not Available,Not Available,Not Available,Not Available,Ok,Not Available,Not Available,No,2023-03-29T00:00:00.000,Not Available,Not Available,1-00487-0012,Whole Property,Not Available,Not Available,Not Available,Multifamily Housing,4.6,8,8,Not Available,Not Available,Not Available,Not Available,Not Available,Not Available,Not Available,Not Available,Not Available,Not Available,Not Available,Not Available,Not Available,Not Available,Not Available,Not Available,Ok,Not Available,Not Available
22 W 32ND STREET,Not Available,2858686.2,0,Not Available,Not Available,Not Available,Ok,Not Available,Not Available,113000,Not Available,2.1,Not Available,241.7,Not Available,Not Available,Not Available,Not Available,Ok,Not Available,Not Available,Not Available,2023-04-04T00:00:00.000,Not Available,Not Available,1008330057,Whole Property,Not Available,Not Available,Not Available,Office,4.1,Not Available,5,Not Available,Not Available,Not Available,Not Available,Not Available,Not Available,Not Available,Not Available,Not Available,Not Available,Not Available,Not Available,Not Available,Not Available,Not Available,Not Available,Ok,Not Available,Not Available
286-Aliz Times Square,Not Available,5929963.7,0,Not Available,Not Available,Not Available,Ok,Not Available,Not Available,114917,Not Available,4.4,Not Available,501.3,Not Available,Not Available,Not Available,Not Available,Ok,Not Available,Not Available,Not Available,,Not Available,Not Available,1-00763-0047,Whole Property,Not Available,Not Available,Not Available,Hotel,6.2,Not Available,2,Not Available,Not Available,Not Available,Not Available,Not Available,Not Available,Not Available,Not Available,Not Available,Not Available,Not Available,Not Available,Not Available,Not Available,Not Available,Not Available,Ok,Not Available,Not Available
Witnick - 145 Henry Street,Not Available,594633.1,0,Not Available,Not Available,Not Available,Ok,Not Available,Not Available,40410,Not Available,1.2,Not Available,50.3,Not Available,Not Available,Not Available,967.2,Ok,Not Available,Not Available,Not Available,,Not Available,Not Available,3002370020,Whole Property,Not Available,Not Available,967.2,Multifamily Housing,2.3,42,4,Not Available,Not Available,Not Available,Not Available,Not Available,Not Available,Not Available,Not Available,Not Available,Not Available,Not Available,Not Available,Not Available,Not Available,Not Available,Not Available,Ok,Not Available,Not Available
Storage Garage,Not Available,2265158.5,0,Not Available,Not Available,Not Available,Ok,Not Available,Not Available,2000,Not Available,95.7,Not Available,191.5,Not Available,Not Available,Not Available,Not Available,Ok,Not Available,Not Available,Not Available,,Not Available,Not Available,4018330215,Not Available,Not Available,Not Available,Not Available,Non-Refrigerated Warehouse,95.7,Not Available,2,Not Available,Not Available,Not Available,Not Available,Not Available,Not Available,Not Available,Not Available,Not Available,Not Available,Not Available,Not Available,Not Available,Not Available,Not Available,Not Available,Ok,Not Available,Not Available
23-23 Borden Avenue,Not Available,1746476.6,0,Not Available,Not Available,Not Available,Ok,Not Available,Not Available,51000,Not Available,2.9,Not Available,147.6,Not Available,Not Available,Not Available,Not Available,Ok,Not Available,Not Available,Not Available,,Not Available,Not Available,4001050012,Not Available,Not Available,Not Available,Not Available,Mixed Use Property,3.6,Not Available,4,Not Available,Not Available,Not Available,Not Available,Not Available,Not Available,Not Available,Not Available,Not Available,20399,Not Available,Not Available,Not Available,Not Available,Not Available,Not Available,Ok,Not Available,Not Available
Christopher Lee: 279 East 44th Street,Not Available,6514047.3,0,Not Available,Not Available,Not Available,Ok,Not Available,Not Available,225567,Not Available,2.4,Not Available,550.7,Not Available,Not Available,Not Available,5005.4,Ok,Not Available,Not Available,Not Available,2023-04-03T00:00:00.000,Not Available,Not Available,1-01318-0022,Whole Property,Not Available,Not Available,5005.4,Multifamily Housing,8.5,249,12,Not Available,Not Available,Not Available,Not Available,Not Available,Not Available,Not Available,Not Available,Not Available,Not Available,Not Available,Not Available,Not Available,Not Available,Not Available,Not Available,Ok,Not Available,Not Available
Maxwell: 1601 AVENUE I,Not Available,1453945.3,0,17500,Not Available,Not Available,Ok,Not Available,Not Available,159088,Not Available,0.8,Not Available,122.9,Not Available,Not Available,Not Available,3904.8,Ok,Not Available,Not Available,Not Available,2023-05-25T00:00:00.000,Not Available,Not Available,3067000038,Whole Property,Not Available,Not Available,3904.8,Multifamily Housing,3.8,130,6,Not Available,Not Available,Not Available,Not Available,Not Available,Not Available,Not Available,Not Available,Not Available,Not Available,Not Available,Not Available,Not Available,Not Available,Not Available,Not Available,Ok,Not Available,Not Available
Maverick: 1000 Pennsylvania Ave,Not Available,10401427.6,0,Not Available,Not Available,Not Available,Ok,Not Available,Not Available,428000,Not Available,2.1,Not Available,879.3,Not Available,Not Available,Not Available,3500.1,Ok,Not Available,Not Available,Not Available,,Not Available,Not Available,3-04389-0001,Whole Property,Not Available,Not Available,3500.1,Non-Refrigerated Warehouse,3.1,Not Available,3,Not Available,Not Available,Not Available,Not Available,Not Available,Not Available,Not Available,Not Available,Not Available,Not Available,Not Available,Not Available,Not Available,Not Available,Not Available,Not Available,Ok,Not Available,Not Available
Living - 68 Richardson St,Not Available,852467.6,0,Not Available,Not Available,Not Available,Ok,Not Available,Not Available,32532,Not Available,2.2,Not Available,72.1,Not Available,Not Available,Not Available,Not Available,Ok,Not Available,Not Available,Not Available,,Not Available,Not Available,3027320005,Whole Property,Not Available,Not Available,Not Available,Multifamily Housing,2.6,25,8,Not Available,Not Available,Not Available,Not Available,Not Available,Not Available,Not Available,Not Available,Not Available,Not Available,Not Available,Not Available,Not Available,Not Available,Not Available,Not Available,Ok,Not Available,Not Available
Central Building,Not Available,1395451.2,0,Not Available,Not Available,Not Available,Ok,Not Available,Not Available,35196,Not Available,3.4,Not Available,118,Not Available,Not Available,Not Available,484,Ok,Not Available,Not Available,Not Available,,Not Available,Not Available,4157040040,Whole Property,Not Available,Not Available,484,Mixed Use Property,4.6,Not Available,12,Not Available,Not Available,Not Available,Not Available,Not Available,Not Available,Not Available,Not Available,Not Available,Not Available,Not Available,Not Available,Not Available,Not Available,Not Available,Not Available,Ok,Not Available,Not Available
2471 Grand Avenue,Not Available,689065.5,0,Not Available,Not Available,Not Available,Ok,Not Available,Not Available,43000,Not Available,1.4,Not Available,58.3,Not Available,Not Available,Not Available,Not Available,Ok,Not Available,Not Available,Not Available,,Not Available,Not Available,2-03213-0033,Not Available,Not Available,Not Available,Not Available,Multifamily Housing,5,48,3,Not Available,Not Available,Not Available,Not Available,Not Available,Not Available,Not Available,Not Available,Not Available,Not Available,Not Available,Not Available,Not Available,Not Available,Not Available,Not Available,Ok,Not Available,Not Available
Delta Management- 155 East 91 Street,Not Available,501001,0,Not Available,Not Available,Not Available,Ok,Not Available,Not Available,37854,Not Available,1.1,Not Available,42.4,Not Available,Not Available,Not Available,1250.7,Ok,Not Available,Not Available,No,,Not Available,Not Available,1-01520-0025,Whole Property,Not Available,Not Available,1250.7,Multifamily Housing,4.1,43,8,Not Available,Not Available,Not Available,Not Available,Not Available,Not Available,Not Available,Not Available,Not Available,Not Available,Not Available,Not Available,Not Available,Not Available,Not Available,Not Available,Ok,Not Available,Not Available
724 5th Avenue,Not Available,4138557.6,0,Not Available,Not Available,Not Available,Ok,Not Available,Not Available,62648,Not Available,6.8,Not Available,424.7,Not Available,Not Available,Not Available,Not Available,Ok,Not Available,Not Available,Not Available,2023-03-01T00:00:00.000,Not Available,Not Available,1012727502,Not Available,Not Available,Not Available,Not Available,Office,6.8,Not Available,4,Not Available,Not Available,Not Available,Not Available,Not Available,No,Not Available,Not Available,Not Available,Not Available,Not Available,Not Available,Not Available,Not Available,Not Available,Not Available,Ok,Not Available,Not Available
Pelican: 146 BEACH 24 STREET,Not Available,Not Available,0,Not Available,Not Available,Not Available,Ok,Not Available,Not Available,94032,Not Available,0,Not Available,0,Not Available,Not Available,Not Available,8175.6,Ok,Not Available,Not Available,No,,Not Available,Not Available,4-15815-0071,Whole Property,Not Available,Not Available,8175.6,Multifamily Housing,2.5,122,2,Not Available,Not Available,Not Available,Not Available,Not Available,Not Available,Not Available,Not Available,Not Available,Not Available,Not Available,Not Available,Not Available,Not Available,Not Available,Not Available,Ok,Not Available,Not Available
Tenere: 83-75 118th Street,Not Available,1747070.2,0,Not Available,Not Available,Not Available,Ok,Not Available,Not Available,155526,Not Available,0.9,Not Available,147.7,Not Available,Not Available,Not Available,6894.6,Ok,Not Available,Not Available,No,2022-08-26T00:00:00.000,Not Available,Not Available,4-03322-0156,Whole Property,Not Available,Not Available,6894.6,Multifamily Housing,4.4,150,8,Not Available,Not Available,Not Available,Not Available,Not Available,Not Available,Not Available,Not Available,Not Available,Not Available,Not Available,Not Available,Not Available,Not Available,Not Available,Not Available,Ok,Not Available,Not Available
Point Realty- 171 Meserole Street,Not Available,293309.2,0,Not Available,Not Available,Not Available,Ok,Not Available,Not Available,33000,Not Available,0.8,Not Available,24.8,Not Available,Not Available,Not Available,Not Available,Ok,Not Available,Not Available,No,2022-03-23T00:00:00.000,Not Available,Not Available,3-03044-0026,Not Available,Not Available,Not Available,Not Available,Multifamily Housing,5.7,39,5,Not Available,Not Available,Not Available,Not Available,Not Available,Not Available,Not Available,Not Available,Not Available,Not Available,Not Available,Not Available,Not Available,Not Available,Not Available,Not Available,Ok,Not Available,Not Available
M&&L: 1849 Sedgwick Ave,Not Available,2750194.8,0,Not Available,Not Available,Not Available,Ok,Not Available,Not Available,184843,Not Available,1.3,Not Available,232.5,Not Available,Not Available,Not Available,21752.6,Ok,Not Available,Not Available,No,2023-04-13T00:00:00.000,Not Available,Not Available,2-02881-0084,Whole Property,Not Available,Not Available,21752.6,Multifamily Housing,5,147,6,Not Available,Not Available,Not Available,Not Available,Not Available,Not Available,Not Available,Not Available,Not Available,Not Available,Not Available,Not Available,Not Available,Not Available,Not Available,Not Available,Ok,Not Available,Not Available
M&&L: 164-30 Hillside Ave,Not Available,2567495.9,0,Not Available,Not Available,Not Available,Ok,Not Available,Not Available,146880,Not Available,1.5,Not Available,217.1,Not Available,Not Available,Not Available,6703.3,Ok,Not Available,Not Available,No,2023-04-02T00:00:00.000,Not Available,Not Available,4-09814-0026,Whole Property,Not Available,Not Available,6703.3,Multifamily Housing,5.8,158,7,Not Available,Not Available,Not Available,Not Available,Not Available,Not Available,Not Available,Not Available,Not Available,Not Available,Not Available,Not Available,Not Available,Not Available,Not Available,Not Available,Ok,Not Available,Not Available
B&R: 425 West 205th Street,Not Available,1092536,0,Not Available,Not Available,Not Available,Ok,Not Available,Not Available,83425,Not Available,1.1,Not Available,92.4,Not Available,Not Available,Not Available,4476.3,Ok,Not Available,Not Available,No,2023-04-10T00:00:00.000,Not Available,Not Available,1-02202-0033,Whole Property,Not Available,Not Available,4476.3,Multifamily Housing,5.3,72,8,Not Available,Not Available,Not Available,Not Available,Not Available,Not Available,Not Available,Not Available,Not Available,Not Available,Not Available,Not Available,Not Available,Not Available,Not Available,Not Available,Ok,Not Available,Not Available
275-277 Realty LLC,Not Available,851126.8,0,Not Available,Not Available,Not Available,Ok,Not Available,Not Available,79318,Not Available,0.9,Not Available,72,Not Available,Not Available,Not Available,6409.3,Ok,Not Available,Not Available,No,,Not Available,Not Available,3046520069,Whole Property,Not Available,Not Available,6409.3,Multifamily Housing,3.9,78,7,Not Available,Not Available,Not Available,Not Available,Not Available,Not Available,Not Available,Not Available,Not Available,Not Available,Not Available,Not Available,Not Available,Not Available,Not Available,Not Available,Ok,Not Available,Not Available
10 Westminster Road LLC,Not Available,352121.8,0,Not Available,Not Available,Not Available,Ok,Not Available,Not Available,25990,Not Available,2.2,Not Available,56.8,Not Available,Not Available,Not Available,1512.3,Ok,Not Available,Not Available,No,2023-04-13T00:00:00.000,Not Available,Not Available,3050720006,Whole Property,Not Available,Not Available,1512.3,Multifamily Housing,5.7,21,5,Not Available,Not Available,Not Available,Not Available,Not Available,Not Available,Not Available,Not Available,Not Available,Not Available,Not Available,Not Available,Not Available,Not Available,Not Available,Not Available,Ok,Not Available,Not Available
1111 Ward Ave LLC,Not Available,1973313.1,0,Not Available,Not Available,Not Available,Ok,Not Available,Not Available,43200,Not Available,3.9,Not Available,166.8,Not Available,Not Available,Not Available,6376.9,Ok,Not Available,Not Available,No,2023-04-12T00:00:00.000,Not Available,Not Available,2037410001,Whole Property,Not Available,Not Available,6376.9,Multifamily Housing,19.5,51,19,Not Available,Not Available,Not Available,Not Available,Not Available,Not Available,Not Available,Not Available,Not Available,Not Available,Not Available,Not Available,Not Available,Not Available,Not Available,Not Available,Ok,Not Available,Not Available
Bonita Management Corp.,Not Available,1199550.1,0,7000,Not Available,Not Available,Ok,Not Available,Not Available,33500,Not Available,3,Not Available,101.4,Not Available,Not Available,Not Available,84.5,Ok,Not Available,Not Available,No,,Not Available,Not Available,3019940007,Whole Property,Not Available,Not Available,84.5,Multifamily Housing,3.8,38,5,Not Available,Not Available,Not Available,Not Available,Not Available,Not Available,Not Available,Not Available,Not Available,Not Available,Not Available,Not Available,Not Available,Not Available,Not Available,Not Available,Ok,Not Available,Not Available
Benjamin Baum: 590 Flatbush Ave,Not Available,4721146.9,0,Not Available,Not Available,Not Available,Ok,Not Available,Not Available,346072,Not Available,1.2,Not Available,399.1,Not Available,Not Available,Not Available,Not Available,Ok,Not Available,Not Available,No,,Not Available,Not Available,3-05026-0132,Whole Property,Not Available,Not Available,Not Available,Multifamily Housing,4.2,272,6,Not Available,Not Available,Not Available,Not Available,Not Available,Not Available,Not Available,Not Available,Not Available,Not Available,Not Available,Not Available,Not Available,Not Available,Not Available,Not Available,Ok,Not Available,Not Available
275 West 140th,Not Available,2748246.6,0,Not Available,Not Available,Not Available,Ok,Not Available,Not Available,71363,Not Available,3.3,Not Available,232.3,Not Available,Not Available,Not Available,6382.8,Ok,Not Available,Not Available,Not Available,,Not Available,Not Available,1020267501,Whole Property,Not Available,Not Available,6382.8,Multifamily Housing,5.2,54,5,Not Available,4,Not Available,Not Available,Not Available,Not Available,Not Available,Not Available,Not Available,Not Available,16009,Not Available,Not Available,Not Available,Not Available,Not Available,Ok,Not Available,Not Available
102-23 Horace Harding Expressway,Not Available,535431.5,0,Not Available,Not Available,Not Available,Ok,Not Available,Not Available,30786,Not Available,1.5,Not Available,45.3,Not Available,Not Available,Not Available,2112.6,Ok,Not Available,Not Available,No,,Not Available,Not Available,4019560001,Whole Property,Not Available,Not Available,2112.6,Multifamily Housing,5,21,4,Not Available,Not Available,Not Available,Not Available,Not Available,Not Available,Not Available,Not Available,Not Available,Not Available,Not Available,Not Available,Not Available,Not Available,Not Available,Not Available,Ok,Not Available,Not Available
Michael Young: 147-30 38th Avenue,Not Available,774401.2,0,0,Not Available,Not Available,Ok,Not Available,Not Available,61445,Not Available,1.1,Not Available,65.5,Not Available,Not Available,Not Available,4232.8,Ok,Not Available,Not Available,No,2023-04-11T00:00:00.000,Not Available,Not Available,4-05026-0024,Whole Property,Not Available,Not Available,4232.8,Multifamily Housing,5.4,72,5,Not Available,Not Available,Not Available,Not Available,Not Available,Not Available,Not Available,Not Available,Not Available,Not Available,Not Available,Not Available,Not Available,Not Available,Not Available,Not Available,Ok,Not Available,Not Available
Delta Management- 64-11 99 Street,Not Available,1752120,0,8750,Not Available,Not Available,Ok,Not Available,Not Available,131340,Not Available,1.1,Not Available,148.1,Not Available,Not Available,Not Available,8147.8,Ok,Not Available,Not Available,Not Available,,Not Available,Not Available,4-02113-0001,Whole Property,Not Available,Not Available,8147.8,Multifamily Housing,5.3,119,5,Not Available,Not Available,Not Available,Not Available,Not Available,Not Available,Not Available,Not Available,Not Available,Not Available,Not Available,Not Available,Not Available,Not Available,Not Available,Not Available,Ok,Not Available,Not Available
123 West 43 Street,Not Available,1576047.2,0,Not Available,Not Available,Not Available,Ok,Not Available,Not Available,67424,Not Available,5,Not Available,334,Not Available,Not Available,Not Available,833.3,Ok,Not Available,Not Available,Not Available,2023-03-01T00:00:00.000,Not Available,Not Available,1009960021,Whole Property,Not Available,Not Available,833.3,Performing Arts,5.5,Not Available,5,Not Available,Not Available,Not Available,Not Available,Not Available,No,Not Available,Not Available,Not Available,Not Available,Not Available,Not Available,Not Available,Not Available,Not Available,Not Available,Ok,Not Available,Not Available
Werber: 91-30 Van Wyck Expressway,Not Available,1456333.7,0,Not Available,Not Available,Not Available,Ok,Not Available,Not Available,53555,Not Available,2.3,Not Available,123.1,Not Available,46.97,Not Available,18.5,Ok,Not Available,Not Available,Not Available,,Not Available,Not Available,4-09375-0174,Whole Property,Not Available,Not Available,18.5,Retail Store,3.5,Not Available,5,Not Available,Not Available,Not Available,Not Available,Not Available,Not Available,Not Available,Not Available,Not Available,Not Available,Not Available,65,Not Available,Not Available,Not Available,Not Available,Ok,Not Available,Not Available
41-45 TIEMANN PLACE,Not Available,775871.7,0,Not Available,Not Available,Not Available,Ok,Not Available,Not Available,57996,Not Available,1.1,Not Available,65.6,Not Available,Not Available,Not Available,2834.1,Ok,Not Available,Not Available,Not Available,,Not Available,Not Available,1019950016,Whole Property,Not Available,Not Available,2834.1,Multifamily Housing,5.8,99,9,Not Available,Not Available,Not Available,Not Available,Not Available,Not Available,Not Available,Not Available,Not Available,Not Available,Not Available,Not Available,Not Available,Not Available,Not Available,Not Available,Ok,Not Available,Not Available
Superior: 64-85 Saunders Street,Not Available,736780.5,0,Not Available,Not Available,Not Available,Ok,Not Available,Not Available,74900,Not Available,0.8,Not Available,62.3,Not Available,Not Available,Not Available,2829.1,Ok,Not Available,Not Available,No,,Not Available,Not Available,4-03084-0039,Whole Property,Not Available,Not Available,2829.1,Multifamily Housing,4.2,61,5,Not Available,Not Available,Not Available,Not Available,Not Available,Not Available,Not Available,Not Available,Not Available,Not Available,Not Available,Not Available,Not Available,Not Available,Not Available,Not Available,Ok,Not Available,Not Available
CQ- 41-42 66 Street,Not Available,452055.9,0,Not Available,Not Available,Not Available,Ok,Not Available,Not Available,27425,Not Available,1.4,Not Available,38.2,Not Available,Not Available,Not Available,2131.1,Ok,Not Available,Not Available,No,,Not Available,Not Available,4-01298-0079,Whole Property,Not Available,Not Available,2131.1,Multifamily Housing,6.5,35,4,Not Available,Not Available,Not Available,Not Available,Not Available,Not Available,Not Available,Not Available,Not Available,Not Available,Not Available,Not Available,Not Available,Not Available,Not Available,Not Available,Ok,Not Available,Not Available
43-01 22nd Street Owners LLC,Not Available,2872334.4,0,Not Available,Not Available,Not Available,Ok,Not Available,Not Available,196260,Not Available,1.2,Not Available,242.8,Not Available,Not Available,Not Available,1772.5,Ok,Not Available,Not Available,Not Available,2023-02-08T00:00:00.000,Not Available,Not Available,4004400008,Whole Property,Not Available,Not Available,1772.5,Office,3.4,Not Available,5,Not Available,Not Available,Not Available,Not Available,Not Available,Not Available,Not Available,Not Available,Not Available,31000,Not Available,Not Available,Not Available,Not Available,Not Available,Not Available,Ok,Not Available,Not Available
Coda Hotel,Not Available,6174529.3,0,Not Available,Not Available,Not Available,Ok,Not Available,Not Available,25059,Not Available,20.8,Not Available,522,Not Available,Not Available,Not Available,2701.4,Ok,Not Available,Not Available,Not Available,,Not Available,Not Available,3-02290-0010,Whole Property,Not Available,Not Available,2701.4,Hotel,25.1,Not Available,10,Not Available,Not Available,Not Available,Not Available,Not Available,Not Available,Not Available,Not Available,Not Available,Not Available,Not Available,Not Available,Not Available,Not Available,Not Available,Not Available,Ok,Not Available,Not Available
CQ- 90-05 153rd Street,Not Available,890398.9,0,2125,Not Available,Not Available,Ok,Not Available,Not Available,57144,Not Available,1.3,Not Available,75.3,Not Available,Not Available,Not Available,6231.3,Ok,Not Available,Not Available,Not Available,2022-03-01T00:00:00.000,Not Available,Not Available,4-09753-0015,Whole Property,Not Available,Not Available,6231.3,Multifamily Housing,5,61,5,Not Available,Not Available,Not Available,Not Available,Not Available,Not Available,Not Available,Not Available,Not Available,Not Available,Not Available,Not Available,Not Available,Not Available,Not Available,Not Available,Ok,Not Available,Not Available
2180 Bronx Park East,Not Available,1069907.8,0,Not Available,Not Available,Not Available,Ok,Not Available,Not Available,75133,Not Available,1.2,Not Available,90.5,Not Available,Not Available,Not Available,6232.8,Ok,Not Available,Not Available,Not Available,2020-04-23T00:00:00.000,Not Available,Not Available,2043170019,Whole Property,Not Available,Not Available,6232.8,Multifamily Housing,4.1,71,3,Not Available,Not Available,Not Available,Not Available,Not Available,Not Available,Not Available,Not Available,Not Available,Not Available,Not Available,Not Available,Not Available,Not Available,Not Available,Not Available,Ok,Not Available,Not Available
KM - 104 Ross Street,Not Available,3254798.9,0,Not Available,Not Available,Not Available,Ok,Not Available,Not Available,93542,Not Available,2.9,Not Available,275.2,Not Available,Not Available,Not Available,Not Available,Ok,Not Available,Not Available,Not Available,,Not Available,Not Available,3021860001,Not Available,Not Available,Not Available,Not Available,Multifamily Housing,7,81,4,Not Available,Not Available,Not Available,Not Available,Not Available,Not Available,Not Available,Not Available,Not Available,Not Available,Not Available,Not Available,Not Available,Not Available,Not Available,Not Available,Ok,Not Available,Not Available
M&&L: 3530 Rochambeau Ave,Not Available,902146.4,0,Not Available,Not Available,Not Available,Ok,Not Available,Not Available,81900,Not Available,0.9,Not Available,76.3,Not Available,Not Available,Not Available,6228.2,Ok,Not Available,Not Available,No,2023-04-14T00:00:00.000,Not Available,Not Available,2-03328-0075,Whole Property,Not Available,Not Available,6228.2,Multifamily Housing,5.1,67,5,Not Available,Not Available,Not Available,Not Available,Not Available,Not Available,Not Available,Not Available,Not Available,Not Available,Not Available,Not Available,Not Available,Not Available,Not Available,Not Available,Ok,Not Available,Not Available
36-14 Bud Pl,Not Available,593019.2,0,Not Available,Not Available,Not Available,Ok,Not Available,Not Available,25670,Not Available,2,Not Available,50.1,Not Available,Not Available,Not Available,Not Available,Ok,Not Available,Not Available,Not Available,,Not Available,Not Available,4049680024,Whole Property,Not Available,Not Available,Not Available,Non-Refrigerated Warehouse,2.1,Not Available,5,Not Available,Not Available,Not Available,Not Available,Not Available,Not Available,Not Available,Not Available,Not Available,Not Available,Not Available,Not Available,Not Available,Not Available,Not Available,Not Available,Ok,Not Available,Not Available
2345 University Ave,Not Available,1782524.4,0,Not Available,Not Available,Not Available,Ok,Not Available,Not Available,70523,Not Available,2.1,Not Available,150.7,Not Available,Not Available,Not Available,Not Available,Ok,Not Available,Not Available,Not Available,,Not Available,Not Available,2032180035,Not Available,Not Available,Not Available,Not Available,Worship Facility,2.7,Not Available,3,Not Available,Not Available,Not Available,Not Available,Not Available,Not Available,Not Available,Not Available,Not Available,Not Available,Not Available,Not Available,Not Available,Not Available,Not Available,Not Available,Ok,Not Available,Not Available
CQ- 62-29 84th Street,Not Available,3520856.6,0,11000,Not Available,Not Available,Ok,Not Available,Not Available,292651,Not Available,1,Not Available,297.7,Not Available,Not Available,Not Available,23164.2,Ok,Not Available,Not Available,Not Available,2022-03-01T00:00:00.000,Not Available,Not Available,4-02974-0060,Whole Property,Not Available,Not Available,23164.2,Multifamily Housing,4.3,384,19,Not Available,Not Available,Not Available,Not Available,Not Available,Not Available,Not Available,Not Available,Not Available,Not Available,Not Available,Not Available,Not Available,Not Available,Not Available,Not Available,Ok,Not Available,Not Available
EM Holding: 93 Rapelye Street,Not Available,1752843.4,0,7599,Not Available,Not Available,Ok,Not Available,Not Available,58560,Not Available,2.5,Not Available,148.2,Not Available,Not Available,Not Available,2429,Ok,Not Available,Not Available,No,,Not Available,Not Available,3-00364-7501,Whole Property,Not Available,Not Available,2429,Multifamily Housing,4.3,41,5,Not Available,Not Available,Not Available,Not Available,Not Available,Not Available,Not Available,Not Available,Not Available,Not Available,Not Available,Not Available,Not Available,Not Available,Not Available,Not Available,Ok,Not Available,Not Available
M&&L: 41-08 42 St,Not Available,680284.6,0,Not Available,Not Available,Not Available,Ok,Not Available,Not Available,75255,Not Available,0.8,Not Available,57.5,Not Available,Not Available,Not Available,2691.5,Ok,Not Available,Not Available,No,2023-04-18T00:00:00.000,Not Available,Not Available,4-00184-0023,Whole Property,Not Available,Not Available,2691.5,Multifamily Housing,4,60,7,Not Available,Not Available,Not Available,Not Available,Not Available,Not Available,Not Available,Not Available,Not Available,Not Available,Not Available,Not Available,Not Available,Not Available,Not Available,Not Available,Ok,Not Available,Not Available
Poly Prep Country Day School,Not Available,8756719.5,0,0,Not Available,Not Available,Ok,Not Available,Not Available,152440,Not Available,4.9,Not Available,740.3,Not Available,Not Available,Not Available,1559.6,Ok,Not Available,Not Available,Not Available,,Not Available,Not Available,3061430001,Whole Property,Not Available,Not Available,1559.6,K-12 School,8,Not Available,16,Not Available,Not Available,Not Available,Not Available,Not Available,Not Available,Not Available,Not Available,Not Available,Not Available,Not Available,Not Available,Not Available,Not Available,Not Available,Not Available,Ok,Not Available,Not Available
45 Bowne Street,Not Available,543456.5,0,Not Available,Not Available,Not Available,Ok,Not Available,Not Available,32000,Not Available,1.4,Not Available,45.9,Not Available,Not Available,Not Available,Not Available,Ok,Not Available,Not Available,Not Available,,Not Available,Not Available,3005080010,Whole Property,Not Available,Not Available,Not Available,Non-Refrigerated Warehouse,1.9,Not Available,3,Not Available,Not Available,Not Available,Not Available,Not Available,Not Available,Not Available,Not Available,Not Available,Not Available,Not Available,Not Available,Not Available,Not Available,Not Available,Not Available,Ok,Not Available,Not Available
Quartz: 260 West 36th Street,Not Available,1780460.1,0,Not Available,Not Available,Not Available,Ok,Not Available,Not Available,87071,Not Available,1.7,Not Available,150.5,Not Available,Not Available,Not Available,Not Available,Ok,Not Available,Not Available,Not Available,2023-04-18T00:00:00.000,Not Available,Not Available,1-00785-0075,Whole Property,Not Available,Not Available,Not Available,Office,4.1,Not Available,6,Not Available,Not Available,Not Available,Not Available,Not Available,Not Available,Not Available,Not Available,Not Available,Not Available,Not Available,Not Available,Not Available,Not Available,Not Available,Not Available,Ok,Not Available,Not Available
KM - 80 Ross Street,Not Available,6309142.9,0,Not Available,Not Available,Not Available,Ok,Not Available,Not Available,93538,Not Available,5.7,Not Available,533.4,Not Available,Not Available,Not Available,Not Available,Ok,Not Available,Not Available,Not Available,,Not Available,Not Available,3021860001,Not Available,Not Available,Not Available,Not Available,Multifamily Housing,9.6,81,3,Not Available,Not Available,Not Available,Not Available,Not Available,Not Available,Not Available,Not Available,Not Available,Not Available,Not Available,Not Available,Not Available,Not Available,Not Available,Not Available,Ok,Not Available,Not Available
860 Pennsylvania Ave,Not Available,1227361.2,0,Not Available,Not Available,Not Available,Ok,Not Available,Not Available,31387,Not Available,3.3,Not Available,103.8,Not Available,Not Available,Not Available,2898.8,Ok,Not Available,Not Available,Not Available,,Not Available,Not Available,3043680001,Whole Property,Not Available,Not Available,2898.8,Hotel,5.4,Not Available,3,Not Available,Not Available,Not Available,Not Available,Not Available,Not Available,Not Available,Not Available,Not Available,Not Available,Not Available,Not Available,Not Available,Not Available,Not Available,Not Available,Ok,Not Available,Not Available
224 Centre Street,Not Available,163868.1,0,Not Available,Not Available,Not Available,Ok,Not Available,Not Available,44034,Not Available,0.3,Not Available,13.9,Not Available,Not Available,Not Available,166.4,Ok,Not Available,Not Available,Not Available,2023-04-25T00:00:00.000,Not Available,Not Available,1002350013,Whole Property,Not Available,Not Available,166.4,Office,2.4,Not Available,6,Not Available,Not Available,Not Available,Not Available,Not Available,Not Available,Not Available,Not Available,Not Available,Not Available,Not Available,Not Available,Not Available,Not Available,Not Available,Not Available,Ok,Not Available,Not Available
280 Crown Street LLC,Not Available,1028178.9,0,Not Available,Not Available,Not Available,Ok,Not Available,Not Available,61894,Not Available,1.4,Not Available,86.9,Not Available,Not Available,Not Available,Not Available,Ok,Not Available,Not Available,No,,Not Available,Not Available,3012960039,Whole Property,Not Available,Not Available,Not Available,Multifamily Housing,4.4,70,10,Not Available,Not Available,Not Available,Not Available,Not Available,Not Available,Not Available,Not Available,Not Available,Not Available,Not Available,Not Available,Not Available,Not Available,Not Available,Not Available,Ok,Not Available,Not Available
106 West 117 St,Not Available,1401663.2,0,Not Available,Not Available,Not Available,Ok,Not Available,Not Available,96482,Not Available,1.2,Not Available,118.5,Not Available,Not Available,Not Available,1739,Ok,Not Available,Not Available,Not Available,,Not Available,Not Available,1019017501,Whole Property,Not Available,Not Available,1739,Multifamily Housing,2.6,28,10,Not Available,Not Available,Not Available,Not Available,Not Available,Not Available,Not Available,Not Available,Not Available,Not Available,Not Available,Not Available,Not Available,Not Available,Not Available,Not Available,Ok,Not Available,Not Available
148 East 33 Street,Not Available,780658.8,0,27800,Not Available,Not Available,Ok,Not Available,Not Available,27800,Not Available,2.4,Not Available,66,Not Available,Not Available,Not Available,34.9,Ok,Not Available,Not Available,Not Available,,Not Available,Not Available,1008880051,Whole Property,Not Available,Not Available,34.9,Parking,2.5,Not Available,6,Not Available,Not Available,Not Available,Not Available,Not Available,Not Available,Not Available,Not Available,Not Available,Not Available,Not Available,Not Available,Not Available,Not Available,Not Available,Not Available,Ok,Not Available,Not Available
Living - 3750 Bronx Blvd,Not Available,529034,0,Not Available,Not Available,Not Available,Ok,Not Available,Not Available,43085,Not Available,1,Not Available,44.7,Not Available,Not Available,Not Available,3971.4,Ok,Not Available,Not Available,Not Available,,Not Available,Not Available,2046490021,Whole Property,Not Available,Not Available,3971.4,Multifamily Housing,1.2,42,7,Not Available,Not Available,Not Available,Not Available,Not Available,Not Available,Not Available,Not Available,Not Available,Not Available,Not Available,Not Available,Not Available,Not Available,Not Available,Not Available,Ok,Not Available,Not Available
39 West 29ST Owners COrp,Not Available,659266.3,0,Not Available,Not Available,Not Available,Ok,Not Available,Not Available,61675,Not Available,0.9,Not Available,55.7,Not Available,Not Available,Not Available,769,Ok,Not Available,Not Available,Not Available,2023-04-25T00:00:00.000,Not Available,Not Available,1008310010,Whole Property,Not Available,Not Available,769,Office,3.3,Not Available,4,Not Available,Not Available,Not Available,Not Available,Not Available,Not Available,Not Available,Not Available,Not Available,Not Available,Not Available,Not Available,Not Available,Not Available,Not Available,Not Available,Ok,Not Available,Not Available
Resolution -  347 West 36th Street,Not Available,1794800.7,0,Not Available,Not Available,Not Available,Ok,Not Available,Not Available,98454,Not Available,1.5,Not Available,151.7,Not Available,Not Available,Not Available,874.5,Ok,Not Available,Not Available,Not Available,2023-03-16T00:00:00.000,Not Available,Not Available,1007600012,Whole Property,Not Available,Not Available,874.5,Office,4.5,Not Available,7,Not Available,Not Available,Not Available,Not Available,Not Available,Not Available,Not Available,Not Available,Not Available,Not Available,Not Available,Not Available,Not Available,Not Available,Not Available,Not Available,Ok,Not Available,Not Available
"RCGT 2988-14, LLC",Not Available,484449.4,0,Not Available,Not Available,Not Available,Ok,Not Available,Not Available,32272,Not Available,1.3,Not Available,41,Not Available,Not Available,Not Available,Not Available,Ok,Not Available,Not Available,Not Available,,Not Available,Not Available,3029880014,Not Available,Not Available,Not Available,Not Available,Non-Refrigerated Warehouse,2.4,Not Available,6,Not Available,Not Available,Not Available,Not Available,Not Available,Not Available,Not Available,Not Available,Not Available,Not Available,Not Available,Not Available,Not Available,Not Available,Not Available,Not Available,Ok,Not Available,Not Available
Vitti Props Corp,Not Available,800970.4,0,Not Available,Not Available,Not Available,Ok,Not Available,Not Available,30132,Not Available,2.2,Not Available,67.7,Not Available,Not Available,Not Available,3209.9,Ok,Not Available,Not Available,100.0% Yes,2021-05-04T00:00:00.000,Not Available,Not Available,4006540067,Whole Property,Not Available,Not Available,3209.9,Multifamily Housing,2.8,40,8,Not Available,Not Available,Not Available,Not Available,Not Available,Not Available,Not Available,Not Available,Not Available,Not Available,Not Available,Not Available,Not Available,Not Available,Not Available,Not Available,Ok,Not Available,Not Available
Cedarcroft LLC,Not Available,20409,0,1100,Not Available,Not Available,Ok,Not Available,Not Available,48400,Not Available,0,Not Available,1.7,Not Available,Not Available,Not Available,Not Available,Ok,Not Available,Not Available,No,2023-04-26T00:00:00.000,Not Available,Not Available,4-09844-0005,Whole Property,Not Available,Not Available,6772.2,Multifamily Housing,6.5,69,3,Not Available,Not Available,Not Available,Not Available,Not Available,Not Available,Not Available,Not Available,Not Available,Not Available,Not Available,Not Available,Not Available,Not Available,Not Available,Not Available,Ok,Not Available,Not Available
780 New York Ave,Not Available,927118.9,0,2242,Not Available,Not Available,Ok,Not Available,Not Available,41314,Not Available,1.9,Not Available,78.4,Not Available,Not Available,Not Available,1126,Ok,Not Available,Not Available,Not Available,,Not Available,Not Available,3048370065,Whole Property,Not Available,Not Available,1126,Multifamily Housing,2.6,39,4,Not Available,Not Available,Not Available,Not Available,Not Available,Not Available,Not Available,Not Available,Not Available,Not Available,Not Available,Not Available,Not Available,Not Available,Not Available,Not Available,Ok,Not Available,Not Available
33 S&P REALTY CORP.,Not Available,677183,0,Not Available,Not Available,Not Available,Ok,Not Available,Not Available,75000,Not Available,0.8,Not Available,57.2,Not Available,Not Available,Not Available,2585.3,Ok,Not Available,Not Available,No,2023-04-03T00:00:00.000,Not Available,Not Available,5000050057,Whole Property,Not Available,Not Available,2585.3,Multifamily Housing,3.3,55,5,Not Available,Not Available,Not Available,Not Available,Not Available,Not Available,Not Available,Not Available,Not Available,Not Available,Not Available,Not Available,Not Available,Not Available,Not Available,Not Available,Ok,Not Available,Not Available
Pelican: 2160 - 2166 Matthews Ave,Not Available,1985528.2,0,9750,Not Available,Not Available,Ok,Not Available,Not Available,141622,Not Available,1.2,Not Available,167.9,Not Available,Not Available,Not Available,9345.9,Ok,Not Available,Not Available,No,2022-07-14T00:00:00.000,Not Available,Not Available,2-04323-0018,Whole Property,Not Available,Not Available,9345.9,Multifamily Housing,4.3,133,13,Not Available,Not Available,Not Available,Not Available,Not Available,Not Available,Not Available,Not Available,Not Available,Not Available,Not Available,Not Available,Not Available,Not Available,Not Available,Not Available,Ok,Not Available,Not Available
KM - 100 Ross Street,Not Available,2571470.8,0,Not Available,Not Available,Not Available,Ok,Not Available,Not Available,93538,Not Available,2.3,Not Available,217.4,Not Available,Not Available,Not Available,Not Available,Ok,Not Available,Not Available,Not Available,,Not Available,Not Available,3021860001,Not Available,Not Available,Not Available,Not Available,Multifamily Housing,5.7,81,4,Not Available,Not Available,Not Available,Not Available,Not Available,Not Available,Not Available,Not Available,Not Available,Not Available,Not Available,Not Available,Not Available,Not Available,Not Available,Not Available,Ok,Not Available,Not Available
Malcolm X II Phase A Associates - 106/114,Not Available,1671385.2,0,Not Available,Not Available,Not Available,Ok,Not Available,Not Available,103248,Not Available,1.4,Not Available,141.3,Not Available,Not Available,Not Available,8566.7,Ok,Not Available,Not Available,100.0% Yes,,Not Available,Not Available,1-02011-0038,Whole Property,Not Available,Not Available,8566.7,Multifamily Housing,4.1,91,8,Not Available,Not Available,Not Available,Not Available,Not Available,Not Available,Not Available,Not Available,Not Available,Not Available,Not Available,Not Available,Not Available,Not Available,Not Available,Not Available,Ok,Not Available,Not Available
Fatima Realty LLC,Not Available,593305.8,0,Not Available,Not Available,Not Available,Ok,Not Available,Not Available,65500,Not Available,0.8,Not Available,50.2,Not Available,Not Available,Not Available,3670.7,Ok,Not Available,Not Available,No,,Not Available,Not Available,3-06731-0039,Whole Property,Not Available,Not Available,3670.7,Multifamily Housing,4.5,60,4,Not Available,Not Available,Not Available,Not Available,Not Available,Not Available,Not Available,Not Available,Not Available,Not Available,Not Available,Not Available,Not Available,Not Available,Not Available,Not Available,Ok,Not Available,Not Available
760 Parkside Avenue,Not Available,6060049.5,0,0,Not Available,Not Available,Ok,Not Available,42885,50453,Not Available,10.2,Not Available,512.3,Not Available,33,Not Available,507.9,Ok,Not Available,Not Available,Not Available,,Not Available,Not Available,3048280022,Whole Property,Not Available,Not Available,507.9,Laboratory,12.8,Not Available,3,Not Available,Not Available,Not Available,Not Available,Not Available,Not Available,Not Available,Not Available,Not Available,Not Available,Not Available,65,Not Available,Not Available,Not Available,Not Available,Ok,Not Available,Not Available
ADI: 53-01 32nd Ave,Not Available,4158109,0,Not Available,Not Available,Not Available,Ok,Not Available,Not Available,115885,Not Available,3,Not Available,351.5,Not Available,Not Available,Not Available,5081.1,Ok,Not Available,Not Available,No,2023-04-14T00:00:00.000,Not Available,Not Available,4-01131-0001,Whole Property,Not Available,Not Available,5081.1,Multifamily Housing,6,113,5,Not Available,Not Available,Not Available,Not Available,Not Available,Not Available,Not Available,Not Available,Not Available,Not Available,Not Available,Not Available,Not Available,Not Available,Not Available,Not Available,Ok,Not Available,Not Available
MGRE - 23-25 Bell Blvd. / 23-35 Bell Blvd.,Not Available,1918086.5,0,26829,Not Available,Not Available,Ok,Not Available,Not Available,163612,Not Available,1,Not Available,162.2,Not Available,12.92,Not Available,5460.3,Ok,Not Available,Not Available,Not Available,,Not Available,Not Available,4-05958-0100,Whole Property,Not Available,Not Available,5460.3,Multifamily Housing,3.8,120,10,Not Available,Not Available,Not Available,Not Available,Not Available,Not Available,Not Available,Not Available,Not Available,Not Available,Not Available,38.42,Not Available,Not Available,Not Available,Not Available,Ok,Not Available,Not Available
720 West End Ave,Not Available,641394.6,0,Not Available,Not Available,Not Available,Ok,Not Available,Not Available,237507,Not Available,0.2,Not Available,54.2,Not Available,Not Available,Not Available,Not Available,Ok,Not Available,Not Available,Not Available,,Not Available,Not Available,1012430001,Not Available,Not Available,Not Available,Not Available,Hotel,0.2,Not Available,4,Not Available,Not Available,Not Available,Not Available,Not Available,Not Available,Not Available,Not Available,Not Available,Not Available,Not Available,Not Available,Not Available,Not Available,Not Available,Not Available,Ok,Not Available,Not Available
Lester - 53-01 1St Ave,Not Available,530211.2,0,Not Available,Not Available,Not Available,Ok,Not Available,Not Available,53149,Not Available,0.8,Not Available,44.8,Not Available,Not Available,Not Available,497.5,Ok,Not Available,Not Available,Not Available,,Not Available,Not Available,3008120001,Whole Property,Not Available,Not Available,497.5,Non-Refrigerated Warehouse,1.7,Not Available,6,Not Available,Not Available,Not Available,Not Available,Not Available,Not Available,Not Available,Not Available,Not Available,Not Available,Not Available,Not Available,Not Available,Not Available,Not Available,Not Available,Ok,Not Available,Not Available
Punia and Marx: 7259-61 Shore Road,Not Available,1350773.3,0,9000,Not Available,Not Available,Ok,Not Available,Not Available,163286,Not Available,0.7,Not Available,114.2,Not Available,Not Available,Not Available,4620.7,Ok,Not Available,Not Available,No,2023-04-12T00:00:00.000,Not Available,Not Available,3-05904-0002,Whole Property,Not Available,Not Available,4620.7,Multifamily Housing,3.8,132,8,Not Available,Not Available,Not Available,Not Available,Not Available,Not Available,Not Available,Not Available,Not Available,Not Available,Not Available,Not Available,Not Available,Not Available,Not Available,Not Available,Ok,Not Available,Not Available
JK: 2285 Sedgwick,Not Available,860499.6,0,Not Available,Not Available,Not Available,Ok,Not Available,Not Available,62287,Not Available,1.2,Not Available,72.7,Not Available,Not Available,Not Available,5677.3,Ok,Not Available,Not Available,No,,Not Available,Not Available,2-03234-0049,Whole Property,Not Available,Not Available,5677.3,Multifamily Housing,4.3,54,10,Not Available,Not Available,Not Available,Not Available,Not Available,Not Available,Not Available,Not Available,Not Available,Not Available,Not Available,Not Available,Not Available,Not Available,Not Available,Not Available,Ok,Not Available,Not Available
Rocklyn Asset: 61-00 FRANCIS LEWIS BOULEVARD,Not Available,9701906,0,Not Available,Not Available,Not Available,Ok,Not Available,Not Available,335192,Not Available,2.4,Not Available,820.2,Not Available,Not Available,Not Available,5812.9,Ok,Not Available,Not Available,Not Available,2022-07-12T00:00:00.000,Not Available,Not Available,4-07128-0002,Whole Property,Not Available,Not Available,5812.9,K-12 School,2.9,Not Available,2,Not Available,Not Available,Not Available,Not Available,Not Available,Not Available,Not Available,Not Available,Not Available,Not Available,Not Available,Not Available,Not Available,Not Available,Not Available,Not Available,Ok,Not Available,Not Available
ENS Realty:2964 Williamsbridge Road,Not Available,797275.2,0,Not Available,Not Available,Not Available,Ok,Not Available,Not Available,79200,Not Available,0.9,Not Available,67.4,Not Available,Not Available,Not Available,5154.1,Ok,Not Available,Not Available,No,2023-04-14T00:00:00.000,Not Available,Not Available,2-04550-0021,Whole Property,Not Available,Not Available,5154.1,Multifamily Housing,1.1,58,7,Not Available,Not Available,Not Available,Not Available,Not Available,Not Available,Not Available,Not Available,Not Available,Not Available,Not Available,Not Available,Not Available,Not Available,Not Available,Not Available,Ok,Not Available,Not Available
109-15 72 Road,Not Available,357755,0,Not Available,Not Available,Not Available,Ok,Not Available,Not Available,36248,Not Available,0.8,Not Available,30.2,Not Available,10,Not Available,Not Available,Ok,Not Available,Not Available,Not Available,,Not Available,Not Available,4032587503,Not Available,Not Available,Not Available,Not Available,Multifamily Housing,1.2,23,3,Not Available,Not Available,Not Available,Not Available,Not Available,Not Available,Not Available,Not Available,Not Available,Not Available,Not Available,65,Not Available,Not Available,Not Available,Not Available,Ok,Not Available,Not Available
MNM: 2146 Lexington Ave,Not Available,2900455.9,0,Not Available,Not Available,Not Available,Ok,Not Available,Not Available,113775,Not Available,2.2,Not Available,245.2,Not Available,Not Available,Not Available,12953.3,Ok,Not Available,Not Available,No,,Not Available,Not Available,1-01778-0006,Whole Property,Not Available,Not Available,12953.3,Multifamily Housing,6.4,146,8,Not Available,Not Available,Not Available,Not Available,Not Available,Not Available,Not Available,Not Available,Not Available,Not Available,Not Available,Not Available,Not Available,Not Available,Not Available,Not Available,Ok,Not Available,Not Available
720 Fifth Avenue,Not Available,5768341.2,0,Not Available,Not Available,Not Available,Ok,Not Available,Not Available,113292,Not Available,5.6,Not Available,629,Not Available,Not Available,Not Available,Not Available,Ok,Not Available,Not Available,Not Available,2023-03-01T00:00:00.000,Not Available,Not Available,1012720034,Whole Property,Not Available,Not Available,Not Available,Office,5.6,Not Available,5,Not Available,Not Available,Not Available,Not Available,Not Available,No,Not Available,Not Available,Not Available,Not Available,Not Available,Not Available,Not Available,Not Available,Not Available,Not Available,Ok,Not Available,Not Available
BPC: 145 Hicks Street,Not Available,1198990.4,0,Not Available,Not Available,Not Available,Ok,Not Available,Not Available,121556,Not Available,0.8,Not Available,101.4,Not Available,Not Available,Not Available,2225.5,Ok,Not Available,Not Available,No,,Not Available,Not Available,3-00236-0088,Whole Property,Not Available,Not Available,2225.5,Multifamily Housing,3.8,107,5,Not Available,Not Available,Not Available,Not Available,Not Available,Not Available,Not Available,Not Available,Not Available,Not Available,Not Available,Not Available,Not Available,Not Available,Not Available,Not Available,Ok,Not Available,Not Available
285 Quincy St,Not Available,246063.2,0,Not Available,Not Available,Not Available,Ok,Not Available,Not Available,31065,Not Available,0.7,Not Available,20.8,Not Available,Not Available,Not Available,994.8,Ok,Not Available,Not Available,Not Available,,Not Available,Not Available,3018030072,Whole Property,Not Available,Not Available,994.8,Multifamily Housing,0.8,20,4,Not Available,Not Available,Not Available,Not Available,Not Available,Not Available,Not Available,Not Available,Not Available,Not Available,Not Available,Not Available,Not Available,Not Available,Not Available,Not Available,Ok,Not Available,Not Available
1730 Ocean Ave,Not Available,684969.2,0,Not Available,Not Available,Not Available,Ok,Not Available,Not Available,27781,Not Available,2.1,Not Available,57.9,Not Available,Not Available,Not Available,Not Available,Ok,Not Available,Not Available,Not Available,,Not Available,Not Available,3067390057,Not Available,Not Available,Not Available,Not Available,Multifamily Housing,2.1,34,5,Not Available,Not Available,Not Available,Not Available,Not Available,Not Available,Not Available,Not Available,Not Available,Not Available,Not Available,Not Available,Not Available,Not Available,Not Available,Not Available,Ok,Not Available,Not Available
CQ- 169-04 88th Avenue,Not Available,827232.6,0,1625,Not Available,Not Available,Ok,Not Available,Not Available,40344,Not Available,1.7,Not Available,69.9,Not Available,Not Available,Not Available,6651.7,Ok,Not Available,Not Available,Not Available,2018-04-25T00:00:00.000,Not Available,Not Available,4-09823-0009,Whole Property,Not Available,Not Available,6651.7,Multifamily Housing,7.6,65,4,Not Available,Not Available,Not Available,Not Available,Not Available,Not Available,Not Available,Not Available,Not Available,Not Available,Not Available,Not Available,Not Available,Not Available,Not Available,Not Available,Ok,Not Available,Not Available
Pelican: 939 Woodycrest Avenue,Not Available,2451924.6,0,Not Available,Not Available,Not Available,Ok,Not Available,Not Available,199852,Not Available,1,Not Available,207.3,Not Available,Not Available,Not Available,Not Available,Ok,Not Available,Not Available,No,2023-04-20T00:00:00.000,Not Available,Not Available,2-02511-0022,Whole Property,Not Available,Not Available,Not Available,Multifamily Housing,4.6,169,16,1500,Not Available,Not Available,Not Available,Not Available,Not Available,Not Available,Not Available,Not Available,Not Available,Not Available,Not Available,Not Available,Not Available,Not Available,Not Available,Ok,Not Available,Not Available
Dawning: 215 Hart Blvd,Not Available,758054.3,0,Not Available,Not Available,Not Available,Ok,Not Available,Not Available,69015,Not Available,0.9,Not Available,64.1,Not Available,Not Available,Not Available,3029.4,Ok,Not Available,Not Available,No,2023-04-14T00:00:00.000,Not Available,Not Available,5-00250-7501,Whole Property,Not Available,Not Available,3029.4,Multifamily Housing,6.7,63,5,Not Available,Not Available,Not Available,Not Available,Not Available,Not Available,Not Available,Not Available,Not Available,Not Available,Not Available,Not Available,Not Available,Not Available,Not Available,Not Available,Ok,Not Available,Not Available
SLJ: 144-63 35th Ave,Not Available,814604.8,0,Not Available,Not Available,Not Available,Ok,Not Available,Not Available,77040,Not Available,0.9,Not Available,68.9,Not Available,Not Available,Not Available,4247.4,Ok,Not Available,Not Available,No,,Not Available,Not Available,4-04995-0058,Whole Property,Not Available,Not Available,4247.4,Multifamily Housing,4.6,74,5,Not Available,Not Available,Not Available,Not Available,Not Available,Not Available,Not Available,Not Available,Not Available,Not Available,Not Available,Not Available,Not Available,Not Available,Not Available,Not Available,Ok,Not Available,Not Available
1741 Pilgrim Ave,Not Available,567094.9,0,Not Available,Not Available,Not Available,Ok,Not Available,Not Available,34031,Not Available,1.4,Not Available,47.9,Not Available,Not Available,Not Available,3946.5,Ok,Not Available,Not Available,No,,Not Available,Not Available,2041620041,Whole Property,Not Available,Not Available,3946.5,Multifamily Housing,1.6,44,4,Not Available,Not Available,Not Available,Not Available,Not Available,Not Available,Not Available,Not Available,Not Available,Not Available,Not Available,Not Available,Not Available,Not Available,Not Available,Not Available,Ok,Not Available,Not Available
Standby One Associates - 1421/1425,Not Available,1184192.6,0,Not Available,Not Available,Not Available,Ok,Not Available,Not Available,60000,Not Available,1.7,Not Available,100.1,Not Available,Not Available,Not Available,Not Available,Ok,Not Available,Not Available,100.0% Yes,,Not Available,Not Available,2-02833-0020,Whole Property,Not Available,Not Available,Not Available,Multifamily Housing,5.5,75,6,Not Available,Not Available,Not Available,Not Available,Not Available,Not Available,Not Available,Not Available,Not Available,Not Available,Not Available,Not Available,Not Available,Not Available,Not Available,Not Available,Ok,Not Available,Not Available
700 West End Avenue,Not Available,642813,0,Not Available,Not Available,Not Available,Ok,Not Available,Not Available,55840,Not Available,1,Not Available,54.3,Not Available,Not Available,Not Available,2285.9,Ok,Not Available,Not Available,Not Available,,Not Available,Not Available,1012420001,Whole Property,Not Available,Not Available,2285.9,Multifamily Housing,3,66,6,Not Available,Not Available,Not Available,Not Available,Not Available,Not Available,Not Available,Not Available,Not Available,Not Available,Not Available,Not Available,Not Available,Not Available,Not Available,Not Available,Ok,Not Available,Not Available
510 West 218 Street,Not Available,1409790.6,0,Not Available,Not Available,Not Available,Ok,Not Available,Not Available,32499,Not Available,3.7,Not Available,119.2,Not Available,Not Available,Not Available,705.3,Ok,Not Available,Not Available,No,,Not Available,Not Available,1022430277,Whole Property,Not Available,Not Available,705.3,Multifamily Housing,23,42,7,Not Available,Not Available,Not Available,Not Available,Not Available,Not Available,Not Available,Not Available,Not Available,Not Available,Not Available,Not Available,Not Available,Not Available,Not Available,Not Available,Ok,Not Available,Not Available
Claret Commons Condo - 136-140 West 23rd St,Not Available,889665.4,0,Not Available,Not Available,Not Available,Ok,Not Available,Not Available,35154,Not Available,2.1,Not Available,75.2,Not Available,Not Available,Not Available,1958.5,Ok,Not Available,Not Available,Not Available,2023-03-13T00:00:00.000,Not Available,Not Available,1007987503,Whole Property,Not Available,Not Available,1958.5,Multifamily Housing,5,20,8,Not Available,Not Available,Not Available,Not Available,Not Available,Not Available,Not Available,Not Available,Not Available,Not Available,Not Available,Not Available,Not Available,Not Available,Not Available,Not Available,Ok,Not Available,Not Available
M&&L: 42-43 Ithaca St,Not Available,786547.8,0,Not Available,Not Available,Not Available,Ok,Not Available,Not Available,62416,Not Available,1.1,Not Available,66.5,Not Available,Not Available,Not Available,Not Available,Ok,Not Available,Not Available,No,2023-04-02T00:00:00.000,Not Available,Not Available,4-01557-0033,Whole Property,Not Available,Not Available,Not Available,Multifamily Housing,3.7,67,6,Not Available,Not Available,Not Available,Not Available,Not Available,Not Available,Not Available,Not Available,Not Available,Not Available,Not Available,Not Available,Not Available,Not Available,Not Available,Not Available,Ok,Not Available,Not Available
118 STREET,Not Available,443423.5,0,Not Available,Not Available,Not Available,Ok,Not Available,Not Available,33113,Not Available,1.1,Not Available,37.5,Not Available,Not Available,Not Available,3236.5,Ok,Not Available,Not Available,Not Available,,Not Available,Not Available,1017170022,Whole Property,Not Available,Not Available,3236.5,Multifamily Housing,4.7,39.74,2,Not Available,Not Available,Not Available,Not Available,Not Available,Not Available,Not Available,Not Available,Not Available,Not Available,Not Available,Not Available,Not Available,Not Available,Not Available,Not Available,Ok,Not Available,Not Available
1329 Willoughby Avenue,Not Available,828389.2,0,Not Available,Not Available,Not Available,Ok,Not Available,Not Available,37585,Not Available,1.9,Not Available,70,Not Available,Not Available,Not Available,1124.1,Ok,Not Available,Not Available,Not Available,,Not Available,Not Available,3032000035,Whole Property,Not Available,Not Available,1124.1,Retail Store,3.3,Not Available,4,Not Available,Not Available,Not Available,Not Available,Not Available,Not Available,Not Available,Not Available,Not Available,Not Available,Not Available,Not Available,Not Available,Not Available,Not Available,Not Available,Ok,Not Available,Not Available
Campus - 200-222 East 165 Street,Not Available,1452911.5,0,Not Available,Not Available,Not Available,Ok,Not Available,Not Available,55080,Not Available,2.2,Not Available,122.8,Not Available,Not Available,Not Available,Not Available,Ok,Not Available,Not Available,Not Available,2023-02-09T00:00:00.000,Not Available,Not Available,2024550059; 2024550062,Not Available,Not Available,Not Available,Not Available,Multifamily Housing,11.1,52,21,Not Available,Not Available,Not Available,Not Available,Not Available,Not Available,Not Available,Not Available,Not Available,Not Available,Not Available,Not Available,Not Available,Not Available,Not Available,Not Available,Ok,Not Available,Not Available
Lexington School for the Deaf,Not Available,4954790.4,0,Not Available,Not Available,Not Available,Ok,Not Available,Not Available,185992,Not Available,2.3,Not Available,418.9,Not Available,Not Available,Not Available,3458.2,Ok,Not Available,Not Available,Not Available,,Not Available,Not Available,4-01050-0002,Whole Property,Not Available,Not Available,3458.2,K-12 School,6,Not Available,3,Not Available,Not Available,Not Available,Not Available,Not Available,Not Available,Not Available,Not Available,Not Available,Not Available,Not Available,Not Available,Not Available,Not Available,Not Available,Not Available,Ok,Not Available,Not Available
Mosery: 35 West 35th Street,Not Available,2508915.3,0,Not Available,Not Available,Not Available,Ok,Not Available,Not Available,72498,Not Available,2.9,Not Available,212.1,Not Available,Not Available,Not Available,1506.8,Ok,Not Available,Not Available,Not Available,2023-04-13T00:00:00.000,Not Available,Not Available,1-00837-0020,Whole Property,Not Available,Not Available,1506.8,Office,5.2,Not Available,6,Not Available,Not Available,Not Available,Not Available,Not Available,Not Available,Not Available,Not Available,Not Available,Not Available,Not Available,Not Available,Not Available,Not Available,Not Available,Not Available,Ok,Not Available,Not Available
LaSala: 200 East 89th St,Not Available,5939882.4,0,29115,Not Available,Not Available,Ok,Not Available,Not Available,256334,Not Available,2,Not Available,502.2,Not Available,Not Available,Not Available,8475.4,Ok,Not Available,Not Available,Not Available,2022-07-13T00:00:00.000,Not Available,Not Available,1-01534-7501,Whole Property,Not Available,Not Available,8475.4,Multifamily Housing,6.9,253,6,Not Available,Not Available,Not Available,Not Available,Not Available,Not Available,Not Available,Not Available,Not Available,Not Available,Not Available,Not Available,Not Available,Not Available,Not Available,Not Available,Ok,Not Available,Not Available
Maxwell: 270 Broadway,Not Available,14027585.5,0,Not Available,Not Available,Not Available,Ok,Not Available,Not Available,335676,Not Available,5.6,Not Available,1896.4,Not Available,Not Available,Not Available,11568.6,Ok,Not Available,Not Available,No,2023-03-27T00:00:00.000,Not Available,Not Available,1001357504,Whole Property,Not Available,Not Available,11568.6,Multifamily Housing,5.7,90,8,Not Available,Not Available,Not Available,Not Available,Not Available,No,Not Available,Not Available,Not Available,Not Available,Not Available,Not Available,Not Available,Not Available,Not Available,Not Available,Ok,Not Available,Not Available
878 Brook Ave,Not Available,362903.7,0,Not Available,Not Available,Not Available,Ok,Not Available,Not Available,86228,Not Available,0.4,Not Available,30.7,Not Available,Not Available,Not Available,27.7,Ok,Not Available,Not Available,Not Available,,Not Available,Not Available,2023650035,Whole Property,Not Available,Not Available,27.7,Office,0.4,Not Available,1,Not Available,Not Available,Not Available,Not Available,Not Available,Not Available,Not Available,Not Available,Not Available,Not Available,Not Available,Not Available,Not Available,Not Available,Not Available,Not Available,Ok,Not Available,Not Available
San Pio Realty LLC,Not Available,599686.3,0,Not Available,Not Available,Not Available,Ok,Not Available,Not Available,52378,No,1,Not Available,50.7,Not Available,Not Available,Not Available,210127.8,Ok,Not Available,Not Available,Not Available,,Not Available,Not Available,1-02175-0033,Whole Property,Not Available,Not Available,210127.8,Multifamily Housing,4.4,50,8,Not Available,Not Available,Not Available,Not Available,Not Available,Not Available,Not Available,Not Available,Not Available,Not Available,Not Available,Not Available,Not Available,Not Available,Not Available,Not Available,Ok,Not Available,Not Available
Daniel Hale: 995 Gates Ave,Not Available,3238397.5,0,Not Available,Not Available,Not Available,Ok,Not Available,Not Available,119920,Not Available,2.3,Not Available,273.8,Not Available,Not Available,Not Available,16394,Ok,Not Available,Not Available,No,,Not Available,Not Available,3-01633-0060,Whole Property,Not Available,Not Available,16394,Multifamily Housing,7.5,116,3,Not Available,Not Available,Not Available,Not Available,Not Available,Not Available,Not Available,Not Available,Not Available,Not Available,Not Available,Not Available,Not Available,Not Available,Not Available,Not Available,Ok,Not Available,Not Available
Campus - Morton Barrow Condo,Not Available,2938346.1,0,Not Available,Not Available,Not Available,Ok,Not Available,Not Available,134774,Not Available,1.8,Not Available,248.4,Not Available,Not Available,Not Available,3217.5,Ok,Not Available,Not Available,Not Available,2023-03-13T00:00:00.000,Not Available,Not Available,1005847501,Whole Property,Not Available,Not Available,3217.5,Multifamily Housing,4.7,170,40,Not Available,Not Available,Not Available,Not Available,Not Available,Not Available,Not Available,Not Available,Not Available,Not Available,Not Available,Not Available,Not Available,Not Available,Not Available,Not Available,Ok,Not Available,Not Available
SLJ: 65-36 Wetherole Street,Not Available,710903.8,0,Not Available,Not Available,Not Available,Ok,Not Available,Not Available,70967,Not Available,0.8,Not Available,60.1,Not Available,Not Available,Not Available,3937,Ok,Not Available,Not Available,No,,Not Available,Not Available,4-03100-7501,Whole Property,Not Available,Not Available,3937,Multifamily Housing,5.8,64,5,Not Available,Not Available,Not Available,Not Available,Not Available,Not Available,Not Available,Not Available,Not Available,Not Available,Not Available,Not Available,Not Available,Not Available,Not Available,Not Available,Ok,Not Available,Not Available
Maxwell: 1831 Madison Ave,Not Available,2354576.8,0,6800,Not Available,Not Available,Ok,Not Available,Not Available,147714,Not Available,1.3,Not Available,199.1,Not Available,Not Available,Not Available,6300.9,Ok,Not Available,Not Available,Not Available,,Not Available,Not Available,1017460021,Whole Property,Not Available,Not Available,6300.9,Multifamily Housing,4.7,129,6,Not Available,Not Available,Not Available,Not Available,Not Available,Not Available,Not Available,Not Available,Not Available,Not Available,Not Available,Not Available,Not Available,Not Available,Not Available,Not Available,Ok,Not Available,Not Available
CFF Consulting - 575 West 159th St,Not Available,1018557.1,0,Not Available,Not Available,Not Available,Ok,Not Available,Not Available,44590,Not Available,1.9,Not Available,86.1,Not Available,Not Available,Not Available,4294,Ok,Not Available,Not Available,Not Available,,Not Available,Not Available,1021180001,Whole Property,Not Available,Not Available,4294,Multifamily Housing,5.9,38,12,Not Available,Not Available,Not Available,Not Available,Not Available,Not Available,Not Available,Not Available,Not Available,Not Available,Not Available,Not Available,Not Available,Not Available,Not Available,Not Available,Ok,Not Available,Not Available
LNY - 573 Isham Street,Not Available,454778.6,0,Not Available,Not Available,Not Available,Ok,Not Available,Not Available,26940,Not Available,1.4,Not Available,38.4,Not Available,Not Available,Not Available,4798.2,Ok,Not Available,Not Available,Not Available,,Not Available,Not Available,1022280001,Whole Property,Not Available,Not Available,4798.2,Multifamily Housing,6.2,31,9,Not Available,Not Available,Not Available,Not Available,Not Available,Not Available,Not Available,Not Available,Not Available,Not Available,Not Available,Not Available,Not Available,Not Available,Not Available,Not Available,Ok,Not Available,Not Available
585 Gerard Avenue,Not Available,401752.8,0,Not Available,Not Available,Not Available,Ok,Not Available,Not Available,50000,Not Available,0.7,Not Available,34,Not Available,Not Available,Not Available,118.9,Ok,Not Available,Not Available,Not Available,,Not Available,Not Available,2023520015,Whole Property,Not Available,Not Available,118.9,Manufacturing/Industrial Plant,4.5,Not Available,3,Not Available,Not Available,Not Available,Not Available,Not Available,Not Available,Not Available,Not Available,Not Available,50000,Not Available,Not Available,Not Available,Not Available,Not Available,Not Available,Ok,Not Available,Not Available
346-HIEWall,Not Available,2015683.4,0,Not Available,Not Available,Not Available,Ok,Not Available,Not Available,42560,Not Available,4,Not Available,170.4,Not Available,Not Available,Not Available,5388,Ok,Not Available,Not Available,Not Available,,Not Available,Not Available,1-00039-0038,Whole Property,Not Available,Not Available,5388,Hotel,4.9,Not Available,2,Not Available,Not Available,Not Available,Not Available,Not Available,Not Available,Not Available,Not Available,Not Available,Not Available,Not Available,Not Available,Not Available,Not Available,Not Available,Not Available,Ok,Not Available,Not Available
Penny Lane: 1164 Cromwell Ave,Not Available,997771.1,0,Not Available,Not Available,Not Available,Ok,Not Available,Not Available,81630,Not Available,1,Not Available,84.4,Not Available,Not Available,Not Available,Not Available,Ok,Not Available,Not Available,No,2023-04-21T00:00:00.000,Not Available,Not Available,2-02496-0040,Whole Property,Not Available,Not Available,Not Available,Multifamily Housing,5.6,72,9,Not Available,Not Available,Not Available,Not Available,Not Available,Not Available,Not Available,Not Available,Not Available,Not Available,Not Available,Not Available,Not Available,Not Available,Not Available,Not Available,Ok,Not Available,Not Available
Rraci: 3055 Decatur Ave,Not Available,807371.3,0,Not Available,Not Available,Not Available,Ok,Not Available,Not Available,59064,Not Available,1.2,Not Available,68.3,Not Available,Not Available,Not Available,4749.4,Ok,Not Available,Not Available,No,2022-05-23T00:00:00.000,Not Available,Not Available,2-03332-0072,Whole Property,Not Available,Not Available,4749.4,Multifamily Housing,1.4,49,9,Not Available,Not Available,Not Available,Not Available,Not Available,Not Available,Not Available,Not Available,Not Available,Not Available,Not Available,Not Available,Not Available,Not Available,Not Available,Not Available,Ok,Not Available,Not Available
Maxwell: 172 East 79th St,Not Available,5141917.9,0,Not Available,Not Available,Not Available,Ok,Not Available,Not Available,262315,Not Available,1.7,Not Available,434.7,Not Available,8.23,Not Available,Not Available,Ok,Not Available,Not Available,Not Available,,Not Available,Not Available,1014130040,Whole Property,Not Available,Not Available,Not Available,Multifamily Housing,5,116,8,Not Available,Not Available,Not Available,Not Available,Not Available,Not Available,Not Available,Not Available,Not Available,Not Available,Not Available,65,Not Available,Not Available,Not Available,Not Available,Ok,Not Available,Not Available
Hotel Eventi,Not Available,26547642.2,1,Not Available,Not Available,Not Available,Ok,Not Available,Not Available,631862,Not Available,3.6,Not Available,2244.4,Not Available,Not Available,Not Available,25911.7,Ok,Not Available,Not Available,Not Available,,Not Available,Not Available,1-00805-7502,Whole Property,Not Available,Not Available,25911.7,Hotel,5.2,300,8,Not Available,Not Available,Not Available,Not Available,Not Available,Not Available,Not Available,Not Available,Not Available,Not Available,Not Available,Not Available,Not Available,Not Available,Not Available,Not Available,Ok,Not Available,Not Available
Barclay - Child - 37 Greenpoint Ave,Not Available,Not Available,0,Not Available,Not Available,Not Available,Ok,Not Available,Not Available,48726,Not Available,0,Not Available,0,Not Available,Not Available,Not Available,Not Available,Ok,Not Available,Not Available,Not Available,,Not Available,Not Available,3025570001,Not Available,Not Available,Not Available,Not Available,Manufacturing/Industrial Plant,0,Not Available,0,Not Available,Not Available,Not Available,Not Available,Not Available,Not Available,Not Available,Not Available,Not Available,48726,Not Available,Not Available,Not Available,Not Available,Not Available,Not Available,Unable to Check (not enough data),Not Available,Not Available
Southern Boulevard IV Associates-647,Not Available,603804.6,0,Not Available,Not Available,Not Available,Ok,Not Available,Not Available,32420,Not Available,1.6,Not Available,51,Not Available,Not Available,Not Available,3597.4,Ok,Not Available,Not Available,100.0% Yes,,Not Available,Not Available,2-02684-0085,Whole Property,Not Available,Not Available,3597.4,Multifamily Housing,6.2,28,5,Not Available,Not Available,Not Available,Not Available,Not Available,Not Available,Not Available,Not Available,Not Available,Not Available,Not Available,Not Available,Not Available,Not Available,Not Available,Not Available,Ok,Not Available,Not Available
1760 Union St LLC,Not Available,575160.8,0,Not Available,Not Available,Not Available,Ok,Not Available,Not Available,66010,Not Available,0.7,Not Available,48.6,Not Available,Not Available,Not Available,2560.2,Ok,Not Available,Not Available,No,,Not Available,Not Available,3014030025,Whole Property,Not Available,Not Available,2560.2,Multifamily Housing,3.8,60,4,Not Available,Not Available,Not Available,Not Available,Not Available,Not Available,Not Available,Not Available,Not Available,Not Available,Not Available,Not Available,Not Available,Not Available,Not Available,Not Available,Ok,Not Available,Not Available
Red Group:  146 Beach 9th Street,Not Available,Not Available,0,Not Available,Not Available,Not Available,Ok,Not Available,Not Available,67850,Not Available,0,Not Available,0,Not Available,Not Available,Not Available,Not Available,Ok,Not Available,Not Available,No,,Not Available,Not Available,4-15612-7502,Not Available,Not Available,Not Available,Not Available,Multifamily Housing,1,52,2,Not Available,Not Available,Not Available,Not Available,Not Available,Not Available,Not Available,Not Available,Not Available,Not Available,Not Available,Not Available,Not Available,Not Available,Not Available,Not Available,Ok,Not Available,Not Available
314 - Moxy NYC Downtown,Not Available,7190513,0,Not Available,Not Available,Not Available,Ok,Not Available,Not Available,119011,Not Available,5.1,Not Available,607.9,Not Available,Not Available,Not Available,5502.9,Ok,Not Available,Not Available,Not Available,,Not Available,Not Available,1000890003,Whole Property,Not Available,Not Available,5502.9,Hotel,6.9,Not Available,3,Not Available,Not Available,Not Available,Not Available,Not Available,Not Available,Not Available,Not Available,Not Available,Not Available,Not Available,Not Available,Not Available,Not Available,Not Available,Not Available,Ok,Not Available,Not Available
Resolution -  150 East 45th Street,Not Available,1504729.5,0,Not Available,Not Available,Not Available,Ok,Not Available,Not Available,32540,Not Available,3.9,Not Available,127.2,Not Available,Not Available,Not Available,Not Available,Ok,Not Available,Not Available,Not Available,,Not Available,Not Available,1012990041,Not Available,Not Available,Not Available,Not Available,Office,5.1,Not Available,3,Not Available,Not Available,Not Available,Not Available,Not Available,Not Available,Not Available,Not Available,Not Available,Not Available,Not Available,Not Available,Not Available,Not Available,Not Available,Not Available,Ok,Not Available,Not Available
186 East 205 Street,Not Available,510124.7,0,Not Available,Not Available,Not Available,Ok,Not Available,Not Available,42524,Not Available,1,Not Available,43.1,Not Available,Not Available,Not Available,Not Available,Ok,Not Available,Not Available,Not Available,,Not Available,Not Available,2033110114,Not Available,Not Available,Not Available,Not Available,Multifamily Housing,3.3,62,4,Not Available,Not Available,Not Available,Not Available,Not Available,Not Available,Not Available,Not Available,Not Available,Not Available,Not Available,Not Available,Not Available,Not Available,Not Available,Not Available,Ok,Not Available,Not Available
LNY - 992-998 Amsterdam Ave,Not Available,1181043.4,0,Not Available,Not Available,Not Available,Ok,Not Available,Not Available,45576,Not Available,2.2,Not Available,99.8,Not Available,Not Available,Not Available,Not Available,Ok,Not Available,Not Available,Not Available,,Not Available,Not Available,1018810029 ; 1018810032,Not Available,Not Available,Not Available,Not Available,Multifamily Housing,6.3,52,21,Not Available,Not Available,Not Available,Not Available,Not Available,Not Available,Not Available,Not Available,Not Available,Not Available,Not Available,Not Available,Not Available,Not Available,Not Available,Not Available,Ok,Not Available,Not Available
CQ- 62-42 Woodhaven Blvd.,Not Available,4362975.6,0,14625,Not Available,Not Available,Ok,Not Available,Not Available,319025,Not Available,1.2,Not Available,368.8,Not Available,Not Available,Not Available,29959.2,Ok,Not Available,Not Available,Not Available,2022-03-01T00:00:00.000,Not Available,Not Available,4-02974-0085,Whole Property,Not Available,Not Available,29959.2,Multifamily Housing,4.1,409,26,Not Available,Not Available,Not Available,Not Available,Not Available,Not Available,Not Available,Not Available,Not Available,Not Available,Not Available,Not Available,Not Available,Not Available,Not Available,Not Available,Ok,Not Available,Not Available
NYC Management - 3700 3rd Ave,Not Available,7247415.8,0,Not Available,Not Available,Not Available,Ok,Not Available,Not Available,56135,Not Available,10.9,Not Available,612.7,Not Available,Not Available,Not Available,4071.3,Ok,Not Available,Not Available,Not Available,,Not Available,Not Available,2029260002,Whole Property,Not Available,Not Available,4071.3,Supermarket/Grocery Store,14.1,Not Available,7,Not Available,10,Not Available,Not Available,Not Available,Not Available,Not Available,Not Available,Not Available,Not Available,56135,Not Available,Not Available,Not Available,Not Available,Not Available,Ok,Not Available,Not Available
Marziam Realty LLC,Not Available,405028.3,0,Not Available,Not Available,Not Available,Ok,Not Available,Not Available,45600,Not Available,0.8,Not Available,34.2,Not Available,Not Available,Not Available,2345.7,Ok,Not Available,Not Available,Not Available,,Not Available,Not Available,3-06623-0044,Whole Property,Not Available,Not Available,2345.7,Multifamily Housing,4.5,42,4,Not Available,Not Available,Not Available,Not Available,Not Available,Not Available,Not Available,Not Available,Not Available,Not Available,Not Available,Not Available,Not Available,Not Available,Not Available,Not Available,Ok,Not Available,Not Available
KM - Campus - 70 Ross St,Not Available,23028133.5,0,Not Available,Not Available,Not Available,Ok,Not Available,Not Available,748308,Not Available,2.6,Not Available,1946.8,Not Available,Not Available,Not Available,61749.7,Ok,Not Available,Not Available,Not Available,,Not Available,Not Available,3021860001,Whole Property,Not Available,Not Available,61749.7,Multifamily Housing,6.5,648,23,Not Available,Not Available,Not Available,Not Available,Not Available,Not Available,Not Available,Not Available,Not Available,Not Available,Not Available,Not Available,Not Available,Not Available,Not Available,Not Available,Ok,Not Available,Not Available
Living - 517 West 29th Street,Not Available,1621286.9,0,Not Available,Not Available,Not Available,Ok,Not Available,Not Available,49375,Not Available,2.8,Not Available,137.1,Not Available,Not Available,Not Available,Not Available,Ok,Not Available,Not Available,Not Available,,Not Available,Not Available,1007010024,Not Available,Not Available,Not Available,Not Available,Multifamily Housing,3.5,60,4,Not Available,Not Available,Not Available,Not Available,Not Available,Not Available,Not Available,Not Available,Not Available,Not Available,Not Available,Not Available,Not Available,Not Available,Not Available,Not Available,Ok,Not Available,Not Available
ADI: 615 West 172nd Street,Not Available,907233.7,0,Not Available,Not Available,Not Available,Ok,Not Available,Not Available,74799,Not Available,1,Not Available,76.7,Not Available,Not Available,Not Available,7381,Ok,Not Available,Not Available,No,,Not Available,Not Available,1-02141-0029,Whole Property,Not Available,Not Available,7381,Multifamily Housing,4.5,78,13,Not Available,Not Available,Not Available,Not Available,Not Available,Not Available,Not Available,Not Available,Not Available,Not Available,Not Available,Not Available,Not Available,Not Available,Not Available,Not Available,Ok,Not Available,Not Available
CFF Consulting - 605 West 151 St,Not Available,449131.8,0,Not Available,Not Available,Not Available,Ok,Not Available,Not Available,30978,Not Available,1.2,Not Available,38,Not Available,Not Available,Not Available,2780.1,Ok,Not Available,Not Available,Not Available,,Not Available,Not Available,1020980023,Whole Property,Not Available,Not Available,2780.1,Multifamily Housing,1.4,25,5,Not Available,Not Available,Not Available,Not Available,Not Available,Not Available,Not Available,Not Available,Not Available,Not Available,Not Available,Not Available,Not Available,Not Available,Not Available,Not Available,Ok,Not Available,Not Available
Alphabet Plaza LLC - The Adele,Not Available,3922247.6,0,6160,Not Available,Not Available,Ok,Not Available,Not Available,131660,Not Available,2.5,Not Available,331.6,Not Available,Not Available,Not Available,5521.4,Ok,Not Available,Not Available,No,,Not Available,Not Available,1003720041,Whole Property,Not Available,Not Available,5521.4,Multifamily Housing,4.7,135,7,Not Available,Not Available,Not Available,Not Available,Not Available,Not Available,Not Available,Not Available,Not Available,Not Available,Not Available,Not Available,Not Available,Not Available,Not Available,Not Available,Ok,Not Available,Not Available
Jem: 2488 Grand Concourse,Not Available,4682110.3,0,Not Available,Not Available,Not Available,Ok,Not Available,Not Available,104680,Not Available,3.8,Not Available,395.8,Not Available,Not Available,Not Available,Not Available,Ok,Not Available,Not Available,Not Available,2022-06-21T00:00:00.000,Not Available,Not Available,2-03153-0009,Whole Property,Not Available,Not Available,Not Available,Office,5.5,Not Available,7,Not Available,Not Available,Not Available,Not Available,Not Available,Not Available,Not Available,Not Available,Not Available,Not Available,Not Available,Not Available,Not Available,Not Available,Not Available,Not Available,Ok,Not Available,Not Available
25 E Mosholu Pkwy N,Not Available,646028.1,0,Not Available,Not Available,Not Available,Ok,Not Available,Not Available,48840,Not Available,1.1,Not Available,54.6,Not Available,Not Available,Not Available,Not Available,Ok,Not Available,Not Available,No,2023-04-22T00:00:00.000,Not Available,Not Available,2033260113,Not Available,Not Available,Not Available,Not Available,Multifamily Housing,9.2,53,13,Not Available,Not Available,Not Available,Not Available,Not Available,Not Available,Not Available,Not Available,Not Available,Not Available,Not Available,Not Available,Not Available,Not Available,Not Available,Not Available,Ok,Not Available,Not Available
Standby One Associates-1403,Not Available,483043.7,0,Not Available,Not Available,Not Available,Ok,Not Available,Not Available,31950,Not Available,1.3,Not Available,40.8,Not Available,Not Available,Not Available,162.3,Ok,Not Available,Not Available,100.0% Yes,,Not Available,Not Available,2-02833-0030,Whole Property,Not Available,Not Available,162.3,Multifamily Housing,1.5,29,3,Not Available,Not Available,Not Available,Not Available,Not Available,Not Available,Not Available,Not Available,Not Available,Not Available,Not Available,Not Available,Not Available,Not Available,Not Available,Not Available,Ok,Not Available,Not Available
Knickerbocker Hotel,Not Available,9294117,0,Not Available,Not Available,Not Available,Ok,Not Available,Not Available,301118,Not Available,2.6,Not Available,785.7,Not Available,Not Available,Not Available,12887.5,Ok,Not Available,Not Available,Not Available,,Not Available,Not Available,1-00994-7502,Whole Property,Not Available,Not Available,12887.5,Hotel,4.4,Not Available,6,Not Available,Not Available,Not Available,Not Available,Not Available,Not Available,Not Available,Not Available,Not Available,Not Available,Not Available,Not Available,Not Available,Not Available,Not Available,Not Available,Ok,Not Available,Not Available
34 Laight Street,Not Available,361689.1,0,Not Available,Not Available,Not Available,Ok,Not Available,Not Available,25300,Not Available,1.2,Not Available,30.6,Not Available,Not Available,Not Available,392.4,Ok,Not Available,Not Available,No,,Not Available,Not Available,1-00220-0026,Whole Property,Not Available,Not Available,392.4,Multifamily Housing,2.7,9,6,Not Available,Not Available,Not Available,Not Available,Not Available,Not Available,Not Available,Not Available,Not Available,Not Available,Not Available,Not Available,Not Available,Not Available,Not Available,Not Available,Ok,Not Available,Not Available
281 St. Nicholas Partners LLC,Not Available,2933327.1,0,Not Available,Not Available,Not Available,Ok,Not Available,Not Available,50706,Not Available,4.9,Not Available,248,Not Available,Not Available,Not Available,Not Available,Ok,Not Available,Not Available,100.0% Yes,,Not Available,Not Available,1019510014,Not Available,Not Available,Not Available,Not Available,Multifamily Housing,8.8,32,7,Not Available,Not Available,Not Available,Not Available,Not Available,Not Available,Not Available,Not Available,Not Available,Not Available,Not Available,Not Available,Not Available,Not Available,Not Available,Not Available,Ok,Not Available,Not Available
515 West 111 Street,Not Available,340268.5,0,Not Available,Not Available,Not Available,Ok,Not Available,Not Available,28415,Not Available,1,Not Available,28.8,Not Available,Not Available,Not Available,2063.4,Ok,Not Available,Not Available,No,,Not Available,Not Available,1018830022,Whole Property,Not Available,Not Available,2063.4,Multifamily Housing,5.1,37,6,Not Available,Not Available,Not Available,Not Available,Not Available,Not Available,Not Available,Not Available,Not Available,Not Available,Not Available,Not Available,Not Available,Not Available,Not Available,Not Available,Ok,Not Available,Not Available
Tillamock NV Inc: 267 5th Ave,Not Available,1063285,0,Not Available,Not Available,Not Available,Ok,Not Available,Not Available,55395,Not Available,1.6,Not Available,89.9,Not Available,Not Available,Not Available,301.4,Ok,Not Available,Not Available,Not Available,2022-07-14T00:00:00.000,Not Available,Not Available,1-00859-0001,Whole Property,Not Available,Not Available,301.4,Office,3.8,Not Available,4,Not Available,Not Available,Not Available,Not Available,Not Available,Not Available,Not Available,Not Available,Not Available,Not Available,Not Available,Not Available,Not Available,Not Available,Not Available,Not Available,Ok,Not Available,Not Available
CFF Consulting - 605-607 West 141 St,Not Available,389288.7,0,Not Available,Not Available,Not Available,Ok,Not Available,Not Available,31674,Not Available,1,Not Available,32.9,Not Available,Not Available,Not Available,7454,Ok,Not Available,Not Available,Not Available,,Not Available,Not Available,1020880087,Whole Property,Not Available,Not Available,7454,Multifamily Housing,3.9,25,8,Not Available,Not Available,Not Available,Not Available,Not Available,Not Available,Not Available,Not Available,Not Available,Not Available,Not Available,Not Available,Not Available,Not Available,Not Available,Not Available,Ok,Not Available,Not Available
1322 East 14 Street,Not Available,504846.3,0,Not Available,Not Available,Not Available,Ok,Not Available,Not Available,25683,Not Available,1.7,Not Available,42.7,Not Available,Not Available,Not Available,732.3,Ok,Not Available,Not Available,No,,Not Available,Not Available,3067427501,Whole Property,Not Available,Not Available,732.3,Multifamily Housing,4.4,24,5,Not Available,Not Available,Not Available,Not Available,Not Available,Not Available,Not Available,Not Available,Not Available,Not Available,Not Available,Not Available,Not Available,Not Available,Not Available,Not Available,Ok,Not Available,Not Available
KM - 367 S 2nd St,Not Available,832818,0,Not Available,Not Available,Not Available,Ok,Not Available,Not Available,28000,Not Available,2.5,Not Available,70.4,Not Available,Not Available,Not Available,3353.1,Ok,Not Available,Not Available,Not Available,,Not Available,Not Available,3024120027,Whole Property,Not Available,Not Available,3353.1,Multifamily Housing,7.2,35,2,Not Available,Not Available,Not Available,Not Available,Not Available,Not Available,Not Available,Not Available,Not Available,Not Available,Not Available,Not Available,Not Available,Not Available,Not Available,Not Available,Ok,Not Available,Not Available
Living - 13-19 Cumming Street,Not Available,540996.5,0,Not Available,Not Available,Not Available,Ok,Not Available,Not Available,37445,Not Available,1.2,Not Available,45.7,Not Available,Not Available,Not Available,3196.1,Ok,Not Available,Not Available,Not Available,,Not Available,Not Available,1022370064,Whole Property,Not Available,Not Available,3196.1,Multifamily Housing,2.3,48,7,Not Available,Not Available,Not Available,Not Available,Not Available,Not Available,Not Available,Not Available,Not Available,Not Available,Not Available,Not Available,Not Available,Not Available,Not Available,Not Available,Ok,Not Available,Not Available
Daly IV - 2131,Not Available,408092.3,0,Not Available,Not Available,Not Available,Ok,Not Available,Not Available,26700,Not Available,1.3,Not Available,34.5,Not Available,Not Available,Not Available,2909.9,Ok,Not Available,Not Available,100.0% Yes,,Not Available,Not Available,2-03129-0029,Whole Property,Not Available,Not Available,2909.9,Multifamily Housing,6.1,20,4,Not Available,Not Available,Not Available,Not Available,Not Available,Not Available,Not Available,Not Available,Not Available,Not Available,Not Available,Not Available,Not Available,Not Available,Not Available,Not Available,Ok,Not Available,Not Available
Pelican: 20-33 thru 20-39 Seagirt Blvd,Not Available,486435.1,0,26700,Not Available,Not Available,Ok,Not Available,Not Available,143441,Not Available,0.3,Not Available,41.1,Not Available,Not Available,Not Available,7565.8,Ok,Not Available,Not Available,No,,Not Available,Not Available,4158100071,Whole Property,Not Available,Not Available,7565.8,Multifamily Housing,4.8,175,3,Not Available,Not Available,Not Available,Not Available,Not Available,Not Available,Not Available,Not Available,Not Available,Not Available,Not Available,Not Available,Not Available,Not Available,Not Available,Not Available,Ok,Not Available,Not Available
Four Seasons: 2786 Bainbridge Ave,Not Available,674160,0,Not Available,Not Available,Not Available,Ok,Not Available,Not Available,67436,Not Available,0.8,Not Available,57,Not Available,Not Available,Not Available,3341.5,Ok,Not Available,Not Available,No,,Not Available,Not Available,2-03290-0014,Whole Property,Not Available,Not Available,3341.5,Multifamily Housing,4.3,49,7,Not Available,Not Available,Not Available,Not Available,Not Available,Not Available,Not Available,Not Available,Not Available,Not Available,Not Available,Not Available,Not Available,Not Available,Not Available,Not Available,Ok,Not Available,Not Available
108 East 50th Street,Not Available,3984189.2,0,Not Available,Not Available,Not Available,Ok,Not Available,Not Available,66705,Not Available,12.5,Not Available,832,Not Available,Not Available,Not Available,4205.7,Ok,Not Available,Not Available,Not Available,2023-07-07T00:00:00.000,Not Available,Not Available,1013050001,Whole Property,Not Available,Not Available,4205.7,Worship Facility,13.2,Not Available,5,Not Available,Not Available,Not Available,Not Available,Not Available,No,Not Available,Not Available,Not Available,Not Available,Not Available,Not Available,Not Available,Not Available,Not Available,Not Available,Ok,Not Available,Not Available
GTS - 440 West 21 Street,Not Available,5510.4,0,Not Available,Not Available,Not Available,Ok,Not Available,Not Available,66942,Not Available,0,Not Available,0.5,Not Available,Not Available,Not Available,Not Available,Ok,Not Available,Not Available,Not Available,,Not Available,Not Available,1007180001,Not Available,Not Available,Not Available,Not Available,Multifamily Housing,0,38,1,Not Available,Not Available,Not Available,Not Available,Not Available,Not Available,Not Available,Not Available,Not Available,Not Available,Not Available,Not Available,Not Available,Not Available,Not Available,Not Available,Ok,Not Available,Not Available
Living - 779 Riverside Drive,Not Available,1495117.9,0,Not Available,Not Available,Not Available,Ok,Not Available,Not Available,118809,Not Available,1.1,Not Available,126.4,Not Available,Not Available,Not Available,3802.3,Ok,Not Available,Not Available,Not Available,,Not Available,Not Available,1021347502,Whole Property,Not Available,Not Available,3802.3,Multifamily Housing,1.1,92,7,Not Available,Not Available,Not Available,Not Available,Not Available,Not Available,Not Available,Not Available,Not Available,Not Available,Not Available,Not Available,Not Available,Not Available,Not Available,Not Available,Ok,Not Available,Not Available
111-28 37 Avenue,Not Available,530470.5,0,Not Available,Not Available,Not Available,Ok,Not Available,Not Available,26704,Not Available,1.7,Not Available,44.8,Not Available,Not Available,Not Available,2930.1,Ok,Not Available,Not Available,No,,Not Available,Not Available,4017817502,Whole Property,Not Available,Not Available,2930.1,Multifamily Housing,4,18,5,Not Available,Not Available,Not Available,Not Available,Not Available,Not Available,Not Available,Not Available,Not Available,Not Available,Not Available,Not Available,Not Available,Not Available,Not Available,Not Available,Ok,Not Available,Not Available
Menowitz- 9131 Queens Boulevard,Not Available,5404383.1,0,Not Available,Not Available,Not Available,Ok,Not Available,Not Available,82943,Not Available,5.5,Not Available,456.9,Not Available,Not Available,Not Available,Not Available,Ok,Not Available,Not Available,Not Available,,Not Available,Not Available,4-01861-0001,Not Available,Not Available,Not Available,Not Available,Office,10,Not Available,12,Not Available,Not Available,Not Available,Not Available,Not Available,Not Available,Not Available,Not Available,Not Available,Not Available,Not Available,Not Available,Not Available,Not Available,Not Available,Not Available,Ok,Not Available,Not Available
55-60 58 STREET,Not Available,2073410.9,0,Not Available,Not Available,Not Available,Ok,Not Available,Not Available,191661,Not Available,0.9,Not Available,175.3,Not Available,Not Available,Not Available,353.3,Ok,Not Available,Not Available,Not Available,,Not Available,Not Available,4025850021,Whole Property,Not Available,Not Available,353.3,Manufacturing/Industrial Plant,3.6,Not Available,4,Not Available,Not Available,Not Available,Not Available,Not Available,Not Available,Not Available,Not Available,Not Available,134100,Not Available,Not Available,Not Available,Not Available,Not Available,Not Available,Ok,Not Available,Not Available
716RR Substance Abuse Treatment Residential,Not Available,688742.9,2,Not Available,Not Available,Not Available,Ok,Not Available,Not Available,22387,Not Available,2.6,Not Available,58.2,Not Available,44.77,Not Available,Not Available,Ok,Not Available,Not Available,Not Available,,Not Available,Not Available,2-02950-0020,Whole Property,Not Available,Not Available,Not Available,Medical Office,5.7,Not Available,4,Not Available,Not Available,Not Available,Not Available,Not Available,Not Available,Not Available,Not Available,Not Available,Not Available,Not Available,65,Not Available,Not Available,Not Available,Not Available,Ok,Not Available,Not Available
Mack Edge - 417 Lafayette St,Not Available,383474.7,0,Not Available,Not Available,Not Available,Ok,Not Available,Not Available,31152,Not Available,1,Not Available,32.4,Not Available,Not Available,Not Available,1167.3,Ok,Not Available,Not Available,Not Available,,Not Available,Not Available,1005440012,Whole Property,Not Available,Not Available,1167.3,Multifamily Housing,4.8,4,6,Not Available,Not Available,Not Available,Not Available,Not Available,Not Available,Not Available,Not Available,Not Available,Not Available,Not Available,Not Available,Not Available,Not Available,Not Available,Not Available,Ok,Not Available,Not Available
171st Street LLC,Not Available,868118.6,0,Not Available,Not Available,Not Available,Ok,Not Available,Not Available,27252,Not Available,2.7,Not Available,73.4,Not Available,Not Available,Not Available,868.4,Ok,Not Available,Not Available,No,,Not Available,Not Available,4098270025,Whole Property,Not Available,Not Available,868.4,Multifamily Housing,3,36,5,Not Available,Not Available,Not Available,Not Available,Not Available,Not Available,Not Available,Not Available,Not Available,Not Available,Not Available,Not Available,Not Available,Not Available,Not Available,Not Available,Ok,Not Available,Not Available
CQ- 89-25 elmhurst avenue,Not Available,1323265.7,0,6000,Not Available,Not Available,Ok,Not Available,Not Available,86180,Not Available,1.3,Not Available,111.9,Not Available,Not Available,Not Available,8223.6,Ok,Not Available,Not Available,Not Available,2022-03-01T00:00:00.000,Not Available,Not Available,4-01510-0020,Whole Property,Not Available,Not Available,8223.6,Multifamily Housing,5.1,180,5,Not Available,Not Available,Not Available,Not Available,Not Available,Not Available,Not Available,Not Available,Not Available,Not Available,Not Available,Not Available,Not Available,Not Available,Not Available,Not Available,Ok,Not Available,Not Available
Michael Young: 144-15 41st Avenue,Not Available,1313118.4,0,7050,Not Available,Not Available,Ok,Not Available,Not Available,138927,Not Available,0.8,Not Available,111,Not Available,Not Available,Not Available,8369.6,Ok,Not Available,Not Available,No,2023-04-11T00:00:00.000,Not Available,Not Available,4-05025-0001,Whole Property,Not Available,Not Available,8369.6,Multifamily Housing,3.6,111,6,Not Available,Not Available,Not Available,Not Available,Not Available,Not Available,Not Available,Not Available,Not Available,Not Available,Not Available,Not Available,Not Available,Not Available,Not Available,Not Available,Ok,Not Available,Not Available
485 Scott Avenue,Not Available,1288453.1,0,Not Available,Not Available,Not Available,Ok,Not Available,Not Available,39500,Not Available,2.8,Not Available,108.9,Not Available,Not Available,Not Available,23.9,Ok,Not Available,Not Available,Not Available,2023-02-22T00:00:00.000,Not Available,Not Available,3028020014,Whole Property,Not Available,Not Available,23.9,Manufacturing/Industrial Plant,3.1,Not Available,3,Not Available,Not Available,Not Available,Not Available,Not Available,Not Available,Not Available,Not Available,Not Available,39500,Not Available,Not Available,Not Available,Not Available,Not Available,Not Available,Ok,Not Available,Not Available
Indus - 13-25 Eggert Place,Not Available,44710.8,0,Not Available,Not Available,Not Available,Ok,Not Available,Not Available,34821,Not Available,0.1,Not Available,3.8,Not Available,Not Available,Not Available,Not Available,Ok,Not Available,Not Available,100.0% Yes,2023-03-10T00:00:00.000,Not Available,Not Available,4156650001,Not Available,Not Available,Not Available,Not Available,Multifamily Housing,4.2,42,4,Not Available,Not Available,Not Available,Not Available,Not Available,Not Available,Not Available,Not Available,Not Available,Not Available,Not Available,Not Available,Not Available,Not Available,Not Available,Not Available,Ok,Not Available,Not Available
KM 115 Marcy Place,Not Available,700732.7,0,Not Available,Not Available,Not Available,Ok,Not Available,Not Available,33225,Not Available,1.8,Not Available,59.2,Not Available,Not Available,Not Available,6554.3,Ok,Not Available,Not Available,Not Available,,Not Available,Not Available,2028410089,Whole Property,Not Available,Not Available,6554.3,Multifamily Housing,7.7,42,4,Not Available,Not Available,Not Available,Not Available,Not Available,Not Available,Not Available,Not Available,Not Available,Not Available,Not Available,Not Available,Not Available,Not Available,Not Available,Not Available,Ok,Not Available,Not Available
15 East 10th Street Owners,Not Available,414267.9,0,Not Available,Not Available,Not Available,Ok,Not Available,Not Available,36366,Not Available,1,Not Available,35,Not Available,Not Available,Not Available,841.6,Ok,Not Available,Not Available,Not Available,,Not Available,Not Available,1-00568-0026,Whole Property,Not Available,Not Available,841.6,Multifamily Housing,3.8,39,4,Not Available,Not Available,Not Available,Not Available,Not Available,Not Available,Not Available,Not Available,Not Available,Not Available,Not Available,Not Available,Not Available,Not Available,Not Available,Not Available,Ok,Not Available,Not Available
2540 Valentine Avenue,Not Available,523670.4,0,Not Available,Not Available,Not Available,Ok,Not Available,Not Available,32110,Not Available,1.4,Not Available,44.3,Not Available,Not Available,Not Available,3674.8,Ok,Not Available,Not Available,No,,Not Available,Not Available,2031540070,Whole Property,Not Available,Not Available,3674.8,Multifamily Housing,2,39,7,Not Available,Not Available,Not Available,Not Available,Not Available,Not Available,Not Available,Not Available,Not Available,Not Available,Not Available,Not Available,Not Available,Not Available,Not Available,Not Available,Ok,Not Available,Not Available
751 Troy Avenue,Not Available,999426,0,Not Available,Not Available,Not Available,Ok,Not Available,Not Available,90944,Not Available,0.9,Not Available,84.5,Not Available,Not Available,Not Available,5098.9,Ok,Not Available,Not Available,No,,Not Available,Not Available,3048650001,Whole Property,Not Available,Not Available,5098.9,Multifamily Housing,6,95,4,Not Available,Not Available,Not Available,Not Available,Not Available,Not Available,Not Available,Not Available,Not Available,Not Available,Not Available,Not Available,Not Available,Not Available,Not Available,Not Available,Ok,Not Available,Not Available
3139 BROADWAY,Not Available,746938,0,Not Available,Not Available,Not Available,Ok,Not Available,Not Available,25412,Not Available,2.5,Not Available,63.1,Not Available,Not Available,Not Available,Not Available,Ok,Not Available,Not Available,Not Available,,Not Available,Not Available,1019930073,Whole Property,Not Available,Not Available,Not Available,Multifamily Housing,9.9,26,10,Not Available,Not Available,Not Available,Not Available,Not Available,Not Available,Not Available,Not Available,Not Available,Not Available,Not Available,Not Available,Not Available,Not Available,Not Available,Not Available,Ok,Not Available,Not Available
Child - 200-210 East 165 Street,Not Available,654332.9,0,Not Available,Not Available,Not Available,Ok,Not Available,Not Available,24840,Not Available,2.2,Not Available,55.3,Not Available,Not Available,Not Available,Not Available,Ok,Not Available,Not Available,Not Available,2023-02-09T00:00:00.000,Not Available,Not Available,2024550059,Not Available,Not Available,Not Available,Not Available,Multifamily Housing,4.9,26,10,Not Available,Not Available,Not Available,Not Available,Not Available,Not Available,Not Available,Not Available,Not Available,Not Available,Not Available,Not Available,Not Available,Not Available,Not Available,Not Available,Ok,Not Available,Not Available
38-19 Union Street,Not Available,585731.2,0,Not Available,Not Available,Not Available,Ok,Not Available,Not Available,27830,Not Available,1.8,Not Available,49.5,Not Available,Not Available,Not Available,194.6,Ok,Not Available,Not Available,Not Available,,Not Available,Not Available,4050200003,Whole Property,Not Available,Not Available,194.6,Office,2.3,Not Available,4,Not Available,Not Available,Not Available,Not Available,Not Available,Not Available,Not Available,Not Available,Not Available,Not Available,Not Available,Not Available,Not Available,Not Available,Not Available,Not Available,Ok,Not Available,Not Available
CARO: 34-43 Crescent Street,Not Available,1614172.9,0,Not Available,Not Available,Not Available,Ok,Not Available,Not Available,111120,Not Available,1.2,Not Available,136.5,Not Available,Not Available,Not Available,4207.7,Ok,Not Available,Not Available,No,2023-04-12T00:00:00.000,Not Available,Not Available,4-00583-0011,Whole Property,Not Available,Not Available,4207.7,Multifamily Housing,4,120,6,Not Available,Not Available,Not Available,Not Available,Not Available,Not Available,Not Available,Not Available,Not Available,Not Available,Not Available,Not Available,Not Available,Not Available,Not Available,Not Available,Ok,Not Available,Not Available
Indus - 22-30 Mott Avenue,Not Available,1825658.7,0,Not Available,Not Available,Not Available,Ok,Not Available,Not Available,137820,Not Available,1.1,Not Available,154.3,Not Available,Not Available,Not Available,12434.1,Ok,Not Available,Not Available,100.0% Yes,2023-03-10T00:00:00.000,Not Available,Not Available,4156610012,Whole Property,Not Available,Not Available,12434.1,Multifamily Housing,4.9,132,4,Not Available,Not Available,Not Available,Not Available,Not Available,Not Available,Not Available,Not Available,Not Available,Not Available,Not Available,Not Available,Not Available,Not Available,Not Available,Not Available,Ok,Not Available,Not Available
Not Active-6200 Riverdale Avenue,Not Available,791430.5,0,6000,Not Available,Not Available,Ok,Not Available,Not Available,62601,Not Available,1.1,Not Available,66.9,Not Available,Not Available,Not Available,5037.4,Ok,Not Available,Not Available,Not Available,,Not Available,Not Available,2-05887-1348,Whole Property,Not Available,Not Available,5037.4,Multifamily Housing,5.3,61,5,Not Available,Not Available,Not Available,Not Available,Not Available,Not Available,Not Available,Not Available,Not Available,Not Available,Not Available,Not Available,Not Available,Not Available,Not Available,Not Available,Ok,Not Available,Not Available
101 East 10th Street,Not Available,1788024.5,0,Not Available,Not Available,Not Available,Ok,Not Available,Not Available,41323,Not Available,3.7,Not Available,151.2,Not Available,Not Available,Not Available,Not Available,Ok,Not Available,Not Available,Not Available,,Not Available,Not Available,1004667501,Whole Property,Not Available,Not Available,Not Available,Multifamily Housing,6.9,29,13,Not Available,Not Available,Not Available,Not Available,Not Available,Not Available,Not Available,Not Available,Not Available,Not Available,Not Available,Not Available,Not Available,Not Available,Not Available,Not Available,Ok,Not Available,Not Available
Living - 350 West 110th Street,Not Available,462083.7,0,Not Available,Not Available,Not Available,Ok,Not Available,Not Available,31596,Not Available,1.2,Not Available,39.1,Not Available,Not Available,Not Available,Not Available,Ok,Not Available,Not Available,Not Available,,Not Available,Not Available,1018450014,Whole Property,Not Available,Not Available,Not Available,Multifamily Housing,4.5,36,10,Not Available,Not Available,Not Available,Not Available,Not Available,Not Available,Not Available,Not Available,Not Available,Not Available,Not Available,Not Available,Not Available,Not Available,Not Available,Not Available,Ok,Not Available,Not Available
Automotive Realty: 2490 Webster Ave,Not Available,4079612.4,0,15500,Not Available,Not Available,Ok,Not Available,Not Available,37700,Not Available,9.1,Not Available,344.9,Not Available,Not Available,Not Available,Not Available,Ok,Not Available,Not Available,Not Available,,Not Available,Not Available,2-03033-0004,Whole Property,Not Available,Not Available,Not Available,K-12 School,13,Not Available,10,Not Available,4,Not Available,Not Available,Not Available,Not Available,Not Available,Not Available,Not Available,Not Available,16500,Not Available,Not Available,Not Available,Not Available,Not Available,Ok,Not Available,Not Available
170 Van Brunt Street,Not Available,559851.2,0,Not Available,Not Available,Not Available,Ok,Not Available,Not Available,39740,Not Available,1.2,Not Available,47.3,Not Available,Not Available,Not Available,Not Available,Ok,Not Available,Not Available,Not Available,,Not Available,Not Available,3005020001,Whole Property,Not Available,Not Available,Not Available,Manufacturing/Industrial Plant,2.5,Not Available,5,Not Available,Not Available,Not Available,Not Available,Not Available,Not Available,Not Available,Not Available,Not Available,39740,Not Available,Not Available,Not Available,Not Available,Not Available,Not Available,Ok,Not Available,Not Available
1240 Edward L Grant Highway,Not Available,1287296.4,0,Not Available,Not Available,Not Available,Ok,Not Available,Not Available,26000,Not Available,4.2,Not Available,108.8,Not Available,Not Available,Not Available,Not Available,Ok,Not Available,Not Available,Not Available,,Not Available,Not Available,2028710002,Not Available,Not Available,Not Available,Not Available,Office,10.8,Not Available,8,Not Available,Not Available,Not Available,Not Available,Not Available,Not Available,Not Available,Not Available,Not Available,Not Available,Not Available,Not Available,Not Available,Not Available,Not Available,Not Available,Ok,Not Available,Not Available
637 - Hotel Indigo Flushing,Not Available,4422282.6,0,Not Available,Not Available,Not Available,Ok,Not Available,Not Available,89930,Not Available,4.2,Not Available,373.9,Not Available,Not Available,Not Available,Not Available,Ok,Not Available,Not Available,Not Available,,Not Available,Not Available,3049717504,Not Available,Not Available,Not Available,Not Available,Hotel,5.6,Not Available,2,Not Available,Not Available,Not Available,Not Available,Not Available,Not Available,Not Available,Not Available,Not Available,Not Available,Not Available,Not Available,Not Available,Not Available,Not Available,Not Available,Ok,Not Available,Not Available
Resolution -  24-32 Union Square,Not Available,5692672.9,0,Not Available,Not Available,Not Available,Ok,Not Available,Not Available,145772,Not Available,3.3,Not Available,481.3,Not Available,Not Available,Not Available,Not Available,Ok,Not Available,Not Available,Not Available,2023-03-16T00:00:00.000,Not Available,Not Available,1008710003,Whole Property,Not Available,Not Available,Not Available,Office,6,Not Available,9,Not Available,Not Available,Not Available,Not Available,Not Available,Not Available,Not Available,Not Available,Not Available,Not Available,Not Available,Not Available,Not Available,Not Available,Not Available,Not Available,Ok,Not Available,Not Available
831 Bartholdi Street,Not Available,1977330.8,0,Not Available,Not Available,Not Available,Ok,Not Available,Not Available,127629,Not Available,1.3,Not Available,167.2,Not Available,Not Available,Not Available,8635.9,Ok,Not Available,Not Available,Not Available,,Not Available,Not Available,2-04633-0001,Whole Property,Not Available,Not Available,8635.9,Multifamily Housing,4,122,2,Not Available,Not Available,Not Available,Not Available,Not Available,Not Available,Not Available,Not Available,Not Available,Not Available,Not Available,Not Available,Not Available,Not Available,Not Available,Not Available,Ok,Not Available,Not Available
ROSENBERG: 1266-68 Grand Concourse,Not Available,1262614,0,Not Available,Not Available,Not Available,Ok,Not Available,Not Available,60874,Not Available,1.8,Not Available,106.7,Not Available,Not Available,Not Available,6827,Ok,Not Available,Not Available,No,2023-04-05T00:00:00.000,Not Available,Not Available,2-02457-0040,Whole Property,Not Available,Not Available,6827,Multifamily Housing,6.7,56,12,Not Available,0.45,Not Available,Not Available,Not Available,Not Available,Not Available,Not Available,Not Available,Not Available,1800,Not Available,Not Available,Not Available,Not Available,Not Available,Ok,Not Available,Not Available
90-11 149th Street,Not Available,1596587.4,0,Not Available,Not Available,Not Available,Ok,Not Available,Not Available,136000,Not Available,1,Not Available,135,Not Available,Not Available,Not Available,14955.8,Ok,Not Available,Not Available,No,2023-03-10T00:00:00.000,Not Available,Not Available,4096790052,Whole Property,Not Available,Not Available,14955.8,Multifamily Housing,4.7,120,5,Not Available,Not Available,Not Available,Not Available,Not Available,Not Available,Not Available,Not Available,Not Available,Not Available,Not Available,Not Available,Not Available,Not Available,Not Available,Not Available,Ok,Not Available,Not Available
M&&L: 1695 Grand Concourse,Not Available,1083729.7,0,Not Available,Not Available,Not Available,Ok,Not Available,Not Available,85500,Not Available,1.1,Not Available,91.6,Not Available,Not Available,Not Available,9370.7,Ok,Not Available,Not Available,No,2022-07-14T00:00:00.000,Not Available,Not Available,2-02822-0012,Whole Property,Not Available,Not Available,9370.7,Multifamily Housing,3.7,75,8,Not Available,Not Available,Not Available,Not Available,Not Available,Not Available,Not Available,Not Available,Not Available,Not Available,Not Available,Not Available,Not Available,Not Available,Not Available,Not Available,Ok,Not Available,Not Available
490 Myrtle Avenue,Not Available,5528733.1,0,Not Available,Not Available,Not Available,Ok,Not Available,Not Available,113302,Not Available,4.1,Not Available,467.4,Not Available,Not Available,Not Available,3940,Ok,Not Available,Not Available,100.0% Yes,,Not Available,Not Available,3019057502,Whole Property,Not Available,Not Available,3940,Multifamily Housing,5.1,93,5,Not Available,0,Not Available,Not Available,Not Available,Not Available,Not Available,Not Available,Not Available,Not Available,36755,Not Available,Not Available,Not Available,Not Available,Not Available,Ok,Not Available,Not Available
Estates at Bayside- Section 2A,Not Available,2470584.8,0,10625,Not Available,Not Available,Ok,Not Available,Not Available,147700,Not Available,1.4,Not Available,208.9,Not Available,Not Available,Not Available,11093.9,Ok,Not Available,Not Available,Not Available,2018-04-19T00:00:00.000,Not Available,Not Available,4-07670-0002,Whole Property,Not Available,Not Available,11093.9,Multifamily Housing,8.1,188,210,Not Available,Not Available,Not Available,Not Available,Not Available,Not Available,Not Available,Not Available,Not Available,Not Available,Not Available,Not Available,Not Available,Not Available,Not Available,Not Available,Ok,Not Available,Not Available
66 Ainslie Street,Not Available,932799.9,0,Not Available,Not Available,Not Available,Ok,Not Available,Not Available,42172,Not Available,1.9,Not Available,78.9,Not Available,Not Available,Not Available,124.6,Ok,Not Available,Not Available,Not Available,,Not Available,Not Available,3023750005,Whole Property,Not Available,Not Available,124.6,Multifamily Housing,3.1,51,5,Not Available,Not Available,Not Available,Not Available,Not Available,Not Available,Not Available,Not Available,Not Available,Not Available,Not Available,Not Available,Not Available,Not Available,Not Available,Not Available,Ok,Not Available,Not Available
629 West 170th Street,Not Available,306902.6,0,Not Available,Not Available,Not Available,Ok,Not Available,Not Available,30020,Not Available,0.9,Not Available,25.9,Not Available,Not Available,Not Available,1960.6,Ok,Not Available,Not Available,Not Available,2023-04-13T00:00:00.000,Not Available,Not Available,1021420009,Whole Property,Not Available,Not Available,1960.6,Multifamily Housing,7.2,33,7,Not Available,Not Available,Not Available,Not Available,Not Available,Not Available,Not Available,Not Available,Not Available,Not Available,Not Available,Not Available,Not Available,Not Available,Not Available,Not Available,Ok,Not Available,Not Available
2570 Briggs Avenue,Not Available,526174.7,0,Not Available,Not Available,Not Available,Ok,Not Available,Not Available,39456,Not Available,1.1,Not Available,44.5,Not Available,Not Available,Not Available,Not Available,Ok,Not Available,Not Available,No,,Not Available,Not Available,2032930026,Not Available,Not Available,Not Available,Not Available,Multifamily Housing,4.8,43,6,Not Available,Not Available,Not Available,Not Available,Not Available,Not Available,Not Available,Not Available,Not Available,Not Available,Not Available,Not Available,Not Available,Not Available,Not Available,Not Available,Ok,Not Available,Not Available
H. Schrier: 1476 Utica Ave,Not Available,5901105.3,0,Not Available,Not Available,Not Available,Ok,Not Available,Not Available,107231,Not Available,4.7,Not Available,498.9,Not Available,Not Available,Not Available,Not Available,Ok,Not Available,Not Available,Not Available,,Not Available,Not Available,3-04786-0088,Not Available,Not Available,Not Available,Not Available,Non-Refrigerated Warehouse,4.8,Not Available,3,Not Available,Not Available,Not Available,Not Available,Not Available,Not Available,Not Available,Not Available,Not Available,Not Available,Not Available,Not Available,Not Available,Not Available,Not Available,Not Available,Ok,Not Available,Not Available
Muse Hotel,Not Available,5461704.6,0,Not Available,Not Available,Not Available,Ok,Not Available,Not Available,113969,Not Available,4.1,Not Available,461.7,Not Available,Not Available,Not Available,Not Available,Ok,Not Available,Not Available,Not Available,,Not Available,Not Available,1-00998-0047,Whole Property,Not Available,Not Available,Not Available,Hotel,7,Not Available,4,Not Available,Not Available,Not Available,Not Available,Not Available,Not Available,Not Available,Not Available,Not Available,Not Available,Not Available,Not Available,Not Available,Not Available,Not Available,Not Available,Ok,Not Available,Not Available
6309 Bay Parkway,Not Available,678769.6,0,Not Available,Not Available,Not Available,Ok,Not Available,Not Available,64500,Not Available,0.9,Not Available,57.4,Not Available,Not Available,Not Available,1823.4,Ok,Not Available,Not Available,No,,Not Available,Not Available,3065520001,Whole Property,Not Available,Not Available,1823.4,Multifamily Housing,5.1,82,4,Not Available,Not Available,Not Available,Not Available,Not Available,Not Available,Not Available,Not Available,Not Available,Not Available,Not Available,Not Available,Not Available,Not Available,Not Available,Not Available,Ok,Not Available,Not Available
Hotel ThirtyTwo - 32,Not Available,1470824.4,0,Not Available,Not Available,Not Available,Ok,Not Available,Not Available,33275,Not Available,3.7,Not Available,124.3,Not Available,Not Available,Not Available,2774.8,Ok,Not Available,Not Available,Not Available,,Not Available,Not Available,1-00861-0054,Whole Property,Not Available,Not Available,2774.8,Hotel,7.2,Not Available,6,Not Available,Not Available,Not Available,Not Available,Not Available,Not Available,Not Available,Not Available,Not Available,Not Available,Not Available,Not Available,Not Available,Not Available,Not Available,Not Available,Ok,Not Available,Not Available
Delta Management- 100-11 67 Road,Not Available,1604725,0,11250,Not Available,Not Available,Ok,Not Available,Not Available,138120,Not Available,1,Not Available,135.7,Not Available,Not Available,Not Available,6402.1,Ok,Not Available,Not Available,Not Available,2022-03-01T00:00:00.000,Not Available,Not Available,4-03170-0001,Whole Property,Not Available,Not Available,6402.1,Multifamily Housing,4.1,156,5,Not Available,Not Available,Not Available,Not Available,Not Available,Not Available,Not Available,Not Available,Not Available,Not Available,Not Available,Not Available,Not Available,Not Available,Not Available,Not Available,Ok,Not Available,Not Available
Living - 5 Delavan Street,Not Available,1802982.7,0,Not Available,Not Available,Not Available,Ok,Not Available,Not Available,113628,Not Available,1.3,Not Available,152.4,Not Available,Not Available,Not Available,3575.2,Ok,Not Available,Not Available,Not Available,,Not Available,Not Available,3005230018,Whole Property,Not Available,Not Available,3575.2,Multifamily Housing,3.3,100,7,Not Available,Not Available,Not Available,Not Available,Not Available,Not Available,Not Available,Not Available,Not Available,Not Available,Not Available,Not Available,Not Available,Not Available,Not Available,Not Available,Ok,Not Available,Not Available
2800-2900 East 29 Street,Not Available,448442.6,0,Not Available,Not Available,Not Available,Ok,Not Available,Not Available,39798,Not Available,1,Not Available,37.9,Not Available,Not Available,Not Available,Not Available,Ok,Not Available,Not Available,Not Available,,Not Available,Not Available,3087927502,Whole Property,Not Available,Not Available,Not Available,Multifamily Housing,2.7,18,7,Not Available,Not Available,Not Available,Not Available,Not Available,Not Available,Not Available,Not Available,Not Available,Not Available,Not Available,Not Available,Not Available,Not Available,Not Available,Not Available,Ok,Not Available,Not Available
Michael Young: 36-08 29th Street,Not Available,751233.7,0,Not Available,Not Available,Not Available,Ok,Not Available,Not Available,84166,Not Available,0.8,Not Available,63.5,Not Available,Not Available,Not Available,Not Available,Ok,Not Available,Not Available,No,,Not Available,Not Available,4-00343-0024,Whole Property,Not Available,Not Available,Not Available,Multifamily Housing,4.2,72,10,Not Available,Not Available,Not Available,Not Available,Not Available,Not Available,Not Available,Not Available,Not Available,Not Available,Not Available,Not Available,Not Available,Not Available,Not Available,Not Available,Ok,Not Available,Not Available
155 West 81,Not Available,788155.8,0,Not Available,Not Available,Not Available,Ok,Not Available,Not Available,67231,Not Available,1,Not Available,66.6,Not Available,Not Available,Not Available,8393.7,Ok,Not Available,Not Available,Not Available,2020-04-26T00:00:00.000,Not Available,Not Available,1012120110,Whole Property,Not Available,Not Available,8393.7,Multifamily Housing,5.5,66,3,Not Available,Not Available,Not Available,Not Available,Not Available,Not Available,Not Available,Not Available,Not Available,Not Available,Not Available,Not Available,Not Available,Not Available,Not Available,Not Available,Ok,Not Available,Not Available
First Metropolitan: 2206 Holland Ave,Not Available,646103.1,0,Not Available,Not Available,Not Available,Ok,Not Available,Not Available,63956,Not Available,0.9,Not Available,54.6,Not Available,Not Available,Not Available,Not Available,Ok,Not Available,Not Available,No,2023-04-14T00:00:00.000,Not Available,Not Available,2043450005,Whole Property,Not Available,Not Available,Not Available,Multifamily Housing,1,55,6,Not Available,Not Available,Not Available,Not Available,Not Available,Not Available,Not Available,Not Available,Not Available,Not Available,Not Available,Not Available,Not Available,Not Available,Not Available,Not Available,Ok,Not Available,Not Available
Imperial && Estate: 118-40 Metropolitan Ave,Not Available,1108790.8,0,Not Available,Not Available,Not Available,Ok,Not Available,Not Available,89587,Not Available,1,Not Available,93.7,Not Available,Not Available,Not Available,3416.4,Ok,Not Available,Not Available,Not Available,2023-04-10T00:00:00.000,Not Available,Not Available,4-03322-0014,Whole Property,Not Available,Not Available,3416.4,Multifamily Housing,4.7,84,7,Not Available,Not Available,Not Available,Not Available,Not Available,Not Available,Not Available,Not Available,Not Available,Not Available,Not Available,Not Available,Not Available,Not Available,Not Available,Not Available,Ok,Not Available,Not Available
345-HIWall,Not Available,1925270.3,0,Not Available,Not Available,Not Available,Ok,Not Available,Not Available,37075,Not Available,4.4,Not Available,162.8,Not Available,Not Available,Not Available,4202,Ok,Not Available,Not Available,Not Available,,Not Available,Not Available,1-00064-0001,Whole Property,Not Available,Not Available,4202,Hotel,6.9,Not Available,4,Not Available,Not Available,Not Available,Not Available,Not Available,Not Available,Not Available,Not Available,Not Available,Not Available,Not Available,Not Available,Not Available,Not Available,Not Available,Not Available,Ok,Not Available,Not Available
144 East 24th Street NY,Not Available,1005448.1,0,Not Available,Not Available,Not Available,Ok,Not Available,Not Available,38267,Not Available,2.2,Not Available,85,Not Available,Not Available,Not Available,1380.3,Ok,Not Available,Not Available,100.0% Yes,,Not Available,Not Available,1008790054,Whole Property,Not Available,Not Available,1380.3,Multifamily Housing,5.3,38,7,Not Available,Not Available,Not Available,Not Available,Not Available,Not Available,Not Available,Not Available,Not Available,Not Available,Not Available,Not Available,Not Available,Not Available,Not Available,Not Available,Ok,Not Available,Not Available
Indus - 168-42 88th Avenue,Not Available,796200.5,0,Not Available,Not Available,Not Available,Ok,Not Available,Not Available,50976,Not Available,1.3,Not Available,67.3,Not Available,Not Available,Not Available,6279.2,Ok,Not Available,Not Available,100.0% Yes,2023-03-10T00:00:00.000,Not Available,Not Available,4098200049,Whole Property,Not Available,Not Available,6279.2,Multifamily Housing,6.2,78,4,Not Available,Not Available,Not Available,Not Available,Not Available,Not Available,Not Available,Not Available,Not Available,Not Available,Not Available,Not Available,Not Available,Not Available,Not Available,Not Available,Ok,Not Available,Not Available
39-82 65 Place,Not Available,345980.2,0,Not Available,Not Available,Not Available,Ok,Not Available,Not Available,31316,Not Available,0.9,Not Available,29.2,Not Available,Not Available,Not Available,2601,Ok,Not Available,Not Available,No,2022-04-03T00:00:00.000,Not Available,Not Available,4012970050,Whole Property,Not Available,Not Available,2601,Multifamily Housing,6.2,38,3,Not Available,Not Available,Not Available,Not Available,Not Available,Not Available,Not Available,Not Available,Not Available,Not Available,Not Available,Not Available,Not Available,Not Available,Not Available,Not Available,Ok,Not Available,Not Available
The Waterford Condominium Association,Not Available,926446.7,0,1683,Not Available,Not Available,Ok,Not Available,Not Available,37122,Not Available,2.1,Not Available,78.3,Not Available,Not Available,Not Available,Not Available,Ok,Not Available,Not Available,No,,Not Available,Not Available,3061337502,Not Available,Not Available,Not Available,Not Available,Multifamily Housing,2.1,23,2,Not Available,Not Available,Not Available,Not Available,Not Available,Not Available,Not Available,Not Available,Not Available,Not Available,Not Available,Not Available,Not Available,Not Available,Not Available,Not Available,Ok,Not Available,Not Available
Majestic: 63-84 Saunders Street,Not Available,1645471.2,0,12000,Not Available,Not Available,Ok,Not Available,Not Available,153606,Not Available,0.9,Not Available,139.1,Not Available,Not Available,Not Available,6244,Ok,Not Available,Not Available,No,2022-08-26T00:00:00.000,Not Available,Not Available,4-03083-0061,Whole Property,Not Available,Not Available,6244,Multifamily Housing,3.7,121,6,Not Available,Not Available,Not Available,Not Available,Not Available,Not Available,Not Available,Not Available,Not Available,Not Available,Not Available,Not Available,Not Available,Not Available,Not Available,Not Available,Ok,Not Available,Not Available
Living - 992 Amsterdam Ave,Not Available,1014022.6,0,Not Available,Not Available,Not Available,Ok,Not Available,Not Available,28944,Not Available,3,Not Available,85.7,Not Available,Not Available,Not Available,Not Available,Ok,Not Available,Not Available,Not Available,,Not Available,Not Available,1018810029,Not Available,Not Available,Not Available,Not Available,Multifamily Housing,9.4,30,15,Not Available,Not Available,Not Available,Not Available,Not Available,Not Available,Not Available,Not Available,Not Available,Not Available,Not Available,Not Available,Not Available,Not Available,Not Available,Not Available,Ok,Not Available,Not Available
284 Eastern Parkway,Not Available,869688.1,0,Not Available,Not Available,Not Available,Ok,Not Available,Not Available,76670,Not Available,1,Not Available,73.5,Not Available,Not Available,Not Available,2431.9,Ok,Not Available,Not Available,No,,Not Available,Not Available,3011850021,Whole Property,Not Available,Not Available,2431.9,Multifamily Housing,4.8,72,4,Not Available,Not Available,Not Available,Not Available,Not Available,Not Available,Not Available,Not Available,Not Available,Not Available,Not Available,Not Available,Not Available,Not Available,Not Available,Not Available,Ok,Not Available,Not Available
2537 Broadway,Not Available,11915508.9,0,Not Available,Not Available,Not Available,Ok,Not Available,Not Available,41250,Not Available,24.4,Not Available,1007.3,Not Available,Not Available,Not Available,Not Available,Ok,Not Available,Not Available,Not Available,,Not Available,Not Available,1012420055,Not Available,Not Available,Not Available,Not Available,Performing Arts,44.8,Not Available,13,Not Available,Not Available,Not Available,Not Available,Not Available,Not Available,Not Available,Not Available,Not Available,Not Available,Not Available,Not Available,Not Available,Not Available,Not Available,Not Available,Ok,Not Available,Not Available
