dbn,code1,school_10th_seats,requirement2_8,requirement3_6,bin,admissionspriority15,eligibility6,admissionspriority14,applicants2specialized,requirement1_6,code4,admissionspriority12,requirement2_7,grade9swdfilledflag9,prgdesc4,grade9swdfilledflag2,grade9geapplicantsperseat1,seats9swd8,applicants5specialized,offer_rate3_2,requirement6_6,code5,eligibility1,offer_rate1_3,grade9swdapplicants3,interest9,grade9swdapplicantsperseat10,interest3,seats101,grade9gefilledflag4,grade9swdfilledflag10,grade9gefilledflag3,academicopportunities6,offer_rate1_2,program9,admissionspriority28,requirement5_9,seats9ge2,appperseat2specialized,common_audition4,grade9swdapplicantsperseat2,requirement6_5,seats9ge4,auditioninformation8,code9,offer_rate2_4,grade9swdapplicantsperseat8,psal_sports_girls,academicopportunities4,international,bbl,applicants6specialized,grade9gefilledflag7,admissionspriority11,city,requirement4_9,seats9swd7,overview_paragraph,longitude,:@computed_region_efsh_h5xi,geocoded_column,finalgrades,:@computed_region_sbqj_enih
08X269,Y28A,,,,2116211,,,,,,,,,,,,18.0,,,,,,,,,,,,No,,,,,,,,,,,,,,,,,,,"Basketball, Cross Country, Rugby, Volleyball, Wrestling","English & History Elective Courses: Effective Writing, Creative Writing, History of Hip-Hop, and History Through Film",,2027230033,,,Priority to continuing 8th graders,BRONX,,,"Our mission is to educate, empower and embolden our students, school and community.  Our faculty and partners work tirelessly to ensure that our school is a learning environment open to all students, regardless of academic ability, and that every student is prepared for college and the world beyond. We value academic challenge, social justice, individualization, and high-quality teaching.",-73.893128,10937.0,"{'type': 'Point', 'coordinates': [-73.893128, 40.820579]}",6 to 12,24
10X225,X20B,Y,,,2013307,Priority to continuing 8th graders,,Priority to continuing 8th graders,,,X20S,Priority to continuing 8th graders,,,"Students learn acting technique, scene study, voice and diction, movement, musical theater, theater history, audition preparation, digital resume building, script analysis, directing, lighting design, and stagecraft. Students perform in full stage and small studio classical, modern, and musical theater productions.",N,3.0,,,,,X20T,,14% of offers went to this group,16.0,,,Performing Arts/Visual Art & Design,No,Y,,N,,0% of offers went to this group,,,,27.0,,1.0,2.0,,27.0,,,67% of offers went to this group,,,"Saturday school, Regents Prep, LINCT program for raising Math & ELA Regents' scores to increase college readiness",,2031430043,,,Priority to continuing 8th graders,BRONX,,,"Featured in US News and World Report's Best High Schools in America '16 & '17, students graduate with the skills necessary for success in the 21st century. Our freshman students major in Theater, Dance, Vocal Music, Instrumental Music, or Visual Studies. We typically achieve a 99% college acceptance rate with over $800,000 in offered scholarships. We have the DOE's only rooftop garden/outdoor performance space with a sustainable living-oriented curriculum. Our school's philosophy is to ""take care of ourselves and each other."" We use the Arts and Technology to provide innovative and engaging instruction that inspires students to develop their academic, creative, and world-citizen potential through a heart and hands on approach to learning.",-73.896703,10935.0,"{'type': 'Point', 'coordinates': [-73.896703, 40.854515]}",6 to 12,29
10X524,Y56A,,,,2012887,,,,,,,,,,,,3.0,,,,,,"Open only to New York City residents living in the United States four years or fewer who are English Language Learners per New York City Department of Education guidelines scoring at the Entering, Emerging, or Transitioning levels on the NYSESLAT, NYSITELL, or LAB-R.",,,,,,No,,,,CTE program(s): Recording Entertainment Technology,,,,,,,,,,,,,,,"Softball, Volleyball",Graduation with portfolio presentation in place of some Regents,1.0,2031040007,,,,BRONX,,,"Our mission is to partner with families and local organizations to serve English Language Learners who have recently immigrated to the United States from countries around the globe. Our graduates are prepared for success both in college and in careers in media & communications. Our school and classes are small; every student is known and supported to achieve. Staff and students work and learn collaboratively in heterogeneous groups. Students develop English language literacy and critical thinking skills by engaging in classroom projects, service learning, and internship programs. They learn to advocate for themselves and their families and to become active leaders in their communities.",-73.882715,10936.0,"{'type': 'Point', 'coordinates': [-73.882715, 40.855698]}",9 to 12,31
21K348,K97R,Y,,,3186454,,,,,,,,,,,,4.0,,,,,,,,,,,,Yes,,,,,,,,,,,,,,,,,,,"Badminton, Basketball, Bowling, Flag Football, Soccer, Softball, Table Tennis, Volleyball",e-Sport and Gaming Club,,3068830001,,,Priority to Brooklyn students or residents,BROOKLYN,,,"At the High School of Sports Management (HSSM), students have an opportunity to engage in experiential learning opportunities, working with professionals in the areas of Sports Marketing, Sports Journalism, Sports Media, Sports Medicine, Event Planning, and Sports Law. All students must adhere to a code of conduct spelled out in the non-negotiables and a strict uniform policy (white polo shirt, black slacks, and black shoes), both designed to continually reinforce the seriousness of purpose and mission of the school. Students are also required to participate in extensive after-school and summer bridge academic enrichment programs.",-73.98577,17616.0,"{'type': 'Point', 'coordinates': [-73.98577, 40.594291]}",9 to 12,35
02M260,M64A,Y,,,1089902,,,,,,,,,,,,28.0,,,,,,,,,,,,Yes,,,,,,,,,,,,,,,,,,,"Basketball, Cross Country, Volleyball","Students must take a Theory of Knowledge course, that asks students to reflect on the nature of knowledge and reflect on how we know what we know.",,1008420034,,,Priority to continuing 8th graders,MANHATTAN,,,"The Clinton School is an authorized International Baccalaureate (IB) World School, offering the Diploma Programme (DP), a globally recognized college prep program. We encourage our students to become active, compassionate and lifelong learners. We have paired Diploma Programme with The Yale Center for Emotional Intelligence's RULER framework in order to support the development of balanced, well-rounded global citizens. Our upper grades program is built as an ""International Baccalaureate for ALL"" model, with students completing NYS Regents requirements by the end of 10th grade in order to participate in all IB courses in 11th and 12th grade. We have a building commitment to recruiting a diverse group of learners.",-73.992725,11724.0,"{'type': 'Point', 'coordinates': [-73.992725, 40.736518]}",6 to 12,7
28Q325,Q46A,,,,4448806,,,,,,,,,,,,7.0,,,,,,,,,,,,No,,,,,,,,,,,,,,,,,,,"Basketball, Bowling, Cross Country, Flag Football, Indoor Track, Outdoor Track, Soccer, Softball, Swimming, Volleyball","Partnership with Queens Museum of the Arts, exhibit of student work featured at the Queens Museum of Arts each year",,4098580100,,,Priority to Queens students or residents,JAMAICA,,,"The mission of Hillside Arts & Letters Academy is to offer students a challenging curriculum with a special emphasis on visual arts, music, and writing. Students at our school become self-directed and resourceful learners with a deep appreciation for the arts. We prepare students to graduate as independent thinkers who are academically well-rounded, creative, and especially well-prepared to innovate and collaborate. Our school ensures student success by providing support through advisory classes, youth development programs, and a deep commitment to our students.",-73.797237,24340.0,"{'type': 'Point', 'coordinates': [-73.797237, 40.713218]}",9 to 12,65
23K647,L74A,Y,,,3082940,,,,,,,,,,,,1.0,,,,,,For Current Eighth Grade Students-Open only to students who are at least 15 years of age and entering high school for the first time. For Other Students-Open only to students who are at least 16 years of age and have attended another high school for at least one year.,,,,,,Yes,,,,,,,,,,,,,,,,,,,Basketball,"NYC Mission Society, Transfer School Common Core Institute (Eskolta and ReDesign)",,3036360007,,,,BROOKLYN,,,"Metropolitan Diploma Plus High School is a learning community where adults are committed to supporting students' potential as they reconnect to education and embark on paths filled with opportunity. Through collaboration with New York City Mission Society and Single Shepherd, students can participate in real-world experiences that provide challenges, knowledge, choice, and positive outcomes. Students engage in learning experiences to improve college- and career-readiness skills. Youth development and leadership play an important role as students re-engage in high school.",-73.907245,17614.0,"{'type': 'Point', 'coordinates': [-73.907245, 40.656068]}","School is structured on credit needs, not grade level",46
10X434,X42A,,,,2011810,,,,,,,,,,,,18.0,,,,,,,,,,,,No,,,,,,,,,,,,,,,,,,,"Basketball, Cross Country, Indoor Track, Outdoor Track, Softball, Volleyball","Earn college credits through: College Now, AP US History, AP Environmental Science, AP English Literature, AP Spanish Literature, AP Computer Science, AP Calculus",,2030590001,,,Priority to Bronx students or residents,BRONX,,,"Belmont Preparatory High School was founded in 2002 for academically talented students. The curriculum is based in the humanities and uses an interdisciplinary approach to challenge our scholars in all subjects so that they are college and career-ready upon graduation. We have incorporated numerous activities and programs geared towards achieving these goals including: Six AP courses, CUNY College Now college courses, a full-time college advisor, SAT Prep for juniors and seniors, partnerships with Fordham University, the opportunity to visit almost 100 elite colleges during and universities, PSAL athletics, and extensive student activities; International and Domestic Educational Excursions, and National Honor Society.",-73.888267,10936.0,"{'type': 'Point', 'coordinates': [-73.888267, 40.860043]}",9 to 12,31
12X478,Y42A,Y,,,2117663,,,,,,,,,,,,16.0,,,,,,,,,,,,Yes,,,,,,,,,,,,,,,,,,,"Badminton, Basketball, Flag Football, Outdoor Track, Soccer, Softball, Volleyball",,,2038640012,,,Open to New York City residents,BRONX,,,"The Cinema School offers a rich liberal arts education grounded in creative activity. Filmmaking serves as the core of a strong academic program that prepares students for a wide range of careers. Students take the required courses for an Advanced Regents diploma which will prepare them for admissions to competitive four-year universities. In addition to providing students with essential creative and technological skills, filmmaking also deepens learning by building confidence, responsibility, teamwork, and leadership. We offer a supportive small school community and individualized attention.",-73.877785,11610.0,"{'type': 'Point', 'coordinates': [-73.877785, 40.831416]}",9 to 12,26
11X545,X30A,Y,,,2057045,,,,,,,,,,,,2.0,,,,,,,,,,,,Yes,,,,CTE program(s): Pre-engineering,,,,,,,,,,,,,,,"Basketball, Cross Country, Indoor Track, Outdoor Track, Softball, Swimming, Volleyball",Civil Air Patrol Squadron (CAP),,2046330040,,,Priority to Bronx students or residents,BRONX,,,"Bronx Aerospace High School (BAHS) is a college preparatory school. All students must wear a uniform. BAHS teaches the necessary skills to not only be accepted into a four-year university, but to successfully earn a college degree. Students have access to SAT prep, literacy building, and AP Courses. Qualified students enroll in our Aviation program. These students attend Vaughn College to learn the principles of the aerodynamics behind flying aircrafts. Students will work towards passing the FAA Written Exam and graduate having logged flight hours. Students in this program will learn and practice using the FMX Redbird Simulator. This program is designed for those interested in the engineering field of aviation or becoming pilots.",-73.86197,11605.0,"{'type': 'Point', 'coordinates': [-73.86197, 40.875953]}",9 to 12,30
26Q435,Q38K,Y,,,4166101,,,Priority to students who live in the zoned area,,,Q38Z,Priority to Queens students or residents,,,Zoned students will have opportunities to choose from our three-year institutes-Health Science Research; Engineering and Robotics; and Law and Humanities.,N,6.0,,,,,,,94% of offers went to this group,52.0,,,Law & Government,Yes,N/A - zoned program,,N,,96% of offers went to this group,,,,85.0,,,5.0,,,,,,,"Basketball, Indoor Track, Outdoor Track, Soccer, Softball, Tennis, Volleyball",Humanities students will explore their musical and artistic talents through performance-based classes leading to careers in the arts,,4079300002,,,Priority to Queens students or residents,QUEENS VILLAGE,,,"Martin Van Buren High School is a Noble institution proudly offering rigorous STEM programs in Pre-Med, Robotics, and Engineering. Law & Humanities students develop artistic, writing, and research skills. Our students are supported in Small Learning Communities with teacher-leaders and staff who care about the success of each individual student. We challenge all students inside the classroom with a variety of AP, CUNY College Now, and Syracuse University classes. Outside the classroom, we connect our students to various colleges and internships around NYC. Our students showcase their talents through activities and competitions around NYC via our teams in Robotics, Math Olympiad, Model United Nations, Mock Trial, SING, and Journalism.",-73.738756,24336.0,"{'type': 'Point', 'coordinates': [-73.738756, 40.733066]}",9 to 12,63
02M135,M28A,Y,,,1001388,,,,,,,,,,,,2.0,,,,,,,,,,,,Yes,,,,"CTE program(s): EMT, Response & Recovery",,,,,,,,,,,,,,,"Badminton, Basketball, Bowling, Cross Country, Flag Football, Indoor Track, Outdoor Track, Soccer, Softball, Volleyball",Credited college classes through BMCC and The Metropolitan College of New York,,1001130100,,,Priority to Manhattan students or residents,MANHATTAN,,,"The Urban Assembly School for Emergency Management is a small high school in downtown Manhattan that prepares students for the college of their choice and career of their dreams through hands-on and work-based learning. Students select between two innovative career pathways in Emergency Medicine and Cyber Security. Students engage in paid internships, have preferential hiring with industry partners, receive free certification as EMTs or Security Analysts, and earn free, early college credit. Our college and career counselors tailor each student's educational and extracurricular experience based on his/her passions and needs so they can develop the confidence to pursue their dreams and the character to serve their communities.",-74.000851,13096.0,"{'type': 'Point', 'coordinates': [-74.000851, 40.711442]}",9 to 12,2
12X684,X93A,,,,2042451,,,,,,,,,,,,2.0,,,,,,,,,,,,No,,,,,,,,,,,,,,,,,,,"Basketball, Softball",,,2040060003,,,Priority to Bronx students or residents,BRONX,,,"In September 1994, the New York City Department of Education, the Center for Collaborative Education, and the Coalition of Essential Schools sponsored the first systemic effort to redesign a large high school in the Bronx. Wings Academy was one of five pioneering small schools resulting from that effort, founded on the premise of helping young people use their minds well. Our primary goal is to develop students' habits of mind, which will encourage respect for lifelong learning, purposefulness, and success.",-73.875366,,"{'type': 'Point', 'coordinates': [-73.875366, 40.841794]}",9 to 12,31
11X514,X85R,,,,2064589,,,,,,,,,,,,3.0,,,,,,,,,,,,No,,,,,,,,,,,,,,,,,,,"Basketball, Bowling, Outdoor Track, Soccer, Volleyball",SAT/PSAT test preparation,,2048640035,,,Priority to Bronx students or residents,BRONX,,,"At BPA, we believe all students can succeed with proper guidance and support. We look to awaken in our students a passion for learning that continues throughout their lives. We believe in developing our students into young scholars prepared to meet the challenges of the world. Our small class size offers individualized attention to our students. We have a strong emphasis on reading and writing across the curriculum. Students work with state-of-the-art technology infused throughout the curriculum. At Bronxwood Preparatory Academy, we believe that with teamwork we become ""The Home of Achievers!""",-73.852694,11275.0,"{'type': 'Point', 'coordinates': [-73.852694, 40.887831]}",9 to 12,30
26Q430,Q20A,Y,,,4148763,Guaranteed offer to students who live in the zoned area,"Open to students currently in an ACES (Academics, Career, and Essential Skills) program. If you are not currently an ACES student and are interested in the program, please contact acesprograms@schools.nyc.gov",Priority to students who live in the zoned area for up to 50% of the seats,,,Q20K,Priority to students who live in the zoned area for up to 50% of the seats,,,"Our award-winning institute has received high Honors in the National Siemens Competition, Intel, and NYSCEF. Students are programmed for advanced honors courses preparing for the SAT2 subject exams and courses in authentic science research.",Y,50.0,,,,,Q20Z,,,137.0,,,Humanities & Interdisciplinary,Yes,Y,,Y,,,,,,65.0,,,34.0,,65.0,,,,,"Basketball, Bowling, Cross Country, Fencing, Flag Football, Golf, Handball, Indoor Track, Outdoor Track, Soccer, Softball, Swimming, Table Tennis, Tennis, Volleyball, Wrestling","International Studies, Art, Drama, Dance, Instrumental and Choral Music Ensembles",,4068820001,,,Priority to students who live in the zoned area for up to 50% of the seats,FRESH MEADOWS,,,"Our mission is to prepare every student for success in college, career, and life. Through a strong sense of community, students are encouraged and supported to reach their full potential. Our unique guidance approach ensures personalized attention to address students' individualized needs. Our state-of-the-art data systems monitor student progress and achievement. As a result, our students are academically prepared and challenged for the future. In our college-bound culture, students thrive in a nurturing and secure learning environment that focuses on developing 21st century leaders.",-73.79283,14507.0,"{'type': 'Point', 'coordinates': [-73.79283, 40.740724]}",9 to 12,69
09X327,Y27A,,,,2008336,,,,,,,,,,,,13.0,,,,,,,,,,,,No,,,,,,,,,,,,,,,,,,,"Basketball, Outdoor Track, Volleyball","A Variety Of Elective Options: Yoga, Poetry, Scientific Investigations, Dance, Drama, History of NYC, Heroes and Villains in History, and Computer Science",,2028590077,,,Priority to continuing 8th graders,BRONX,,,"At the Comprehensive Model School Project (CMSP), children are our first priority. We are an inclusive community comprised of students, parents and educators dedicated to high academic achievement and the complete social-emotional development of each student. We are a community that respects and honors diversity. Students are valued members of our school community who understand the importance of self-respect and respect for others. The academic success of our students is a collaborative effort and is the result of our staff's expertise, planning and professionalism, extensive parent involvement, students' commitment to success, and an atmosphere of social equity in our school.",-73.916082,10930.0,"{'type': 'Point', 'coordinates': [-73.916082, 40.842495]}",6 to 12,27
03M494,M12A,Y,,,1030343,,,,,,,Open to New York City residents,,,,N,17.0,,,,,,,,,,,,Yes,,,,,,,,,54.0,,,9.0,,,,,,,"Badminton, Basketball, Bowling, Flag Football, Handball, Indoor Track, Soccer, Softball, Volleyball, Wrestling","SAT Prep, Regents Prep College Now, Minds Matter,",,1011570025,,,Open to New York City residents,MANHATTAN,,,"Our mission is to provide students with the academic, interpersonal, and technological skills needed to achieve excellence in their chosen careers. We prepare all of our students in a caring and nurturing environment and provide opportunities for students to work creatively in the fields of art and technology.",-73.984753,12420.0,"{'type': 'Point', 'coordinates': [-73.984753, 40.774351]}",9 to 12,12
15K592,L61A,Y,,,3331754,,,,,,,,,,,,1.0,,,,,,,,,,,,Yes,,,,,,,,,,,,,,,,,,,Indoor Track,21st Century Skills and the Paideia Project (Socratic Seminar) used to develop students' critical thinking skills,,3001740001,,,Priority to Brooklyn students or residents,BROOKLYN,,,"Khalil Gibran International Academy (KGIA) is an International Baccalaureate (IB) school that offers students the opportunity to study the Arabic and French languages, and explore careers that require bilingual and multicultural skills such as international business, diplomacy, linguistics, journalism, and other related fields. In developing these skills, students will be well-prepared for college, careers, and positions as civic leaders in their community. Our students graduate with an understanding of different cultural perspectives, a love of learning, and a desire for excellence. We are committed to providing a challenging education where students can reach their full potential and become effective leaders in the world.",-73.979649,17619.0,"{'type': 'Point', 'coordinates': [-73.979649, 40.686499]}",9 to 12,54
19K615,K69B,Y,,,3327249,Open to New York City residents,,Open to New York City residents,,,K69M,Open to New York City residents,,,"Prepares students for careers in electrical and mechanical systems related to transportation and industrial and commercial wiring systems. Students are trained in a state-of-the-art lab, utilizing tools and equipment that are aligned with the MTA's training facility. Students are eligible for direct employment with MTA agencies including NYC Transit. Certificates/Industry Exams: OSHA 10hr and SkillsUSA Construction Wiring.",N,7.0,,,,,K69N,,,78.0,,,Engineering,Yes,N,,N,,,,,,62.0,,,6.0,,75.0,,,,,"Basketball, Softball, Volleyball","CUNY College Now courses, Advanced Placement courses, College-Level CTE courses, Skills USA, National Technical Honor Society, Industry Certifications",,3041550075,,N,Open to New York City residents,BROOKLYN,,15,"Transit Tech offers a comprehensive curriculum of technical and academic programs that prepare students to be both college and career ready. Through our college and industry partners and unique partnership with MTA New York City Transit, students access college level and advance placement pre-engineering/STEM courses in addition to paid internship and apprenticeship opportunities that will lead to lucrative careers.",-73.87596,17215.0,"{'type': 'Point', 'coordinates': [-73.87596, 40.678276]}",9 to 12,47
27Q334,Q65A,,,,4441342,,,,,,,,,,,,8.0,,,,,,,,,,,,No,,,,,,,,,,,,,,,,,,,,,,4094350016,,,Priority to Queens students or residents,SOUTH RICHMOND HILL,,,"Epic High School (Epic)-North, an outgrowth of the New York City Expanded Success Initiative (ESI), provides a rigorous, culturally relevant, academic program that prepares students for the demands of college and careers. Epic's personalized approach to instruction challenges students to dream big and design their futures. It engages students in solving real-world problems and supports their individual progress and growth. Epic students graduate confident in their ability to transform the world around them.",-73.829407,24015.0,"{'type': 'Point', 'coordinates': [-73.829407, 40.693006]}",9 to 12,60
31R450,R19A,Y,Punctuality,"Course Grades: English (70-100), Math (65-100), Science (73-100), Social Studies (75-100)",5106483,Priority to Staten Island students or residents,,Priority to Staten Island students or residents,,Attendance,R19D,Priority to Staten Island students or residents,,N,"This program offers students opportunities to explore the following: writing, layout design, photography and documentary film. Students become multi-platform producers and explore how to use social media to tell their stories and represent their generation. Students become citizen journalists and learn how their voices can impact the often changing media environment.",N,5.0,16,,,,R19E,,100% of offers went to this group,8.0,Visual Art & Design,N/A - zoned program,Humanities & Interdisciplinary,No,N,N/A - zoned program,Y,,95% of offers went to this group,Visual Arts,Then to New York City residents,,65.0,,,5.0,,52.0,,R19J,,2,"Basketball, Bowling, Cross Country, Golf, Gymnastics, Handball, Indoor Track, Lacrosse, Outdoor Track, Rugby, Soccer, Softball, Swimming, Tennis, Volleyball, Wrestling",Forward PASS: An extensive after-school academic support and success mentoring program for Curtis students supported by the Heisman Trust and the AthLife Foundation.,,5000220001,,N,Priority to Staten Island students or residents,STATEN ISLAND,,16,"Curtis High School is a Community School whose mission statement declares: ""Curtis will be a nurturing community where all of its members will have the desire and opportunity to achieve their fullest potential."" Curtis continually seeks to provide academic, extracurricular, social-emotional, and health and wellness services that are comprehensive, coordinated, and responsive to the evolving needs of our community. Curtis consists of small learning communities (houses) giving students and faculty the opportunity to teach and learn with a more personalized approach. All students, supported by our faculty and a wealth of community partnerships and resources, pursue curricula that challenge and prepare them for a world beyond Curtis.",-74.081222,10369.0,"{'type': 'Point', 'coordinates': [-74.081222, 40.644735]}",9 to 12,74
19K504,K63X,Y,,,3084440,,,,,,,,,,,,3.0,,,,,,,,,,,,Yes,,,,,,,,,,,,,,,,,,,"Basketball, Flag Football, Indoor Track, Outdoor Track, Volleyball","CUNY College Now, Forensic Science, Robotics",,3037880001,,,Priority to Brooklyn students or residents,BROOKLYN,,,"This is a dynamic institution that provides high-quality programs that emphasize civil rights issues and Law. Students develop skills in lyrical composition, writing, musical recording, and producing. Students perform at school functions and talent shows. Students compete in Moot Court competitions, and serve as judges, attorneys, jurors, bailiffs, and clerks in the Academy's Youth Court. A courtroom is available for mock trials and law-related classes. Whether your plans are to enroll in a four-year university or a law enforcement or legal training program, the High School for Civil Rights provides students with the academic background and workplace exposure needed for success. AP courses, Cheerleading and PSAL sports are also offered.",-73.894747,17214.0,"{'type': 'Point', 'coordinates': [-73.894747, 40.667456]}",9 to 12,47
09X227,X58X,Y,,,2007806,,,,,,,,,,,,8.0,,,,,,,,,,,,Yes,,,,,,,,,,,,,,,,,,,"Basketball, Cross Country, Flag Football, Indoor Track, Outdoor Track, Softball, Volleyball, Wrestling","Morning and after-school tutoring, CUNY College Now, winter showcase, career day, SAT prep, Saturday academy, Food 4 Thought",,2028170002,,,Open to New York City residents,BRONX,,,The mission of Bronx Collegiate Academy (BCA) is to ensure that each student graduates prepared for the rigors of college. BCA is a small school that provides all students with the support and individual attention they need in order to achieve academic success.,-73.91091,10935.0,"{'type': 'Point', 'coordinates': [-73.91091, 40.840422]}",9 to 12,27
21K540,K56A,Y,,Course Grades: Average,3194998,Priority to Brooklyn students or residents,,Priority to Brooklyn students or residents,,Attendance,K56L,,,,"The Pre-Med Academy equips students with knowledge and competencies that allow them to excel in college pre-med and health professional programs. Students experience an immersive clinical internship, study anatomy, medical technology, medical ethics, and take AP and college-level courses. Students graduate with certifications in CPR, first aid, and others accredited by the American Red Cross. All applicants are interviewed; information available at premed@johndeweyhighschool.org",N,8.0,,,,,K56M,,100% of offers went to this group,76.0,,,Science & Math,Yes,Y,,Y,,,,,,37.0,,,2.0,,56.0,,,,,"Badminton, Basketball, Lacrosse, Outdoor Track, Soccer, Softball, Table Tennis, Tennis, Volleyball","Fashion Design, Performing Arts & Dance, Photography, Computer Graphics & Visual Arts, Ceramics, SING, Theater, Musical Theater",,3071850020,,,Priority to Brooklyn students or residents,BROOKLYN,,,"We offer an innovative form of education that empowers students to make responsible decisions. Our school is comprised of five small learning communities. Our small learning communities allow teachers to work with students for enrichment, remediation, and social engagement. Students receive the individualized attention found in a small school within the setting of a comprehensive high school. Our small learning communities prepare students for a variety of career pathways and college-readiness programs in core subject areas including the arts, business, STEM, law, and heath professions.",-73.981738,18183.0,"{'type': 'Point', 'coordinates': [-73.981738, 40.589268]}",9 to 12,35
06M423,A24A,,,,1076776,,,,,,,,,,,,1.0,,,,,,Open only to 15 and 16 year old New York City residents entering high school for the first time. Students must have a record of being held back two times in elementary and/or middle school and students must attend an Open House and personalized intake meeting.,,,,,,No,,,,,,,,,,,,,,,,,,,"Badminton, Softball",NDA Paid Internship Program for students in which students are paired with an outside company while receiving academic tutoring.,,1022330020,,,,MANHATTAN,,,"At the High School for Excellence and Innovation, we empower our students by providing an abundance of opportunities for them to exercise student voice and choice during their high school experience. By building students' capacity to fully participate as community members of their school, we help them become agents of change who positively affect their homes, communities, and the world. Our belief is that regardless of previous challenges, every student can earn a high school diploma and be prepared to transition to post-secondary training or college to embark on their 21st century career paths.",-73.924835,13098.0,"{'type': 'Point', 'coordinates': [-73.924835, 40.866053]}",9 to 12,22
24Q267,Q07R,,,,4003517,,,,,,,,,,,,8.0,,,,,,,,,,,,No,,,,,,,,,,,,,,,,,,,"Basketball, Cross Country, Flag Football, Rugby, Soccer, Softball, Table Tennis, Volleyball","Global History, US History, Mathematics, Physics, Chemistry, Health & Nutrition, Earth Science",,4002740001,,,Priority to Queens students or residents,LONG ISLAND CITY,,,"At the High School of Applied Communication, our mission is to empower every student to achieve more through the values of hard work, persistence and determination. Our school provides a small caring and supportive environment for students to develop highly marketable communication skills for the 21st century. We offer a rigorous college preparatory curriculum focusing on literacy development, problem-solving and critical thinking. Students are provided full access to Advanced Placement courses. LaGuardia Community College provides our students a wide array of CUNY College Now classes. Our school requires students to wear their uniform on a daily basis.",-73.936635,16858.0,"{'type': 'Point', 'coordinates': [-73.936635, 40.745095]}",9 to 12,66
10X342,Y24A,,,,2015241,,,,,,,,,,,,6.0,,,,,,Open only to New York City residents whose home language is Spanish,,,,,,No,,,,,,,,,,,,,,,,,,,"Basketball, Bowling, Softball, Swimming, Table Tennis, Volleyball",Computer Science for All (CS4A),,2032470070,,,Priority to continuing 8th graders,BRONX,,,"We nurture our students to become fully functional in both English and their home language, Spanish. They will graduate with the tools necessary to compete in the 21st century. We believe our students are assets to the community and will serve as role models who respect and are proud of their own culture as well as the culture of others. The International School for Liberal Arts (ISLA) is designed to foster success for all students so that they graduate prepared for college and careers.",-73.898309,11606.0,"{'type': 'Point', 'coordinates': [-73.898309, 40.870293]}",6 to 12,34
17K590,K77A,Y,,,3348092,,,,,,,,,,,,22.0,,,,,,,,,,,,Yes,,,,,,,,,,,,,,,,,,,"Basketball, Cross Country, Indoor Track, Outdoor Track, Soccer, Swimming, Volleyball","STEAM-Engineering, Computer Science (Programming), Multimedia Technology (Video and Graphic Design), Structural Engineering (Welding)",,3012890025,,,Priority to continuing 8th graders,BROOKLYN,,,"Our students take challenging courses that include four years of English Language Arts (ELA), mathematics, science, and technology and three years of a foreign language. Students complete at least one Advanced Placement (AP) course. Students also enroll in college courses and research internships at Medgar Evers College, City University of New York (CUNY) in the 11th grade and earn up to 15 college credits each semester. Student creativity, character development, and social responsibility are cultivated through individualized guidance, college advisement, athletics, clubs, fine and performing arts events, community service, and mentorships.",-73.951167,13509.0,"{'type': 'Point', 'coordinates': [-73.951167, 40.667195]}",6 to 12,44
06M463,M30A,,,,1076751,,,,,,,,,,,,3.0,,,,,,,,,,,,No,,,,,,,,,,,,,,,,,,,"Basketball, Flag Football, Indoor Track, Outdoor Track, Soccer, Softball, Swimming, Volleyball","Advanced Placement- English Language & Composition, English Literature & Composition, US History, Biology, Spanish Language & Composition, Calculus BC",,1021600018,,,Priority to District 6 students or residents,MANHATTAN,,,"We are a small learning community whose mission is to provide a rigorous education that encourages and inspires inquiry, creativity, critical thinking, and free expression. We provide a learning environment that is engaging, culturally and socially responsive, and prepares students for success in the future. Our school is equipped with a state-of-the-art television and recording studio where students develop different skills designed to succeed in the 21st century. Ultimately, we develop lifelong learners who will prosper in college and future careers.",-73.92712,13098.0,"{'type': 'Point', 'coordinates': [-73.92712, 40.855855]}",9 to 12,22
29Q313,Q73A,Y,,,4238003,,,,,,,,,,,,7.0,,,,,,,,,,,,Yes,,,,,,,,,,,,,,,,,,,"Badminton, Basketball, Bowling, Cross Country, Gymnastics, Indoor Track, Outdoor Track, Soccer, Softball, Tennis, Volleyball",iLearnNYC: Program for expanded online coursework and self-paced learning. After-School tutoring Monday-Thursday,,4110490001,,,Priority to Queens students or residents,CAMBRIA HEIGHTS,,,"Our mission is to provide young men and women with the foundations for success in college and for careers in information technology (IT) and finance. We support students' growth and learning while providing strong foundations and preparation for college and professional life. As a CTE school, we nurture and support our students while providing rich, industry-approved coursework and recognized certification in the fields of IT and finance. Our students graduate with the 21st century skills to achieve success in any educational pursuit as active citizens and advocates for their community.",-73.745728,15311.0,"{'type': 'Point', 'coordinates': [-73.745728, 40.697819]}",9 to 12,63
22K630,L73A,Y,,,3203631,,,,,,,,,,,,1.0,,,,,,For Current Eighth Grade Students-Open only to students who are at least 15 years of age and entering high school for the first time. For Other Students-Open only to students who are at least 16 years of age and have attended another high school for at least one year.,,,,,,Yes,,,,,,,,,,,,,,,,,,,"Basketball, Bowling, Cross Country, Flag Football, Gymnastics, Indoor Track, Outdoor Track, Softball, Volleyball",,,3074250002,,,,BROOKLYN,,,"In partnership with CAMBA, Professional Pathways High School is a small school dedicated to educating and motivating students in an alternative setting through a personalized approach to learning and development. The school's mission is to support the academic and social needs of students through strong partnerships between all members of the school community, re-engaging students academically through project-based learning with an emphasis on post-secondary readiness and literacy, and building college/career readiness through computer literacy and career exposure. We will ensure that each student graduates with clearly articulated goals and a plan for post-secondary success.",-73.937696,13826.0,"{'type': 'Point', 'coordinates': [-73.937696, 40.594124]}","School is structured on credit needs, not grade level",36
02M298,M38X,,,,1082489,,,,,,,,,,,,27.0,,,,,,,,,,,,No,,,,,,,,,,,,,,,,,,,"Basketball, Cross Country, Outdoor Track, Softball, Volleyball",Advanced Placement (AP) classes in 11th and 12th grades,,1003010003,,,Open to New York City residents,MANHATTAN,,,"PACE High School creates a college-oriented, student-centered environment with high expectations for every student. Students create a resume of quality educational experiences that will prepare them for success in college and beyond. Students are known well through our advisory program and are appreciated for their unique talents and contributions to our learning community. Our curriculum and practices are tailored to the individual needs of our students, enabling them to reach their ambitious goals. Working in close collaboration with Pace University, our school shares the extensive resources of the university, with access to classes, libraries, computer labs, and recreational facilities.",-73.993092,11723.0,"{'type': 'Point', 'coordinates': [-73.993092, 40.716553]}",9 to 12,2
13K499,K85A,Y,,,3027982,,,,,,,Priority to Brooklyn students or residents,,,,N,1.0,,,,,,,,,,,,Yes,,,,CTE program(s): Web & Digital Media Communications,100% of offers went to this group,,,,104.0,,,4.0,,,,,,,"Basketball, Cross Country, Handball, Indoor Track, Outdoor Track, Volleyball",AVID (Advancement Via Individual Determination) Program,,3011410005,,,Priority to Brooklyn students or residents,BROOKLYN,,,"We prepare our students to become leaders of the 21st century. We believe that through real-world, rigorous, and collaborative educational experiences our students are prepared to embark on their college and career journey. ACHS believes in educating the whole child, by providing small nurturing learning communities that are specific to our students' needs. Our students' lives matter and we work tirelessly to facilitate their progress even beyond graduation. As we empower our scholars to transform, ""Success is the only option!""",-73.962105,13829.0,"{'type': 'Point', 'coordinates': [-73.962105, 40.678488]}",9 to 12,49
29Q272,Q45A,,,,4280845,,,,,,,Priority to Queens students or residents,,,,N,6.0,,,,,,,,,,,,No,,,,,95% of offers went to this group,,,,46.0,,,7.0,,,,,,,"Basketball, Flag Football, Indoor Track, Soccer, Softball, Tennis, Volleyball",CTE program(s): Veterinary Science,,4130570056,,,Priority to Queens students or residents,SPRINGFIELD GARDENS,,,"The mission of our school is to provide students with an in-depth, well-rounded education that emphasizes science and mathematics. Classroom teaching and learning are complemented with authentic, inquiry-based research experiences. The combination of research and teaching experience prepares students to become critical-thinkers and problem-solvers who pursue careers in biological sciences, physical sciences, mathematics, engineering, and veterinary sciences. The physical, emotional, and social well-being of our student body is nurtured through advisories, community service, and a small and personalized learning community.",-73.756839,15313.0,"{'type': 'Point', 'coordinates': [-73.756839, 40.668235]}",9 to 12,71
08X376,Y34A,,,,2022205,,,,,,,,,,,,3.0,,,,,,,,,,,,No,,,,,,,,,,,,,,,,,,,"Badminton, Basketball, Indoor Track, Soccer, Softball, Tennis, Volleyball","College tours, social action projects with an emphasis on community service; peace ambassadors",,2036040039,,,Priority to continuing 8th graders,BRONX,,,"Antonia Pantoja Preparatory Academy (APPA) is a college preparatory school offering a continuum of instruction from middle school through high school, with a focus on preparing students to compete and succeed in a global workforce. Our program develops fully multilingual and biliterate students through an integration of social learning experiences. Students participate in programs designed to enhance their understanding of the real world in order to develop critical thinking and problem solving skills, so that they may become productive members of society. We focus on creating a family friendly culture, making the environment receptive to all. Our Restorative Justice program increases equity for all.",-73.856167,11611.0,"{'type': 'Point', 'coordinates': [-73.856167, 40.82229]}",6 to 12,26
11X508,Y53A,,,,2050179,,,,,,,,,,,,15.0,,,,,,,,,,,,No,,,,CTE program(s): Culinary Arts,,,,,,,,,,,,,,,"Basketball, Bowling, Cross Country, Gymnastics, Indoor Track, Lacrosse, Outdoor Track, Soccer, Softball, Tennis, Volleyball",Arts & Electives: Dance with endorsement; Visual and Graphic Arts; Drama Partnerships with organizations across NYC; Campus Band,,2043580001,,,Priority to Bronx students or residents,BRONX,,,"Our school fosters a realistic, relevant, and hands-on educational experience for students. We use collaborative approaches that benefit students by teaching them skills they will need beyond high school, such as the ability to work in teams, solve multi-faceted problems, and apply what they learn in various settings. Our class sizes are approximately 22 students per academic course, and advisory sections have an average of 15 students each. We have an extended school day to provide structured time, individual attention, and other supports students may need to succeed, and have folded tutoring into the school day. Bronxdale helps each child develop the critical-thinking skills and habits of work necessary for success beyond high school.",-73.861006,11607.0,"{'type': 'Point', 'coordinates': [-73.861006, 40.859665]}",9 to 12,32
11X544,X48A,Y,,,2057045,,,,,,,Priority to Bronx students or residents,,,,Y,8.0,,,,,,,,,,,,Yes,,,,,97% of offers went to this group,,,,43.0,,,10.0,,,,,,,"Basketball, Cross Country, Indoor Track, Outdoor Track, Softball, Swimming, Volleyball",Opportunities to gain college credits through CUNY College Now program partnering with Lehman College and Hostos Community College,,2046330040,,,Priority to Bronx students or residents,BRONX,,,"We are a collaborative learning community that combines a challenging curriculum consisting of humanities, science, and math with an intensive arts program. The Arts studios bring together study in the traditional arts (dance, theater, fine arts, and music) with contemporary arts (film, multimedia graphic design, and animation). Through our partnerships our students gain special residencies both within and outside the school. Our students have the opportunity to participate in special programs, performances, exhibitions, mentorships, and internships. The entire school is actively involved in the process of building a democratic, self-governing community.",-73.86197,11605.0,"{'type': 'Point', 'coordinates': [-73.86197, 40.875953]}",9 to 12,30
21K337,K38R,Y,,,3186454,,,,,,,,,,,,3.0,,,,,,"Open only to New York City residents living in the United States four years or fewer who are English Language Learners per New York City Department of Education guidelines scoring at the Entering, Emerging or Transitioning levels on the NYSESLAT, NYSITELL, or LAB-R",,,,,,Yes,,,,,,,,,,,,,,,,,,,"Badminton, Basketball, Bowling, Flag Football, Soccer, Softball, Table Tennis, Volleyball",Students complete Performance-Based Assessment Tasks (PBATs) as a replacement for some Regents Exams.,1.0,3068830001,,,,BROOKLYN,,,"The International High School at Lafayette welcomes students who are recently arrived to the United States and learning English. We provide a supportive environment, incorporating language development into all classes, engaging students in projects, and preparing students for college and career. Our students have multiple opportunities to earn college credit, participate in different sports, join extra-curricular activities, and engage in the community through internship, service learning, arts, and more. Students complete and present a series of portfolio projects as part of the graduation requirements, and all students have an individual mentor that helps guide them through the college and scholarship application process.",-73.98577,17616.0,"{'type': 'Point', 'coordinates': [-73.98577, 40.594291]}",9 to 12,35
20K445,K28A,Y,,,3162711,Open to New York City residents,,Open to New York City residents,,,K28D,Open to New York City residents,,,"A discipline-based art program with courses in: Drawing, Digital Design, Fashion Illustration & Construction, Painting, Photography, and Sculpture. Individualized mentoring and portfolio development for students who intend to pursue studies in fine arts.",Y,10.0,,,,,K28H,,,145.0,,,"Hospitality, Travel, & Tourism",No,Y,,Y,,,,,,33.0,,,22.0,,33.0,,,,,"Badminton, Basketball, Bowling, Flag Football, Handball, Soccer, Softball, Swimming, Tennis, Volleyball","AP Courses in: Computer Programming, Italian, Mandarin, Spanish; Electives: Chorus, Drafting, Forensics, Piano, Rock & Jazz Band, Web Design, Robotics",,3062710001,,N/A - zoned program,Open to New York City residents,BROOKLYN,,N/A - zoned program,"New Utrecht High School is committed to educating its students to their maximum potential. To reach this end, we offer a full academic program designed to meet and exceed state standards. The main goal of our staff is to support our students in mastering the challenging curriculum and preparing for success. We offer an ever-expanding range of extracurricular activities and programs that enhance students' high school experience. We are a school steeped in tradition where parents are welcomed and encouraged to be partners in their child's success.",-74.003404,17616.0,"{'type': 'Point', 'coordinates': [-74.003404, 40.613262]}",9 to 12,37
05M692,M00S,Y,,,1084085,,,,,,,,,,,,,,,,,,,,,,,,Yes,,,,,,,,,,,,,,,,,,,"Basketball, Soccer, Softball",CCNY College Now Program: eligible students can enroll in college-credit bearing classes on weekends and after-school,,1019570200,,,Open to New York City residents who take the Specialized High Schools Admissions Test (SHSAT),MANHATTAN,,,"HSMSE @ CCNY provides a unique and unparalleled collaborative educational experience. The school's mission is to encourage students to develop the habits of inquiry, written and verbal expression, and critical thinking. Students are drawn from all five boroughs, making it one of the most ethnically diverse schools in New York City. The academically rigorous learning environment focuses on mathematics, science, and engineering, while emphasizing civic responsibility and the value of acquiring knowledge for its own intrinsic reward. The deep professional and personal experiences of the faculty enrich the learning community; many faculty members have earned doctorates and distinguished themselves in business, engineering, and other fields.",-73.949097,12428.0,"{'type': 'Point', 'coordinates': [-73.949097, 40.82074]}",9 to 12,17
22K555,K84X,Y,,,3328370,,,,,,,,,,,,16.0,,,,,,,,,,,,Yes,,,,,,,,,,,,,,,,,,,"Basketball, Volleyball",Middle College National Consortium member and National Network for Educational Renewal member.,,3053220069,,,Priority to Brooklyn students or residents,BROOKLYN,,,"As an Early College High School, our unique, successful collaboration with Brooklyn College enables highly motivated students with diverse backgrounds and interests to move from 9th to 12th grade within a challenging academic atmosphere. We encourage our students to function independently in educational settings outside the school building and in a college campus environment. We are a collaborative community of leaders and learners whose learning environment is characterized by equity and excellence.",-73.971736,17620.0,"{'type': 'Point', 'coordinates': [-73.971736, 40.649404]}",9 to 12,45
23K697,K20A,Y,,,3081419,,,,,,,,,,,,2.0,,,,,,,,,,,,Yes,,,,,,,,,,,,,,,,,,,"Basketball, Soccer, Volleyball","Science: Science Fair, Dual-Credit college-level Science course",,3035410001,,,Priority to continuing 8th graders,BROOKLYN,,,"We provide a curriculum that encourages students to enter teaching and related professions. We offer 2 programs that begin in the 10th grade. Our Arts Centered Program is for students interested in the arts, including studio art, performance art, dance, and music. Our Teach for Tomorrow program is for students interested in careers in education. Teach for Tomorrow includes training at local elementary and middle schools. Our students take college level courses at LIU, Medgar Evers and with a dual-college program with Buffalo State College.",-73.911705,17614.0,"{'type': 'Point', 'coordinates': [-73.911705, 40.665878]}",9 to 12,46
11X253,X76X,,,,2057045,,,,,,,,,,,,5.0,,,,,,,,,,,,No,,,,,,,,,,,,,,,,,,,"Basketball, Cross Country, Indoor Track, Outdoor Track, Softball, Swimming, Volleyball",Stand alone theatre and embedded drama program all four years of high school,,2046330040,,,Priority to Bronx students or residents,BRONX,,,"We value rigorous academics, college and career preparation, and participation in extracurricular activities. We offer academic support through lunch and learns, after-school and Saturday tutoring, and advisory periods where students engage in college and career exploration beginning in the 9th grade. We are a community of writers. Students compose poetry, drama, fiction, non-fiction, and songs. We write for school publications, participate in poetry slams, act in school plays, make films, and create artwork with professional writers, actors, and artists from our lead partners Epic Theatre Ensemble, DC-TV, and Community-Word Project. We encourage all students to take part in extracurriculars like anime, film, and songwriting all four years.",-73.86197,11605.0,"{'type': 'Point', 'coordinates': [-73.86197, 40.875953]}",9 to 12,30
02M551,K51A,,,,1000003,,,,,,,,,,,,7.0,,,,,,,,,,,,No,,,,,,,,,,,,,,,,,,,,College Now program prepares students for college and career experiences in maritime-related courses. Advanced Placement courses are also offered.,,1000020002,,,Open to New York City residents,Manhattan,,,"Urban Assembly New York Harbor School focuses on marine science, marine technology, and marine policy. We believe in learning by doing. Students should expect to spend time outdoors in sites all over New York Harbor in all seasons. With our partners, including the Billion Oyster Project, we work to develop authentic activities on, around, and related to the water that create a sense of responsibility to New York Harbor and develop a new generation of maritime advocates, enthusiasts, workers, and decision-makers. New York Harbor School's location on Governors Island is easily accessible from Lower Manhattan via the Governors Island ferry.",-74.011631,11725.0,"{'type': 'Point', 'coordinates': [-74.011631, 40.701695]}",9 to 12,1
17K600,K50A,Y,,,3029702,,,,,,K50Y,,,,,N,3.0,,,,,K50U,,,33.0,,,Science & Math,Yes,,,N,,,,,,22.0,,,2.0,,,,,,,"Basketball, Cross Country, Indoor Track, Outdoor Track, Volleyball",Through Medgar Evers College we give students the opportunity to begin their associate's degree through the Pipeline Program.,,3011880001,,,Open to New York City residents,BROOKLYN,,,"Clara Barton High School prepares students with an interest in the health professions for college and/or entry-level positions in a health career. As a CTE (Career and Technical Education) School, we offer students many career opportunities through a variety of special programs and courses. Majors: Nursing (LPN-Practical Nurse), Medical Assistant/Billing & Coding, Nurse Assistant, Dental Assistant, Dental Lab Technician, Vision Technician, Pharmacy Technician, Emergency Medical Technician (EMT) We also provide a challenging honors program (Gateway) for students that qualify.",-73.961962,13509.0,"{'type': 'Point', 'coordinates': [-73.961962, 40.669567]}",9 to 12,44
02M427,A22A,Y,,,1087537,,,,,,,,,,,,3.0,,,,,,Open only to New York City residents who are English Language Learners (ELL),,,,,,Yes,,,,,,,,,,,,,,,,,,,"Basketball, Softball, Volleyball",CUNY LINCT to Success,,1008897501,,,,MANHATTAN,,,"Manhattan Academy for Arts and Language prepares English Language Learners and former ELLs for a successful future by offering unique opportunities for students to excel in Regents examinations, Advanced Placement (AP) courses, early college experiences and on-time graduation. MAAL embraces students from all over the world and motivates them by balancing rigorous instruction, individualized attention, and focused language development. MAAL integrates theater, film/documentary making in content courses and offers a strings music program and photography. Interested students also take part in internships.",-73.981241,12078.0,"{'type': 'Point', 'coordinates': [-73.981241, 40.746176]}",9 to 12,8
24Q296,Q03A,Y,,,4437166,,,,,,,,,,,,4.0,,,,,,Open only to New York City residents whose home language is Spanish,,,,,,Yes,,,,,,,,,,,,,,,,,,,"Basketball, Cross Country, Handball, Indoor Track, Outdoor Track, Soccer, Softball, Tennis, Volleyball","Advanced Placement in: Computer Science, Spanish Language, Spanish Literature, Biology, English and Studio Art.",1.0,4016000061,,,,ELMHURST,,,"Pan American International High School is a diverse learning community of recently-immigrated English Language Learners (ELLs). Our primary focus is English language development, while providing opportunities for students to enhance their Spanish language skills. Our partnerships with organizations such as Urban Arts cultivate the leadership of students in their communities through service, learning projects, internships, and the arts. We are committed to creating an environment that celebrates students' individual identities while preparing them to be successful in college and become productive members of the global community.",-73.870642,14784.0,"{'type': 'Point', 'coordinates': [-73.870642, 40.74373]}",9 to 12,68
14K610,K60J,Y,,,3066698,,,,,,,Open to New York City residents,,,,N,2.0,,,,,,,,50.0,,,Engineering,Yes,,,N,,,,,,23.0,,,8.0,,,,,,,,"Advanced Regents diplomas, blended learning through iZone, Software Engineering offerings (HTML, Java, Python, Robotics)",,3026700001,,,Open to New York City residents,BROOKLYN,,,"This school is more than just automotive repair and technology. We have evolved to develop future leaders to meet academic and workforce challenges of the 21st century in Visual Arts, Software Engineering, Automotive Design, and Technology. Students receive personalized guidance and support in small classes. All students are offered the courses needed for the Advanced Regents Diploma and can earn college credits through CUNY College Now and Advanced Placement. Here, students learn 'grit', responsibility, creativity, and leadership skills. We empower them to create and follow the academic and social paths that will lead to success.",-73.953281,18182.0,"{'type': 'Point', 'coordinates': [-73.953281, 40.721981]}",9 to 12,57
27Q262,Q97A,,,,4303773,,,,,,Q97H,Priority to continuing 8th graders,,,,Y,6.0,,,1% of offers went to this group,,Q97U,,,,,,,No,,,,,65% of offers went to this group,,,,51.0,,,10.0,,,,,,,"Basketball, Lacrosse, Soccer, Softball, Tennis, Volleyball","Film and Mass Media, Spanish Cultural Dance, Community Service, Crew (Advisory), Student-Led Conferences, Gallery",,4161670099,,,Priority to continuing 8th graders,ROCKAWAY PARK,,,"As an Expeditionary Learning school, our approach to curriculum connects learning to real-world issues. Our Learning Expeditions and field visits get students out of the classroom and into the practice of investigating solutions to real-world problems. Our Expeditionary Learning emphasis invests students in their community, teaches them the value of leadership and service, and establishes a solid academic base from which students can launch careers in fields such as science, government, medicine, law, research technology, robotics, and education. Character development is our foundation; students' habits of work and learning are service, trust, accountability, and respect (STAR).",-73.822624,20532.0,"{'type': 'Point', 'coordinates': [-73.822624, 40.586066]}",6 to 12,58
24Q550,Q99A,Y,,,4048306,,,,,,,,,,,,14.0,,,,,,,,,,,,Yes,,,,,,,,,,,,,,,,,,,"Cross Country, Handball, Soccer, Table Tennis","Microsoft Office Specialist (MOS) Certification, Center for Arts Education Internships, Rewarding Achievement (REACH), Computer Science",,4019630005,,,Priority to Queens students or residents,CORONA,,,"The High School for Arts and Business is committed to providing opportunities for our students to achieve excellence in academic, career, and technical pursuits. Our individualized programming helps students earn an Advanced Regents diploma and continue on to the college or career path of their choice. Through broad-based educational experiences, our students develop technological and artistic literacy using an interactive approach. Our culturally diverse school community features partnerships that support personal growth and emphasize global understanding, leadership, and integrity.",-73.853178,14510.0,"{'type': 'Point', 'coordinates': [-73.853178, 40.737427]}",9 to 12,68
24Q530,Q27J,Y,,,4003442,,,,,,,,,,,,8.0,,,,,,"Open only to New York City residents living in the United States four years or fewer and are English Language Learners per New York City Department of Education guidelines scoring at the Entering, Emerging, or Transitioning levels on the NYSESLAT, NYSITELL, or LAB-R.",,,,,,Yes,,,,,,,,,,,,,,,,,,,"Basketball, Golf, Soccer, Softball, Tennis, Volleyball","Tuition-free college courses including Math, Science, English, History, Psychology, Sociology, Art, Music, native language classes and more",1.0,4002490001,,,,LONG ISLAND CITY,,,"We are a small, multicultural high school on the campus of LaGuardia Community College. All of our students are new to the country. We focus on English language development. Our teachers collaborate on interdisciplinary teams. We prepare English Language Learners for success in college and careers. Students develop their academic and English skills by completing individual and group projects. Students present portfolios for graduation and are able to stay for a free year of college as part of our Early College Program after they complete their high school graduation requirements within four years. While in the Early College Program, we provide students with academic support classes to ensure their success in college.",-73.93364,16858.0,"{'type': 'Point', 'coordinates': [-73.93364, 40.744412]}",9 to 12,66
30Q575,Q71A,Y,,,4005026,,,,,,,Priority to Queens students or residents,,,,Y,37.0,,,,,,,,,,,,Yes,,,,,100% of offers went to this group,,,,58.0,,,3.0,,,,,,,"Basketball, Bowling, Cross Country, Flag Football, Soccer, Softball, Volleyball","Linkages with the Metropolitan Opera, Noguchi Museum, 92nd Street Y, Museum of Modern Art, Theatre for a New Audience; community service activities.",,4004170016,,,Priority to Queens students or residents,LONG ISLAND CITY,,,"Our college preparatory school focuses on American history and its interdisciplinary connections. Students learn in a supportive environment, allowing them to grow socially, emotionally, and academically. As the flagship high school of the Gilder Lehrman Institute of American History, we provide insights into America's history through a rigorous curriculum that includes study in art, music (with a focus on opera), theater, and journalism. Our Advanced Placement (AP) program and partnerships with CUNY and St. John's University allow students to earn college credits. Our curriculum is enriched with trips to historical sites, the theater, and the opera, as well as community service, sports, and additional activities.",-73.937434,16858.0,"{'type': 'Point', 'coordinates': [-73.937434, 40.751331]}",9 to 12,72
29Q283,Q84A,Y,,,4280845,,,,,,,,,,,,4.0,,,,,,,,,,,,Yes,,,,,,,,,,,,,,,,,,,"Basketball, Flag Football, Indoor Track, Soccer, Softball, Tennis, Volleyball","Our video production course teaches students to use professional audio/video equipment to produce short films, original music, documentaries, etc.",,4130570056,,,Priority to continuing 8th graders,SPRINGFIELD GARDENS,,,"Preparatory Academy for Writers: A College Board School is a 6th through 12th grade school committed to providing our students with a challenging curriculum with a focus on writing and publishing as well as a strong community of students and adults who support each other academically, socially and emotionally. Through our school's unique instructional model focused on reading, writing and discussing, students learn to think critically, communicate effectively, and be open to a wide range of ideas and experiences. With middle school students taking high school courses and high school students taking college courses, the Preparatory Academy for Writers supports our students in writing successful futures.",-73.756839,15313.0,"{'type': 'Point', 'coordinates': [-73.756839, 40.668235]}",6 to 12,71
19K659,L56A,Y,,,3090738,,,,,,,,,,,,5.0,,,,,,,,,,,,Yes,,,,,,,,,,,,,,,,,,,"Basketball, Bowling, Indoor Track, Softball, Tennis, Volleyball","Full-time College Advisor, College Planning beginning in ninth grade, AP for All, Summer Bridge, College Early Awareness, CUNY College Now",,3040940001,,,Open to New York City residents,BROOKLYN,,,"Cypress Hills Collegiate Preparatory School (CHCP) is a community school where students are known as individuals and receive a rigorous education based on high-expectations, inquiry, and reflection. College readiness begins in ninth grade summer bridge and continues with a well-structured academically rigorous curriculum that incorporates individual college counseling. Student voice and leadership is empowered through Advisory, which is aligned to the school's core values, social-emotional learning and restorative practices. Students graduate college-ready with experience in Pre-AP and college level courses. CHCP is a candidate International Baccalaureate (IB) World School to offer the Diploma Programme.",-73.868328,17215.0,"{'type': 'Point', 'coordinates': [-73.868328, 40.691146]}",9 to 12,47
02M432,A19A,Y,,,1087537,,,,,,,,,,,,4.0,,,,,,,,,,,,Yes,,,,,,,,,,,,,,,,,,,"Basketball, Softball, Volleyball",College Now program with the CUNY campuses of Borough of Manhattan Community College and Baruch College.,,1008897501,,,Priority to Manhattan students or residents,MANHATTAN,,,"Murray Hill Academy has a unique admissions model: 80% of the students are admitted through the High School Admissions process and 20% are admitted as transfer students throughout the year. Our school offers students a challenging curriculum with blended learning. We learn inside and outside the traditional classroom, including online courses with in-school mentors and internships. We are committed to academic progress, as well as the social and emotional growth of our students. Our goal is to have our students graduate prepared for college and careers and ready to become successful and productive citizens. Every child can fulfill his/her potential, one successful step at a time.",-73.981241,12078.0,"{'type': 'Point', 'coordinates': [-73.981241, 40.746176]}",9 to 12,8
10X477,X43A,Y,,,1064532,,,,,,,,,,,N,19.0,,,,,,,,,,,,Yes,,,,,,,,,43.0,,,5.0,,,,,,,"Basketball, Flag Football, Golf, Gymnastics, Handball, Indoor Track, Outdoor Track, Soccer, Softball, Tennis, Volleyball","11th and 12th Grade AP: Biology, US History, English Literature, European History, English Language, Statistics, Spanish Literature & Spanish Language",,1022150080,,,Priority to Bronx students or residents,BRONX,,,Marble Hill SIS is an international community whose student body encompasses over 45+ countries and speaks over 30+ languages. Each 9th grade is composed of 50% ELLs and 50% mainstream students-creating a very diverse and challenging college preparatory learning environment with: School dress code -Four years of Math & Science -Three years of a foreign language (for mainstream students) -Semester Portfolio presentations -IMentor program matching college educated mentor with every student for four years -Community Service-100 hours -College Bound Initiative Partnership -Seven AP's (11th & 12th grades) -International exchange & travel opportunities -Summer bridge for incoming 9th graders -Dedicated and experienced teaching and support staff.,-73.912256,11272.0,"{'type': 'Point', 'coordinates': [-73.912256, 40.877105]}",9 to 12,33
12X479,Y43A,Y,,,2004868,,,,,,,,,,,,5.0,,,,,,,,,,,,Yes,,,,,,,,,,,,,,,,,,,,"All ninth grade students participate in an entrepreneurial program with BUILD. Students learn how to build a company/business from the ground, up.",,2026710011,,,Open to New York City residents,BRONX,,,"Our school couples relevant internship experiences with rigorous academic learning. Students learn to be prompt, prepared, positive, and productive and strive to embody our core principles as they develop responsibility, teamwork, and the resiliency needed to enter college and to exceed academic and industry-based standards. We provide our students small class size, advisory, internships, and quality college and career readiness instruction and training to ensure that 100% of students graduate prepared for college and careers. There is a strong culture that mirrors college and employment where students respect teachers, work hard, and arrive on time. We ensure that each student is cognitively engaged, fully valued, and fully heard.",-73.900105,10934.0,"{'type': 'Point', 'coordinates': [-73.900105, 40.827743]}",9 to 12,25
15K423,L69A,,,,3000533,,,,,,,,,,,,1.0,,,,,,Open only to 15-16-year-old New York City residents entering high school for the first time. Students must have a record of being held back two times in elementary and/or middle school.,,,,,,No,,,,,,,,,,,,,,,,,,,,Paid Learning to Work Internships,,3001690009,,,,BROOKLYN,,,"Brooklyn Frontiers High School serves entering ninth grade students who have fallen behind their peers by two or more years. We offer a personalized educational experience for students, recognizing the unique strengths and needs of each individual. The academic program is designed to challenge each learner and is implemented in a supportive environment that emphasizes the value of critical thinking skills, personal relationships, and student self-advocacy. We are committed to ensuring that students stretch their goals beyond graduation and gain the skills and self-confidence to successfully transition to college and careers.",-73.989132,16865.0,"{'type': 'Point', 'coordinates': [-73.989132, 40.690145]}",9 to 12,54
03M415,M26A,Y,,,1055204,Priority to continuing 8th graders,Open only to new students,Priority to continuing 8th graders,,,M26M,Priority to continuing 8th graders,,,"This program introduces students to the fundamentals of instrumental playing. The program is also designed to extend the boundaries of the musically talented student. Students learn techniques in Jazz Band, Modern Band, and Concert Band. Strong emphasis is placed in the following areas: Music Theory, Composition, and Music History. Students participate in school performances throughout the school year and partner with several of our renowned partnerships.",N,3.0,,,,,M26R,,0% of offers went to this group,35.0,,,Visual Art & Design,Yes,N,,N,,0% of offers went to this group,,,,25.0,,1.0,2.0,Audition with common components,16.0,,,50% of offers went to this group,,Basketball,College For Every Student (CFES); CUNY College Now at City College; Teacher's College Summer Bridge; SAT Prep; Saturday Regents Prep; PM School,,1018300019,,,Priority to continuing 8th graders,MANHATTAN,,,"Wadleigh Secondary School for the Performing and Visual Arts is a nurturing and unique environment which offers two distinct programs that equally prepare students for college and career readiness. Our Performing and Visual Arts Program offers majors in: Dance, Theater Arts, Vocal Music, Instrumental Music and Visual Arts, which require individual auditions. The Wadleigh Honors Academy offers a rigorous academic program with advanced studies in science and math, as well as an opportunity to explore the performing and visual arts. Our varied internships and partnerships expose our students to careers and interests in both the performing and visual arts.",-73.954142,12423.0,"{'type': 'Point', 'coordinates': [-73.954142, 40.802207]}",6 to 12,18
09X412,X55A,Y,,,2007806,,,,,,,Open to New York City residents,,,,N,4.0,,,,,,,,,,,,Yes,,,,CTE program(s): Entrepreneurship/Virtual Enterprise,,,,,20.0,,,5.0,,,,,,,"Basketball, Cross Country, Flag Football, Indoor Track, Outdoor Track, Softball, Volleyball, Wrestling","Job shadowing and internships with local businesses, non-profits, and organizations",,2028170002,,,Open to New York City residents,BRONX,,,"Through a focus on business administration and entrepreneurship, students prepare for success at competitive colleges and universities. We are committed to building a community of learners and leaders.",-73.91091,10935.0,"{'type': 'Point', 'coordinates': [-73.91091, 40.840422]}",9 to 12,27
30Q450,Q29A,Y,,,4467709,Open to New York City residents,,Open to New York City residents,,,Q29N,Open to New York City residents,,N/A - zoned program,"Students in this program complete sequenced coursework, with a focus on sports medicine and health professions. Rigorous instruction in Regents and AP Science courses is at the core of our program. Utilizing our extensive physical education and health clinic facility, including our Olympic-size pool and athletic field, students will have the opportunity to prepare for certification as personal trainers, first aid, and CPR.",Y,3.0,10,,,,Q29P,,,34.0,Zoned,,"Hospitality, Travel, & Tourism",No,N,,N,,,Zoned,Then to students who have been in a Transitional Bilingual Education Spanish middle school program,,74.0,,,5.0,,127.0,,Q29Z,,1,"Basketball, Bowling, Fencing, Golf, Gymnastics, Handball, Lacrosse, Soccer, Softball, Swimming, Tennis, Volleyball","Art, Music, Computer Programming ,Theater, CUNY College Now-LaGuardia, College Board Advancement Program (18 Courses), Seal of Bi-literacy Sequence",,4005290002,,N,Open to New York City residents,ASTORIA,,5,"Our academically and aesthetically enriched programs offer superb preparation for college, career, and life in a nurturing environment. Students benefit from the personalization of a small high school through our Smaller Learning Communities, while also taking advantage of the wealth of offerings that a large high school can provide. Every ninth grade student is enrolled in an additional elective class that focuses on argumentative writing and non-fiction readings.",-73.9328,16863.0,"{'type': 'Point', 'coordinates': [-73.9328, 40.765826]}",9 to 12,72
18K567,L33A,Y,,,3224139,,,,,,,,,,,,6.0,,,,,,,,,,,,Yes,,,,,,,,,,,,,,,,,,,"Basketball, Bowling, Cross Country, Handball, Indoor Track, Outdoor Track, Softball, Volleyball",Summer School Enrichment Programs and Summer Bridge Program for Incoming 9th Graders,,3079980005,,,Open to New York City residents,BROOKLYN,,,"Brooklyn Theatre Arts High School (BTA) is a cohesive, vibrant learning community dedicated to college and career readiness and the development of young people with integrity, a strong sense of identity, and an awareness of the world and their place in it. BTA graduates demonstrate our core values of benevolence, trust, attitude, honesty, and scholarship. Scholars leave our school independent, confident, and well-prepared.",-73.916735,13827.0,"{'type': 'Point', 'coordinates': [-73.916735, 40.633285]}",9 to 12,42
17K745,L17A,,,,3107227,,,,,,,,,,,,9.0,,,,,,,,,,,,No,,,,,,,,,,,,,,,,,,,"Basketball, Bowling, Cross Country, Outdoor Track, Rugby, Soccer, Volleyball, Wrestling","Music, Band, Art, Dance, Step, Martial Arts, Cheerleading, Zumba, Theater, Leadership, Community Service, Small Group Advisory, Tutoring",,3048110001,,,Priority to Brooklyn students or residents,BROOKLYN,,,"The Brooklyn Institute for Liberal Arts (BILA) is an ideal school for students who want the best academic foundation to prepare them for college or career. We have challenging interactive and online classes with opportunities for students to succeed in a supportive, friendly, and energetic community. We encourage and celebrate student voice, mentor students, and develop student leaders. Monthly trips are part of a curriculum that allows students to see, learn about, and truly participate in this ever-changing world. Students with a love for technology will flourish in this Mac-based iZone school, with a variety of programs in music, art, dance, theater, and STEM to suit individual student choice. At BILA, students are happy and successful.",-73.942458,16866.0,"{'type': 'Point', 'coordinates': [-73.942458, 40.658893]}",9 to 12,44
22K535,K76A,Y,,,3326938,,,,,,,,,,,,25.0,,,,,,,,,,,,Yes,,,,,,,,,,,,,,,,,,,"Basketball, Bowling, Flag Football, Soccer, Swimming, Tennis, Volleyball",,,3087600060,,,Open to New York City residents,BROOKLYN,,,"Our school is affiliated with Kingsborough Community College. All students study math and science every year and three years of of a World Language as a high school student. Additionally, all 9th and 10th grade students are mandated to take computer science courses. Our school is committed to academic excellence in a caring community.",-73.935952,13826.0,"{'type': 'Point', 'coordinates': [-73.935952, 40.580894]}",9 to 12,36
02M419,M91A,Y,,,1013096,,,,,,,,,,,,5.0,,,,,,,,,,,,Yes,,,,,,,,,,,,,,,,,,,"Basketball, Bowling, Softball, Tennis, Volleyball","Elective courses offered for all students, including American Sign Language, Chess, Photojournalism, Coding, Music production, and Newsletter.",,1007420007,,,Priority to Manhattan students or residents,MANHATTAN,,,"We are a small, college-preparatory school that offers a challenging academic curriculum with a strong emphasis on reading, collaboration, and project-based learning. All students have the opportunity to graduate with thirteen college credits through our College Now For All initiative. We are part of the NY Consortium, and students present and defend six PBATs (performance-based assessment tasks) before a committee in order to graduate. The PBAT process is rigorous, and helps to prepare students for the research and writing demands of college. Our advisory program ensures that all students have strong and trusting relationships with adults and peers in order to support a close-knit, positive learning culture.",-74.002136,12074.0,"{'type': 'Point', 'coordinates': [-74.002136, 40.742867]}",9 to 12,6
03M291,M92A,,,,1030328,,,,,,,,,,,,10.0,,,,,,,,,,,,No,,,,,,,,,,,,,,,,,,,,,,1011540108,,,Priority to continuing 8th graders,MANHATTAN,,,"We promote and support scholarly endeavors through a rich and varied curriculum, emphasizing our core values of creativity, compassion, wonder, and resilience. Through an interdisciplinary approach, utilizing New York City as a learning lab, students experience rigorous coursework through authentic expeditions, which culminate in public presentations of learning. Expeditions engage students in case studies that examine and analyze compelling topics from a variety of perspectives. All students work towards achieving an Advance Regents diploma and have the opportunity to take several Advanced Placement (AP) courses. WESS offers extensive opportunities to participate in sports, clubs, course-related travel, and service learning.",-73.987479,12420.0,"{'type': 'Point', 'coordinates': [-73.987479, 40.772007]}",6 to 11 - This school is expanding to serve grades 6 to 12.,12
16K688,L57A,Y,,,3043822,,,,,,,,,,,,3.0,,,,,,,,,,,,Yes,,,,,,,,,,,,,,,,,,,Basketball,"Medgar Evers Early College Dual Credit and LIU Brooklyn Promise, STEP and Early College Scholars",,3016160001,,,Open to New York City residents,BROOKLYN,,,"BAGF will provide an environment where students are academically challenged and experience real-world application of their learning through opportunities to interact with partners in the business and financial industries. Real world career experiences include field trips, job shadowing, and internships to give students a view of the financial and business industries. Students experience college life through early college courses, college visits, and mentoring from college students. Our mission is to prepare students for post-secondary education and to compete in the global economy through a challenging academic curriculum, including 21st century skills such as financial and digital literacy, collaboration, and entrepreneurship.",-73.933697,18181.0,"{'type': 'Point', 'coordinates': [-73.933697, 40.691274]}",9 to 12,52
27Q650,Q83A,Y,,,4438609,,,,,,Q83U,Open to New York City residents,,,,Y,10.0,,,,,,,,124.0,,,Engineering,Yes,,,Y,,,,,,71.0,,,7.0,,,,,,,"Basketball, Cross Country, Handball, Indoor Track, Outdoor Track, Soccer, Softball, Volleyball, Wrestling","CTE program(s): Architecture, Construction Technology, Engineering",,4093810044,,,Open to New York City residents,OZONE PARK,,,"This is a CTE school that prepares students for college, technical school, and apprenticeships in construction trades, engineering, and architecture. We have state-of-the art facilities that support computer-aided design, mechanical drafting, technical drawing, model building, construction technology, electrical installation, digital electronics, and engineering. We partner with construction, architecture, and engineering firms and non-profits. We allow students to explore their talents and interests while receiving a solid academic foundation that prepares them for college and careers. Our learning environment promotes academic achievement through the integration of career interests and making connections between learning and the world.",-73.840717,24012.0,"{'type': 'Point', 'coordinates': [-73.840717, 40.689591]}",9 to 12,60
06M348,M88A,Y,,,1063703,,,,,,,,,,,,41.0,,,,,,,,,,,,Yes,,,,,,,,,,,,,,,,,,,"Basketball, Flag Football, Soccer",Significant College Now course offerings hosted on-campus and available on college campuses,,1021550035,,,Priority to continuing 8th graders,MANHATTAN,,,"Our mission is to work with families to prepare each student academically, emotionally, intellectually, and socially to succeed in the college of their choice and beyond. We provide a small, nurturing environment where high expectations, excellent instruction, and dedicated faculty work relentlessly to meet the needs of all students. Consider our school if you strive to become a skilled problem-solver, effective communicator, adventurous risk-taker, and an active contributor to the school and local community. Our high expectations coupled with our commitment to creating a sense of membership and belonging for all students is why so many of our students are fulfilling our mission, graduating from college and pursuing meaningful careers.",-73.930948,13091.0,"{'type': 'Point', 'coordinates': [-73.930948, 40.848908]}",K to 12,22
09X543,X41A,,,,2004526,,,,,,,,,,,,3.0,,,,,,,,,,,,No,,,,,,,,,,,,,,,,,,,"Badminton, Basketball, Flag Football, Soccer, Softball, Volleyball",Forensics and Anatomy are offered to Senior students.,,2026340001,,,Priority to Bronx students or residents,BRONX,,,"The High School for Violin and Dance (HSVD) is one of four schools on the Morris Educational Campus. HSVD offers every student classes in string orchestra and dance (ballet, jazz, modern, tap, hip hop). No prior experience is necessary, but students are expected to have a serious interest in the two performing arts and be ready to participate in intensive training in daily classes. With consistent practice, our students achieve competence, confidence, good citizenship, and maturity-qualities that are the foundation for success in high school. There are culminating string orchestra and dance performances at the end of the school year.",-73.904473,10934.0,"{'type': 'Point', 'coordinates': [-73.904473, 40.827642]}",9 to 12,25
26Q566,Q32A,Y,,,4529899,,,,,,,,,,,,3.0,,,,,,,,,,,,Yes,,,,,,,,,,,,,,,,,,,"Basketball, Cross Country, Fencing, Flag Football, Golf, Indoor Track, Lacrosse, Outdoor Track, Rugby, Soccer, Softball, Swimming, Volleyball","College level courses at Queens College and Queensborough Community College, Advisory, Drop Everything and Read (DEAR)",,4078700072,,,Priority to students attending PS/IS 266Q and PS/MS 208Q,BELLEROSE,,,"QHST is a rigorous college preparatory high school on a beautiful and safe, 32-acre campus. With a new NCAA regulation sports complex and 21st Century College and Career Research Center, we prepare students for success in high school, college, and beyond. Students are programmed into one of three Small Learning Communities where they are known well by all. Our model supports students' achievement of some of the highest attendance and graduation rates citywide. We offer college level credit-bearing and AP courses, a daily literacy (DEAR) program, advisory program, senior electives, and a Teaching Institute. Community partnerships and our extended-day programs ensure that students continue academic and social learning beyond the school day.",-73.727535,24335.0,"{'type': 'Point', 'coordinates': [-73.727535, 40.746088]}",9 to 12,63
08X432,Y47A,,,,2022205,,,,,,,,,,,,3.0,,,,,,Open only to New York City residents who are English Language Learners (ELL),,,,,,No,,,,,,,,,,,,,,,,,,,,Academic and career planning starting in the ninth grade,,2036040039,,,Priority to Bronx students or residents,BRONX,,,"Our school is designed for English Language Learners, including students whose native language is Bengali, Arabic, French, or Spanish. At Bronx Bridges High School, all teachers and staff work closely with students to achieve their academic goals and explore their interests and passions. Our students' cultural and linguistic backgrounds are an integral part of their academic work. We are committed to assisting students in maintaining the richness of their personal histories and providing them with a sense of their place in the greater community. Capstone Projects are an integral part of our curricula. Our graduates are prepared to meet the challenging demands of a college education and ready to succeed in a 21st century workplace.",-73.856167,11611.0,"{'type': 'Point', 'coordinates': [-73.856167, 40.82229]}",9 to 12,26
02M308,M05R,Y,,,1005283,,,,,,,,,,,,14.0,,,,,,,,,,,,Yes,,,,,,,,,,,,,,,,,,,"Badminton, Basketball, Bowling, Softball, Swimming, Table Tennis, Tennis, Volleyball, Wrestling",Internships for all qualifying seniors,,1004080030,,,Priority to Districts 1 and 2 students or residents,MANHATTAN,,,"LoMA is a small, multicultural college preparatory arts school that focuses on academic and artistic development and excellence. We believe that all students are intrinsically curious, and capable of achieving at high levels. We support each student's intellectual, emotional, and social growth with the goal of success in a four-year college or career. These expectations require that all students take additional math, science, reading, internship, and arts classes. Every student must also take part in an extended-day program at least twice a week. To support our students' success at meeting these higher standards, we maintain an intimate, nurturing community with a large number of adults challenging amd supporting our students.",-73.989596,11723.0,"{'type': 'Point', 'coordinates': [-73.989596, 40.717349]}",9 to 12,4
09X250,X03R,,,,2009617,,,,,,,,,,,,10.0,,,,,,,,,,,,No,,,,,,,,,,,,,,,,,,,"Badminton, Basketball, Soccer, Softball, Volleyball",Regents Preparation Program,,2029250056,,,Priority to Bronx students or residents,BRONX,,,"Eximius College Preparatory Academy is dedicated to developing high-achieving students of good character who use academic, technological, and social skills to inspire others and contribute to their community. Our values are academic excellence, community citizenship, self-determination, compassion, integrity, reflective living, and unity of being. Students must aspire to personal excellence to be successful and we help them master the challenges of a college preparatory curriculum, guide them through the college entrance process, and prepare them for success. Our coursework is designed to give students the knowledge, skills, and strategies to pass the Regents, excel on the SAT, and succeed in college and life.",-73.902499,10934.0,"{'type': 'Point', 'coordinates': [-73.902499, 40.833665]}",9 to 12,25
03M479,M71A,Y,,,1026924,,,,,,,,,,,,19.0,,,,,,,,,,,,Yes,,,,,,,,,,,,,,,,,,,"Basketball, Bowling, Cross Country, Fencing, Indoor Track, Outdoor Track, Soccer, Softball, Tennis, Volleyball","Advanced classes: Engineering, Robotics, Data Modeling, Forensics, Statistics, Advanced History and English senior electives",,1010720015,,,Open to New York City residents,NEW YORK,,,"Beacon High School offers an inquiry-based program with technology and arts infused throughout the curriculum. We emphasize a challenging, well-rounded liberal arts education based on the principle of shared exploration and problem-solving. In assessments for graduation, students present performance-based projects to panels of teachers. Beacon offers extensive opportunities to participate in clubs, sports, community service, and international travel.",-73.995802,13094.0,"{'type': 'Point', 'coordinates': [-73.995802, 40.761452]}",9 to 12,10
28Q310,Q05A,,,,4448806,,,,,,,,,,,,8.0,,,,,,,,,,,,No,,,,,,,,,,,,,,,,,,,"Basketball, Bowling, Cross Country, Flag Football, Indoor Track, Outdoor Track, Soccer, Softball, Swimming, Volleyball",Small advisory classes that cater to individual students' needs with academic intervention,,4098580100,,,Priority to continuing 8th graders,JAMAICA,,,"Queens Collegiate: A College Board School is a small school committed to a holistic education (including access to a full array of academic and artistic experiences) providing our students with the tools for college and career. Students are inspired to set the highest academic standards and career goals for themselves. They learn to think critically, communicate effectively, and remain open to a wide range of experiences. Student empowerment and work ethic are hallmarks of Queens Collegiate.",-73.797237,24340.0,"{'type': 'Point', 'coordinates': [-73.797237, 40.713218]}",6 to 12,65
11X455,X25B,Y,,"Standardized Test Scores: English Language Arts, Math",2116159,Priority to Bronx students or residents,,Priority to Bronx students or residents,,Attendance,X25E,Priority to Bronx students or residents,Course Grades: Average,,"Media students learn about human communication in a digital world through hands-on experience with video, web, and radio production. Internships and partnerships are available with WABC-7 Eyewitness News, News 12, Fox 5, and BronxNET.",Y,5.0,N/A - zoned program,,,,X25F,,98% of offers went to this group,129.0,,,Culinary Arts,Yes,N,,N,,98% of offers went to this group,Harry S. Truman High School ACES 15:1 Program,Then to New York City residents,,122.0,,,6.0,,78.0,,X25Y,,N/A - zoned program,"Basketball, Cross Country, Flag Football, Indoor Track, Outdoor Track, Soccer, Swimming, Tennis, Volleyball, Wrestling",,,2051410150,,N,Priority to Bronx students or residents,BRONX,,16,"Our school is writing a new chapter in our history as the best-kept secret in the Bronx. We have taken the small school feeling and combined it with the variety of courses, diverse student body, and world-class facilities that you can only get in a large high school environment. Our students take core academic courses and commit to one of six career academies. Our 12th graders earn millions of dollars in scholarships every year to attend universities like Fordham, NYU, St. John's, DePauw University, and Penn State. Students ask: ""Why would I go anywhere else?"" It is a class-leading education close to home. If it sounds too good to be true, come and visit for yourself.",-73.833904,12344.0,"{'type': 'Point', 'coordinates': [-73.833904, 40.874091]}",9 to 12,28
09X297,X81X,,,,2004526,,,,,,,,,,,,7.0,,,,,,,,,,,,No,,,,,,,,,,,,,,,,,,,"Badminton, Basketball, Flag Football, Soccer, Softball, Volleyball","Peer mentoring & leadership development program, visual arts program, Junior Reserve Officers' Training Corps (JROTC), and Computer Science courses",,2026340001,,,Priority to Bronx students or residents,BRONX,,,"At MACS our students learn by doing. Our staff builds relationships with students, parents, & community to continuously develop systems that empower the whole student. We put students first by setting high expectations while meeting student needs so they can work collaboratively & think critically to become creative problem-solvers who will lead by example in all endeavors. We implement a series of data-informed, student-centered initiatives, project-based learning, & socio-emotional support structures that use evidence to meet needs and maximize equity for all. Passion, persistence, & knowledge of the whole student flow in & out of these systems as connective threads that encourage high standards & real-world relevance in our practices.",-73.904473,10934.0,"{'type': 'Point', 'coordinates': [-73.904473, 40.827642]}",9 to 12,25
03M859,A85A,Y,,,1030343,,,,,,,,,,,,9.0,,,,,,,,,,,,Yes,,,,,,,,,,,,,,,,,,,"Badminton, Basketball, Bowling, Flag Football, Handball, Indoor Track, Soccer, Softball, Volleyball, Wrestling",Small classes afford individualized learning experiences and strong teacher-student relationships.,,1011570025,,,Priority to continuing 8th graders,MANHATTAN,,,"SMS is a public school open to musically gifted students. The school admits 50 students per grade and combines rigorous academics with intensive music instruction. The school is a partnership between Kaufman Music Center and the NYCDOE. Our mission is to develop students who have the skills, competencies, and knowledge necessary for successful 21st century music careers. The 21st-Century musician can analyze, compose, and perform music at the highest level, has a strong sense of his/her own artistic voice, and is fluent in current music technologies. He/She possesses strong academic knowledge, skills, and habits, and is also community-minded, inventive, and resourceful. Please note that Special Music School has two campuses: one for K-8 and another for 9-12. The address for the K-8 school is 129 West 67th Street, and the address for the 9-12 school is 122 Amsterdam. Please contact admissions@specialmusicschool.org for more information.",-73.984753,12420.0,"{'type': 'Point', 'coordinates': [-73.984753, 40.774351]}",K to 12,12
27Q475,Q35B,Y,,,4195688,,,,,,,Priority to Queens students or residents,,,,Y,5.0,,,,,,,,,,,Zoned,No,,,N/A - zoned program,,92% of offers went to this group,,,,68.0,,,8.0,,,,,,,"Basketball, Bowling, Indoor Track, Outdoor Track, Soccer, Softball, Swimming, Tennis, Volleyball","IT, Robotics & Engineering Academy prepares the next generation of A.I. designers for an industry that is predicted to approach $100 billion by 2020.",,4093210001,,,Priority to Queens students or residents,RICHMOND HILL,,,"Richmond Hill High School supports students in exploring their individual interests and talents through career-themed academies, such as IT, Robotics & Engineering, Software Engineering, Hospitality & Tourism, Criminalistics & Forensics, Art & Design, and Health Sciences, offering paid internships. Students take a unique college-planning class that supports them through test preparation, research, application, and financial aid/scholarship processes. Students are also offered Advanced Placement (AP), CUNY College Now, St. Francis' College Bridge and SUNY College in the Classroom courses, which can earn students up to 18 college credits. We have strong community ties and use these relationships to benefit families with social/emotional supports.",-73.833681,24014.0,"{'type': 'Point', 'coordinates': [-73.833681, 40.695888]}",9 to 12,60
14K478,K88A,Y,,,3325733,,,Open to New York City residents,,,K88D,Open to New York City residents,,,"Music major with a 10-credit sequence of courses, plus additional classes that meet in small groups. This sequence fulfills the requirements for the Advanced Regents Diploma.",N,6.0,,,,,,,,15.0,,,Science & Math,Yes,N,,N,"CTE program(s): Academy of Hospitality and Tourism, CISCO Networking Academy, Pre-engineering",,,,,53.0,,,5.0,,21.0,,,,,"Basketball, Handball, Outdoor Track, Soccer, Softball, Volleyball",Music,,3030160001,,,Open to New York City residents,BROOKLYN,,,"The High School for Enterprise, Business & Technology (EBT) is located in Williamsburg, Brooklyn. In partnership with industries and post-secondary institutions, our scholars learn how to impact the world as responsible, caring, and productive citizens. Through their involvement in various service learning initiatives, our students are able to address genuine community needs while being taught civic responsibility. A major focus at EBT is preparing our students for college and career, which is evident in the high expectations and rigor of our curriculum, early college programs including the International Baccalaureate Program, and Career and Technical Education programs (Business & Finance, Computer Science/Networking, Engineering).",-73.939722,17613.0,"{'type': 'Point', 'coordinates': [-73.939722, 40.712184]}",9 to 12,56
10X546,X38A,Y,,,1064532,,,,,,,Priority to Bronx students or residents,,,,N,6.0,,,,,,,,,,,,Yes,,,,,97% of offers went to this group,,,,49.0,,,4.0,,,,,,,"Basketball, Flag Football, Golf, Gymnastics, Handball, Indoor Track, Outdoor Track, Soccer, Softball, Tennis, Volleyball",,,1022150080,,,Priority to Bronx students or residents,BRONX,,,"Bronx Theatre High School is partnered with Roundabout Theatre Company to offer students the opportunity to earn a Regents diploma with an arts endorsement by adopting the model of a theater company. Our students stage plays, musicals, and their own original works to explore the universal themes of human experience and acquire skills and knowledge to meet the learning standards as artist-at-work. Our program provides the college and career readiness skills for students to succeed on post-secondary setting. Teaching artist work with teachers to create ensemble for students to work together, learn together, and become strong contributors to society.",-73.912256,11272.0,"{'type': 'Point', 'coordinates': [-73.912256, 40.877105]}",9 to 12,33
02M280,M73A,Y,,,1001388,,,,,,,,,,,,8.0,,,,,,,,,,,,Yes,,,,,,,,,,,,,,,,,,,"Badminton, Basketball, Bowling, Cross Country, Flag Football, Indoor Track, Outdoor Track, Soccer, Softball, Volleyball","Adobe Certified Associate Program, Microsoft Office Specialist Certifications, Communications and Advertising Design Certifications",,1001130100,,,Priority to Manhattan students or residents,MANHATTAN,,,"Through close partnerships with the Borough of Manhattan Community College (BMCC) and with the advertising and media industry, our school prepares students for success at four-year colleges and competitive careers. Students have the option to remain at our school for up to six years and can earn an associate degree at no cost in addition to their CTE-endorsed high school Regents diploma. In the first four years, students participate in job shadowing, field trips, training seminars, and summer internships. All of our community members are accountable for our four core values: Scholarship, Creativity, Responsibility, and Empathy. Students are held to high standards and expected to participate in the development of our community.",-74.000851,13096.0,"{'type': 'Point', 'coordinates': [-74.000851, 40.711442]}",9 to 14,2
02M425,M76A,Y,,,1001035,,,,,,,Open to New York City residents,,,,N,1.0,,,,,,,,,,,,Yes,,,,,,,,,62.0,,,3.0,,,,,,,"Basketball, Softball",College Courses: BMCC College Now and Touro College,,1000510015,,,Open to New York City residents,MANHATTAN,,,"At the Leadership and Public Service High School, we believe that education is a portal to developing tomorrow's leaders. It is the school's mission to have families, students, administration, and staff collaborate to identify issues, define goals, and reach academic success. Our curriculum includes athletic, civic, and social programs, and connects learning to life beyond the classroom. We offer a strong advisory course that allows our students to form close relationships with our faculty members. Our students learn through innovative teaching practices which help them develop a deeper understanding of themselves, others, and our world.",-74.012332,11727.0,"{'type': 'Point', 'coordinates': [-74.012332, 40.70873]}",9 to 12,1
31R047,R01R,Y,,,5149609,,,,,,,,,,,,17.0,,,,,,,,,,,,Yes,,,,,,,,,,,,,,,,,,,"Basketball, Cross Country, Fencing, Flag Football, Outdoor Track, Soccer, Softball, Tennis, Volleyball, Wrestling","Strong academic/college prep. with strict policy on timely homework (late work not graded), strong school tone: zero tolerance of student misconduct.",,5024500320,,,"Priority to Districts 20, 21, and 31 students or residents",STATEN ISLAND,,,"Our challenging and academically demanding program is designed around college preparedness & aligned to Common Core/Next Generation Standards. High standards, rigor, & global themes are infused throughout subjects. Exceptionally high standards around student conduct, school tone, and academic citizenship are strictly maintained. Students are required to present comprehensive portfolios and engage in summer research projects. Teachers work to challenge students' thinking, build student ownership of learning, and prepare students for college. Students have opportunities to travel & foster cross-cultural learning. All students must undertake at least 3 years of world language, including; Mandarin Chinese or Spanish, building global competence.",-74.158589,10700.0,"{'type': 'Point', 'coordinates': [-74.158589, 40.581315]}",9 to 12,75
19K583,L40A,Y,,,3090738,,,,,,,Open to New York City residents,,,,Y,2.0,,,,,,Open only to New York City residents whose home language is Spanish,,,,,,Yes,,,,"CTE program(s): Aviation, Aviation Technology",,,,,25.0,,,4.0,,,,,,,"Basketball, Bowling, Indoor Track, Softball, Tennis, Volleyball",We provide internship opportunities in various fields.,1.0,3040940001,,,,BROOKLYN,,,"Our school is dedicated to helping English Language Learners (ELLs) develop their English proficiency. We believe that mastery of the English language is essential for college and work. Students are offered additional training in English as a New Language, technology, and other subjects during our extended-day program and on Saturdays. Classes are designed to prepare students to meet graduation requirements and the challenges of college and career. Supportive teachers will assist students as they meet their academic potential and become well-rounded, productive members of society. Newcomers are welcome.",-73.868328,17215.0,"{'type': 'Point', 'coordinates': [-73.868328, 40.691146]}",9 to 12,47
19K507,K61D,Y,,,3084440,,,Open to New York City residents,,,K61T,Priority to Brooklyn students or residents,,,"A four-year intensive program that includes a combination of acting, voice, diction, and script analysis.",Y,13.0,,,,,,,,88.0,,,Computer Science & Technology,Yes,N,,N,,79% of offers went to this group,,,,21.0,,,14.0,,41.0,,,,,"Basketball, Flag Football, Indoor Track, Outdoor Track, Volleyball",Student Success Center that assist students with the college process. The college counselors also arrange college tours and SAT prep.,,3037880001,,,Priority to Brooklyn students or residents,BROOKLYN,,,"Students are provided with a comprehensive education that includes performing arts, technology, and a choice of seven Advanced Placement (AP) courses. Our school develops the talents of students through dance, drama, and instrumental and vocal music. We offer graphic and webpage design and CISCO Certification Training. We build partnerships with the professional performing arts community, institutions of higher learning, and other organizations to provide opportunities for internships or college-level study: Brooklyn College, Medgar Ever College, Syracuse University, SAGA Innovations, the Step Up program, the Leadership Organization, and Hip Hop 4 Life. Our clubs and teams develop leadership capacity in all members of our school community.",-73.894747,17214.0,"{'type': 'Point', 'coordinates': [-73.894747, 40.667456]}",9 to 12,47
18K633,L49A,Y,,,3230949,,,,,,,,,,,,13.0,,,,,,,,,,,,Yes,,,,,,,,,,,,,,,,,,,"Basketball, Indoor Track, Outdoor Track, Rugby, Soccer, Softball, Volleyball, Wrestling",Collaboration with Co-Op Tech provides opportunities for students to engage with Career and Technical Education to become certified in medical billing,,3082220001,,,Open to New York City residents,BROOKLYN,,,"Our vision is to provide all students with access to the community for internships, field trips, and hands-on learning experiences while exploring interests in health professions. We expect that every student will undertake community service and become active, positive members of our community. We have a very dynamic school community and have many opportunities that are presented to our families.",-73.898254,13827.0,"{'type': 'Point', 'coordinates': [-73.898254, 40.641474]}",9 to 12,42
02M393,A14A,Y,,,1026646,,,,,,,,,,,,13.0,,,,,,,,,,,,Yes,,,,,,,,,,,,,,,,,,,"Basketball, Flag Football, Soccer, Softball, Volleyball",CollegeSpring: All students complete year-long SAT preparation class and three diagnostic exams during their Junior year.,,1010590015,,,Priority to Manhattan students or residents,MANHATTAN,,,"We are a Career and Technical Education (CTE) school focused on Business Management, Sports Management & Entrepreneurship. We expect our students to learn the fundamentals of business and to graduate prepared for college and careers as business analysts, marketers, entrepreneurs, and journalists. Students have opportunities for real-world learning and building their own networks in the sports management industry through internships and other work-based learning activities. Students are paired with a professional mentor, and through our Sports Business Speaker Series, have frequent opportunities to network with current industry professionals. Our graduates may also earn industry certifications in Microsoft Office and Workplace Readiness.",-73.9906,12081.0,"{'type': 'Point', 'coordinates': [-73.9906, 40.76337]}",9 to 12,10
11X290,X22A,Y,,,2057045,,,,,,,,,,,,12.0,,,,,,,,,,,,Yes,,,,,,,,,,,,,,,,,,,"Basketball, Cross Country, Indoor Track, Outdoor Track, Softball, Swimming, Volleyball","School activities: career day, college fairs, parent summit, college workshops, FAFSA night, SUNY college trips, PSAL, and the Beacon Program",,2046330040,,,Priority to Bronx students or residents,BRONX,,,"Our mission is to support students in becoming competent, self-confident, and responsible citizens who are ready to participate productively in our democratic society. As a college preparatory high school, we are committed to providing the best opportunities for academic and social growth for all of our students. In keeping with its health theme, BAHC exposes students to a variety of health professions to help them make informed career choices. Presently, BAHC is a CUNY College Now, College Access for All, and an Advanced Placement for All school! Students considering applying should excel in Math and Science. BAHC is a uniform school. Please visit our school website: www.bxahc.org",-73.86197,11605.0,"{'type': 'Point', 'coordinates': [-73.86197, 40.875953]}",9 to 12,30
25Q425,Q14A,Y,,,4439900,Guaranteed offer to students who live in the zoned area,,Open to New York City residents,,,Q14H,Open to New York City residents,,,"Four-year honors program with hands-on competitive scientific research program; college and career preparation in math, science, engineering, technology; internships/mentorships at neighboring colleges/universities; scholarship opportunities; electives in STEM fields such as Health Sciences, Civil Engineering, Robotics, Statistics and Computer Science. STEM students have the opportunity to complete both AP Seminar and AP Research courses culminating in an AP Capstone Diploma.",Y,8.0,,,,,Q14Z,,9% of offers went to this group,127.0,,,Law & Government,Yes,Y,,Y,,,,,,170.0,,,6.0,,102.0,,,,,"Badminton, Basketball, Cross Country, Handball, Indoor Track, Outdoor Track, Soccer, Softball, Table Tennis, Tennis, Volleyball",Our Bowne Law Institute collaborates with the St. John's University Law Program to provide students with law topics in our new model courtroom.,,4065070001,,,Open to New York City residents,FLUSHING,,,"All of our students graduate as literate, committed, inquisitive learners. We provide students with a challenging learning community that prepares them for college and careers. We seek to strengthen our community so that parents are involved in our academic vision. It is our goal to develop strategies which engage in rigorous academics, enhance relations, and improve communication among students of different backgrounds, foster positive attitudes towards school and learning, strengthen community feeling, and propel students into their future aspirations. Each student is motivated to meet the Common Core Learning Standards, to respect and appreciate individuals of different cultures, and to be a contributing citizen to their community.",-73.824944,14509.0,"{'type': 'Point', 'coordinates': [-73.824944, 40.738139]}",9 to 12,65
08X348,X57A,,,,2074045,,,,,,,,,,,,4.0,,,,,,,,,,,,No,,,,,,,,,,,,,,,,,,,"Basketball, Bowling, Cross Country, Flag Football, Indoor Track, Lacrosse, Outdoor Track, Soccer, Softball, Tennis, Volleyball",College and Career counseling and an advisory program,,2053680001,,,Priority to Bronx students or residents,BRONX,,,"Schuylerville Preparatory High School is a college-preparatory institution that serves scholars from grades 9-12. Our community supports scholars holistically, with specific attention to academics, ethics, and discipline. At SPHS, scholars receive individualized attention that enables them to explore their interests and develop goals while engaging in rigorous curricula across all disciplines. Our course offerings will include Advanced Placement (AP) courses in English, participation in campus-wide AP courses across all subject areas, electives in journalism, communication, environmental science and mathematics, and a partnership with Lehman College and College Now with Bronx Community College.",-73.838545,11270.0,"{'type': 'Point', 'coordinates': [-73.838545, 40.840702]}",9 to 12,28
02M418,M25A,,,,1000849,,,,,,,,,,,,49.0,,,,,,,,,,,,No,,,,,,,,,,,,,,,,,,,"Basketball, Fencing, Outdoor Track, Soccer, Softball, Swimming, Table Tennis, Volleyball","Science: Advanced Physics, Biology, Chemistry, Engineering, Environmental Studies, Physics",,1000290070,,,Priority to students who live or attend school south of East Houston or West Houston Street,MANHATTAN,,,"Our mission is to provide a challenging academic program. In grades 9 and 10, students take core curriculum courses that include biology, chemistry, English, math, and global studies. In grades 11 and 12, they continue core math and history while choosing from a range of English, science, and elective classes. Every entering 9th grader is assigned an advisor, and an advisory group of 15 to 20 peers, for their four-year arc. We offer a comprehensive college counseling program, which includes direct instruction and individualized support in the college application process from our college counselors. An 18-week college process curriculum, spanning 11th and 12th grades, is delivered to advisory groups during dedicated school-day sessions.",-74.011552,11725.0,"{'type': 'Point', 'coordinates': [-74.011552, 40.704541]}",9 to 12,1
31R445,R10A,Y,,"Standardized Test Scores: English Language Arts, Math",5026076,Priority to Staten Island students or residents,,Priority to Staten Island students or residents,,Attendance,R10K,Priority to Staten Island students or residents,Punctuality,,"A challenging program that immerses students in a CTE instructional model preparing them for business, economics, finance, and career education through the Virtual Enterprise Program and the Hospitality and Tourism Program.",N,2.0,N/A - zoned program,,,,R10L,,91% of offers went to this group,35.0,,,JROTC,Yes,N,,N,,98% of offers went to this group,Port Richmond High School D75 Inclusion Program,Then to New York City residents,,94.0,,,3.0,,52.0,,R10U,,N/A - zoned program,"Basketball, Bowling, Cross Country, Flag Football, Gymnastics, Indoor Track, Outdoor Track, Soccer, Softball, Swimming, Tennis, Volleyball",Community School Partnerships offering one-on-one mentorships for all ninth graders ensuring individualized attention for all students,,5011210001,,N,Priority to Staten Island students or residents,STATEN ISLAND,,8,"Port Richmond High School is a comprehensive Community School that empowers students to reach their highest academic potential in a nurturing environment. Small, interest-based programs and a rigorous honors program are open to all students and offer a variety of services to our students and families through our new Port Richmond High School Health and Wellness Center. During students' first year, the Freshman Academy provides a culture of high standards, advanced courses, and academic support systems that address individual students' needs. Students are exposed to a wide array of extracurricular and athletic activities in combination with a challenging academic program that prepares them for college and the world of work.",-74.141818,10370.0,"{'type': 'Point', 'coordinates': [-74.141818, 40.634573]}",9 to 12,75
25Q281,Q82A,Y,,,4116436,,,,,,,,,,,,8.0,,,,,,,,,,,,Yes,,,,,,,,,,,,,,,,,,,Volleyball,"Electives include Judo, Robotics, Law, Theater, and Service Learning.",,4051470001,,,Priority to continuing 8th graders,FLUSHING,,,"East-West is a small, inclusive 6-12 school guided by four pillars: Honor, Excellence, Curiosity, and Celebration. Students are expected to meet College Readiness Performance Standards on Regents exams, and to earn credit in Advanced Placement (AP) and College Now courses. Emphasis is placed on East Asian culture and every student completes a 3-4 year sequence of study in an East Asian language. Through our advisories and clubs, students flourish in a social setting that supports their needs. We are a College Bound Initiative school: Seniors and Juniors attend SAT- and college-prep classes, and parents receive individualized support throughout the college planning process. Our NEST program provides tailored support for students with autism.",-73.822073,14190.0,"{'type': 'Point', 'coordinates': [-73.822073, 40.749545]}",6 to 12,67
09X505,X95A,Y,,,2109459,,,,,,,,,,,,35.0,,,,,,,,,,,,Yes,,,,,,,,,,,,,,,,,,,"Basketball, Cross Country, Outdoor Track, Softball, Volleyball",Guest speaker series,,2024450006,,,Priority to continuing 8th graders,BRONX,,,"The Bronx School for Law, Government and Justice (LGJ) is an educational community that believes learning is a product of thinking. Students are engaged in 'hands-on, minds-on' learning in their core classes, as well as through the law curriculum, mentoring, internships, advisory, and extracurricular activities. LGJ is unique in that students have the opportunity to experience our stand-alone law curriculum. We are located on the same city block as the Bronx Criminal Court complex.",-73.918681,10929.0,"{'type': 'Point', 'coordinates': [-73.918681, 40.827607]}",6 to 12,27
17K543,K14A,Y,,,3336215,,,,,,,,,,,,9.0,,,,,,,,,,,,Yes,,,,,,,,,,,,,,,,,,,"Basketball, Flag Football, Indoor Track, Outdoor Track, Softball, Swimming, Table Tennis, Tennis, Volleyball",,,3051030010,,,Priority to continuing 8th graders,BROOKLYN,,,"Science, Technology and Research Early College High School at Erasmus (STAR) is a small Early College Network school. Our dynamic team of high school teachers and Brooklyn College professors are eager to prepare students interested in science, mathematics, and technology for college and the world of work. With our partners, we offer a range of challenging academic courses that give students first-hand exposure to the demands of high school and college by using field-based and hands-on methods of instruction. Students use the rich resources on the Brooklyn College and other City University of New York (CUNY) campuses as their learning laboratories. In addition to their high school diploma, students may earn 30 or more college credits.",-73.95855,13510.0,"{'type': 'Point', 'coordinates': [-73.95855, 40.649787]}",6 to 12,43
18K576,L41A,Y,,,3224139,,,,,,,,,,,,3.0,,,,,,,,,,,,Yes,,,,,,,,,,,,,,,,,,,"Basketball, Bowling, Cross Country, Handball, Indoor Track, Outdoor Track, Softball, Volleyball","CUNY College Now with: Brooklyn College, John Jay College, Medgar Evers; Monroe College-JumpStart Program",,3079980005,,,Open to New York City residents,BROOKLYN,,,"We provide a challenging academic program that fosters self-awareness and strong work habits. Our graduates are prepared for higher education and careers. We provide opportunities for students to share ideas with each other, the staff, and the community. Our students participate in project-based learning and demonstrate mastery. The advisory program offers students an opportunity for personal development and academic growth while building close relationships within the school community. Our staff makes every effort to know each student and family well through small class sizes and a personalized approach to education which provides a structure for success. Seniors go on internships in their spring semester.",-73.916735,13827.0,"{'type': 'Point', 'coordinates': [-73.916735, 40.633285]}",9 to 12,42
07X551,X27A,Y,,,2000957,,,,,,,,,,,,8.0,,,,,,,,,,,,Yes,,,,,,,,,,,,,,,,,,,"Basketball, Flag Football, Softball, Volleyball","Students take part in yearly exhibitions where they present college level research projects to the community, highlighting their learning and skills.",,2023330070,,,Priority to continuing 8th graders,BRONX,,,"Our school was founded on the idea that students who can express themselves in writing can succeed in any path. Writing is another way where we leverage student voice and strengthen social justice! In addition to our inquiry-based college preparatory curriculum, students participate in regular field trips to arts institutions, overnight trips to universities, SAT prep, and enriching community-building activities. Our student services team connects students to jobs, internships, and programs that allow them to travel all over the world. We celebrate hard work, curiosity, self-expression, and service. Our graduates are critical readers and writers, fully prepared to maximize their learning and change the world.",-73.925313,10929.0,"{'type': 'Point', 'coordinates': [-73.925313, 40.813641]}",6 to 12,23
02M544,L75A,Y,,,1026841,,,,,,,,,,,,1.0,,,,,,"For Current 8th Grade Students-Open only to students who are at least 15 years of age and entering high school for the first time. For Other Students-Students must be 17-21 years of age, have a minimum of 10 credits, have passed one Regents exam, and have attended high school for at least one year.",,,,,,Yes,,,,,,,,,,,,,,,,,,,,,,1010650001,,,,MANHATTAN,,,"Independence High School embraces teaching and learning in a small, caring environment with high academic standards. We offer a multicultural, interdisciplinary curriculum with an infusion of arts and technology. Every student receives personalized counseling, with an advisor who helps them achieve goals and set post-secondary plans. Our community is actively engaged in helping students maintain academic excellence, foster self-esteem, and make healthy decisions. We nurture a passion for learning and problem-solving using Restorative Practices in an environment built on high accountability and support. Families maintain a high level of engagement with the school. Students participate in assemblies, college visits, and career fairs.",-73.989108,12081.0,"{'type': 'Point', 'coordinates': [-73.989108, 40.768343]}","School is structured on credit needs, not grade level",10
08X530,X94A,,,,2005616,,,,,,,,,,,,6.0,,,,,,,,,,,,No,,,,"CTE program(s): Digital Communication and Media/Multimedia, Legal Assistant/Paralegal",,,,,,,,,,,,,,,"Basketball, Softball","Overnight College Trips, Online and Blended Learning Classes",,2027100001,,,Priority to Bronx students or residents,BRONX,,,"Mission Statement (What we do, how we do it; our approach) We foster personal growth and academic success by learning and sharing ideas. Educators demonstrate determination, persistence, and academic curiosity by serving as facilitators in scholar's learning process. Scholars and educators are driven by the collaborative work of their peers and hold each other accountable. Families are empowered as school leaders and leveraged as experts of their children's' needs. Educators and school leaders collaboratively build career and college readiness curriculum for students and families. Scholars, educators, and families build trusting relationships to collaborate as equal partners in students' learning process.",-73.898212,10937.0,"{'type': 'Point', 'coordinates': [-73.898212, 40.817512]}",9 to 12,24
18K563,L36A,Y,,,3104598,,,,,,,Open to New York City residents,,,,Y,4.0,,,,,,,,44.0,,,Health Professions,Yes,,,Y,,,,,,22.0,,,13.0,,,,,,,"Basketball, Bowling, Cross Country, Flag Football, Outdoor Track, Soccer, Swimming, Volleyball","Art, Music, Regents Prep, SAT Prep, Early College Program, CUNY College Now, Swimming, Lifeguard Classes, Homework Center, Field trips, Advisory, Restorative Justice classes, Peer Mediation",,3047420001,,,Open to New York City residents,BROOKLYN,,,"It Takes A Village Academy is a supportive learning community that prepares students with the advanced skills, knowledge and confidence to become positive and responsible global citizens by cultivating in them ITAVA's 4 Core Values - Communication, Character, Critical Thinking and Civic Responsibility. Our focus is College and Career Readiness which is facilitated by our Early College programs with Medgar Evers College, LIU, Berkeley, Monroe College and Kingsborough Community College. We provide rigorous curriculum emphasizing; Medical Professions, Sciences and Technology. We currently provide many Advanced Placement (AP) courses, internships and a robust after school and Saturday Academy geared to building critical thinking skills.",-73.922171,16866.0,"{'type': 'Point', 'coordinates': [-73.922171, 40.648657]}",9 to 12,40
18K642,L50A,,,,3230949,,,,,,,,,,,,2.0,,,,,,,,,,,,No,,,,,,,,,,,,,,,,,,,"Basketball, Indoor Track, Outdoor Track, Rugby, Soccer, Softball, Volleyball, Wrestling",APEX online credit bearing classes,,3082220001,,,Open to New York City residents,BROOKLYN,,,"The focus of Urban Action Academy is to provide students with a holistic college preparatory education that centers on themes of social justice and social action. Our academic program builds and strengthens our students' self-confidence by instilling a sense of civic-minded urgency in each student. Based on social issues they're passionate about, UAA students become public ambassadors and engage in local and broader community social action and change engagements.",-73.898254,13827.0,"{'type': 'Point', 'coordinates': [-73.898254, 40.641474]}",9 to 12,42
