property_id,office_weekly_operating_hours,multifamily_housing_number_5,net_emissions_metric_tons,retail_store_cash_register,food_service_gross_floor,address_2,primary_property_type_epa,non_refrigerated_warehouse,data_center_pdu_input_meter,municipally_supplied_potable_1,supermarket_grocery_gross,property_floor_area_building,weather_normalized_site,retail_store_gross_floor,national_median_source_eui,electricity_use_generated_1,national_median_energy_star,fast_food_restaurant_gross,pre_school_daycare_gross,data_center_national_median,multifamily_housing_percent_1,fuel_oil_1_use_kbtu,hospital_general_medical_1,kerosene_use_kbtu,bar_nightclub_gross_floor,vocational_school_gross_floor,nyc_borough_block_and_lot,data_center_it_site_energy,senior_care_community_gross,data_center_it_source_energy,occupancy,hospital_general_medical_4,multifamily_housing_number_3,census_tract,medical_office_gross_floor,total_ghg_emissions_metric,energy_power_station_gross,avoided_emissions_onsite,hospital_general_medical,manufacturing_industrial,municipally_supplied_potable_3,longitude,percent_of_electricity_that,water_wastewater_investment,retail_store_computer_density,weather_normalized_site_eui,personal_services_health,indoor_water_use_all_water,hospital_general_medical_3,courthouse_gross_floor_area,hospital_general_medical_6,social_meeting_hall_gross,hospital_general_medical_9,borough,outpatient_rehabilitation,year_built,data_center_it_energy,restaurant_weekly_operating,fuel_oil_2_use_kbtu,estimated_data_flag_fuel,worship_facility_gross_floor,mailing_center_post_office,hospital_general_medical_12,estimated_data_flag_fuel_2,fuel_oil_no_2_cost
2562923,Not Available,0,593.9,Not Available,Not Available,Not Available,Multifamily Housing,Not Available,Not Available,Not Available,Not Available,61554,5.6,Not Available,181.2,Not Available,50,Not Available,Not Available,Not Available,20,Not Available,Not Available,Not Available,Not Available,Not Available,2-03210-0080,Not Available,Not Available,Not Available,100,Not Available,3.54161,250.0,Not Available,593.9,Not Available,Not Available,Not Available,Not Available,3.55,-73.853325,0,Not Available,Not Available,119.8,Not Available,218.2,Not Available,Not Available,Not Available,Not Available,Not Available,BRONX,Not Available,1920,Not Available,Not Available,Not Available,Not Available,Not Available,Not Available,Not Available,Not Available,Not Available
2388616,Not Available,1.15482,434.6,Not Available,Not Available,Not Available,Multifamily Housing,Not Available,Not Available,Not Available,Not Available,83130,5.3,Not Available,129.1,Not Available,50,Not Available,Not Available,Not Available,100,Not Available,Not Available,Not Available,Not Available,Not Available,1008910077,Not Available,Not Available,Not Available,100,Not Available,1.0225,80.0,Not Available,434.6,Not Available,Not Available,Not Available,Not Available,Not Available,-73.979457,0,Not Available,Not Available,Not Available,Not Available,Not Available,Not Available,Not Available,Not Available,Not Available,Not Available,MANHATTAN,Not Available,1957,Not Available,Not Available,4068916.1,No,Not Available,Not Available,Not Available,No,89923.42
2546474,Not Available,Not Available,454.8,Not Available,Not Available,Not Available,K-12 School,Not Available,Not Available,Not Available,Not Available,85000,Not Available,Not Available,150,Not Available,50,Not Available,Not Available,Not Available,Not Available,Not Available,Not Available,Not Available,Not Available,Not Available,1015030059,Not Available,Not Available,Not Available,100,Not Available,Not Available,16001.0,Not Available,454.8,Not Available,Not Available,Not Available,Not Available,Not Available,-73.956837,0,Not Available,Not Available,Not Available,Not Available,Not Available,Not Available,Not Available,Not Available,Not Available,Not Available,MANHATTAN,Not Available,1990,Not Available,Not Available,Not Available,Not Available,Not Available,Not Available,Not Available,Not Available,Not Available
2433308,44.16,Not Available,1394.7,0,Not Available,Not Available,Office,Not Available,Not Available,Not Available,Not Available,699577,5.4,3873,148.1,Not Available,50,Not Available,Not Available,Not Available,Not Available,Not Available,Not Available,Not Available,Not Available,Not Available,1009930022,Not Available,Not Available,Not Available,100,Not Available,Not Available,113.0,Not Available,1394.7,Not Available,Not Available,Not Available,Not Available,Not Available,-73.986028,0,Not Available,0,24.6,Not Available,Not Available,Not Available,Not Available,Not Available,Not Available,Not Available,MANHATTAN,Not Available,1915,Not Available,Not Available,Not Available,Not Available,Not Available,Not Available,Not Available,Not Available,Not Available
1407339,61.69,Not Available,4622.3,Not Available,Not Available,Not Available,Office,Not Available,Not Available,Not Available,Not Available,769421,16,Not Available,268.1,Not Available,50,Not Available,Not Available,Not Available,Not Available,Not Available,Not Available,Not Available,Not Available,Not Available,1-01297-0033,Not Available,Not Available,Not Available,100,Not Available,Not Available,92.0,Not Available,4622.3,Not Available,Not Available,Not Available,Not Available,Not Available,-73.974252,0,Not Available,Not Available,76.9,Not Available,Not Available,Not Available,Not Available,Not Available,Not Available,Not Available,MANHATTAN,Not Available,1951,Not Available,Not Available,Not Available,Not Available,Not Available,Not Available,Not Available,Not Available,Not Available
2290301,79.83,Not Available,17227.7,0.27086,Not Available,,Office,Not Available,Not Available,Not Available,Not Available,1750740,18.5,184594,294.2,Not Available,50,Not Available,Not Available,Not Available,Not Available,Not Available,Not Available,Not Available,Not Available,Not Available,1013087501,Not Available,Not Available,Not Available,100,Not Available,Not Available,100.0,Not Available,17227.7,Not Available,Not Available,Not Available,Not Available,19.09,-73.970914,0,Not Available,0.35212,132.8,Not Available,33417,Not Available,Not Available,Not Available,Not Available,Not Available,MANHATTAN,Not Available,1976,Not Available,70,Not Available,Not Available,Not Available,Not Available,Not Available,Not Available,Not Available
1846654,60,Not Available,1661.7,Not Available,Not Available,Not Available,Office,Not Available,Not Available,Not Available,Not Available,263067,Not Available,Not Available,286.6,Not Available,50,Not Available,Not Available,Not Available,Not Available,Not Available,Not Available,Not Available,Not Available,Not Available,1012870052,Not Available,Not Available,Not Available,100,Not Available,Not Available,102.0,Not Available,1661.7,Not Available,Not Available,Not Available,Not Available,Not Available,-73.974877,0,Not Available,Not Available,Not Available,Not Available,Not Available,Not Available,Not Available,Not Available,Not Available,Not Available,MANHATTAN,Not Available,1985,Not Available,Not Available,Not Available,Not Available,Not Available,Not Available,Not Available,Not Available,Not Available
2630976,Not Available,0,36.5,Not Available,Not Available,Not Available,Multifamily Housing,Not Available,Not Available,Not Available,Not Available,39667,3.2,Not Available,110.3,Not Available,50,Not Available,Not Available,Not Available,Not Available,Not Available,Not Available,Not Available,Not Available,Not Available,5005930590,Not Available,Not Available,Not Available,100,Not Available,1.26049,39.0,Not Available,36.5,Not Available,Not Available,Not Available,Not Available,Not Available,-74.091487,0,Not Available,Not Available,11.2,Not Available,Not Available,Not Available,Not Available,Not Available,Not Available,Not Available,STATEN IS,Not Available,1951,Not Available,Not Available,Not Available,Not Available,Not Available,Not Available,Not Available,Not Available,Not Available
2640560,Not Available,0,Not Available,Not Available,Not Available,Not Available,Multifamily Housing,Not Available,Not Available,Not Available,Not Available,12150,Not Available,Not Available,127.9,Not Available,50,Not Available,Not Available,Not Available,Not Available,Not Available,Not Available,Not Available,Not Available,Not Available,4076580002,Not Available,Not Available,Not Available,100,Not Available,2.13992,1377.0,Not Available,Not Available,Not Available,Not Available,Not Available,Not Available,Not Available,-73.753823,Not Available,Not Available,Not Available,Not Available,Not Available,Not Available,Not Available,Not Available,Not Available,Not Available,Not Available,QUEENS,Not Available,1949,Not Available,Not Available,Not Available,Not Available,Not Available,Not Available,Not Available,Not Available,Not Available
2425340,Not Available,Not Available,0,Not Available,Not Available,Not Available,Residence Hall/Dormitory,Not Available,Not Available,Not Available,Not Available,104570,12.4,Not Available,114.9,Not Available,50,Not Available,Not Available,Not Available,Not Available,Not Available,Not Available,Not Available,Not Available,Not Available,1004107501,Not Available,Not Available,Not Available,100,Not Available,Not Available,18.0,Not Available,Not Available,Not Available,Not Available,Not Available,Not Available,Not Available,-73.988864,0,Not Available,Not Available,Not Available,Not Available,Not Available,Not Available,Not Available,Not Available,Not Available,Not Available,MANHATTAN,Not Available,2008,Not Available,Not Available,Not Available,Not Available,Not Available,Not Available,Not Available,Not Available,Not Available
2640585,Not Available,0,282,Not Available,Not Available,Not Available,Multifamily Housing,Not Available,Not Available,Not Available,Not Available,16000,13.3,Not Available,235.2,Not Available,50,Not Available,Not Available,Not Available,100,Not Available,Not Available,Not Available,Not Available,Not Available,4071170006,Not Available,Not Available,Not Available,100,Not Available,5.5,1347.0,Not Available,282,Not Available,Not Available,Not Available,Not Available,Not Available,-73.779583,0,Not Available,Not Available,304,Not Available,Not Available,Not Available,Not Available,Not Available,Not Available,Not Available,QUEENS,Not Available,1950,Not Available,Not Available,Not Available,Not Available,Not Available,Not Available,Not Available,Not Available,Not Available
1577267,45.73,Not Available,884,0.3,Not Available,Not Available,Office,Not Available,Not Available,Not Available,Not Available,89978,22.8,16692,221.9,Not Available,50,Not Available,Not Available,Not Available,Not Available,Not Available,Not Available,Not Available,Not Available,Not Available,1012900001,Not Available,Not Available,Not Available,100,Not Available,Not Available,102.0,Not Available,884,Not Available,Not Available,Not Available,Not Available,32.22,-73.975295,0,Not Available,0.2,123.3,Not Available,2899.1,Not Available,Not Available,Not Available,Not Available,Not Available,MANHATTAN,Not Available,1926,Not Available,Not Available,Not Available,Not Available,Not Available,Not Available,Not Available,Not Available,Not Available
1674432,65.58,Not Available,6007.7,Not Available,Not Available,Not Available,Office,Not Available,Not Available,Not Available,Not Available,837431,22.1,Not Available,335.6,Not Available,50,Not Available,Not Available,Not Available,Not Available,Not Available,Not Available,Not Available,Not Available,Not Available,1-01268-7501,1828231,Not Available,19587081.5,100,Not Available,Not Available,104.0,Not Available,6007.7,Not Available,Not Available,Not Available,Not Available,18.24,-73.977937,0,Not Available,Not Available,89,Not Available,15276.7,Not Available,Not Available,Not Available,Not Available,Not Available,MANHATTAN,Not Available,1986,Uninterruptible Power Supply (UPS) supports only IT Equipment (preferred),Not Available,Not Available,Not Available,Not Available,Not Available,Not Available,Not Available,Not Available
2607207,Not Available,1.17006,1184.2,Not Available,Not Available,Not Available,Multifamily Housing,Not Available,Not Available,Not Available,Not Available,147001,19.4,Not Available,149.8,Not Available,50,Not Available,Not Available,Not Available,70,Not Available,Not Available,Not Available,Not Available,Not Available,3070140002,Not Available,Not Available,Not Available,100,Not Available,1.95917,326.0,Not Available,1184.2,Not Available,Not Available,Not Available,Not Available,Not Available,-73.991357,0,Not Available,Not Available,111,Not Available,Not Available,Not Available,Not Available,Not Available,Not Available,Not Available,BROOKLYN,Not Available,1974,Not Available,Not Available,Not Available,Not Available,Not Available,Not Available,Not Available,Not Available,Not Available
1443214,Not Available,1.0373,7540.9,Not Available,Not Available,Not Available,Multifamily Housing,Not Available,Not Available,Not Available,Not Available,887879,12.1,Not Available,146,Not Available,50,Not Available,Not Available,Not Available,100,Not Available,Not Available,Not Available,Not Available,Not Available,1010890001,Not Available,Not Available,Not Available,100,Not Available,1.91468,117.0,Not Available,7540.9,Not Available,Not Available,Not Available,Not Available,31.11,-73.999917,0,Not Available,Not Available,131.3,Not Available,27620.6,Not Available,Not Available,Not Available,Not Available,Not Available,MANHATTAN,Not Available,2000,Not Available,Not Available,4838694,No,Not Available,Not Available,Not Available,Not Available,Not Available
1703401,65,Not Available,1260.7,0.38839,Not Available,Not Available,Office,Not Available,Not Available,Not Available,Not Available,246476,17.5,10299,278.1,Not Available,50,Not Available,Not Available,Not Available,Not Available,Not Available,Not Available,Not Available,Not Available,Not Available,1-01289-0052,Not Available,Not Available,Not Available,100,Not Available,Not Available,102.0,Not Available,1260.7,Not Available,Not Available,Not Available,Not Available,8.18,-73.973415,0,Not Available,0.58258,59.6,Not Available,2015.4,Not Available,Not Available,Not Available,Not Available,Not Available,MANHATTAN,Not Available,1986,Not Available,Not Available,Not Available,Not Available,Not Available,Not Available,Not Available,Not Available,Not Available
2397693,45.56,Not Available,700.6,0.2,Not Available,Not Available,Office,Not Available,Not Available,Not Available,Not Available,82065,14.2,5000,231.8,Not Available,50,Not Available,Not Available,Not Available,Not Available,Not Available,Not Available,Not Available,Not Available,Not Available,1-01311-0050,Not Available,Not Available,Not Available,100,Not Available,Not Available,11203.0,10750,700.6,Not Available,Not Available,Not Available,Not Available,Not Available,-73.968898,0,Not Available,1.2,110.3,Not Available,Not Available,Not Available,Not Available,Not Available,Not Available,Not Available,MANHATTAN,Not Available,1929,Not Available,Not Available,Not Available,Not Available,Not Available,Not Available,Not Available,Not Available,Not Available
2383271,65,0.56728,1211.8,Not Available,Not Available,Not Available,Multifamily Housing,Not Available,Not Available,Not Available,Not Available,191569,17.6,Not Available,123.2,Not Available,50,Not Available,Not Available,Not Available,100,Not Available,Not Available,Not Available,Not Available,Not Available,1013667501,Not Available,Not Available,Not Available,100,Not Available,1.0189,10601.0,Not Available,1211.8,Not Available,Not Available,Not Available,Not Available,Not Available,-73.963761,0,Not Available,Not Available,Not Available,Not Available,Not Available,Not Available,Not Available,Not Available,Not Available,Not Available,MANHATTAN,Not Available,1983,Not Available,Not Available,Not Available,Not Available,Not Available,Not Available,Not Available,No,Not Available
1819903,Not Available,Not Available,6048.3,Not Available,Not Available,Not Available,College/University,Not Available,Not Available,Not Available,Not Available,628399,13.4,Not Available,262.6,Not Available,50,Not Available,Not Available,Not Available,Not Available,Not Available,Not Available,Not Available,Not Available,Not Available,1001020001,Not Available,Not Available,Not Available,100,Not Available,Not Available,1501.0,Not Available,6048.3,Not Available,Not Available,Not Available,Not Available,Not Available,-74.005955,0,Not Available,Not Available,133.8,Not Available,Not Available,Not Available,Not Available,Not Available,Not Available,Not Available,MANHATTAN,Not Available,1964,Not Available,Not Available,Not Available,Not Available,Not Available,Not Available,Not Available,Not Available,Not Available
1802295,72,Not Available,7698.9,0.35288,Not Available,Not Available,Office,Not Available,Not Available,Not Available,Not Available,957883,23,36840,335,Not Available,50,Not Available,Not Available,Not Available,Not Available,Not Available,Not Available,Not Available,Not Available,Not Available,1010130029,187476.1,Not Available,2008559.2,100,Not Available,Not Available,113.0,Not Available,7698.9,Not Available,Not Available,Not Available,Not Available,27.35,-73.987208,0,Not Available,0.43431,100.5,Not Available,26196.7,Not Available,Not Available,Not Available,Not Available,Not Available,MANHATTAN,Not Available,2001,Uninterruptible Power Supply (UPS) supports only IT Equipment (preferred),Not Available,Not Available,Not Available,Not Available,Not Available,Not Available,Not Available,Not Available
2614206,Not Available,Not Available,4854.2,Not Available,Not Available,Not Available,Hotel,Not Available,Not Available,Not Available,Not Available,521218,15.9,Not Available,161.6,Not Available,50,Not Available,Not Available,Not Available,Not Available,Not Available,Not Available,Not Available,Not Available,Not Available,1011137502,Not Available,Not Available,Not Available,100,Not Available,Not Available,145.0,Not Available,4854.2,Not Available,Not Available,Not Available,Not Available,Not Available,-73.981588,0,Not Available,Not Available,127.3,Not Available,Not Available,Not Available,Not Available,Not Available,Not Available,Not Available,MANHATTAN,Not Available,1960,Not Available,Not Available,Not Available,Not Available,Not Available,Not Available,Not Available,Not Available,Not Available
2435222,53.94,Not Available,6599.7,0.68692,Not Available,Not Available,Hotel,Not Available,Not Available,Not Available,Not Available,793262,16.3,13102,218.8,Not Available,50,Not Available,Not Available,Not Available,Not Available,Not Available,Not Available,Not Available,Not Available,Not Available,1010200046,Not Available,Not Available,Not Available,100,Not Available,Not Available,125.0,Not Available,6599.7,Not Available,Not Available,Not Available,Not Available,13.68,-73.985189,0,Not Available,0.38162,111.4,Not Available,10853.1,Not Available,Not Available,Not Available,Not Available,Not Available,MANHATTAN,Not Available,1989,Not Available,Not Available,Not Available,Not Available,Not Available,Not Available,Not Available,Not Available,Not Available
2606031,Not Available,0.96465,359,Not Available,Not Available,Not Available,Multifamily Housing,Not Available,Not Available,Not Available,Not Available,89505,3.8,Not Available,137.5,Not Available,50,Not Available,Not Available,Not Available,100,Not Available,Not Available,Not Available,Not Available,Not Available,2-02478-0007,Not Available,Not Available,Not Available,100,Not Available,1.54109,195.0,Not Available,359,Not Available,Not Available,Not Available,Not Available,66.18,-73.922213,0,Not Available,Not Available,64.8,Not Available,5923.1,Not Available,Not Available,Not Available,4500,Not Available,BRONX,Not Available,2007,Not Available,Not Available,Not Available,Not Available,Not Available,Not Available,Not Available,Not Available,Not Available
2558912,Not Available,0,301.1,Not Available,Not Available,Not Available,Multifamily Housing,Not Available,Not Available,Not Available,Not Available,70400,3.7,Not Available,122.8,Not Available,50,Not Available,Not Available,Not Available,100,Not Available,Not Available,Not Available,Not Available,Not Available,2-03233-0090,Not Available,Not Available,Not Available,100,Not Available,1.02273,257.0,Not Available,301.1,Not Available,Not Available,Not Available,Not Available,Not Available,-73.913829,0,Not Available,Not Available,Not Available,Not Available,Not Available,Not Available,Not Available,Not Available,Not Available,Not Available,BRONX,Not Available,1932,Not Available,Not Available,Not Available,Not Available,Not Available,Not Available,Not Available,No,Not Available
2633414,77,Not Available,1231.8,Not Available,Not Available,Not Available,Office,Not Available,Not Available,Not Available,Not Available,149292,14.2,Not Available,258,Not Available,50,Not Available,Not Available,Not Available,Not Available,Not Available,Not Available,Not Available,Not Available,Not Available,1-01276-0051,Not Available,Not Available,Not Available,100,Not Available,Not Available,82.0,Not Available,1231.8,Not Available,Not Available,Not Available,Not Available,Not Available,-73.979496,0,Not Available,Not Available,Not Available,Not Available,Not Available,Not Available,Not Available,Not Available,Not Available,Not Available,MANHATTAN,Not Available,1917,Not Available,Not Available,8269235.9,No,Not Available,Not Available,Not Available,Not Available,0
2388507,Not Available,0.89264,2231.2,Not Available,Not Available,Not Available,Multifamily Housing,Not Available,Not Available,Not Available,Not Available,246461,11.6,Not Available,135.4,Not Available,50,Not Available,Not Available,Not Available,100,Not Available,Not Available,Not Available,Not Available,Not Available,1011647501,Not Available,Not Available,Not Available,100,Not Available,1.52965,159.0,Not Available,2231.2,Not Available,Not Available,Not Available,Not Available,Not Available,-73.982412,0,Not Available,Not Available,133,Not Available,Not Available,Not Available,Not Available,Not Available,Not Available,Not Available,MANHATTAN,Not Available,1938,Not Available,Not Available,4608095.9,No,Not Available,Not Available,Not Available,Not Available,Not Available
2640596,Not Available,0,264.1,Not Available,Not Available,Not Available,Multifamily Housing,Not Available,Not Available,Not Available,Not Available,14671,14,Not Available,250,Not Available,50,Not Available,Not Available,Not Available,100,Not Available,Not Available,Not Available,Not Available,Not Available,4071170006,Not Available,Not Available,Not Available,100,Not Available,5.99823,1347.0,Not Available,264.1,Not Available,Not Available,Not Available,Not Available,Not Available,-73.776498,0,Not Available,Not Available,311.9,Not Available,Not Available,Not Available,Not Available,Not Available,Not Available,Not Available,QUEENS,Not Available,1950,Not Available,Not Available,Not Available,Not Available,Not Available,Not Available,Not Available,Not Available,Not Available
1802367,119,Not Available,2276.5,Not Available,Not Available,Not Available,Office,Not Available,Not Available,Not Available,Not Available,332960,17.6,Not Available,418.6,Not Available,50,Not Available,Not Available,Not Available,Not Available,Not Available,Not Available,Not Available,Not Available,Not Available,1005780047,Not Available,Not Available,Not Available,100,Not Available,Not Available,37.0,Not Available,2276.5,Not Available,Not Available,Not Available,Not Available,Not Available,-74.007753,0,Not Available,Not Available,90.6,Not Available,Not Available,Not Available,Not Available,Not Available,Not Available,Not Available,MANHATTAN,Not Available,1929,Not Available,Not Available,1691612.9,No,Not Available,Not Available,Not Available,Not Available,Not Available
1733452,55,Not Available,727.7,0.81511,Not Available,Not Available,Office,Not Available,Not Available,0.24,Not Available,226421,11.4,14722,314,Not Available,50,Not Available,Not Available,Not Available,Not Available,Not Available,Not Available,Not Available,Not Available,Not Available,1013940001,Not Available,Not Available,Not Available,100,Not Available,Not Available,11402.0,Not Available,727.7,Not Available,Not Available,Not Available,Not Available,18.8,-73.969641,0,Not Available,3.05665,38.9,Not Available,4256.6,Not Available,Not Available,Not Available,Not Available,Not Available,MANHATTAN,Not Available,1947,Not Available,Not Available,Not Available,Not Available,Not Available,Not Available,Not Available,Not Available,Not Available
2598081,91,Not Available,818.6,0.64691,Not Available,Not Available,Office,Not Available,Not Available,Not Available,Not Available,63456,43.9,24733,340.9,Not Available,50,Not Available,Not Available,Not Available,Not Available,Not Available,Not Available,Not Available,Not Available,Not Available,1012580040,Not Available,Not Available,Not Available,100,Not Available,Not Available,96.0,Not Available,818.6,Not Available,Not Available,Not Available,Not Available,19.43,-73.980538,0,Not Available,0.80864,156.3,Not Available,1233,Not Available,Not Available,Not Available,Not Available,Not Available,MANHATTAN,Not Available,1954,Not Available,Not Available,Not Available,Not Available,Not Available,Not Available,Not Available,Not Available,Not Available
2384168,Not Available,0.21471,712.3,0.4,Not Available,Not Available,Multifamily Housing,Not Available,Not Available,Not Available,Not Available,116779,10.3,5000,97.7,Not Available,50,Not Available,Not Available,Not Available,90,Not Available,Not Available,Not Available,Not Available,Not Available,1013780048,Not Available,Not Available,Not Available,100,Not Available,0.30417,122.0,Not Available,712.3,Not Available,Not Available,Not Available,Not Available,Not Available,-73.96891,0,Not Available,0.2,Not Available,Not Available,Not Available,Not Available,Not Available,Not Available,Not Available,Not Available,MANHATTAN,Not Available,1910,Not Available,Not Available,Not Available,Not Available,Not Available,Not Available,Not Available,No,Not Available
2632856,77,Not Available,782.7,Not Available,Not Available,Not Available,Office,Not Available,Not Available,Not Available,Not Available,102513,14.1,Not Available,248.2,Not Available,50,Not Available,Not Available,Not Available,Not Available,Not Available,Not Available,Not Available,Not Available,Not Available,1-01043-0013,Not Available,Not Available,Not Available,100,Not Available,Not Available,133.0,Not Available,782.7,Not Available,Not Available,Not Available,Not Available,Not Available,-73.986712,0,Not Available,Not Available,88.2,Not Available,Not Available,Not Available,Not Available,Not Available,Not Available,Not Available,MANHATTAN,Not Available,1929,Not Available,Not Available,5053757.2,No,Not Available,Not Available,Not Available,No,2211.82
2615609,Not Available,0,2245.2,Not Available,Not Available,Not Available,Multifamily Housing,Not Available,Not Available,Not Available,Not Available,401868,5.2,Not Available,136.1,Not Available,50,Not Available,Not Available,Not Available,90,Not Available,Not Available,Not Available,Not Available,Not Available,4014180001,Not Available,Not Available,Not Available,100,Not Available,1.52289,339.0,Not Available,2245.2,Not Available,Not Available,Not Available,Not Available,22.43,-73.879989,0,Not Available,Not Available,Not Available,Not Available,9012.5,Not Available,Not Available,Not Available,Not Available,Not Available,QUEENS,Not Available,1952,Not Available,Not Available,3120952.9,No,Not Available,Not Available,Not Available,Not Available,81825.28
2640550,Not Available,0,106.6,Not Available,Not Available,Not Available,Multifamily Housing,Not Available,Not Available,Not Available,Not Available,27600,3,Not Available,136.4,Not Available,50,Not Available,Not Available,Not Available,Not Available,Not Available,Not Available,Not Available,Not Available,Not Available,4076600002,Not Available,Not Available,Not Available,100,Not Available,2.17391,1377.0,Not Available,106.6,Not Available,Not Available,Not Available,Not Available,Not Available,-73.752226,0,Not Available,Not Available,65.4,Not Available,Not Available,Not Available,Not Available,Not Available,Not Available,Not Available,QUEENS,Not Available,1949,Not Available,Not Available,Not Available,Not Available,Not Available,Not Available,Not Available,Not Available,Not Available
1467490,60,Not Available,2034.5,0.55984,Not Available,Not Available,Office,Not Available,Not Available,Not Available,Not Available,333984,13.8,30366,148.1,Not Available,50,Not Available,Not Available,Not Available,Not Available,Not Available,Not Available,Not Available,Not Available,Not Available,1012930026,Not Available,Not Available,Not Available,100,Not Available,Not Available,11202.0,Not Available,2034.5,Not Available,Not Available,Not Available,Not Available,18.85,-73.97228,0,Not Available,0.32932,76.3,Not Available,6294,Not Available,Not Available,Not Available,Not Available,Not Available,MANHATTAN,Not Available,1929,Not Available,Not Available,Not Available,Not Available,Not Available,Not Available,Not Available,Not Available,Not Available
2612493,55,Not Available,597.5,Not Available,Not Available,Not Available,Office,Not Available,Not Available,Not Available,Not Available,98456,10.8,Not Available,273.2,Not Available,50,Not Available,Not Available,Not Available,Not Available,Not Available,Not Available,Not Available,Not Available,Not Available,1-00839-0016,Not Available,Not Available,Not Available,100,Not Available,Not Available,,Not Available,597.5,Not Available,Not Available,Not Available,Not Available,Not Available,,0,Not Available,Not Available,70.5,Not Available,Not Available,Not Available,Not Available,Not Available,Not Available,Not Available,,Not Available,1927,Not Available,Not Available,Not Available,Not Available,Not Available,Not Available,Not Available,Not Available,Not Available
2614203,Not Available,0.55741,3274,Not Available,Not Available,Not Available,Multifamily Housing,Not Available,Not Available,Not Available,Not Available,507707,6.8,Not Available,118.2,Not Available,50,Not Available,Not Available,Not Available,100,Not Available,Not Available,Not Available,Not Available,Not Available,1014237501,Not Available,Not Available,Not Available,100,Not Available,0.85679,118.0,Not Available,3274,Not Available,Not Available,Not Available,Not Available,Not Available,-73.961892,0,Not Available,Not Available,91.4,Not Available,Not Available,Not Available,Not Available,Not Available,Not Available,Not Available,MANHATTAN,Not Available,1999,Not Available,Not Available,Not Available,Not Available,Not Available,Not Available,Not Available,Not Available,Not Available
2606277,60,Not Available,3065.8,Not Available,Not Available,Not Available,Office,Not Available,Not Available,Not Available,Not Available,499919,12.9,Not Available,281.9,Not Available,50,Not Available,Not Available,Not Available,Not Available,Not Available,Not Available,Not Available,Not Available,Not Available,1013210001,Not Available,Not Available,Not Available,100,Not Available,Not Available,90.0,Not Available,3065.8,Not Available,Not Available,Not Available,Not Available,Not Available,-73.972056,0,Not Available,Not Available,77,Not Available,Not Available,Not Available,Not Available,Not Available,Not Available,Not Available,MANHATTAN,Not Available,1964,Not Available,Not Available,Not Available,Not Available,Not Available,Not Available,Not Available,Not Available,Not Available
2591915,65,Not Available,2046.6,0.3,Not Available,Not Available,Office,Not Available,Not Available,Not Available,Not Available,247919,13.3,21556,252.3,Not Available,50,Not Available,Not Available,Not Available,Not Available,Not Available,Not Available,Not Available,Not Available,Not Available,1-01263-0071,Not Available,Not Available,Not Available,100,Not Available,Not Available,96.0,Not Available,2046.6,Not Available,Not Available,Not Available,Not Available,20.94,-73.981504,0,Not Available,0.2,110.8,Not Available,5192.2,Not Available,Not Available,Not Available,Not Available,Not Available,MANHATTAN,Not Available,1964,Not Available,Not Available,Not Available,Not Available,Not Available,Not Available,Not Available,Not Available,Not Available
2638917,Not Available,0.32845,341.7,Not Available,Not Available,Not Available,Multifamily Housing,Not Available,Not Available,Not Available,Not Available,57847,6.5,Not Available,127.9,Not Available,50,Not Available,Not Available,Not Available,100,Not Available,Not Available,Not Available,Not Available,Not Available,1013970001,Not Available,Not Available,Not Available,100,Not Available,0.5359,11402.0,Not Available,341.7,Not Available,Not Available,Not Available,Not Available,Not Available,-73.968135,0,Not Available,Not Available,89.6,Not Available,Not Available,Not Available,Not Available,Not Available,Not Available,Not Available,MANHATTAN,Not Available,1957,Not Available,Not Available,759000,No,Not Available,Not Available,Not Available,Not Available,0
2634038,62.81,Not Available,502.8,Not Available,Not Available,Not Available,Office,Not Available,Not Available,0.63,Not Available,62604,13,Not Available,236.8,Not Available,50,Not Available,Not Available,Not Available,Not Available,3692674,Not Available,Not Available,Not Available,Not Available,1008330054,Not Available,Not Available,Not Available,90,Not Available,Not Available,76.0,Not Available,502.8,Not Available,Not Available,Not Available,Not Available,47.58,-73.986426,0,Not Available,Not Available,94.5,Not Available,2978.7,Not Available,Not Available,Not Available,Not Available,Not Available,MANHATTAN,Not Available,1908,Not Available,Not Available,Not Available,Not Available,Not Available,Not Available,Not Available,Not Available,Not Available
2638799,Not Available,0.52419,469.6,Not Available,Not Available,Not Available,Multifamily Housing,Not Available,Not Available,Not Available,Not Available,55800,5.5,Not Available,119.8,Not Available,50,Not Available,Not Available,Not Available,100,Not Available,Not Available,Not Available,Not Available,Not Available,1001430021,Not Available,Not Available,Not Available,100,Not Available,0.97072,39.0,Not Available,469.6,Not Available,Not Available,Not Available,Not Available,Not Available,-74.010559,0,Not Available,Not Available,114.6,Not Available,Not Available,Not Available,Not Available,Not Available,Not Available,Not Available,MANHATTAN,Not Available,1929,Not Available,Not Available,Not Available,Not Available,Not Available,Not Available,Not Available,Not Available,Not Available
2590317,Not Available,0,9.9,Not Available,Not Available,Not Available,Multifamily Housing,Not Available,Not Available,Not Available,Not Available,70000,0.4,Not Available,119.8,Not Available,50,Not Available,Not Available,Not Available,100,Not Available,Not Available,Not Available,Not Available,Not Available,1012100055,Not Available,Not Available,Not Available,100,Not Available,1.4,165.0,Not Available,9.9,Not Available,Not Available,Not Available,Not Available,29.12,-73.977002,0,Not Available,Not Available,1.8,Not Available,2038.6,Not Available,Not Available,Not Available,Not Available,Not Available,MANHATTAN,Not Available,1930,Not Available,Not Available,Not Available,No,Not Available,Not Available,Not Available,No,Not Available
1575272,56.23,Not Available,3077.7,Not Available,Not Available,Not Available,Financial Office,Not Available,Not Available,Not Available,Not Available,473329,17.4,Not Available,287.8,Not Available,50,Not Available,Not Available,Not Available,Not Available,Not Available,Not Available,Not Available,Not Available,Not Available,1-01290-0021,Not Available,Not Available,Not Available,100,Not Available,Not Available,102.0,Not Available,3077.7,Not Available,Not Available,Not Available,Not Available,Not Available,-73.973454,0,Not Available,Not Available,80.9,Not Available,Not Available,Not Available,Not Available,Not Available,Not Available,Not Available,MANHATTAN,Not Available,1981,Not Available,Not Available,Not Available,Not Available,Not Available,Not Available,Not Available,Not Available,Not Available
2638782,Not Available,1.48938,814.7,Not Available,Not Available,Not Available,Multifamily Housing,Not Available,Not Available,Not Available,Not Available,128798,6,Not Available,127.9,Not Available,50,Not Available,Not Available,Not Available,100,Not Available,Not Available,Not Available,Not Available,Not Available,1013330042,Not Available,Not Available,Not Available,100,Not Available,2.17498,88.0,1900,814.7,Not Available,Not Available,Not Available,Not Available,Not Available,-73.972383,0,Not Available,Not Available,102.8,Not Available,Not Available,Not Available,Not Available,Not Available,Not Available,Not Available,MANHATTAN,Not Available,1906,Not Available,Not Available,0,No,Not Available,Not Available,Not Available,No,0
2616219,62.52,Not Available,1273.2,Not Available,Not Available,Not Available,Office,Not Available,Not Available,Not Available,Not Available,221890,15.8,Not Available,256.9,Not Available,50,Not Available,Not Available,Not Available,Not Available,Not Available,Not Available,Not Available,Not Available,Not Available,1008410001,Not Available,Not Available,Not Available,100,Not Available,Not Available,84.0,Not Available,1273.2,Not Available,Not Available,Not Available,Not Available,11.23,-73.985411,0,Not Available,Not Available,70.5,Not Available,2491,Not Available,Not Available,Not Available,Not Available,Not Available,MANHATTAN,Not Available,1925,Not Available,Not Available,Not Available,Not Available,Not Available,Not Available,Not Available,No,Not Available
1356549,44.39,Not Available,1998.5,Not Available,Not Available,Not Available,Office,Not Available,Not Available,Not Available,Not Available,292061,14.9,Not Available,274.1,Not Available,50,5478,Not Available,Not Available,Not Available,Not Available,Not Available,Not Available,Not Available,Not Available,1-00861-0044,Not Available,Not Available,Not Available,100,Not Available,Not Available,74.0,Not Available,1998.5,Not Available,Not Available,Not Available,Not Available,Not Available,-73.982515,0,Not Available,Not Available,Not Available,Not Available,Not Available,Not Available,Not Available,Not Available,Not Available,Not Available,MANHATTAN,Not Available,1925,Not Available,Not Available,Not Available,Not Available,Not Available,Not Available,Not Available,Not Available,Not Available
2640583,Not Available,0,310,Not Available,Not Available,Not Available,Multifamily Housing,Not Available,Not Available,Not Available,Not Available,13800,17.5,Not Available,264.6,Not Available,50,Not Available,Not Available,Not Available,100,Not Available,Not Available,Not Available,Not Available,Not Available,4071170002,Not Available,Not Available,Not Available,100,Not Available,7.31884,1347.0,Not Available,310,Not Available,Not Available,Not Available,Not Available,Not Available,-73.783512,0,Not Available,Not Available,389.1,Not Available,Not Available,Not Available,Not Available,Not Available,Not Available,Not Available,QUEENS,Not Available,1949,Not Available,Not Available,Not Available,Not Available,Not Available,Not Available,Not Available,Not Available,Not Available
2640569,Not Available,0,80.8,Not Available,Not Available,Not Available,Multifamily Housing,Not Available,Not Available,Not Available,Not Available,10875,5.2,Not Available,127.9,Not Available,50,Not Available,Not Available,Not Available,Not Available,Not Available,Not Available,Not Available,Not Available,Not Available,4076720002,Not Available,Not Available,Not Available,100,Not Available,2.2069,1377.0,Not Available,80.8,Not Available,Not Available,Not Available,Not Available,Not Available,-73.749407,0,Not Available,Not Available,127.3,Not Available,Not Available,Not Available,Not Available,Not Available,Not Available,Not Available,QUEENS,Not Available,1949,Not Available,Not Available,Not Available,Not Available,Not Available,Not Available,Not Available,Not Available,Not Available
2632792,Not Available,0.6269,4087.4,Not Available,Not Available,Not Available,Multifamily Housing,Not Available,Not Available,Not Available,39071,603754,13.3,Not Available,162.1,Not Available,50,Not Available,Not Available,Not Available,100,Not Available,Not Available,Not Available,Not Available,Not Available,1-00774-7501,Not Available,Not Available,Not Available,100,Not Available,0.91733,91.0,Not Available,4087.4,Not Available,Not Available,Not Available,Not Available,Not Available,-73.994919,0,Not Available,Not Available,100.4,Not Available,Not Available,Not Available,Not Available,Not Available,Not Available,Not Available,MANHATTAN,Not Available,1910,Not Available,Not Available,Not Available,Not Available,Not Available,Not Available,Not Available,No,Not Available
2387307,Not Available,0.82334,1004.5,0.24579,Not Available,Not Available,Multifamily Housing,Not Available,Not Available,Not Available,Not Available,170888,6.9,8137,130.9,Not Available,50,Not Available,Not Available,Not Available,100,Not Available,Not Available,Not Available,Not Available,Not Available,1014090040,Not Available,Not Available,Not Available,100,Not Available,1.31489,128.0,Not Available,1004.5,Not Available,Not Available,Not Available,Not Available,Not Available,-73.959478,0,Not Available,0.24579,81.9,Not Available,Not Available,Not Available,Not Available,Not Available,Not Available,Not Available,MANHATTAN,Not Available,1961,Not Available,Not Available,Not Available,Not Available,Not Available,Not Available,Not Available,No,Not Available
2536772,65,Not Available,768.4,Not Available,Not Available,Not Available,Office,Not Available,Not Available,Not Available,Not Available,74010,16.8,Not Available,232.7,Not Available,50,Not Available,Not Available,Not Available,Not Available,Not Available,Not Available,Not Available,Not Available,Not Available,1012620045,Not Available,Not Available,Not Available,100,Not Available,Not Available,96.0,Not Available,768.4,Not Available,Not Available,Not Available,Not Available,Not Available,-73.979245,0,Not Available,Not Available,Not Available,Not Available,Not Available,Not Available,Not Available,Not Available,Not Available,Not Available,MANHATTAN,Not Available,1923,Not Available,Not Available,Not Available,Not Available,Not Available,Not Available,Not Available,No,Not Available
2388675,Not Available,1.65128,430.3,Not Available,Not Available,Not Available,Multifamily Housing,Not Available,Not Available,Not Available,Not Available,69643,5.6,Not Available,160.4,Not Available,50,Not Available,Not Available,Not Available,100,Not Available,Not Available,Not Available,Not Available,Not Available,1010460038,Not Available,Not Available,Not Available,100,Not Available,1.86666,139.0,Not Available,430.3,Not Available,Not Available,Not Available,Not Available,Not Available,-73.984,0,Not Available,Not Available,80.2,Not Available,Not Available,Not Available,Not Available,Not Available,Not Available,Not Available,MANHATTAN,Not Available,1964,Not Available,Not Available,4112813.6,No,Not Available,Not Available,Not Available,No,Not Available
2630973,Not Available,0,191.3,Not Available,Not Available,Not Available,Multifamily Housing,Not Available,Not Available,Not Available,Not Available,22033,6.6,Not Available,129.7,Not Available,50,Not Available,Not Available,Not Available,Not Available,Not Available,Not Available,Not Available,Not Available,Not Available,5005950015,Not Available,Not Available,Not Available,100,Not Available,1.81546,39.0,Not Available,191.3,Not Available,Not Available,Not Available,Not Available,Not Available,-74.093009,0,Not Available,Not Available,147.3,Not Available,Not Available,Not Available,Not Available,Not Available,Not Available,Not Available,STATEN IS,Not Available,1921,Not Available,Not Available,Not Available,Not Available,Not Available,Not Available,Not Available,Not Available,Not Available
2383935,Not Available,1.21258,105756.1,Not Available,Not Available,Not Available,Multifamily Housing,Not Available,Not Available,Not Available,Not Available,170711,11.8,Not Available,136.2,Not Available,50,Not Available,Not Available,Not Available,100,Not Available,Not Available,Not Available,Not Available,Not Available,1013037501,Not Available,Not Available,Not Available,100,Not Available,1.28287,92.0,Not Available,105756.1,Not Available,Not Available,Not Available,Not Available,Not Available,-73.972774,0,Not Available,Not Available,11614.9,Not Available,Not Available,Not Available,Not Available,Not Available,Not Available,Not Available,MANHATTAN,Not Available,1985,Not Available,Not Available,Not Available,Not Available,Not Available,Not Available,Not Available,Not Available,Not Available
2386773,Not Available,0.67,555.7,Not Available,Not Available,Not Available,Multifamily Housing,Not Available,Not Available,Not Available,Not Available,102900,4.2,Not Available,127.9,Not Available,50,Not Available,Not Available,Not Available,100,Not Available,Not Available,Not Available,Not Available,Not Available,1014970041,Not Available,Not Available,Not Available,100,Not Available,1.22,15001.0,2900,555.7,Not Available,Not Available,Not Available,Not Available,Not Available,-73.957313,0,Not Available,Not Available,Not Available,Not Available,Not Available,Not Available,Not Available,Not Available,Not Available,Not Available,MANHATTAN,Not Available,1957,Not Available,Not Available,Not Available,Not Available,Not Available,Not Available,Not Available,Not Available,Not Available
2630958,Not Available,0,1997.4,Not Available,Not Available,Not Available,Multifamily Housing,Not Available,Not Available,Not Available,Not Available,316890,3.9,Not Available,170,Not Available,50,Not Available,Not Available,Not Available,Not Available,Not Available,Not Available,Not Available,Not Available,Not Available,3064690001,Not Available,Not Available,Not Available,100,Not Available,2.90006,286.0,Not Available,1997.4,Not Available,Not Available,Not Available,Not Available,Not Available,-74.001826,0,Not Available,Not Available,108.8,Not Available,Not Available,Not Available,Not Available,Not Available,Not Available,Not Available,BROOKLYN,Not Available,1948,Not Available,Not Available,Not Available,Not Available,Not Available,Not Available,Not Available,Not Available,Not Available
2590256,67.49,Not Available,385.2,Not Available,Not Available,Not Available,Office,Not Available,Not Available,Not Available,Not Available,152439,9,Not Available,231.7,Not Available,50,Not Available,Not Available,Not Available,Not Available,Not Available,Not Available,Not Available,Not Available,Not Available,1007880011,Not Available,Not Available,Not Available,100,Not Available,Not Available,113.0,Not Available,385.2,Not Available,Not Available,Not Available,Not Available,Not Available,-73.990468,0,Not Available,Not Available,30.7,Not Available,Not Available,Not Available,Not Available,Not Available,Not Available,Not Available,MANHATTAN,Not Available,1925,Not Available,Not Available,Not Available,Not Available,Not Available,Not Available,Not Available,No,Not Available
2640563,Not Available,0,Not Available,Not Available,Not Available,Not Available,Multifamily Housing,Not Available,Not Available,Not Available,Not Available,12150,Not Available,Not Available,127.9,Not Available,50,Not Available,Not Available,Not Available,Not Available,Not Available,Not Available,Not Available,Not Available,Not Available,4076580002,Not Available,Not Available,Not Available,100,Not Available,2.13992,1377.0,Not Available,Not Available,Not Available,Not Available,Not Available,Not Available,Not Available,-73.753833,Not Available,Not Available,Not Available,Not Available,Not Available,Not Available,Not Available,Not Available,Not Available,Not Available,Not Available,QUEENS,Not Available,1949,Not Available,Not Available,Not Available,Not Available,Not Available,Not Available,Not Available,Not Available,Not Available
2587287,Not Available,Not Available,382.6,Not Available,Not Available,Not Available,Self-Storage Facility,Not Available,Not Available,Not Available,Not Available,131835,4.7,Not Available,47.6,Not Available,50,Not Available,Not Available,Not Available,Not Available,Not Available,Not Available,Not Available,Not Available,Not Available,1-00694-0047,Not Available,Not Available,Not Available,100,Not Available,Not Available,99.0,Not Available,382.6,Not Available,Not Available,Not Available,Not Available,Not Available,-74.005305,0,Not Available,Not Available,42.3,Not Available,Not Available,Not Available,Not Available,Not Available,Not Available,Not Available,MANHATTAN,Not Available,1931,Not Available,Not Available,Not Available,Not Available,Not Available,Not Available,Not Available,Not Available,Not Available
1261461,72,Not Available,10512.8,0.68912,Not Available,Not Available,Office,Not Available,Not Available,Not Available,Not Available,1071012,27.3,11609,446.3,Not Available,50,Not Available,Not Available,Not Available,Not Available,Not Available,Not Available,Not Available,Not Available,Not Available,1-01276-0058,5589362.6,Not Available,59882642.3,100,Not Available,Not Available,82.0,Not Available,10512.8,Not Available,Not Available,Not Available,Not Available,1.86,-73.979712,0,Not Available,0.8614,122.9,Not Available,1988.9,Not Available,Not Available,Not Available,Not Available,Not Available,MANHATTAN,Not Available,2003,Uninterruptible Power Supply (UPS) supports only IT Equipment (preferred),Not Available,Not Available,Not Available,Not Available,Not Available,Not Available,Not Available,Not Available
2598352,Not Available,0.86759,739.5,Not Available,Not Available,Not Available,Multifamily Housing,Not Available,Not Available,Not Available,Not Available,102972,6.6,Not Available,140.2,Not Available,50,Not Available,Not Available,Not Available,100,Not Available,Not Available,Not Available,Not Available,Not Available,1-01206-7501,Not Available,Not Available,Not Available,100,Not Available,1.57188,177.0,5000,739.5,Not Available,Not Available,Not Available,Not Available,Not Available,-73.966491,0,Not Available,Not Available,91.4,Not Available,Not Available,Not Available,Not Available,Not Available,Not Available,Not Available,MANHATTAN,Not Available,1929,Not Available,Not Available,7186543.2,No,Not Available,Not Available,Not Available,No,162425.08
2533060,Not Available,0.63191,0,Not Available,Not Available,Not Available,Multifamily Housing,Not Available,Not Available,Not Available,Not Available,425421,9.4,Not Available,127.9,Not Available,50,Not Available,Not Available,Not Available,100,Not Available,Not Available,Not Available,Not Available,Not Available,1011717505,Not Available,Not Available,Not Available,100,Not Available,1.14267,151.0,Not Available,Not Available,Not Available,Not Available,Not Available,Not Available,Not Available,-73.989721,0,Not Available,Not Available,Not Available,Not Available,Not Available,Not Available,Not Available,Not Available,Not Available,Not Available,MANHATTAN,Not Available,2007,Not Available,Not Available,Not Available,Not Available,Not Available,Not Available,Not Available,Not Available,Not Available
2503315,Not Available,Not Available,2014.7,Not Available,Not Available,Not Available,Medical Office,Not Available,Not Available,Not Available,Not Available,108161,53.5,Not Available,362.7,Not Available,50,Not Available,Not Available,Not Available,Not Available,Not Available,Not Available,Not Available,Not Available,Not Available,1-00969-0005,Not Available,Not Available,Not Available,100,Not Available,Not Available,8601.0,108161,2014.7,Not Available,Not Available,Not Available,Not Available,53.27,-73.971854,0,Not Available,Not Available,233.1,Not Available,5762,Not Available,Not Available,Not Available,Not Available,Not Available,MANHATTAN,Not Available,1965,Not Available,Not Available,Not Available,Not Available,Not Available,Not Available,Not Available,Not Available,Not Available
2636732,Not Available,Not Available,832.9,Not Available,Not Available,Not Available,College/University,Not Available,Not Available,Not Available,Not Available,27358,16.6,Not Available,262.6,Not Available,50,Not Available,Not Available,Not Available,Not Available,Not Available,Not Available,Not Available,Not Available,Not Available,1007960058,Not Available,Not Available,Not Available,100,Not Available,Not Available,87.0,Not Available,832.9,Not Available,Not Available,Not Available,Not Available,Not Available,-73.994818,0,Not Available,Not Available,Not Available,Not Available,Not Available,Not Available,Not Available,Not Available,Not Available,Not Available,MANHATTAN,Not Available,1910,Not Available,Not Available,Not Available,Not Available,Not Available,Not Available,Not Available,Not Available,Not Available
2561172,Not Available,1.13367,1055.2,Not Available,Not Available,Not Available,Multifamily Housing,Not Available,Not Available,Not Available,Not Available,149955,17.4,Not Available,146.2,Not Available,50,Not Available,Not Available,Not Available,70,Not Available,Not Available,Not Available,Not Available,Not Available,3070520014,Not Available,Not Available,Not Available,100,Not Available,1.86723,342.0,Not Available,1055.2,Not Available,Not Available,Not Available,Not Available,Not Available,-73.995033,0,Not Available,Not Available,94.5,Not Available,Not Available,Not Available,Not Available,Not Available,Not Available,Not Available,BROOKLYN,Not Available,1975,Not Available,Not Available,Not Available,Not Available,Not Available,Not Available,Not Available,Not Available,Not Available
1560916,59.07,Not Available,1091.8,Not Available,Not Available,130 East 59th Street,Office,Not Available,Not Available,Not Available,Not Available,269470,11.3,Not Available,243.7,Not Available,50,Not Available,Not Available,Not Available,Not Available,Not Available,Not Available,Not Available,Not Available,Not Available,1013137502,Not Available,Not Available,Not Available,95,Not Available,Not Available,11203.0,Not Available,1091.8,Not Available,Not Available,Not Available,Not Available,Not Available,-73.968407,0,Not Available,Not Available,49.1,Not Available,Not Available,Not Available,Not Available,Not Available,Not Available,Not Available,MANHATTAN,Not Available,1953,Not Available,Not Available,Not Available,Not Available,Not Available,Not Available,Not Available,Not Available,Not Available
1845411,42.48,Not Available,5161.9,Not Available,Not Available,Not Available,Office,Not Available,Not Available,Not Available,Not Available,538141,19.5,Not Available,265.3,Not Available,50,1500,Not Available,Not Available,Not Available,Not Available,Not Available,Not Available,Not Available,Not Available,1013130005,Not Available,Not Available,Not Available,95,Not Available,Not Available,11203.0,70434,5161.9,Not Available,Not Available,Not Available,Not Available,Not Available,-73.969157,0,Not Available,Not Available,138.4,Not Available,Not Available,Not Available,Not Available,Not Available,Not Available,Not Available,MANHATTAN,Not Available,1969,Not Available,Not Available,Not Available,Not Available,Not Available,Not Available,Not Available,Not Available,Not Available
1407884,50,Not Available,1671.8,Not Available,Not Available,Sute 200,Office,Not Available,Not Available,Not Available,Not Available,373640,15.8,Not Available,283.4,Not Available,50,1835,Not Available,Not Available,Not Available,Not Available,Not Available,Not Available,Not Available,Not Available,1-01008-7503,Not Available,Not Available,Not Available,100,Not Available,Not Available,137.0,Not Available,1671.8,Not Available,Not Available,Not Available,Not Available,Not Available,-73.979813,0,Not Available,Not Available,53.8,Not Available,Not Available,Not Available,Not Available,Not Available,Not Available,Not Available,MANHATTAN,Not Available,1988,Not Available,70,Not Available,Not Available,Not Available,Not Available,Not Available,Not Available,Not Available
2640580,Not Available,Not Available,357.8,Not Available,Not Available,Not Available,Not Available,Not Available,Not Available,Not Available,Not Available,Not Available,Not Available,Not Available,Not Available,Not Available,50,Not Available,Not Available,Not Available,Not Available,Not Available,Not Available,Not Available,Not Available,Not Available,4008940030,Not Available,Not Available,Not Available,100,Not Available,Not Available,105.0,Not Available,357.8,Not Available,Not Available,Not Available,Not Available,Not Available,-73.915256,0,Not Available,Not Available,Not Available,Not Available,Not Available,Not Available,Not Available,Not Available,Not Available,Not Available,QUEENS,Not Available,1949,Not Available,Not Available,Not Available,Not Available,Not Available,Not Available,Not Available,Not Available,Not Available
2383927,Not Available,0.60947,1321.8,Not Available,Not Available,Not Available,Multifamily Housing,Not Available,Not Available,Not Available,Not Available,259240,8.6,Not Available,127.7,Not Available,50,Not Available,Not Available,Not Available,90,Not Available,Not Available,Not Available,Not Available,Not Available,1011257502,Not Available,Not Available,Not Available,100,Not Available,1.21895,157.0,Not Available,1321.8,Not Available,Not Available,Not Available,Not Available,Not Available,-73.977748,0,Not Available,Not Available,Not Available,Not Available,Not Available,Not Available,Not Available,Not Available,Not Available,Not Available,MANHATTAN,Not Available,1925,Not Available,Not Available,Not Available,No,Not Available,Not Available,Not Available,Not Available,Not Available
2595904,Not Available,0,310.2,Not Available,Not Available,Not Available,Multifamily Housing,Not Available,Not Available,Not Available,Not Available,65000,4.5,Not Available,119.8,Not Available,50,Not Available,Not Available,Not Available,100,Not Available,Not Available,Not Available,Not Available,Not Available,1-00892-0020,Not Available,Not Available,Not Available,100,Not Available,1.4,80.0,Not Available,310.2,Not Available,Not Available,Not Available,Not Available,50.5,-73.978494,0,Not Available,Not Available,63.3,Not Available,3282.4,Not Available,Not Available,Not Available,Not Available,Not Available,MANHATTAN,Not Available,1956,Not Available,Not Available,2914983,No,Not Available,Not Available,Not Available,Not Available,Not Available
2605684,168,Not Available,12944.7,Not Available,Not Available,Not Available,Office,Not Available,Not Available,Not Available,Not Available,324836,45.8,Not Available,304.5,Not Available,50,Not Available,Not Available,Not Available,Not Available,Not Available,Not Available,Not Available,Not Available,Not Available,1021390051,Not Available,Not Available,Not Available,100,Not Available,Not Available,,Not Available,12944.7,Not Available,Not Available,Not Available,Not Available,Not Available,,0,Not Available,Not Available,558.6,Not Available,Not Available,Not Available,Not Available,Not Available,Not Available,Not Available,,Not Available,1976,Not Available,Not Available,Not Available,Not Available,Not Available,Not Available,Not Available,Not Available,Not Available
2639329,Not Available,0,394.2,Not Available,Not Available,Not Available,Multifamily Housing,Not Available,Not Available,Not Available,Not Available,70200,5.3,Not Available,131.6,Not Available,50,Not Available,Not Available,Not Available,100,Not Available,Not Available,Not Available,Not Available,Not Available,2-04252-0052,Not Available,Not Available,Not Available,100,Not Available,1.4,300.0,Not Available,394.2,Not Available,Not Available,Not Available,Not Available,34.77,-73.828128,0,Not Available,Not Available,71.5,Not Available,2441,Not Available,Not Available,Not Available,Not Available,Not Available,BRONX,Not Available,1927,Not Available,Not Available,Not Available,Not Available,Not Available,Not Available,Not Available,Not Available,Not Available
2598266,Not Available,1.26482,1622.3,Not Available,Not Available,Not Available,Multifamily Housing,Not Available,Not Available,Not Available,Not Available,151009,6.9,Not Available,144.5,Not Available,50,Not Available,Not Available,Not Available,100,Not Available,Not Available,Not Available,Not Available,Not Available,1014410017,Not Available,Not Available,Not Available,100,Not Available,1.26482,118.0,Not Available,1622.3,Not Available,Not Available,Not Available,Not Available,Not Available,-73.960247,0,Not Available,Not Available,149.8,Not Available,Not Available,Not Available,Not Available,Not Available,Not Available,Not Available,MANHATTAN,Not Available,1965,Not Available,Not Available,Not Available,Not Available,Not Available,Not Available,Not Available,Not Available,Not Available
1600063,53.89,Not Available,14801.3,0.21082,Not Available,Not Available,Office,Not Available,Not Available,Not Available,Not Available,1196354,16.7,47434,245.9,Not Available,50,Not Available,Not Available,Not Available,Not Available,Not Available,Not Available,Not Available,Not Available,Not Available,1-01292-0015,Not Available,Not Available,Not Available,100,Not Available,Not Available,11202.0,Not Available,14801.3,Not Available,Not Available,Not Available,Not Available,12.44,-73.972479,0,Not Available,0,88.3,Not Available,14878.8,Not Available,Not Available,Not Available,Not Available,Not Available,MANHATTAN,Not Available,1980,Not Available,Not Available,Not Available,Not Available,Not Available,Not Available,Not Available,Not Available,Not Available
2609568,Not Available,Not Available,490.7,Not Available,Not Available,Not Available,Residence Hall/Dormitory,Not Available,Not Available,Not Available,Not Available,111285,5.3,Not Available,145.8,Not Available,50,Not Available,Not Available,Not Available,Not Available,Not Available,Not Available,Not Available,Not Available,Not Available,2-05779-0801,Not Available,Not Available,Not Available,100,Not Available,Not Available,335.0,Not Available,490.7,Not Available,Not Available,Not Available,Not Available,Not Available,-73.904431,0,Not Available,Not Available,70.6,Not Available,Not Available,Not Available,Not Available,Not Available,Not Available,Not Available,BRONX,Not Available,1962,Not Available,Not Available,Not Available,Not Available,Not Available,Not Available,Not Available,No,Not Available
11809,99.27,Not Available,13612.9,0.23861,Not Available,Not Available,Office,Not Available,Not Available,Not Available,Not Available,1601977,23.2,62864,327.5,Not Available,50,Not Available,Not Available,Not Available,Not Available,Not Available,Not Available,Not Available,Not Available,Not Available,1009950005,Not Available,Not Available,Not Available,100,Not Available,Not Available,119.0,Not Available,13661.8,Not Available,Not Available,Not Available,Not Available,Not Available,-73.986244,0.3567626,Not Available,0.39768,113.6,Not Available,Not Available,Not Available,Not Available,Not Available,Not Available,Not Available,MANHATTAN,Not Available,1999,Not Available,Not Available,Not Available,Not Available,Not Available,Not Available,Not Available,Not Available,Not Available
2008836,Not Available,0.61442,2513.8,Not Available,Not Available,Not Available,Multifamily Housing,Not Available,Not Available,Not Available,6420,457771,4.3,Not Available,148.1,Not Available,50,Not Available,Not Available,Not Available,100,Not Available,Not Available,Not Available,Not Available,Not Available,1-00016-7517,Not Available,Not Available,Not Available,100,Not Available,1.25332,31704.0,Not Available,2513.8,Not Available,Not Available,Not Available,Not Available,Not Available,-74.016519,0,Not Available,Not Available,95.1,Not Available,Not Available,Not Available,Not Available,Not Available,Not Available,Not Available,MANHATTAN,Not Available,2008,Not Available,Not Available,Not Available,Not Available,Not Available,Not Available,Not Available,Not Available,Not Available
2640549,Not Available,0,80.8,Not Available,Not Available,Not Available,Multifamily Housing,Not Available,Not Available,Not Available,Not Available,10875,5.2,Not Available,127.9,Not Available,50,Not Available,Not Available,Not Available,Not Available,Not Available,Not Available,Not Available,Not Available,Not Available,4076720002,Not Available,Not Available,Not Available,100,Not Available,2.2069,1377.0,Not Available,80.8,Not Available,Not Available,Not Available,Not Available,Not Available,-73.751256,0,Not Available,Not Available,127.3,Not Available,Not Available,Not Available,Not Available,Not Available,Not Available,Not Available,QUEENS,Not Available,1949,Not Available,Not Available,Not Available,Not Available,Not Available,Not Available,Not Available,Not Available,Not Available
2600390,Not Available,0,536,Not Available,Not Available,Not Available,Multifamily Housing,Not Available,Not Available,Not Available,Not Available,119106,3.4,Not Available,119.8,Not Available,50,Not Available,Not Available,Not Available,100,Not Available,Not Available,Not Available,Not Available,Not Available,3051610033,Not Available,Not Available,Not Available,100,Not Available,1.4,514.0,Not Available,536,Not Available,Not Available,Not Available,Not Available,Not Available,-73.961258,0,Not Available,Not Available,72,Not Available,Not Available,Not Available,Not Available,Not Available,Not Available,Not Available,BROOKLYN,Not Available,1954,Not Available,Not Available,Not Available,Not Available,Not Available,Not Available,Not Available,Not Available,Not Available
2386565,Not Available,0,834.1,Not Available,Not Available,Not Available,Multifamily Housing,Not Available,Not Available,Not Available,Not Available,55115,4.8,Not Available,118.1,Not Available,50,Not Available,Not Available,Not Available,90,Not Available,Not Available,Not Available,Not Available,Not Available,1013630020,Not Available,Not Available,Not Available,100,Not Available,0.97977,8603.0,Not Available,834.1,Not Available,Not Available,Not Available,Not Available,Not Available,-73.964228,0,Not Available,Not Available,Not Available,Not Available,Not Available,Not Available,Not Available,Not Available,Not Available,Not Available,MANHATTAN,Not Available,1930,Not Available,Not Available,3961179.6,No,Not Available,Not Available,Not Available,No,87919.89
2562937,Not Available,0,431.4,Not Available,Not Available,Not Available,Multifamily Housing,Not Available,Not Available,Not Available,Not Available,67350,3.9,Not Available,181.5,Not Available,50,Not Available,Not Available,Not Available,20,Not Available,Not Available,Not Available,Not Available,Not Available,2-02808-0051,Not Available,Not Available,Not Available,100,Not Available,3.25167,250.0,Not Available,431.4,Not Available,Not Available,Not Available,Not Available,Not Available,-73.853325,0,Not Available,Not Available,105.5,Not Available,Not Available,Not Available,Not Available,Not Available,Not Available,Not Available,BRONX,Not Available,1930,Not Available,Not Available,710451.5,No,Not Available,Not Available,Not Available,Not Available,0
2602948,48.47,Not Available,146791.4,Not Available,Not Available,Not Available,Office,Not Available,Not Available,Not Available,Not Available,137580,16.5,Not Available,239.7,Not Available,50,Not Available,Not Available,Not Available,Not Available,Not Available,Not Available,Not Available,Not Available,Not Available,1-00088-00001,Not Available,Not Available,Not Available,100,Not Available,Not Available,21.0,Not Available,146791.4,Not Available,Not Available,Not Available,Not Available,Not Available,-74.008469,0,Not Available,Not Available,13630.1,Not Available,Not Available,Not Available,Not Available,Not Available,Not Available,Not Available,MANHATTAN,Not Available,1918,Not Available,Not Available,Not Available,Not Available,Not Available,Not Available,Not Available,Not Available,Not Available
2637919,Not Available,0,728.1,Not Available,Not Available,Not Available,Multifamily Housing,Not Available,Not Available,Not Available,Not Available,143418,4.4,Not Available,123.3,Not Available,50,Not Available,Not Available,Not Available,100,Not Available,Not Available,Not Available,Not Available,Not Available,3002520008,Not Available,Not Available,Not Available,100,Not Available,1.75013,301.0,Not Available,728.1,Not Available,Not Available,Not Available,Not Available,Not Available,-73.998327,0,Not Available,Not Available,80.1,Not Available,Not Available,Not Available,Not Available,Not Available,Not Available,Not Available,BROOKLYN,Not Available,1923,Not Available,Not Available,1487125.5,No,Not Available,Not Available,Not Available,Not Available,1928.93
2639199,Not Available,0,257.3,Not Available,Not Available,Not Available,Multifamily Housing,Not Available,Not Available,Not Available,Not Available,71413,3.9,Not Available,127.9,Not Available,50,Not Available,Not Available,Not Available,100,Not Available,Not Available,Not Available,Not Available,Not Available,1015170043,Not Available,Not Available,Not Available,100,Not Available,2.36797,14802.0,Not Available,257.3,Not Available,Not Available,Not Available,Not Available,Not Available,-73.953532,0,Not Available,Not Available,Not Available,Not Available,Not Available,Not Available,Not Available,Not Available,Not Available,Not Available,MANHATTAN,Not Available,1938,Not Available,Not Available,Not Available,No,Not Available,Not Available,Not Available,Not Available,Not Available
2564688,Not Available,0.15909,474,Not Available,Not Available,Not Available,Multifamily Housing,Not Available,Not Available,Not Available,Not Available,62857,16.8,Not Available,127.9,Not Available,50,Not Available,Not Available,Not Available,100,Not Available,Not Available,Not Available,Not Available,Not Available,1013797504,Not Available,Not Available,Not Available,100,Not Available,0.57273,122.0,Not Available,474,Not Available,Not Available,Not Available,Not Available,Not Available,-73.970339,0,Not Available,Not Available,98.5,Not Available,Not Available,Not Available,Not Available,Not Available,Not Available,Not Available,MANHATTAN,Not Available,1951,Not Available,Not Available,Not Available,Not Available,Not Available,Not Available,Not Available,Not Available,Not Available
2383841,Not Available,0.27388,769,Not Available,Not Available,Not Available,Multifamily Housing,Not Available,Not Available,Not Available,Not Available,153350,6.9,Not Available,124.8,Not Available,50,Not Available,Not Available,Not Available,90,Not Available,Not Available,Not Available,Not Available,Not Available,1013870001,Not Available,Not Available,Not Available,100,Not Available,0.68471,130.0,Not Available,769,Not Available,Not Available,Not Available,Not Available,Not Available,-73.966525,0,Not Available,Not Available,67.1,Not Available,Not Available,Not Available,Not Available,Not Available,Not Available,Not Available,MANHATTAN,Not Available,1959,Not Available,Not Available,Not Available,Not Available,Not Available,Not Available,Not Available,Not Available,Not Available
2559260,Not Available,1.2476,388.5,Not Available,Not Available,Not Available,Multifamily Housing,Not Available,Not Available,0.8,Not Available,80154,5.5,Not Available,136.8,Not Available,50,Not Available,Not Available,Not Available,100,Not Available,Not Available,Not Available,Not Available,Not Available,1-01063-0035,Not Available,Not Available,Not Available,100,Not Available,1.26007,133.0,Not Available,388.5,Not Available,Not Available,Not Available,Not Available,70.06,-73.987636,0,Not Available,Not Available,78.4,Not Available,5615.5,Not Available,Not Available,Not Available,Not Available,Not Available,MANHATTAN,Not Available,1993,Not Available,Not Available,Not Available,Not Available,Not Available,Not Available,Not Available,Not Available,Not Available
2636777,Not Available,0,325.1,Not Available,Not Available,Not Available,Multifamily Housing,Not Available,Not Available,7.25,Not Available,8035,25,Not Available,561.9,Not Available,50,Not Available,Not Available,Not Available,100,Not Available,Not Available,Not Available,Not Available,Not Available,3-05979-0046,Not Available,Not Available,Not Available,100,Not Available,11.69882,,Not Available,325.1,Not Available,Not Available,Not Available,Not Available,570.01,,0,Not Available,Not Available,695.9,Not Available,4580,Not Available,Not Available,Not Available,Not Available,Not Available,,Not Available,1924,Not Available,Not Available,Not Available,Not Available,Not Available,Not Available,Not Available,Not Available,Not Available
1439901,55,Not Available,1682.7,1.10957,Not Available,Not Available,Office,Not Available,Not Available,Not Available,Not Available,249187,19.4,28840,318.8,Not Available,50,Not Available,Not Available,Not Available,Not Available,Not Available,Not Available,Not Available,Not Available,Not Available,1-01278-0069,Not Available,Not Available,Not Available,95,Not Available,Not Available,94.0,Not Available,1682.7,Not Available,Not Available,Not Available,Not Available,Not Available,-73.979455,0,Not Available,0.72816,82.9,Not Available,Not Available,Not Available,Not Available,Not Available,Not Available,Not Available,MANHATTAN,Not Available,1959,Not Available,Not Available,Not Available,Not Available,Not Available,Not Available,Not Available,Not Available,Not Available
2608470,Not Available,0.90315,353.3,Not Available,Not Available,Not Available,Multifamily Housing,Not Available,Not Available,Not Available,Not Available,70863,4.1,Not Available,161,Not Available,50,Not Available,Not Available,Not Available,100,Not Available,Not Available,Not Available,Not Available,Not Available,1-02057-0039,Not Available,Not Available,Not Available,100,Not Available,2.49778,227.0,Not Available,353.3,Not Available,Not Available,Not Available,Not Available,64.6,-73.948482,0,Not Available,Not Available,82,Not Available,4578.1,Not Available,Not Available,Not Available,Not Available,Not Available,MANHATTAN,Not Available,1916,Not Available,Not Available,Not Available,Not Available,Not Available,Not Available,Not Available,Not Available,Not Available
2054784,60,Not Available,1684.4,Not Available,Not Available,Not Available,Office,Not Available,Not Available,Not Available,Not Available,208203,Not Available,Not Available,148.1,Not Available,50,Not Available,Not Available,Not Available,Not Available,Not Available,Not Available,Not Available,Not Available,Not Available,1013360031,Not Available,Not Available,Not Available,100,Not Available,Not Available,88.0,Not Available,1684.4,Not Available,Not Available,Not Available,Not Available,26.95,-73.970116,0,Not Available,Not Available,Not Available,Not Available,5611.1,Not Available,Not Available,Not Available,Not Available,Not Available,MANHATTAN,Not Available,1987,Uninterruptible Power Supply (UPS) supports only IT Equipment (preferred),40,Not Available,Not Available,Not Available,Not Available,Not Available,Not Available,Not Available
2637884,Not Available,0.89532,1005.1,Not Available,Not Available,Not Available,Multifamily Housing,Not Available,Not Available,Not Available,Not Available,178893,6.5,Not Available,129.4,Not Available,50,Not Available,Not Available,Not Available,100,Not Available,Not Available,Not Available,Not Available,Not Available,1011240042,Not Available,Not Available,Not Available,100,Not Available,1.30543,157.0,Not Available,1005.1,Not Available,Not Available,Not Available,Not Available,32.93,-73.976889,0,Not Available,Not Available,89.4,Not Available,5891.7,Not Available,Not Available,Not Available,Not Available,Not Available,MANHATTAN,Not Available,1950,Not Available,Not Available,1748000.1,No,Not Available,Not Available,Not Available,Not Available,4710.34
2606988,Not Available,0,271.7,Not Available,Not Available,Not Available,Multifamily Housing,Not Available,Not Available,Not Available,Not Available,68000,3.5,Not Available,117.8,Not Available,50,Not Available,Not Available,Not Available,100,Not Available,Not Available,Not Available,Not Available,Not Available,3052400017,Not Available,Not Available,Not Available,100,Not Available,1.4,764.0,Not Available,271.7,Not Available,Not Available,Not Available,Not Available,Not Available,-73.957944,0,Not Available,Not Available,66.4,Not Available,Not Available,Not Available,Not Available,Not Available,Not Available,Not Available,BROOKLYN,Not Available,1931,Not Available,Not Available,Not Available,Not Available,Not Available,Not Available,Not Available,Not Available,Not Available
2386859,Not Available,0.45617,262.3,Not Available,Not Available,Not Available,Multifamily Housing,Not Available,Not Available,Not Available,Not Available,140899,3.6,Not Available,127.9,Not Available,50,Not Available,Not Available,Not Available,100,Not Available,Not Available,Not Available,Not Available,Not Available,1014430011,Not Available,Not Available,Not Available,100,Not Available,1.04776,118.0,600,262.3,Not Available,Not Available,Not Available,Not Available,Not Available,-73.959333,0,Not Available,Not Available,28,Not Available,Not Available,Not Available,Not Available,Not Available,Not Available,Not Available,MANHATTAN,Not Available,1928,Not Available,Not Available,Not Available,Not Available,Not Available,Not Available,Not Available,No,Not Available
2614608,0,Not Available,25244.4,Not Available,Not Available,Not Available,Data Center,Not Available,Not Available,Not Available,Not Available,1074536,83.2,Not Available,Not Available,Not Available,50,Not Available,Not Available,Not Available,Not Available,Not Available,Not Available,Not Available,Not Available,Not Available,1-00144-0040,Not Available,Not Available,Not Available,100,Not Available,Not Available,33.0,Not Available,25244.4,Not Available,Not Available,Not Available,Not Available,Not Available,-74.008939,0,Not Available,Not Available,283.8,Not Available,Not Available,Not Available,Not Available,Not Available,Not Available,Not Available,MANHATTAN,Not Available,1930,Uninterruptible Power Supply (UPS) supports only IT Equipment (preferred),Not Available,Not Available,Not Available,Not Available,Not Available,Not Available,No,Not Available
2558902,Not Available,0,465,Not Available,Not Available,Not Available,Multifamily Housing,Not Available,Not Available,Not Available,Not Available,90650,4.1,Not Available,128.7,Not Available,50,Not Available,Not Available,Not Available,100,Not Available,Not Available,Not Available,Not Available,Not Available,2-03233-0070,Not Available,Not Available,Not Available,100,Not Available,1.23552,257.0,Not Available,465,Not Available,Not Available,Not Available,Not Available,Not Available,-73.913243,0,Not Available,Not Available,84.2,Not Available,Not Available,Not Available,Not Available,Not Available,Not Available,Not Available,BRONX,Not Available,1940,Not Available,Not Available,Not Available,Not Available,Not Available,Not Available,Not Available,No,Not Available
2384018,Not Available,1.09654,234,Not Available,Not Available,Not Available,Multifamily Housing,Not Available,Not Available,Not Available,Not Available,185127,1.9,Not Available,125.5,Not Available,50,Not Available,Not Available,Not Available,90,Not Available,Not Available,Not Available,Not Available,Not Available,1013907502,Not Available,Not Available,Not Available,100,Not Available,0.9453,130.0,Not Available,234,Not Available,Not Available,Not Available,Not Available,Not Available,-73.963296,0,Not Available,Not Available,19.3,Not Available,Not Available,Not Available,Not Available,Not Available,Not Available,Not Available,MANHATTAN,Not Available,1982,Not Available,Not Available,Not Available,Not Available,Not Available,Not Available,Not Available,Not Available,Not Available
2614191,Not Available,0,561,Not Available,Not Available,Not Available,Multifamily Housing,Not Available,Not Available,Not Available,Not Available,112702,4.3,Not Available,155.4,Not Available,50,Not Available,Not Available,Not Available,Not Available,Not Available,Not Available,Not Available,Not Available,Not Available,3064410001,Not Available,Not Available,Not Available,100,Not Available,2.27148,282.0,Not Available,561,Not Available,Not Available,Not Available,Not Available,70.21,-74.002355,0,Not Available,Not Available,83.3,Not Available,7912.5,Not Available,Not Available,Not Available,Not Available,Not Available,BROOKLYN,Not Available,1960,Not Available,Not Available,Not Available,Not Available,Not Available,Not Available,Not Available,Not Available,Not Available
2587540,Not Available,0.68276,966,Not Available,Not Available,Not Available,Multifamily Housing,Not Available,Not Available,Not Available,Not Available,145000,3.1,Not Available,136.8,Not Available,50,Not Available,Not Available,Not Available,100,Not Available,Not Available,Not Available,Not Available,Not Available,1-01410-0033,Not Available,Not Available,Not Available,100,Not Available,1.51724,128.0,Not Available,966,Not Available,Not Available,Not Available,Not Available,Not Available,-73.959817,0,Not Available,Not Available,98.2,Not Available,Not Available,Not Available,Not Available,Not Available,Not Available,Not Available,MANHATTAN,Not Available,1962,Not Available,Not Available,Not Available,Not Available,Not Available,Not Available,Not Available,Not Available,Not Available
2598261,Not Available,0.9462,874,Not Available,Not Available,Not Available,Multifamily Housing,Not Available,Not Available,Not Available,Not Available,154301,5.9,Not Available,139.3,Not Available,50,Not Available,Not Available,Not Available,100,Not Available,Not Available,Not Available,Not Available,Not Available,1015267502,Not Available,Not Available,Not Available,100,Not Available,1.54244,138.0,Not Available,874,Not Available,Not Available,Not Available,Not Available,Not Available,-73.95623,0,Not Available,Not Available,90.4,Not Available,Not Available,Not Available,Not Available,Not Available,Not Available,Not Available,MANHATTAN,Not Available,1963,Not Available,Not Available,Not Available,Not Available,Not Available,Not Available,Not Available,No,Not Available
2586202,55,Not Available,721.3,Not Available,Not Available,Not Available,Office,Not Available,Not Available,Not Available,Not Available,125858,13.6,Not Available,221,Not Available,50,Not Available,Not Available,Not Available,Not Available,Not Available,Not Available,Not Available,Not Available,Not Available,1008670001,Not Available,Not Available,Not Available,100,Not Available,Not Available,82.0,Not Available,721.3,Not Available,Not Available,Not Available,Not Available,Not Available,-73.983098,0,Not Available,Not Available,68.9,Not Available,Not Available,Not Available,Not Available,Not Available,Not Available,Not Available,MANHATTAN,Not Available,1915,Not Available,Not Available,Not Available,Not Available,Not Available,Not Available,Not Available,No,Not Available
2631422,77,Not Available,481.5,Not Available,Not Available,Not Available,Office,Not Available,Not Available,Not Available,Not Available,92577,11.1,Not Available,245.8,Not Available,50,Not Available,Not Available,Not Available,Not Available,Not Available,Not Available,Not Available,Not Available,Not Available,1-00869-0058,Not Available,Not Available,Not Available,100,Not Available,Not Available,82.0,Not Available,481.5,Not Available,Not Available,Not Available,Not Available,Not Available,-73.980434,0,Not Available,Not Available,67.1,Not Available,Not Available,Not Available,Not Available,Not Available,Not Available,Not Available,MANHATTAN,Not Available,1927,Not Available,Not Available,Not Available,Not Available,Not Available,Not Available,Not Available,Not Available,Not Available
1843812,65,Not Available,1414.8,0.18809,Not Available,Not Available,Office,Not Available,Not Available,Not Available,Not Available,245320,20.4,21266,271.3,Not Available,50,Not Available,Not Available,Not Available,Not Available,Not Available,Not Available,Not Available,Not Available,Not Available,1-01375-0049,208304.2,Not Available,2231704.1,100,Not Available,Not Available,11401.0,Not Available,1414.8,Not Available,Not Available,Not Available,Not Available,Not Available,-73.97024,0,Not Available,0.70535,69.5,Not Available,Not Available,Not Available,Not Available,Not Available,Not Available,Not Available,MANHATTAN,Not Available,1985,Uninterruptible Power Supply (UPS) supports only IT Equipment (preferred),Not Available,Not Available,Not Available,Not Available,Not Available,Not Available,Not Available,Not Available
2638906,Not Available,0,369.8,Not Available,Not Available,Not Available,Multifamily Housing,Not Available,Not Available,Not Available,Not Available,87732,Not Available,Not Available,130.9,Not Available,50,Not Available,Not Available,Not Available,100,Not Available,Not Available,Not Available,Not Available,Not Available,1018407501,Not Available,Not Available,Not Available,100,Not Available,2.0403,189.0,Not Available,369.8,Not Available,Not Available,Not Available,Not Available,Not Available,-73.962286,0,Not Available,Not Available,Not Available,Not Available,Not Available,Not Available,Not Available,Not Available,Not Available,Not Available,MANHATTAN,Not Available,1983,Not Available,Not Available,Not Available,Not Available,Not Available,Not Available,Not Available,Not Available,Not Available
2564792,Not Available,0.24929,Not Available,Not Available,Not Available,Not Available,Multifamily Housing,Not Available,Not Available,Not Available,Not Available,169614,Not Available,Not Available,127.9,Not Available,50,Not Available,Not Available,Not Available,100,Not Available,Not Available,Not Available,Not Available,Not Available,1004747506,Not Available,Not Available,Not Available,100,Not Available,0.51075,47.0,Not Available,Not Available,Not Available,Not Available,Not Available,Not Available,19.43,-74.00127,Not Available,Not Available,Not Available,Not Available,Not Available,3295.9,Not Available,Not Available,Not Available,Not Available,Not Available,MANHATTAN,Not Available,2005,Not Available,Not Available,Not Available,Not Available,Not Available,Not Available,Not Available,Not Available,Not Available
1272226,68.28,Not Available,26439.2,0.32891,Not Available,Not Available,Office,Not Available,Not Available,Not Available,Not Available,2486762,11.7,148978,292.1,Not Available,50,4235,Not Available,Not Available,Not Available,Not Available,Not Available,Not Available,Not Available,Not Available,1007830070,Not Available,Not Available,Not Available,100,Not Available,Not Available,101.0,Not Available,26439.2,Not Available,Not Available,Not Available,Not Available,30.39,-73.992926,0,Not Available,0.07384,164.4,Not Available,75575.4,Not Available,Not Available,Not Available,Not Available,Not Available,MANHATTAN,Not Available,1970,Not Available,87,Not Available,Not Available,Not Available,Not Available,Not Available,Not Available,Not Available
2595881,Not Available,0,269.3,Not Available,Not Available,Not Available,Multifamily Housing,Not Available,Not Available,Not Available,Not Available,57700,3.7,Not Available,120.9,Not Available,50,Not Available,Not Available,Not Available,100,Not Available,Not Available,Not Available,Not Available,Not Available,3-01059-0061,Not Available,Not Available,Not Available,100,Not Available,1.4,159.0,Not Available,269.3,Not Available,Not Available,Not Available,Not Available,43.96,-73.97334,0,Not Available,Not Available,78.8,Not Available,2536.4,Not Available,Not Available,Not Available,Not Available,Not Available,BROOKLYN,Not Available,1926,Not Available,Not Available,Not Available,Not Available,Not Available,Not Available,Not Available,Not Available,Not Available
1472193,55,Not Available,7232.8,Not Available,Not Available,Not Available,Office,Not Available,Not Available,Not Available,Not Available,1056389,13.5,Not Available,287.1,Not Available,50,Not Available,Not Available,Not Available,Not Available,Not Available,Not Available,Not Available,Not Available,Not Available,1009200012,Not Available,Not Available,Not Available,100,Not Available,Not Available,88.0,Not Available,7232.8,Not Available,Not Available,Not Available,Not Available,Not Available,-73.975682,0,Not Available,Not Available,89.2,Not Available,Not Available,Not Available,Not Available,Not Available,Not Available,Not Available,MANHATTAN,Not Available,1963,Not Available,Not Available,Not Available,Not Available,Not Available,Not Available,Not Available,Not Available,Not Available
2563502,48.86,Not Available,1201.5,Not Available,Not Available,Not Available,Office,Not Available,Not Available,Not Available,Not Available,253623,10,Not Available,228,Not Available,50,Not Available,Not Available,Not Available,Not Available,Not Available,Not Available,Not Available,Not Available,Not Available,1008560009,Not Available,Not Available,Not Available,100,Not Available,Not Available,56.0,Not Available,1201.5,Not Available,Not Available,Not Available,Not Available,Not Available,-73.98755,0,Not Available,Not Available,Not Available,Not Available,Not Available,Not Available,Not Available,Not Available,Not Available,Not Available,MANHATTAN,Not Available,1912,Not Available,Not Available,Not Available,Not Available,Not Available,Not Available,Not Available,No,Not Available
2364095,65,Not Available,3713.4,0.11775,Not Available,Not Available,Office,Not Available,Not Available,Not Available,Not Available,472505,14.6,127386,244.2,Not Available,50,Not Available,Not Available,Not Available,Not Available,Not Available,Not Available,Not Available,Not Available,Not Available,1-01266-0001,Not Available,Not Available,Not Available,100,Not Available,Not Available,104.0,Not Available,3713.4,Not Available,Not Available,Not Available,Not Available,Not Available,-73.97823,0,Not Available,0.19625,107.1,Not Available,Not Available,Not Available,Not Available,Not Available,Not Available,Not Available,MANHATTAN,Not Available,1939,Not Available,Not Available,Not Available,Not Available,Not Available,Not Available,Not Available,Not Available,Not Available
1143922,19.98,Not Available,4675.5,Not Available,Not Available,Not Available,Office,Not Available,Not Available,Not Available,Not Available,893647,14.7,Not Available,148.1,Not Available,50,Not Available,Not Available,Not Available,Not Available,Not Available,Not Available,Not Available,Not Available,Not Available,1000350010,Not Available,Not Available,Not Available,60,Not Available,Not Available,7.0,Not Available,4675.5,Not Available,Not Available,Not Available,Not Available,11.69,-74.006636,0,Not Available,Not Available,63.6,Not Available,10443.2,Not Available,Not Available,Not Available,Not Available,Not Available,MANHATTAN,Not Available,1968,Not Available,Not Available,1174476.6,No,Not Available,Not Available,Not Available,Not Available,Not Available
2544622,55,Not Available,1113.9,0.18443,Not Available,Not Available,Office,Not Available,Not Available,Not Available,Not Available,168103,12.9,10844,237.4,Not Available,50,Not Available,Not Available,Not Available,Not Available,Not Available,Not Available,Not Available,Not Available,Not Available,1008400071,Not Available,Not Available,Not Available,100,Not Available,Not Available,84.0,Not Available,1113.9,Not Available,Not Available,Not Available,Not Available,Not Available,-73.983701,0,Not Available,1.84434,Not Available,Not Available,Not Available,Not Available,Not Available,Not Available,Not Available,Not Available,MANHATTAN,Not Available,1927,Not Available,Not Available,Not Available,Not Available,Not Available,Not Available,Not Available,No,Not Available
2617131,Not Available,Not Available,798.7,Not Available,Not Available,Not Available,K-12 School,Not Available,Not Available,Not Available,Not Available,93300,5.6,Not Available,136.6,Not Available,50,Not Available,Not Available,Not Available,Not Available,Not Available,Not Available,Not Available,Not Available,Not Available,4003960010,Not Available,Not Available,Not Available,100,Not Available,Not Available,33.0,Not Available,798.7,Not Available,Not Available,Not Available,Not Available,Not Available,-73.93711,0,Not Available,Not Available,51.2,Not Available,Not Available,Not Available,Not Available,Not Available,Not Available,Not Available,QUEENS,Not Available,1920,Not Available,Not Available,1394837.6,No,15633,Not Available,Not Available,Not Available,Not Available
7365,92.85,Not Available,3054.3,0.49618,Not Available,Not Available,Office,Not Available,Not Available,Not Available,Not Available,686902,15.4,10077,307.9,Not Available,50,Not Available,Not Available,Not Available,Not Available,Not Available,Not Available,Not Available,Not Available,Not Available,1009970029,Not Available,Not Available,Not Available,100,Not Available,Not Available,119.0,Not Available,3054.3,Not Available,Not Available,Not Available,Not Available,Not Available,-73.982826,0,Not Available,1.48854,54.2,Not Available,Not Available,Not Available,Not Available,Not Available,Not Available,Not Available,MANHATTAN,Not Available,1982,Not Available,Not Available,Not Available,Not Available,Not Available,Not Available,Not Available,Not Available,Not Available
2610367,Not Available,0,493.8,Not Available,Not Available,Not Available,Multifamily Housing,Not Available,Not Available,Not Available,Not Available,99035,4,Not Available,126.6,Not Available,50,Not Available,Not Available,Not Available,90,Not Available,Not Available,Not Available,Not Available,Not Available,3050810015,Not Available,Not Available,Not Available,100,Not Available,1.22179,,Not Available,493.8,Not Available,Not Available,Not Available,Not Available,Not Available,,0,Not Available,Not Available,79.8,Not Available,Not Available,Not Available,Not Available,Not Available,Not Available,Not Available,,Not Available,1941,Not Available,Not Available,Not Available,Not Available,Not Available,Not Available,Not Available,Not Available,Not Available
2637870,Not Available,1.50137,2940.8,Not Available,Not Available,Not Available,Multifamily Housing,Not Available,Not Available,Not Available,Not Available,337575,9,Not Available,167.2,Not Available,50,Not Available,Not Available,Not Available,90,Not Available,Not Available,Not Available,Not Available,Not Available,2024610094,Not Available,Not Available,Not Available,100,Not Available,2.00514,18301.0,Not Available,2940.8,Not Available,Not Available,Not Available,Not Available,Not Available,-73.920785,0,Not Available,Not Available,115.1,Not Available,Not Available,Not Available,Not Available,Not Available,Not Available,Not Available,BRONX,Not Available,1961,Not Available,Not Available,15683975.8,No,Not Available,Not Available,Not Available,No,Not Available
1210636,51.51,Not Available,980,Not Available,Not Available,Not Available,Office,Not Available,Not Available,Not Available,Not Available,307384,Not Available,Not Available,247.3,Not Available,50,Not Available,Not Available,Not Available,Not Available,Not Available,Not Available,Not Available,Not Available,Not Available,1012870021,Not Available,Not Available,Not Available,80,Not Available,Not Available,102.0,Not Available,980,Not Available,Not Available,Not Available,Not Available,24.29,-73.974956,0,Not Available,Not Available,Not Available,Not Available,7467.4,Not Available,Not Available,Not Available,Not Available,Not Available,MANHATTAN,Not Available,1953,Not Available,Not Available,Not Available,Not Available,Not Available,Not Available,Not Available,Not Available,Not Available
2612583,Not Available,0,762.6,Not Available,Not Available,Not Available,Multifamily Housing,Not Available,Not Available,Not Available,Not Available,176670,3.4,Not Available,124.4,Not Available,50,Not Available,Not Available,Not Available,Not Available,Not Available,Not Available,Not Available,Not Available,Not Available,3051550017,Not Available,Not Available,Not Available,100,Not Available,1.13205,526.0,Not Available,762.6,Not Available,Not Available,Not Available,Not Available,Not Available,-73.966036,0,Not Available,Not Available,72.5,Not Available,Not Available,Not Available,Not Available,Not Available,Not Available,Not Available,BROOKLYN,Not Available,1959,Not Available,Not Available,Not Available,Not Available,Not Available,Not Available,Not Available,Not Available,Not Available
2614200,Not Available,0.72354,2221.5,Not Available,Not Available,Not Available,Multifamily Housing,Not Available,Not Available,Not Available,Not Available,469910,6.6,Not Available,120.1,Not Available,50,Not Available,Not Available,Not Available,100,Not Available,Not Available,Not Available,Not Available,Not Available,1010117502,Not Available,Not Available,Not Available,100,Not Available,1.0385,137.0,Not Available,2221.5,Not Available,Not Available,Not Available,Not Available,Not Available,-73.976715,0,Not Available,Not Available,63.6,Not Available,Not Available,Not Available,Not Available,Not Available,Not Available,Not Available,MANHATTAN,Not Available,1930,Not Available,Not Available,Not Available,Not Available,Not Available,Not Available,Not Available,Not Available,Not Available
2565216,55,Not Available,846.1,Not Available,Not Available,Not Available,Office,Not Available,Not Available,Not Available,Not Available,161519,11.9,Not Available,239.9,Not Available,50,Not Available,Not Available,Not Available,Not Available,Not Available,Not Available,Not Available,Not Available,Not Available,1008380076,Not Available,Not Available,Not Available,100,Not Available,Not Available,84.0,Not Available,846.1,Not Available,Not Available,Not Available,Not Available,Not Available,-73.984744,0,Not Available,Not Available,Not Available,Not Available,Not Available,Not Available,Not Available,Not Available,Not Available,Not Available,MANHATTAN,Not Available,1926,Not Available,Not Available,Not Available,Not Available,Not Available,Not Available,Not Available,No,Not Available
2634011,Not Available,0,113.1,Not Available,Not Available,Not Available,Multifamily Housing,Not Available,Not Available,Not Available,Not Available,62605,3.1,Not Available,119.8,Not Available,50,Not Available,Not Available,Not Available,100,Not Available,Not Available,Not Available,Not Available,Not Available,1018910011,Not Available,Not Available,Not Available,100,Not Available,1.4,191.0,Not Available,113.1,Not Available,Not Available,Not Available,Not Available,Not Available,-73.969812,0,Not Available,Not Available,Not Available,Not Available,Not Available,Not Available,Not Available,Not Available,Not Available,Not Available,MANHATTAN,Not Available,1926,Not Available,Not Available,Not Available,Not Available,Not Available,Not Available,Not Available,Not Available,Not Available
2429835,Not Available,Not Available,3743.7,Not Available,Not Available,Not Available,College/University,Not Available,Not Available,Not Available,Not Available,59000,14.4,Not Available,262.6,Not Available,50,Not Available,Not Available,Not Available,Not Available,Not Available,Not Available,Not Available,Not Available,Not Available,1009010048,Not Available,Not Available,Not Available,100,Not Available,Not Available,64.0,Not Available,3743.7,Not Available,Not Available,Not Available,Not Available,Not Available,-73.982592,0,Not Available,Not Available,Not Available,Not Available,Not Available,Not Available,Not Available,Not Available,Not Available,Not Available,MANHATTAN,Not Available,1925,Not Available,Not Available,Not Available,Not Available,Not Available,Not Available,Not Available,Not Available,Not Available
1775992,10.18,Not Available,2344.1,0,Not Available,Not Available,Office,6983,Not Available,Not Available,Not Available,298639,17.5,7452,148.1,Not Available,50,Not Available,Not Available,Not Available,Not Available,Not Available,Not Available,Not Available,Not Available,Not Available,1012790057,Not Available,Not Available,Not Available,100,Not Available,Not Available,94.0,Not Available,2344.1,Not Available,Not Available,Not Available,Not Available,11.13,-73.978145,0,Not Available,2.68384,100.3,Not Available,3323.6,Not Available,Not Available,Not Available,Not Available,Not Available,MANHATTAN,Not Available,1922,Not Available,Not Available,Not Available,Not Available,Not Available,Not Available,Not Available,Not Available,Not Available
2562613,51,Not Available,413.2,Not Available,Not Available,Not Available,Office,Not Available,Not Available,Not Available,Not Available,79474,12.7,Not Available,210.4,Not Available,50,Not Available,Not Available,Not Available,Not Available,Not Available,Not Available,Not Available,Not Available,Not Available,1012730012,Not Available,Not Available,Not Available,100,Not Available,Not Available,11201.0,Not Available,413.2,Not Available,Not Available,Not Available,Not Available,Not Available,-73.975279,0,Not Available,Not Available,64.2,Not Available,Not Available,Not Available,Not Available,Not Available,Not Available,Not Available,MANHATTAN,Not Available,1923,Not Available,Not Available,Not Available,Not Available,Not Available,Not Available,Not Available,Not Available,Not Available
1732083,47.23,0.67293,0,0.32979,Not Available,Not Available,Multifamily Housing,Not Available,Not Available,Not Available,Not Available,521777,10.2,15161,127.9,Not Available,50,Not Available,Not Available,Not Available,100,Not Available,Not Available,Not Available,Not Available,Not Available,1013127501,Not Available,Not Available,Not Available,100,Not Available,2.01878,11203.0,105208,Not Available,Not Available,Not Available,Not Available,Not Available,Not Available,-73.969996,0,Not Available,0.59363,Not Available,Not Available,Not Available,Not Available,Not Available,Not Available,Not Available,Not Available,MANHATTAN,Not Available,1974,Not Available,Not Available,Not Available,Not Available,Not Available,Not Available,Not Available,Not Available,Not Available
2636836,Not Available,1.28398,2339.5,Not Available,Not Available,Not Available,Multifamily Housing,Not Available,Not Available,Not Available,Not Available,218071,8.7,Not Available,148,Not Available,50,Not Available,Not Available,Not Available,80,Not Available,Not Available,Not Available,Not Available,Not Available,1012237503,Not Available,Not Available,Not Available,100,Not Available,1.79758,177.0,Not Available,2339.5,Not Available,Not Available,Not Available,Not Available,Not Available,-73.968993,0,Not Available,Not Available,134.8,Not Available,Not Available,Not Available,Not Available,Not Available,Not Available,Not Available,MANHATTAN,Not Available,1973,Not Available,Not Available,Not Available,Not Available,Not Available,Not Available,Not Available,No,Not Available
2591965,Not Available,0,1350.8,Not Available,Not Available,Not Available,Multifamily Housing,Not Available,Not Available,Not Available,Not Available,310000,5.8,Not Available,119.8,Not Available,50,Not Available,Not Available,Not Available,100,Not Available,Not Available,Not Available,Not Available,Not Available,1015250021,Not Available,Not Available,Not Available,100,Not Available,1.4,138.0,Not Available,1350.8,Not Available,Not Available,Not Available,Not Available,Not Available,-73.956346,0,Not Available,Not Available,70.8,Not Available,Not Available,Not Available,Not Available,Not Available,Not Available,Not Available,MANHATTAN,Not Available,1957,Not Available,Not Available,Not Available,Not Available,Not Available,Not Available,Not Available,Not Available,Not Available
2630774,Not Available,Not Available,715.3,Not Available,Not Available,317 East 17th Street,Medical Office,Not Available,Not Available,Not Available,Not Available,156684,16.1,Not Available,282.4,Not Available,50,Not Available,Not Available,Not Available,Not Available,Not Available,Not Available,Not Available,Not Available,Not Available,1009230011,Not Available,Not Available,Not Available,100,Not Available,Not Available,,156684,715.3,Not Available,Not Available,Not Available,Not Available,Not Available,,0,Not Available,Not Available,55,Not Available,Not Available,Not Available,Not Available,Not Available,Not Available,Not Available,,Not Available,1964,Not Available,Not Available,Not Available,Not Available,Not Available,Not Available,Not Available,Not Available,Not Available
2616221,51.72,0,528.8,Not Available,Not Available,Not Available,Office,Not Available,Not Available,Not Available,Not Available,81980,11.5,Not Available,148.1,Not Available,50,Not Available,Not Available,Not Available,100,Not Available,Not Available,Not Available,Not Available,Not Available,1008210038,Not Available,Not Available,Not Available,100,Not Available,0.55745,54.0,Not Available,528.8,Not Available,Not Available,Not Available,Not Available,Not Available,-73.991946,0,Not Available,Not Available,81.7,Not Available,Not Available,Not Available,Not Available,Not Available,Not Available,Not Available,MANHATTAN,Not Available,1900,Not Available,Not Available,Not Available,Not Available,Not Available,Not Available,Not Available,Not Available,Not Available
1501971,60.83,Not Available,3092.2,0.11639,Not Available,Not Available,Office,Not Available,Not Available,Not Available,Not Available,574857,14.6,85917,268.1,Not Available,50,Not Available,Not Available,Not Available,Not Available,Not Available,Not Available,Not Available,Not Available,Not Available,1-01271-0038,Not Available,Not Available,Not Available,100,Not Available,Not Available,104.0,Not Available,3092.2,Not Available,Not Available,Not Available,Not Available,12.58,-73.975193,0,Not Available,0.64015,67.3,Not Available,7233.7,Not Available,Not Available,Not Available,Not Available,Not Available,MANHATTAN,Not Available,1990,Not Available,Not Available,Not Available,Not Available,Not Available,Not Available,Not Available,Not Available,Not Available
2559283,Not Available,0,431.1,Not Available,Not Available,Not Available,Multifamily Housing,Not Available,Not Available,Not Available,Not Available,105000,3.2,Not Available,169.4,Not Available,50,Not Available,Not Available,Not Available,20,Not Available,Not Available,Not Available,Not Available,Not Available,2-03924-0007,Not Available,Not Available,Not Available,100,Not Available,2.74286,250.0,Not Available,431.1,Not Available,Not Available,Not Available,Not Available,Not Available,-73.853325,0,Not Available,Not Available,71.2,Not Available,Not Available,Not Available,Not Available,Not Available,Not Available,Not Available,BRONX,Not Available,1930,Not Available,Not Available,Not Available,No,Not Available,Not Available,Not Available,Not Available,Not Available
2559288,40,Not Available,191.8,Not Available,Not Available,Not Available,Non-Refrigerated Warehouse,207171,Not Available,Not Available,Not Available,235584,0.9,Not Available,48.4,Not Available,50,Not Available,Not Available,Not Available,Not Available,Not Available,Not Available,Not Available,Not Available,Not Available,2-02599-0146,Not Available,Not Available,Not Available,100,Not Available,Not Available,19.0,Not Available,191.8,Not Available,Not Available,Not Available,Not Available,0.8,-73.908734,0,Not Available,Not Available,12.7,Not Available,188.9,Not Available,Not Available,Not Available,Not Available,Not Available,BRONX,Not Available,1916,Not Available,Not Available,Not Available,Not Available,Not Available,Not Available,Not Available,Not Available,Not Available
2640557,Not Available,0,Not Available,Not Available,Not Available,Not Available,Multifamily Housing,Not Available,Not Available,Not Available,Not Available,14900,Not Available,Not Available,127.9,Not Available,50,Not Available,Not Available,Not Available,Not Available,Not Available,Not Available,Not Available,Not Available,Not Available,4076440002,Not Available,Not Available,Not Available,100,Not Available,2.01342,1377.0,Not Available,Not Available,Not Available,Not Available,Not Available,Not Available,Not Available,-73.753815,Not Available,Not Available,Not Available,Not Available,Not Available,Not Available,Not Available,Not Available,Not Available,Not Available,Not Available,QUEENS,Not Available,1949,Not Available,Not Available,Not Available,Not Available,Not Available,Not Available,Not Available,Not Available,Not Available
2366653,60,Not Available,5839.3,Not Available,Not Available,Not Available,Office,Not Available,Not Available,Not Available,Not Available,207958,13.5,Not Available,275.1,Not Available,50,Not Available,Not Available,Not Available,Not Available,Not Available,Not Available,Not Available,Not Available,Not Available,1-00882-0085,Not Available,Not Available,Not Available,100,Not Available,Not Available,68.0,Not Available,5839.3,Not Available,Not Available,Not Available,Not Available,Not Available,-73.984641,0,Not Available,Not Available,468,Not Available,Not Available,Not Available,Not Available,Not Available,Not Available,Not Available,MANHATTAN,Not Available,1910,Not Available,Not Available,Not Available,Not Available,Not Available,Not Available,Not Available,No,Not Available
2607457,Not Available,0,450.1,Not Available,Not Available,Not Available,Multifamily Housing,Not Available,Not Available,Not Available,Not Available,99680,3.8,Not Available,120.4,Not Available,50,Not Available,Not Available,Not Available,100,Not Available,Not Available,Not Available,Not Available,Not Available,3-01327-0013,Not Available,Not Available,Not Available,100,Not Available,0.93299,79801.0,Not Available,450.1,Not Available,Not Available,Not Available,Not Available,Not Available,-73.959371,0,Not Available,Not Available,74.1,Not Available,Not Available,Not Available,Not Available,Not Available,Not Available,Not Available,BROOKLYN,Not Available,1939,Not Available,Not Available,Not Available,No,Not Available,Not Available,Not Available,Not Available,Not Available
2640572,Not Available,0,Not Available,Not Available,Not Available,Not Available,Multifamily Housing,Not Available,Not Available,Not Available,Not Available,10875,Not Available,Not Available,127.9,Not Available,50,Not Available,Not Available,Not Available,Not Available,Not Available,Not Available,Not Available,Not Available,Not Available,4076720002,Not Available,Not Available,Not Available,100,Not Available,2.2069,1377.0,Not Available,Not Available,Not Available,Not Available,Not Available,Not Available,Not Available,-73.75141,Not Available,Not Available,Not Available,Not Available,Not Available,Not Available,Not Available,Not Available,Not Available,Not Available,Not Available,QUEENS,Not Available,1949,Not Available,Not Available,Not Available,Not Available,Not Available,Not Available,Not Available,Not Available,Not Available
2617715,Not Available,0,352.9,Not Available,Not Available,Not Available,Multifamily Housing,Not Available,Not Available,Not Available,Not Available,51896,3.7,Not Available,127.9,Not Available,50,Not Available,Not Available,Not Available,90,Not Available,Not Available,Not Available,Not Available,Not Available,2033180007,Not Available,Not Available,Not Available,100,Not Available,1.63789,,Not Available,352.9,Not Available,Not Available,Not Available,Not Available,81.23,,0,Not Available,Not Available,100,Not Available,4215.3,Not Available,Not Available,Not Available,Not Available,Not Available,,Not Available,1946,Not Available,Not Available,Not Available,Not Available,Not Available,Not Available,Not Available,Not Available,Not Available
2598270,Not Available,0.46502,596.1,Not Available,Not Available,Not Available,Multifamily Housing,Not Available,Not Available,Not Available,Not Available,148380,7.2,Not Available,126.4,Not Available,50,Not Available,Not Available,Not Available,100,Not Available,Not Available,Not Available,Not Available,Not Available,1011990036,Not Available,Not Available,Not Available,100,Not Available,0.9907,169.0,0,596.1,Not Available,Not Available,Not Available,Not Available,Not Available,-73.969508,0,Not Available,Not Available,61.6,Not Available,Not Available,Not Available,Not Available,Not Available,Not Available,Not Available,MANHATTAN,Not Available,1925,Not Available,Not Available,Not Available,No,Not Available,Not Available,Not Available,No,Not Available
2562930,Not Available,0,597.8,Not Available,Not Available,Not Available,Multifamily Housing,Not Available,Not Available,Not Available,Not Available,81837,3.7,Not Available,176.5,Not Available,50,Not Available,Not Available,Not Available,20,Not Available,Not Available,Not Available,Not Available,Not Available,2-02532-0043,Not Available,Not Available,Not Available,100,Not Available,2.896,,Not Available,597.8,Not Available,Not Available,Not Available,Not Available,Not Available,,0,Not Available,Not Available,93.5,Not Available,Not Available,Not Available,Not Available,Not Available,Not Available,Not Available,,Not Available,1925,Not Available,Not Available,Not Available,Not Available,Not Available,Not Available,Not Available,Not Available,Not Available
2371576,65,Not Available,1285.1,Not Available,Not Available,Not Available,Office,Not Available,Not Available,Not Available,Not Available,104232,19.4,Not Available,237.2,Not Available,50,Not Available,Not Available,Not Available,Not Available,Not Available,Not Available,Not Available,Not Available,Not Available,1-00882-0003,Not Available,Not Available,Not Available,100,Not Available,Not Available,68.0,Not Available,1285.1,Not Available,Not Available,Not Available,Not Available,Not Available,-73.984757,0,Not Available,Not Available,164.1,Not Available,Not Available,Not Available,Not Available,Not Available,Not Available,Not Available,MANHATTAN,Not Available,1910,Not Available,Not Available,Not Available,Not Available,Not Available,Not Available,Not Available,No,Not Available
2640565,Not Available,0,Not Available,Not Available,Not Available,Not Available,Multifamily Housing,Not Available,Not Available,Not Available,Not Available,12150,Not Available,Not Available,127.9,Not Available,50,Not Available,Not Available,Not Available,Not Available,Not Available,Not Available,Not Available,Not Available,Not Available,4076580002,Not Available,Not Available,Not Available,100,Not Available,2.13992,1377.0,Not Available,Not Available,Not Available,Not Available,Not Available,Not Available,Not Available,-73.752387,Not Available,Not Available,Not Available,Not Available,Not Available,Not Available,Not Available,Not Available,Not Available,Not Available,Not Available,QUEENS,Not Available,1949,Not Available,Not Available,Not Available,Not Available,Not Available,Not Available,Not Available,Not Available,Not Available
2546299,Not Available,0,339.9,Not Available,Not Available,Not Available,Multifamily Housing,Not Available,Not Available,Not Available,Not Available,62604,4,Not Available,187.1,Not Available,50,Not Available,Not Available,Not Available,100,Not Available,Not Available,Not Available,Not Available,Not Available,1-02097-0040,Not Available,Not Available,Not Available,100,Not Available,3.60999,237.0,Not Available,339.9,Not Available,Not Available,Not Available,Not Available,Not Available,-73.948374,0,Not Available,Not Available,85,Not Available,Not Available,Not Available,Not Available,Not Available,Not Available,Not Available,MANHATTAN,Not Available,1914,Not Available,Not Available,Not Available,Not Available,Not Available,Not Available,Not Available,Not Available,Not Available
2503789,50.27,Not Available,2167,Not Available,Not Available,Not Available,Office,Not Available,Not Available,Not Available,Not Available,379795,11.9,Not Available,248.1,Not Available,50,Not Available,Not Available,Not Available,Not Available,Not Available,Not Available,Not Available,Not Available,Not Available,1-00225-0008,Not Available,Not Available,Not Available,100,Not Available,Not Available,39.0,Not Available,2167,Not Available,Not Available,Not Available,Not Available,13.41,-74.00798,0,Not Available,Not Available,66.7,Not Available,5092.6,Not Available,Not Available,Not Available,Not Available,Not Available,MANHATTAN,Not Available,1928,Not Available,Not Available,12022339.8,No,Not Available,Not Available,Not Available,No,303877.1
2640586,Not Available,0,113.2,Not Available,Not Available,Not Available,Multifamily Housing,Not Available,Not Available,Not Available,Not Available,13800,6.4,Not Available,258.4,Not Available,50,Not Available,Not Available,Not Available,100,Not Available,Not Available,Not Available,Not Available,Not Available,4071170002,Not Available,Not Available,Not Available,100,Not Available,6.37681,1347.0,Not Available,113.2,Not Available,Not Available,Not Available,Not Available,Not Available,-73.779463,0,Not Available,Not Available,142.2,Not Available,Not Available,Not Available,Not Available,Not Available,Not Available,Not Available,QUEENS,Not Available,1949,Not Available,Not Available,Not Available,Not Available,Not Available,Not Available,Not Available,Not Available,Not Available
2318262,Not Available,0.98872,3113.5,Not Available,Not Available,Not Available,Multifamily Housing,Not Available,Not Available,Not Available,Not Available,428836,6.9,Not Available,133.6,Not Available,50,Not Available,Not Available,Not Available,90,Not Available,Not Available,Not Available,Not Available,Not Available,4021620122,Not Available,Not Available,Not Available,100,Not Available,1.41779,747.0,Not Available,3113.5,Not Available,Not Available,Not Available,Not Available,Not Available,-73.846767,0,Not Available,Not Available,Not Available,Not Available,Not Available,Not Available,Not Available,Not Available,Not Available,Not Available,QUEENS,Not Available,1965,Not Available,Not Available,0,No,Not Available,Not Available,Not Available,Not Available,0
2498353,68.6,Not Available,14674.2,0.4,Not Available,Not Available,Office,Not Available,Not Available,0.09,Not Available,1356306,30.2,25000,326.6,Not Available,50,Not Available,Not Available,Not Available,Not Available,Not Available,Not Available,Not Available,Not Available,Not Available,Not Available,Not Available,Not Available,Not Available,100,Not Available,Not Available,,Not Available,14674.2,Not Available,Not Available,Not Available,Not Available,20.28,,0,Not Available,0,135.6,Not Available,27509.4,Not Available,Not Available,Not Available,Not Available,Not Available,,Not Available,2001,Not Available,Not Available,23769.1,No,Not Available,Not Available,Not Available,Not Available,805.73
2612593,Not Available,0.94683,2409.6,Not Available,Not Available,Not Available,Multifamily Housing,Not Available,Not Available,Not Available,Not Available,469990,4.4,Not Available,127.5,Not Available,50,Not Available,Not Available,Not Available,100,Not Available,Not Available,Not Available,Not Available,Not Available,3072740020,Not Available,Not Available,Not Available,100,Not Available,1.27662,35602.0,Not Available,2409.6,Not Available,Not Available,Not Available,Not Available,Not Available,-73.967816,0,Not Available,Not Available,86.2,Not Available,Not Available,Not Available,Not Available,Not Available,Not Available,Not Available,BROOKLYN,Not Available,1964,Not Available,Not Available,Not Available,Not Available,Not Available,Not Available,Not Available,Not Available,Not Available
2611788,Not Available,0,485.5,Not Available,Not Available,Not Available,Multifamily Housing,Not Available,Not Available,Not Available,Not Available,74826,3.2,Not Available,142,Not Available,50,Not Available,Not Available,Not Available,100,Not Available,Not Available,Not Available,Not Available,Not Available,1-02107-0072,Not Available,Not Available,Not Available,100,Not Available,1.77746,239.0,Not Available,485.5,Not Available,Not Available,Not Available,Not Available,Not Available,-73.941048,0,Not Available,Not Available,82.3,Not Available,Not Available,Not Available,Not Available,Not Available,Not Available,Not Available,MANHATTAN,Not Available,1915,Not Available,Not Available,Not Available,Not Available,Not Available,Not Available,Not Available,No,Not Available
2383900,Not Available,0,321.8,0.29586,Not Available,Not Available,Multifamily Housing,Not Available,Not Available,Not Available,Not Available,97500,4.1,3380,127.9,Not Available,50,Not Available,Not Available,Not Available,100,Not Available,Not Available,Not Available,Not Available,Not Available,1005620040,Not Available,Not Available,Not Available,100,Not Available,0.99872,61.0,Not Available,321.8,Not Available,Not Available,Not Available,Not Available,Not Available,-73.992812,0,Not Available,0.29586,Not Available,Not Available,Not Available,Not Available,Not Available,Not Available,Not Available,Not Available,MANHATTAN,Not Available,1900,Not Available,Not Available,2722429.5,No,Not Available,Not Available,Not Available,Not Available,Not Available
1847014,55,1.38311,2097196.5,Not Available,Not Available,Not Available,Multifamily Housing,Not Available,Not Available,Not Available,Not Available,616000,11.6,Not Available,183.3,Not Available,50,Not Available,Not Available,Not Available,100,Not Available,Not Available,Not Available,Not Available,Not Available,1010287501,Not Available,Not Available,Not Available,100,Not Available,1.66432,,Not Available,2097196.5,Not Available,Not Available,Not Available,Not Available,Not Available,,0,Not Available,Not Available,48382.1,Not Available,Not Available,Not Available,Not Available,Not Available,Not Available,Not Available,,Not Available,1985,Not Available,Not Available,Not Available,Not Available,Not Available,Not Available,Not Available,Not Available,Not Available
2612589,Not Available,0,433.8,Not Available,Not Available,Not Available,Multifamily Housing,Not Available,Not Available,Not Available,Not Available,85757,4.8,Not Available,134.7,Not Available,50,Not Available,Not Available,Not Available,Not Available,Not Available,Not Available,Not Available,Not Available,Not Available,3064680016,Not Available,Not Available,Not Available,100,Not Available,1.3993,282.0,Not Available,433.8,Not Available,Not Available,Not Available,Not Available,Not Available,-74.005916,0,Not Available,Not Available,83.2,Not Available,Not Available,Not Available,Not Available,Not Available,Not Available,Not Available,BROOKLYN,Not Available,1960,Not Available,Not Available,Not Available,Not Available,Not Available,Not Available,Not Available,Not Available,Not Available
2564691,Not Available,0.54775,499.9,Not Available,Not Available,Not Available,Multifamily Housing,Not Available,Not Available,Not Available,Not Available,94933,3.9,Not Available,135.5,Not Available,50,Not Available,Not Available,Not Available,100,Not Available,Not Available,Not Available,Not Available,Not Available,1013500020,Not Available,Not Available,Not Available,100,Not Available,1.34832,108.0,Not Available,499.9,Not Available,Not Available,Not Available,Not Available,Not Available,-73.96385,0,Not Available,Not Available,65.6,Not Available,Not Available,Not Available,Not Available,Not Available,Not Available,Not Available,MANHATTAN,Not Available,1928,Not Available,Not Available,4071966.2,No,Not Available,Not Available,Not Available,No,Not Available
2595479,Not Available,1.20095,515.5,Not Available,Not Available,Not Available,Multifamily Housing,Not Available,Not Available,Not Available,Not Available,109913,3.7,Not Available,134.4,Not Available,50,Not Available,Not Available,Not Available,100,Not Available,Not Available,Not Available,Not Available,Not Available,1-01539-0010,Not Available,Not Available,Not Available,100,Not Available,1.21005,154.0,Not Available,515.5,Not Available,Not Available,Not Available,Not Available,73.07,-73.950017,0,Not Available,Not Available,77.8,Not Available,8031.8,Not Available,Not Available,Not Available,Not Available,Not Available,MANHATTAN,Not Available,1985,Not Available,Not Available,Not Available,Not Available,Not Available,Not Available,Not Available,Not Available,Not Available
2559044,Not Available,0,0,Not Available,Not Available,Not Available,Multifamily Housing,Not Available,Not Available,Not Available,Not Available,107528,Not Available,Not Available,127.9,Not Available,50,Not Available,Not Available,Not Available,100,Not Available,Not Available,Not Available,Not Available,Not Available,4-15815-0220,Not Available,Not Available,Not Available,100,Not Available,1.37639,,Not Available,Not Available,Not Available,Not Available,Not Available,Not Available,Not Available,,0,Not Available,Not Available,Not Available,Not Available,Not Available,Not Available,Not Available,Not Available,Not Available,Not Available,,Not Available,1952,Not Available,Not Available,Not Available,Not Available,Not Available,Not Available,Not Available,Not Available,Not Available
2640600,Not Available,0,272.8,Not Available,Not Available,Not Available,Multifamily Housing,Not Available,Not Available,Not Available,Not Available,14670,14.5,Not Available,257,Not Available,50,Not Available,Not Available,Not Available,100,Not Available,Not Available,Not Available,Not Available,Not Available,4071170006,Not Available,Not Available,Not Available,100,Not Available,7.02113,1347.0,Not Available,272.8,Not Available,Not Available,Not Available,Not Available,Not Available,-73.778568,0,Not Available,Not Available,322.3,Not Available,Not Available,Not Available,Not Available,Not Available,Not Available,Not Available,QUEENS,Not Available,1950,Not Available,Not Available,Not Available,Not Available,Not Available,Not Available,Not Available,Not Available,Not Available
2383967,Not Available,0.91557,3107.8,Not Available,Not Available,Not Available,Multifamily Housing,Not Available,Not Available,Not Available,Not Available,209706,9.1,Not Available,122,Not Available,50,Not Available,Not Available,Not Available,90,Not Available,Not Available,Not Available,Not Available,Not Available,1013657501,Not Available,Not Available,Not Available,100,Not Available,0.90603,8603.0,Not Available,3107.8,Not Available,Not Available,Not Available,Not Available,54,-73.964284,0,Not Available,Not Available,Not Available,Not Available,11323.5,Not Available,Not Available,Not Available,Not Available,Not Available,MANHATTAN,Not Available,1958,Not Available,Not Available,207000,No,Not Available,Not Available,Not Available,No,Not Available
2605035,Not Available,Not Available,2161.5,Not Available,Not Available,Not Available,Senior Care Community,Not Available,Not Available,Not Available,Not Available,275000,18.2,Not Available,179.4,Not Available,50,Not Available,Not Available,Not Available,Not Available,Not Available,Not Available,Not Available,Not Available,Not Available,3-08760-0200,Not Available,275000,Not Available,100,Not Available,Not Available,616.0,Not Available,2161.5,Not Available,Not Available,Not Available,Not Available,Not Available,-73.939421,0,Not Available,Not Available,112.7,Not Available,Not Available,Not Available,Not Available,Not Available,Not Available,Not Available,BROOKLYN,Not Available,1985,Not Available,Not Available,Not Available,Not Available,Not Available,Not Available,Not Available,Not Available,Not Available
2606278,50,Not Available,1720.9,Not Available,Not Available,Not Available,Office,Not Available,Not Available,Not Available,Not Available,269231,18.3,Not Available,292.7,Not Available,50,Not Available,Not Available,Not Available,Not Available,Not Available,Not Available,Not Available,Not Available,Not Available,1008810001,Not Available,Not Available,Not Available,100,Not Available,Not Available,68.0,Not Available,1720.9,Not Available,Not Available,Not Available,Not Available,Not Available,-73.985316,0,Not Available,Not Available,78.7,Not Available,Not Available,Not Available,Not Available,Not Available,Not Available,Not Available,MANHATTAN,Not Available,1913,Not Available,Not Available,Not Available,Not Available,Not Available,Not Available,Not Available,No,Not Available
2384166,65,1.38242,86.3,Not Available,Not Available,Not Available,Multifamily Housing,Not Available,Not Available,Not Available,Not Available,59523,4.4,Not Available,127.9,Not Available,50,Not Available,Not Available,Not Available,100,Not Available,Not Available,Not Available,Not Available,Not Available,1008927501,Not Available,Not Available,Not Available,100,Not Available,1.38242,80.0,Not Available,86.3,Not Available,Not Available,Not Available,Not Available,Not Available,-73.977685,0,Not Available,Not Available,18.9,Not Available,Not Available,Not Available,Not Available,Not Available,Not Available,Not Available,MANHATTAN,Not Available,1963,Not Available,Not Available,Not Available,Not Available,Not Available,Not Available,Not Available,Not Available,Not Available
1747000,Not Available,Not Available,11585.9,Not Available,Not Available,Not Available,Hospital (General Medical & Surgical),Not Available,Not Available,Not Available,Not Available,590371,34.3,Not Available,566.2,Not Available,50,Not Available,Not Available,Not Available,Not Available,Not Available,6.01317,Not Available,Not Available,Not Available,4-05165-0001,Not Available,Not Available,Not Available,100,407.4,Not Available,799.0,Not Available,11585.9,Not Available,Not Available,3550,Not Available,Not Available,-73.826155,0,Not Available,Not Available,292.1,Not Available,Not Available,100% Yes,Not Available,10,Not Available,439,QUEENS,Not Available,1978,Not Available,Not Available,12061200.9,No,Not Available,Not Available,100,Not Available,Not Available
2598532,Not Available,0.67233,386.5,Not Available,Not Available,Not Available,Multifamily Housing,Not Available,Not Available,Not Available,Not Available,92216,4.7,Not Available,113.2,Not Available,50,Not Available,Not Available,Not Available,100,Not Available,Not Available,Not Available,Not Available,Not Available,1015080027,Not Available,Not Available,Not Available,100,Not Available,0.84584,140.0,Not Available,386.5,Not Available,Not Available,Not Available,Not Available,Not Available,-73.958024,0,Not Available,Not Available,52.3,Not Available,Not Available,Not Available,Not Available,Not Available,Not Available,Not Available,MANHATTAN,Not Available,1928,Not Available,Not Available,Not Available,No,Not Available,Not Available,Not Available,Not Available,Not Available
2602938,46.44,Not Available,438.5,Not Available,Not Available,Suite 1107,Office,Not Available,Not Available,Not Available,Not Available,117000,13.2,Not Available,219.8,Not Available,50,Not Available,Not Available,Not Available,Not Available,Not Available,Not Available,Not Available,Not Available,Not Available,1-01774-0001,Not Available,Not Available,Not Available,100,Not Available,Not Available,196.0,Not Available,438.5,Not Available,Not Available,Not Available,Not Available,Not Available,-73.938875,0,Not Available,Not Available,45.2,Not Available,Not Available,Not Available,Not Available,Not Available,Not Available,Not Available,MANHATTAN,Not Available,1901,Not Available,Not Available,Not Available,Not Available,Not Available,Not Available,Not Available,Not Available,Not Available
2595922,Not Available,0,1049.2,Not Available,Not Available,Not Available,Multifamily Housing,Not Available,Not Available,Not Available,Not Available,189592,2.7,Not Available,119.8,Not Available,50,Not Available,Not Available,Not Available,100,Not Available,Not Available,Not Available,Not Available,Not Available,2-05950-0406,Not Available,Not Available,Not Available,100,Not Available,1.4,323.0,Not Available,1049.2,Not Available,Not Available,Not Available,Not Available,7.87,-73.90692,0,Not Available,Not Available,73.5,Not Available,1492,Not Available,Not Available,Not Available,Not Available,Not Available,BRONX,Not Available,1941,Not Available,Not Available,Not Available,Not Available,Not Available,Not Available,Not Available,No,Not Available
2559037,Not Available,0,0,Not Available,Not Available,Not Available,Multifamily Housing,Not Available,Not Available,Not Available,Not Available,250648,Not Available,Not Available,127.9,Not Available,50,Not Available,Not Available,Not Available,100,Not Available,Not Available,Not Available,Not Available,Not Available,4-15780-0020,Not Available,Not Available,Not Available,100,Not Available,1.38042,,Not Available,Not Available,Not Available,Not Available,Not Available,Not Available,Not Available,,0,Not Available,Not Available,Not Available,Not Available,Not Available,Not Available,Not Available,Not Available,Not Available,Not Available,,Not Available,1952,Not Available,Not Available,Not Available,Not Available,Not Available,Not Available,Not Available,Not Available,Not Available
2587536,Not Available,Not Available,131,Not Available,Not Available,Not Available,Self-Storage Facility,Not Available,Not Available,Not Available,Not Available,55000,4.3,Not Available,47.6,Not Available,50,Not Available,Not Available,Not Available,Not Available,Not Available,Not Available,Not Available,Not Available,Not Available,1-00443-0005,Not Available,Not Available,Not Available,100,Not Available,Not Available,3602.0,Not Available,131,Not Available,Not Available,Not Available,Not Available,Not Available,-73.990569,0,Not Available,Not Available,33.7,Not Available,Not Available,Not Available,Not Available,Not Available,Not Available,Not Available,MANHATTAN,Not Available,1923,Not Available,Not Available,Not Available,Not Available,Not Available,Not Available,Not Available,Not Available,Not Available
2630972,Not Available,0,210.8,Not Available,Not Available,Not Available,Multifamily Housing,Not Available,Not Available,Not Available,Not Available,22033,10.2,Not Available,129.7,Not Available,50,Not Available,Not Available,Not Available,Not Available,Not Available,Not Available,Not Available,Not Available,Not Available,5005950015,Not Available,Not Available,Not Available,100,Not Available,1.81546,39.0,Not Available,210.8,Not Available,Not Available,Not Available,Not Available,Not Available,-74.092306,0,Not Available,Not Available,156.5,Not Available,Not Available,Not Available,Not Available,Not Available,Not Available,Not Available,STATEN IS,Not Available,1920,Not Available,Not Available,Not Available,Not Available,Not Available,Not Available,Not Available,Not Available,Not Available
2560647,Not Available,0,2701.3,1.08333,Not Available,Not Available,Multifamily Housing,Not Available,Not Available,Not Available,Not Available,541000,10.7,12000,133.3,Not Available,50,Not Available,Not Available,Not Available,100,Not Available,Not Available,Not Available,Not Available,Not Available,1000750001,Not Available,Not Available,Not Available,100,Not Available,1.4,1502.0,Not Available,2701.3,Not Available,Not Available,Not Available,Not Available,Not Available,-74.005316,0,Not Available,0.83333,71.3,Not Available,Not Available,Not Available,Not Available,Not Available,Not Available,Not Available,MANHATTAN,Not Available,1961,Not Available,Not Available,Not Available,Not Available,Not Available,Not Available,Not Available,Not Available,Not Available
2589282,Not Available,0.90597,667.8,Not Available,Not Available,Not Available,Multifamily Housing,Not Available,Not Available,Not Available,Not Available,91615,4,Not Available,132.1,Not Available,50,Not Available,Not Available,Not Available,90,Not Available,Not Available,Not Available,Not Available,Not Available,1018880015,Not Available,Not Available,Not Available,100,Not Available,1.4,187.0,Not Available,667.8,Not Available,Not Available,Not Available,Not Available,33.4,-73.972483,0,Not Available,Not Available,90.4,Not Available,3059.8,Not Available,Not Available,Not Available,Not Available,Not Available,MANHATTAN,Not Available,1927,Not Available,Not Available,Not Available,Not Available,Not Available,Not Available,Not Available,No,Not Available
2043394,70,Not Available,2257.3,0.07307,Not Available,Not Available,Office,Not Available,Not Available,0.14,Not Available,498531,10,27372,250.6,Not Available,50,Not Available,Not Available,Not Available,Not Available,Not Available,Not Available,Not Available,Not Available,Not Available,1-01291-0051,Not Available,Not Available,Not Available,100,Not Available,Not Available,102.0,Not Available,2257.3,Not Available,Not Available,Not Available,Not Available,49.41,-73.973161,0,Not Available,0.62107,59,Not Available,24631.6,Not Available,Not Available,Not Available,Not Available,Not Available,MANHATTAN,Not Available,1962,Not Available,Not Available,Not Available,Not Available,Not Available,Not Available,Not Available,Not Available,Not Available
2614192,Not Available,0,453.1,Not Available,Not Available,Not Available,Multifamily Housing,Not Available,Not Available,Not Available,Not Available,109630,4.3,Not Available,159.2,Not Available,50,Not Available,Not Available,Not Available,Not Available,Not Available,Not Available,Not Available,Not Available,Not Available,3063780019,Not Available,Not Available,Not Available,100,Not Available,2.44459,290.0,Not Available,453.1,Not Available,Not Available,Not Available,Not Available,Not Available,-73.996827,0,Not Available,Not Available,68.4,Not Available,Not Available,Not Available,Not Available,Not Available,Not Available,Not Available,BROOKLYN,Not Available,1962,Not Available,Not Available,Not Available,Not Available,Not Available,Not Available,Not Available,Not Available,Not Available
2638809,Not Available,0.72166,811.1,Not Available,Not Available,Not Available,Multifamily Housing,Not Available,Not Available,Not Available,Not Available,145497,Not Available,Not Available,132,Not Available,50,Not Available,Not Available,Not Available,100,Not Available,Not Available,Not Available,Not Available,Not Available,1018680001,Not Available,Not Available,Not Available,100,Not Available,1.4,183.0,Not Available,811.1,Not Available,Not Available,Not Available,Not Available,Not Available,-73.973126,0,Not Available,Not Available,Not Available,Not Available,Not Available,Not Available,Not Available,Not Available,Not Available,Not Available,MANHATTAN,Not Available,1920,Not Available,Not Available,Not Available,Not Available,Not Available,Not Available,Not Available,Not Available,Not Available
2271554,Not Available,Not Available,781.9,Not Available,Not Available,Not Available,K-12 School,Not Available,Not Available,Not Available,Not Available,136000,Not Available,Not Available,126.4,Not Available,50,Not Available,Not Available,Not Available,Not Available,Not Available,Not Available,Not Available,Not Available,Not Available,3-01947-0001,Not Available,Not Available,Not Available,100,Not Available,Not Available,197.0,Not Available,781.9,Not Available,Not Available,Not Available,Not Available,1.84,-73.964511,0,Not Available,Not Available,Not Available,Not Available,250.6,Not Available,Not Available,Not Available,Not Available,Not Available,BROOKLYN,Not Available,1880,Not Available,Not Available,Not Available,Not Available,Not Available,Not Available,Not Available,Not Available,Not Available
2637929,Not Available,0.89189,279.4,Not Available,Not Available,Not Available,Multifamily Housing,Not Available,Not Available,Not Available,Not Available,51576,4.8,Not Available,122.5,Not Available,50,Not Available,Not Available,Not Available,100,Not Available,Not Available,Not Available,Not Available,Not Available,1013210042,Not Available,Not Available,Not Available,100,Not Available,1.047,90.0,Not Available,279.4,Not Available,Not Available,Not Available,Not Available,Not Available,-73.971154,0,Not Available,Not Available,88.8,Not Available,Not Available,Not Available,Not Available,Not Available,Not Available,Not Available,MANHATTAN,Not Available,1923,Not Available,Not Available,Not Available,Not Available,Not Available,Not Available,Not Available,Not Available,Not Available
2636842,40,Not Available,526,Not Available,Not Available,Not Available,Office,Not Available,Not Available,Not Available,Not Available,108000,6.7,Not Available,148.1,Not Available,50,Not Available,Not Available,Not Available,Not Available,Not Available,Not Available,Not Available,Not Available,Not Available,1006960065,Not Available,Not Available,Not Available,100,Not Available,Not Available,99.0,Not Available,526,Not Available,Not Available,Not Available,Not Available,14.33,-74.006291,0,Not Available,Not Available,60.6,Not Available,1547.9,Not Available,Not Available,Not Available,Not Available,Not Available,MANHATTAN,Not Available,1910,Not Available,Not Available,4320600.5,No,Not Available,Not Available,Not Available,No,Not Available
2630965,Not Available,0,621.2,Not Available,Not Available,Not Available,Multifamily Housing,Not Available,Not Available,Not Available,Not Available,117590,4.4,Not Available,137.3,Not Available,50,Not Available,Not Available,Not Available,Not Available,Not Available,Not Available,Not Available,Not Available,Not Available,5039830001,Not Available,Not Available,Not Available,100,Not Available,1.4457,12806.0,Not Available,621.2,Not Available,Not Available,Not Available,Not Available,Not Available,-74.113336,0,Not Available,Not Available,88.2,Not Available,Not Available,Not Available,Not Available,Not Available,Not Available,Not Available,STATEN IS,Not Available,1969,Not Available,Not Available,Not Available,Not Available,Not Available,Not Available,Not Available,Not Available,Not Available
2386549,Not Available,0.86484,3116.3,Not Available,Not Available,Not Available,Multifamily Housing,Not Available,Not Available,Not Available,Not Available,583517,5.8,Not Available,129.7,Not Available,50,Not Available,Not Available,Not Available,100,Not Available,Not Available,Not Available,Not Available,Not Available,1011250024,Not Available,Not Available,Not Available,100,Not Available,1.19787,157.0,10000,3116.3,Not Available,Not Available,Not Available,Not Available,Not Available,-73.977102,0,Not Available,Not Available,83.2,Not Available,Not Available,Not Available,Not Available,Not Available,Not Available,Not Available,MANHATTAN,Not Available,1964,Not Available,Not Available,Not Available,Not Available,Not Available,Not Available,Not Available,Not Available,Not Available
1422300,65.16,Not Available,4714.1,Not Available,Not Available,Not Available,Office,Not Available,Not Available,Not Available,Not Available,527815,14.2,Not Available,255.4,Not Available,50,Not Available,Not Available,Not Available,Not Available,Not Available,Not Available,Not Available,Not Available,Not Available,1008550037,Not Available,Not Available,Not Available,100,Not Available,Not Available,56.0,Not Available,4714.1,Not Available,Not Available,Not Available,Not Available,16.33,-73.986698,0,Not Available,Not Available,118.2,Not Available,8617.6,Not Available,Not Available,Not Available,Not Available,Not Available,MANHATTAN,Not Available,1972,Not Available,99,Not Available,Not Available,Not Available,Not Available,Not Available,Not Available,Not Available
2612591,Not Available,0,374.5,Not Available,Not Available,Not Available,Multifamily Housing,Not Available,Not Available,Not Available,Not Available,85757,4.1,Not Available,134.7,Not Available,50,Not Available,Not Available,Not Available,Not Available,Not Available,Not Available,Not Available,Not Available,Not Available,3064680016,Not Available,Not Available,Not Available,100,Not Available,1.3993,282.0,Not Available,374.5,Not Available,Not Available,Not Available,Not Available,Not Available,-74.005315,0,Not Available,Not Available,71.9,Not Available,Not Available,Not Available,Not Available,Not Available,Not Available,Not Available,BROOKLYN,Not Available,1960,Not Available,Not Available,Not Available,Not Available,Not Available,Not Available,Not Available,Not Available,Not Available
1578383,67.32,Not Available,4948.9,Not Available,Not Available,Not Available,Office,Not Available,Not Available,Not Available,Not Available,898743,15.5,Not Available,277.7,Not Available,50,Not Available,Not Available,Not Available,Not Available,Not Available,Not Available,Not Available,Not Available,Not Available,1-01006-0013,Not Available,Not Available,Not Available,100,Not Available,Not Available,131.0,Not Available,4948.9,Not Available,Not Available,Not Available,Not Available,6.41,-73.978901,0,Not Available,Not Available,68.8,Not Available,5758.7,Not Available,Not Available,Not Available,69019,Not Available,MANHATTAN,Not Available,1989,Not Available,Not Available,Not Available,Not Available,Not Available,Not Available,Not Available,Not Available,Not Available
2364098,65,Not Available,4016.6,0.29348,Not Available,Not Available,Office,Not Available,Not Available,Not Available,Not Available,449291,12.5,34074,266.7,Not Available,50,Not Available,Not Available,Not Available,Not Available,Not Available,Not Available,Not Available,Not Available,Not Available,1-01266-0001,Not Available,Not Available,Not Available,100,Not Available,Not Available,104.0,Not Available,4016.6,Not Available,Not Available,Not Available,Not Available,Not Available,-73.980172,0,Not Available,0.20544,130.4,Not Available,Not Available,Not Available,Not Available,Not Available,Not Available,Not Available,MANHATTAN,Not Available,1939,Not Available,Not Available,Not Available,Not Available,Not Available,Not Available,Not Available,Not Available,Not Available
2557741,Not Available,0.90086,1280.9,Not Available,Not Available,Not Available,Multifamily Housing,Not Available,Not Available,Not Available,Not Available,206470,Not Available,Not Available,121.6,Not Available,50,Not Available,Not Available,Not Available,90,Not Available,Not Available,Not Available,Not Available,Not Available,1-00749-0024,Not Available,Not Available,Not Available,100,Not Available,1.00741,91.0,Not Available,1280.9,Not Available,Not Available,Not Available,Not Available,Not Available,-73.997272,Not Available,Not Available,Not Available,Not Available,Not Available,Not Available,Not Available,Not Available,Not Available,Not Available,Not Available,MANHATTAN,Not Available,1960,Not Available,Not Available,4342967.1,No,Not Available,Not Available,Not Available,Not Available,Not Available
2545989,44.77,Not Available,875.8,Not Available,Not Available,Not Available,Office,Not Available,Not Available,Not Available,Not Available,153821,7.2,Not Available,218.5,Not Available,50,Not Available,Not Available,Not Available,Not Available,Not Available,Not Available,Not Available,Not Available,Not Available,1007630024,Not Available,Not Available,Not Available,100,Not Available,Not Available,115.0,Not Available,875.8,Not Available,Not Available,Not Available,Not Available,15.18,-73.991882,0,Not Available,Not Available,72.4,Not Available,2335.4,Not Available,Not Available,Not Available,Not Available,Not Available,MANHATTAN,Not Available,1927,Not Available,Not Available,5999094.6,No,Not Available,Not Available,Not Available,No,Not Available
1409173,98.32,Not Available,2388.3,Not Available,Not Available,Long Island City,Office,Not Available,Not Available,Not Available,Not Available,528060,13.2,Not Available,282.5,Not Available,50,Not Available,Not Available,Not Available,Not Available,Not Available,Not Available,Not Available,Not Available,Not Available,4004370002,Not Available,Not Available,Not Available,100,Not Available,Not Available,19.0,Not Available,2388.3,Not Available,Not Available,Not Available,Not Available,8.52,-73.943522,0,Not Available,Not Available,58.2,Not Available,4497.3,Not Available,Not Available,Not Available,Not Available,Not Available,QUEENS,Not Available,2007,Not Available,Not Available,979770.9,No,Not Available,Not Available,Not Available,Not Available,Not Available
2386538,Not Available,0.60012,1532.3,Not Available,Not Available,Not Available,Multifamily Housing,Not Available,Not Available,Not Available,Not Available,313721,7,Not Available,111.9,Not Available,50,Not Available,Not Available,Not Available,100,Not Available,Not Available,Not Available,Not Available,Not Available,1015000045,Not Available,Not Available,Not Available,100,Not Available,0.67035,15002.0,Not Available,1532.3,Not Available,Not Available,Not Available,Not Available,Not Available,-73.956922,0,Not Available,Not Available,75.8,Not Available,Not Available,Not Available,Not Available,Not Available,Not Available,Not Available,MANHATTAN,Not Available,1973,Not Available,Not Available,Not Available,Not Available,Not Available,Not Available,Not Available,Not Available,Not Available
2638910,Not Available,0.85636,538.4,Not Available,Not Available,Not Available,Multifamily Housing,Not Available,Not Available,Not Available,Not Available,110934,4.7,Not Available,131.3,Not Available,50,Not Available,Not Available,Not Available,100,Not Available,Not Available,Not Available,Not Available,Not Available,1013340010,Not Available,Not Available,Not Available,100,Not Available,1.38821,88.0,Not Available,538.4,Not Available,Not Available,Not Available,Not Available,Not Available,-73.971766,0,Not Available,Not Available,78.6,Not Available,Not Available,Not Available,Not Available,Not Available,Not Available,Not Available,MANHATTAN,Not Available,1929,Not Available,Not Available,0,No,Not Available,Not Available,Not Available,No,0
2561951,Not Available,0,704.9,Not Available,Not Available,Not Available,Multifamily Housing,Not Available,Not Available,Not Available,1200,92625,6.4,Not Available,127.9,Not Available,50,Not Available,Not Available,Not Available,20,Not Available,Not Available,Not Available,Not Available,Not Available,2-02421-0036,Not Available,Not Available,Not Available,100,Not Available,4.06132,250.0,1500,704.9,Not Available,Not Available,Not Available,Not Available,Not Available,-73.853325,0,Not Available,Not Available,123.3,Not Available,Not Available,Not Available,Not Available,Not Available,Not Available,Not Available,BRONX,Not Available,1900,Not Available,Not Available,1059384.6,No,Not Available,Not Available,Not Available,Not Available,0
2560615,Not Available,0.95238,1843.7,Not Available,Not Available,Not Available,Multifamily Housing,Not Available,Not Available,Not Available,975,357975,7.1,Not Available,127.9,Not Available,50,Not Available,Not Available,Not Available,100,Not Available,Not Available,Not Available,Not Available,Not Available,1000160210,Not Available,Not Available,Not Available,100,Not Available,1.4,31703.0,Not Available,1843.7,Not Available,Not Available,Not Available,Not Available,Not Available,-74.014523,0,Not Available,Not Available,71,Not Available,Not Available,Not Available,Not Available,Not Available,Not Available,Not Available,MANHATTAN,Not Available,1998,Not Available,Not Available,5119938.2,No,Not Available,Not Available,Not Available,Not Available,Not Available
2617128,Not Available,Not Available,428.7,Not Available,Not Available,Not Available,Residence Hall/Dormitory,Not Available,Not Available,Not Available,Not Available,57263,11.8,Not Available,176.2,Not Available,50,Not Available,Not Available,Not Available,Not Available,Not Available,Not Available,Not Available,Not Available,Not Available,1005580037,Not Available,Not Available,Not Available,100,Not Available,Not Available,42.0,Not Available,428.7,Not Available,Not Available,Not Available,Not Available,65.31,-73.989291,0,Not Available,Not Available,113.1,Not Available,3740,Not Available,Not Available,Not Available,Not Available,Not Available,MANHATTAN,Not Available,1988,Not Available,Not Available,Not Available,Not Available,Not Available,Not Available,Not Available,Not Available,Not Available
2564681,Not Available,0.25669,333.6,Not Available,Not Available,Not Available,Multifamily Housing,Not Available,Not Available,Not Available,Not Available,36755,17.8,Not Available,127.9,Not Available,50,Not Available,Not Available,Not Available,100,Not Available,Not Available,Not Available,Not Available,Not Available,1016027502,Not Available,Not Available,Not Available,100,Not Available,0.91267,16002.0,Not Available,333.6,Not Available,Not Available,Not Available,Not Available,Not Available,-73.955041,0,Not Available,Not Available,132.4,Not Available,Not Available,Not Available,Not Available,Not Available,Not Available,Not Available,MANHATTAN,Not Available,2005,Not Available,Not Available,Not Available,Not Available,Not Available,Not Available,Not Available,Not Available,Not Available
2638827,Not Available,0,Not Available,Not Available,Not Available,Not Available,Multifamily Housing,Not Available,Not Available,Not Available,Not Available,338574,Not Available,Not Available,127.9,Not Available,50,Not Available,Not Available,Not Available,100,Not Available,Not Available,Not Available,Not Available,Not Available,1021800633,Not Available,Not Available,Not Available,100,Not Available,1.4,279.0,Not Available,Not Available,Not Available,Not Available,Not Available,Not Available,Not Available,-73.931567,Not Available,Not Available,Not Available,Not Available,Not Available,Not Available,Not Available,Not Available,Not Available,Not Available,Not Available,MANHATTAN,Not Available,1930,Not Available,Not Available,Not Available,Not Available,Not Available,Not Available,Not Available,Not Available,Not Available
2606288,Not Available,Not Available,1015.8,0.20578,Not Available,Not Available,Retail Store,Not Available,Not Available,Not Available,Not Available,121490,23.4,121490,114.4,Not Available,50,Not Available,Not Available,Not Available,Not Available,Not Available,Not Available,Not Available,Not Available,Not Available,1013910014,Not Available,Not Available,Not Available,100,Not Available,Not Available,130.0,Not Available,1015.8,Not Available,Not Available,Not Available,Not Available,Not Available,-73.963368,0,Not Available,0.94658,103.7,Not Available,Not Available,Not Available,Not Available,Not Available,Not Available,Not Available,MANHATTAN,Not Available,1949,Not Available,Not Available,Not Available,Not Available,Not Available,Not Available,Not Available,Not Available,Not Available
2638690,Not Available,Not Available,1662.7,Not Available,Not Available,Not Available,Library,Not Available,Not Available,Not Available,Not Available,245000,15.7,Not Available,235.6,Not Available,50,Not Available,Not Available,Not Available,Not Available,Not Available,Not Available,Not Available,Not Available,Not Available,2032730001,Not Available,Not Available,Not Available,100,Not Available,Not Available,397.0,Not Available,1662.7,Not Available,Not Available,Not Available,Not Available,Not Available,-73.889712,0,Not Available,Not Available,97.8,Not Available,Not Available,Not Available,Not Available,Not Available,Not Available,Not Available,BRONX,Not Available,1997,Not Available,Not Available,Not Available,Not Available,Not Available,Not Available,Not Available,Not Available,Not Available
2558651,60.9,Not Available,1593.1,Not Available,Not Available,Not Available,Office,Not Available,Not Available,Not Available,Not Available,192500,19.9,Not Available,265.6,Not Available,50,Not Available,Not Available,Not Available,Not Available,Not Available,Not Available,Not Available,Not Available,Not Available,1000460001,Not Available,Not Available,Not Available,100,Not Available,Not Available,7.0,Not Available,1593.1,Not Available,Not Available,Not Available,Not Available,Not Available,-74.011632,0,Not Available,Not Available,103.8,Not Available,Not Available,Not Available,Not Available,Not Available,Not Available,Not Available,MANHATTAN,Not Available,1932,Not Available,Not Available,Not Available,Not Available,Not Available,Not Available,Not Available,Not Available,Not Available
2533061,Not Available,0.72182,666.2,0,Not Available,Not Available,Multifamily Housing,Not Available,Not Available,Not Available,Not Available,105948,10.7,6200,127.9,Not Available,50,Not Available,Not Available,Not Available,100,Not Available,Not Available,Not Available,Not Available,Not Available,1000787507,Not Available,Not Available,Not Available,100,Not Available,1.21306,1502.0,Not Available,666.2,Not Available,Not Available,Not Available,Not Available,Not Available,-74.007538,0,Not Available,0,83.6,Not Available,Not Available,Not Available,Not Available,Not Available,Not Available,Not Available,MANHATTAN,Not Available,2007,Not Available,Not Available,Not Available,Not Available,Not Available,Not Available,Not Available,Not Available,Not Available
2367857,168,Not Available,2397.7,Not Available,Not Available,Not Available,Office,Not Available,Not Available,Not Available,Not Available,69705,56.8,Not Available,148.1,Not Available,50,Not Available,Not Available,Not Available,Not Available,Not Available,Not Available,Not Available,Not Available,Not Available,1021240043,Not Available,Not Available,Not Available,100,Not Available,Not Available,,Not Available,2397.7,Not Available,Not Available,Not Available,Not Available,Not Available,,0,Not Available,Not Available,530.1,Not Available,Not Available,Not Available,Not Available,Not Available,Not Available,Not Available,,Not Available,1995,Not Available,Not Available,1759499.7,No,Not Available,Not Available,Not Available,Not Available,Not Available
1463909,61.03,Not Available,2340,0.76921,Not Available,Not Available,Office,Not Available,Not Available,Not Available,Not Available,356686,19.5,39001,301.2,Not Available,50,Not Available,Not Available,Not Available,Not Available,Not Available,Not Available,Not Available,Not Available,Not Available,1012670034,Not Available,Not Available,Not Available,100,Not Available,Not Available,104.0,Not Available,2340,Not Available,Not Available,Not Available,Not Available,21.15,-73.977122,0,Not Available,0.1282,80.3,Not Available,7542.6,Not Available,Not Available,Not Available,Not Available,Not Available,MANHATTAN,Not Available,1949,Not Available,Not Available,Not Available,Not Available,Not Available,Not Available,Not Available,Not Available,Not Available
2388664,Not Available,0.91102,867.6,0,Not Available,Not Available,Multifamily Housing,Not Available,Not Available,Not Available,1500,134720,5,1500,127.9,Not Available,50,Not Available,Not Available,Not Available,90,Not Available,Not Available,Not Available,Not Available,Not Available,1008170085,Not Available,Not Available,Not Available,100,Not Available,0.95657,54.0,Not Available,867.6,Not Available,Not Available,Not Available,Not Available,Not Available,-73.994364,0,Not Available,0,Not Available,Not Available,Not Available,Not Available,Not Available,Not Available,Not Available,Not Available,MANHATTAN,Not Available,1955,Not Available,Not Available,Not Available,Not Available,Not Available,Not Available,Not Available,No,Not Available
1160893,Not Available,Not Available,734,0.31514,Not Available,Not Available,Retail Store,Not Available,Not Available,Not Available,Not Available,166320,13.7,166320,274.7,Not Available,50,Not Available,Not Available,Not Available,Not Available,Not Available,Not Available,Not Available,Not Available,Not Available,2051410003,Not Available,Not Available,Not Available,100,Not Available,Not Available,46201.0,Not Available,734,Not Available,Not Available,Not Available,Not Available,Not Available,-73.82977,0,Not Available,0.10221,55.8,Not Available,Not Available,Not Available,Not Available,Not Available,Not Available,Not Available,BRONX,Not Available,1997,Not Available,Not Available,Not Available,Not Available,Not Available,Not Available,Not Available,Not Available,Not Available
1483343,Not Available,Not Available,11123.2,Not Available,Not Available,Not Available,Hotel,Not Available,Not Available,0.29,Not Available,1165000,15.8,Not Available,204.9,Not Available,50,Not Available,Not Available,Not Available,Not Available,Not Available,Not Available,Not Available,Not Available,Not Available,1-01005-0001,Not Available,Not Available,Not Available,100,Not Available,Not Available,131.0,Not Available,11123.2,Not Available,Not Available,Not Available,Not Available,64.86,-73.982095,0,Not Available,Not Available,134.5,Not Available,75558,Not Available,Not Available,Not Available,Not Available,Not Available,MANHATTAN,Not Available,1990,Not Available,Not Available,Not Available,Not Available,Not Available,Not Available,Not Available,Not Available,Not Available
1370307,80.88,Not Available,9625.8,1.66269,Not Available,Not Available,Office,29262,Not Available,Not Available,Not Available,841709,36.7,23456,393.3,Not Available,50,Not Available,Not Available,Not Available,Not Available,Not Available,Not Available,Not Available,Not Available,Not Available,1010140033,Not Available,Not Available,Not Available,100,Not Available,Not Available,119.0,Not Available,9625.8,Not Available,Not Available,Not Available,Not Available,24.68,-73.986713,0,Not Available,1.53479,139.7,Not Available,20771.9,Not Available,Not Available,Not Available,Not Available,Not Available,MANHATTAN,Not Available,1998,Not Available,133,Not Available,Not Available,Not Available,Not Available,Not Available,Not Available,Not Available
2636880,Not Available,0,0,Not Available,Not Available,Not Available,Multifamily Housing,Not Available,Not Available,Not Available,Not Available,67680,Not Available,Not Available,127.9,Not Available,50,Not Available,Not Available,Not Available,70,Not Available,Not Available,Not Available,Not Available,Not Available,1021770018,Not Available,Not Available,Not Available,100,Not Available,1.4,265.0,Not Available,Not Available,Not Available,Not Available,Not Available,Not Available,1.38,-73.939479,0,Not Available,Not Available,Not Available,Not Available,93.2,Not Available,Not Available,Not Available,Not Available,Not Available,MANHATTAN,Not Available,1890,Not Available,Not Available,Not Available,Not Available,Not Available,Not Available,Not Available,No,Not Available
1567409,Not Available,Not Available,37954.9,Not Available,Not Available,Not Available,Hospital (General Medical & Surgical),Not Available,Not Available,Not Available,Not Available,2227728,33.4,Not Available,421.1,Not Available,50,Not Available,Not Available,Not Available,Not Available,Not Available,3.18666,Not Available,Not Available,Not Available,1-00962-0080;1-00962-7501,Not Available,Not Available,Not Available,100,1069,Not Available,62.0,Not Available,37954.9,Not Available,Not Available,7099,Not Available,Not Available,-73.974594,0,Not Available,Not Available,225.2,Not Available,Not Available,100% Yes,Not Available,20,Not Available,667,MANHATTAN,Not Available,1952,Not Available,Not Available,Not Available,Not Available,Not Available,Not Available,100,Not Available,Not Available
2640539,Not Available,0,611.7,Not Available,Not Available,Not Available,Multifamily Housing,Not Available,Not Available,Not Available,Not Available,150870,4.5,Not Available,136.4,Not Available,50,Not Available,Not Available,Not Available,Not Available,Not Available,Not Available,Not Available,Not Available,Not Available,4050500004,Not Available,Not Available,Not Available,100,Not Available,1.49135,863.0,Not Available,611.7,Not Available,Not Available,Not Available,Not Available,Not Available,-73.821007,0,Not Available,Not Available,66.9,Not Available,Not Available,Not Available,Not Available,Not Available,Not Available,Not Available,QUEENS,Not Available,1961,Not Available,Not Available,Not Available,Not Available,Not Available,Not Available,Not Available,Not Available,Not Available
2475329,60,Not Available,720.1,Not Available,Not Available,Not Available,Office,Not Available,Not Available,Not Available,Not Available,126615,14.3,Not Available,209.1,Not Available,50,Not Available,Not Available,Not Available,Not Available,Not Available,Not Available,Not Available,Not Available,Not Available,1-01283-0001,Not Available,Not Available,Not Available,100,Not Available,Not Available,94.0,Not Available,720.1,Not Available,Not Available,Not Available,Not Available,29.53,-73.978101,0,Not Available,Not Available,70.7,Not Available,3739.2,Not Available,Not Available,Not Available,Not Available,Not Available,MANHATTAN,Not Available,1951,Not Available,Not Available,Not Available,Not Available,Not Available,Not Available,Not Available,Not Available,Not Available
1180593,Not Available,Not Available,323.4,Not Available,Not Available,Not Available,Hospital (General Medical & Surgical),Not Available,Not Available,Not Available,Not Available,131610,Not Available,Not Available,426.5,Not Available,50,Not Available,Not Available,Not Available,Not Available,Not Available,2.6,Not Available,Not Available,Not Available,4-09364-0010,Not Available,Not Available,Not Available,100,90.8,Not Available,14202.0,Not Available,323.4,Not Available,Not Available,342.19,Not Available,1535.6,-73.816183,Not Available,Not Available,Not Available,Not Available,Not Available,202099.8,No,Not Available,6,Not Available,70,QUEENS,Not Available,1990,Not Available,Not Available,Not Available,Not Available,Not Available,Not Available,100,Not Available,Not Available
2596995,Not Available,0,435.8,Not Available,Not Available,Not Available,Multifamily Housing,Not Available,Not Available,Not Available,Not Available,80850,3.3,Not Available,118.6,Not Available,50,Not Available,Not Available,Not Available,100,Not Available,Not Available,Not Available,Not Available,Not Available,3-06620-0001,Not Available,Not Available,Not Available,100,Not Available,0.925,428.0,Not Available,435.8,Not Available,Not Available,Not Available,Not Available,Not Available,-73.984658,0,Not Available,Not Available,92.1,Not Available,Not Available,Not Available,Not Available,Not Available,Not Available,Not Available,BROOKLYN,Not Available,1938,Not Available,Not Available,Not Available,Not Available,Not Available,Not Available,Not Available,Not Available,Not Available
2612495,Not Available,Not Available,448.5,Not Available,Not Available,Not Available,Medical Office,Not Available,Not Available,1.03,Not Available,67480,17.6,Not Available,253.1,Not Available,50,Not Available,Not Available,Not Available,Not Available,Not Available,Not Available,Not Available,Not Available,Not Available,1-00869-0049,Not Available,Not Available,Not Available,100,Not Available,Not Available,,65948,448.5,Not Available,Not Available,Not Available,Not Available,81.4,,0,Not Available,Not Available,83.8,Not Available,5492.9,Not Available,Not Available,Not Available,Not Available,Not Available,,Not Available,1920,Not Available,Not Available,Not Available,Not Available,Not Available,Not Available,Not Available,Not Available,Not Available
2630988,65,Not Available,1128.9,Not Available,Not Available,Not Available,Office,Not Available,Not Available,Not Available,Not Available,142990,17.1,Not Available,248.3,Not Available,50,Not Available,Not Available,Not Available,Not Available,Not Available,Not Available,Not Available,Not Available,Not Available,1000220017,Not Available,Not Available,Not Available,100,Not Available,Not Available,9.0,Not Available,1128.9,Not Available,Not Available,Not Available,Not Available,Not Available,-74.013096,0,Not Available,Not Available,100.6,Not Available,Not Available,Not Available,Not Available,Not Available,Not Available,Not Available,MANHATTAN,Not Available,1900,Not Available,Not Available,Not Available,Not Available,Not Available,Not Available,Not Available,No,Not Available
1052478,67.34,Not Available,12402.5,Not Available,Not Available,Not Available,Office,Not Available,Not Available,Not Available,Not Available,1272119,16.5,Not Available,326.1,Not Available,50,Not Available,Not Available,Not Available,Not Available,Not Available,Not Available,Not Available,Not Available,Not Available,1000480001,3173272,Not Available,33997421.1,90,Not Available,Not Available,7.0,Not Available,12402.5,Not Available,Not Available,Not Available,Not Available,0,-74.010626,0,Not Available,Not Available,129,Not Available,0,Not Available,Not Available,Not Available,Not Available,Not Available,MANHATTAN,Not Available,1967,Uninterruptible Power Supply (UPS) supports only IT Equipment (preferred),Not Available,Not Available,Not Available,Not Available,Not Available,Not Available,Not Available,Not Available
1231058,28.46,Not Available,6846.1,Not Available,Not Available,Not Available,Financial Office,Not Available,Not Available,Not Available,Not Available,1027741,Not Available,Not Available,309,Not Available,50,Not Available,Not Available,Not Available,Not Available,Not Available,Not Available,Not Available,Not Available,Not Available,1-01289-0014,Not Available,Not Available,Not Available,100,Not Available,Not Available,102.0,Not Available,6846.1,Not Available,Not Available,Not Available,Not Available,12.98,-73.974768,0,Not Available,Not Available,Not Available,Not Available,13341.3,Not Available,Not Available,Not Available,Not Available,Not Available,MANHATTAN,Not Available,1982,Not Available,65,Not Available,Not Available,Not Available,Not Available,Not Available,Not Available,Not Available
1422222,65,Not Available,1074.9,Not Available,Not Available,Not Available,Office,Not Available,Not Available,Not Available,Not Available,237258,14.4,Not Available,287.6,Not Available,50,Not Available,Not Available,Not Available,Not Available,Not Available,Not Available,Not Available,Not Available,Not Available,1012840021,Not Available,Not Available,Not Available,100,Not Available,Not Available,94.0,Not Available,1074.9,Not Available,Not Available,Not Available,Not Available,14.11,-73.976343,0,Not Available,Not Available,54.6,Not Available,3346.8,Not Available,Not Available,Not Available,Not Available,Not Available,MANHATTAN,Not Available,1956,Not Available,Not Available,Not Available,Not Available,Not Available,Not Available,Not Available,Not Available,Not Available
2598384,65,Not Available,1015.3,Not Available,Not Available,Not Available,Office,Not Available,Not Available,Not Available,Not Available,113644,24.8,Not Available,240.6,Not Available,50,Not Available,Not Available,Not Available,Not Available,Not Available,Not Available,Not Available,Not Available,Not Available,2036450001,Not Available,Not Available,Not Available,100,Not Available,Not Available,,Not Available,1015.3,Not Available,Not Available,Not Available,Not Available,1.03,,0,Not Available,Not Available,118.1,Not Available,116.9,Not Available,Not Available,Not Available,Not Available,Not Available,,Not Available,1964,Not Available,Not Available,Not Available,Not Available,Not Available,Not Available,Not Available,Not Available,Not Available
2238727,79.64,Not Available,3013.2,0.24433,Not Available,Not Available,Office,5212,Not Available,Not Available,Not Available,142254,14.7,10989,148.1,Not Available,50,Not Available,Not Available,Not Available,Not Available,Not Available,Not Available,Not Available,Not Available,Not Available,1002330026,Not Available,Not Available,Not Available,100,Not Available,Not Available,45.0,Not Available,3013.2,Not Available,Not Available,Not Available,Not Available,15.71,-73.999553,0,Not Available,0.24433,71.6,Not Available,2234.9,Not Available,Not Available,Not Available,Not Available,Not Available,MANHATTAN,Not Available,1913,Not Available,Not Available,Not Available,Not Available,Not Available,Not Available,Not Available,Not Available,Not Available
2559043,Not Available,0,0,Not Available,Not Available,Not Available,Multifamily Housing,Not Available,Not Available,Not Available,Not Available,215056,Not Available,Not Available,127.9,Not Available,50,Not Available,Not Available,Not Available,100,Not Available,Not Available,Not Available,Not Available,Not Available,4-15815-0220,Not Available,Not Available,Not Available,100,Not Available,1.40428,,Not Available,Not Available,Not Available,Not Available,Not Available,Not Available,Not Available,,0,Not Available,Not Available,Not Available,Not Available,Not Available,Not Available,Not Available,Not Available,Not Available,Not Available,,Not Available,1952,Not Available,Not Available,Not Available,Not Available,Not Available,Not Available,Not Available,Not Available,Not Available
2608484,Not Available,0,354,Not Available,Not Available,Not Available,Multifamily Housing,Not Available,Not Available,Not Available,Not Available,71536,2.5,Not Available,133.5,Not Available,50,Not Available,Not Available,Not Available,100,Not Available,Not Available,Not Available,Not Available,Not Available,1-02142-0058,Not Available,Not Available,Not Available,100,Not Available,1.42586,253.0,Not Available,354,Not Available,Not Available,Not Available,Not Available,54.35,-73.939968,0,Not Available,Not Available,62.6,Not Available,3887.6,Not Available,Not Available,Not Available,Not Available,Not Available,MANHATTAN,Not Available,1922,Not Available,Not Available,Not Available,Not Available,Not Available,Not Available,Not Available,Not Available,Not Available
2386589,Not Available,0.3931,286.6,Not Available,Not Available,Not Available,Multifamily Housing,Not Available,Not Available,Not Available,Not Available,151547,6.4,Not Available,127.9,Not Available,50,Not Available,Not Available,Not Available,100,Not Available,Not Available,Not Available,Not Available,Not Available,1015110069,Not Available,Not Available,Not Available,100,Not Available,0.88108,140.0,4000,286.6,Not Available,Not Available,Not Available,Not Available,Not Available,-73.95873,0,Not Available,Not Available,23.3,Not Available,Not Available,Not Available,Not Available,Not Available,Not Available,Not Available,MANHATTAN,Not Available,1929,Not Available,Not Available,Not Available,Not Available,Not Available,Not Available,Not Available,No,Not Available
2562042,49,Not Available,665.4,Not Available,Not Available,Not Available,Office,Not Available,Not Available,Not Available,Not Available,96154,11.8,Not Available,241.3,Not Available,50,Not Available,Not Available,Not Available,Not Available,Not Available,Not Available,Not Available,Not Available,Not Available,1-00088-0005,Not Available,Not Available,Not Available,100,Not Available,Not Available,21.0,Not Available,665.4,Not Available,Not Available,Not Available,Not Available,Not Available,-74.009562,0,Not Available,Not Available,Not Available,Not Available,Not Available,Not Available,Not Available,Not Available,Not Available,Not Available,MANHATTAN,Not Available,1907,Not Available,Not Available,Not Available,Not Available,Not Available,Not Available,Not Available,Not Available,Not Available
2630975,Not Available,0,182,Not Available,Not Available,Not Available,Multifamily Housing,Not Available,Not Available,Not Available,Not Available,22033,4.5,Not Available,129.7,Not Available,50,Not Available,Not Available,Not Available,Not Available,Not Available,Not Available,Not Available,Not Available,Not Available,5005950015,Not Available,Not Available,Not Available,100,Not Available,1.81546,39.0,Not Available,182,Not Available,Not Available,Not Available,Not Available,Not Available,-74.091447,0,Not Available,Not Available,144.1,Not Available,Not Available,Not Available,Not Available,Not Available,Not Available,Not Available,STATEN IS,Not Available,1951,Not Available,Not Available,Not Available,Not Available,Not Available,Not Available,Not Available,Not Available,Not Available
2637904,Not Available,0.67331,319.4,Not Available,Not Available,Not Available,Multifamily Housing,Not Available,Not Available,Not Available,Not Available,59408,3.8,Not Available,132.8,Not Available,50,Not Available,Not Available,Not Available,100,Not Available,Not Available,Not Available,Not Available,Not Available,1012170054,Not Available,Not Available,Not Available,100,Not Available,1.39712,173.0,Not Available,319.4,Not Available,Not Available,Not Available,Not Available,Not Available,-73.973331,0,Not Available,Not Available,68.8,Not Available,Not Available,Not Available,Not Available,Not Available,Not Available,Not Available,MANHATTAN,Not Available,1913,Not Available,Not Available,3341364.2,No,Not Available,Not Available,Not Available,No,Not Available
2614194,Not Available,0,548.4,Not Available,Not Available,Not Available,Multifamily Housing,Not Available,Not Available,Not Available,Not Available,120860,4.6,Not Available,137.2,Not Available,50,Not Available,Not Available,Not Available,Not Available,Not Available,Not Available,Not Available,Not Available,Not Available,3068780048,Not Available,Not Available,Not Available,100,Not Available,1.48933,302.0,Not Available,548.4,Not Available,Not Available,Not Available,Not Available,Not Available,-73.989313,0,Not Available,Not Available,75.4,Not Available,Not Available,Not Available,Not Available,Not Available,Not Available,Not Available,BROOKLYN,Not Available,1963,Not Available,Not Available,Not Available,Not Available,Not Available,Not Available,Not Available,Not Available,Not Available
2637927,Not Available,0,806.5,Not Available,Not Available,Not Available,Multifamily Housing,Not Available,Not Available,Not Available,Not Available,127000,2.7,Not Available,161.8,Not Available,50,Not Available,Not Available,Not Available,100,Not Available,Not Available,Not Available,Not Available,Not Available,2042930010,Not Available,Not Available,Not Available,100,Not Available,2.35433,228.0,Not Available,806.5,Not Available,Not Available,Not Available,Not Available,Not Available,-73.863894,0,Not Available,Not Available,74.5,Not Available,Not Available,Not Available,Not Available,Not Available,Not Available,Not Available,BRONX,Not Available,1950,Not Available,Not Available,Not Available,Not Available,Not Available,Not Available,Not Available,No,Not Available
2637895,Not Available,0.40849,477.1,Not Available,Not Available,Not Available,Multifamily Housing,Not Available,Not Available,Not Available,Not Available,111685,3.9,Not Available,129.6,Not Available,50,Not Available,Not Available,Not Available,100,Not Available,Not Available,Not Available,Not Available,Not Available,1001010001,Not Available,Not Available,Not Available,100,Not Available,1.02621,1501.0,Not Available,477.1,Not Available,Not Available,Not Available,Not Available,Not Available,-74.006287,0,Not Available,Not Available,69.4,Not Available,Not Available,Not Available,Not Available,Not Available,Not Available,Not Available,MANHATTAN,Not Available,1900,Not Available,Not Available,0,No,Not Available,Not Available,Not Available,Not Available,0
1407848,66.06,Not Available,29741.8,Not Available,Not Available,Not Available,Office,Not Available,Not Available,Not Available,Not Available,2973969,20.9,Not Available,307.2,Not Available,50,Not Available,Not Available,Not Available,Not Available,Not Available,Not Available,Not Available,Not Available,Not Available,1-01280-9010,4058788.7,Not Available,43484563.4,100,Not Available,Not Available,92.0,Not Available,29741.8,Not Available,Not Available,Not Available,Not Available,Not Available,-73.976557,0,Not Available,Not Available,131,Not Available,Not Available,Not Available,Not Available,Not Available,Not Available,Not Available,MANHATTAN,Not Available,1963,Uninterruptible Power Supply (UPS) supports only IT Equipment (preferred),85,Not Available,Not Available,Not Available,Not Available,Not Available,Not Available,Not Available
2640591,Not Available,0,245.1,Not Available,Not Available,Not Available,Multifamily Housing,Not Available,Not Available,Not Available,Not Available,13800,12.2,Not Available,256.9,Not Available,50,Not Available,Not Available,Not Available,100,Not Available,Not Available,Not Available,Not Available,Not Available,4071170002,Not Available,Not Available,Not Available,100,Not Available,6.15942,1347.0,Not Available,245.1,Not Available,Not Available,Not Available,Not Available,Not Available,-73.781822,0,Not Available,Not Available,311,Not Available,Not Available,Not Available,Not Available,Not Available,Not Available,Not Available,QUEENS,Not Available,1949,Not Available,Not Available,Not Available,Not Available,Not Available,Not Available,Not Available,Not Available,Not Available
2612592,Not Available,0,765.8,Not Available,Not Available,Not Available,Multifamily Housing,Not Available,Not Available,Not Available,Not Available,151790,4.4,Not Available,128.7,Not Available,50,Not Available,Not Available,Not Available,Not Available,Not Available,Not Available,Not Available,Not Available,Not Available,3074330013,Not Available,Not Available,Not Available,100,Not Available,1.31761,588.0,Not Available,765.8,Not Available,Not Available,Not Available,Not Available,Not Available,-73.957687,0,Not Available,Not Available,84.1,Not Available,Not Available,Not Available,Not Available,Not Available,Not Available,Not Available,BROOKLYN,Not Available,1961,Not Available,Not Available,Not Available,Not Available,Not Available,Not Available,Not Available,Not Available,Not Available
2595887,Not Available,0,456.5,Not Available,Not Available,Not Available,Multifamily Housing,Not Available,Not Available,Not Available,Not Available,62796,3.5,Not Available,119.8,Not Available,50,Not Available,Not Available,Not Available,100,Not Available,Not Available,Not Available,Not Available,Not Available,1-02250-0054,Not Available,Not Available,Not Available,100,Not Available,1.4,307.0,Not Available,456.5,Not Available,Not Available,Not Available,Not Available,42.77,-73.918951,0,Not Available,Not Available,95.9,Not Available,2685.6,Not Available,Not Available,Not Available,Not Available,Not Available,MANHATTAN,Not Available,1953,Not Available,Not Available,Not Available,Not Available,Not Available,Not Available,Not Available,No,Not Available
2640589,Not Available,0,221.1,Not Available,Not Available,Not Available,Multifamily Housing,Not Available,Not Available,Not Available,Not Available,13800,12.5,Not Available,263.1,Not Available,50,Not Available,Not Available,Not Available,100,Not Available,Not Available,Not Available,Not Available,Not Available,4071170002,Not Available,Not Available,Not Available,100,Not Available,7.10145,1347.0,Not Available,221.1,Not Available,Not Available,Not Available,Not Available,Not Available,-73.781132,0,Not Available,Not Available,277.8,Not Available,Not Available,Not Available,Not Available,Not Available,Not Available,Not Available,QUEENS,Not Available,1949,Not Available,Not Available,Not Available,Not Available,Not Available,Not Available,Not Available,Not Available,Not Available
2640567,Not Available,0,434.3,Not Available,Not Available,Not Available,Multifamily Housing,Not Available,Not Available,Not Available,Not Available,27600,Not Available,Not Available,136.4,Not Available,50,Not Available,Not Available,Not Available,Not Available,Not Available,Not Available,Not Available,Not Available,Not Available,4076600002,Not Available,Not Available,Not Available,100,Not Available,2.17391,1377.0,Not Available,434.3,Not Available,Not Available,Not Available,Not Available,Not Available,-73.752143,Not Available,Not Available,Not Available,296.2,Not Available,Not Available,Not Available,Not Available,Not Available,Not Available,Not Available,QUEENS,Not Available,1949,Not Available,Not Available,Not Available,Not Available,Not Available,Not Available,Not Available,Not Available,Not Available
2640547,Not Available,0,106.6,Not Available,Not Available,Not Available,Multifamily Housing,Not Available,Not Available,Not Available,Not Available,27600,3,Not Available,136.4,Not Available,50,Not Available,Not Available,Not Available,Not Available,Not Available,Not Available,Not Available,Not Available,Not Available,4076600002,Not Available,Not Available,Not Available,100,Not Available,2.17391,1377.0,Not Available,106.6,Not Available,Not Available,Not Available,Not Available,Not Available,-73.752226,0,Not Available,Not Available,65.4,Not Available,Not Available,Not Available,Not Available,Not Available,Not Available,Not Available,QUEENS,Not Available,1949,Not Available,Not Available,Not Available,Not Available,Not Available,Not Available,Not Available,Not Available,Not Available
2640576,Not Available,0,Not Available,Not Available,Not Available,Not Available,Multifamily Housing,Not Available,Not Available,Not Available,Not Available,10875,Not Available,Not Available,127.9,Not Available,50,Not Available,Not Available,Not Available,Not Available,Not Available,Not Available,Not Available,Not Available,Not Available,4076720002,Not Available,Not Available,Not Available,100,Not Available,2.2069,1377.0,Not Available,Not Available,Not Available,Not Available,Not Available,Not Available,Not Available,-73.751507,Not Available,Not Available,Not Available,Not Available,Not Available,Not Available,Not Available,Not Available,Not Available,Not Available,Not Available,QUEENS,Not Available,1949,Not Available,Not Available,Not Available,Not Available,Not Available,Not Available,Not Available,Not Available,Not Available
1296056,Not Available,Not Available,322.8,0.21967,Not Available,Not Available,Retail Store,Not Available,Not Available,0.03,Not Available,91047,11.2,91047,205.5,0,50,Not Available,Not Available,Not Available,Not Available,Not Available,Not Available,Not Available,Not Available,Not Available,5012500090,Not Available,Not Available,Not Available,100,Not Available,Not Available,,Not Available,322.8,Not Available,0,Not Available,Not Available,5.57,,0,Not Available,0.10983,43,Not Available,507,Not Available,Not Available,Not Available,Not Available,Not Available,,Not Available,2004,Not Available,Not Available,Not Available,Not Available,Not Available,Not Available,Not Available,Not Available,Not Available
2009074,Not Available,1.11643,1800.7,0.53688,Not Available,Not Available,Multifamily Housing,Not Available,Not Available,0.62,Not Available,284511,10.3,14901,146,Not Available,50,Not Available,Not Available,Not Available,100,Not Available,Not Available,Not Available,Not Available,Not Available,1-00826-0001,Not Available,Not Available,Not Available,100,Not Available,1.35381,58.0,Not Available,1800.7,Not Available,Not Available,Not Available,Not Available,54.25,-73.991927,0,Not Available,0.53688,96.6,Not Available,15433.8,Not Available,Not Available,Not Available,Not Available,Not Available,MANHATTAN,Not Available,2000,Not Available,Not Available,Not Available,Not Available,Not Available,Not Available,Not Available,Not Available,Not Available
2587818,Not Available,1.02564,1045.2,Not Available,Not Available,Not Available,Multifamily Housing,Not Available,Not Available,Not Available,Not Available,195001,12.2,Not Available,148.3,Not Available,50,Not Available,Not Available,Not Available,70,Not Available,Not Available,Not Available,Not Available,Not Available,3069630003,Not Available,Not Available,Not Available,100,Not Available,1.97435,330.0,Not Available,1045.2,Not Available,Not Available,Not Available,Not Available,Not Available,-74.000299,0,Not Available,Not Available,76.6,Not Available,Not Available,Not Available,Not Available,Not Available,Not Available,Not Available,BROOKLYN,Not Available,1965,Not Available,Not Available,Not Available,Not Available,Not Available,Not Available,Not Available,Not Available,Not Available
1465130,60.32,Not Available,3788.6,Not Available,Not Available,Not Available,Office,Not Available,Not Available,Not Available,Not Available,473890,17.5,Not Available,335.8,Not Available,50,Not Available,Not Available,Not Available,Not Available,Not Available,Not Available,Not Available,Not Available,Not Available,1000230050,1393393.9,Not Available,14928376.8,100,Not Available,Not Available,7.0,Not Available,3788.6,Not Available,Not Available,Not Available,Not Available,14.27,-74.011033,0,Not Available,Not Available,103.3,Not Available,6761.3,Not Available,Not Available,Not Available,Not Available,Not Available,MANHATTAN,Not Available,1956,Uninterruptible Power Supply (UPS) supports only IT Equipment (preferred),Not Available,Not Available,Not Available,Not Available,Not Available,Not Available,Not Available,Not Available
2594233,Not Available,Not Available,2938.3,Not Available,Not Available,Not Available,Non-Refrigerated Warehouse,130000,Not Available,Not Available,Not Available,130000,34.4,Not Available,111.5,Not Available,50,Not Available,Not Available,Not Available,Not Available,Not Available,Not Available,Not Available,Not Available,Not Available,3-03650-0001,Not Available,Not Available,Not Available,100,Not Available,Not Available,1098.0,Not Available,2938.3,Not Available,Not Available,Not Available,Not Available,2.65,-73.906619,0,Not Available,Not Available,349.9,Not Available,344.9,Not Available,Not Available,Not Available,Not Available,Not Available,BROOKLYN,Not Available,1968,Not Available,Not Available,Not Available,Not Available,Not Available,Not Available,Not Available,Not Available,Not Available
1832494,Not Available,Not Available,193.9,Not Available,Not Available,Not Available,Parking,Not Available,Not Available,Not Available,Not Available,145000,4.6,Not Available,Not Available,Not Available,50,Not Available,Not Available,Not Available,Not Available,Not Available,Not Available,Not Available,Not Available,Not Available,100-02136-00245,Not Available,Not Available,Not Available,100,Not Available,Not Available,247.0,Not Available,193.9,Not Available,Not Available,Not Available,Not Available,Not Available,-73.943855,0,Not Available,Not Available,15.6,Not Available,Not Available,Not Available,Not Available,Not Available,Not Available,Not Available,MANHATTAN,Not Available,1990,Not Available,Not Available,Not Available,Not Available,Not Available,Not Available,Not Available,Not Available,Not Available
2598400,Not Available,Not Available,485.2,0.3,Not Available,Not Available,Retail Store,Not Available,Not Available,Not Available,Not Available,165076,10.3,165076,234,Not Available,50,Not Available,Not Available,Not Available,Not Available,Not Available,Not Available,Not Available,Not Available,Not Available,5016960008,Not Available,Not Available,Not Available,100,Not Available,Not Available,30302.0,Not Available,485.2,Not Available,Not Available,Not Available,Not Available,Not Available,-74.156541,0,Not Available,0.2,35.5,Not Available,Not Available,Not Available,Not Available,Not Available,Not Available,Not Available,STATEN IS,Not Available,1993,Not Available,Not Available,Not Available,Not Available,Not Available,Not Available,Not Available,Not Available,Not Available
2614197,60,Not Available,5579.8,Not Available,Not Available,Not Available,Office,Not Available,Not Available,Not Available,Not Available,1155995,11.4,Not Available,286.5,Not Available,50,Not Available,Not Available,Not Available,Not Available,Not Available,Not Available,Not Available,Not Available,Not Available,1000430002,Not Available,Not Available,Not Available,100,Not Available,Not Available,7.0,Not Available,5579.8,Not Available,Not Available,Not Available,Not Available,Not Available,-74.009875,0,Not Available,Not Available,61.4,Not Available,Not Available,Not Available,Not Available,Not Available,Not Available,Not Available,MANHATTAN,Not Available,1929,Not Available,Not Available,Not Available,Not Available,Not Available,Not Available,Not Available,Not Available,Not Available
2630974,Not Available,0,165.9,Not Available,Not Available,Not Available,Multifamily Housing,Not Available,Not Available,Not Available,Not Available,22033,3.1,Not Available,129.7,Not Available,50,Not Available,Not Available,Not Available,Not Available,Not Available,Not Available,Not Available,Not Available,Not Available,5005950015,Not Available,Not Available,Not Available,100,Not Available,1.81546,39.0,Not Available,165.9,Not Available,Not Available,Not Available,Not Available,Not Available,-74.094364,0,Not Available,Not Available,132.3,Not Available,Not Available,Not Available,Not Available,Not Available,Not Available,Not Available,STATEN IS,Not Available,1951,Not Available,Not Available,Not Available,Not Available,Not Available,Not Available,Not Available,Not Available,Not Available
2640573,Not Available,0,80.9,Not Available,Not Available,Not Available,Multifamily Housing,Not Available,Not Available,Not Available,Not Available,10875,5.2,Not Available,127.9,Not Available,50,Not Available,Not Available,Not Available,Not Available,Not Available,Not Available,Not Available,Not Available,Not Available,4076720002,Not Available,Not Available,Not Available,100,Not Available,2.2069,1377.0,Not Available,80.9,Not Available,Not Available,Not Available,Not Available,Not Available,-73.751403,0,Not Available,Not Available,127.3,Not Available,Not Available,Not Available,Not Available,Not Available,Not Available,Not Available,QUEENS,Not Available,1949,Not Available,Not Available,Not Available,Not Available,Not Available,Not Available,Not Available,Not Available,Not Available
1192662,60,Not Available,15118.2,Not Available,Not Available,Not Available,Office,Not Available,Not Available,Not Available,Not Available,1797825,13.5,Not Available,264.9,Not Available,50,Not Available,Not Available,Not Available,Not Available,Not Available,Not Available,Not Available,Not Available,Not Available,1012617501,Not Available,Not Available,Not Available,100,Not Available,Not Available,96.0,Not Available,15118.2,Not Available,Not Available,Not Available,Not Available,Not Available,-73.982526,0,Not Available,Not Available,114.9,Not Available,Not Available,Not Available,Not Available,Not Available,Not Available,Not Available,MANHATTAN,Not Available,1974,Not Available,Not Available,Not Available,Not Available,Not Available,Not Available,Not Available,Not Available,Not Available
2506975,Not Available,0,318.2,Not Available,Not Available,Not Available,Multifamily Housing,Not Available,Not Available,Not Available,Not Available,66078,4.2,Not Available,142.9,Not Available,50,Not Available,Not Available,Not Available,80,Not Available,Not Available,Not Available,Not Available,Not Available,2-02614-0061,Not Available,Not Available,Not Available,100,Not Available,1.6647,185.0,Not Available,318.2,Not Available,Not Available,Not Available,Not Available,0,-73.90436,0,Not Available,Not Available,82.2,Not Available,0,Not Available,Not Available,Not Available,Not Available,Not Available,BRONX,Not Available,1940,Not Available,Not Available,Not Available,Not Available,Not Available,Not Available,Not Available,Not Available,Not Available
1946606,Not Available,Not Available,2539.2,Not Available,Not Available,Not Available,Hotel,Not Available,Not Available,Not Available,Not Available,320000,14.3,Not Available,229.2,Not Available,50,Not Available,Not Available,Not Available,Not Available,Not Available,Not Available,Not Available,Not Available,Not Available,1013760036,Not Available,Not Available,Not Available,100,Not Available,Not Available,11401.0,Not Available,2539.2,Not Available,Not Available,Not Available,Not Available,Not Available,-73.968796,0,Not Available,Not Available,115.4,Not Available,Not Available,Not Available,Not Available,Not Available,Not Available,Not Available,MANHATTAN,Not Available,1960,Not Available,Not Available,Not Available,Not Available,Not Available,Not Available,Not Available,Not Available,Not Available
2540632,Not Available,0,379.4,Not Available,Not Available,Not Available,Multifamily Housing,Not Available,Not Available,Not Available,Not Available,117390,2.6,Not Available,116.4,Not Available,50,Not Available,Not Available,Not Available,91,Not Available,Not Available,Not Available,Not Available,Not Available,3012280060,Not Available,Not Available,Not Available,100,Not Available,0.92853,341.0,Not Available,379.4,Not Available,Not Available,Not Available,Not Available,35.49,-73.945831,0,Not Available,Not Available,Not Available,Not Available,4166.4,Not Available,Not Available,Not Available,Not Available,Not Available,BROOKLYN,Not Available,1936,Not Available,Not Available,0,No,Not Available,Not Available,Not Available,Not Available,Not Available
2630961,Not Available,0,1011.5,Not Available,Not Available,Not Available,Multifamily Housing,Not Available,Not Available,Not Available,Not Available,194870,3.8,Not Available,147.7,Not Available,50,Not Available,Not Available,Not Available,Not Available,Not Available,Not Available,Not Available,Not Available,Not Available,3072350001,Not Available,Not Available,Not Available,100,Not Available,1.95002,37402.0,Not Available,1011.5,Not Available,Not Available,Not Available,Not Available,Not Available,-73.969376,0,Not Available,Not Available,88.2,Not Available,Not Available,Not Available,Not Available,Not Available,Not Available,Not Available,BROOKLYN,Not Available,1951,Not Available,Not Available,Not Available,Not Available,Not Available,Not Available,Not Available,Not Available,Not Available
2638713,Not Available,Not Available,970.9,Not Available,Not Available,Not Available,Residence Hall/Dormitory,Not Available,Not Available,Not Available,Not Available,221531,5.1,Not Available,194.5,Not Available,50,Not Available,Not Available,Not Available,Not Available,Not Available,Not Available,Not Available,Not Available,Not Available,2032730001,Not Available,Not Available,Not Available,100,Not Available,Not Available,397.0,Not Available,970.9,Not Available,Not Available,Not Available,Not Available,Not Available,-73.882884,0,Not Available,Not Available,69.7,Not Available,Not Available,Not Available,Not Available,Not Available,Not Available,Not Available,BRONX,Not Available,2000,Not Available,Not Available,Not Available,Not Available,Not Available,Not Available,Not Available,Not Available,Not Available
2640564,Not Available,0,Not Available,Not Available,Not Available,Not Available,Multifamily Housing,Not Available,Not Available,Not Available,Not Available,12150,Not Available,Not Available,127.9,Not Available,50,Not Available,Not Available,Not Available,Not Available,Not Available,Not Available,Not Available,Not Available,Not Available,4076580002,Not Available,Not Available,Not Available,100,Not Available,2.13992,1377.0,Not Available,Not Available,Not Available,Not Available,Not Available,Not Available,Not Available,-73.754309,Not Available,Not Available,Not Available,Not Available,Not Available,Not Available,Not Available,Not Available,Not Available,Not Available,Not Available,QUEENS,Not Available,1949,Not Available,Not Available,Not Available,Not Available,Not Available,Not Available,Not Available,Not Available,Not Available
1454367,Not Available,Not Available,10815,Not Available,Not Available,Not Available,Hotel,Not Available,Not Available,Not Available,Not Available,1200000,8.9,Not Available,208.9,Not Available,50,Not Available,Not Available,Not Available,Not Available,Not Available,Not Available,Not Available,Not Available,Not Available,1-01286-0021,Not Available,Not Available,Not Available,100,Not Available,Not Available,102.0,Not Available,10815,Not Available,Not Available,Not Available,Not Available,225.56,-73.975393,0,Not Available,Not Available,139.2,Not Available,270674.2,Not Available,Not Available,Not Available,Not Available,Not Available,MANHATTAN,Not Available,1980,Not Available,Not Available,Not Available,Not Available,Not Available,Not Available,Not Available,Not Available,Not Available
