property_id,property_name,address_1,difference_from_national_2,strip_mall_gross_floor_area,estimated_data_flag_1,difference_from_national_1,hospital_general_medical_8,alert_meter_has_overlaps,office_gross_floor_area_ft,estimated_values,data_center_pdu_output_meter,electricity_use_grid_purchase,office_number_of_workers,medical_office_mri_machine,municipally_supplied_potable,primary_property_type_self,data_quality_checker_date,hospital_general_medical_15,financial_office_number_of,electricity_use_grid_purchase_1,estimated_data_flag_fuel_1,fuel_oil_5_6_use_kbtu,hospital_general_medical_14,metered_areas_energy,energy_cost,performing_arts_gross_floor,convention_center_gross_floor,costar_property_id,fitness_center_health_club,direct_ghg_emissions_metric,hotel_worker_density_number,energy_star_certification_3,college_university_gross,multifamily_housing_number_6,weather_normalized_site_energy,medical_office_number_of_1,data_center_it_equipment,natural_gas_cost,data_quality_checker_run,multifamily_housing_total_1,restaurant_gross_floor_area,multifamily_housing_total,other_number_of_workers_on,weather_normalized_site_1,energy_star_certification_1,medical_office_number_of,hospital_general_medical_2,nyc_building_identification,k_12_school_gross_floor_area,release_date,ambulatory_surgical_center,office_percent_that_can_be,energy_star_certification_2,community_board,fuel_oil_4_use_kbtu,office_worker_density_number,national_median_energy_cost,retail_store_open_or_closed,national_median_site_eui,electricity_use_generated_2,estimated_savings_from_energy,default_values,district_steam_use_kbtu,hospital_general_medical_11,bank_branch_number_of,difference_from_national,county,multifamily_housing_number,data_center_ups_system
2610158,Research and Learning Center,3840 Corlear Avenue,Not Available,Not Available,Not Available,0.6,Not Available,Ok,Not Available,No,Not Available,2338653,Not Available,Not Available,Not Available,Other - Education,Not Available,Not Available,Not Available,2338653,Not Available,Not Available,Not Available,Whole Building,125568.81,Not Available,Not Available,Not Available,Not Available,38.6,Not Available,No,Not Available,Not Available,2989906.1,Not Available,Not Available,8839.4,No,Not Available,Not Available,Not Available,Not Available,0.1,Not Available,Not Available,Not Available,2084004,Not Available,2015-04-01T12:27:22.000,Not Available,Not Available,Not Available,208.0,Not Available,Not Available,124880.11,Not Available,53.5,Not Available,0,No,Not Available,Not Available,Not Available,0.6,Not Available,Not Available,Not Available
2607208,"Advanced: Crestwood Bayview, Inc.",130 Bay Ridge Parkway,Not Available,Not Available,Not Available,Not Available,Not Available,Ok,Not Available,No,Not Available,Not Available,Not Available,Not Available,Not Available,Multifamily Housing,Not Available,Not Available,Not Available,Not Available,Not Available,Not Available,Not Available,Whole Building,Not Available,Not Available,Not Available,Not Available,Not Available,Not Available,Not Available,No,Not Available,78,Not Available,Not Available,Not Available,Not Available,No,1.29689,Not Available,78,Not Available,Not Available,Not Available,Not Available,Not Available,3128654,Not Available,2015-05-01T17:56:43.000,Not Available,Not Available,Not Available,310.0,Not Available,Not Available,85625.76,Not Available,59.6,Not Available,0,No,Not Available,Not Available,Not Available,Not Available,Kings,42,Not Available
2640594,192-10 69 Ave,192-10 69 Ave,Not Available,Not Available,Not Available,142.4,Not Available,Ok,Not Available,No,Not Available,967520.3,Not Available,Not Available,Not Available,Multifamily Housing,2015-04-23,Not Available,Not Available,967520.4,Not Available,Not Available,Not Available,Whole Building,63127.32,Not Available,Not Available,Not Available,Not Available,282.7,Not Available,No,Not Available,0,6293781.5,Not Available,Not Available,0,Yes,3.62319,Not Available,50,Not Available,3.9,Not Available,Not Available,Not Available,4443994,Not Available,2015-04-24T12:18:05.000,Not Available,Not Available,Not Available,408.0,Not Available,Not Available,26043.68,Not Available,188,Not Available,0,No,Not Available,Not Available,Not Available,142.4,Not Available,87,Not Available
2638823,939 Eighth Ave,939 Eigth Avenue,Not Available,Not Available,Not Available,69.1,Not Available,Ok,Not Available,No,Not Available,1743020.9,Not Available,Not Available,Not Available,Multifamily Housing,Not Available,Not Available,Not Available,1743020.9,Not Available,4533329.2,Not Available,Whole Building,Not Available,Not Available,Not Available,Not Available,Not Available,447.7,Not Available,No,Not Available,31,Not Available,Not Available,Not Available,Not Available,No,0.60297,Not Available,31,Not Available,Not Available,Not Available,Not Available,Not Available,1080916,Not Available,2015-04-29T17:00:59.000,Not Available,Not Available,Not Available,,Not Available,Not Available,Not Available,Not Available,87.1,Not Available,0,Yes,Not Available,Not Available,Not Available,69.1,Not Available,71.98,Not Available
2562061,"ROSENBERG: 2527 Valentine Realty, L.L.C.",1919 Williamsbridge Road,Not Available,Not Available,Not Available,-8.8,Not Available,Ok,Not Available,No,Not Available,938750.3,Not Available,Not Available,Not Available,Multifamily Housing,Not Available,Not Available,Not Available,938750.4,No,Not Available,Not Available,Whole Building,0,Not Available,Not Available,Not Available,Not Available,466.4,Not Available,No,Not Available,54,6961235.9,Not Available,Not Available,0,No,0.98945,Not Available,54,Not Available,0.1,Not Available,Not Available,Not Available,2013613,Not Available,2015-04-30T20:46:12.000,Not Available,Not Available,Not Available,211.0,5945704.1,Not Available,0,Not Available,145.5,Not Available,0,No,Not Available,Not Available,Not Available,-8.8,Bx.,199,Not Available
2606006,865 Walton,865 Walton Avenue,Not Available,Not Available,Not Available,-1.9,Not Available,Ok,2665,No,Not Available,1609547.1,17,Not Available,Not Available,Multifamily Housing,2015-04-24,Not Available,Not Available,1609547.2,Not Available,1884930,Not Available,Whole Building,Not Available,Not Available,Not Available,Not Available,Not Available,143.7,Not Available,No,Not Available,46,3526141.6,Not Available,Not Available,655.55,Yes,0.95214,3255,46,1,0,Not Available,Not Available,Not Available,2002910,Not Available,2015-04-27T14:28:25.000,Not Available,100,Not Available,204.0,Not Available,6.37899,Not Available,Not Available,64.5,Not Available,0,No,Not Available,Not Available,Not Available,-1.9,Bronx,70,Not Available
2564478,257 West 117th Street,257 West 117th Street,Not Available,Not Available,Not Available,-26.7,Not Available,Ok,Not Available,No,Not Available,1842585.3,Not Available,Not Available,Not Available,Multifamily Housing,Not Available,Not Available,Not Available,1842585.4,Not Available,Not Available,Not Available,Whole Building,Not Available,Not Available,Not Available,Not Available,Not Available,93.8,Not Available,No,Not Available,47,3615948.9,Not Available,Not Available,Not Available,No,0.47054,Not Available,47,Not Available,0.2,Not Available,Not Available,Not Available,1058390,Not Available,2015-07-31T15:12:54.000,Not Available,Not Available,Not Available,110.0,Not Available,Not Available,Not Available,Not Available,49.3,Not Available,0,No,Not Available,Not Available,Not Available,-26.7,Not Available,62,Not Available
2383984,25 East 83rd Street,25 East 83rd Street,Not Available,Not Available,Not Available,-29.6,Not Available,Ok,Not Available,No,Not Available,2722299.3,Not Available,Not Available,Not Available,Multifamily Housing,Not Available,Not Available,Not Available,2722299.3,Not Available,Not Available,Not Available,Whole Building,Not Available,Not Available,Not Available,Not Available,Not Available,29,Not Available,No,Not Available,0,3283906.9,Not Available,Not Available,0,No,0.94368,Not Available,88,Not Available,0.1,Not Available,Not Available,Not Available,1046802,Not Available,2015-07-31T15:12:54.000,Not Available,Not Available,Not Available,108.0,Not Available,Not Available,Not Available,Not Available,49.8,Not Available,0,No,Not Available,Not Available,Not Available,-29.6,Not Available,154,Not Available
2636859,2691 Reservoir Avenue,2691 Reservoir Avenue,Not Available,Not Available,Not Available,62.4,Not Available,Ok,Not Available,No,Not Available,2160816.5,Not Available,Not Available,Not Available,Multifamily Housing,2015-04-21,Not Available,Not Available,2160816.5,Not Available,Not Available,Not Available,Whole Building,0,Not Available,Not Available,Not Available,Not Available,349.3,Not Available,No,Not Available,64,8737496.4,Not Available,Not Available,0,Yes,1.16201,Not Available,64,Not Available,1.2,Not Available,Not Available,Not Available,2015248,Not Available,2015-04-26T11:32:24.000,Not Available,Not Available,Not Available,208.0,Not Available,Not Available,0,Not Available,97.7,Not Available,0,No,Not Available,Not Available,Not Available,62.4,Not Available,120,Not Available
2214240,55 Broadway,55 Broadway,Not Available,Not Available,Not Available,-31.2,Not Available,Ok,363378,No,Not Available,21244905.5,1000,Not Available,Not Available,Office,2015-04-20,Not Available,Not Available,21244906.7,Not Available,Not Available,Not Available,Whole Building,Not Available,Not Available,Not Available,Not Available,Not Available,17.5,Not Available,Yes,Not Available,Not Available,28285915.6,Not Available,Not Available,Not Available,Yes,Not Available,Not Available,Not Available,Not Available,0,03/04/2013,Not Available,Not Available,1000807,Not Available,2015-04-23T09:54:48.000,Not Available,100,09/30/2013,101.0,Not Available,2.75196,Not Available,Not Available,115.2,Not Available,0,No,7239287.8,Not Available,Not Available,-31.2,Not Available,Not Available,Not Available
2605878,17 State Street,17 State Street,Not Available,Not Available,Not Available,-26.3,Not Available,Ok,575860,No,Not Available,33976005.4,2500,Not Available,Not Available,Office,2015-04-30,Not Available,Not Available,33976006.8,Not Available,Not Available,Not Available,Whole Building,501124.97,Not Available,Not Available,Not Available,Not Available,0,Not Available,No,Not Available,Not Available,45678419.4,Not Available,Not Available,Not Available,Yes,Not Available,Not Available,Not Available,Not Available,Not Available,07/24/2014,Not Available,Not Available,1000020,Not Available,2015-04-30T12:39:21.000,Not Available,100,04/30/2015,101.0,Not Available,4.34133,679874.74,Not Available,109.7,Not Available,0,No,12568259.1,Not Available,Not Available,-26.3,Not Available,Not Available,Not Available
2614201,610 Park Avenue,610 Park Avenue,Not Available,Not Available,Not Available,37,Not Available,Ok,Not Available,No,Not Available,4862151,Not Available,Not Available,Not Available,Multifamily Housing,2015-04-30,Not Available,Not Available,4862151.2,Not Available,Not Available,Not Available,Whole Building,585493.14,Not Available,Not Available,Not Available,Not Available,24.5,Not Available,No,Not Available,0,17550165.3,Not Available,Not Available,0,Yes,0.31042,Not Available,68,Not Available,0,Not Available,Not Available,Not Available,1041086,Not Available,2015-04-30T14:20:15.000,Not Available,Not Available,Not Available,108.0,Not Available,Not Available,427404.37,Not Available,59.9,Not Available,0,No,12648555.6,Not Available,Not Available,37,Not Available,110,Not Available
2008963,Site  18A,20 River Terrace,Not Available,Not Available,Not Available,39,Not Available,Ok,Not Available,No,Not Available,11834527.2,Not Available,Not Available,117837.33,Multifamily Housing,2015-04-20,Not Available,Not Available,11834528.8,Not Available,Not Available,Not Available,Whole Building,723589.49,Not Available,Not Available,Not Available,Not Available,1475.3,Not Available,No,Not Available,0,39303655.6,Not Available,Not Available,117011.99,Yes,0.8073,Not Available,293,Not Available,0.8,Not Available,Not Available,Not Available,1086174,Not Available,2015-04-22T16:03:08.000,Not Available,Not Available,Not Available,101.0,Not Available,Not Available,520627.7,Not Available,78.2,Not Available,0,No,Not Available,Not Available,Not Available,39,Not Available,490,Not Available
2598139,201 E 66th Street,201 E 66th Street,Not Available,Not Available,Not Available,-46.9,Not Available,Ok,Not Available,No,Not Available,6574576.9,Not Available,Not Available,Not Available,Retail Store,Not Available,Not Available,Not Available,6574576,Not Available,Not Available,Not Available,Tenant areas only,Not Available,Not Available,Not Available,Not Available,Not Available,34,Not Available,No,Not Available,0,7209098.7,Not Available,Not Available,Not Available,No,0.98696,Not Available,256,Not Available,0,Not Available,Not Available,Not Available,1043872,Not Available,2015-04-30T19:15:21.000,Not Available,Not Available,Not Available,108.0,Not Available,Not Available,Not Available,0.06924,47.1,Not Available,0,No,Not Available,Not Available,Not Available,-46.9,New York,400,Not Available
2610216,Parking Garage,5935 Broadway,Not Available,Not Available,Not Available,Not Available,Not Available,Ok,Not Available,No,Not Available,648334.6,Not Available,Not Available,Not Available,Parking,Not Available,Not Available,Not Available,648334.6,Not Available,Not Available,Not Available,Whole Building,29812.18,Not Available,Not Available,Not Available,Not Available,0,Not Available,No,Not Available,Not Available,642380.9,Not Available,Not Available,Not Available,No,Not Available,Not Available,Not Available,Not Available,Not Available,Not Available,Not Available,Not Available,2084023,Not Available,2015-04-01T12:27:22.000,Not Available,Not Available,Not Available,208.0,Not Available,Not Available,Not Available,Not Available,Not Available,Not Available,0,No,Not Available,Not Available,Not Available,Not Available,Not Available,Not Available,Not Available
2605876,160 Fifth Avenue,160 Fifth Avenue,Not Available,Not Available,Not Available,-13.6,Not Available,Ok,139763,No,Not Available,7969834.9,184,Not Available,Not Available,Office,2015-04-30,Not Available,Not Available,7969834.9,No,Not Available,Not Available,Whole Building,495542.56,Not Available,Not Available,Not Available,Not Available,142.9,Not Available,No,Not Available,Not Available,9773666.2,Not Available,Not Available,Not Available,Yes,Not Available,Not Available,Not Available,Not Available,Not Available,Not Available,Not Available,Not Available,1015500,Not Available,2015-04-30T12:39:21.000,Not Available,100,Not Available,105.0,1898147.4,1.31651,573647.5,Not Available,81.7,Not Available,0,No,Not Available,Not Available,Not Available,-13.6,Not Available,Not Available,Not Available
2384169,50 Park Avenue,50 Park Avenue,Not Available,Not Available,Not Available,-19.4,Not Available,Ok,Not Available,No,Not Available,2301261.2,Not Available,Not Available,Not Available,Multifamily Housing,Not Available,Not Available,Not Available,2301261.3,Not Available,Not Available,Not Available,Whole Building,Not Available,Not Available,Not Available,Not Available,Not Available,478.4,Not Available,No,Not Available,0,Not Available,11,Not Available,0,No,0.96477,Not Available,125,Not Available,0,Not Available,Not Available,Not Available,1017205,Not Available,2015-07-31T15:12:54.000,Not Available,Not Available,Not Available,106.0,Not Available,Not Available,Not Available,Not Available,81.1,Not Available,0,No,Not Available,Not Available,Not Available,-19.4,Not Available,143,Not Available
1261447,Time Warner Center,10 Columbus Circle,Not Available,Not Available,Not Available,194.7,Not Available,Ok,920504,Yes,Not Available,250133988.2,2300,Not Available,1567596.05,Office,2015-05-01,Not Available,Not Available,250133993,Not Available,Not Available,Not Available,Whole Building,Not Available,Not Available,Not Available,Not Available,Not Available,1406,0.71886,No,Not Available,Not Available,Not Available,Not Available,Not Available,Not Available,Yes,Not Available,Not Available,Not Available,Not Available,0.1,Not Available,Not Available,Not Available,1026318,Not Available,2015-05-01T17:16:44.000,Not Available,100,Not Available,104.0,Not Available,2.49863,Not Available,0.06743,52.6,Not Available,0,Yes,145397723.5,Not Available,Not Available,194.7,Not Available,Not Available,Not Available
1719778,Court Square Place,24-01 44th Road,Not Available,Not Available,Not Available,54.4,Not Available,Ok,275252,No,Not Available,17570298.2,854,Not Available,Not Available,Office,2015-04-07,Not Available,Not Available,17570298.7,Not Available,Not Available,Not Available,Whole Building,Not Available,Not Available,Not Available,Not Available,Not Available,391.1,Not Available,No,Not Available,Not Available,24395186.1,Not Available,Not Available,Not Available,Yes,Not Available,Not Available,Not Available,Not Available,0.2,02/03/2014,Not Available,Not Available,4005157,Not Available,2015-04-08T06:44:29.000,Not Available,100,08/31/2014,402.0,Not Available,3.10261,Not Available,Not Available,58.7,Not Available,0,No,Not Available,Not Available,Not Available,54.4,Not Available,Not Available,Not Available
2615596,Austin Towers Condo,87-30 62nd Ave,Not Available,Not Available,Not Available,5.8,Not Available,Ok,Not Available,No,Not Available,1319946.7,Not Available,Not Available,Not Available,Multifamily Housing,2015-04-20,Not Available,Not Available,1319946.5,Not Available,Not Available,Not Available,Whole Building,Not Available,Not Available,Not Available,Not Available,Not Available,265.3,Not Available,No,Not Available,0,6137288.8,Not Available,Not Available,44106.31,Yes,1.33329,Not Available,90,Not Available,0.7,Not Available,Not Available,Not Available,4312067,Not Available,2015-04-28T10:01:06.000,Not Available,Not Available,Not Available,406.0,Not Available,Not Available,Not Available,Not Available,88.4,Not Available,0,No,Not Available,Not Available,Not Available,5.8,Queens,54,Not Available
2551982,Total Realty: 1235 Concourse Tenants Corp,1235 Grand Concourse,Not Available,Not Available,Not Available,-10.6,Not Available,Ok,Not Available,No,Not Available,2543175.1,Not Available,Not Available,Not Available,Multifamily Housing,Not Available,Not Available,Not Available,2543175.1,Not Available,5973195.8,Not Available,Whole Building,Not Available,Not Available,Not Available,Not Available,Not Available,485.9,Not Available,No,Not Available,134,Not Available,Not Available,Not Available,0,No,1.28846,Not Available,134,Not Available,0.1,Not Available,Not Available,Not Available,2002849,Not Available,2015-05-01T17:22:40.000,Not Available,Not Available,Not Available,204.0,Not Available,Not Available,Not Available,Not Available,98.9,Not Available,0,No,Not Available,Not Available,Not Available,-10.6,Not Available,245,Not Available
2617469,"MBSF Alabama, LLC",300 Liberty Avenue,Not Available,Not Available,Not Available,Not Available,Not Available,Ok,Not Available,No,Not Available,Not Available,Not Available,Not Available,Not Available,Non-Refrigerated Warehouse,Not Available,Not Available,Not Available,Not Available,Not Available,Not Available,Not Available,Whole Building,Not Available,Not Available,Not Available,Not Available,Not Available,Not Available,Not Available,No,Not Available,Not Available,Not Available,Not Available,Not Available,Not Available,No,Not Available,Not Available,Not Available,5,Not Available,Not Available,Not Available,Not Available,3083643,Not Available,2015-04-29T15:08:09.000,Not Available,Not Available,Not Available,305.0,Not Available,Not Available,62809.93,Not Available,28.5,Not Available,0,No,Not Available,Not Available,Not Available,Not Available,Kings,Not Available,Not Available
2386585,475 Park Avenue,475 Park Avenue,Not Available,Not Available,Not Available,32.6,Not Available,Ok,10000,No,Not Available,2836597.9,23,Not Available,Not Available,Multifamily Housing,Not Available,Not Available,Not Available,2836597.9,Not Available,Not Available,Not Available,Whole Building,Not Available,Not Available,Not Available,Not Available,Not Available,2.6,Not Available,No,Not Available,0,13457388.3,Not Available,Not Available,Not Available,No,0.53183,Not Available,62,Not Available,0,Not Available,Not Available,Not Available,1036921,Not Available,2015-07-31T15:12:54.000,Not Available,100,Not Available,105.0,Not Available,2.3,Not Available,0,80.2,Not Available,0,Yes,11108659.3,Not Available,Not Available,32.6,Not Available,110,Not Available
2430719,Trinity- 137 Varick,137 Varick St,Not Available,Not Available,Not Available,-47.3,Not Available,Ok,87826,No,Not Available,3134114.7,373.04,Not Available,Not Available,Office,Not Available,Not Available,Not Available,3134114.8,Not Available,Not Available,Not Available,Whole Building,193618.23,Not Available,Not Available,Not Available,Not Available,0,Not Available,No,Not Available,Not Available,5202241.9,Not Available,Not Available,Not Available,No,Not Available,Not Available,Not Available,15,Not Available,07/15/2014,Not Available,Not Available,1009745,Not Available,2015-04-29T11:46:45.000,Not Available,100,04/30/2015,102.0,Not Available,4.24747,367651.21,Not Available,112.4,Not Available,0,No,2420107.5,Not Available,Not Available,-47.3,Not Available,Not Available,Not Available
2638321,155 West 81,155 West 81st Street,Not Available,Not Available,Not Available,-15.7,Not Available,Ok,3510,No,Not Available,968643.6,6,Not Available,Not Available,Multifamily Housing,Not Available,Not Available,Not Available,968643.6,Not Available,5152632,Not Available,Whole Building,Not Available,Not Available,Not Available,Not Available,Not Available,398.9,Not Available,No,Not Available,0,Not Available,Not Available,Not Available,Not Available,No,0.88088,Not Available,66,Not Available,Not Available,Not Available,Not Available,Not Available,1032045,Not Available,2015-04-29T17:00:59.000,Not Available,100,Not Available,107.0,Not Available,1.7094,Not Available,Not Available,95.6,Not Available,0,Yes,Not Available,Not Available,Not Available,-15.7,Not Available,104.9,Not Available
2612523,Walter & Samuels - 18 E 41st,18 E 41st,Not Available,Not Available,Not Available,-31.8,Not Available,Ok,107236,No,Not Available,3886414,294,Not Available,Not Available,Office,2015-04-23,Not Available,Not Available,3886414.7,Not Available,Not Available,Not Available,Whole Building,Not Available,Not Available,Not Available,Not Available,Not Available,406.9,Not Available,Yes,Not Available,Not Available,9110020.2,Not Available,Not Available,Not Available,Yes,Not Available,4000,Not Available,Not Available,0,Not Available,Not Available,Not Available,1035324,Not Available,2015-04-29T11:52:57.000,Not Available,100,Not Available,,Not Available,2.74162,Not Available,Not Available,125.2,Not Available,0,No,Not Available,Not Available,Not Available,-31.8,Not Available,Not Available,Not Available
2558304,185 West  Broadway,185 West Broadway,Not Available,Not Available,Not Available,37344.4,Not Available,Ok,15000,No,Not Available,16000460,35,Not Available,6358.83,K-12 School,Not Available,Not Available,Not Available,16000461.4,Not Available,Not Available,Not Available,Whole Building,1185070.3,Not Available,Not Available,Not Available,Not Available,0,Not Available,No,Not Available,Not Available,11478996673,Not Available,Not Available,Not Available,No,Not Available,Not Available,Not Available,Not Available,Not Available,Not Available,Not Available,Not Available,1001967,265000,2015-04-30T10:13:24.000,Not Available,25,Not Available,101.0,Not Available,2.33333,3164.88,Not Available,114.8,Not Available,0,Yes,12021166780,Not Available,Not Available,37344.4,New York,Not Available,Not Available
2637924,20 W 77 St.,20 W 77 Street,Not Available,Not Available,Not Available,-31.5,Not Available,Ok,Not Available,No,Not Available,688726.5,Not Available,Not Available,Not Available,Multifamily Housing,Not Available,Not Available,Not Available,688726.5,No,Not Available,Not Available,Whole Building,Not Available,Not Available,Not Available,Not Available,Not Available,239.8,Not Available,Yes,Not Available,0,3667248,Not Available,Not Available,Not Available,No,0.5279,Not Available,31,Not Available,0,Not Available,Not Available,Not Available,1028818,Not Available,2015-04-30T14:18:35.000,Not Available,Not Available,Not Available,107.0,3145855.8,Not Available,Not Available,Not Available,96.8,Not Available,0,No,Not Available,Not Available,Not Available,-31.5,Not Available,76,Not Available
2408444,387 Park South L.L.C.,387 Park Avenue South,Not Available,Not Available,Not Available,-37.4,Not Available,Ok,179568,No,Not Available,9919554.8,551,Not Available,Not Available,Office,2015-04-30,Not Available,29,9919554.1,Not Available,Not Available,Not Available,Whole Building,Not Available,Not Available,Not Available,Not Available,Not Available,312.2,Not Available,Yes,12458,Not Available,Not Available,Not Available,Not Available,Not Available,Yes,Not Available,Not Available,Not Available,15,0,08/16/2013,Not Available,Not Available,1018162,Not Available,2015-04-30T19:42:16.000,Not Available,91.6,02/28/2014,105.0,Not Available,3.06848,Not Available,0,104.7,Not Available,0,No,Not Available,Not Available,Not Available,-37.4,Manhattan,Not Available,Not Available
2539059,Winter- 599 11th Ave,599 11th Ave,Not Available,Not Available,Not Available,-41.1,Not Available,Ok,37205,No,Not Available,940565.2,36,Not Available,Not Available,Office,Not Available,Not Available,Not Available,940565.2,No,Not Available,Not Available,Whole Building,Not Available,Not Available,Not Available,Not Available,Not Available,134,Not Available,Yes,Not Available,Not Available,2468721,Not Available,Not Available,Not Available,No,Not Available,Not Available,Not Available,Not Available,0,Not Available,Not Available,Not Available,1027098,Not Available,2015-04-22T15:21:30.000,Not Available,100,Not Available,104.0,1778967.1,0.96761,Not Available,Not Available,82.4,Not Available,0,No,Not Available,Not Available,Not Available,-41.1,Not Available,Not Available,Not Available
2387304,44 Gramercy Park North,44 Gramercy Park North,Not Available,Not Available,Not Available,-19.1,Not Available,Ok,Not Available,No,Not Available,1333888.5,Not Available,Not Available,Not Available,Multifamily Housing,Not Available,Not Available,Not Available,1333888.6,Not Available,Not Available,Not Available,Whole Building,Not Available,Not Available,Not Available,Not Available,Not Available,350.9,Not Available,No,Not Available,0,Not Available,Not Available,Not Available,Not Available,No,0.71827,Not Available,67,Not Available,0,Not Available,Not Available,Not Available,1017994,Not Available,2015-07-31T15:12:54.000,Not Available,Not Available,Not Available,106.0,Not Available,Not Available,Not Available,Not Available,80.8,Not Available,0,No,Not Available,Not Available,Not Available,-19.1,Not Available,95,Not Available
2271560,Stabile Hall,203 Emerson Pl,Not Available,Not Available,Not Available,6,Not Available,Ok,Not Available,No,Not Available,3160876.6,Not Available,Not Available,Not Available,Residence Hall/Dormitory,2015-04-24,Not Available,Not Available,3160876.8,Not Available,Not Available,Not Available,Whole Building,Not Available,Not Available,Not Available,Not Available,Not Available,237.7,Not Available,No,Not Available,Not Available,Not Available,Not Available,Not Available,Not Available,Yes,Not Available,Not Available,Not Available,Not Available,Not Available,Not Available,Not Available,Not Available,3331567,Not Available,2015-04-24T12:14:09.000,Not Available,Not Available,Not Available,302.0,Not Available,Not Available,Not Available,Not Available,96,Not Available,0,No,Not Available,Not Available,Not Available,6,Kings,Not Available,Not Available
2638326,Marben Realty,308 West104,Not Available,Not Available,Not Available,Not Available,Not Available,Ok,Not Available,No,Not Available,585059.8,Not Available,Not Available,Not Available,Multifamily Housing,Not Available,Not Available,Not Available,585059.7,No,Not Available,Not Available,Whole Building,Not Available,Not Available,Not Available,Not Available,Not Available,Not Available,Not Available,No,Not Available,0,Not Available,Not Available,Not Available,Not Available,No,0.67191,Not Available,38,Not Available,Not Available,Not Available,Not Available,Not Available,1057200,Not Available,2015-04-29T17:00:59.000,Not Available,Not Available,Not Available,,Not Available,Not Available,80516.17,Not Available,59.6,Not Available,0,Yes,Not Available,Not Available,Not Available,Not Available,Not Available,79.18,Not Available
1069082,51 Madison,51 Madison Avenue,Not Available,Not Available,Not Available,-30.3,Not Available,Ok,1358801,No,Not Available,73988371.2,5404,Not Available,Not Available,Office,Not Available,Not Available,953,73988367,Not Available,Not Available,Not Available,Whole Building,4502921.94,Not Available,Not Available,Not Available,Not Available,0,Not Available,No,Not Available,Not Available,146317614.7,Not Available,Not Available,Not Available,No,Not Available,Not Available,Not Available,Not Available,Not Available,12/30/2014,Not Available,Not Available,1016880,Not Available,2015-05-01T11:51:38.000,Not Available,100,08/31/2015,105.0,Not Available,3.97704,6457226.08,Not Available,144.2,Not Available,0,No,78285333.4,Not Available,Not Available,-30.3,Not Available,Not Available,Not Available
2637481,600 Fifth Avenue (Bld 17),600 Fifth Avenue,Not Available,Not Available,Not Available,5.1,Not Available,Ok,326305,No,Not Available,25450356.6,887,Not Available,Not Available,Office,Not Available,Not Available,Not Available,25450357.1,Not Available,Not Available,Not Available,Whole Building,Not Available,Not Available,Not Available,Not Available,Not Available,0,Not Available,No,Not Available,Not Available,45980262.2,Not Available,Not Available,Not Available,No,Not Available,Not Available,Not Available,Not Available,Not Available,Not Available,Not Available,Not Available,1034506,Not Available,2015-04-30T10:33:52.000,Not Available,100,Not Available,105.0,Not Available,2.71832,Not Available,0.01433,112.6,Not Available,0,No,15050700.4,Not Available,Not Available,5.1,Not Available,Not Available,Not Available
1439975,19E 57th Street,19E 57th Street,Not Available,Not Available,Not Available,6.6,Not Available,Ok,97511,No,Not Available,8266190.2,411.08,Not Available,Not Available,Office,Not Available,Not Available,Not Available,8266191,Not Available,Not Available,Not Available,Whole Building,Not Available,Not Available,Not Available,Not Available,Not Available,0,Not Available,No,Not Available,Not Available,10798062,Not Available,Not Available,Not Available,No,Not Available,Not Available,Not Available,3,Not Available,Not Available,Not Available,Not Available,1086164,Not Available,2015-04-24T11:46:18.000,Not Available,100,Not Available,105.0,Not Available,4.21578,Not Available,Not Available,103,Not Available,0,No,2792433.9,Not Available,Not Available,6.6,Not Available,Not Available,Not Available
2637424,561 Seventh Ave,561 Seventh Ave,Not Available,Not Available,Not Available,4.2,Not Available,Ok,64050,No,Not Available,4282747,131,Not Available,Not Available,Office,2015-04-13,Not Available,Not Available,4282745.8,No,Not Available,Not Available,Whole Building,Not Available,Not Available,Not Available,Not Available,Not Available,337.7,Not Available,No,Not Available,Not Available,8529851.2,Not Available,Not Available,Not Available,Yes,Not Available,4200,Not Available,9,0.1,Not Available,Not Available,Not Available,1022558,Not Available,2015-04-13T10:44:53.000,Not Available,82.44,Not Available,105.0,3890498.6,2.04528,Not Available,Not Available,109.4,Not Available,0,No,Not Available,Not Available,Not Available,4.2,usa,Not Available,Not Available
2430725,Trinity- 155 Aof A,155 Avenue of Americas,Not Available,Not Available,Not Available,-48.7,Not Available,Ok,234151,No,Not Available,8337836.4,564.33,Not Available,Not Available,Office,Not Available,Not Available,Not Available,8337836.2,Not Available,Not Available,Not Available,Whole Building,Not Available,Not Available,Not Available,Not Available,Not Available,514.9,Not Available,No,Not Available,Not Available,14630035.7,Not Available,Not Available,1816.21,No,Not Available,Not Available,Not Available,20,0,10/16/2014,Not Available,Not Available,1007385,Not Available,2015-04-29T11:46:45.000,Not Available,100,07/31/2015,102.0,Not Available,2.41011,Not Available,Not Available,120.1,Not Available,0,No,Not Available,Not Available,Not Available,-48.7,Not Available,Not Available,Not Available
2494990,2 MetroTech Center,100 Myrtle Ave,Not Available,Not Available,Not Available,-34.2,Not Available,Ok,469405,No,Not Available,70752765.6,595,Not Available,Not Available,Office,Not Available,Not Available,Not Available,70752767.4,Not Available,Not Available,Not Available,Whole Building,Not Available,Not Available,Not Available,Not Available,Not Available,858.1,Not Available,Yes,Not Available,Not Available,86690725.4,Not Available,Not Available,Not Available,No,Not Available,Not Available,Not Available,Not Available,0.3,Not Available,Not Available,Not Available,3255603,Not Available,2015-04-06T10:18:55.000,Not Available,99.86,Not Available,302.0,Not Available,1.26756,Not Available,Not Available,262.1,Not Available,0,No,Not Available,Not Available,Not Available,-34.2,Not Available,Not Available,"N+1, N"
2008956,Site 18B,211NEA,Not Available,Not Available,Not Available,15.5,Not Available,Ok,Not Available,No,Not Available,8194221.6,Not Available,Not Available,Not Available,Multifamily Housing,2015-04-13,Not Available,Not Available,8194221.7,Not Available,Not Available,Not Available,Whole Building,495149.83,Not Available,Not Available,Not Available,Not Available,997.2,Not Available,No,Not Available,0,26968244.5,Not Available,Not Available,92434.84,Yes,0.85522,Not Available,254,Not Available,0.6,Not Available,Not Available,Not Available,1086547,Not Available,2015-04-22T16:03:08.000,Not Available,Not Available,Not Available,,Not Available,Not Available,428753.25,Not Available,77.8,Not Available,0,No,Not Available,Not Available,Not Available,15.5,Not Available,401,Not Available
2586293,TEN SEVENTY ONE ASSOCIATES,1071 6TH AVENUE,Not Available,Not Available,Not Available,-30.5,Not Available,Ok,172177,No,Not Available,8660349.8,260,Not Available,Not Available,Office,Not Available,Not Available,Not Available,8660348.6,No,Not Available,Not Available,Whole Building,Not Available,Not Available,Not Available,Not Available,Not Available,253.7,Not Available,Yes,Not Available,Not Available,12073849.2,Not Available,Not Available,Not Available,No,Not Available,Not Available,Not Available,Not Available,0,11/29/2013,Not Available,Not Available,1022566,Not Available,2015-04-27T20:42:40.000,Not Available,100,07/31/2014,105.0,3368073.9,1.51007,Not Available,Not Available,92.8,Not Available,0,No,Not Available,Not Available,Not Available,-30.5,Not Available,Not Available,Not Available
2383823,235 East 49th Street,235 East 49th Street,Not Available,Not Available,Not Available,-44.1,Not Available,Ok,Not Available,No,Not Available,1436542,Not Available,Not Available,Not Available,Multifamily Housing,Not Available,Not Available,Not Available,1436542.1,Not Available,Not Available,Not Available,Whole Building,Not Available,Not Available,Not Available,Not Available,Not Available,199.4,Not Available,No,Not Available,0,Not Available,Not Available,Not Available,Not Available,No,0.53619,Not Available,60,Not Available,0,Not Available,Not Available,Not Available,1038229,7000,2015-07-31T15:12:54.000,Not Available,Not Available,Not Available,106.0,Not Available,Not Available,Not Available,Not Available,61.5,Not Available,0,No,Not Available,Not Available,Not Available,-44.1,Not Available,68,Not Available
2633349,FEDERATION ASSOC.,67 WEST 47th STREET,Not Available,Not Available,Not Available,-5.2,Not Available,Ok,91515,No,Not Available,5628656.8,160,Not Available,0,Office,2015-04-22,Not Available,Not Available,5628657,Not Available,Not Available,Not Available,Whole Building,Not Available,Not Available,Not Available,Not Available,Not Available,3.1,Not Available,No,Not Available,Not Available,7858986.1,Not Available,Not Available,0,Yes,Not Available,Not Available,Not Available,Not Available,0,Not Available,Not Available,Not Available,1034471,Not Available,2015-04-23T09:25:38.000,Not Available,100,Not Available,105.0,Not Available,1.74835,Not Available,Not Available,93.9,Not Available,0,No,2457204.4,Not Available,Not Available,-5.2,Not Available,Not Available,Not Available
2598358,Flushing,13620 Roosevelt Ave,Not Available,Not Available,Not Available,167.9,Not Available,Ok,Not Available,No,Not Available,21965311.2,Not Available,Not Available,Not Available,Retail Store,Not Available,Not Available,Not Available,21965309.6,Not Available,Not Available,Not Available,Whole Building,Not Available,Not Available,Not Available,Not Available,Not Available,1784.1,Not Available,No,Not Available,Not Available,54263813.2,Not Available,Not Available,Not Available,No,Not Available,Not Available,Not Available,Not Available,1.9,Not Available,Not Available,Not Available,4113546,Not Available,2015-04-30T19:15:21.000,Not Available,Not Available,Not Available,407.0,Not Available,Not Available,Not Available,0,124.3,Not Available,0,Yes,Not Available,Not Available,Not Available,167.9,Queens,Not Available,Not Available
2313463,90 Church Street,90 Church Street,Not Available,Not Available,Not Available,-40.1,Not Available,Ok,1056304,No,Not Available,53394473.6,2342,Not Available,Not Available,Office,Not Available,Not Available,Not Available,53394490.4,Not Available,Not Available,Not Available,Whole Building,Not Available,Not Available,Not Available,Not Available,Not Available,0,Not Available,Yes,Not Available,Not Available,72991963.1,Not Available,Not Available,Not Available,No,Not Available,Not Available,Not Available,Not Available,Not Available,01/06/2014,Not Available,Not Available,1001230,Not Available,2015-04-17T07:53:53.000,Not Available,100,08/31/2014,101.0,Not Available,2.21716,Not Available,Not Available,101.2,Not Available,0,No,21516625.4,Not Available,Not Available,-40.1,Not Available,Not Available,Not Available
2617091,Hostelling International - NY,891 Amsterdam Avenue,Not Available,Not Available,Not Available,17.8,Not Available,Ok,Not Available,No,Not Available,4961532.5,Not Available,Not Available,Not Available,Hotel,Not Available,Not Available,Not Available,4961532.5,Not Available,Not Available,Not Available,Whole Building,274175.08,Not Available,Not Available,Not Available,Not Available,275.6,0.23529,No,Not Available,Not Available,9955673.1,Not Available,Not Available,57850.47,No,Not Available,Not Available,Not Available,Not Available,0.5,Not Available,Not Available,Not Available,1055912,Not Available,2015-04-16T13:48:42.000,Not Available,Not Available,Not Available,107.0,Not Available,Not Available,232741.36,Not Available,92.1,Not Available,0,No,Not Available,Not Available,Not Available,17.8,Not Available,Not Available,Not Available
2587541,MMS422 - South Street,204-221 South Street,Not Available,Not Available,Not Available,137.4,Not Available,Ok,Not Available,No,Not Available,8184705.8,Not Available,Not Available,Not Available,Self-Storage Facility,2015-04-28,Not Available,Not Available,8184705.6,Not Available,Not Available,Not Available,Whole Building,542961.13,Not Available,Not Available,Not Available,Not Available,157.7,Not Available,No,Not Available,Not Available,10516591.2,Not Available,Not Available,56152.54,Yes,Not Available,Not Available,Not Available,Not Available,0.1,Not Available,Not Available,Not Available,1003205,Not Available,2015-04-29T10:09:48.000,Not Available,Not Available,Not Available,103.0,Not Available,Not Available,228720.8,Not Available,18.4,Not Available,0,No,Not Available,Not Available,Not Available,137.4,Not Available,Not Available,Not Available
1345438,1 Madison,One Madison Avenue,Not Available,Not Available,Not Available,-25.7,Not Available,Ok,1143356,No,Not Available,80791667.8,4724.66,Not Available,Not Available,Office,2015-04-22,Not Available,19,80791656.2,Not Available,Not Available,Not Available,Whole Building,2620865.36,Not Available,Not Available,Not Available,Not Available,112,Not Available,No,Not Available,Not Available,117172119.3,Not Available,Not Available,18054.35,Yes,Not Available,7500,Not Available,Not Available,0,11/19/2014,Not Available,Not Available,1088749,Not Available,2015-04-22T15:45:35.000,Not Available,100,08/31/2015,,Not Available,4.13227,3527789.61,1.25554,137.3,Not Available,0,No,37170738.8,Not Available,Not Available,-25.7,Not Available,Not Available,2N
1943396,11386 - 3041 Broadway,3041 Broadway,Not Available,Not Available,Not Available,-16.2,Not Available,Ok,50000,No,Not Available,7801515.5,60,Not Available,Not Available,Residence Hall/Dormitory,Not Available,Not Available,Not Available,7801514.1,Not Available,Not Available,Not Available,Whole Building,305106.93,Not Available,Not Available,Not Available,Not Available,1187.1,Not Available,No,Not Available,Not Available,Not Available,Not Available,Not Available,100888.36,No,Not Available,Not Available,Not Available,Not Available,Not Available,Not Available,Not Available,Not Available,1059836,110000,2015-05-01T15:35:27.000,Not Available,100,Not Available,109.0,Not Available,1.2,364031.32,Not Available,94.7,Not Available,0,Yes,Not Available,Not Available,Not Available,-16.2,Not Available,Not Available,Not Available
2591543,TRUSTEES OF THE MASONIC HALL,71 WEST 23RD STREET,Not Available,Not Available,Not Available,-23.9,Not Available,Ok,360038,No,Not Available,15414788.5,535,Not Available,Not Available,Office,2015-04-29,Not Available,10,15414788.2,No,Not Available,Not Available,Whole Building,Not Available,Not Available,Not Available,Not Available,Not Available,1082,Not Available,No,Not Available,Not Available,34298969.8,Not Available,Not Available,Not Available,Yes,Not Available,Not Available,Not Available,Not Available,0.5,Not Available,Not Available,Not Available,1015575,Not Available,2015-04-29T18:47:10.000,Not Available,100,Not Available,105.0,Not Available,1.48595,Not Available,1.71914,126.2,Not Available,0,Yes,Not Available,Not Available,Not Available,-23.9,Not Available,Not Available,Not Available
1407338,Chrysler Building,405 Lexington Avenue,Not Available,Not Available,Not Available,-37.9,Not Available,Ok,1251273,No,Not Available,57361920,3262,Not Available,Not Available,Office,Not Available,Not Available,100,57361929.8,Not Available,Not Available,Not Available,Whole Building,Not Available,Not Available,Not Available,Not Available,Not Available,0,Not Available,Yes,Not Available,Not Available,90008678.7,14,Not Available,Not Available,No,Not Available,Not Available,Not Available,0,Not Available,04/10/2012,Not Available,Not Available,1036156,Not Available,2015-04-27T14:30:59.000,Not Available,100,01/31/2013,106.0,Not Available,2.60694,Not Available,Not Available,118.7,Not Available,0,No,37288689.5,Not Available,Not Available,-37.9,Not Available,Not Available,Not Available
1446423,32 Old Slip,32 Old Slip,Not Available,Not Available,Not Available,-22.2,Not Available,Ok,867925,No,Not Available,68085633.5,2137.3,Not Available,Not Available,Office,Not Available,Not Available,837.68,68085641.1,Not Available,Not Available,Not Available,Whole Building,Not Available,Not Available,Not Available,Not Available,Not Available,0,Not Available,No,Not Available,Not Available,90069845.5,Not Available,Not Available,Not Available,No,Not Available,Not Available,Not Available,Not Available,Not Available,Not Available,Not Available,Not Available,1000867,Not Available,2015-04-27T16:31:10.000,Not Available,100,Not Available,101.0,Not Available,2.46254,Not Available,Not Available,104,Not Available,0,Yes,25077127.7,Not Available,Not Available,-22.2,Not Available,Not Available,Not Available
1273025,90 Park,90 Park Ave,Not Available,Not Available,Not Available,-5.4,Not Available,Ok,837815,No,Not Available,57325394.4,2600,Not Available,Not Available,Office,Not Available,Not Available,Not Available,57325387.3,Not Available,Not Available,Not Available,Whole Building,Not Available,Not Available,Not Available,Not Available,Not Available,31.6,Not Available,No,Not Available,Not Available,101726003.5,Not Available,Not Available,Not Available,No,Not Available,Not Available,Not Available,53,0,Not Available,Not Available,Not Available,1017595,Not Available,2015-04-30T19:15:21.000,Not Available,100,Not Available,106.0,Not Available,3.10331,Not Available,Not Available,124.9,Not Available,0,No,44992156.8,Not Available,29,-5.4,Not Available,Not Available,Not Available
2637930,261 Broadway,261 Broadway,Not Available,Not Available,Not Available,7.2,Not Available,Ok,Not Available,No,Not Available,2672692.7,Not Available,Not Available,Not Available,Multifamily Housing,Not Available,Not Available,Not Available,2672692.6,Not Available,Not Available,Not Available,Whole Building,0,Not Available,Not Available,Not Available,Not Available,318.1,Not Available,No,Not Available,0,8560416,Not Available,Not Available,0,No,0.57778,Not Available,65,Not Available,0.5,Not Available,Not Available,Not Available,1001473,Not Available,2015-04-30T14:18:35.000,Not Available,Not Available,Not Available,101.0,Not Available,Not Available,0,Not Available,65.5,Not Available,0,No,Not Available,Not Available,Not Available,7.2,Not Available,90,Not Available
2386843,7 East 14th Street  - Victoria Owner's Corp,7 East 14th Street,Not Available,Not Available,Not Available,23.9,Not Available,Ok,Not Available,No,Not Available,8612548.5,Not Available,Not Available,Not Available,Multifamily Housing,Not Available,Not Available,Not Available,8612549.9,Not Available,2681999.9,Not Available,Whole Building,Not Available,Not Available,Not Available,Not Available,Not Available,2133.7,Not Available,No,Not Available,0,47660433.5,Not Available,Not Available,Not Available,No,1.21148,Not Available,495,Not Available,0.8,Not Available,Not Available,Not Available,1016062,Not Available,2015-07-31T15:12:54.000,Not Available,Not Available,Not Available,105.0,Not Available,Not Available,Not Available,0,89.7,Not Available,0,Yes,Not Available,Not Available,Not Available,23.9,Not Available,547,Not Available
2559047,"Pelican: Rockaway One Company14, LLC",20-21 thru 20-31 Seagirt Blvd,Not Available,Not Available,Not Available,Not Available,Not Available,Ok,Not Available,No,Not Available,642716.6,Not Available,Not Available,Not Available,Multifamily Housing,Not Available,Not Available,Not Available,642716.7,Not Available,Not Available,Not Available,Whole Building,Not Available,Not Available,Not Available,Not Available,Not Available,Not Available,Not Available,No,Not Available,264,Not Available,Not Available,Not Available,Not Available,No,1.22392,Not Available,264,Not Available,Not Available,Not Available,Not Available,Not Available,4436092;4440811;44408010;4436091;4436092;4440808;4440809,Not Available,2015-04-30T20:49:24.000,Not Available,Not Available,Not Available,,Not Available,Not Available,307087.59,Not Available,59.6,Not Available,0,No,Not Available,Not Available,Not Available,Not Available,Queens,291,Not Available
2640556,61-19 223 PLACE,61-19 223 PLACE,Not Available,Not Available,Not Available,Not Available,Not Available,Ok,Not Available,No,Not Available,Not Available,Not Available,Not Available,Not Available,Multifamily Housing,2015-04-29,Not Available,Not Available,Not Available,Not Available,Not Available,Not Available,Whole Building,Not Available,Not Available,Not Available,Not Available,Not Available,61.3,Not Available,No,Not Available,0,Not Available,Not Available,Not Available,0,Yes,1.23457,Not Available,15,Not Available,0.9,Not Available,Not Available,Not Available,4444390,Not Available,2015-04-30T11:05:26.000,Not Available,Not Available,Not Available,411.0,Not Available,Not Available,17297.7,Not Available,59.6,Not Available,0,No,Not Available,Not Available,Not Available,Not Available,Not Available,26,Not Available
2603248,220 Riverside Boulevard,220 Riverside Boulevard,Not Available,Not Available,Not Available,8.5,Not Available,Ok,Not Available,No,Not Available,20962848,Not Available,Not Available,Not Available,Multifamily Housing,2015-04-30,Not Available,Not Available,20962846.9,Not Available,Not Available,Not Available,Whole Building,1230980.76,Not Available,Not Available,Not Available,Not Available,1750.4,Not Available,No,Not Available,0,52759929.1,Not Available,Not Available,0,Yes,0.55331,Not Available,440,Not Available,0.4,Not Available,Not Available,Not Available,1086065,Not Available,2015-04-30T14:20:15.000,Not Available,Not Available,Not Available,107.0,Not Available,Not Available,1135032.46,Not Available,62.5,Not Available,0,No,Not Available,Not Available,Not Available,8.5,Not Available,726,Not Available
2612482,Walter & Samuels - 225 W 39th,225 W 39th,Not Available,Not Available,Not Available,-25.4,Not Available,Ok,74000,No,Not Available,3265548.7,90,Not Available,26300.56,Office,2015-04-15,Not Available,Not Available,3265548.8,Not Available,Not Available,Not Available,Whole Building,170688.82,Not Available,Not Available,Not Available,Not Available,205,Not Available,No,Not Available,Not Available,6001240.2,Not Available,Not Available,Not Available,Yes,Not Available,Not Available,Not Available,Not Available,Not Available,01/23/2012,Not Available,Not Available,1014500,Not Available,2015-04-16T14:52:52.000,Not Available,100,11/30/2012,,Not Available,1.21622,228953.79,0,89.3,Not Available,0,Yes,Not Available,Not Available,Not Available,-25.4,Not Available,Not Available,Not Available
2384020,175 West 13th Street - Cambridge,175 West 13th Street,Not Available,Not Available,Not Available,3.8,Not Available,Ok,Not Available,No,Not Available,2295078.3,Not Available,Not Available,Not Available,Multifamily Housing,Not Available,Not Available,Not Available,2295078.4,Not Available,Not Available,Not Available,Whole Building,Not Available,Not Available,Not Available,Not Available,Not Available,17.7,Not Available,No,Not Available,0,12314065.7,Not Available,Not Available,Not Available,No,0.96257,Not Available,135,Not Available,0,Not Available,Not Available,Not Available,1010632,Not Available,2015-07-31T15:12:54.000,Not Available,Not Available,Not Available,102.0,Not Available,Not Available,Not Available,0,82,Not Available,0,Yes,9701105.8,Not Available,Not Available,3.8,Not Available,150,Not Available
1025339,425 Lexington Avenue,425 Lexington Ave,Not Available,Not Available,Not Available,-22.3,Not Available,Ok,631108,No,Not Available,47439171.8,1096,Not Available,Not Available,Office,Not Available,Not Available,408,47439185.6,Not Available,Not Available,Not Available,Whole Building,Not Available,Not Available,Not Available,Not Available,Not Available,56.2,Not Available,No,Not Available,Not Available,61508125.7,Not Available,Not Available,Not Available,No,Not Available,Not Available,Not Available,Not Available,0,Not Available,Not Available,Not Available,1036162,Not Available,2015-03-23T16:47:39.000,Not Available,100,Not Available,106.0,Not Available,1.73663,Not Available,Not Available,109.8,Not Available,0,No,14942790.8,Not Available,Not Available,-22.3,Not Available,Not Available,N+1
1211581,405 Park Avenue,405 Park Avenue,Not Available,Not Available,Not Available,-21.8,Not Available,Ok,161427,No,Not Available,8005756.3,320.71,Not Available,Not Available,Office,Not Available,Not Available,Not Available,8005756.4,Not Available,Not Available,Not Available,Whole Building,Not Available,Not Available,Not Available,Not Available,Not Available,0,Not Available,No,Not Available,Not Available,Not Available,Not Available,Not Available,Not Available,No,Not Available,Not Available,Not Available,Not Available,Not Available,Not Available,Not Available,Not Available,1036476,Not Available,2015-04-24T11:46:18.000,Not Available,100,Not Available,105.0,Not Available,1.98673,Not Available,Not Available,98.6,Not Available,0,No,4442434.8,Not Available,Not Available,-21.8,Not Available,Not Available,Not Available
2640566,64-37 223 PLACE,64-37 223 PLACE,Not Available,Not Available,Not Available,-22,Not Available,Ok,Not Available,No,Not Available,Not Available,Not Available,Not Available,Not Available,Multifamily Housing,2015-04-29,Not Available,Not Available,Not Available,Not Available,Not Available,Not Available,Whole Building,0,Not Available,Not Available,Not Available,Not Available,61.3,Not Available,No,Not Available,0,1124793.4,Not Available,Not Available,0,Yes,1.23457,Not Available,15,Not Available,0.9,Not Available,Not Available,Not Available,4444395,Not Available,2015-04-30T11:05:26.000,Not Available,Not Available,Not Available,411.0,Not Available,Not Available,0,Not Available,121.8,Not Available,0,No,Not Available,Not Available,Not Available,-22,Not Available,26,Not Available
2606040,2001 University Ave,2001 University Avenue,Not Available,Not Available,Not Available,-6.7,Not Available,Ok,Not Available,No,Not Available,1209597.9,Not Available,Not Available,Not Available,Multifamily Housing,2015-04-22,Not Available,Not Available,1209598,Not Available,Not Available,Not Available,Whole Building,Not Available,Not Available,Not Available,Not Available,Not Available,317.1,Not Available,No,Not Available,78,6875734.4,Not Available,Not Available,60223.42,Yes,1.07016,Not Available,78,Not Available,0.8,Not Available,Not Available,Not Available,2014697,Not Available,2015-04-27T14:28:25.000,Not Available,Not Available,Not Available,205.0,Not Available,Not Available,Not Available,Not Available,105.5,Not Available,0,No,Not Available,Not Available,Not Available,-6.7,Bronx,145,Not Available
2408431,Carnegie Hall Tower ll,152 West 57th Street,Not Available,Not Available,Not Available,-14.6,Not Available,Ok,555659,No,Not Available,38819842.8,1718.55,Not Available,Not Available,Office,2015-04-30,Not Available,Not Available,38819859.4,Not Available,Not Available,Not Available,Whole Building,Not Available,Not Available,Not Available,Not Available,Not Available,0,Not Available,No,Not Available,Not Available,54207319.1,Not Available,Not Available,Not Available,Yes,Not Available,700,Not Available,8,Not Available,Not Available,Not Available,Not Available,1084455,Not Available,2015-04-30T19:42:16.000,Not Available,99.05,Not Available,105.0,Not Available,3.09281,Not Available,Not Available,107.4,Not Available,0,Yes,16282144,Not Available,Not Available,-14.6,Manhattan,Not Available,2N
2539004,"Franhill Realty, LLC",205-07 Hillside Avenue,Not Available,Not Available,Not Available,-15.1,Not Available,Ok,32778,No,Not Available,1199734.7,75.39,Not Available,Not Available,Office,2015-06-12,Not Available,13.68,1199734.6,Not Available,Not Available,Not Available,"Common Area Hot Water, Common Area Plug Load/Electricity, Common Area Heating, Tenant Plug Load/Electricity, Tenant Hot Water, Tenant Cooling, Tenant Heating, Common Area Cooling",96017.98,Not Available,Not Available,Not Available,Not Available,61.4,Not Available,No,Not Available,Not Available,2280942.1,Not Available,Not Available,12158.42,Yes,Not Available,Not Available,Not Available,Not Available,0.3,Not Available,Not Available,Not Available,4224410,Not Available,2015-06-12T10:39:36.000,Not Available,100,Not Available,408.0,Not Available,2.3,113088.44,Not Available,70,Not Available,0,Yes,Not Available,Not Available,Not Available,-15.1,USA,Not Available,Not Available
2614195,344 West 38th Street,344 West 38th Street,Not Available,Not Available,Not Available,44.3,Not Available,Ok,15000,No,Not Available,1848557,42,Not Available,Not Available,Multifamily Housing,Not Available,Not Available,Not Available,1848557.1,Not Available,Not Available,Not Available,Whole Building,0,Not Available,Not Available,Not Available,Not Available,375.3,Not Available,No,Not Available,0,8285124.9,Not Available,Not Available,0,No,0.31098,Not Available,25,Not Available,0.7,Not Available,Not Available,Not Available,1013628,Not Available,2015-04-30T20:54:28.000,Not Available,66.67,Not Available,104.0,Not Available,2.8,0,Not Available,64.8,Not Available,0,Yes,Not Available,Not Available,Not Available,44.3,Not Available,50,Not Available
2604084,47 East 91st Street Condominium,47 East 91st Street,Not Available,Not Available,Not Available,30.9,Not Available,Ok,Not Available,No,Not Available,2320444.8,Not Available,Not Available,Not Available,Multifamily Housing,2015-04-01,Not Available,Not Available,2320444.9,Not Available,Not Available,Not Available,Whole Building,0,Not Available,Not Available,Not Available,Not Available,88.2,Not Available,No,Not Available,0,3867942.7,Not Available,Not Available,0,Yes,0.2182,Not Available,10,Not Available,0.3,Not Available,Not Available,Not Available,1047046,Not Available,2015-04-29T13:01:16.000,Not Available,Not Available,Not Available,108.0,Not Available,Not Available,0,Not Available,56.4,Not Available,0,No,Not Available,Not Available,15,30.9,New York,40,Not Available
2637228,200 Clinton Street,200 Clinton Street,Not Available,Not Available,Not Available,-26.1,Not Available,Ok,1315,No,Not Available,715061.9,5,Not Available,Not Available,Multifamily Housing,Not Available,Not Available,Not Available,715062.1,Not Available,Not Available,Not Available,Whole Building,Not Available,Not Available,Not Available,Not Available,Not Available,271.5,Not Available,No,Not Available,77,5531626.4,6.34,Not Available,22873.13,No,1.05295,1900,77,2,0.6,Not Available,Not Available,Not Available,3002734,Not Available,2015-04-03T10:15:49.000,Not Available,100,Not Available,302.0,Not Available,3.80228,Not Available,1.04167,97.9,Not Available,0,Yes,Not Available,Not Available,Not Available,-26.1,Not Available,92,Not Available
2636664,525 West End Avenue - 8530,525 West End Avenue,Not Available,Not Available,Not Available,-19.7,Not Available,Ok,Not Available,No,Not Available,2355136.3,Not Available,Not Available,Not Available,Multifamily Housing,Not Available,Not Available,Not Available,2355136.4,No,Not Available,Not Available,Whole Building,Not Available,Not Available,Not Available,Not Available,Not Available,754.6,Not Available,No,Not Available,0,11425644.5,11,Not Available,Not Available,No,0.62017,Not Available,114,Not Available,Not Available,Not Available,Not Available,Not Available,1033916,Not Available,2015-04-09T12:37:21.000,Not Available,Not Available,Not Available,107.0,10023191.7,Not Available,Not Available,Not Available,81.6,Not Available,0,Yes,Not Available,Not Available,Not Available,-19.7,New York,160,Not Available
1216329,FDA Queens,158-15 Liberty Ave,Not Available,Not Available,Not Available,305.5,Not Available,Ok,95272,No,Not Available,29900534.5,153,Not Available,Not Available,Other,2015-04-15,Not Available,Not Available,29900533.1,Not Available,Not Available,Not Available,Whole Building,1878890.15,Not Available,Not Available,Not Available,Not Available,2286.5,Not Available,No,Not Available,Not Available,70366147.7,Not Available,Not Available,318446.56,Yes,Not Available,Not Available,Not Available,137,1.3,Not Available,Not Available,Not Available,4467556,Not Available,2015-04-29T09:01:29.000,Not Available,100,Not Available,412.0,Not Available,1.60593,463368.13,Not Available,64,Not Available,0,No,Not Available,Not Available,Not Available,305.5,Queens,Not Available,Not Available
2597872,New Amsterdam Theater,214 W 42nd St,Not Available,Not Available,Not Available,330.1,Not Available,Ok,Not Available,No,Not Available,12052771.8,Not Available,Not Available,Not Available,Other - Entertainment/Public Assembly,Not Available,Not Available,Not Available,12052770.6,Not Available,Not Available,Not Available,Whole Building,Not Available,Not Available,Not Available,Not Available,Not Available,305.7,Not Available,No,Not Available,Not Available,17444212.9,Not Available,Not Available,20299.98,No,Not Available,Not Available,Not Available,Not Available,0.4,Not Available,Not Available,Not Available,1024660,Not Available,2015-05-01T23:57:19.000,Not Available,Not Available,Not Available,105.0,Not Available,Not Available,Not Available,Not Available,34.5,Not Available,0,No,Not Available,Not Available,Not Available,330.1,New York,Not Available,Not Available
2558329,GC 200 Madison,200 Madison,Not Available,Not Available,Not Available,-24.1,Not Available,Ok,603877,No,Not Available,37933402.7,1750,Not Available,Not Available,Office,2015-04-10,Not Available,Not Available,37933387.7,Not Available,Not Available,Not Available,Whole Building,Not Available,Not Available,Not Available,Not Available,Not Available,0,Not Available,No,Not Available,Not Available,50967445.8,Not Available,Not Available,Not Available,Yes,Not Available,1405,Not Available,69,Not Available,11/13/2013,Not Available,Not Available,1017122,Not Available,2015-04-20T15:15:41.000,Not Available,100,07/31/2014,,Not Available,2.89794,Not Available,0.07781,106.3,Not Available,0,No,15271419.8,Not Available,Not Available,-24.1,Not Available,Not Available,Not Available
1721249,Hines 750 Seventh,750 Seventh Avenue,Not Available,Not Available,Not Available,-29.6,Not Available,Ok,631551,No,Not Available,36131906.4,1786,Not Available,Not Available,Office,2015-05-27,Not Available,Not Available,36131919.9,Not Available,Not Available,Not Available,Whole Building,Not Available,Not Available,Not Available,Not Available,Not Available,16.8,Not Available,No,Not Available,Not Available,49421599.4,Not Available,Not Available,4241.07,Yes,Not Available,Not Available,Not Available,Not Available,0,05/06/2015,Not Available,Not Available,1024795,Not Available,2015-05-27T16:43:49.000,Not Available,99.84,02/28/2016,105.0,Not Available,2.82796,Not Available,Not Available,111.8,Not Available,0,No,14138640.6,Not Available,Not Available,-29.6,Not Available,Not Available,N+1
2587952,26 CT ASSOCIATES LLC,26 CT STREET,Not Available,Not Available,Not Available,-42.6,Not Available,Ok,293000,No,Not Available,11383967,1300,Not Available,Not Available,Office,2015-04-29,Not Available,Not Available,11383967.4,Not Available,Not Available,Not Available,Whole Building,Not Available,Not Available,Not Available,Not Available,Not Available,793.9,Not Available,Yes,Not Available,Not Available,25370877.7,Not Available,Not Available,Not Available,Yes,Not Available,Not Available,Not Available,Not Available,0.5,Not Available,Not Available,Not Available,3002094,Not Available,2015-04-29T18:33:28.000,Not Available,100,Not Available,,Not Available,4.43686,Not Available,Not Available,156.5,Not Available,0,No,Not Available,Not Available,Not Available,-42.6,Not Available,Not Available,Not Available
2564600,509 48th Avenue - 5th Street Lofts Condominium,509 48th Avenue,Not Available,Not Available,Not Available,-18.3,Not Available,Ok,Not Available,No,Not Available,3462695.3,Not Available,Not Available,Not Available,Multifamily Housing,Not Available,Not Available,Not Available,3462695.5,Not Available,Not Available,Not Available,Whole Building,Not Available,Not Available,Not Available,Not Available,Not Available,248.1,Not Available,No,Not Available,118,7843816.5,Not Available,Not Available,Not Available,No,0.75797,Not Available,118,Not Available,0.3,Not Available,Not Available,Not Available,4536962,Not Available,2015-07-31T15:12:54.000,Not Available,Not Available,Not Available,402.0,Not Available,Not Available,Not Available,Not Available,63.9,Not Available,0,No,Not Available,Not Available,Not Available,-18.3,Not Available,180,Not Available
2386556,2 Sutton Place South,2 Sutton Place South,Not Available,Not Available,Not Available,-16,Not Available,Ok,Not Available,No,Not Available,3218974.2,Not Available,Not Available,Not Available,Multifamily Housing,Not Available,Not Available,Not Available,3218974.3,Not Available,Not Available,Not Available,Whole Building,Not Available,Not Available,Not Available,Not Available,Not Available,586.5,Not Available,No,Not Available,0,Not Available,Not Available,Not Available,Not Available,No,0.58451,Not Available,127,Not Available,Not Available,Not Available,Not Available,Not Available,1040470,Not Available,2015-07-31T15:12:54.000,Not Available,Not Available,Not Available,106.0,Not Available,Not Available,Not Available,Not Available,78.1,Not Available,0,No,Not Available,Not Available,Not Available,-16,Not Available,214,Not Available
1839071,315 Hudson LLC,315 Hudson St,Not Available,Not Available,Not Available,-34.7,Not Available,Ok,392134,No,Not Available,18344223.4,808,Not Available,Not Available,Office,2015-04-24,Not Available,Not Available,18344222.2,Not Available,Not Available,Not Available,Whole Building,Not Available,Not Available,Not Available,Not Available,Not Available,811,Not Available,No,Not Available,Not Available,27802223.3,Not Available,Not Available,Not Available,Yes,Not Available,Not Available,Not Available,Not Available,0.1,12/15/2014,Not Available,Not Available,1010362,Not Available,2015-04-28T15:12:32.000,Not Available,100,08/31/2015,102.0,Not Available,2.06052,Not Available,0,108.2,Not Available,0,No,Not Available,Not Available,Not Available,-34.7,Not Available,Not Available,Not Available
2598113,478-482 Broadway,478-482 Broadway,Not Available,Not Available,Not Available,222.4,Not Available,Ok,Not Available,No,Not Available,5745981.8,Not Available,Not Available,Not Available,Retail Store,Not Available,Not Available,Not Available,5745982,Not Available,Not Available,Not Available,Whole Building,Not Available,Not Available,Not Available,Not Available,Not Available,165.4,Not Available,No,Not Available,0,7785668.8,Not Available,Not Available,Not Available,No,0.36306,Not Available,3,Not Available,0,Not Available,Not Available,Not Available,1079887;1079888,Not Available,2015-04-30T19:15:21.000,Not Available,Not Available,Not Available,102.0,Not Available,Not Available,Not Available,0,45,Not Available,0,Yes,Not Available,Not Available,Not Available,222.4,New York,11.57,Not Available
2503868,Trinity- 10 Hudson Square,160-170 Varick Street,Not Available,Not Available,Not Available,-22,Not Available,Ok,299994,No,Not Available,23424949.6,2155,Not Available,Not Available,Office,Not Available,Not Available,Not Available,23424949.5,No,Not Available,Not Available,Whole Building,Not Available,Not Available,Not Available,Not Available,Not Available,714,Not Available,No,Not Available,Not Available,31659041.9,Not Available,Not Available,961.68,No,Not Available,Not Available,Not Available,Not Available,0,06/07/2013,Not Available,Not Available,1007825,Not Available,2015-04-29T11:46:45.000,Not Available,100,04/30/2014,102.0,9454242.3,7.18348,Not Available,Not Available,140.7,Not Available,0,No,Not Available,Not Available,Not Available,-22,Not Available,Not Available,Not Available
2612590,1445 SHORE PKWY PLPM,1445 SHORE PKWY PLPM,Not Available,Not Available,Not Available,-17,Not Available,Ok,Not Available,No,Not Available,1318691.1,Not Available,Not Available,Not Available,Multifamily Housing,Not Available,Not Available,Not Available,1318691.3,Not Available,Not Available,Not Available,Whole Building,0,Not Available,Not Available,Not Available,Not Available,275.9,Not Available,Yes,Not Available,87,6289776,Not Available,Not Available,0,No,1.01449,Not Available,87,Not Available,0.6,Not Available,Not Available,Not Available,3336454,Not Available,2015-04-30T16:30:39.000,Not Available,Not Available,Not Available,311.0,Not Available,Not Available,0,Not Available,91.5,Not Available,0,No,Not Available,Not Available,Not Available,-17,Not Available,120,Not Available
2638939,130 Jane St.,130 Jane Street,Not Available,Not Available,Not Available,-5.8,Not Available,Ok,Not Available,No,Not Available,1262535,Not Available,Not Available,Not Available,Multifamily Housing,Not Available,Not Available,Not Available,1262535.2,Not Available,Not Available,Not Available,Whole Building,0,Not Available,Not Available,Not Available,Not Available,142.9,Not Available,No,Not Available,58,3807884.2,Not Available,Not Available,0,No,1.14128,Not Available,58,Not Available,0.5,Not Available,Not Available,Not Available,1012075,Not Available,2015-04-30T14:18:35.000,Not Available,Not Available,Not Available,102.0,Not Available,Not Available,0,Not Available,82.6,Not Available,0,No,Not Available,Not Available,Not Available,-5.8,Not Available,84,Not Available
2614202,845 1st Ave,845 1st Ave,Not Available,Not Available,Not Available,26.9,Not Available,Ok,Not Available,No,Not Available,25212014.8,Not Available,Not Available,Not Available,Multifamily Housing,2015-04-30,Not Available,Not Available,25212015.2,Not Available,Not Available,Not Available,Whole Building,881213.9,Not Available,Not Available,Not Available,Not Available,23.7,Not Available,No,Not Available,0,61491878.3,Not Available,Not Available,0,Yes,0.43083,Not Available,372,Not Available,0,Not Available,Not Available,Not Available,1038909,Not Available,2015-04-30T14:20:15.000,Not Available,Not Available,Not Available,106.0,Not Available,Not Available,694251.06,Not Available,58,Not Available,0,No,37913333.4,Not Available,Not Available,26.9,Not Available,678,Not Available
1557168,2 Park Avenue,2 Park Avenue,Not Available,Not Available,Not Available,-29.1,Not Available,Ok,872984,No,Not Available,46981997.2,2400,Not Available,Not Available,Office,Not Available,Not Available,25,46982011.7,Not Available,Not Available,Not Available,Whole Building,Not Available,Not Available,Not Available,Not Available,Not Available,0,Not Available,No,Not Available,Not Available,67447611.4,Not Available,Not Available,Not Available,No,Not Available,13199,Not Available,20,Not Available,01/06/2015,Not Available,Not Available,1017019,Not Available,2015-04-28T19:58:44.000,Not Available,100,08/31/2015,105.0,Not Available,2.74919,Not Available,0.33847,107.9,Not Available,0,No,23161963.3,Not Available,Not Available,-29.1,Not Available,Not Available,Not Available
2563301,Excellence Boys Charter School of Bedford Stuyvesant,225 Patchen Avenue,Not Available,Not Available,Not Available,-9.2,Not Available,Ok,Not Available,No,Not Available,2658799.8,Not Available,Not Available,Not Available,K-12 School,Not Available,Not Available,Not Available,2658800,Not Available,Not Available,Not Available,Whole Building,199868.17,Not Available,Not Available,Not Available,Not Available,162.4,Not Available,No,Not Available,Not Available,5495188.5,Not Available,Not Available,29878.83,No,Not Available,Not Available,Not Available,Not Available,0.3,Not Available,Not Available,Not Available,Not Available,90000,2015-04-30T11:45:25.000,Not Available,Not Available,Not Available,,Not Available,Not Available,220119.41,Not Available,69.9,Not Available,11544,No,Not Available,Not Available,Not Available,-9.2,Kings,Not Available,Not Available
2639872,Winter- 111 Fifth Ave,111 Fifth Ave,Not Available,Not Available,Not Available,-36.1,Not Available,Ok,202859,No,Not Available,11775773.9,643,Not Available,Not Available,Office,Not Available,Not Available,Not Available,11775774.2,Not Available,5738341.4,Not Available,Whole Building,Not Available,Not Available,Not Available,Not Available,Not Available,442.9,Not Available,Yes,Not Available,Not Available,Not Available,Not Available,Not Available,2717.61,No,Not Available,Not Available,Not Available,Not Available,0,Not Available,Not Available,Not Available,1016145,Not Available,2015-04-22T15:21:30.000,Not Available,100,Not Available,105.0,Not Available,3.16969,Not Available,0.026,114.9,Not Available,0,No,Not Available,Not Available,Not Available,-36.1,Not Available,Not Available,Not Available
2587913,MMS434 - 5030 Broadway,5020-5030 Broadway,Not Available,Not Available,Not Available,Not Available,Not Available,Ok,83450,No,Not Available,18937005,146.01,0,Not Available,Self-Storage Facility,2015-04-28,Not Available,Not Available,18937006,Not Available,Not Available,Not Available,Whole Building,Not Available,Not Available,Not Available,Not Available,Not Available,198.2,Not Available,No,14347,Not Available,22442097.8,10.79,Not Available,44195.98,Yes,Not Available,Not Available,Not Available,1,Not Available,Not Available,0,Not Available,1064883,Not Available,2015-04-29T10:09:48.000,Not Available,100,Not Available,112.0,Not Available,1.74969,Not Available,Not Available,Not Available,Not Available,0,Yes,Not Available,Not Available,Not Available,Not Available,Not Available,Not Available,Not Available
2535600,175 lawrence,175 lawrence avenue,Not Available,Not Available,Not Available,-37,Not Available,Ok,105000,No,Not Available,3517726.4,185,Not Available,Not Available,Office,Not Available,Not Available,Not Available,3517727.6,Not Available,Not Available,Not Available,Whole Building,Not Available,Not Available,Not Available,Not Available,Not Available,178,Not Available,Yes,Not Available,Not Available,6796378.1,Not Available,Not Available,Not Available,No,Not Available,Not Available,Not Available,Not Available,0.3,Not Available,Not Available,Not Available,Not Available,Not Available,2015-04-20T09:09:54.000,Not Available,89.29,Not Available,314.0,Not Available,1.7619,Not Available,Not Available,103.9,Not Available,0,No,Not Available,Not Available,Not Available,-37,kings,Not Available,Not Available
2640548,224-01 69 AVENUE,224-01 69 AVENUE,Not Available,Not Available,Not Available,-7.8,Not Available,Ok,Not Available,No,Not Available,Not Available,Not Available,Not Available,Not Available,Multifamily Housing,2015-04-29,Not Available,Not Available,Not Available,Not Available,Not Available,Not Available,Whole Building,0,Not Available,Not Available,Not Available,Not Available,64.9,Not Available,No,Not Available,0,1192003.2,Not Available,Not Available,0,Yes,1.28736,Not Available,14,Not Available,1.1,Not Available,Not Available,Not Available,4444406;4460246;4460247;4460248;4453062  4460220  4460230  4460233  4460237  4460241  4444403  4444404  4444405  4444406  4444407  4444408  4444409  4444410  4444411  4444412  4444413  4444414  4444415  4444416  4453021  4453023  4453024  4453025  4453031  4453032  4453036  4453045  4453048  4453051  4460250  4460251  4460252  4460253  4460254  4539767  4539768  4539769  4539770  4539771  4539772  4539773  4539774  4539775  4539776  4539777  4453054  4453055  4453059  4460215  4460216  4460217  4460218  4460219  4460221  4460222  4460223  4460224  4460225  4460226  4460227  4460228  4460229  4460231  4460232  4460234  4460235  4460236  4460238  4460239  4460242  4460243  4460244,Not Available,2015-04-30T11:05:26.000,Not Available,Not Available,Not Available,411.0,Not Available,Not Available,0,Not Available,121.8,Not Available,0,No,Not Available,Not Available,Not Available,-7.8,Not Available,24,Not Available
2640571,67-13 224 STREET,67-13 224 STREET,Not Available,Not Available,Not Available,35.8,Not Available,Ok,Not Available,No,Not Available,193113.9,Not Available,Not Available,Not Available,Multifamily Housing,2015-04-29,Not Available,Not Available,193113.9,Not Available,Not Available,Not Available,Whole Building,0,Not Available,Not Available,Not Available,Not Available,64.9,Not Available,No,Not Available,0,1385117,Not Available,Not Available,0,Yes,1.28736,Not Available,14,Not Available,1.1,Not Available,Not Available,Not Available,4444412,Not Available,2015-04-30T11:05:26.000,Not Available,Not Available,Not Available,411.0,Not Available,Not Available,0,Not Available,95.8,Not Available,0,No,Not Available,Not Available,Not Available,35.8,Not Available,24,Not Available
2533749,CBRE-5 Penn Plaza,5 Penn Plaza,Not Available,Not Available,Not Available,-28.6,Not Available,Ok,645108,No,Not Available,41353153.5,2017.25,Not Available,Not Available,Office,2015-04-24,Not Available,5.59,41353167,No,Not Available,Not Available,Whole Building,Not Available,Not Available,Not Available,Not Available,Not Available,1278.8,Not Available,No,Not Available,Not Available,57138368.8,Not Available,Not Available,8671.13,Yes,Not Available,7282,Not Available,Not Available,0,06/25/2014,Not Available,Not Available,1013547,Not Available,2015-04-29T14:53:28.000,Not Available,100,03/31/2015,104.0,16095467.2,3.127,Not Available,Not Available,125.8,Not Available,0,No,Not Available,Not Available,Not Available,-28.6,Not Available,Not Available,Not Available
2637474,341-349 W50th (Polyclinic),341-349 W 50 Street,Not Available,Not Available,Not Available,26.9,Not Available,Ok,Not Available,No,Not Available,2997177.3,Not Available,Not Available,Not Available,Multifamily Housing,2015-04-30,Not Available,Not Available,2997177.2,No,Not Available,Not Available,Whole Building,Not Available,Not Available,Not Available,Not Available,Not Available,1060.6,Not Available,No,Not Available,0,17782074.4,Not Available,Not Available,0,Yes,1.00666,Not Available,151,Not Available,0.4,Not Available,Not Available,Not Available,1082646,Not Available,2015-05-01T21:11:13.000,Not Available,Not Available,Not Available,104.0,9617808.9,Not Available,Not Available,Not Available,99.6,Not Available,0,No,Not Available,Not Available,Not Available,26.9,Not Available,222,Not Available
2631036,200 Park Avenue South,200 Park Avenue South,Not Available,Not Available,Not Available,-27.4,Not Available,Ok,242661,No,Not Available,15578101.7,769,Not Available,Not Available,Office,Not Available,Not Available,Not Available,15578100.2,Not Available,8213100.2,Not Available,Whole Building,Not Available,Not Available,Not Available,Not Available,Not Available,624.9,Not Available,Yes,Not Available,Not Available,23298867.1,21,Not Available,Not Available,No,Not Available,Not Available,Not Available,Not Available,0,Not Available,Not Available,Not Available,1016131,Not Available,2015-04-29T12:02:19.000,Not Available,100,Not Available,105.0,Not Available,3.16903,Not Available,0.07115,115.5,Not Available,0,No,Not Available,Not Available,16,-27.4,Not Available,Not Available,Not Available
2379262,Trinity - 345 Hudson,345 Hudson street,Not Available,Not Available,Not Available,-22,Not Available,Ok,886060,No,Not Available,62928837.5,2655,Not Available,Not Available,Office,Not Available,Not Available,17,62928846.7,Not Available,Not Available,Not Available,Whole Building,Not Available,Not Available,Not Available,Not Available,Not Available,1495.1,Not Available,No,Not Available,Not Available,87272627.2,Not Available,Not Available,57874.34,No,Not Available,2305,Not Available,Not Available,0.2,12/18/2012,Not Available,Not Available,1010378,Not Available,2015-04-29T11:46:45.000,Not Available,100,08/31/2013,102.0,Not Available,2.99641,Not Available,0.22704,125.3,Not Available,0,No,0,Not Available,Not Available,-22,Not Available,Not Available,Not Available
2597503,NATIONWIDE MGMT CORP,625 WEST 55TH STREET,Not Available,Not Available,Not Available,-27.7,Not Available,Ok,80000,No,Not Available,2499976.4,110,Not Available,Not Available,Office,Not Available,Not Available,Not Available,2499976.5,Not Available,Not Available,Not Available,Whole Building,Not Available,Not Available,Not Available,Not Available,Not Available,331.7,Not Available,Yes,Not Available,Not Available,6779608.2,Not Available,Not Available,Not Available,No,Not Available,Not Available,Not Available,Not Available,0,Not Available,Not Available,Not Available,1027157,Not Available,2015-04-28T15:02:45.000,Not Available,100,Not Available,104.0,Not Available,1.375,Not Available,Not Available,103,Not Available,0,No,Not Available,Not Available,Not Available,-27.7,Not Available,Not Available,Not Available
2614190,86-25 VAN WYCK EXPY ENTM,86-25 VAN WYCK EXPY ENTM,Not Available,Not Available,Not Available,1,Not Available,Ok,Not Available,No,Not Available,3592825.4,Not Available,Not Available,Not Available,Multifamily Housing,Not Available,Not Available,Not Available,3592825.8,Not Available,Not Available,Not Available,Whole Building,0,Not Available,Not Available,Not Available,Not Available,732,Not Available,No,Not Available,201,17010229.5,Not Available,Not Available,0,No,1.20079,Not Available,201,Not Available,0.8,Not Available,Not Available,Not Available,4206487,Not Available,2015-04-30T16:30:39.000,Not Available,Not Available,Not Available,408.0,Not Available,Not Available,0,Not Available,102.7,Not Available,0,No,Not Available,Not Available,Not Available,1,Not Available,370,Not Available
2640595,193-15 69 Ave,193-15 69 Ave,Not Available,Not Available,Not Available,175.9,Not Available,Ok,Not Available,No,Not Available,786164.9,Not Available,Not Available,Not Available,Multifamily Housing,2015-04-23,Not Available,Not Available,786165.1,Not Available,Not Available,Not Available,Whole Building,49124.23,Not Available,Not Available,Not Available,Not Available,229.7,Not Available,No,Not Available,0,5110334.9,Not Available,Not Available,0,Yes,1,Not Available,20,Not Available,2.2,Not Available,Not Available,Not Available,4453874,Not Available,2015-04-24T12:18:05.000,Not Available,Not Available,Not Available,408.0,Not Available,Not Available,17806.09,Not Available,92.6,Not Available,0,No,Not Available,Not Available,Not Available,175.9,Not Available,38,Not Available
2564636,110 Third Avenue,110 Third Avenue,Not Available,Not Available,Not Available,Not Available,Not Available,Ok,Not Available,No,Not Available,4189093.6,Not Available,Not Available,Not Available,Multifamily Housing,Not Available,Not Available,Not Available,4189093.2,Not Available,Not Available,Not Available,Whole Building,Not Available,Not Available,Not Available,Not Available,Not Available,2.5,Not Available,No,Not Available,0,Not Available,Not Available,Not Available,Not Available,No,0.67878,Not Available,77,Not Available,0,Not Available,Not Available,Not Available,1087620,Not Available,2015-07-31T15:12:54.000,Not Available,Not Available,Not Available,103.0,Not Available,Not Available,163950.89,Not Available,59.6,Not Available,0,No,Not Available,Not Available,Not Available,Not Available,Not Available,155,Not Available
2614204,502 PARK AVE,502 PARK AVE,Not Available,Not Available,Not Available,46.4,Not Available,Ok,Not Available,No,Not Available,11445564.6,Not Available,Not Available,Not Available,Multifamily Housing,2015-04-30,Not Available,Not Available,11445564.2,Not Available,Not Available,Not Available,Whole Building,336020.51,Not Available,Not Available,Not Available,Not Available,6.8,Not Available,No,Not Available,0,23975338.7,Not Available,Not Available,0,Yes,0.44893,Not Available,138,Not Available,0,Not Available,Not Available,Not Available,1040756,Not Available,2015-04-30T14:20:15.000,Not Available,Not Available,Not Available,108.0,Not Available,Not Available,229531.48,Not Available,54.8,Not Available,0,No,13075959.5,Not Available,Not Available,46.4,Not Available,251,Not Available
2535105,Krinos Foods LLC,4700 Northern Blvd,Not Available,Not Available,Not Available,49.5,Not Available,Ok,7839,No,Not Available,5253741,20,Not Available,Not Available,Distribution Center,Not Available,Not Available,Not Available,5253739.6,Not Available,Not Available,Not Available,Whole Building,Not Available,Not Available,Not Available,Not Available,Not Available,181.2,Not Available,No,Not Available,Not Available,8490033.9,Not Available,Not Available,Not Available,No,Not Available,Not Available,Not Available,Not Available,0.3,Not Available,Not Available,Not Available,4001351,Not Available,2015-07-31T11:14:59.000,Not Available,100,Not Available,401.0,Not Available,2.55135,Not Available,Not Available,46,Not Available,0,Yes,Not Available,Not Available,Not Available,49.5,Queens,Not Available,Not Available
1423319,641 Lexington Avenue,641 Lexington Avenue,Not Available,Not Available,Not Available,-12.3,Not Available,Ok,420888,No,Not Available,20805792.7,938,Not Available,Not Available,Office,2015-04-28,Not Available,Not Available,20805792.5,Not Available,Not Available,Not Available,Whole Building,Not Available,Not Available,Not Available,Not Available,Not Available,0,Not Available,No,Not Available,Not Available,48135579.3,Not Available,Not Available,Not Available,Yes,Not Available,Not Available,Not Available,9,Not Available,Not Available,Not Available,Not Available,1036482,Not Available,2015-04-30T12:33:54.000,Not Available,100,Not Available,106.0,Not Available,2.22862,Not Available,Not Available,130.4,Not Available,0,No,28397356.6,Not Available,Not Available,-12.3,Manhattan,Not Available,Not Available
2386572,127 West 79th Street - Clifton House Owners Corp,127 West 79th Street,Not Available,Not Available,Not Available,-22.8,Not Available,Ok,Not Available,No,Not Available,2388252.9,Not Available,Not Available,Not Available,Multifamily Housing,Not Available,Not Available,Not Available,2388252.9,Not Available,Not Available,Not Available,Whole Building,Not Available,Not Available,Not Available,Not Available,Not Available,323.6,Not Available,No,Not Available,0,Not Available,13,Not Available,Not Available,No,1.11516,Not Available,141,Not Available,0.5,Not Available,Not Available,Not Available,1031759,Not Available,2015-07-31T15:12:54.000,Not Available,Not Available,Not Available,107.0,Not Available,Not Available,Not Available,Not Available,83.2,Not Available,0,No,Not Available,Not Available,Not Available,-22.8,Not Available,169,Not Available
2038302,1114,2307 BEVERLEY RD,Not Available,Not Available,Not Available,-26.9,Not Available,Ok,Not Available,No,Not Available,6546225.3,Not Available,Not Available,Not Available,Retail Store,Not Available,Not Available,Not Available,6546225.7,Not Available,Not Available,Not Available,Whole Building,452930.47,Not Available,Not Available,Not Available,Not Available,351,Not Available,No,Not Available,Not Available,12237314.5,Not Available,Not Available,86514.15,No,Not Available,Not Available,Not Available,Not Available,0.3,Not Available,Not Available,Not Available,3117881,Not Available,2015-07-23T11:15:54.000,Not Available,Not Available,Not Available,314.0,Not Available,Not Available,619783.71,0,95.8,Not Available,0,No,Not Available,Not Available,Not Available,-26.9,Not Available,Not Available,Not Available
2612582,143-09 BARCLAY AVE,143-09 BARCLAY AVE,Not Available,Not Available,Not Available,-26.3,Not Available,Ok,Not Available,No,Not Available,2230629.1,Not Available,Not Available,Not Available,Multifamily Housing,Not Available,Not Available,Not Available,2230629.1,Not Available,Not Available,Not Available,Whole Building,72141.3,Not Available,Not Available,Not Available,Not Available,573.6,Not Available,Yes,Not Available,168,12525273.1,Not Available,Not Available,0,No,1.04323,Not Available,168,Not Available,0.6,Not Available,Not Available,Not Available,4114658,Not Available,2015-04-30T16:30:39.000,Not Available,Not Available,Not Available,407.0,Not Available,Not Available,97944.15,Not Available,109.9,Not Available,0,No,Not Available,Not Available,Not Available,-26.3,Not Available,369,Not Available
1772081,124110 - 1370 Avenue of the Americas,1370 Avenue of the Americas,Not Available,Not Available,Not Available,2.7,Not Available,Ok,198241,No,Not Available,17841110.3,178.15,Not Available,Not Available,Office,2015-04-16,Not Available,302.26,17841109.2,Not Available,Not Available,Not Available,Whole Building,1884515.24,Not Available,Not Available,Not Available,Not Available,0,Not Available,No,Not Available,Not Available,39090007.7,Not Available,Not Available,Not Available,Yes,Not Available,3103,Not Available,Not Available,Not Available,Not Available,Not Available,Not Available,1034855,Not Available,2015-04-16T14:06:43.000,Not Available,100,Not Available,105.0,Not Available,0.89866,1834304.79,1.16986,121.7,Not Available,0,Yes,22259945.9,Not Available,24.12,2.7,Manhattan,Not Available,Not Available
1461767,1290 Ave of Americas,1290 Avenue of the Americas,Not Available,Not Available,Not Available,-21.8,Not Available,Ok,1903582,No,Not Available,121146127.1,5412,0.27453,Not Available,Office,Not Available,Not Available,37,121146130.8,Not Available,Not Available,Not Available,Whole Building,Not Available,Not Available,Not Available,Not Available,Not Available,95.3,Not Available,No,Not Available,Not Available,212148342.2,250,Not Available,Not Available,No,Not Available,5808,Not Available,Not Available,0,06/23/2009,30,Not Available,1034510,Not Available,2015-04-30T19:15:21.000,Not Available,100,02/28/2010,105.0,Not Available,2.84306,Not Available,Not Available,130.2,Not Available,0,Yes,90128753.5,Not Available,14,-21.8,Not Available,Not Available,Not Available
2587400,MMS406 - 571 Riverside Dr,571 Riverside Drive,Not Available,Not Available,Not Available,68.9,Not Available,Ok,Not Available,No,Not Available,1335627.4,Not Available,Not Available,405.95,Self-Storage Facility,2015-04-28,Not Available,Not Available,1335627.4,Not Available,Not Available,Not Available,Whole Building,99431.03,Not Available,Not Available,Not Available,Not Available,131.9,Not Available,No,Not Available,Not Available,3530498.1,Not Available,Not Available,31083,Yes,Not Available,Not Available,Not Available,Not Available,0.3,Not Available,Not Available,Not Available,1059941,Not Available,2015-04-29T10:09:48.000,Not Available,Not Available,Not Available,109.0,Not Available,Not Available,58855.66,Not Available,26.7,Not Available,0,No,Not Available,Not Available,Not Available,68.9,Not Available,Not Available,Not Available
2610560,28 Marine Avenue,28 Marine Avenue,Not Available,Not Available,Not Available,-93.1,Not Available,Ok,Not Available,No,Not Available,206744,Not Available,Not Available,Not Available,Multifamily Housing,Not Available,Not Available,Not Available,206744,Not Available,Not Available,Not Available,Whole Building,13205.67,Not Available,Not Available,Not Available,Not Available,0,Not Available,Yes,Not Available,83,206744,Not Available,Not Available,Not Available,No,1.28086,Not Available,83,Not Available,Not Available,Not Available,Not Available,Not Available,Not Available,Not Available,2015-04-16T15:43:05.000,Not Available,Not Available,Not Available,310.0,Not Available,Not Available,190137.97,Not Available,45.9,Not Available,0,No,Not Available,Not Available,Not Available,-93.1,Not Available,100,Not Available
2631025,20-26 West 22nd Street,20-26 West 22nd Street,Not Available,Not Available,Not Available,-50.1,Not Available,Ok,166600,No,Not Available,5655219.1,556,Not Available,15353.06,Office,Not Available,Not Available,Not Available,5655219.4,Not Available,Not Available,Not Available,Whole Building,Not Available,Not Available,Not Available,Not Available,Not Available,365.3,Not Available,Yes,Not Available,Not Available,10391156.1,Not Available,Not Available,Not Available,No,Not Available,Not Available,Not Available,Not Available,0,Not Available,Not Available,Not Available,1015540,Not Available,2015-04-29T12:02:19.000,Not Available,100,Not Available,105.0,Not Available,3.33734,Not Available,0.48387,120.7,Not Available,0,No,Not Available,Not Available,Not Available,-50.1,Not Available,Not Available,Not Available
2606074,1472 Montgomery,1472 Montgomery Avenue,Not Available,Not Available,Not Available,-26.2,Not Available,Ok,Not Available,No,Not Available,780271.1,Not Available,Not Available,Not Available,Multifamily Housing,2015-04-22,Not Available,Not Available,780271.2,Not Available,Not Available,Not Available,Whole Building,Not Available,Not Available,Not Available,Not Available,Not Available,137.2,Not Available,Yes,Not Available,40,3232382.3,Not Available,Not Available,18795.18,Yes,0.86162,Not Available,40,Not Available,0.5,Not Available,Not Available,Not Available,2008981,Not Available,2015-04-27T14:28:25.000,Not Available,Not Available,Not Available,205.0,Not Available,Not Available,Not Available,Not Available,91.2,Not Available,0,No,Not Available,Not Available,Not Available,-26.2,Bronx,79,Not Available
2638817,360 Clinton Ave,360 Clinton Ave,Not Available,Not Available,Not Available,-17,Not Available,Ok,Not Available,No,Not Available,1381799.9,Not Available,Not Available,Not Available,Multifamily Housing,Not Available,Not Available,Not Available,1381799.9,Not Available,Not Available,Not Available,Whole Building,2505.65,Not Available,Not Available,Not Available,Not Available,321.9,Not Available,Yes,Not Available,96,Not Available,Not Available,Not Available,0,No,1.00042,Not Available,96,Not Available,0.6,Not Available,Not Available,Not Available,3379645,Not Available,2015-04-30T14:18:35.000,Not Available,Not Available,Not Available,302.0,Not Available,Not Available,3020.53,Not Available,93,Not Available,0,No,Not Available,Not Available,Not Available,-17,Not Available,136,Not Available
2637902,150 W 79 St.,150 W 79 Street,Not Available,Not Available,Not Available,-38.1,Not Available,Ok,Not Available,No,Not Available,1066540.9,Not Available,Not Available,0,Multifamily Housing,Not Available,Not Available,Not Available,1066541,Not Available,Not Available,Not Available,Whole Building,Not Available,Not Available,Not Available,Not Available,Not Available,185.9,Not Available,Yes,Not Available,0,Not Available,Not Available,Not Available,0,No,1.85502,Not Available,130,Not Available,0.5,Not Available,Not Available,Not Available,1030264,Not Available,2015-04-30T14:18:35.000,Not Available,Not Available,Not Available,107.0,Not Available,Not Available,Not Available,Not Available,105.2,Not Available,0,No,Not Available,Not Available,Not Available,-38.1,Not Available,98,Not Available
2630971,488 HOWARD AVE OWNR,488 HOWARD AVE OWNR,Not Available,Not Available,Not Available,41.6,Not Available,Ok,Not Available,No,Not Available,342893.4,Not Available,Not Available,Not Available,Multifamily Housing,Not Available,Not Available,Not Available,342893.4,Not Available,Not Available,Not Available,Whole Building,0,Not Available,Not Available,Not Available,Not Available,150.3,Not Available,No,Not Available,0,3096227.1,Not Available,Not Available,0,No,1.22544,Not Available,27,Not Available,1.2,Not Available,Not Available,Not Available,5117077,Not Available,2015-04-30T16:30:39.000,Not Available,Not Available,Not Available,501.0,Not Available,Not Available,0,Not Available,101.6,Not Available,0,No,Not Available,Not Available,Not Available,41.6,Not Available,40,Not Available
2608483,41-47 St. Nicholas Terrace,41-47 St. Nicholas Terrace,Not Available,Not Available,Not Available,-0.8,Not Available,Ok,Not Available,No,Not Available,1213109.3,Not Available,Not Available,Not Available,Multifamily Housing,Not Available,Not Available,Not Available,1213109.3,No,Not Available,Not Available,Whole Building,Not Available,Not Available,Not Available,Not Available,Not Available,426,Not Available,No,Not Available,71,6630238.6,Not Available,Not Available,Not Available,No,1.07096,Not Available,71,Not Available,0.1,Not Available,Not Available,Not Available,1059613,Not Available,2015-05-18T14:13:02.000,Not Available,Not Available,Not Available,109.0,5307976,Not Available,Not Available,Not Available,106.7,Not Available,0,No,Not Available,Not Available,Not Available,-0.8,Not Available,130,Not Available
2636855,230 West 38th Street,230 West 38th Street,Not Available,Not Available,Not Available,-56.7,Not Available,Ok,150809,No,Not Available,3244601.2,267,Not Available,Not Available,Office,2015-04-02,Not Available,Not Available,3244601.1,No,Not Available,Not Available,Whole Building,Not Available,Not Available,Not Available,Not Available,Not Available,352.3,Not Available,Yes,Not Available,Not Available,7099230.3,Not Available,Not Available,Not Available,Yes,Not Available,Not Available,Not Available,Not Available,0,Not Available,Not Available,Not Available,1014462,Not Available,2015-04-13T13:51:23.000,Not Available,100,Not Available,105.0,4678175.8,1.77045,Not Available,0,116.6,Not Available,0,No,Not Available,Not Available,Not Available,-56.7,Not Available,Not Available,Not Available
2563587,598 Realty Assoc- 598 Broadway,598 BROADWAY,Not Available,Not Available,Not Available,18,Not Available,Ok,42080,No,Not Available,3739086.4,190,Not Available,Not Available,Office,2015-04-16,Not Available,Not Available,3739088,Not Available,Not Available,Not Available,Whole Building,Not Available,Not Available,Not Available,Not Available,Not Available,144,Not Available,No,Not Available,5,Not Available,Not Available,Not Available,3305.7,Yes,0.25768,500,5,Not Available,Not Available,Not Available,Not Available,Not Available,1007945,Not Available,2015-04-16T10:45:37.000,Not Available,100,Not Available,102.0,Not Available,4.51521,Not Available,0.09019,61.5,Not Available,0,No,Not Available,Not Available,Not Available,18,MANHATTAN,11,Not Available
1465336,1740 Broadway,1740 Broadway,Not Available,Not Available,Not Available,Not Available,Not Available,Ok,596887,No,Not Available,Not Available,1265,Not Available,Not Available,Office,Not Available,Not Available,Not Available,Not Available,Not Available,Not Available,Not Available,Whole Building,Not Available,Not Available,Not Available,Not Available,Not Available,0,Not Available,No,Not Available,Not Available,Not Available,Not Available,Not Available,Not Available,No,Not Available,6171,Not Available,Not Available,Not Available,09/11/2012,Not Available,Not Available,1024877,Not Available,2015-04-30T19:15:21.000,Not Available,100,05/31/2013,105.0,Not Available,2.11933,1272597.19,Not Available,67.3,Not Available,0,No,Not Available,Not Available,15,Not Available,Not Available,Not Available,Not Available
2558870,GC - 498 7th Ave,498 7th Ave,Not Available,Not Available,Not Available,-30.4,Not Available,Ok,932541,No,Not Available,51131245.5,2793,Not Available,Not Available,Office,2015-04-10,Not Available,17,51131242.5,Not Available,19403599.5,Not Available,Whole Building,Not Available,Not Available,Not Available,Not Available,Not Available,1462.3,Not Available,No,Not Available,Not Available,67660038.6,Not Available,Not Available,480.83,Yes,Not Available,Not Available,Not Available,0,0,10/27/2014,Not Available,Not Available,1014445,Not Available,2015-04-10T10:01:03.000,Not Available,100,06/30/2015,105.0,Not Available,2.99504,Not Available,Not Available,108.2,Not Available,0,No,Not Available,Not Available,Not Available,-30.4,Not Available,Not Available,Not Available
2388624,110-45 Queens Boulevard - Park Briar Owners Corp,110-45 Queens Boulevard,Not Available,Not Available,Not Available,-36.3,Not Available,Ok,Not Available,No,Not Available,2879889.5,Not Available,Not Available,Not Available,Multifamily Housing,Not Available,Not Available,Not Available,2879889.4,Not Available,Not Available,Not Available,Whole Building,Not Available,Not Available,Not Available,Not Available,Not Available,813.8,Not Available,No,Not Available,0,Not Available,Not Available,Not Available,Not Available,No,1.91678,Not Available,410,Not Available,Not Available,Not Available,Not Available,Not Available,4052598,Not Available,2015-07-31T15:12:54.000,Not Available,Not Available,Not Available,406.0,Not Available,Not Available,Not Available,Not Available,121.9,Not Available,0,No,Not Available,Not Available,Not Available,-36.3,Not Available,412,Not Available
2598402,75 Central Park West Corporation,75 Central Park West,Not Available,Not Available,Not Available,3.8,Not Available,Ok,Not Available,No,Not Available,2504527.3,Not Available,Not Available,Not Available,Multifamily Housing,2015-04-29,Not Available,Not Available,2504527.4,Not Available,Not Available,Not Available,Whole Building,0,Not Available,Not Available,Not Available,Not Available,379.6,Not Available,No,Not Available,0,9178945.5,8,Not Available,0,Yes,0.51716,Not Available,58,Not Available,0.6,Not Available,Not Available,Not Available,1028243,Not Available,2015-04-29T13:01:16.000,Not Available,Not Available,Not Available,107.0,Not Available,Not Available,0,Not Available,79.4,Not Available,0,No,Not Available,Not Available,Not Available,3.8,New York,123,Not Available
1466154,The London,145 West 54th Street,Not Available,Not Available,Not Available,22.1,Not Available,Ok,Not Available,No,Not Available,28525729.1,Not Available,Not Available,Not Available,Hotel,2015-04-13,Not Available,Not Available,28525729.2,Not Available,Not Available,Not Available,Whole Building,Not Available,Not Available,Not Available,Not Available,Not Available,225.1,0.50501,No,Not Available,Not Available,64729137.8,Not Available,Not Available,Not Available,Yes,Not Available,Not Available,Not Available,Not Available,0.1,Not Available,Not Available,Not Available,1069590,Not Available,2015-04-17T16:07:49.000,Not Available,Not Available,Not Available,105.0,Not Available,Not Available,Not Available,Not Available,93.6,Not Available,0,No,32866266.1,Not Available,Not Available,22.1,Not Available,Not Available,Not Available
2388489,129 East 82nd Street,129 East 82nd Street,Not Available,Not Available,Not Available,-4.7,Not Available,Ok,Not Available,No,Not Available,1104888.7,Not Available,Not Available,Not Available,Multifamily Housing,Not Available,Not Available,Not Available,1104888.9,No,Not Available,Not Available,Whole Building,Not Available,Not Available,Not Available,Not Available,Not Available,218.3,Not Available,No,Not Available,0,3884621.6,Not Available,Not Available,Not Available,No,0.46896,Not Available,23,Not Available,0,Not Available,Not Available,Not Available,1073038,Not Available,2015-07-31T15:12:54.000,Not Available,Not Available,Not Available,108.0,2836356.7,Not Available,Not Available,0,80.2,Not Available,0,Yes,Not Available,Not Available,Not Available,-4.7,Not Available,84,Not Available
2638956,305-311 Cherry St.,305-311 Cherry Street,Not Available,Not Available,Not Available,-10.2,Not Available,Ok,Not Available,No,Not Available,898458.8,Not Available,Not Available,Not Available,Multifamily Housing,Not Available,Not Available,Not Available,898458.8,Not Available,Not Available,Not Available,Whole Building,0,Not Available,Not Available,Not Available,Not Available,272.1,Not Available,No,Not Available,0,5769587.4,Not Available,Not Available,0,No,0.85523,Not Available,57,Not Available,0.7,Not Available,Not Available,Not Available,1083383;1083382;1084524,Not Available,2015-04-30T14:18:35.000,Not Available,Not Available,Not Available,103.0,Not Available,Not Available,0,Not Available,100.6,Not Available,0,No,Not Available,Not Available,Not Available,-10.2,Not Available,150,Not Available
2595928,225-25 Housing Corp.,225 West 25th St.,Not Available,Not Available,Not Available,-0.9,Not Available,Ok,Not Available,No,Not Available,811889.5,Not Available,Not Available,Not Available,Multifamily Housing,2015-04-21,Not Available,Not Available,811889.5,No,Not Available,Not Available,Whole Building,Not Available,Not Available,Not Available,Not Available,Not Available,359.9,Not Available,No,Not Available,0,5453782.9,Not Available,Not Available,Not Available,Yes,1.2,Not Available,75.1,Not Available,0,Not Available,Not Available,Not Available,1014200,Not Available,2015-04-25T14:00:09.000,Not Available,Not Available,Not Available,104.0,4673605.2,Not Available,Not Available,Not Available,90.9,Not Available,0,Yes,Not Available,Not Available,Not Available,-0.9,USA,87.62,Not Available
2561079,Freeman Simpson Plaza apts,1238 Simpson St,Not Available,Not Available,Not Available,2.9,Not Available,Ok,Not Available,No,Not Available,1282383.2,Not Available,Not Available,Not Available,Multifamily Housing,Not Available,Not Available,Not Available,1282383.1,Not Available,Not Available,Not Available,Whole Building,Not Available,Not Available,Not Available,Not Available,Not Available,345.9,Not Available,No,Not Available,85,7463844,Not Available,Not Available,Not Available,No,1.25026,Not Available,85,Not Available,0.9,Not Available,Not Available,Not Available,2103548,Not Available,2015-04-30T16:26:59.000,Not Available,Not Available,Not Available,203.0,Not Available,Not Available,Not Available,Not Available,111.4,Not Available,0,No,Not Available,Not Available,Not Available,2.9,Not Available,151,Not Available
2595892,202-214 West 85th Owners Corp.,202-214 West 85th St.,Not Available,Not Available,Not Available,12.4,Not Available,Ok,Not Available,No,Not Available,1164493.9,Not Available,Not Available,Not Available,Multifamily Housing,2015-04-25,Not Available,Not Available,1164493.8,Not Available,Not Available,Not Available,Whole Building,Not Available,Not Available,Not Available,Not Available,Not Available,343.7,Not Available,No,Not Available,0,7262771.8,Not Available,Not Available,Not Available,Yes,1.2,Not Available,93.14,Not Available,0.8,Not Available,Not Available,Not Available,1033114;1033115;1033116;1033117;1033118;1033119;1033120,Not Available,2015-04-25T14:00:09.000,Not Available,Not Available,Not Available,107.0,Not Available,Not Available,Not Available,Not Available,87.5,Not Available,0,Yes,Not Available,Not Available,Not Available,12.4,USA,108.67,Not Available
1423569,1 Whitehall Street L.P.,1 Whitehall Street,Not Available,Not Available,Not Available,-18.2,Not Available,Ok,322760,No,Not Available,16156834.2,929,Not Available,Not Available,Office,2015-04-28,Not Available,Not Available,16156833.4,Not Available,Not Available,Not Available,Whole Building,Not Available,Not Available,Not Available,Not Available,Not Available,0,Not Available,No,Not Available,Not Available,34288356,Not Available,Not Available,Not Available,Yes,Not Available,Not Available,Not Available,Not Available,Not Available,Not Available,Not Available,Not Available,1000027,Not Available,2015-04-30T12:33:54.000,Not Available,100,Not Available,101.0,Not Available,2.8783,Not Available,Not Available,130.5,Not Available,0,No,19073874.3,Not Available,Not Available,-18.2,Manhattan,Not Available,Not Available
2539063,Winter- 26 W 17th St,26 W 17th St,Not Available,Not Available,Not Available,-61.2,Not Available,Ok,107967,No,Not Available,3064377.4,516,Not Available,Not Available,Office,2015-04-22,Not Available,Not Available,3064377.3,No,Not Available,Not Available,Whole Building,Not Available,Not Available,Not Available,Not Available,Not Available,117.5,Not Available,Yes,Not Available,Not Available,4390921.4,Not Available,Not Available,404.35,Yes,Not Available,Not Available,Not Available,Not Available,0,Not Available,Not Available,Not Available,1015400,Not Available,2015-04-22T15:21:30.000,Not Available,100,Not Available,105.0,1559645,4.77924,Not Available,Not Available,110.4,Not Available,0,No,Not Available,Not Available,Not Available,-61.2,Not Available,Not Available,Not Available
2386839,235 East 73rd Street,235 East 73rd Street,Not Available,Not Available,Not Available,-28.7,Not Available,Ok,Not Available,No,Not Available,1548556.2,Not Available,Not Available,Not Available,Multifamily Housing,Not Available,Not Available,Not Available,1548556.3,Not Available,3071683.4,Not Available,Whole Building,Not Available,Not Available,Not Available,Not Available,Not Available,241.1,Not Available,No,Not Available,0,4633028.5,Not Available,Not Available,Not Available,No,0.80377,Not Available,77,Not Available,0,Not Available,Not Available,Not Available,1043992,Not Available,2015-07-31T15:12:54.000,Not Available,Not Available,Not Available,108.0,Not Available,Not Available,Not Available,Not Available,70.3,Not Available,0,No,Not Available,Not Available,Not Available,-28.7,Not Available,95,Not Available
2563021,"ROSENBERG: 1480 Popham Realty, L.L.C.",1919 Williamsbridge Road,Not Available,Not Available,Not Available,-31.8,Not Available,Ok,Not Available,No,Not Available,1181029.7,Not Available,Not Available,Not Available,Multifamily Housing,Not Available,Not Available,Not Available,1181029.7,No,Not Available,Not Available,Whole Building,0,Not Available,Not Available,Not Available,Not Available,358.9,Not Available,Yes,Not Available,74,5824734.8,Not Available,Not Available,0,No,1.0225,Not Available,74,Not Available,0.1,Not Available,Not Available,Not Available,2008874,Not Available,2015-04-30T20:46:12.000,Not Available,Not Available,Not Available,211.0,4448605.3,Not Available,0,Not Available,123.1,Not Available,0,No,Not Available,Not Available,Not Available,-31.8,Bronx,231,Not Available
1463890,150 East  58th Street,150 East 58th Street,Not Available,Not Available,Not Available,-30.2,Not Available,Ok,538334,No,Not Available,24558827.8,2000,Not Available,Not Available,Office,Not Available,Not Available,Not Available,24558828.8,Not Available,Not Available,Not Available,Whole Building,1588694.42,Not Available,Not Available,Not Available,Not Available,0,Not Available,Yes,Not Available,Not Available,53781459.9,Not Available,Not Available,Not Available,No,Not Available,Not Available,Not Available,7,Not Available,09/11/2012,Not Available,Not Available,1036915,Not Available,2015-04-30T19:15:21.000,Not Available,100,05/31/2013,106.0,Not Available,3.71517,2277256.83,0,137.8,Not Available,0,No,30567223.7,Not Available,Not Available,-30.2,Not Available,Not Available,Not Available
2612468,Walter & Samuels - 315 W 36th,315 W 36th,Not Available,Not Available,Not Available,-18,Not Available,Ok,125752,No,Not Available,6712939.5,472,Not Available,Not Available,Office,2015-04-16,Not Available,Not Available,6712939.4,No,Not Available,Not Available,Whole Building,Not Available,Not Available,Not Available,Not Available,Not Available,580.5,Not Available,No,Not Available,Not Available,14107374.7,Not Available,Not Available,Not Available,Yes,Not Available,2068,Not Available,Not Available,0.1,Not Available,Not Available,Not Available,1013595,Not Available,2015-04-20T15:37:25.000,Not Available,100,Not Available,,6969164,3.75342,Not Available,Not Available,140.5,Not Available,0,No,Not Available,Not Available,Not Available,-18,Not Available,Not Available,Not Available
2640535,147-09 71 RD,147-09 71 RD,Not Available,Not Available,Not Available,8.7,Not Available,Ok,Not Available,No,Not Available,711180.8,Not Available,Not Available,Not Available,Multifamily Housing,2015-04-29,Not Available,Not Available,711180.9,Not Available,Not Available,Not Available,Whole Building,0,Not Available,Not Available,Not Available,Not Available,202,Not Available,No,Not Available,0,4405964.8,Not Available,Not Available,0,Yes,1.08354,Not Available,50,Not Available,0.8,Not Available,Not Available,Not Available,4440172,Not Available,2015-04-30T11:05:26.000,Not Available,Not Available,Not Available,408.0,Not Available,Not Available,0,Not Available,90,Not Available,0,No,Not Available,Not Available,Not Available,8.7,Not Available,80,Not Available
2271553,Pratt Studios,369  Dekalb Ave,Not Available,Not Available,Not Available,19.1,Not Available,Ok,Not Available,No,Not Available,1898709.9,Not Available,Not Available,Not Available,K-12 School,2015-04-24,Not Available,Not Available,1898709.8,Not Available,Not Available,Not Available,Whole Building,Not Available,Not Available,Not Available,Not Available,Not Available,191,Not Available,No,Not Available,Not Available,Not Available,Not Available,Not Available,Not Available,Yes,Not Available,Not Available,Not Available,Not Available,Not Available,Not Available,Not Available,Not Available,3055114,72000,2015-04-24T12:14:09.000,Not Available,Not Available,Not Available,302.0,Not Available,Not Available,Not Available,Not Available,64.1,Not Available,0,No,Not Available,Not Available,Not Available,19.1,Kings,Not Available,Not Available
1513221,1177 Avenue of the Americas,1177 Avenue of the Americas,Not Available,Not Available,Not Available,-10.5,Not Available,Ok,997901,No,Not Available,72808254.5,3646,Not Available,Not Available,Office,2015-04-28,Not Available,Not Available,72808258.6,Not Available,Not Available,Not Available,Whole Building,Not Available,Not Available,Not Available,Not Available,Not Available,19,Not Available,No,Not Available,Not Available,Not Available,Not Available,Not Available,Not Available,Yes,Not Available,Not Available,Not Available,Not Available,Not Available,Not Available,Not Available,Not Available,1076173,Not Available,2015-04-29T10:49:49.000,Not Available,100,Not Available,105.0,Not Available,3.65367,Not Available,Not Available,97.6,Not Available,0,No,14135304.2,Not Available,Not Available,-10.5,Not Available,Not Available,Not Available
1958942,450 Park Avenue,450 Park Avenue,Not Available,Not Available,Not Available,-7.5,Not Available,Ok,324528,No,Not Available,23682657.8,1500,Not Available,57111.19,Office,Not Available,Not Available,Not Available,23682657.9,Not Available,Not Available,Not Available,Whole Building,1766867.96,Not Available,Not Available,Not Available,Not Available,0,Not Available,No,Not Available,Not Available,41058191.7,Not Available,Not Available,Not Available,No,Not Available,Not Available,Not Available,Not Available,Not Available,Not Available,Not Available,Not Available,1035780,Not Available,2015-04-30T10:54:51.000,Not Available,100,Not Available,105.0,Not Available,4.6221,1909182.11,Not Available,137.4,Not Available,0,No,17582818.9,Not Available,Not Available,-7.5,Not Available,Not Available,Not Available
2636736,Rose Hill,441 E Fordham Road,Not Available,Not Available,Not Available,1.4,Not Available,Ok,Not Available,No,Not Available,66093922.4,Not Available,Not Available,Not Available,College/University,Not Available,Not Available,Not Available,66093920.2,No,8525076.1,Not Available,Whole Building,4853658.55,Not Available,Not Available,Not Available,Not Available,9616.5,Not Available,No,1470984,Not Available,235726997.1,Not Available,Not Available,1570075.36,No,Not Available,Not Available,Not Available,Not Available,1.1,Not Available,Not Available,Not Available,2102047;2102046;2102038;2116666;2102050;2102045;2102051;2102031;2097320;2102052;2102025;2102029;2102054;2102037;2116668;2102048;2102055;2102032;2102027;2102033;2102030;2102034;2102035;2102023;2102024;2102026;2116667;2097319;2102036;2101599;2016244;2102056;2016288;2016243,Not Available,2015-04-24T09:45:37.000,Not Available,Not Available,Not Available,206.0,3880304.1,Not Available,4786384.41,Not Available,162.2,Not Available,0,No,Not Available,Not Available,Not Available,1.4,Bronx,Not Available,Not Available
2556696,65-75 W96th Tower West,65-75 West 96th Street,Not Available,Not Available,Not Available,-4.7,Not Available,Ok,Not Available,No,Not Available,5560877.6,Not Available,Not Available,Not Available,Multifamily Housing,2015-05-01,Not Available,Not Available,5560877.6,Not Available,Not Available,Not Available,Whole Building,Not Available,Not Available,Not Available,Not Available,Not Available,46.2,Not Available,No,Not Available,0,21524898.2,Not Available,Not Available,Not Available,Yes,0.73118,Not Available,217,Not Available,0,Not Available,Not Available,Not Available,1055254,Not Available,2015-05-01T21:11:13.000,Not Available,Not Available,Not Available,107.0,Not Available,Not Available,Not Available,0.14693,76.9,Not Available,0,Yes,15821947.7,Not Available,Not Available,-4.7,Not Available,380,Not Available
2549353,880 Thieriot (Carol Gardens),880 Thieriot Ave.,Not Available,Not Available,Not Available,7.5,Not Available,Ok,Not Available,No,Not Available,4139860.4,Not Available,Not Available,Not Available,Multifamily Housing,2015-05-01,Not Available,Not Available,4139861.5,Not Available,Not Available,Not Available,Whole Building,Not Available,Not Available,Not Available,Not Available,Not Available,1064.1,Not Available,No,Not Available,0,Not Available,Not Available,Not Available,Not Available,Yes,0.88985,Not Available,157,Not Available,0,Not Available,Not Available,Not Available,2092758,Not Available,2015-05-01T21:11:13.000,Not Available,Not Available,Not Available,209.0,Not Available,Not Available,Not Available,Not Available,98.7,Not Available,0,No,Not Available,Not Available,Not Available,7.5,Not Available,342,Not Available
2503855,Trinity- 304 Hudson Street,304 Hudson Street,Not Available,Not Available,Not Available,-0.5,Not Available,Ok,207762,No,Not Available,13729751.6,585,Not Available,Not Available,Office,2015-04-24,Not Available,Not Available,13729751.5,Not Available,Not Available,Not Available,Whole Building,Not Available,Not Available,Not Available,Not Available,Not Available,157.7,Not Available,No,Not Available,Not Available,22603453.1,Not Available,Not Available,36375.57,Yes,Not Available,Not Available,Not Available,Not Available,0.1,Not Available,Not Available,Not Available,1009742,Not Available,2015-04-29T11:46:45.000,Not Available,100,Not Available,102.0,Not Available,2.81572,Not Available,Not Available,114.3,Not Available,0,No,6945656,Not Available,Not Available,-0.5,Not Available,Not Available,Not Available
2383139,11 East 36th Street - Morgan Lofts,11 East 36th Street,Not Available,Not Available,Not Available,88,Not Available,Ok,6600,No,Not Available,4697395.7,15,Not Available,Not Available,Multifamily Housing,Not Available,Not Available,Not Available,4697395.9,Not Available,Not Available,Not Available,Whole Building,Not Available,Not Available,Not Available,Not Available,Not Available,233.7,Not Available,No,Not Available,0,9008737.1,Not Available,Not Available,0,No,0.92441,Not Available,58,Not Available,0.6,Not Available,Not Available,Not Available,1017178,Not Available,2015-07-31T15:12:54.000,Not Available,100,Not Available,105.0,Not Available,2.27273,Not Available,0,63.7,Not Available,0,Yes,Not Available,Not Available,Not Available,88,Not Available,80,Not Available
1479144,900 Third Ave,900 Third Ave,Not Available,Not Available,Not Available,-34.9,Not Available,Ok,561772,No,Not Available,30378875,1299,Not Available,Not Available,Office,Not Available,Not Available,Not Available,30378875.1,Not Available,Not Available,Not Available,Whole Building,Not Available,Not Available,Not Available,Not Available,Not Available,0,Not Available,No,Not Available,Not Available,36133743,Not Available,Not Available,Not Available,No,Not Available,Not Available,Not Available,Not Available,Not Available,08/04/2014,Not Available,Not Available,1081162,Not Available,2015-04-20T11:15:27.000,Not Available,100,05/31/2015,106.0,Not Available,2.31233,Not Available,0,98.9,Not Available,0,No,7714923.9,Not Available,15,-34.9,Not Available,Not Available,N
2558942,"Pelican: Sheridan One Company, LLC",930 Sheridan Avenue,Not Available,Not Available,Not Available,7.9,Not Available,Ok,Not Available,No,Not Available,1227828.7,Not Available,Not Available,Not Available,Multifamily Housing,Not Available,Not Available,Not Available,1227828.7,No,Not Available,Not Available,Whole Building,Not Available,Not Available,Not Available,Not Available,Not Available,351.4,Not Available,No,Not Available,83,7599774.4,Not Available,Not Available,0,No,1.29396,Not Available,83,Not Available,0.9,Not Available,Not Available,Not Available,2002706,Not Available,2015-04-30T20:49:24.000,Not Available,Not Available,Not Available,204.0,584146,Not Available,Not Available,Not Available,104.9,Not Available,0,No,Not Available,Not Available,Not Available,7.9,Bronx,101,Not Available
2640545,223-25A 65TH AVE,223-25A 65TH AVE,Not Available,Not Available,Not Available,21.1,Not Available,Ok,Not Available,No,Not Available,213458.6,Not Available,Not Available,Not Available,Multifamily Housing,2015-04-29,Not Available,Not Available,213458.6,Not Available,Not Available,Not Available,Whole Building,0,Not Available,Not Available,Not Available,Not Available,61.3,Not Available,No,Not Available,0,1338252,Not Available,Not Available,0,Yes,1.23457,Not Available,15,Not Available,0.9,Not Available,Not Available,Not Available,4444388,Not Available,2015-04-30T11:05:26.000,Not Available,Not Available,Not Available,411.0,Not Available,Not Available,0,Not Available,93,Not Available,0,No,Not Available,Not Available,Not Available,21.1,Not Available,26,Not Available
2595911,1825 RSD Inc.,1825 Riverside Drive,Not Available,Not Available,Not Available,-15,Not Available,Ok,Not Available,No,Not Available,645811.1,Not Available,Not Available,Not Available,Multifamily Housing,2015-04-25,Not Available,Not Available,645811.1,Not Available,3680080.6,Not Available,Whole Building,Not Available,Not Available,Not Available,Not Available,Not Available,284.2,Not Available,No,Not Available,0,4455649.2,Not Available,Not Available,Not Available,Yes,1.2,Not Available,69.36,Not Available,0,Not Available,Not Available,Not Available,1065052,Not Available,2015-04-25T14:00:09.000,Not Available,Not Available,Not Available,112.0,Not Available,Not Available,Not Available,Not Available,90.8,Not Available,0,Yes,Not Available,Not Available,Not Available,-15,USA,80.91,Not Available
2638780,301 E 62 St.,301 E 62 Street,Not Available,Not Available,Not Available,-50,Not Available,Ok,Not Available,No,Not Available,2506773.6,Not Available,Not Available,Not Available,Multifamily Housing,Not Available,Not Available,Not Available,2506773.5,Not Available,Not Available,Not Available,Whole Building,0,Not Available,Not Available,Not Available,Not Available,12.3,Not Available,Yes,Not Available,0,2752537,Not Available,Not Available,0,No,1.19455,Not Available,130,Not Available,0,Not Available,Not Available,Not Available,1044360,Not Available,2015-04-30T14:18:35.000,Not Available,Not Available,Not Available,108.0,Not Available,Not Available,0,Not Available,48.3,Not Available,0,No,Not Available,Not Available,Not Available,-50,Not Available,169,Not Available
2505168,645 Madison L.L.C,645 Madison Ave,Not Available,Not Available,Not Available,14.4,Not Available,Ok,148308,No,Not Available,12642688.3,441.46,Not Available,Not Available,Office,2015-04-30,Not Available,Not Available,12642688.3,Not Available,Not Available,Not Available,Whole Building,Not Available,Not Available,Not Available,Not Available,Not Available,0,Not Available,No,Not Available,Not Available,26170441.3,Not Available,Not Available,Not Available,Yes,Not Available,Not Available,Not Available,22,Not Available,Not Available,Not Available,Not Available,1040762,Not Available,2015-04-30T19:42:16.000,Not Available,100,Not Available,108.0,Not Available,2.97663,Not Available,0,110.9,Not Available,0,Yes,14020172.6,Not Available,Not Available,14.4,Manhattan,Not Available,Not Available
2637885,120 W 70 St.,120 W 70 Street,Not Available,Not Available,Not Available,-1.1,Not Available,Ok,Not Available,No,Not Available,1302352.7,Not Available,Not Available,Not Available,Multifamily Housing,Not Available,Not Available,Not Available,1302352.9,Not Available,Not Available,Not Available,Whole Building,0,Not Available,Not Available,Not Available,Not Available,246.8,Not Available,No,Not Available,0,5554377.5,Not Available,Not Available,0,No,0.56787,Not Available,38,Not Available,0.5,Not Available,Not Available,Not Available,1029650,Not Available,2015-04-30T14:18:35.000,Not Available,Not Available,Not Available,107.0,Not Available,Not Available,0,Not Available,86.2,Not Available,0,No,Not Available,Not Available,Not Available,-1.1,Not Available,85,Not Available
1548267,STATEN ISLAND (2006),2900 VETERANS RD W,Not Available,Not Available,Not Available,-33,Not Available,Ok,Not Available,No,Not Available,8535934.8,Not Available,Not Available,Not Available,Retail Store,Not Available,Not Available,Not Available,8535933.5,Not Available,Not Available,Not Available,Whole Building,465359.79,Not Available,Not Available,Not Available,Not Available,195.5,Not Available,No,Not Available,Not Available,12032815.1,Not Available,Not Available,46647.66,No,Not Available,Not Available,Not Available,Not Available,0.2,07/08/2014,Not Available,Not Available,5149742,Not Available,2015-06-02T17:13:39.000,Not Available,Not Available,02/28/2015,503.0,Not Available,Not Available,694306.56,0.31277,126.7,Not Available,0,No,Not Available,Not Available,Not Available,-33,Not Available,Not Available,Not Available
1276621,731 Lexington Avenue,731 Lexington Ave,Not Available,Not Available,Not Available,11.1,Not Available,Ok,1037474,No,Not Available,170502706.1,7000,Not Available,Not Available,Office,Not Available,Not Available,Not Available,170502689.8,Not Available,Not Available,Not Available,Whole Building,Not Available,Not Available,Not Available,Not Available,Not Available,152,Not Available,No,Not Available,0,206760299.5,Not Available,Not Available,Not Available,No,0.4234,15569,105,Not Available,0,Not Available,Not Available,Not Available,1086160;1037168;1037169;1037171,Not Available,2015-04-30T19:15:21.000,Not Available,100,Not Available,106.0,Not Available,6.74716,Not Available,0,128.4,Not Available,0,Yes,35804523.4,Not Available,33,11.1,Not Available,264,Not Available
2564772,212 East 57th Street,212 East 57th Street,Not Available,Not Available,Not Available,Not Available,Not Available,Ok,Not Available,No,Not Available,2169659.8,Not Available,Not Available,Not Available,Multifamily Housing,Not Available,Not Available,Not Available,2169659.8,Not Available,Not Available,Not Available,Whole Building,Not Available,Not Available,Not Available,Not Available,Not Available,Not Available,Not Available,No,Not Available,0,Not Available,Not Available,Not Available,Not Available,No,0.51977,Not Available,38,Not Available,Not Available,Not Available,Not Available,Not Available,1038595,Not Available,2015-07-31T15:12:54.000,Not Available,Not Available,Not Available,106.0,Not Available,Not Available,111650.61,0,59.6,Not Available,0,Yes,Not Available,Not Available,Not Available,Not Available,Not Available,82,Not Available
2560563,100 JANE STREET LPC,379 WEST 12TH STREET,Not Available,Not Available,Not Available,8.2,Not Available,Ok,Not Available,No,Not Available,3367578.7,Not Available,Not Available,Not Available,Multifamily Housing,2015-04-29,Not Available,Not Available,3367578.5,Not Available,Not Available,Not Available,Whole Building,Not Available,Not Available,Not Available,Not Available,Not Available,397,Not Available,No,Not Available,148,10455412.5,Not Available,Not Available,Not Available,Yes,1.19697,Not Available,148,Not Available,0.6,Not Available,Not Available,Not Available,1084803,Not Available,2015-04-30T15:19:06.000,Not Available,Not Available,Not Available,102.0,Not Available,Not Available,Not Available,Not Available,81,Not Available,0,No,Not Available,Not Available,Not Available,8.2,Not Available,171,Not Available
2609658,2315-25 University Avenue LLC (2325),2325 University Avenue,Not Available,Not Available,Not Available,Not Available,Not Available,Ok,Not Available,No,Not Available,Not Available,Not Available,Not Available,Not Available,Multifamily Housing,Not Available,Not Available,Not Available,Not Available,Not Available,5354535.1,Not Available,Whole Building,Not Available,Not Available,Not Available,Not Available,Not Available,Not Available,Not Available,No,Not Available,0,Not Available,Not Available,Not Available,Not Available,No,1.2,Not Available,58.8,Not Available,Not Available,Not Available,Not Available,Not Available,2014744,Not Available,2015-05-18T14:13:02.000,Not Available,Not Available,Not Available,207.0,Not Available,Not Available,69760.28,Not Available,59.6,Not Available,0,Yes,Not Available,Not Available,Not Available,Not Available,Not Available,68.6,Not Available
2609616,45 Terrace Realty Associates,45 Wadsworth Terrace,Not Available,Not Available,Not Available,48.8,Not Available,Ok,Not Available,No,Not Available,766277.2,Not Available,Not Available,Not Available,Multifamily Housing,Not Available,Not Available,Not Available,766277.2,Not Available,5727150.2,Not Available,Whole Building,Not Available,Not Available,Not Available,Not Available,Not Available,450.6,Not Available,No,Not Available,0,Not Available,Not Available,Not Available,Not Available,No,1.2,Not Available,57.7,Not Available,0.1,Not Available,Not Available,Not Available,1064098,Not Available,2015-05-18T14:13:02.000,Not Available,Not Available,Not Available,112.0,Not Available,Not Available,Not Available,Not Available,95.8,Not Available,0,Yes,Not Available,Not Available,Not Available,48.8,Manhattan,67.32,Not Available
2539077,Winter- 423 W 55th St,423 W 55th St,Not Available,Not Available,Not Available,18.3,Not Available,Ok,177863,No,Not Available,12902813.2,550,Not Available,Not Available,Office,2015-04-22,Not Available,Not Available,12902812.4,No,Not Available,Not Available,Whole Building,1641261.3,Not Available,Not Available,Not Available,Not Available,246,Not Available,No,Not Available,Not Available,16103711.9,Not Available,Not Available,414.39,Yes,Not Available,Not Available,Not Available,15,0,Not Available,Not Available,Not Available,1026842,Not Available,2015-04-22T15:21:30.000,Not Available,100,Not Available,104.0,Not Available,3.09227,1387301.72,0.0642,54.7,Not Available,0,No,Not Available,Not Available,Not Available,18.3,Not Available,Not Available,Not Available
2630982,42 ARLO RD EDF,42 ARLO RD EDF,Not Available,Not Available,Not Available,35.2,Not Available,Ok,Not Available,No,Not Available,309563.6,Not Available,Not Available,Not Available,Multifamily Housing,Not Available,Not Available,Not Available,309563.6,Not Available,Not Available,Not Available,Whole Building,0,Not Available,Not Available,Not Available,Not Available,146.3,Not Available,No,Not Available,0,2987925.6,Not Available,Not Available,0,No,1.22544,Not Available,27,Not Available,1.2,Not Available,Not Available,Not Available,5117073,Not Available,2015-04-30T16:30:39.000,Not Available,Not Available,Not Available,501.0,Not Available,Not Available,0,Not Available,102.8,Not Available,0,No,Not Available,Not Available,Not Available,35.2,Not Available,40,Not Available
2592008,150 WILLIAM STREET L.P.,72 ANN STREET,Not Available,Not Available,Not Available,-8.9,Not Available,Ok,587831,No,Not Available,34184935.9,2900,Not Available,Not Available,Office,2015-04-29,Not Available,Not Available,34184930.4,Not Available,Not Available,Not Available,Whole Building,Not Available,Not Available,Not Available,Not Available,Not Available,57.9,Not Available,No,Not Available,Not Available,76088037.4,Not Available,Not Available,Not Available,Yes,Not Available,Not Available,Not Available,Not Available,0,Not Available,Not Available,Not Available,1001280,Not Available,2015-04-29T15:54:08.000,Not Available,100,Not Available,101.0,Not Available,4.93339,Not Available,Not Available,142.2,Not Available,0,No,40812706,Not Available,Not Available,-8.9,Not Available,Not Available,Not Available
2640555,225-25 69 AVE,225-25 69 AVE,Not Available,Not Available,Not Available,Not Available,Not Available,Ok,Not Available,No,Not Available,Not Available,Not Available,Not Available,Not Available,Multifamily Housing,2015-04-29,Not Available,Not Available,Not Available,Not Available,Not Available,Not Available,Whole Building,Not Available,Not Available,Not Available,Not Available,Not Available,64.9,Not Available,No,Not Available,0,Not Available,Not Available,Not Available,0,Yes,1.28736,Not Available,14,Not Available,1.1,Not Available,Not Available,Not Available,4453039,Not Available,2015-04-30T11:05:26.000,Not Available,Not Available,Not Available,411.0,Not Available,Not Available,15482.51,Not Available,59.6,Not Available,0,No,Not Available,Not Available,Not Available,Not Available,Not Available,24,Not Available
2430729,Trinity- 435 Hudson,435 Hudson St,Not Available,Not Available,Not Available,-0.3,Not Available,Ok,263637,No,Not Available,22234634.6,956.38,Not Available,Not Available,Office,Not Available,Not Available,Not Available,22234635.8,Not Available,Not Available,Not Available,Whole Building,Not Available,Not Available,Not Available,Not Available,Not Available,409.4,Not Available,No,Not Available,Not Available,28870795,Not Available,Not Available,20772.12,No,Not Available,5447,Not Available,Not Available,0.2,Not Available,Not Available,Not Available,1010402,Not Available,2015-04-29T11:46:45.000,Not Available,100,Not Available,102.0,Not Available,3.62763,Not Available,Not Available,110.1,Not Available,0,No,Not Available,Not Available,Not Available,-0.3,Not Available,Not Available,Not Available
2591905,Broad Financial Center,33 Whitehall Street,Not Available,Not Available,Not Available,32.3,Not Available,Ok,377720,No,Not Available,38580795.3,749.22,Not Available,Not Available,Office,Not Available,Not Available,Not Available,38580780.6,Not Available,Not Available,Not Available,Whole Building,Not Available,Not Available,Not Available,Not Available,Not Available,0,Not Available,No,Not Available,Not Available,45435601.9,Not Available,Not Available,Not Available,No,Not Available,Not Available,Not Available,Not Available,Not Available,Not Available,Not Available,Not Available,1000023,Not Available,2015-05-01T00:37:25.000,Not Available,100,Not Available,101.0,Not Available,1.98355,Not Available,Not Available,85.4,Not Available,0,Yes,7217705.8,Not Available,Not Available,32.3,Not Available,Not Available,Not Available
2609630,1840 Concourse Associates,1840 Grand Concourse,Not Available,Not Available,Not Available,54.1,Not Available,Ok,Not Available,No,Not Available,1143245.2,Not Available,Not Available,Not Available,Multifamily Housing,Not Available,Not Available,Not Available,1143245.2,Not Available,6628650.1,Not Available,Whole Building,Not Available,Not Available,Not Available,Not Available,Not Available,520.8,Not Available,No,Not Available,0,7835094.8,Not Available,Not Available,Not Available,No,1.2,Not Available,69.6,Not Available,0.1,Not Available,Not Available,Not Available,2007542,Not Available,2015-05-18T14:13:02.000,Not Available,Not Available,Not Available,205.0,Not Available,Not Available,Not Available,Not Available,91.4,Not Available,0,Yes,Not Available,Not Available,Not Available,54.1,Bronx,81.2,Not Available
2382145,MSKCC Main Campus - Super Block,1275 York Ave,Not Available,Not Available,Not Available,409.2,Not Available,Ok,178836,No,Not Available,180681182.6,411.32,Not Available,Not Available,Other - Specialty Hospital,Not Available,Not Available,Not Available,180681197.6,Not Available,Not Available,Not Available,Whole Building,Not Available,Not Available,Not Available,Not Available,Not Available,0,Not Available,No,Not Available,Not Available,429769661,103.5,Not Available,Not Available,No,Not Available,32526,Not Available,Not Available,Not Available,Not Available,Not Available,Not Available,1087284;1045572,Not Available,2015-04-29T08:30:17.000,Not Available,100,Not Available,108.0,Not Available,2.3,Not Available,Not Available,61,Not Available,0,Yes,248680205.1,Not Available,Not Available,409.2,New York,Not Available,N
2543889,GC - NRDC - New York,40 WEST 20th STREET,Not Available,Not Available,Not Available,22.9,Not Available,Ok,87600,No,Not Available,6078478,381,Not Available,Not Available,Office,2015-04-10,Not Available,Not Available,6078478,Not Available,Not Available,Not Available,Whole Building,331359,Not Available,Not Available,Not Available,Not Available,272.3,Not Available,No,Not Available,Not Available,10051083.7,Not Available,Not Available,30467.45,Yes,Not Available,Not Available,Not Available,Not Available,0.2,03/21/2011,Not Available,Not Available,1076145,Not Available,2015-04-10T10:01:03.000,Not Available,100,08/31/2011,105.0,Not Available,4.34932,269609.19,Not Available,65.7,Not Available,0,No,Not Available,Not Available,Not Available,22.9,Not Available,Not Available,Not Available
2639015,100 Park Terrace West Owners Corp,100 Park Terrace West,Not Available,Not Available,Not Available,-5.9,Not Available,Ok,Not Available,No,Not Available,801706.4,Not Available,Not Available,Not Available,Multifamily Housing,Not Available,Not Available,Not Available,801706.4,No,Not Available,Not Available,Whole Building,Not Available,Not Available,Not Available,Not Available,Not Available,329.3,Not Available,No,Not Available,0,Not Available,Not Available,Not Available,0,No,1.2,Not Available,74.53,Not Available,0,Not Available,Not Available,Not Available,1065021,Not Available,2015-05-01T18:59:05.000,Not Available,Not Available,Not Available,112.0,4234876,Not Available,Not Available,Not Available,89.5,Not Available,0,Yes,Not Available,Not Available,Not Available,-5.9,New York,86.95,Not Available
2563004,ROSENBERG: 1266-68 Grand Concourse Realty. L.L.C.,1919 Williamsbridge Road,Not Available,Not Available,Not Available,6.3,Not Available,Ok,Not Available,No,Not Available,1057576.7,Not Available,Not Available,Not Available,Multifamily Housing,Not Available,Not Available,Not Available,1057576.7,No,Not Available,Not Available,Whole Building,Not Available,Not Available,Not Available,Not Available,Not Available,308.4,Not Available,No,Not Available,44,5016019.1,Not Available,Not Available,Not Available,No,0.83122,Not Available,44,Not Available,0,Not Available,Not Available,Not Available,2002774,Not Available,2015-04-30T20:46:12.000,Not Available,Not Available,Not Available,211.0,3967549.6,Not Available,Not Available,Not Available,88.6,Not Available,0,No,Not Available,Not Available,Not Available,6.3,Bronx,147,Not Available
2386552,1230 Park Avenue,1230 Park Avenue,Not Available,Not Available,Not Available,-15,Not Available,Ok,Not Available,No,Not Available,2129912.3,Not Available,Not Available,Not Available,Multifamily Housing,Not Available,Not Available,Not Available,2129912.3,Not Available,0,Not Available,Whole Building,Not Available,Not Available,Not Available,Not Available,Not Available,432.6,Not Available,No,Not Available,0,Not Available,Not Available,Not Available,Not Available,No,0.55407,Not Available,70,Not Available,0.6,Not Available,Not Available,Not Available,1047432,Not Available,2015-07-31T15:12:54.000,Not Available,Not Available,Not Available,108.0,Not Available,Not Available,Not Available,Not Available,95,Not Available,0,No,Not Available,Not Available,Not Available,-15,Not Available,187,Not Available
2562986,317 EAST 34TH STREET LLC,317 EAST 34TH STREET,Not Available,Not Available,Not Available,-40.9,Not Available,Ok,Not Available,No,Not Available,8931529.6,Not Available,Not Available,Not Available,Medical Office,Not Available,Not Available,Not Available,8931531,No,Not Available,Not Available,Whole Building,Not Available,Not Available,Not Available,Not Available,Not Available,354,Not Available,No,Not Available,Not Available,Not Available,600,Not Available,Not Available,No,Not Available,Not Available,Not Available,Not Available,0.1,Not Available,Not Available,Not Available,1021900,Not Available,2015-04-27T21:08:39.000,Not Available,Not Available,Not Available,106.0,Not Available,Not Available,Not Available,Not Available,201,Not Available,0,No,Not Available,Not Available,Not Available,-40.9,Not Available,Not Available,Not Available
2609674,44-45 Realty Associates LP,449 W. 44th Street,Not Available,Not Available,Not Available,17.5,Not Available,Ok,Not Available,No,Not Available,1211420.4,Not Available,Not Available,Not Available,Multifamily Housing,Not Available,Not Available,Not Available,1211420.4,No,Not Available,Not Available,Whole Building,Not Available,Not Available,Not Available,Not Available,Not Available,319.9,Not Available,No,Not Available,0,5493674.5,Not Available,Not Available,Not Available,No,1.2,Not Available,69.6,Not Available,0,Not Available,Not Available,Not Available,1026426,Not Available,2015-05-18T14:13:02.000,Not Available,Not Available,Not Available,104.0,4107417.8,Not Available,Not Available,Not Available,81,Not Available,0,Yes,Not Available,Not Available,Not Available,17.5,Manhattan,81.2,Not Available
2597675,CBS-518,518 W57th St,Not Available,Not Available,Not Available,175.1,Not Available,Ok,61689,No,Not Available,14475609.9,200,Not Available,Not Available,Office,Not Available,Not Available,Not Available,14475611.3,Not Available,Not Available,Not Available,Whole Building,Not Available,Not Available,Not Available,Not Available,Not Available,0,Not Available,No,Not Available,Not Available,19807803.6,Not Available,Not Available,Not Available,No,Not Available,Not Available,Not Available,Not Available,Not Available,Not Available,Not Available,Not Available,1027069,Not Available,2015-05-01T23:57:19.000,Not Available,100,Not Available,104.0,Not Available,3.24207,Not Available,Not Available,104,Not Available,0,No,5469875.5,Not Available,Not Available,175.1,New York,Not Available,Not Available
2383947,58 West 58th Street,58 West 58th Street,Not Available,Not Available,Not Available,74.9,Not Available,Ok,Not Available,No,Not Available,6632740,Not Available,Not Available,Not Available,Multifamily Housing,Not Available,Not Available,Not Available,6632740.3,Not Available,Not Available,Not Available,Whole Building,Not Available,Not Available,Not Available,Not Available,Not Available,10.1,Not Available,No,Not Available,0,29646898.6,Not Available,Not Available,Not Available,No,0.81527,Not Available,167,Not Available,0,Not Available,Not Available,Not Available,1035078,Not Available,2015-07-31T15:12:54.000,Not Available,Not Available,Not Available,105.0,Not Available,Not Available,Not Available,Not Available,85.2,Not Available,0,No,23684843.9,Not Available,Not Available,74.9,Not Available,334,Not Available
2608039,1 Arden Street,1 Arden Street,Not Available,Not Available,Not Available,6,Not Available,Ok,Not Available,No,Not Available,1329287.8,Not Available,Not Available,Not Available,Multifamily Housing,Not Available,Not Available,Not Available,1329287.9,Not Available,Not Available,Not Available,Whole Building,Not Available,Not Available,Not Available,Not Available,Not Available,263.8,Not Available,No,Not Available,88,6295088.2,Not Available,Not Available,Not Available,No,1.3831,Not Available,88,Not Available,0.7,Not Available,Not Available,Not Available,1064180,Not Available,2015-05-18T14:13:02.000,Not Available,Not Available,Not Available,112.0,Not Available,Not Available,Not Available,0.21739,85.8,Not Available,0,Yes,Not Available,Not Available,Not Available,6,Not Available,132,Not Available
2546297,"Pelican: RSD 920, LLC",920 Riverside Drive,Not Available,Not Available,Not Available,-25.6,Not Available,Ok,Not Available,No,Not Available,999565.9,Not Available,Not Available,Not Available,Multifamily Housing,Not Available,Not Available,Not Available,999565.9,Not Available,Not Available,Not Available,Whole Building,0,Not Available,Not Available,Not Available,Not Available,310.3,Not Available,Yes,Not Available,71,6506419.4,Not Available,Not Available,0,No,0.84572,Not Available,71,Not Available,0.7,Not Available,Not Available,Not Available,1063343,Not Available,2015-04-30T20:49:24.000,Not Available,Not Available,Not Available,112.0,Not Available,Not Available,0,Not Available,109.5,Not Available,0,No,Not Available,Not Available,Not Available,-25.6,New York,166,Not Available
2497918,"Plaza 52, LLC",150 East 52nd Street,Not Available,Not Available,Not Available,10.3,Not Available,Ok,291507,Yes,Not Available,23150229.6,608,Not Available,Not Available,Office,Not Available,Not Available,Not Available,23150228.9,Not Available,Not Available,Not Available,Whole Building,Not Available,Not Available,Not Available,Not Available,Not Available,33.8,Not Available,No,Not Available,Not Available,Not Available,Not Available,Not Available,Not Available,No,Not Available,6329,Not Available,Not Available,Not Available,Not Available,Not Available,Not Available,1036463,Not Available,2015-05-01T11:05:43.000,Not Available,89.48,Not Available,106.0,Not Available,2.08571,Not Available,Not Available,92.8,Not Available,0,No,6699391,Not Available,Not Available,10.3,Not Available,Not Available,Not Available
2639187,18 West 18th Street,18 West 18th Street,Not Available,Not Available,Not Available,-14,Not Available,Ok,92058,No,Not Available,7604295.5,293,Not Available,Not Available,Office,2015-04-29,Not Available,Not Available,7604297.1,No,Not Available,Not Available,Whole Building,Not Available,Not Available,Not Available,Not Available,Not Available,485.7,Not Available,No,Not Available,Not Available,13289488.2,Not Available,Not Available,Not Available,Yes,Not Available,Not Available,Not Available,Not Available,0,Not Available,Not Available,Not Available,1015426,52342,2015-05-01T11:51:38.000,Not Available,90.64,Not Available,105.0,6267115.5,3.18278,Not Available,0,91.3,Not Available,0,No,Not Available,Not Available,Not Available,-14,Not Available,Not Available,Not Available
2611600,MMS408 - West 43rd street,543-551 West 43rd street,Not Available,Not Available,Not Available,72.8,Not Available,Ok,Not Available,No,Not Available,2835610.8,Not Available,Not Available,132.31,Self-Storage Facility,2015-04-28,Not Available,Not Available,2835610.8,Not Available,Not Available,Not Available,Whole Building,189872.63,Not Available,Not Available,Not Available,Not Available,176.3,Not Available,No,Not Available,Not Available,5707863.3,Not Available,Not Available,40406.06,Yes,Not Available,Not Available,Not Available,Not Available,0.2,Not Available,Not Available,Not Available,1026923,Not Available,2015-04-29T10:09:48.000,Not Available,Not Available,Not Available,104.0,Not Available,Not Available,109868.3,Not Available,23.6,Not Available,0,No,Not Available,Not Available,Not Available,72.8,Not Available,Not Available,Not Available
1426421,The State - Whitehall Company,24 State Street,Not Available,Not Available,Not Available,4,Not Available,Ok,859807,No,Not Available,51996467.5,2184,Not Available,Not Available,Office,2015-04-28,Not Available,Not Available,51996457.5,Not Available,Not Available,Not Available,Whole Building,Not Available,Not Available,Not Available,Not Available,Not Available,0,Not Available,No,Not Available,Not Available,114822663.1,Not Available,Not Available,Not Available,Yes,Not Available,Not Available,Not Available,Not Available,Not Available,Not Available,Not Available,Not Available,1000021,Not Available,2015-04-30T12:33:54.000,Not Available,100,Not Available,101.0,Not Available,2.5401,Not Available,Not Available,131,Not Available,0,No,65141075.5,Not Available,Not Available,4,Manhattan,Not Available,Not Available
2560258,Mount Sinai - Beth Israel,321 East 16th St,Not Available,Not Available,Not Available,-4.7,1,Ok,Not Available,No,Not Available,90182713,Not Available,Not Available,Not Available,Hospital (General Medical & Surgical),Not Available,100% Yes,Not Available,90182708.5,Not Available,Not Available,0.96338,Whole Building,Not Available,Not Available,Not Available,Not Available,Not Available,2743.9,Not Available,No,Not Available,Not Available,213378740.4,Not Available,Not Available,115155.15,No,Not Available,Not Available,Not Available,Not Available,0.6,Not Available,Not Available,927982,1081661;1020418;1020428,Not Available,2015-04-28T10:32:35.000,Not Available,Not Available,Not Available,106.0,Not Available,Not Available,Not Available,Not Available,247.7,Not Available,0,Yes,77438389.4,Non Profit,Not Available,-4.7,Manhattan,Not Available,Not Available
2562104,Eger Health Care & Rehabilitation Center,140 Meisner Ave,Not Available,Not Available,Not Available,Not Available,Not Available,Ok,Not Available,No,Not Available,10985704.9,Not Available,Not Available,110620.15,Senior Care Community,Not Available,Not Available,Not Available,10985705.1,Not Available,Not Available,Not Available,Whole Building,Not Available,Not Available,Not Available,Not Available,Not Available,Not Available,Not Available,No,Not Available,Not Available,Not Available,Not Available,Not Available,183532,No,Not Available,Not Available,Not Available,Not Available,1,Not Available,Not Available,Not Available,Not Available,Not Available,2015-05-29T15:32:36.000,Not Available,Not Available,Not Available,502.0,Not Available,Not Available,516850.54,Not Available,125.7,Not Available,0,Yes,Not Available,Not Available,Not Available,Not Available,United States,Not Available,Not Available
2630980,81 ARLO RD OM,81 ARLO RD OM,Not Available,Not Available,Not Available,-35.4,Not Available,Ok,Not Available,No,Not Available,481062.5,Not Available,Not Available,Not Available,Multifamily Housing,Not Available,Not Available,Not Available,481062.3,Not Available,Not Available,Not Available,Whole Building,0,Not Available,Not Available,Not Available,Not Available,90.4,Not Available,Yes,Not Available,33,2149937,Not Available,Not Available,0,No,0.83193,Not Available,33,Not Available,0.4,Not Available,Not Available,Not Available,5117036,Not Available,2015-04-30T16:30:39.000,Not Available,Not Available,Not Available,501.0,Not Available,Not Available,0,Not Available,85.1,Not Available,0,No,Not Available,Not Available,Not Available,-35.4,Not Available,50,Not Available
2386047,West Building,139-24 Booth Memorial Ave,Not Available,Not Available,Not Available,30.3,0,Ok,Not Available,No,Not Available,23340809.8,Not Available,Not Available,Not Available,Hospital (General Medical & Surgical),Not Available,100% Yes,Not Available,23340809.6,Not Available,Not Available,0.46571,Whole Building,Not Available,Not Available,Not Available,Not Available,Not Available,1069.9,Not Available,No,Not Available,Not Available,43618801.5,Not Available,Not Available,Not Available,No,Not Available,Not Available,Not Available,Not Available,1.2,Not Available,Not Available,171780,4861615,Not Available,2015-03-20T12:46:47.000,Not Available,Not Available,Not Available,407.0,Not Available,Not Available,Not Available,Not Available,194.3,Not Available,0,No,Not Available,Non Profit,Not Available,30.3,New York,Not Available,Not Available
2637893,140 Nassau St.,140 Nassau Street,Not Available,Not Available,Not Available,2,Not Available,Ok,Not Available,No,Not Available,1631827.1,Not Available,Not Available,Not Available,Multifamily Housing,Not Available,Not Available,Not Available,1631827.2,Not Available,Not Available,Not Available,Whole Building,0,Not Available,Not Available,Not Available,Not Available,252.1,Not Available,No,Not Available,0,6036605.8,Not Available,Not Available,0,No,0.52861,Not Available,39,Not Available,0.6,Not Available,Not Available,Not Available,1001354,Not Available,2015-04-30T14:18:35.000,Not Available,Not Available,Not Available,101.0,Not Available,Not Available,0,Not Available,78.7,Not Available,0,No,Not Available,Not Available,Not Available,2,Not Available,80,Not Available
2617169,CBRE- 180 Madison,180 Madison Avenue,Not Available,Not Available,Not Available,39.9,Not Available,Ok,206901,No,Not Available,15090518.1,437,Not Available,Not Available,Office,2015-04-27,Not Available,10,15090518.5,Not Available,Not Available,Not Available,Whole Building,811499.99,Not Available,Not Available,Not Available,Not Available,0,Not Available,No,60537,Not Available,22723036.2,Not Available,Not Available,Not Available,Yes,Not Available,Not Available,Not Available,4,Not Available,Not Available,Not Available,Not Available,1017092,Not Available,2015-04-27T17:37:32.000,Not Available,100,Not Available,105.0,Not Available,2.11212,580111.97,0.19272,61,Not Available,0,Yes,8757464.2,Not Available,Not Available,39.9,Not Available,Not Available,Not Available
2364068,10 Rock (Bld 11),10 Rockefeller Plaza,Not Available,Not Available,Not Available,-13.5,Not Available,Ok,316653,No,Not Available,19817336.2,1102,Not Available,Not Available,Office,Not Available,Not Available,Not Available,19817336.1,Not Available,Not Available,Not Available,Whole Building,Not Available,Not Available,Not Available,Not Available,Not Available,0,Not Available,No,Not Available,Not Available,44465125.8,Not Available,Not Available,Not Available,No,Not Available,Not Available,Not Available,Not Available,Not Available,Not Available,Not Available,Not Available,1077284,Not Available,2015-04-30T10:33:52.000,Not Available,100,Not Available,105.0,Not Available,3.48015,Not Available,0.08611,129.3,Not Available,0,No,16092936.4,Not Available,Not Available,-13.5,Not Available,Not Available,Not Available
2263463,P&S - Black,"630, 650 W 168th Street",Not Available,Not Available,Not Available,445,Not Available,Ok,498466,No,Not Available,121550738.3,8480,Not Available,Not Available,Office,2015-04-21,Not Available,Not Available,121550725.8,Not Available,Not Available,Not Available,Whole Building,8633888.73,Not Available,Not Available,Not Available,Not Available,137.9,Not Available,No,Not Available,Not Available,278316238.1,Not Available,Not Available,27621.28,Yes,Not Available,Not Available,Not Available,Not Available,0,Not Available,Not Available,Not Available,1084989;1810191;1809824;1803801;1084386;1084389,Not Available,2015-06-30T16:06:57.000,Not Available,100,Not Available,,Not Available,17.01219,1584323.76,Not Available,73,Not Available,0,No,161114894.6,Not Available,Not Available,445,USA,Not Available,Not Available
2430722,Trinity- 100 Aof A,100 Avenue of Americas,Not Available,Not Available,Not Available,-10.1,Not Available,Ok,354338,No,Not Available,26009041.3,1003,Not Available,Not Available,Office,2015-04-24,Not Available,Not Available,26009041.4,Not Available,Not Available,Not Available,Whole Building,695665.8,Not Available,Not Available,Not Available,Not Available,426.2,Not Available,No,Not Available,Not Available,32968754.7,Not Available,Not Available,35271.72,Yes,Not Available,Not Available,Not Available,Not Available,0.2,Not Available,Not Available,Not Available,1007098,Not Available,2015-04-29T11:46:45.000,Not Available,100,Not Available,102.0,Not Available,2.83063,773440.54,Not Available,102.9,Not Available,0,No,Not Available,Not Available,Not Available,-10.1,Not Available,Not Available,Not Available
2598578,CBRE- 292 Madison,292 Madison Ave,Not Available,Not Available,Not Available,-26.1,Not Available,Ok,144978,No,Not Available,7699035.5,516.73,Not Available,Not Available,Office,2015-04-15,Not Available,Not Available,7699034.7,Not Available,Not Available,Not Available,Whole Building,187144.56,Not Available,Not Available,Not Available,Not Available,555.8,Not Available,Yes,Not Available,Not Available,16775537.9,Not Available,Not Available,48371.27,Yes,Not Available,Not Available,Not Available,Not Available,0.5,11/12/2012,Not Available,Not Available,1035322,Not Available,2015-04-15T17:00:18.000,Not Available,100,07/31/2013,105.0,Not Available,3.56417,253389.05,Not Available,143.2,Not Available,0,No,Not Available,Not Available,Not Available,-26.1,Not Available,Not Available,Not Available
2638888,801 Tilden St.,801 Tilden Street,Not Available,Not Available,Not Available,8.2,Not Available,Ok,Not Available,No,Not Available,4875512.5,Not Available,Not Available,Not Available,Multifamily Housing,Not Available,Not Available,Not Available,4875512.6,No,28535053.2,Not Available,Whole Building,0,Not Available,Not Available,Not Available,Not Available,2206.4,Not Available,No,Not Available,0,33002051.7,Not Available,Not Available,0,No,0.83318,Not Available,265,Not Available,0,Not Available,Not Available,Not Available,2093569,Not Available,2015-04-30T14:18:35.000,Not Available,Not Available,Not Available,212.0,Not Available,Not Available,0,Not Available,100.1,Not Available,0,No,Not Available,Not Available,Not Available,8.2,Not Available,444,Not Available
2614205,200 Riverside Boulevard,200 Riverside Boulevard,Not Available,Not Available,Not Available,-1.6,Not Available,Ok,Not Available,No,Not Available,15447872.8,Not Available,Not Available,Not Available,Multifamily Housing,2015-04-30,Not Available,Not Available,15447874.4,Not Available,Not Available,Not Available,Whole Building,952444.13,Not Available,Not Available,Not Available,Not Available,1970.8,Not Available,No,Not Available,0,51392787.2,Not Available,Not Available,0,Yes,0.5092,Not Available,377,Not Available,0.5,Not Available,Not Available,Not Available,1085722,Not Available,2015-04-30T14:20:15.000,Not Available,Not Available,Not Available,107.0,Not Available,Not Available,968001.35,Not Available,72.1,Not Available,0,No,Not Available,Not Available,Not Available,-1.6,Not Available,715,Not Available
2564712,247 West 46th Street,247 West 46th Street,Not Available,Not Available,Not Available,10.8,Not Available,Ok,Not Available,No,Not Available,10273882,Not Available,Not Available,Not Available,Multifamily Housing,Not Available,Not Available,Not Available,10273883.4,Not Available,Not Available,Not Available,Whole Building,Not Available,Not Available,Not Available,Not Available,Not Available,614.4,Not Available,No,Not Available,0,20991644.5,Not Available,Not Available,Not Available,No,0.71648,Not Available,220,Not Available,0.3,Not Available,Not Available,Not Available,1024736,Not Available,2015-07-31T15:12:54.000,Not Available,Not Available,Not Available,105.0,Not Available,Not Available,Not Available,0,62.9,Not Available,0,Yes,Not Available,Not Available,Not Available,10.8,Not Available,406,Not Available
2612579,182-30 WEXFORD TERR PLPM,182-30 WEXFORD TERR PLPM,Not Available,Not Available,Not Available,-3,Not Available,Ok,Not Available,No,Not Available,3265542.7,Not Available,Not Available,Not Available,Multifamily Housing,Not Available,Not Available,Not Available,3265542.6,Not Available,Not Available,Not Available,Whole Building,0,Not Available,Not Available,Not Available,Not Available,790.6,Not Available,No,Not Available,217,17774309.8,Not Available,Not Available,0,No,1.1737,Not Available,217,Not Available,0.8,Not Available,Not Available,Not Available,4213177,Not Available,2015-04-30T16:30:39.000,Not Available,Not Available,Not Available,408.0,Not Available,Not Available,0,Not Available,101.2,Not Available,0,No,Not Available,Not Available,Not Available,-3,Not Available,340,Not Available
2598405,Queens Boulevard,99-01 Queens Boulevard,Not Available,Not Available,Not Available,20.9,Not Available,Ok,Not Available,No,Not Available,4686596.7,Not Available,Not Available,Not Available,Retail Store,Not Available,Not Available,Not Available,4686597,Not Available,Not Available,Not Available,Whole Building,Not Available,Not Available,Not Available,Not Available,Not Available,0,Not Available,No,Not Available,Not Available,4686596.7,Not Available,Not Available,Not Available,No,Not Available,Not Available,Not Available,Not Available,Not Available,Not Available,Not Available,Not Available,4050967,Not Available,2015-04-30T19:15:21.000,Not Available,Not Available,Not Available,406.0,Not Available,Not Available,Not Available,0,68.1,Not Available,0,Yes,Not Available,Not Available,Not Available,20.9,Queens,Not Available,Not Available
2591141,301 East 69th Street,301 East 69th Street,Not Available,Not Available,Not Available,18.2,Not Available,Ok,Not Available,No,Not Available,5033527.1,Not Available,Not Available,Not Available,Multifamily Housing,2015-03-31,Not Available,Not Available,5033525.7,Not Available,Not Available,Not Available,Whole Building,300141.41,Not Available,Not Available,Not Available,Not Available,20.2,Not Available,No,Not Available,0,19505361.7,Not Available,Not Available,0,Yes,0.8934,3100,195,Not Available,0,Not Available,Not Available,Not Available,1072630,Not Available,2015-04-29T13:01:16.000,Not Available,Not Available,Not Available,108.0,Not Available,Not Available,253892.86,Not Available,72.6,Not Available,0,No,14124359,Not Available,Not Available,18.2,Not Available,236,Not Available
2640536,147-21 72 AVE,147-21 72 AVE,Not Available,Not Available,Not Available,5.4,Not Available,Ok,Not Available,No,Not Available,661807.3,Not Available,Not Available,Not Available,Multifamily Housing,2015-04-29,Not Available,Not Available,661807.2,Not Available,Not Available,Not Available,Whole Building,0,Not Available,Not Available,Not Available,Not Available,200.1,Not Available,No,Not Available,0,4304969.5,Not Available,Not Available,0,Yes,1.0846,Not Available,50,Not Available,0.8,Not Available,Not Available,Not Available,4455316,Not Available,2015-04-30T11:05:26.000,Not Available,Not Available,Not Available,408.0,Not Available,Not Available,0,Not Available,91.2,Not Available,0,No,Not Available,Not Available,Not Available,5.4,Not Available,80,Not Available
1958459,Hotel Pennsylvania,401 Seventh Avenue,Not Available,Not Available,Not Available,-1.6,Not Available,Ok,Not Available,No,Not Available,39183709.1,Not Available,Not Available,Not Available,Hotel,Not Available,Not Available,Not Available,39183715.1,Not Available,Not Available,Not Available,Whole Building,Not Available,Not Available,Not Available,Not Available,Not Available,220.2,0.35389,No,Not Available,Not Available,180077639.5,Not Available,Not Available,Not Available,No,Not Available,Not Available,Not Available,Not Available,0,Not Available,Not Available,Not Available,1015191,Not Available,2015-04-30T19:15:21.000,Not Available,Not Available,Not Available,105.0,Not Available,Not Available,Not Available,Not Available,129.5,Not Available,0,No,136747665.9,Not Available,Not Available,-1.6,Manhattan,Not Available,Not Available
1423560,55 Broad Street LP,55 Broad Street,Not Available,Not Available,Not Available,-16.6,Not Available,Ok,400143,No,Not Available,25110955,985,Not Available,Not Available,Office,2015-04-28,Not Available,Not Available,25110955.2,Not Available,Not Available,Not Available,Whole Building,Not Available,Not Available,Not Available,Not Available,Not Available,0,Not Available,No,Not Available,Not Available,42925242.6,Not Available,Not Available,Not Available,Yes,Not Available,Not Available,Not Available,18,Not Available,Not Available,Not Available,Not Available,1000821,Not Available,2015-04-30T12:33:54.000,Not Available,100,Not Available,101.0,Not Available,2.46162,Not Available,Not Available,127.8,Not Available,0,No,18633713.5,Not Available,Not Available,-16.6,Manhattan,Not Available,Not Available
1472861,1633 Broadway - Paramount Plaza,1633 Broadway,Not Available,Not Available,Not Available,-22.5,Not Available,Ok,2692740,No,Not Available,145532138,7500,Not Available,Not Available,Office,Not Available,Not Available,Not Available,145532138.4,Not Available,Not Available,Not Available,Whole Building,Not Available,Not Available,Not Available,Not Available,Not Available,0,Not Available,No,Not Available,Not Available,281969859.9,Not Available,Not Available,Not Available,No,Not Available,Not Available,Not Available,Not Available,Not Available,09/29/2009,Not Available,Not Available,1024812,Not Available,2015-04-20T11:15:27.000,Not Available,100,06/30/2010,105.0,Not Available,2.78527,Not Available,Not Available,130.3,Not Available,0,No,141205930.5,Not Available,Not Available,-22.5,USA,Not Available,Not Available
2379738,New York City District Council Of Carpenters Pension Fund,395 Hudson Street,Not Available,Not Available,Not Available,-14.9,Not Available,Ok,620327,No,Not Available,43125897.1,2130,Not Available,Not Available,Office,2015-05-01,Not Available,Not Available,43125905.8,Not Available,Not Available,Not Available,Whole Building,Not Available,Not Available,Not Available,Not Available,Not Available,18.9,Not Available,No,Not Available,Not Available,50815623.7,Not Available,Not Available,Not Available,Yes,Not Available,Not Available,Not Available,Not Available,0,12/19/2013,Not Available,Not Available,1010382,Not Available,2015-05-01T15:08:57.000,Not Available,100,08/31/2014,102.0,Not Available,3.43367,Not Available,Not Available,97.5,Not Available,0,No,8247466.5,Not Available,Not Available,-14.9,United States,Not Available,N+1
2598414,51 West 81st Street Corporation,51 West 81st Street,Not Available,Not Available,Not Available,-14.6,Not Available,Ok,Not Available,No,Not Available,1466714.8,Not Available,Not Available,Not Available,Multifamily Housing,2015-03-31,Not Available,4,1466714.7,Not Available,Not Available,Not Available,Whole Building,6908.11,Not Available,Not Available,Not Available,Not Available,326,Not Available,No,Not Available,0,7306848.6,Not Available,Not Available,3332.96,Yes,1.32774,Not Available,125,Not Available,0.6,Not Available,Not Available,Not Available,1031134,Not Available,2015-04-29T13:01:16.000,Not Available,Not Available,Not Available,107.0,Not Available,Not Available,8088.72,0,88,Not Available,0,Yes,Not Available,Not Available,Not Available,-14.6,New York,63,Not Available
2518219,10174 - 145 East 57th Street,145 - 147 East 57th Street,Not Available,Not Available,Not Available,-47.2,Not Available,Ok,49600,No,Not Available,2236122.4,300,Not Available,Not Available,Office,Not Available,Not Available,Not Available,2236122.4,Not Available,Not Available,Not Available,Whole Building,278359.39,Not Available,Not Available,Not Available,Not Available,0,Not Available,No,Not Available,Not Available,4631087.6,Not Available,Not Available,Not Available,No,Not Available,Not Available,Not Available,Not Available,Not Available,Not Available,Not Available,Not Available,1036908,Not Available,2015-04-30T14:04:30.000,Not Available,100,Not Available,106.0,Not Available,6.04839,527069.88,0,132.7,Not Available,0,Yes,2573253.7,Not Available,Not Available,-47.2,Not Available,Not Available,Not Available
2386537,1160 Third Avenue - Frost Owners Corp,1160 Third Avenue,Not Available,Not Available,Not Available,46.3,Not Available,Ok,Not Available,No,Not Available,5793197.7,Not Available,Not Available,Not Available,Multifamily Housing,Not Available,Not Available,Not Available,5793197.3,Not Available,Not Available,Not Available,Whole Building,Not Available,Not Available,Not Available,Not Available,Not Available,700.9,Not Available,No,Not Available,0,18989585.5,Not Available,Not Available,Not Available,No,1.17457,Not Available,164,Not Available,0.9,Not Available,Not Available,Not Available,1076299,Not Available,2015-07-31T15:12:54.000,Not Available,Not Available,Not Available,108.0,Not Available,Not Available,Not Available,0,85.4,Not Available,0,Yes,Not Available,Not Available,Not Available,46.3,Not Available,215,Not Available
2383152,32 Gramercy Park South,32 Gramercy Park South,Not Available,Not Available,Not Available,1814.7,Not Available,Ok,600,No,Not Available,3352315.4,1,Not Available,Not Available,Multifamily Housing,Not Available,Not Available,Not Available,3352315.6,Not Available,Not Available,Not Available,Whole Building,Not Available,Not Available,Not Available,Not Available,Not Available,21,Not Available,No,Not Available,0,302809735,Not Available,Not Available,Not Available,No,1.25722,Not Available,185,Not Available,0,Not Available,Not Available,Not Available,1017928,Not Available,2015-07-31T15:12:54.000,Not Available,100,Not Available,106.0,Not Available,1.66667,Not Available,0,104.6,Not Available,0,Yes,314127610,Not Available,Not Available,1814.7,Not Available,194,Not Available
1536164,ATCO - 555 Fifth Avenue,555 Fifth Avenue,Not Available,Not Available,Not Available,-34.6,Not Available,Ok,207357,No,Not Available,13925114.6,695,Not Available,Not Available,Office,2015-04-24,Not Available,Not Available,13925115.8,Not Available,Not Available,Not Available,Whole Building,Not Available,Not Available,Not Available,Not Available,Not Available,0,Not Available,No,Not Available,Not Available,16336650.1,Not Available,Not Available,Not Available,Yes,Not Available,1800,Not Available,Not Available,Not Available,02/09/2015,Not Available,Not Available,1035401,Not Available,2015-04-24T12:22:50.000,Not Available,100,08/31/2015,105.0,Not Available,3.35171,Not Available,0.05859,104.4,Not Available,0,No,2681877.1,Not Available,Not Available,-34.6,USA,Not Available,Not Available
2630969,26 EBBITTS ST HELM,26 EBBITTS ST HELM,Not Available,Not Available,Not Available,-12.3,Not Available,Ok,Not Available,No,Not Available,2380997.2,Not Available,Not Available,Not Available,Multifamily Housing,Not Available,Not Available,Not Available,2380997.3,Not Available,Not Available,Not Available,Whole Building,0,Not Available,Not Available,Not Available,Not Available,358,Not Available,No,Not Available,127,8904408.2,Not Available,Not Available,0,No,1.02906,Not Available,127,Not Available,0.5,Not Available,Not Available,Not Available,5105546,Not Available,2015-04-30T16:30:39.000,Not Available,Not Available,Not Available,503.0,Not Available,Not Available,0,Not Available,84.3,Not Available,0,No,Not Available,Not Available,Not Available,-12.3,Not Available,170,Not Available
2636809,225 West 37th Street,225 West 37th Street,Not Available,Not Available,Not Available,-47.9,Not Available,Ok,175565,No,Not Available,5042936.3,313,Not Available,Not Available,Office,2015-04-02,Not Available,Not Available,5042936,No,Not Available,Not Available,Whole Building,Not Available,Not Available,Not Available,Not Available,Not Available,410.3,Not Available,Yes,Not Available,Not Available,10172094.1,Not Available,Not Available,Not Available,Yes,Not Available,Not Available,Not Available,Not Available,0,Not Available,Not Available,Not Available,1014457,Not Available,2015-04-13T13:51:23.000,Not Available,100,Not Available,105.0,5440704.4,1.78282,Not Available,Not Available,114.7,Not Available,0,No,Not Available,Not Available,Not Available,-47.9,Not Available,Not Available,Not Available
2638875,610 West End Ave,610 West End Ave,Not Available,Not Available,Not Available,-1,Not Available,Ok,Not Available,No,Not Available,3159215.2,Not Available,Not Available,Not Available,Multifamily Housing,Not Available,Not Available,Not Available,3159215.2,No,Not Available,Not Available,Whole Building,0,Not Available,Not Available,Not Available,Not Available,670.5,Not Available,No,Not Available,0,15716068.7,Not Available,Not Available,0,No,0.32195,Not Available,57,Not Available,0.7,Not Available,Not Available,Not Available,1033312,Not Available,2015-04-30T14:18:35.000,Not Available,Not Available,Not Available,107.0,0,Not Available,0,Not Available,90,Not Available,0,No,Not Available,Not Available,Not Available,-1,Not Available,160,Not Available
2612560,Walter & Samuels - 15 W 36th,15 W 36th,Not Available,Not Available,Not Available,-31.6,Not Available,Ok,72755,No,Not Available,2328985.1,166,Not Available,Not Available,Office,2015-04-16,Not Available,Not Available,2328985.1,No,Not Available,Not Available,Whole Building,Not Available,Not Available,Not Available,Not Available,Not Available,245.6,Not Available,Yes,Not Available,Not Available,5441852.3,Not Available,Not Available,Not Available,Yes,Not Available,Not Available,Not Available,Not Available,0,11/16/2011,Not Available,Not Available,1015930,Not Available,2015-04-20T15:16:49.000,Not Available,100,06/30/2012,,Not Available,2.28163,Not Available,0,99.4,Not Available,0,No,Not Available,Not Available,Not Available,-31.6,Not Available,Not Available,Not Available
2639890,Winter- 115 Fifth Ave,115 Fifth Ave,Not Available,Not Available,Not Available,-3.9,Not Available,Ok,224245,No,Not Available,19699827.6,645,Not Available,Not Available,Office,Not Available,Not Available,Not Available,19699826.9,Not Available,6736313.5,Not Available,Whole Building,Not Available,Not Available,Not Available,Not Available,Not Available,735.4,Not Available,No,Not Available,Not Available,Not Available,Not Available,Not Available,25865.4,No,Not Available,10541,Not Available,Not Available,0.1,Not Available,Not Available,Not Available,1080756,Not Available,2015-04-22T15:21:30.000,Not Available,100,Not Available,105.0,Not Available,2.87632,Not Available,0.02592,112,Not Available,0,No,Not Available,Not Available,Not Available,-3.9,Not Available,Not Available,Not Available
2383906,419 East 57th Street,419 East 57th Street,Not Available,Not Available,Not Available,-15.7,Not Available,Ok,Not Available,No,Not Available,1783310.7,Not Available,Not Available,Not Available,Multifamily Housing,Not Available,Not Available,Not Available,1783310.8,Not Available,7328764.1,Not Available,Whole Building,Not Available,Not Available,Not Available,Not Available,Not Available,564.2,Not Available,No,Not Available,0,Not Available,Not Available,Not Available,Not Available,No,0.67323,Not Available,92,Not Available,0,Not Available,Not Available,Not Available,1040537,Not Available,2015-07-31T15:12:54.000,Not Available,Not Available,Not Available,106.0,Not Available,Not Available,Not Available,Not Available,81,Not Available,0,No,Not Available,Not Available,Not Available,-15.7,Not Available,122,Not Available
1261466,One World Financial Center,200 Liberty Street,Not Available,Not Available,Not Available,-29.4,Not Available,Ok,1445610,No,Not Available,77841640.8,3585,Not Available,Not Available,Office,Not Available,Not Available,Not Available,77841641,Not Available,Not Available,Not Available,Whole Building,Not Available,Not Available,Not Available,Not Available,Not Available,25.8,Not Available,Yes,Not Available,Not Available,167232038.3,Not Available,Not Available,6154.93,No,Not Available,Not Available,Not Available,Not Available,0,12/19/2012,Not Available,Not Available,1000057,Not Available,2015-04-20T11:23:55.000,Not Available,100,08/31/2013,101.0,Not Available,2.47992,Not Available,Not Available,161,Not Available,0,No,37424078.2,Not Available,Not Available,-29.4,Not Available,Not Available,N+1
1439911,120 Wall Street,120 Wall Street,Not Available,Not Available,Not Available,-34.7,Not Available,Ok,614416,No,Not Available,28430592.7,2400,Not Available,Not Available,Office,Not Available,Not Available,Not Available,28430592.4,Not Available,Not Available,Not Available,Whole Building,Not Available,Not Available,Not Available,Not Available,Not Available,0,Not Available,Yes,Not Available,Not Available,44649105.6,Not Available,Not Available,Not Available,No,Not Available,Not Available,Not Available,Not Available,Not Available,12/28/2011,Not Available,Not Available,1000871,Not Available,2015-04-29T10:49:49.000,Not Available,100,08/31/2012,101.0,Not Available,3.90615,Not Available,Not Available,115.4,Not Available,0,No,17902126.6,Not Available,Not Available,-34.7,Not Available,Not Available,Not Available
1423551,560 Lexco LP,560 Lexington Avenue,Not Available,Not Available,Not Available,-34,Not Available,Ok,324040,No,Not Available,17196383.3,703,Not Available,Not Available,Office,2015-04-28,Not Available,Not Available,17196384.5,Not Available,Not Available,Not Available,Whole Building,Not Available,Not Available,Not Available,Not Available,Not Available,0,Not Available,Yes,Not Available,Not Available,21017887.2,Not Available,Not Available,Not Available,Yes,Not Available,Not Available,Not Available,Not Available,Not Available,Not Available,Not Available,Not Available,1036451,Not Available,2015-04-30T12:33:54.000,Not Available,100,Not Available,105.0,Not Available,2.16948,Not Available,Not Available,100.6,Not Available,0,No,4633992.9,Not Available,Not Available,-34,Manhattan,Not Available,Not Available
1575697,866 UN Plaza,866 UN Plaza,Not Available,Not Available,Not Available,-30.2,Not Available,Ok,370842,No,Not Available,17175938.5,1200,Not Available,Not Available,Office,2015-04-03,Not Available,12,17175939.8,Not Available,Not Available,Not Available,Whole Building,1567736.97,Not Available,Not Available,Not Available,Not Available,0,Not Available,Yes,Not Available,Not Available,34223618.2,Not Available,Not Available,Not Available,Yes,Not Available,Not Available,Not Available,Not Available,Not Available,10/27/2013,Not Available,Not Available,1040072,Not Available,2015-04-06T10:41:28.000,Not Available,100,05/31/2014,106.0,Not Available,3.23588,2245301.92,Not Available,132,Not Available,0,No,17517449.4,Not Available,Not Available,-30.2,Not Available,Not Available,Not Available
2611227,300 East 40th Street Condominium,300 East 40th Street,Not Available,Not Available,Not Available,-7.7,Not Available,Ok,Not Available,No,Not Available,9935100.4,Not Available,0,Not Available,Multifamily Housing,Not Available,Not Available,Not Available,9935099.1,Not Available,1740000,Not Available,Whole Building,Not Available,Not Available,Not Available,Not Available,Not Available,2735.8,Not Available,No,Not Available,80,60713591.9,15,Not Available,Not Available,No,0.9656,Not Available,587,Not Available,0.8,Not Available,0,Not Available,1022051,Not Available,2015-04-23T10:08:18.000,Not Available,Not Available,Not Available,106.0,Not Available,Not Available,Not Available,Not Available,107.1,Not Available,0,No,Not Available,Not Available,Not Available,-7.7,New York,1200,Not Available
2639010,299 owners Corp,299 Riverside Dr,Not Available,Not Available,Not Available,-46.2,Not Available,Ok,Not Available,No,Not Available,1101581.3,Not Available,Not Available,Not Available,Multifamily Housing,Not Available,Not Available,Not Available,1101581.3,No,Not Available,Not Available,Whole Building,41969.52,Not Available,Not Available,Not Available,Not Available,192,Not Available,No,Not Available,0,Not Available,Not Available,Not Available,0,No,1.2,Not Available,113.76,Not Available,0,Not Available,Not Available,Not Available,1057167,Not Available,2015-05-01T18:59:05.000,Not Available,Not Available,Not Available,107.0,2384617.9,Not Available,77964.98,Not Available,72.9,Not Available,0,Yes,Not Available,Not Available,Not Available,-46.2,New York,132.73,Not Available
2640543,221-52  H. HARDING,221-52  H. HARDING,Not Available,Not Available,Not Available,-19.7,Not Available,Ok,Not Available,No,Not Available,Not Available,Not Available,Not Available,Not Available,Multifamily Housing,2015-04-29,Not Available,Not Available,Not Available,Not Available,Not Available,Not Available,Whole Building,0,Not Available,Not Available,Not Available,Not Available,77.5,Not Available,No,Not Available,0,1422027.1,Not Available,Not Available,0,Yes,1.27517,Not Available,19,Not Available,1,Not Available,Not Available,Not Available,4146579,Not Available,2015-04-30T11:05:26.000,Not Available,Not Available,Not Available,,Not Available,Not Available,0,Not Available,121.8,Not Available,0,No,Not Available,Not Available,Not Available,-19.7,Not Available,30,Not Available
2561799,114 E 90 Street,114 E 90th Street,Not Available,Not Available,Not Available,-11.3,Not Available,Ok,Not Available,Yes,Not Available,986768.3,Not Available,Not Available,Not Available,Multifamily Housing,Not Available,Not Available,Not Available,986768.1,Not Available,2119534.5,Not Available,Whole Building,Not Available,Not Available,Not Available,Not Available,Not Available,298.5,Not Available,No,Not Available,0,Not Available,Not Available,Not Available,Not Available,No,0.7455,Not Available,41,Not Available,0,Not Available,Not Available,Not Available,1048134,Not Available,2015-04-30T14:18:35.000,Not Available,Not Available,Not Available,108.0,Not Available,Not Available,Not Available,Not Available,102.7,Not Available,0,No,Not Available,Not Available,Not Available,-11.3,Manhattan,103,Not Available
1463326,Eleven Penn Plaza,Eleven Penn Plaza,Not Available,Not Available,Not Available,-33.9,Not Available,Ok,1160271,No,Not Available,55094424.2,3214,Not Available,Not Available,Office,Not Available,Not Available,Not Available,55094417,Not Available,Not Available,Not Available,Whole Building,Not Available,Not Available,Not Available,Not Available,Not Available,0,Not Available,No,Not Available,Not Available,91125334.7,Not Available,Not Available,Not Available,No,Not Available,Not Available,Not Available,8,Not Available,07/13/2011,Not Available,Not Available,1015175,Not Available,2015-04-30T19:15:21.000,Not Available,100,05/31/2012,,Not Available,2.77004,Not Available,Not Available,120.1,Not Available,0,Yes,38018455.7,Not Available,7,-33.9,Not Available,Not Available,Not Available
2615091,Park Murray Building,11 Park Place,Not Available,Not Available,Not Available,-19.3,Not Available,Ok,213484,No,Not Available,8392792.4,300,Not Available,Not Available,Office,2015-04-28,Not Available,Not Available,8392793.2,Not Available,Not Available,Not Available,Whole Building,Not Available,Not Available,Not Available,Not Available,Not Available,527.3,Not Available,No,Not Available,Not Available,14544986.7,Not Available,Not Available,0,Yes,Not Available,Not Available,Not Available,Not Available,0,Not Available,Not Available,Not Available,1001399,Not Available,2015-04-28T11:15:22.000,Not Available,0,Not Available,101.0,Not Available,1.40526,Not Available,0,87.3,Not Available,0,Yes,Not Available,Not Available,Not Available,-19.3,Not Available,Not Available,Not Available
2598427,Leonori Condominium,26 East 63rd Street,Not Available,Not Available,Not Available,88.1,Not Available,Ok,Not Available,No,Not Available,3449819.3,Not Available,Not Available,Not Available,Multifamily Housing,2015-03-26,Not Available,Not Available,3449818.6,Not Available,Not Available,Not Available,Whole Building,3032.19,Not Available,Not Available,Not Available,Not Available,352.7,Not Available,No,Not Available,0,9705816.8,Not Available,Not Available,3032.19,Yes,1.18888,Not Available,63,Not Available,1,Not Available,Not Available,Not Available,1040935,Not Available,2015-04-29T13:01:16.000,Not Available,Not Available,Not Available,108.0,Not Available,Not Available,1611.91,Not Available,81.7,Not Available,0,No,Not Available,Not Available,Not Available,88.1,New York,91,Not Available
2638822,5 TCP,5 Tudor City Place,Not Available,Not Available,Not Available,-14.2,Not Available,Ok,Not Available,No,Not Available,8430068.7,Not Available,Not Available,Not Available,Multifamily Housing,Not Available,Not Available,Not Available,8430069.3,Not Available,Not Available,Not Available,Whole Building,Not Available,Not Available,Not Available,Not Available,Not Available,2342,Not Available,No,Not Available,0,41902274.1,Not Available,Not Available,0,No,1.95444,Not Available,799,Not Available,0.3,Not Available,Not Available,Not Available,1038647,Not Available,2015-04-30T14:18:35.000,Not Available,Not Available,Not Available,106.0,Not Available,Not Available,Not Available,Not Available,120.4,Not Available,0,No,Not Available,Not Available,Not Available,-14.2,Not Available,799,Not Available
2637917,2 Beekman,2 Beekman Place,Not Available,Not Available,Not Available,-6,Not Available,Ok,Not Available,No,Not Available,1926210.1,Not Available,Not Available,Not Available,Multifamily Housing,Not Available,Not Available,Not Available,1926210.1,Not Available,Not Available,Not Available,Whole Building,0,Not Available,Not Available,Not Available,Not Available,394.4,Not Available,No,Not Available,0,9010770.3,Not Available,Not Available,0,No,0.696,Not Available,87,Not Available,0.6,Not Available,Not Available,Not Available,1040078,Not Available,2015-04-30T14:18:35.000,Not Available,Not Available,Not Available,106.0,Not Available,Not Available,0,Not Available,79.6,Not Available,0,No,Not Available,Not Available,Not Available,-6,Not Available,122,Not Available
2473663,Imperial House,150 E 69th Street,Not Available,Not Available,Not Available,-22,Not Available,Ok,Not Available,No,Not Available,20622950.7,Not Available,Not Available,Not Available,Multifamily Housing,2015-04-18,Not Available,Not Available,20622950.3,No,Not Available,Not Available,Whole Building,1732689.47,Not Available,Not Available,Not Available,Not Available,1185.3,Not Available,No,Not Available,0,40353548.3,Not Available,Not Available,392529.63,Yes,0.44921,Not Available,378,Not Available,0.2,Not Available,Not Available,Not Available,1042479,Not Available,2015-05-01T23:57:19.000,Not Available,Not Available,Not Available,108.0,5893581.2,Not Available,2220275.22,0.11487,58.6,Not Available,205000,No,Not Available,Not Available,Not Available,-22,Not Available,686,Not Available
2364085,620 Fifth Avenue (Bld 3),620 Fifth Avenue,Not Available,Not Available,Not Available,65.8,Not Available,Ok,97900,No,Not Available,12758942.3,61,Not Available,Not Available,Office,Not Available,Not Available,Not Available,12758942,Not Available,Not Available,Not Available,Whole Building,Not Available,Not Available,Not Available,Not Available,Not Available,0,Not Available,No,Not Available,Not Available,29429955.7,Not Available,Not Available,Not Available,No,Not Available,Not Available,Not Available,Not Available,Not Available,Not Available,Not Available,Not Available,1075692,Not Available,2015-04-30T10:33:52.000,Not Available,100,Not Available,105.0,Not Available,0.62308,Not Available,0.10063,122.1,Not Available,0,No,7299877.7,Not Available,Not Available,65.8,Not Available,Not Available,Not Available
2397412,12 East 97th Street Tenants,12 East 97th Street,Not Available,Not Available,Not Available,-22.2,Not Available,Ok,Not Available,No,Not Available,1606585,Not Available,Not Available,Not Available,Multifamily Housing,Not Available,Not Available,Not Available,1606584.9,Not Available,Not Available,Not Available,Whole Building,Not Available,Not Available,Not Available,Not Available,Not Available,339.1,Not Available,No,Not Available,0,7994049.5,2,Not Available,Not Available,No,0.90592,Not Available,106,Not Available,0.5,Not Available,Not Available,Not Available,1051456,Not Available,2015-05-01T14:55:11.000,Not Available,Not Available,Not Available,111.0,Not Available,Not Available,Not Available,Not Available,87,Not Available,0,No,Not Available,Not Available,Not Available,-22.2,Not Available,157,Not Available
2636866,29 West 38th Street,29 West 38th Street,Not Available,Not Available,Not Available,-37.1,Not Available,Ok,151040,No,Not Available,5896764.6,331,Not Available,Not Available,Office,Not Available,Not Available,Not Available,5896765.1,Not Available,Not Available,Not Available,Whole Building,Not Available,Not Available,Not Available,Not Available,Not Available,354,Not Available,Yes,Not Available,Not Available,10155220.6,Not Available,Not Available,Not Available,No,Not Available,Not Available,Not Available,Not Available,0,Not Available,Not Available,Not Available,1015997,Not Available,2015-04-29T12:02:19.000,Not Available,100,Not Available,105.0,Not Available,2.19147,Not Available,Not Available,112.6,Not Available,0,No,Not Available,Not Available,Not Available,-37.1,Not Available,Not Available,Not Available
2591912,Fifth at 42nd LLC,505 Fifth Avenue,Not Available,Not Available,Not Available,6.4,Not Available,Ok,256200,No,Not Available,20508825.1,524.43,Not Available,Not Available,Office,Not Available,Not Available,Not Available,20508825.7,Not Available,Not Available,Not Available,Whole Building,Not Available,Not Available,Not Available,Not Available,Not Available,0,Not Available,No,Not Available,Not Available,27866088.5,Not Available,Not Available,Not Available,No,Not Available,Not Available,Not Available,Not Available,Not Available,Not Available,Not Available,Not Available,1035408,Not Available,2015-05-01T00:37:25.000,Not Available,100,Not Available,105.0,Not Available,2.04694,Not Available,0,95.1,Not Available,0,Yes,7992656.4,Not Available,Not Available,6.4,Not Available,Not Available,Not Available
2601646,79 Fifth Avenue LLC,79 Fifth Avenue,Not Available,Not Available,Not Available,68,Not Available,Ok,Not Available,No,Not Available,17021567.2,Not Available,Not Available,Not Available,Other - Education,Not Available,Not Available,Not Available,17021567.2,Not Available,Not Available,Not Available,Whole Building,Not Available,Not Available,Not Available,Not Available,Not Available,560.1,Not Available,No,Not Available,Not Available,26220548,Not Available,Not Available,Not Available,No,Not Available,Not Available,Not Available,Not Available,0.3,Not Available,Not Available,Not Available,1016079,Not Available,2015-04-30T16:54:50.000,Not Available,Not Available,Not Available,105.0,Not Available,Not Available,Not Available,Not Available,60.4,Not Available,0,No,Not Available,Not Available,Not Available,68,New York,Not Available,Not Available
2364064,1230 Avenue of the Americas (Blds 8 + 14),1230 6th Avenue,Not Available,Not Available,Not Available,-10,Not Available,Ok,617181,No,Not Available,39434531.4,1721,Not Available,Not Available,Office,Not Available,Not Available,Not Available,39434531.2,Not Available,Not Available,Not Available,Whole Building,Not Available,Not Available,Not Available,Not Available,Not Available,0,Not Available,No,Not Available,Not Available,81989101.1,Not Available,Not Available,Not Available,No,Not Available,Not Available,Not Available,Not Available,Not Available,Not Available,Not Available,Not Available,1077287,Not Available,2015-04-30T10:33:52.000,Not Available,100,Not Available,105.0,Not Available,2.78848,Not Available,0.13224,125.8,Not Available,0,No,14575020.7,Not Available,Not Available,-10,Not Available,Not Available,Not Available
2638779,3 Sheridan Square,3 Sheridan Square,Not Available,Not Available,Not Available,11.1,Not Available,Ok,Not Available,No,Not Available,5651687.5,Not Available,Not Available,Not Available,Multifamily Housing,Not Available,Not Available,Not Available,5651688,Not Available,Not Available,Not Available,Whole Building,Not Available,Not Available,Not Available,Not Available,Not Available,564.5,Not Available,No,Not Available,0,Not Available,Not Available,Not Available,0,No,1.04775,Not Available,154,Not Available,0.6,Not Available,Not Available,Not Available,1010188,Not Available,2015-04-30T14:18:35.000,Not Available,Not Available,Not Available,102.0,Not Available,Not Available,Not Available,Not Available,92.5,Not Available,0,No,Not Available,Not Available,Not Available,11.1,Not Available,191,Not Available
2639029,1921-1965 Lafayette Park Lane,1921-1965 Lafayette Ave,Not Available,Not Available,Not Available,-12.4,Not Available,Ok,Not Available,No,Not Available,6215072.9,Not Available,Not Available,Not Available,Multifamily Housing,2015-05-01,Not Available,Not Available,6215074,Not Available,Not Available,Not Available,Whole Building,0,Not Available,Not Available,Not Available,Not Available,1407.3,Not Available,No,Not Available,0,Not Available,Not Available,Not Available,0,Yes,0.88045,Not Available,353,Not Available,0.6,Not Available,Not Available,Not Available,2022645,Not Available,2015-05-01T21:11:13.000,Not Available,Not Available,Not Available,209.0,Not Available,Not Available,0,Not Available,93.1,Not Available,0,No,Not Available,Not Available,Not Available,-12.4,Not Available,605,Not Available
2640581,188-01 71 Circle,188-01 71 Circle,Not Available,Not Available,Not Available,85,Not Available,Ok,Not Available,No,Not Available,747596.2,Not Available,Not Available,Not Available,Multifamily Housing,2015-04-23,Not Available,Not Available,747596.2,Not Available,Not Available,Not Available,Whole Building,49145.37,Not Available,Not Available,Not Available,Not Available,218.7,Not Available,No,Not Available,0,4866037.8,Not Available,Not Available,0,Yes,3.62319,Not Available,50,Not Available,3,Not Available,Not Available,Not Available,4444005,Not Available,2015-04-24T12:18:05.000,Not Available,Not Available,Not Available,408.0,Not Available,Not Available,26559.31,Not Available,190.5,Not Available,0,No,Not Available,Not Available,Not Available,85,Not Available,94,Not Available
1261456,245 Park Avenue,245 Park Avenue,Not Available,Not Available,Not Available,-24.7,Not Available,Ok,1563231,No,Not Available,108997880.4,5000,Not Available,Not Available,Office,Not Available,Not Available,Not Available,108997875.4,Not Available,Not Available,Not Available,Whole Building,Not Available,Not Available,Not Available,Not Available,Not Available,59.9,Not Available,Yes,Not Available,Not Available,183450376.2,Not Available,Not Available,Not Available,No,Not Available,Not Available,Not Available,Not Available,0,02/18/2014,Not Available,Not Available,1036205,Not Available,2015-04-20T11:23:55.000,Not Available,100,09/30/2014,105.0,Not Available,3.1985,Not Available,Not Available,156.1,Not Available,0,No,76981588,Not Available,Not Available,-24.7,Not Available,Not Available,"N+1, N"
2614534,Woodbridge,431 Riverside Drive,Not Available,Not Available,Not Available,-33.3,Not Available,Ok,Not Available,No,Not Available,759374.7,Not Available,Not Available,Not Available,Residence Hall/Dormitory,Not Available,Not Available,Not Available,759374.7,Not Available,Not Available,Not Available,Whole Building,Not Available,Not Available,Not Available,Not Available,Not Available,288.1,Not Available,No,Not Available,Not Available,6172278.4,Not Available,Not Available,Not Available,No,Not Available,Not Available,Not Available,Not Available,0.8,Not Available,Not Available,Not Available,1057373,Not Available,2015-07-22T11:12:30.000,Not Available,Not Available,Not Available,109.0,Not Available,Not Available,Not Available,Not Available,136.2,Not Available,0,No,Not Available,Not Available,Not Available,-33.3,New York,Not Available,Not Available
2596991,Sibling: Rose Realty Associates LP 402 Ocean,402 Ocean Pkwy,Not Available,Not Available,Not Available,0.6,Not Available,Ok,Not Available,No,Not Available,662528.5,Not Available,Not Available,Not Available,Multifamily Housing,Not Available,Not Available,Not Available,662528.5,Not Available,Not Available,Not Available,Whole Building,Not Available,Not Available,Not Available,Not Available,Not Available,248.4,Not Available,No,Not Available,53,5180817.1,Not Available,Not Available,Not Available,No,0.96364,Not Available,53,0,0.8,Not Available,Not Available,Not Available,3126163,Not Available,2015-05-01T16:50:43.000,Not Available,Not Available,Not Available,312.0,Not Available,Not Available,Not Available,Not Available,96.4,Not Available,0,No,Not Available,Not Available,Not Available,0.6,Not Available,60,Not Available
13286,201/205,201/205  East  42nd  st.,Not Available,Not Available,Not Available,-16.7,Not Available,Ok,752426,No,Not Available,33708175.4,1229,Not Available,Not Available,Office,Not Available,Not Available,Not Available,33708175,Not Available,Not Available,Not Available,Whole Building,Not Available,Not Available,Not Available,Not Available,Not Available,0,Not Available,No,Not Available,Not Available,71645649.7,Not Available,Not Available,Not Available,No,Not Available,Not Available,Not Available,Not Available,Not Available,11/20/2008,Not Available,Not Available,1037549; 1037550,Not Available,2015-04-30T10:30:36.000,Not Available,100,08/31/2009,,Not Available,1.63338,Not Available,Not Available,117.2,Not Available,0,No,39766626.6,Not Available,Not Available,-16.7,Not Available,Not Available,Not Available
2606050,1647-55 Macombs,1647-55 Macombs Road,Not Available,Not Available,Not Available,-8.3,Not Available,Ok,1974,No,Not Available,943218,8,Not Available,Not Available,Multifamily Housing,2015-04-21,Not Available,Not Available,943218.1,Not Available,Not Available,Not Available,Whole Building,Not Available,Not Available,Not Available,Not Available,Not Available,245.5,Not Available,No,Not Available,48,5311348.7,Not Available,Not Available,54005.63,Yes,0.74269,Not Available,48,Not Available,0.7,Not Available,Not Available,Not Available,2008858,Not Available,2015-04-27T14:28:25.000,Not Available,100,Not Available,205.0,Not Available,4.05268,Not Available,Not Available,91.1,Not Available,0,No,Not Available,Not Available,Not Available,-8.3,Bronx,98,Not Available
2563563,TEN WEST THIRTH THIRD ASSOCIATES,10 WEST 33RD STREET,Not Available,Not Available,Not Available,-30.1,Not Available,Ok,357630,No,Not Available,17905374.9,540,Not Available,Not Available,Office,Not Available,Not Available,Not Available,17905374.2,Not Available,Not Available,Not Available,Whole Building,Not Available,Not Available,Not Available,Not Available,Not Available,349.8,Not Available,Yes,Not Available,Not Available,24189586.9,Not Available,Not Available,Not Available,No,Not Available,Not Available,Not Available,Not Available,0.2,11/29/2013,Not Available,Not Available,1083631,Not Available,2015-04-27T20:39:59.000,Not Available,100,07/31/2014,105.0,Not Available,1.50994,Not Available,Not Available,91.7,Not Available,0,No,Not Available,Not Available,Not Available,-30.1,Not Available,Not Available,Not Available
28400,Columbia Presbyterian Medical Center,622 168th Street,Not Available,Not Available,Not Available,2.1,9,Ok,Not Available,No,Not Available,321094317.2,Not Available,Not Available,Not Available,Hospital (General Medical & Surgical),Not Available,100% Yes,Not Available,321094312.3,Not Available,0,0.25635,Whole Building,Not Available,Not Available,Not Available,Not Available,Not Available,54402,Not Available,No,Not Available,Not Available,950047571.6,Not Available,Not Available,Not Available,No,Not Available,Not Available,Not Available,Not Available,2.3,Not Available,Not Available,3889181,1084386,Not Available,2015-07-01T16:02:25.000,Not Available,Not Available,Not Available,,Not Available,Not Available,Not Available,Not Available,239,Not Available,0,No,-358336001.5,Non Profit,Not Available,2.1,Not Available,Not Available,Not Available
2638944,1646 1 Ave,1646 1 Ave,Not Available,Not Available,Not Available,32.1,Not Available,Ok,Not Available,No,Not Available,3814016.1,Not Available,Not Available,Not Available,Multifamily Housing,Not Available,Not Available,8,3814015.5,Not Available,Not Available,Not Available,Whole Building,0,Not Available,Not Available,Not Available,Not Available,30.9,Not Available,No,Not Available,0,15910997.3,Not Available,Not Available,0,No,0.82777,Not Available,147,Not Available,0,Not Available,Not Available,Not Available,1050529,Not Available,2015-04-30T14:18:35.000,Not Available,Not Available,Not Available,108.0,Not Available,Not Available,0,Not Available,69.3,Not Available,0,Yes,12257580.7,Not Available,Not Available,32.1,Not Available,103,Not Available
2638880,66 Overlook Terrace,66 Overlook Terrace,Not Available,Not Available,Not Available,-11,Not Available,Ok,Not Available,No,Not Available,2142028,Not Available,Not Available,Not Available,Multifamily Housing,Not Available,Not Available,Not Available,2142028,Not Available,Not Available,Not Available,Whole Building,71711.19,Not Available,Not Available,Not Available,Not Available,698.7,Not Available,No,Not Available,120,11095955.8,Not Available,Not Available,0,No,0.89606,Not Available,120,Not Available,0,Not Available,Not Available,Not Available,1064447,Not Available,2015-04-30T14:18:35.000,Not Available,Not Available,Not Available,112.0,Not Available,Not Available,80540.56,Not Available,98,Not Available,0,No,Not Available,Not Available,Not Available,-11,Not Available,215,Not Available
2631047,501 FIFTH AVENUE CO.,501 5th AVENUE,Not Available,Not Available,Not Available,-24.8,Not Available,Ok,156989,No,Not Available,6770976.7,331,Not Available,Not Available,Office,2015-04-22,Not Available,Not Available,6770977.5,Not Available,Not Available,Not Available,Whole Building,Not Available,Not Available,Not Available,Not Available,Not Available,701.9,Not Available,No,Not Available,Not Available,15111823.1,Not Available,Not Available,0,Yes,Not Available,Not Available,Not Available,Not Available,0,Not Available,Not Available,Not Available,1035342,Not Available,2015-04-23T09:25:38.000,Not Available,100,Not Available,105.0,Not Available,2.10843,Not Available,Not Available,139,Not Available,0,No,Not Available,Not Available,Not Available,-24.8,Not Available,Not Available,Not Available
2596985,Sibling: Andrew Jackson Realty Co. 68-64 Yellowstone,68-64 Yellowstone Blvd,Not Available,Not Available,Not Available,-17,Not Available,Ok,Not Available,No,Not Available,1946235.5,Not Available,Not Available,Not Available,Multifamily Housing,Not Available,Not Available,Not Available,1946235.5,Not Available,Not Available,Not Available,Common areas only,Not Available,Not Available,Not Available,Not Available,Not Available,495.1,Not Available,No,Not Available,110,10740171.8,Not Available,Not Available,Not Available,No,0.74224,Not Available,110,0,0.6,Not Available,Not Available,Not Available,4051286,Not Available,2015-05-01T16:50:43.000,Not Available,Not Available,Not Available,406.0,Not Available,Not Available,Not Available,Not Available,90.7,Not Available,0,No,Not Available,Not Available,Not Available,-17,Not Available,160,Not Available
2640538,147-44 71st Road,147-44 71st Road,Not Available,Not Available,Not Available,4.7,Not Available,Ok,Not Available,No,Not Available,661099.6,Not Available,Not Available,Not Available,Multifamily Housing,2015-04-29,Not Available,Not Available,661099.6,Not Available,Not Available,Not Available,Whole Building,0,Not Available,Not Available,Not Available,Not Available,198.3,Not Available,No,Not Available,0,4272227.8,Not Available,Not Available,0,Yes,1.0846,Not Available,50,Not Available,0.8,Not Available,Not Available,Not Available,4455306,Not Available,2015-04-30T11:05:26.000,Not Available,Not Available,Not Available,408.0,Not Available,Not Available,0,Not Available,91,Not Available,0,No,Not Available,Not Available,Not Available,4.7,Not Available,80,Not Available
2630962,2612 W 2 ST PLPM,2612 W 2 ST PLPM,Not Available,Not Available,Not Available,-21.6,Not Available,Ok,Not Available,No,Not Available,2350443.3,Not Available,Not Available,Not Available,Multifamily Housing,Not Available,Not Available,Not Available,2350443.2,Not Available,Not Available,Not Available,Whole Building,0,Not Available,Not Available,Not Available,Not Available,783.2,Not Available,Yes,Not Available,240,16646309.8,Not Available,Not Available,0,No,1.23159,Not Available,240,Not Available,0.7,Not Available,Not Available,Not Available,3196056,Not Available,2015-04-30T16:30:39.000,Not Available,Not Available,Not Available,313.0,Not Available,Not Available,0,Not Available,111.9,Not Available,0,No,Not Available,Not Available,Not Available,-21.6,Not Available,400,Not Available
2606174,Cozine,554 Cozine Ave,Not Available,Not Available,Not Available,13.4,Not Available,Ok,Not Available,No,Not Available,1206379.7,Not Available,Not Available,Not Available,Distribution Center,2015-04-20,Not Available,Not Available,1206379.8,Not Available,Not Available,Not Available,Whole Building,Not Available,Not Available,Not Available,Not Available,Not Available,232.7,Not Available,No,Not Available,Not Available,5298194.5,Not Available,Not Available,Not Available,Yes,Not Available,Not Available,Not Available,Not Available,0.6,Not Available,Not Available,Not Available,3099066,Not Available,2015-04-20T13:52:46.000,Not Available,Not Available,Not Available,305.0,Not Available,Not Available,Not Available,Not Available,72.5,Not Available,0,No,Not Available,Not Available,Not Available,13.4,Kings,Not Available,Not Available
2560548,300 PARK AVE. SOUTH LLC,300 PARK AVENUE SOUTH,Not Available,Not Available,Not Available,-14.5,Not Available,Ok,177000,No,Not Available,10167182.8,407,Not Available,Not Available,Office,2015-04-29,Not Available,Not Available,10167183.4,No,Not Available,Not Available,Whole Building,Not Available,Not Available,Not Available,Not Available,Not Available,509.5,Not Available,No,Not Available,Not Available,16583973.9,Not Available,Not Available,Not Available,Yes,Not Available,Not Available,Not Available,Not Available,0,09/28/2012,Not Available,Not Available,1016286,Not Available,2015-04-30T15:19:06.000,Not Available,100,05/31/2013,105.0,6738191.7,2.29944,Not Available,Not Available,107.4,Not Available,0,No,Not Available,Not Available,Not Available,-14.5,USA,Not Available,Not Available
2586400,ELEVEN FIFTEEN ASSOCIATES,1115 BROADWAY,Not Available,Not Available,Not Available,-30.1,Not Available,Ok,272754,No,Not Available,13725097,400,Not Available,Not Available,Office,Not Available,Not Available,Not Available,13725097.6,Not Available,4282649.9,Not Available,Whole Building,Not Available,Not Available,Not Available,Not Available,Not Available,376.2,Not Available,Yes,Not Available,Not Available,Not Available,Not Available,Not Available,Not Available,No,Not Available,15889,Not Available,Not Available,0,12/05/2013,Not Available,Not Available,1015604,Not Available,2015-04-27T21:12:30.000,Not Available,90,07/31/2014,105.0,Not Available,1.46652,Not Available,Not Available,88.2,Not Available,0,No,Not Available,Not Available,Not Available,-30.1,Not Available,Not Available,Not Available
1582233,1 United Nations Plaza,1 United Nations Plaza,Not Available,Not Available,Not Available,10,Not Available,Ok,387000,Yes,Not Available,37004356,1650,Not Available,Not Available,Office,Not Available,Not Available,Not Available,37004368.3,Not Available,Not Available,Not Available,Whole Building,Not Available,Not Available,Not Available,Not Available,Not Available,95.1,0.32,No,Not Available,Not Available,Not Available,Not Available,Not Available,Not Available,No,Not Available,Not Available,Not Available,Not Available,Not Available,Not Available,Not Available,Not Available,1038758,Not Available,2015-05-27T08:41:23.000,Not Available,100,Not Available,106.0,Not Available,4.26357,Not Available,Not Available,133.1,Not Available,0,No,47121739.2,Not Available,Not Available,10,Not Available,Not Available,Not Available
2604354,Chez 66 Condominium,21 East 66th Street,Not Available,Not Available,Not Available,17.9,Not Available,Ok,3500,No,Not Available,1223076.4,3,Not Available,Not Available,Multifamily Housing,2015-04-29,Not Available,Not Available,1223076.4,Not Available,Not Available,Not Available,Whole Building,16716.14,Not Available,Not Available,Not Available,Not Available,2.7,Not Available,No,Not Available,0,4056375.1,Not Available,Not Available,0,Yes,0.48912,Not Available,19,Not Available,0,Not Available,Not Available,Not Available,1041167,Not Available,2015-04-29T13:01:16.000,Not Available,100,Not Available,108.0,Not Available,0.85714,14179.88,0,73.1,Not Available,0,No,3040081.2,Not Available,Not Available,17.9,New  York,51,Not Available
1463980,350 Park Avenue,350 Park Avenue,Not Available,Not Available,Not Available,-3,Not Available,Ok,533173,No,Not Available,34083458.2,1249,Not Available,Not Available,Office,Not Available,Not Available,Not Available,34083457.5,Not Available,Not Available,Not Available,Whole Building,1912813.24,Not Available,Not Available,Not Available,Not Available,0,Not Available,No,Not Available,Not Available,69556879.8,Not Available,Not Available,Not Available,No,Not Available,Not Available,Not Available,16,Not Available,Not Available,Not Available,Not Available,1035473,Not Available,2015-04-30T19:15:21.000,Not Available,100,Not Available,105.0,Not Available,2.34258,1971226.73,Not Available,130.3,Not Available,0,No,35473421.5,Not Available,41,-3,Not Available,Not Available,Not Available
