property_id,address_1,non_refrigerated_warehouse,census_tract,city,other_number_of_computers,hospital_general_medical_6,multifamily_housing_gross,self_storage_facility_gross,percent_better_than_national_1,address_2,college_university_gross,electricity_use_generated_2,senior_care_community_gross,repair_services_vehicle_shoe,data_center_it_site_energy,hotel_room_density_number,water_alerts,egrid_output_emissions_rate,multifamily_housing_government,percent_of_recs_retained,hospital_general_medical_9,multifamily_housing_number_5,lifestyle_center_gross_floor,data_center_ups_system,hotel_gym_fitness_center,energy_cost,energy_cost_intensity_ft,financial_office_gross_floor,weather_normalized_site_eui,estimated_data_flag_fuel_1,estimated_data_flag_fuel,medical_office_percent_that_1,distribution_center_gross,custom_property_id_1_name,hospital_general_medical_7,bowling_alley_gross_floor,multifamily_housing_number_2,municipally_supplied_potable_2,national_median_total_ghg,hotel_worker_density_number,office_number_of_workers,hospital_general_medical,multifamily_housing_percent_1,custom_property_id_1_id,stadium_open_gross_floor,convention_center_gross_floor,retail_store_walk_in,laboratory_number_of_computers,energy_power_station_gross,hotel_percent_that_can_be,library_gross_floor_area,hospital_general_medical_10,number_of_buildings
2387304,44 Gramercy Park North,Not Available,68.0,New York,Not Available,Not Available,93280,Not Available,Not Available,Not Available,Not Available,Not Available,Not Available,Not Available,Not Available,Not Available,The meter <b>Water Meter</b> does not have 12 full months of bills for the selected timeframe. Please enter bills for the full 12 months.,81.36108496,No,Not Available,Not Available,10,Not Available,Not Available,Not Available,141405.85,1.51592918,Not Available,63.7,Not Available,No,Not Available,Not Available,Unique Building Identifier,Not Available,Not Available,Not Available,Not Available,Not Available,Not Available,Not Available,Not Available,90,1017994,Not Available,Not Available,Not Available,Not Available,Not Available,Not Available,Not Available,Not Available,1
1772081,1370 Avenue of the Americas,Not Available,104.0,New York,Not Available,Not Available,Not Available,Not Available,3,Not Available,Not Available,Not Available,Not Available,Not Available,Not Available,Not Available,Not Available,81.36108496,Not Available,Not Available,Not Available,Not Available,Not Available,Not Available,Not Available,1566378.72,4.885391,94831,123.4,Not Available,Not Available,Not Available,Not Available,Not Available,Not Available,Not Available,Not Available,Not Available,3316.7,Not Available,159.86,Not Available,Not Available,Not Available,Not Available,Not Available,0,Not Available,Not Available,Not Available,Not Available,Not Available,0
2266601,51-15 Beach Channel Drive,Not Available,97204.0,Far Rockaway,Not Available,4,Not Available,Not Available,Not Available,Peninsula Hospital,Not Available,Not Available,Not Available,Not Available,Not Available,Not Available,This property does not have at least one meter for the type of energy or water used in this metric calculation.,81.36108496,Not Available,Not Available,173,Not Available,Not Available,Not Available,Not Available,Not Available,Not Available,Not Available,Not Available,Not Available,Not Available,Not Available,Not Available,Unique Building Identifier,0.00801,Not Available,Not Available,Not Available,Not Available,Not Available,Not Available,324.48,Not Available,4301900,Not Available,Not Available,Not Available,Not Available,Not Available,Not Available,Not Available,164.7,1
2638325,21 East 10th street,Not Available,61.0,New York,Not Available,Not Available,56939,Not Available,Not Available,Not Available,Not Available,Not Available,Not Available,Not Available,Not Available,Not Available,The meter <b>Water</b> does not have 12 full months of bills for the selected timeframe. Please enter bills for the full 12 months.,81.36108496,Not Available,Not Available,Not Available,Not Available,Not Available,Not Available,Not Available,Not Available,Not Available,Not Available,Not Available,No,Not Available,Not Available,Not Available,Unique Building Identifier,Not Available,Not Available,Not Available,Not Available,Not Available,Not Available,Not Available,Not Available,100,1032045,Not Available,Not Available,0.5,Not Available,Not Available,Not Available,Not Available,Not Available,1
2606983,400 Rugby Road,Not Available,520.0,Brooklyn,Not Available,Not Available,77478,Not Available,Not Available,Not Available,Not Available,Not Available,Not Available,Not Available,Not Available,Not Available,This property does not have at least one meter for the type of energy or water used in this metric calculation.,81.36108496,Not Available,Not Available,Not Available,Not Available,Not Available,Not Available,Not Available,0,0,Not Available,72.6,Not Available,Not Available,Not Available,Not Available,Not Available,Not Available,Not Available,Not Available,Not Available,Not Available,Not Available,Not Available,Not Available,100,Not Available,Not Available,Not Available,Not Available,Not Available,Not Available,Not Available,Not Available,Not Available,1
2611600,543-551 West 43rd street,Not Available,129.0,New York,Not Available,Not Available,Not Available,150644,63.2,Not Available,Not Available,Not Available,Not Available,Not Available,Not Available,Not Available,Not Available,81.36108496,Not Available,Not Available,Not Available,Not Available,Not Available,Not Available,Not Available,193043,1.2814519,Not Available,36.8,Not Available,Not Available,Not Available,Not Available,Not Available,Not Available,Not Available,Not Available,337.180024,231,Not Available,Not Available,Not Available,Not Available,Not Available,Not Available,Not Available,Not Available,Not Available,Not Available,Not Available,Not Available,Not Available,1
1567409,550 First Avenue,Not Available,62.0,New York,Not Available,20,Not Available,Not Available,0.8,Not Available,Not Available,Not Available,Not Available,Not Available,Not Available,Not Available,The meter <b>522 First Ave</b> does not have 12 full months of bills for the selected timeframe. Please enter bills for the full 12 months.,81.36108496,Not Available,Not Available,667,Not Available,Not Available,Not Available,Not Available,0,0,Not Available,203.8,Not Available,Not Available,Not Available,Not Available,Unique Building Identifier,0.00045,Not Available,Not Available,Not Available,38411.9,Not Available,Not Available,7099,Not Available,1085694;1081693;1081694;1085695;1081692;1085588;1087297;1088433;1805035,Not Available,Not Available,Not Available,Not Available,Not Available,Not Available,Not Available,3315,12
2383947,58 West 58th Street,Not Available,11201.0,New York,Not Available,Not Available,204841,Not Available,Not Available,Not Available,Not Available,Not Available,Not Available,Not Available,Not Available,Not Available,The meter <b>Water Meter</b> does not have 12 full months of bills for the selected timeframe. Please enter bills for the full 12 months.,81.36108496,No,Not Available,Not Available,12,Not Available,Not Available,Not Available,494130.54,2.41226348,Not Available,133.1,Not Available,Not Available,Not Available,Not Available,Unique Building Identifier,Not Available,Not Available,Not Available,Not Available,Not Available,Not Available,Not Available,Not Available,100,1035078,Not Available,Not Available,Not Available,Not Available,Not Available,Not Available,Not Available,Not Available,1
2023135,390 GREENWICH STREET,Not Available,39.0,NEW YORK,Not Available,Not Available,Not Available,Not Available,640,Not Available,Not Available,Not Available,Not Available,Not Available,Not Available,Not Available,Not Available,81.36108496,Not Available,Not Available,Not Available,Not Available,Not Available,Not Available,Not Available,0,0,Not Available,359.8,Not Available,No,Not Available,Not Available,Unique Building Identifier,Not Available,Not Available,Not Available,Not Available,3012.9,Not Available,3259.28,Not Available,Not Available,1002813,Not Available,Not Available,Not Available,Not Available,Not Available,Not Available,Not Available,Not Available,1
2271554,282 Lafayette Ave,Not Available,197.0,Bklyn,Not Available,Not Available,Not Available,Not Available,12.3,Not Available,Not Available,Not Available,Not Available,Not Available,Not Available,Not Available,Not Available,81.36108496,Not Available,Not Available,Not Available,Not Available,Not Available,Not Available,Not Available,0,0,Not Available,Not Available,Not Available,Not Available,Not Available,Not Available,Unique Building Identifier,Not Available,Not Available,Not Available,Not Available,562.6,Not Available,Not Available,Not Available,Not Available,3055532,Not Available,Not Available,Not Available,Not Available,Not Available,Not Available,Not Available,Not Available,1
1272226,1 Penn Plaza,Not Available,101.0,New York,57,Not Available,Not Available,Not Available,95.4,Not Available,Not Available,Not Available,Not Available,Not Available,Not Available,Not Available,Not Available,81.36108496,Not Available,Not Available,Not Available,Not Available,Not Available,Not Available,Not Available,6888089.13,3.0339511,Not Available,171.6,Not Available,Not Available,Not Available,Not Available,Unique Building Identifier,Not Available,Not Available,Not Available,Not Available,14800,Not Available,8725,Not Available,Not Available,1014387,Not Available,Not Available,0,Not Available,Not Available,Not Available,Not Available,Not Available,1
2386552,1230 Park Avenue,Not Available,16001.0,New York,Not Available,Not Available,126338,Not Available,Not Available,Not Available,Not Available,Not Available,Not Available,Not Available,Not Available,Not Available,Not Available,81.36108496,No,Not Available,Not Available,10,Not Available,Not Available,Not Available,104484.86,0.82109906,Not Available,49.5,Not Available,No,Not Available,Not Available,Unique Building Identifier,Not Available,Not Available,Not Available,Not Available,Not Available,Not Available,Not Available,Not Available,90,1047432,Not Available,Not Available,Not Available,Not Available,Not Available,Not Available,Not Available,Not Available,1
2383139,11 East 36th Street,Not Available,82.0,New York,Not Available,Not Available,62743,Not Available,Not Available,Not Available,Not Available,Not Available,Not Available,Not Available,Not Available,Not Available,The meter <b>Water Meter</b> does not have 12 full months of bills for the selected timeframe. Please enter bills for the full 12 months.,81.36108496,No,Not Available,Not Available,0,Not Available,Not Available,Not Available,18899.38,0.2488628,Not Available,70.8,Not Available,Not Available,Not Available,Not Available,Unique Building Identifier,Not Available,Not Available,Not Available,Not Available,Not Available,Not Available,15,Not Available,100,1017178,Not Available,Not Available,0,Not Available,Not Available,Not Available,Not Available,Not Available,1
2638823,939 Eigth Avenue,Not Available,,New York,Not Available,Not Available,51412,Not Available,Not Available,Not Available,Not Available,Not Available,Not Available,Not Available,Not Available,Not Available,The meter <b>Water</b> does not have 12 full months of bills for the selected timeframe. Please enter bills for the full 12 months.,81.36108496,Not Available,Not Available,Not Available,Not Available,Not Available,Not Available,Not Available,Not Available,Not Available,Not Available,Not Available,Not Available,Not Available,Not Available,Not Available,Unique Building Identifier,Not Available,Not Available,Not Available,Not Available,Not Available,Not Available,Not Available,Not Available,100,1080916,Not Available,Not Available,Not Available,Not Available,Not Available,Not Available,Not Available,Not Available,1
2606031,1068 Gerard Avenue,Not Available,195.0,Bronx,Not Available,Not Available,85005,Not Available,Not Available,Not Available,Not Available,Not Available,Not Available,Not Available,Not Available,Not Available,Not Available,81.36108496,No,Not Available,Not Available,10,Not Available,Not Available,Not Available,33656.8,0.37603256,Not Available,63.8,Not Available,Not Available,Not Available,Not Available,Unique Building Identifier,Not Available,Not Available,Not Available,Not Available,Not Available,Not Available,Not Available,Not Available,80,2002944,Not Available,Not Available,Not Available,Not Available,Not Available,Not Available,Not Available,Not Available,1
2610721,107 ARLO RD ENT,Not Available,39.0,Staten Island,Not Available,Not Available,39667,Not Available,Not Available,Not Available,Not Available,Not Available,Not Available,Not Available,Not Available,Not Available,The meter <b>90008-80974-001</b> does not have 12 full months of bills for the selected timeframe. Please enter bills for the full 12 months.,81.36108496,No,Not Available,Not Available,Not Available,Not Available,Not Available,Not Available,12079.06,0.3045116,Not Available,126.3,Not Available,Not Available,Not Available,Not Available,Unique Building Identifier,Not Available,Not Available,Not Available,Not Available,Not Available,Not Available,Not Available,Not Available,100,5117037,Not Available,Not Available,Not Available,Not Available,Not Available,Not Available,Not Available,Not Available,1
2379738,395 Hudson Street,Not Available,69.0,New York,Not Available,Not Available,Not Available,Not Available,-40.3,Not Available,Not Available,Not Available,Not Available,Not Available,5108632.5,Not Available,Not Available,81.36108496,Not Available,Not Available,Not Available,Not Available,Not Available,"N+1, N+1",Not Available,0,0,Not Available,Not Available,Not Available,Not Available,Not Available,Not Available,Unique Building Identifier,Not Available,Not Available,Not Available,Not Available,7589.9,Not Available,2126,Not Available,Not Available,1010382,Not Available,Not Available,Not Available,Not Available,Not Available,Not Available,Not Available,Not Available,1
2615612,85-09 151st Ave,Not Available,6201.0,Howard Beach,Not Available,Not Available,192368,Not Available,Not Available,Not Available,Not Available,Not Available,Not Available,Not Available,Not Available,Not Available,Not Available,81.36108496,No,Not Available,Not Available,12,Not Available,Not Available,Not Available,36889.64,0.191766,Not Available,81,Not Available,Not Available,Not Available,Not Available,Unique Building Identifier,Not Available,Not Available,Not Available,Not Available,Not Available,Not Available,Not Available,Not Available,40,4446805;4446894,Not Available,Not Available,Not Available,Not Available,Not Available,Not Available,Not Available,Not Available,1
2612591,1461 SHORE PKWY PLPM,Not Available,282.0,Brooklyn,Not Available,Not Available,85757,Not Available,Not Available,Not Available,Not Available,Not Available,Not Available,Not Available,Not Available,Not Available,The meter <b>Allocated Water</b> does not have 12 full months of bills for the selected timeframe. Please enter bills for the full 12 months.,81.36108496,No,Not Available,Not Available,Not Available,Not Available,Not Available,Not Available,0,0,Not Available,75.8,Not Available,Not Available,Not Available,Not Available,Unique Building Identifier,Not Available,Not Available,Not Available,Not Available,Not Available,Not Available,Not Available,Not Available,100,3336455,Not Available,Not Available,Not Available,Not Available,Not Available,Not Available,Not Available,Not Available,1
2592027,84-09 35th Avenue,Not Available,281.0,Jackson heights,Not Available,Not Available,80754,Not Available,Not Available,Not Available,Not Available,Not Available,Not Available,Not Available,Not Available,Not Available,This property does not have at least one meter for the type of energy or water used in this metric calculation.,81.36108496,Not Available,Not Available,Not Available,Not Available,Not Available,Not Available,Not Available,0,0,Not Available,91.9,Not Available,Not Available,Not Available,Not Available,Not Available,Not Available,Not Available,Not Available,Not Available,Not Available,Not Available,Not Available,Not Available,100,Not Available,Not Available,Not Available,Not Available,Not Available,Not Available,Not Available,Not Available,Not Available,1
2556855,3950 Bronx Blvd.,Not Available,408.0,Bronx,Not Available,Not Available,54115,Not Available,Not Available,Not Available,Not Available,Not Available,Not Available,Not Available,Not Available,Not Available,The meter <b>Water</b> does not have 12 full months of bills for the selected timeframe. Please enter bills for the full 12 months.,81.36108496,Not Available,Not Available,Not Available,Not Available,Not Available,Not Available,Not Available,9290.38,0.1716785,Not Available,2.8,Not Available,Not Available,Not Available,Not Available,Not Available,Not Available,Not Available,Not Available,Not Available,Not Available,Not Available,Not Available,Not Available,100,Not Available,Not Available,Not Available,Not Available,Not Available,Not Available,Not Available,Not Available,Not Available,1
2425340,101 Ludlow St,Not Available,18.0,New York,Not Available,Not Available,Not Available,Not Available,Not Available,Not Available,Not Available,Not Available,Not Available,Not Available,Not Available,Not Available,This property does not have at least one meter for the type of energy or water used in this metric calculation.,81.36108496,Not Available,Not Available,Not Available,Not Available,Not Available,Not Available,Not Available,Not Available,Not Available,Not Available,Not Available,Not Available,Not Available,Not Available,Not Available,Unique Building Identifier,Not Available,Not Available,Not Available,Not Available,Not Available,Not Available,Not Available,Not Available,Not Available,1005320,Not Available,Not Available,Not Available,Not Available,Not Available,Not Available,Not Available,Not Available,1
2540470,235 West 76th Street,Not Available,163.0,New York,Not Available,Not Available,165000,Not Available,Not Available,Not Available,Not Available,Not Available,Not Available,Not Available,Not Available,Not Available,This property does not have at least one meter for the type of energy or water used in this metric calculation.,81.36108496,No,Not Available,Not Available,6,Not Available,Not Available,Not Available,0,0,Not Available,76.1,No,No,Not Available,Not Available,Unique Building Identifier,Not Available,Not Available,76,Not Available,Not Available,Not Available,Not Available,Not Available,70,1030859,Not Available,Not Available,Not Available,Not Available,Not Available,Not Available,Not Available,Not Available,1
2636859,2691 Reservoir Avenue,Not Available,26701.0,Bronx,Not Available,Not Available,55077,Not Available,Not Available,Not Available,Not Available,Not Available,Not Available,Not Available,Not Available,Not Available,The meter <b>40001-74578-001</b> does not have 12 full months of bills for the selected timeframe. Please enter bills for the full 12 months.,81.36108496,No,Not Available,Not Available,0,Not Available,Not Available,Not Available,155445.73,2.822335,Not Available,152.7,Not Available,Not Available,Not Available,Not Available,Unique Building Identifier,Not Available,Not Available,Not Available,Not Available,Not Available,Not Available,Not Available,Not Available,0,2015248,Not Available,Not Available,Not Available,Not Available,Not Available,Not Available,Not Available,Not Available,1
2595286,22-24 78th Street,Not Available,317.0,East Elmhurst,Not Available,Not Available,90374,Not Available,Not Available,Not Available,Not Available,Not Available,Not Available,Not Available,Not Available,Not Available,The meter <b>30005-37994-001</b> does not have 12 full months of bills for the selected timeframe. Please enter bills for the full 12 months.,81.36108496,No,Not Available,Not Available,0,Not Available,Not Available,Not Available,0,0,Not Available,77.1,Not Available,Not Available,Not Available,Not Available,Not Available,Not Available,Not Available,Not Available,Not Available,Not Available,Not Available,Not Available,Not Available,0,Not Available,Not Available,Not Available,Not Available,Not Available,Not Available,Not Available,Not Available,Not Available,2
2587268,541-563 West 29th street,Not Available,99.0,New York,Not Available,Not Available,Not Available,215814,50.8,Not Available,Not Available,Not Available,Not Available,Not Available,Not Available,Not Available,Not Available,81.36108496,Not Available,Not Available,Not Available,Not Available,Not Available,Not Available,Not Available,269029.68,1.2465816,Not Available,34.2,Not Available,Not Available,Not Available,Not Available,Not Available,Not Available,Not Available,Not Available,3420.510011,331,Not Available,Not Available,Not Available,Not Available,Not Available,Not Available,Not Available,Not Available,Not Available,Not Available,Not Available,Not Available,Not Available,1
2637859,44 Division St,Not Available,16.0,New York,Not Available,Not Available,1169840,Not Available,Not Available,Not Available,Not Available,Not Available,Not Available,Not Available,Not Available,Not Available,Not Available,81.36108496,100% Yes,Not Available,Not Available,38,Not Available,Not Available,Not Available,0,0,Not Available,56.4,No,Not Available,Not Available,Not Available,Unique Building Identifier,Not Available,Not Available,Not Available,Not Available,Not Available,Not Available,Not Available,Not Available,100,1086088,Not Available,Not Available,Not Available,Not Available,Not Available,Not Available,Not Available,Not Available,1
2638799,335 Greenwich Street,Not Available,39.0,New York,6,Not Available,51508,Not Available,Not Available,Not Available,Not Available,Not Available,Not Available,Not Available,Not Available,Not Available,The meter <b>60001-00204-001</b> does not have 12 full months of bills for the selected timeframe. Please enter bills for the full 12 months.,81.36108496,No,Not Available,Not Available,5,Not Available,Not Available,Not Available,0,0,Not Available,109.4,No,Not Available,Not Available,Not Available,Unique Building Identifier,Not Available,Not Available,Not Available,Not Available,Not Available,Not Available,Not Available,Not Available,100,1001553,Not Available,Not Available,Not Available,Not Available,Not Available,Not Available,Not Available,Not Available,1
28404,5141 Broadway,Not Available,297.0,New York,Not Available,5,Not Available,Not Available,-14.7,Not Available,Not Available,Not Available,Not Available,Not Available,Not Available,Not Available,The meter <b>Allen Water</b> does not have 12 full months of bills for the selected timeframe. Please enter bills for the full 12 months.,81.36108496,Not Available,Not Available,206,Not Available,Not Available,Not Available,Not Available,0,0,Not Available,162.4,Not Available,Not Available,Not Available,Not Available,Unique Building Identifier,0,Not Available,Not Available,Not Available,4056.6,Not Available,Not Available,800,Not Available,1065045,Not Available,Not Available,Not Available,Not Available,Not Available,Not Available,Not Available,395.8,1
2563039,1919 Williamsbridge Road,Not Available,250.0,Bronx,1,Not Available,82200,Not Available,Not Available,Not Available,Not Available,Not Available,Not Available,Not Available,Not Available,Not Available,Not Available,81.36108496,No,Not Available,Not Available,40,Not Available,Not Available,Not Available,0,0,Not Available,126.1,No,Not Available,Not Available,Not Available,Unique Building Identifier,Not Available,Not Available,Not Available,Not Available,Not Available,Not Available,Not Available,Not Available,0,2011294,Not Available,Not Available,0,Not Available,Not Available,Not Available,Not Available,Not Available,1
2614189,86-75 MIDLAND PKWY ENTM,Not Available,466.0,Queens,Not Available,Not Available,102098,Not Available,Not Available,Not Available,Not Available,Not Available,Not Available,Not Available,Not Available,Not Available,The meter <b>20005-12699-001</b> does not have 12 full months of bills for the selected timeframe. Please enter bills for the full 12 months.,81.36108496,No,Not Available,Not Available,Not Available,Not Available,Not Available,Not Available,0,0,Not Available,81.7,Not Available,Not Available,Not Available,Not Available,Unique Building Identifier,Not Available,Not Available,Not Available,Not Available,Not Available,Not Available,Not Available,Not Available,100,4213062,Not Available,Not Available,Not Available,Not Available,Not Available,Not Available,Not Available,Not Available,1
171977800.00%,24-01 44th Road,Not Available,19.0,Long Island City,Not Available,Not Available,Not Available,Not Available,56.4,Not Available,Not Available,Not Available,Not Available,Not Available,Not Available,Not Available,Not Available,81.36108496,Not Available,Not Available,Not Available,Not Available,Not Available,Not Available,Not Available,0,0,Not Available,91.1,Not Available,Not Available,Not Available,Not Available,Not Available,Not Available,Not Available,Not Available,0,1175.3,Not Available,854,Not Available,Not Available,Not Available,Not Available,Not Available,Not Available,Not Available,Not Available,Not Available,Not Available,Not Available,1
2609639,2690 Morris Avenue,Not Available,40304.0,Bronx,Not Available,Not Available,79600,Not Available,Not Available,Not Available,Not Available,Not Available,Not Available,Not Available,Not Available,Not Available,Not Available,81.36108496,Not Available,Not Available,Not Available,Not Available,Not Available,Not Available,Not Available,Not Available,Not Available,Not Available,Not Available,Not Available,Not Available,Not Available,Not Available,Building Block and Lot,Not Available,Not Available,Not Available,Not Available,Not Available,Not Available,Not Available,Not Available,100,2033160013,Not Available,Not Available,Not Available,Not Available,Not Available,Not Available,Not Available,Not Available,1
2637905,165 Duane Street,Not Available,39.0,New York,Not Available,Not Available,69830,Not Available,Not Available,Not Available,Not Available,Not Available,Not Available,Not Available,Not Available,Not Available,The meter <b>40001-00189-001</b> does not have 12 full months of bills for the selected timeframe. Please enter bills for the full 12 months.,81.36108496,No,Not Available,Not Available,0,Not Available,Not Available,Not Available,0,0,Not Available,63.4,Not Available,Not Available,Not Available,Not Available,Unique Building Identifier,Not Available,Not Available,Not Available,Not Available,Not Available,Not Available,10,Not Available,100,1001543,Not Available,Not Available,Not Available,Not Available,Not Available,Not Available,Not Available,Not Available,1
2459564,10 Teleport Drive,Not Available,29103.0,Staten Island,Not Available,Not Available,Not Available,Not Available,92,Not Available,Not Available,Not Available,Not Available,Not Available,11666673.8,Not Available,The meter <b>6365L</b> does not have 12 full months of bills for the selected timeframe. Please enter bills for the full 12 months.,81.36108496,Not Available,Not Available,Not Available,Not Available,Not Available,None of the Above,Not Available,0,0,Not Available,Not Available,Not Available,Not Available,Not Available,Not Available,Unique Building Identifier,Not Available,Not Available,Not Available,Not Available,6423,Not Available,85.18,Not Available,Not Available,5146617,Not Available,Not Available,Not Available,Not Available,Not Available,Not Available,Not Available,Not Available,0
2608483,41-47 St. Nicholas Terrace,Not Available,21303.0,New York,Not Available,Not Available,47035,Not Available,Not Available,Not Available,Not Available,Not Available,Not Available,Not Available,Not Available,Not Available,The meter <b>Potable Indoor Meter</b> does not have 12 full months of bills for the selected timeframe. Please enter bills for the full 12 months.,81.36108496,No,Not Available,Not Available,10,Not Available,Not Available,Not Available,0,0,Not Available,104.2,No,Not Available,Not Available,Not Available,Unique Building Identifier,Not Available,Not Available,0,Not Available,Not Available,Not Available,Not Available,Not Available,100,1059613,Not Available,Not Available,Not Available,Not Available,Not Available,Not Available,Not Available,Not Available,1
1845677,161 Williams St,Not Available,,New York,Not Available,Not Available,Not Available,Not Available,-29.7,Not Available,127145,Not Available,Not Available,Not Available,Not Available,Not Available,The meter <b>Water Meter 40000-99797-001</b> does not have 12 full months of bills for the selected timeframe. Please enter bills for the full 12 months.,81.36108496,Not Available,Not Available,Not Available,Not Available,Not Available,Not Available,Not Available,0,0,Not Available,72.5,Not Available,Not Available,Not Available,Not Available,Unique Building Identifier,Not Available,Not Available,Not Available,Not Available,1639.9,Not Available,600,Not Available,Not Available,1001269;1001270,Not Available,Not Available,Not Available,Not Available,Not Available,Not Available,Not Available,Not Available,1
2598358,13620 Roosevelt Ave,Not Available,853.0,Flushing,Not Available,Not Available,Not Available,Not Available,168.2,Not Available,Not Available,Not Available,Not Available,Not Available,Not Available,Not Available,This property does not have at least one meter for the type of energy or water used in this metric calculation.,81.36108496,Not Available,Not Available,Not Available,Not Available,Not Available,Not Available,Not Available,0,0,Not Available,324.5,Not Available,Not Available,Not Available,Not Available,Unique Building Identifier,Not Available,Not Available,Not Available,Not Available,1310.9,Not Available,Not Available,Not Available,Not Available,4113546,Not Available,Not Available,0,Not Available,Not Available,Not Available,Not Available,Not Available,1
2634038,16 West 32nd Street,Not Available,76.0,New York,Not Available,Not Available,Not Available,Not Available,-13,Not Available,Not Available,Not Available,Not Available,Not Available,Not Available,Not Available,This property does not have at least one meter for the type of energy or water used in this metric calculation.,81.36108496,Not Available,Not Available,Not Available,Not Available,Not Available,Not Available,Not Available,317221.03,5.067105506,10364,Not Available,Not Available,Not Available,Not Available,Not Available,Unique Building Identifier,Not Available,Not Available,Not Available,Not Available,537.3,Not Available,133,Not Available,Not Available,1015827,Not Available,Not Available,Not Available,Not Available,Not Available,Not Available,Not Available,Not Available,0
2557733,200 East 71st Street,Not Available,126.0,New York,Not Available,Not Available,346000,Not Available,Not Available,Not Available,Not Available,Not Available,Not Available,Not Available,Not Available,Not Available,The meter <b>ep- auto</b> does not have 12 full months of bills for the selected timeframe. Please enter bills for the full 12 months.,81.36108496,No,Not Available,Not Available,24,Not Available,Not Available,Not Available,8899.84,0.02478684,Not Available,349.1,Not Available,No,Not Available,Not Available,Unique Building Identifier,Not Available,Not Available,Not Available,Not Available,Not Available,Not Available,Not Available,Not Available,90,1043920,Not Available,Not Available,0.1532,Not Available,Not Available,Not Available,Not Available,Not Available,1
2630975,22 ARLO RD ENT,Not Available,39.0,Staten Island,Not Available,Not Available,22033,Not Available,Not Available,Not Available,Not Available,Not Available,Not Available,Not Available,Not Available,Not Available,The meter <b>Allocated Water</b> does not have 12 full months of bills for the selected timeframe. Please enter bills for the full 12 months.,81.36108496,No,Not Available,Not Available,Not Available,Not Available,Not Available,Not Available,1715.77,0.07787274,Not Available,124.4,Not Available,Not Available,Not Available,Not Available,Unique Building Identifier,Not Available,Not Available,Not Available,Not Available,Not Available,Not Available,Not Available,Not Available,100,5117073,Not Available,Not Available,Not Available,Not Available,Not Available,Not Available,Not Available,Not Available,1
2364080,610 Fifth Avenue,Not Available,104.0,New York,Not Available,Not Available,Not Available,Not Available,44.3,Not Available,Not Available,Not Available,Not Available,Not Available,Not Available,Not Available,This property does not have at least one meter for the type of energy or water used in this metric calculation.,81.36108496,Not Available,Not Available,Not Available,Not Available,Not Available,Not Available,Not Available,0,0,Not Available,175.5,Not Available,Not Available,Not Available,Not Available,Unique Building Identifier,Not Available,Not Available,Not Available,Not Available,1086.6,Not Available,176,Not Available,Not Available,1082656,Not Available,Not Available,0,Not Available,Not Available,Not Available,Not Available,Not Available,1
7365,1155  Avenue  of  the  Americas,Not Available,119.0,Manhattan,Not Available,Not Available,Not Available,Not Available,47.1,Not Available,Not Available,Not Available,Not Available,Not Available,Not Available,Not Available,This property does not have at least one meter for the type of energy or water used in this metric calculation.,81.36108496,Not Available,Not Available,Not Available,Not Available,Not Available,Not Available,Not Available,0,0,Not Available,78.6,Not Available,Not Available,Not Available,Not Available,Unique Building Identifier,Not Available,Not Available,Not Available,Not Available,3059.6,Not Available,1600,Not Available,Not Available,1022631,Not Available,Not Available,0,Not Available,Not Available,Not Available,Not Available,Not Available,1
2273786,82 Wall Street,Not Available,7.0,New York,Not Available,Not Available,Not Available,Not Available,-63,Not Available,Not Available,Not Available,Not Available,Not Available,Not Available,Not Available,The meter <b>6000958217001</b> does not have 12 full months of bills for the selected timeframe. Please enter bills for the full 12 months.,81.36108496,Not Available,Not Available,Not Available,Not Available,Not Available,Not Available,Not Available,0,0,Not Available,Not Available,Not Available,Not Available,Not Available,Not Available,Not Available,Not Available,Not Available,Not Available,Not Available,689.9,Not Available,375,Not Available,Not Available,Not Available,Not Available,Not Available,Not Available,Not Available,Not Available,Not Available,Not Available,Not Available,1
1600063,590 Madison Avenue,Not Available,11202.0,New York,Not Available,Not Available,Not Available,Not Available,-7.9,Not Available,Not Available,Not Available,Not Available,Not Available,Not Available,Not Available,The meter <b>90001-28262-001</b> does not have 12 full months of bills for the selected timeframe. Please enter bills for the full 12 months.,81.36108496,Not Available,Not Available,Not Available,Not Available,Not Available,Not Available,Not Available,5531358.65,4.6235091,Not Available,89.7,Not Available,Not Available,Not Available,Not Available,Unique Building Identifier,Not Available,Not Available,Not Available,Not Available,17318.6,Not Available,2000,Not Available,Not Available,Building Identification Number (BIN): 1035778,Not Available,Not Available,0,Not Available,Not Available,Not Available,Not Available,Not Available,0
2630962,2612 W 2 ST PLPM,Not Available,37402.0,Brooklyn,Not Available,Not Available,194870,Not Available,Not Available,Not Available,Not Available,Not Available,Not Available,Not Available,Not Available,Not Available,The meter <b>80004-52321-001</b> does not have 12 full months of bills for the selected timeframe. Please enter bills for the full 12 months.,81.36108496,No,Not Available,Not Available,Not Available,Not Available,Not Available,Not Available,0,0,Not Available,76.8,Not Available,Not Available,Not Available,Not Available,Unique Building Identifier,Not Available,Not Available,Not Available,Not Available,Not Available,Not Available,Not Available,Not Available,100,3196056,Not Available,Not Available,Not Available,Not Available,Not Available,Not Available,Not Available,Not Available,1
2595887,25 Indian Road,Not Available,307.0,New York,Not Available,Not Available,62796,Not Available,Not Available,Not Available,Not Available,Not Available,Not Available,Not Available,Not Available,Not Available,Not Available,81.36108496,Not Available,Not Available,Not Available,Not Available,Not Available,Not Available,Not Available,0,0,Not Available,Not Available,No,Not Available,Not Available,Not Available,Unique Building Identifier,Not Available,Not Available,Not Available,Not Available,Not Available,Not Available,Not Available,Not Available,100,1065081,Not Available,Not Available,Not Available,Not Available,Not Available,Not Available,Not Available,Not Available,1
2612586,3315 NOSTRAND AVE PLPM,Not Available,566.0,Brooklyn,Not Available,Not Available,89004,Not Available,Not Available,Not Available,Not Available,Not Available,Not Available,Not Available,Not Available,Not Available,The meter <b>Allocated Water</b> does not have 12 full months of bills for the selected timeframe. Please enter bills for the full 12 months.,81.36108496,No,Not Available,Not Available,Not Available,Not Available,Not Available,Not Available,0,0,Not Available,89.5,Not Available,Not Available,Not Available,Not Available,Unique Building Identifier,Not Available,Not Available,Not Available,Not Available,Not Available,Not Available,Not Available,Not Available,100,3197677,Not Available,Not Available,Not Available,Not Available,Not Available,Not Available,Not Available,Not Available,1
2630935,715 St. Marks Avenue,Not Available,315.0,Brooklyn,Not Available,Not Available,95671,Not Available,Not Available,Not Available,Not Available,Not Available,Not Available,Not Available,Not Available,Not Available,This property does not have at least one meter for the type of energy or water used in this metric calculation.,81.36108496,No,Not Available,Not Available,Not Available,Not Available,Not Available,Not Available,Not Available,Not Available,Not Available,Not Available,Not Available,No,Not Available,Not Available,Unique Building Identifier,Not Available,Not Available,Not Available,Not Available,Not Available,Not Available,Not Available,Not Available,100,3030716,Not Available,Not Available,Not Available,Not Available,Not Available,Not Available,Not Available,Not Available,1
2587400,571 Riverside Drive,Not Available,22302.0,New York,Not Available,Not Available,Not Available,84596,58.6,2351 12th ave,Not Available,Not Available,Not Available,Not Available,Not Available,Not Available,Not Available,81.36108496,Not Available,Not Available,Not Available,Not Available,Not Available,Not Available,Not Available,107276.86,1.2681079,Not Available,40.4,Not Available,Not Available,Not Available,Not Available,Not Available,Not Available,Not Available,Not Available,345.1099947,138.6,Not Available,Not Available,Not Available,Not Available,Not Available,Not Available,Not Available,Not Available,Not Available,Not Available,Not Available,Not Available,Not Available,1
2214240,55 Broadway,Not Available,13.0,New York,Not Available,Not Available,Not Available,Not Available,-31.2,Not Available,Not Available,Not Available,Not Available,Not Available,Not Available,Not Available,Not Available,81.36108496,Not Available,Not Available,Not Available,Not Available,Not Available,Not Available,Not Available,0,0,Not Available,78.5,Not Available,Not Available,Not Available,Not Available,Unique Building Identifier,Not Available,Not Available,Not Available,Not Available,3410.6,Not Available,1000,Not Available,Not Available,1000807,Not Available,Not Available,Not Available,Not Available,Not Available,Not Available,Not Available,Not Available,1
2394981,9216 7th Avenue,Not Available,152.0,Brooklyn,Not Available,Not Available,Not Available,Not Available,-4.2,Poly Prep Country Day School,Not Available,Not Available,Not Available,Not Available,Not Available,Not Available,This property does not have at least one meter for the type of energy or water used in this metric calculation.,81.36108496,Not Available,Not Available,Not Available,Not Available,Not Available,Not Available,Not Available,373599.53,2.7924945,Not Available,Not Available,Not Available,No,Not Available,Not Available,Unique Building Identifier,Not Available,Not Available,Not Available,Not Available,962.6,Not Available,Not Available,Not Available,Not Available,3336349,Not Available,Not Available,Not Available,Not Available,Not Available,Not Available,Not Available,Not Available,1
2557964,31-21 Surf Avenue,Not Available,342.0,Brooklyn,Not Available,Not Available,66755,Not Available,Not Available,Not Available,Not Available,Not Available,Not Available,Not Available,Not Available,Not Available,Not Available,81.36108496,100% Yes,Not Available,Not Available,8,Not Available,Not Available,Not Available,89405.37,1.339306,Not Available,75,Not Available,Not Available,Not Available,Not Available,Unique Building Identifier,Not Available,Not Available,0,Not Available,Not Available,Not Available,Not Available,Not Available,100,3828548,Not Available,Not Available,Not Available,Not Available,Not Available,Not Available,Not Available,Not Available,1
2544516,420 East 64th Street,Not Available,10602.0,New York,Not Available,Not Available,456000,Not Available,Not Available,425 East 63rd Street,Not Available,Not Available,Not Available,Not Available,Not Available,Not Available,The meter <b>Royal York - Water</b> does not have 12 full months of bills for the selected timeframe. Please enter bills for the full 12 months.,81.36108496,No,Not Available,Not Available,20,Not Available,Not Available,Not Available,Not Available,Not Available,Not Available,Not Available,Not Available,Not Available,Not Available,Not Available,Unique Building Identifier,Not Available,Not Available,Not Available,Not Available,Not Available,Not Available,Not Available,Not Available,100,1085199,Not Available,Not Available,Not Available,Not Available,Not Available,Not Available,Not Available,Not Available,1
2617683,210 west 27th STREET,Not Available,95.0,NEW YORK,Not Available,Not Available,Not Available,Not Available,-2.9,Not Available,Not Available,Not Available,Not Available,Not Available,Not Available,Not Available,Not Available,81.36108496,Not Available,Not Available,Not Available,Not Available,Not Available,Not Available,Not Available,187647,1.442373,Not Available,90.3,Not Available,Not Available,Not Available,Not Available,Not Available,Not Available,Not Available,Not Available,Not Available,1039.6,Not Available,Not Available,Not Available,Not Available,Not Available,Not Available,Not Available,Not Available,Not Available,Not Available,Not Available,Not Available,Not Available,1
2595892,202-214 West 85th St.,Not Available,171.0,New York,Not Available,Not Available,77620,Not Available,Not Available,Not Available,Not Available,Not Available,Not Available,Not Available,Not Available,Not Available,Not Available,81.36108496,Not Available,Not Available,Not Available,Not Available,Not Available,Not Available,Not Available,0,0,Not Available,Not Available,Not Available,Not Available,Not Available,Not Available,Unique Building Identifier,Not Available,Not Available,Not Available,Not Available,Not Available,Not Available,Not Available,Not Available,100,1033114;1033115;1033116;1033117;1033118;1033119;1033120,Not Available,Not Available,Not Available,Not Available,Not Available,Not Available,Not Available,Not Available,1
2637427,155 W 60th St,Not Available,145.0,New York,Not Available,Not Available,Not Available,Not Available,-25.4,Not Available,Not Available,Not Available,Not Available,Not Available,Not Available,Not Available,This property does not have at least one meter for the type of energy or water used in this metric calculation.,81.36108496,Not Available,Not Available,Not Available,Not Available,Not Available,Not Available,Not Available,581822.95,2.0595066,Not Available,80.1,Not Available,Not Available,Not Available,Not Available,Unique Building Identifier,Not Available,Not Available,Not Available,Not Available,1917.1,Not Available,Not Available,Not Available,Not Available,1028830,Not Available,Not Available,Not Available,Not Available,Not Available,Not Available,Not Available,Not Available,1
1409171,1 Court Square,Not Available,19.0,NEW YORK,Not Available,Not Available,Not Available,Not Available,-16.3,Long Island City,Not Available,Not Available,Not Available,Not Available,Not Available,Not Available,Not Available,81.36108496,Not Available,Not Available,Not Available,Not Available,Not Available,Not Available,Not Available,0,0,10561,73.3,Not Available,No,Not Available,Not Available,Unique Building Identifier,Not Available,Not Available,Not Available,Not Available,10285.3,Not Available,4351,Not Available,Not Available,4307108,Not Available,Not Available,Not Available,Not Available,Not Available,Not Available,2135,Not Available,1
2364104,30 Rockefeller Plaza,Not Available,104.0,New York,Not Available,Not Available,Not Available,Not Available,34.4,Not Available,Not Available,Not Available,Not Available,Not Available,Not Available,Not Available,This property does not have at least one meter for the type of energy or water used in this metric calculation.,81.36108496,Not Available,Not Available,Not Available,Not Available,Not Available,Not Available,Not Available,0,0,Not Available,121.7,Not Available,Not Available,Not Available,Not Available,Unique Building Identifier,Not Available,Not Available,Not Available,Not Available,27278.9,Not Available,5888.92,Not Available,Not Available,1076262,Not Available,Not Available,0,Not Available,Not Available,Not Available,Not Available,Not Available,1
1171363,575 Fifth Avenue,Not Available,94.0,New York,50,Not Available,Not Available,Not Available,-26.1,Not Available,Not Available,Not Available,Not Available,Not Available,Not Available,Not Available,Not Available,81.36108496,Not Available,Not Available,Not Available,Not Available,Not Available,Not Available,Not Available,1260455.77,2.3806624,Not Available,77.4,Not Available,Not Available,Not Available,Not Available,Not Available,Not Available,Not Available,Not Available,Not Available,4606.5,Not Available,1632,Not Available,Not Available,Not Available,Not Available,Not Available,Not Available,Not Available,Not Available,Not Available,Not Available,Not Available,1
2561079,1238 Simpson St,Not Available,125.0,bronx,Not Available,Not Available,67986,Not Available,Not Available,Not Available,Not Available,Not Available,Not Available,Not Available,Not Available,Not Available,The meter <b>Master Meter 1</b> does not have 12 full months of bills for the selected timeframe. Please enter bills for the full 12 months.,81.36108496,No,Not Available,Not Available,0,Not Available,Not Available,Not Available,0,0,Not Available,114.9,Not Available,Not Available,Not Available,Not Available,Not Available,Not Available,Not Available,Not Available,Not Available,Not Available,Not Available,Not Available,Not Available,0,Not Available,Not Available,Not Available,Not Available,Not Available,Not Available,Not Available,Not Available,Not Available,1
1472861,1633 Broadway,Not Available,131.0,New York,Not Available,Not Available,Not Available,Not Available,-23.6,Not Available,Not Available,Not Available,Not Available,Not Available,Not Available,Not Available,Not Available,81.36108496,Not Available,Not Available,Not Available,Not Available,Not Available,Not Available,Not Available,517121.1,0.1822176,Not Available,99.3,Not Available,Not Available,Not Available,Not Available,Unique Building Identifier,Not Available,Not Available,Not Available,Not Available,31415.7,Not Available,7500,Not Available,Not Available,1-01022-0043,Not Available,Not Available,Not Available,Not Available,Not Available,Not Available,Not Available,Not Available,1
2383832,257 West 86th Street,Not Available,175.0,New York,Not Available,Not Available,68821,Not Available,Not Available,Not Available,Not Available,Not Available,Not Available,Not Available,Not Available,Not Available,The meter <b>Water Meter</b> does not have 12 full months of bills for the selected timeframe. Please enter bills for the full 12 months.,81.36108496,No,Not Available,Not Available,6,Not Available,Not Available,Not Available,0,0,Not Available,72.8,Not Available,No,Not Available,Not Available,Unique Building Identifier,Not Available,Not Available,Not Available,Not Available,Not Available,Not Available,Not Available,Not Available,90,1033196,Not Available,Not Available,Not Available,Not Available,Not Available,Not Available,Not Available,Not Available,1
1200524,730 Third Avenue,Not Available,92.0,New York,9,Not Available,Not Available,Not Available,-31,Not Available,Not Available,Not Available,Not Available,Not Available,1795800,Not Available,Not Available,81.36108496,Not Available,Not Available,Not Available,Not Available,Not Available,Not Available,Not Available,0,0,12900,93.5,Not Available,Not Available,Not Available,Not Available,Unique Building Identifier,Not Available,Not Available,Not Available,Not Available,7127.2,Not Available,1850,Not Available,Not Available,1036195,Not Available,Not Available,Not Available,Not Available,Not Available,Not Available,Not Available,Not Available,1
2546297,920 Riverside Drive,Not Available,247.0,New York,Not Available,Not Available,83952,Not Available,Not Available,Not Available,Not Available,Not Available,Not Available,Not Available,Not Available,Not Available,This property does not have at least one meter for the type of energy or water used in this metric calculation.,81.36108496,No,Not Available,Not Available,6,Not Available,Not Available,Not Available,0,0,Not Available,77.1,Not Available,Not Available,Not Available,Not Available,Not Available,Not Available,Not Available,Not Available,Not Available,Not Available,Not Available,Not Available,Not Available,90,Not Available,Not Available,Not Available,Not Available,Not Available,Not Available,Not Available,Not Available,Not Available,1
2638939,130 Jane Street,Not Available,79.0,New York,Not Available,Not Available,50820,Not Available,Not Available,Not Available,Not Available,Not Available,Not Available,Not Available,Not Available,Not Available,Not Available,81.36108496,No,Not Available,Not Available,4,Not Available,Not Available,Not Available,0,0,Not Available,76.9,Not Available,Not Available,Not Available,Not Available,Unique Building Identifier,Not Available,Not Available,Not Available,Not Available,Not Available,Not Available,Not Available,Not Available,100,1012075,Not Available,Not Available,Not Available,Not Available,Not Available,Not Available,Not Available,Not Available,1
1465130,20 Broad Street,Not Available,7.0,New York,Not Available,Not Available,Not Available,Not Available,-32.3,Not Available,Not Available,Not Available,Not Available,Not Available,1409720,Not Available,Not Available,81.36108496,Not Available,Not Available,Not Available,Not Available,Not Available,", N+1",Not Available,1258285.16,2.655227,Not Available,105.1,Not Available,Not Available,Not Available,Not Available,Unique Building Identifier,Not Available,Not Available,Not Available,Not Available,6256.4,Not Available,820,Not Available,Not Available,1000816,Not Available,Not Available,Not Available,Not Available,Not Available,Not Available,Not Available,Not Available,1
2605878,17 State Street,Not Available,9.0,New York,Not Available,Not Available,Not Available,Not Available,22.8,Not Available,Not Available,Not Available,Not Available,Not Available,Not Available,Not Available,This property does not have at least one meter for the type of energy or water used in this metric calculation.,81.36108496,Not Available,Not Available,Not Available,Not Available,Not Available,Not Available,Not Available,443077.04,0.771783484,Not Available,69.1,Not Available,Not Available,Not Available,Not Available,Unique Building Identifier,Not Available,Not Available,Not Available,Not Available,2663.9,Not Available,2500,Not Available,Not Available,1000020,Not Available,Not Available,Not Available,Not Available,Not Available,Not Available,Not Available,Not Available,1
2494990,100 Myrtle Ave,Not Available,11.0,Brooklyn,Not Available,Not Available,Not Available,Not Available,-33,Not Available,Not Available,Not Available,Not Available,Not Available,11128363.6,Not Available,This property does not have at least one meter for the type of energy or water used in this metric calculation.,81.36108496,Not Available,Not Available,Not Available,Not Available,Not Available,"N+1, N",Not Available,0,0,Not Available,167,Not Available,No,Not Available,Not Available,Unique Building Identifier,Not Available,Not Available,Not Available,Not Available,9529.9,Not Available,575,Not Available,Not Available,BIN#  3255603,Not Available,Not Available,Not Available,Not Available,Not Available,Not Available,Not Available,Not Available,1
2637924,20 W 77 Street,Not Available,161.0,New York,Not Available,Not Available,58723,Not Available,Not Available,Not Available,Not Available,Not Available,Not Available,Not Available,Not Available,Not Available,The meter <b>10001-23870-001</b> does not have 12 full months of bills for the selected timeframe. Please enter bills for the full 12 months.,81.36108496,No,Not Available,Not Available,5,Not Available,Not Available,Not Available,0,0,Not Available,67.8,No,Not Available,Not Available,Not Available,Unique Building Identifier,Not Available,Not Available,Not Available,Not Available,Not Available,Not Available,Not Available,Not Available,100,1028818,Not Available,Not Available,Not Available,Not Available,Not Available,Not Available,Not Available,Not Available,1
2612582,143-09 BARCLAY AVE,Not Available,855.0,Queens,Not Available,Not Available,161038,Not Available,Not Available,Not Available,Not Available,Not Available,Not Available,Not Available,Not Available,Not Available,The meter <b>30006-31186-001</b> does not have 12 full months of bills for the selected timeframe. Please enter bills for the full 12 months.,81.36108496,No,Not Available,Not Available,Not Available,Not Available,Not Available,Not Available,139602.23,0.86689,Not Available,69.5,Not Available,Not Available,Not Available,Not Available,Unique Building Identifier,Not Available,Not Available,Not Available,Not Available,Not Available,Not Available,Not Available,Not Available,100,4114658,Not Available,Not Available,Not Available,Not Available,Not Available,Not Available,Not Available,Not Available,1
2615762,1841 Broadway,Not Available,145.0,New York,Not Available,Not Available,Not Available,Not Available,14.7,Not Available,Not Available,Not Available,Not Available,Not Available,Not Available,Not Available,Not Available,81.36108496,Not Available,Not Available,Not Available,Not Available,Not Available,Not Available,Not Available,0,0,Not Available,138.8,Not Available,Not Available,Not Available,Not Available,Unique Building Identifier,Not Available,Not Available,Not Available,Not Available,1060,Not Available,242.82,Not Available,Not Available,1027189,Not Available,Not Available,Not Available,Not Available,Not Available,Not Available,Not Available,Not Available,1
2386537,1160 Third Avenue,Not Available,120.0,New York,Not Available,Not Available,139626,Not Available,Not Available,Not Available,Not Available,Not Available,Not Available,Not Available,Not Available,Not Available,Not Available,81.36108496,No,Not Available,Not Available,8,Not Available,Not Available,Not Available,49976.93,0.3287394,Not Available,151,Not Available,No,Not Available,Not Available,Unique Building Identifier,Not Available,Not Available,Not Available,Not Available,Not Available,Not Available,Not Available,Not Available,100,1076299,Not Available,Not Available,0,Not Available,Not Available,Not Available,Not Available,Not Available,1
2603248,220 Riverside Boulevard,Not Available,159.0,New York,Not Available,Not Available,795215,Not Available,Not Available,Not Available,Not Available,Not Available,Not Available,Not Available,Not Available,Not Available,Not Available,81.36108496,No,Not Available,Not Available,4,Not Available,Not Available,Not Available,1190503.25,1.497083,Not Available,76.1,Not Available,Not Available,Not Available,Not Available,Unique Building Identifier,Not Available,Not Available,Not Available,Not Available,Not Available,Not Available,Not Available,Not Available,100,1086065,Not Available,Not Available,Not Available,Not Available,Not Available,Not Available,Not Available,Not Available,1
2630712,22-24 78th Street,Not Available,317.0,East Elmhurst,Not Available,Not Available,204459,Not Available,Not Available,Not Available,Not Available,Not Available,Not Available,Not Available,Not Available,Not Available,The meter <b>90005-37979-001</b> does not have 12 full months of bills for the selected timeframe. Please enter bills for the full 12 months.,81.36108496,No,Not Available,Not Available,0,Not Available,Not Available,Not Available,0,0,Not Available,75.8,Not Available,Not Available,Not Available,Not Available,Not Available,Not Available,Not Available,Not Available,Not Available,Not Available,Not Available,Not Available,Not Available,0,Not Available,Not Available,Not Available,Not Available,Not Available,Not Available,Not Available,Not Available,Not Available,6
2639872,111 Fifth Ave,Not Available,52.0,New York,Not Available,Not Available,Not Available,Not Available,-22.3,Not Available,Not Available,Not Available,Not Available,Not Available,Not Available,Not Available,The meter <b>Water - 90001-17303-001</b> does not have 12 full months of bills for the selected timeframe. Please enter bills for the full 12 months.,81.36108496,Not Available,Not Available,Not Available,Not Available,Not Available,Not Available,Not Available,411705.32,1.70604177,Not Available,84.7,Not Available,Not Available,Not Available,Not Available,Unique Building Identifier,Not Available,Not Available,Not Available,Not Available,2100.8,Not Available,643,Not Available,Not Available,1016145,Not Available,Not Available,0,Not Available,Not Available,Not Available,Not Available,Not Available,1
2379801,40 Fulton St,Not Available,1502.0,New York,Not Available,Not Available,Not Available,Not Available,-4.6,Not Available,Not Available,Not Available,Not Available,Not Available,Not Available,Not Available,Not Available,81.36108496,Not Available,Not Available,Not Available,Not Available,Not Available,Not Available,Not Available,173701.55,0.695126,Not Available,86.6,Not Available,No,Not Available,Not Available,Unique Building Identifier,Not Available,Not Available,Not Available,Not Available,1815.8,Not Available,279,Not Available,Not Available,1075618,Not Available,Not Available,0,Not Available,Not Available,Not Available,Not Available,Not Available,1
2598270,257 Central Park West,Not Available,169.0,New York,Not Available,Not Available,147030,Not Available,Not Available,Not Available,Not Available,Not Available,Not Available,Not Available,Not Available,Not Available,This property does not have at least one meter for the type of energy or water used in this metric calculation.,81.36108496,Not Available,Not Available,Not Available,8,Not Available,Not Available,Not Available,86784.04,0.58487694,Not Available,51.6,Not Available,No,100,Not Available,Not Available,Not Available,Not Available,Not Available,Not Available,Not Available,Not Available,Not Available,Not Available,100,Not Available,Not Available,Not Available,Not Available,Not Available,Not Available,Not Available,Not Available,Not Available,1
2481300,55 Water St,Not Available,9.0,New York,Not Available,Not Available,Not Available,Not Available,5.1,Not Available,Not Available,Not Available,Not Available,Not Available,3165400.9,Not Available,Not Available,81.36108496,Not Available,Not Available,Not Available,Not Available,Not Available,", , , , , ,",Not Available,0,0,Not Available,119.9,Not Available,Not Available,Not Available,Not Available,Unique Building Identifier,Not Available,Not Available,Not Available,Not Available,34523.1,Not Available,9980,Not Available,Not Available,1083346,Not Available,Not Available,Not Available,Not Available,Not Available,Not Available,Not Available,Not Available,1
2609674,449 W. 44th Street,Not Available,121.0,Manhattan,Not Available,Not Available,58000,Not Available,Not Available,Not Available,Not Available,Not Available,Not Available,Not Available,Not Available,Not Available,Not Available,81.36108496,Not Available,Not Available,Not Available,Not Available,Not Available,Not Available,Not Available,Not Available,Not Available,Not Available,Not Available,No,Not Available,Not Available,Not Available,Building Block and Lot,Not Available,Not Available,Not Available,Not Available,Not Available,Not Available,Not Available,Not Available,100,1010540056,Not Available,Not Available,Not Available,Not Available,Not Available,Not Available,Not Available,Not Available,1
2633414,309 MADISON AVENUE,Not Available,82.0,NEW YORK,Not Available,Not Available,Not Available,Not Available,-19.2,Not Available,Not Available,Not Available,Not Available,Not Available,Not Available,Not Available,Not Available,81.36108496,Not Available,Not Available,Not Available,Not Available,Not Available,Not Available,Not Available,254447.93,1.704364,Not Available,109,Not Available,No,Not Available,Not Available,Unique Building Identifier,Not Available,Not Available,Not Available,0,1565.7,Not Available,292,Not Available,Not Available,1035336,Not Available,Not Available,Not Available,Not Available,Not Available,Not Available,Not Available,Not Available,1
2637853,101 Lafayette Ave,7560,181.0,Brooklyn,Not Available,Not Available,126940,Not Available,Not Available,Not Available,Not Available,Not Available,Not Available,Not Available,Not Available,Not Available,The meter <b>90003-02796-001</b> does not have 12 full months of bills for the selected timeframe. Please enter bills for the full 12 months.,81.36108496,No,Not Available,Not Available,4,Not Available,Not Available,Not Available,0,0,Not Available,91.7,Not Available,Not Available,Not Available,Not Available,Unique Building Identifier,Not Available,Not Available,Not Available,Not Available,Not Available,Not Available,Not Available,Not Available,100,3058921,Not Available,Not Available,Not Available,Not Available,Not Available,Not Available,Not Available,Not Available,1
2565216,48 WEST 37TH STREET,Not Available,84.0,NEW YORK,Not Available,Not Available,Not Available,Not Available,-37,Not Available,Not Available,Not Available,Not Available,Not Available,Not Available,Not Available,Not Available,81.36108496,Not Available,Not Available,Not Available,Not Available,Not Available,Not Available,Not Available,0,0,Not Available,Not Available,Not Available,Not Available,Not Available,Not Available,Not Available,Not Available,Not Available,Not Available,0,1328.4,Not Available,325,Not Available,Not Available,Not Available,Not Available,Not Available,Not Available,Not Available,Not Available,Not Available,Not Available,Not Available,1
2587287,524-534 West 23rd street,Not Available,99.0,New York,Not Available,Not Available,Not Available,131835,68.9,Not Available,Not Available,Not Available,Not Available,Not Available,Not Available,Not Available,The meter <b>1000113240001-N31914164</b> does not have 12 full months of bills for the selected timeframe. Please enter bills for the full 12 months.,81.36108496,Not Available,Not Available,Not Available,Not Available,Not Available,Not Available,Not Available,171692.95,1.302332,Not Available,44.2,Not Available,Not Available,Not Available,Not Available,Not Available,Not Available,Not Available,Not Available,Not Available,220.3,Not Available,Not Available,Not Available,Not Available,Not Available,Not Available,Not Available,Not Available,Not Available,Not Available,Not Available,Not Available,Not Available,1
2388494,970 Park Avenue,Not Available,142.0,New York,Not Available,Not Available,102804,Not Available,Not Available,Not Available,Not Available,Not Available,Not Available,Not Available,Not Available,Not Available,The meter <b>Water Meter</b> does not have 12 full months of bills for the selected timeframe. Please enter bills for the full 12 months.,81.36108496,No,Not Available,Not Available,9,Not Available,Not Available,Not Available,128204.27,1.24707486,Not Available,75.7,No,Not Available,Not Available,Not Available,Unique Building Identifier,Not Available,Not Available,Not Available,Not Available,Not Available,Not Available,Not Available,Not Available,90,1046760,Not Available,Not Available,Not Available,Not Available,Not Available,Not Available,Not Available,Not Available,1
1958459,401 Seventh Avenue,Not Available,101.0,New York,Not Available,Not Available,Not Available,Not Available,-17.2,Not Available,Not Available,Not Available,Not Available,Not Available,Not Available,1.20606,Not Available,81.36108496,Not Available,Not Available,Not Available,Not Available,Not Available,Not Available,2000,617000.04,0.4367023,Not Available,110.4,Not Available,Not Available,Not Available,Not Available,Unique Building Identifier,Not Available,Not Available,Not Available,Not Available,16223.5,0.35389,Not Available,Not Available,Not Available,1015191,Not Available,Not Available,Not Available,Not Available,Not Available,100,Not Available,Not Available,1
2630972,516 HOWARD AVE ENT,Not Available,39.0,Staten Island,Not Available,Not Available,22033,Not Available,Not Available,Not Available,Not Available,Not Available,Not Available,Not Available,Not Available,Not Available,The meter <b>50008-80971-001</b> does not have 12 full months of bills for the selected timeframe. Please enter bills for the full 12 months.,81.36108496,No,Not Available,Not Available,Not Available,Not Available,Not Available,Not Available,0,0,Not Available,131.2,Not Available,Not Available,Not Available,Not Available,Unique Building Identifier,Not Available,Not Available,Not Available,Not Available,Not Available,Not Available,Not Available,Not Available,100,5117078,Not Available,Not Available,Not Available,Not Available,Not Available,Not Available,Not Available,Not Available,1
1426638,40 East 52nd Street,Not Available,102.0,New York,8,Not Available,Not Available,Not Available,-30.7,Not Available,Not Available,Not Available,Not Available,Not Available,3410992.2,Not Available,Not Available,81.36108496,Not Available,Not Available,Not Available,Not Available,Not Available,Not Available,Not Available,0,0,Not Available,115.9,Not Available,Not Available,Not Available,Not Available,Unique Building Identifier,Not Available,Not Available,Not Available,Not Available,5116.7,Not Available,1088,Not Available,Not Available,1076267,Not Available,Not Available,0,Not Available,Not Available,Not Available,Not Available,Not Available,1
2535600,175 lawrence avenue,Not Available,480.0,brooklyn,Not Available,Not Available,Not Available,Not Available,-37.2,Not Available,Not Available,Not Available,Not Available,Not Available,Not Available,Not Available,<b>water meter</b> has bills with dates that overlap in the selected timeframe. Please resolve overlaps for this meter.,81.36108496,Not Available,Not Available,Not Available,Not Available,Not Available,Not Available,Not Available,0,0,Not Available,67.8,Not Available,Not Available,Not Available,Not Available,Unique Building Identifier,Not Available,Not Available,Not Available,Not Available,756.3,Not Available,185,Not Available,Not Available,3328479,Not Available,Not Available,Not Available,Not Available,Not Available,Not Available,Not Available,Not Available,1
2638822,5 Tudor City Place,Not Available,88.0,New York,Not Available,Not Available,408812,Not Available,Not Available,Not Available,Not Available,Not Available,Not Available,Not Available,Not Available,Not Available,Not Available,81.36108496,No,Not Available,Not Available,28,Not Available,Not Available,Not Available,Not Available,Not Available,Not Available,Not Available,Not Available,No,Not Available,Not Available,Unique Building Identifier,Not Available,Not Available,Not Available,Not Available,Not Available,Not Available,Not Available,Not Available,100,1038647,Not Available,Not Available,Not Available,Not Available,Not Available,Not Available,Not Available,Not Available,1
142639200.00%,845 Third Avenue,Not Available,98.0,New York,0,Not Available,Not Available,Not Available,-6.2,Not Available,Not Available,Not Available,Not Available,Not Available,Not Available,Not Available,Not Available,81.36108496,Not Available,Not Available,Not Available,Not Available,Not Available,Not Available,Not Available,0,0,9100,120.6,Not Available,Not Available,Not Available,Not Available,Unique Building Identifier,Not Available,Not Available,Not Available,Not Available,3796.4,Not Available,931,Not Available,Not Available,1038464,Not Available,Not Available,0,Not Available,Not Available,Not Available,Not Available,Not Available,1
1422222,415 Madison Avenue,Not Available,94.0,New York,Not Available,Not Available,Not Available,Not Available,-41.9,Not Available,Not Available,Not Available,Not Available,Not Available,Not Available,Not Available,Not Available,81.36108496,Not Available,Not Available,Not Available,Not Available,Not Available,Not Available,Not Available,0,0,25139,57.5,Not Available,Not Available,Not Available,Not Available,Unique Building Identifier,Not Available,Not Available,Not Available,Not Available,1942.1,Not Available,784,Not Available,Not Available,1035439,Not Available,Not Available,Not Available,Not Available,Not Available,Not Available,Not Available,Not Available,1
1.54e+06,555 Fifth Avenue,Not Available,94.0,New York,Not Available,Not Available,Not Available,Not Available,Not Available,Not Available,Not Available,Not Available,Not Available,Not Available,Not Available,Not Available,This property does not have at least one meter for the type of energy or water used in this metric calculation.,81.36108496,Not Available,Not Available,Not Available,Not Available,Not Available,Not Available,Not Available,Not Available,Not Available,Not Available,Not Available,Not Available,Not Available,Not Available,Not Available,Not Available,Not Available,Not Available,Not Available,Not Available,Not Available,Not Available,695,Not Available,Not Available,Not Available,Not Available,Not Available,0.05565,Not Available,Not Available,Not Available,Not Available,Not Available,1
2591915,1212 Avenue of The Americas,Not Available,96.0,New York,Not Available,Not Available,Not Available,Not Available,-16,Not Available,Not Available,Not Available,Not Available,Not Available,Not Available,Not Available,"The meter <b>48th Americas Co, Base Building Water</b> does not have 12 full months of bills for the selected timeframe. Please enter bills for the full 12 months.",81.36108496,Not Available,Not Available,Not Available,Not Available,Not Available,Not Available,Not Available,0,0,Not Available,104.5,Not Available,Not Available,Not Available,Not Available,Not Available,Not Available,Not Available,Not Available,Not Available,2700.8,Not Available,520.63,Not Available,Not Available,Not Available,Not Available,Not Available,0,Not Available,Not Available,Not Available,Not Available,Not Available,1
2587548,401-409 East 110th street,Not Available,162.0,New York,0,Not Available,Not Available,192200,75.4,Not Available,Not Available,Not Available,Not Available,Not Available,Not Available,Not Available,Not Available,81.36108496,Not Available,Not Available,Not Available,Not Available,Not Available,Not Available,Not Available,349032.69,1.57080371,Not Available,30.6,Not Available,No,Not Available,Not Available,Not Available,Not Available,Not Available,Not Available,Not Available,296.7,Not Available,Not Available,Not Available,Not Available,Not Available,Not Available,Not Available,Not Available,Not Available,Not Available,Not Available,Not Available,Not Available,1
2595424,1850 Second Avenue,Not Available,15601.0,New York,Not Available,Not Available,64198,Not Available,Not Available,Not Available,Not Available,Not Available,Not Available,Not Available,Not Available,Not Available,Not Available,81.36108496,No,Not Available,Not Available,6,Not Available,Not Available,Not Available,Not Available,Not Available,Not Available,Not Available,Not Available,Not Available,Not Available,Not Available,Unique Building Identifier,Not Available,Not Available,0,Not Available,Not Available,Not Available,Not Available,Not Available,100,1050342,Not Available,Not Available,Not Available,Not Available,Not Available,Not Available,Not Available,Not Available,1
255261300.00%,148-25 88th Avenue,Not Available,238.0,Queens,Not Available,Not Available,50070,Not Available,Not Available,Not Available,Not Available,Not Available,Not Available,Not Available,Not Available,Not Available,The meter <b>Water</b> does not have 12 full months of bills for the selected timeframe. Please enter bills for the full 12 months.,81.36108496,Not Available,Not Available,Not Available,Not Available,Not Available,Not Available,Not Available,10684.76,0.2133965,Not Available,3.2,Not Available,Not Available,Not Available,Not Available,Not Available,Not Available,Not Available,Not Available,Not Available,Not Available,Not Available,Not Available,Not Available,0,Not Available,Not Available,Not Available,Not Available,Not Available,Not Available,Not Available,Not Available,Not Available,1
2562986,317 EAST 34TH STREET,Not Available,78.0,NEW YORK,Not Available,Not Available,Not Available,Not Available,-44.1,Not Available,Not Available,Not Available,Not Available,Not Available,Not Available,Not Available,Not Available,81.36108496,Not Available,Not Available,Not Available,Not Available,Not Available,Not Available,Not Available,0,0,Not Available,Not Available,Not Available,No,90,Not Available,Not Available,Not Available,Not Available,Not Available,0,1853.2,Not Available,Not Available,Not Available,Not Available,Not Available,Not Available,Not Available,Not Available,Not Available,Not Available,Not Available,Not Available,Not Available,1
263886900.00%,595 West End Ave,Not Available,175.0,New York,Not Available,Not Available,53190,Not Available,Not Available,Not Available,Not Available,Not Available,Not Available,Not Available,Not Available,Not Available,Not Available,81.36108496,No,Not Available,Not Available,5,Not Available,Not Available,Not Available,0,0,Not Available,103.1,No,Not Available,Not Available,Not Available,Unique Building Identifier,Not Available,Not Available,Not Available,Not Available,Not Available,Not Available,Not Available,Not Available,100,1087679,Not Available,Not Available,Not Available,Not Available,Not Available,Not Available,Not Available,Not Available,1
2558974,2400 Webb Avenue,Not Available,263.0,Bronx,Not Available,Not Available,79000,Not Available,Not Available,Not Available,Not Available,Not Available,Not Available,Not Available,Not Available,Not Available,This property does not have at least one meter for the type of energy or water used in this metric calculation.,81.36108496,No,Not Available,Not Available,4,Not Available,Not Available,Not Available,0,0,Not Available,80.1,Not Available,Not Available,Not Available,Not Available,Not Available,Not Available,Not Available,Not Available,Not Available,Not Available,Not Available,Not Available,Not Available,90,Not Available,Not Available,Not Available,Not Available,Not Available,Not Available,Not Available,Not Available,Not Available,1
173016700.00%,250 West 57th Street,Not Available,137.0,New York,Not Available,Not Available,Not Available,Not Available,-40.7,Not Available,Not Available,Not Available,Not Available,Not Available,Not Available,Not Available,The meter <b>Total Usage</b> does not have 12 full months of bills for the selected timeframe. Please enter bills for the full 12 months.,81.36108496,Not Available,Not Available,Not Available,Not Available,Not Available,Not Available,Not Available,0,0,Not Available,65.5,Not Available,Not Available,Not Available,Not Available,Unique Building Identifier,Not Available,Not Available,Not Available,Not Available,5325.2,Not Available,1500,Not Available,Not Available,1024899,Not Available,Not Available,0,Not Available,Not Available,Not Available,Not Available,Not Available,1
2506974,795 Garden Street,Not Available,393.0,Bronx,Not Available,Not Available,87642,Not Available,Not Available,Not Available,Not Available,Not Available,Not Available,Not Available,Not Available,Not Available,The meter <b>Master Water 1</b> does not have 12 full months of bills for the selected timeframe. Please enter bills for the full 12 months.,81.36108496,No,Not Available,Not Available,0,Not Available,Not Available,Not Available,0,0,Not Available,87,No,Not Available,Not Available,Not Available,Not Available,Not Available,Not Available,Not Available,Not Available,Not Available,Not Available,Not Available,Not Available,0,Not Available,Not Available,Not Available,Not Available,Not Available,Not Available,Not Available,Not Available,Not Available,1
2614204,502 PARK AVE,Not Available,11401.0,New York,Not Available,Not Available,307398,Not Available,Not Available,Not Available,Not Available,Not Available,Not Available,Not Available,Not Available,Not Available,The meter <b>80001-30039-001</b> does not have 12 full months of bills for the selected timeframe. Please enter bills for the full 12 months.,81.36108496,No,Not Available,Not Available,10,Not Available,Not Available,Not Available,639468.63,2.0802633,Not Available,97.3,Not Available,Not Available,Not Available,Not Available,Unique Building Identifier,Not Available,Not Available,Not Available,Not Available,Not Available,Not Available,Not Available,Not Available,100,1040756,Not Available,Not Available,Not Available,Not Available,Not Available,Not Available,Not Available,Not Available,1
2637904,160 W 87 Street,Not Available,173.0,New York,Not Available,Not Available,59408,Not Available,Not Available,Not Available,Not Available,Not Available,Not Available,Not Available,Not Available,Not Available,Not Available,81.36108496,No,Not Available,Not Available,12,Not Available,Not Available,Not Available,0,0,Not Available,80.1,Not Available,No,Not Available,Not Available,Unique Building Identifier,Not Available,Not Available,Not Available,Not Available,Not Available,Not Available,Not Available,Not Available,100,1032216,Not Available,Not Available,Not Available,Not Available,Not Available,Not Available,Not Available,Not Available,1
2498353,383 Madison,Not Available,,New York,Not Available,Not Available,Not Available,Not Available,3.1,Not Available,Not Available,Not Available,Not Available,Not Available,3135686.1,Not Available,Not Available,81.36108496,Not Available,Not Available,Not Available,Not Available,Not Available,Greater than 2N,Not Available,8484489.77,6.214910748,Not Available,140.8,Not Available,No,Not Available,Not Available,BIN (Building Identification Number),Not Available,Not Available,Not Available,Not Available,15520.6,Not Available,5937,Not Available,Not Available,1035404,Not Available,Not Available,0,Not Available,Not Available,Not Available,Not Available,Not Available,1
2587389,570 Riverside Drive,Not Available,22302.0,New York,Not Available,Not Available,Not Available,86453,67.2,2341-2347 12th Ave,Not Available,Not Available,Not Available,Not Available,Not Available,Not Available,This property does not have at least one meter for the type of energy or water used in this metric calculation.,81.36108496,Not Available,Not Available,Not Available,Not Available,Not Available,Not Available,Not Available,118296.97,1.3683385,Not Available,36.9,Not Available,Not Available,Not Available,Not Available,Not Available,Not Available,Not Available,Not Available,Not Available,131,Not Available,Not Available,Not Available,Not Available,Not Available,Not Available,Not Available,Not Available,Not Available,Not Available,Not Available,Not Available,Not Available,1
2008836,70 Little West Street,Not Available,31704.0,New York,Not Available,Not Available,408516,Not Available,Not Available,Not Available,Not Available,Not Available,Not Available,Not Available,Not Available,Not Available,The meter <b>Fire Water & Sewer Meter # V52243932</b> does not have 12 full months of bills for the selected timeframe. Please enter bills for the full 12 months.,81.36108496,No,Not Available,Not Available,5,Not Available,Not Available,Not Available,Not Available,Not Available,Not Available,Not Available,Not Available,Not Available,Not Available,Not Available,Unique Building Identifier,Not Available,Not Available,Not Available,Not Available,Not Available,Not Available,Not Available,Not Available,90,1087842,Not Available,Not Available,Not Available,Not Available,Not Available,Not Available,Not Available,Not Available,1
1460459,909 Third Avenue,Not Available,108.0,New York,Not Available,Not Available,Not Available,Not Available,-27.1,,Not Available,Not Available,Not Available,Not Available,1202037.3,Not Available,Not Available,81.36108496,Not Available,Not Available,Not Available,Not Available,Not Available,N+1,Not Available,2034226.41,2.569661,Not Available,97.2,Not Available,Not Available,Not Available,Not Available,Unique Building Identifier,Not Available,Not Available,Not Available,Not Available,9030,Not Available,1817,Not Available,Not Available,1038570,Not Available,Not Available,Not Available,Not Available,Not Available,Not Available,Not Available,Not Available,1
1802367,250 Hudson Street,Not Available,37.0,New York,Not Available,Not Available,Not Available,Not Available,-28.2,Not Available,Not Available,Not Available,Not Available,Not Available,Not Available,Not Available,The meter <b>DEP Water Account 60001-10404-001</b> does not have 12 full months of bills for the selected timeframe. Please enter bills for the full 12 months.,81.36108496,Not Available,Not Available,Not Available,Not Available,Not Available,Not Available,Not Available,0,0,Not Available,92.2,Not Available,No,Not Available,Not Available,Unique Building Identifier,Not Available,Not Available,Not Available,Not Available,3064.6,Not Available,1572,Not Available,Not Available,1009723;1804012,Not Available,Not Available,0,Not Available,Not Available,Not Available,Not Available,Not Available,1
2610789,270-10 Grand Central Parkway,4099,155101.0,Floral Park,2,Not Available,2400000,Not Available,Not Available,269-271-10 Grand Central Parkway,Not Available,Not Available,Not Available,Not Available,Not Available,Not Available,The meter <b>Cooling Tower Water</b> does not have 12 full months of bills for the selected timeframe. Please enter bills for the full 12 months.,81.36108496,No,Not Available,Not Available,7,Not Available,Not Available,Not Available,Not Available,Not Available,3362,Not Available,Not Available,No,100,Not Available,Unique Building Identifier,Not Available,Not Available,Not Available,Not Available,Not Available,Not Available,23,Not Available,90,"4456886,4456885,4453535,4456888",Not Available,Not Available,0,Not Available,Not Available,Not Available,Not Available,Not Available,1
2306542,540 Madison Avenue,Not Available,102.0,New York,Not Available,Not Available,Not Available,Not Available,-13.5,,Not Available,Not Available,Not Available,Not Available,Not Available,Not Available,The meter <b>H49702338 Act: 90008-58357-001</b> does not have 12 full months of bills for the selected timeframe. Please enter bills for the full 12 months.,81.36108496,Not Available,Not Available,Not Available,Not Available,Not Available,Not Available,Not Available,81447.48,0.27930273,12214,90.7,Not Available,Not Available,Not Available,Not Available,Unique Building Identifier,Not Available,Not Available,Not Available,Not Available,2558.6,Not Available,602.92,Not Available,Not Available,1035759,Not Available,Not Available,Not Available,Not Available,Not Available,Not Available,Not Available,Not Available,1
2630795,160 Parkside Avenue,Not Available,50804.0,Brooklyn,Not Available,Not Available,148400,Not Available,Not Available,Not Available,Not Available,Not Available,Not Available,Not Available,Not Available,Not Available,This property does not have at least one meter for the type of energy or water used in this metric calculation.,81.36108496,No,Not Available,Not Available,Not Available,Not Available,Not Available,Not Available,Not Available,Not Available,Not Available,Not Available,Not Available,Not Available,Not Available,Not Available,Unique Building Identifier,Not Available,Not Available,Not Available,Not Available,Not Available,Not Available,Not Available,Not Available,100,3115913,Not Available,Not Available,Not Available,Not Available,Not Available,Not Available,Not Available,Not Available,1
1261446,165 Broadway,Not Available,13.0,New York,Not Available,Not Available,Not Available,Not Available,-28.9,Not Available,Not Available,Not Available,Not Available,Not Available,12308271.9,Not Available,Not Available,81.36108496,Not Available,Not Available,Not Available,Not Available,Not Available,"N+1, N+1, N+1, N+1, N+1, N",Not Available,9533048.62,4.063198736,Not Available,123.3,Not Available,Not Available,Not Available,Not Available,Unique Building Identifier,Not Available,Not Available,Not Available,Not Available,34197.7,Not Available,12000,Not Available,Not Available,1001068,Not Available,Not Available,0,Not Available,Not Available,Not Available,Not Available,Not Available,1
2611227,300 East 40th Street,Not Available,88.0,New York,Not Available,Not Available,607110,Not Available,Not Available,Not Available,Not Available,Not Available,Not Available,Not Available,Not Available,Not Available,One or more of the meters in use in the selected timeframe has estimated bills. Enter actual bills through the Meters tab for this property.,81.36108496,No,Not Available,Not Available,58,Not Available,Not Available,Not Available,0,0,Not Available,112.7,Not Available,Not Available,100,Not Available,Unique Building Identifier,Not Available,Not Available,Not Available,0,Not Available,Not Available,Not Available,Not Available,100,1022051,Not Available,Not Available,0,Not Available,Not Available,Not Available,Not Available,Not Available,1
1230813,415 E 68 St,Not Available,116.0,New York,Not Available,Not Available,Not Available,Not Available,770.7,Not Available,Not Available,Not Available,Not Available,Not Available,Not Available,Not Available,The meter <b>ZRC ( Acct #: 6000988549001)</b> does not have 12 full months of bills for the selected timeframe. Please enter bills for the full 12 months.,81.36108496,Not Available,Not Available,Not Available,Not Available,Not Available,Not Available,Not Available,10044244.1,13.501507,Not Available,489.8,Not Available,Not Available,Not Available,Not Available,Bin,Not Available,Not Available,Not Available,Not Available,3672.9,Not Available,Not Available,Not Available,Not Available,1087313; 1045575,Not Available,Not Available,Not Available,Not Available,Not Available,Not Available,Not Available,Not Available,1
2612674,800 Ave H,Not Available,456.0,Brooklyn,Not Available,Not Available,77400,Not Available,Not Available,Not Available,Not Available,Not Available,Not Available,Not Available,Not Available,Not Available,Not Available,81.36108496,No,Not Available,Not Available,5,Not Available,Not Available,Not Available,18135.51,0.2343089,Not Available,84.3,Not Available,Not Available,Not Available,Not Available,Unique Building Identifier,Not Available,Not Available,Not Available,Not Available,Not Available,Not Available,Not Available,Not Available,100,3170520,Not Available,Not Available,Not Available,Not Available,Not Available,Not Available,Not Available,Not Available,1
2.38e+06,200 East 84th Street,Not Available,138.0,New York,Not Available,Not Available,132469,Not Available,Not Available,Not Available,Not Available,Not Available,Not Available,Not Available,Not Available,Not Available,The meter <b>Water Meter</b> does not have 12 full months of bills for the selected timeframe. Please enter bills for the full 12 months.,81.36108496,No,Not Available,Not Available,20,Not Available,Not Available,Not Available,97237.19,0.70733908,Not Available,81.1,Not Available,No,Not Available,Not Available,Unique Building Identifier,Not Available,Not Available,Not Available,Not Available,Not Available,Not Available,Not Available,Not Available,90,1048721,Not Available,Not Available,0,Not Available,Not Available,Not Available,Not Available,Not Available,1
2561172,2955 W 29th Street,Not Available,342.0,Brooklyn,Not Available,Not Available,149955,Not Available,Not Available,Not Available,Not Available,Not Available,Not Available,Not Available,Not Available,Not Available,This property does not have at least one meter for the type of energy or water used in this metric calculation.,81.36108496,100% Yes,Not Available,Not Available,17,Not Available,Not Available,Not Available,0,0,Not Available,91.8,Not Available,Not Available,Not Available,Not Available,Unique Building Identifier,Not Available,Not Available,Not Available,Not Available,Not Available,Not Available,Not Available,Not Available,50,3322028,Not Available,Not Available,Not Available,Not Available,Not Available,Not Available,Not Available,Not Available,1
2564710,1049 Fifth Avenue,Not Available,15001.0,New York,Not Available,Not Available,157307,Not Available,Not Available,Not Available,Not Available,Not Available,Not Available,Not Available,Not Available,Not Available,The meter <b>Water Meter</b> does not have 12 full months of bills for the selected timeframe. Please enter bills for the full 12 months.,81.36108496,No,Not Available,Not Available,0,Not Available,Not Available,Not Available,341369.41,2.035510335,Not Available,128,Not Available,Not Available,100,Not Available,Unique Building Identifier,Not Available,Not Available,Not Available,Not Available,Not Available,Not Available,Not Available,Not Available,90,1046842,Not Available,Not Available,Not Available,Not Available,Not Available,Not Available,Not Available,Not Available,1
2612621,271-11 76th Ave,Not Available,155102.0,New Hyde Park,Not Available,Not Available,Not Available,Not Available,-0.7,Not Available,Not Available,Not Available,381993,Not Available,Not Available,Not Available,Not Available,179.9748629,Not Available,Not Available,Not Available,Not Available,Not Available,Not Available,Not Available,0,0,Not Available,Not Available,Not Available,No,Not Available,Not Available,Unique Building Identifier,Not Available,Not Available,Not Available,Not Available,4641.4,Not Available,Not Available,Not Available,Not Available,4-08520-0175,Not Available,Not Available,Not Available,Not Available,Not Available,Not Available,Not Available,Not Available,1
2505168,645 Madison Ave,2100,11401.0,New York,Not Available,Not Available,Not Available,Not Available,85.2,Not Available,Not Available,Not Available,Not Available,Not Available,Not Available,Not Available,Not Available,81.36108496,Not Available,Not Available,Not Available,Not Available,Not Available,Not Available,Not Available,0,0,Not Available,127.4,Not Available,Not Available,Not Available,Not Available,Unique Building Identifier,Not Available,Not Available,Not Available,0,1237,Not Available,507,Not Available,Not Available,1040762,Not Available,Not Available,0,Not Available,Not Available,Not Available,Not Available,Not Available,1
2612577,178-10 WEXFORD TERR ENTM,Not Available,466.0,Queens,Not Available,Not Available,144350,Not Available,Not Available,Not Available,Not Available,Not Available,Not Available,Not Available,Not Available,Not Available,The meter <b>80005-12696-001</b> does not have 12 full months of bills for the selected timeframe. Please enter bills for the full 12 months.,81.36108496,No,Not Available,Not Available,Not Available,Not Available,Not Available,Not Available,0,0,Not Available,81.4,Not Available,Not Available,Not Available,Not Available,Unique Building Identifier,Not Available,Not Available,Not Available,Not Available,Not Available,Not Available,Not Available,Not Available,100,4212912,Not Available,Not Available,Not Available,Not Available,Not Available,Not Available,Not Available,Not Available,1
2429835,214 East 23rd Street,Not Available,64.0,New York,Not Available,Not Available,Not Available,Not Available,Not Available,Not Available,59000,Not Available,Not Available,Not Available,Not Available,Not Available,This property does not have at least one meter for the type of energy or water used in this metric calculation.,81.36108496,Not Available,Not Available,Not Available,Not Available,Not Available,Not Available,Not Available,Not Available,Not Available,Not Available,Not Available,No,Not Available,Not Available,Not Available,Unique Building Identifier,Not Available,Not Available,Not Available,Not Available,Not Available,Not Available,Not Available,Not Available,Not Available,1019626,Not Available,Not Available,Not Available,Not Available,Not Available,Not Available,Not Available,Not Available,1
2598352,327 Central Park West,Not Available,177.0,New York,Not Available,Not Available,97972,Not Available,Not Available,Not Available,Not Available,Not Available,Not Available,Not Available,Not Available,Not Available,Not Available,81.36108496,Not Available,Not Available,Not Available,10,Not Available,Not Available,Not Available,187657.99,1.822417507,Not Available,100.9,Not Available,No,100,Not Available,Not Available,Not Available,Not Available,Not Available,Not Available,Not Available,Not Available,Not Available,Not Available,100,Not Available,Not Available,Not Available,Not Available,Not Available,Not Available,Not Available,Not Available,Not Available,1
1443197,250 Greenwich St.,Not Available,21.0,New York,Not Available,Not Available,Not Available,Not Available,-20.9,Not Available,Not Available,Not Available,Not Available,Not Available,Not Available,Not Available,<b>Domestic (#0586+#2528)</b> has bills with dates that overlap in the selected timeframe. Please resolve overlaps for this meter.,81.36108496,Not Available,Not Available,Not Available,Not Available,Not Available,Not Available,Not Available,0,0,Not Available,89.1,Not Available,Not Available,Not Available,Not Available,Unique Building Identifier,Not Available,Not Available,Not Available,Not Available,16281,Not Available,7613.83,Not Available,Not Available,1086510,Not Available,Not Available,Not Available,Not Available,Not Available,Not Available,Not Available,Not Available,1
2612486,950 Third Avenue,Not Available,11203.0,New York,Not Available,Not Available,Not Available,Not Available,-19.2,Not Available,Not Available,Not Available,Not Available,Not Available,Not Available,Not Available,Not Available,81.36108496,Not Available,Not Available,Not Available,Not Available,Not Available,Not Available,Not Available,1657095.12,5.0215,Not Available,123.8,Not Available,Not Available,Not Available,Not Available,Not Available,Not Available,Not Available,Not Available,Not Available,4400.1,Not Available,1100,Not Available,Not Available,Not Available,Not Available,Not Available,0,Not Available,Not Available,Not Available,Not Available,Not Available,1
1946606,540 Park Avenue,Not Available,11401.0,New York,Not Available,Not Available,Not Available,Not Available,-55.7,Not Available,Not Available,Not Available,Not Available,Not Available,Not Available,1.10312,Not Available,81.36108496,Not Available,Not Available,Not Available,Not Available,Not Available,Not Available,1951,540643.94,1.6895124,Not Available,56.7,No,Not Available,Not Available,Not Available,Unique Building Identifier,Not Available,Not Available,Not Available,112774.7335,2584.1,0.68125,Not Available,Not Available,Not Available,1946606,Not Available,Not Available,Not Available,Not Available,Not Available,100,Not Available,Not Available,1
2610367,100 East 21rst Street,Not Available,,Brooklyn,Not Available,Not Available,99035,Not Available,Not Available,Not Available,Not Available,Not Available,Not Available,Not Available,Not Available,Not Available,The meter <b>V84005592</b> does not have 12 full months of bills for the selected timeframe. Please enter bills for the full 12 months.,81.36108496,No,Not Available,Not Available,0,Not Available,Not Available,Not Available,21670.85,0.2188201,Not Available,84.1,Not Available,Not Available,Not Available,Not Available,Unique Building Identifier,Not Available,Not Available,Not Available,Not Available,Not Available,Not Available,Not Available,Not Available,0,3116551,Not Available,Not Available,Not Available,Not Available,Not Available,Not Available,Not Available,Not Available,1
2609630,1840 Grand Concourse,Not Available,23302.0,Bronx,Not Available,Not Available,58000,Not Available,Not Available,Not Available,Not Available,Not Available,Not Available,Not Available,Not Available,Not Available,Not Available,81.36108496,Not Available,Not Available,Not Available,Not Available,Not Available,Not Available,Not Available,0,0,Not Available,119.9,Not Available,Not Available,Not Available,Not Available,Building Block and Lot,Not Available,Not Available,Not Available,Not Available,Not Available,Not Available,Not Available,Not Available,100,2028010001,Not Available,Not Available,Not Available,Not Available,Not Available,Not Available,Not Available,Not Available,1
2550135,2980 Valentine Ave,Not Available,413.0,Bronx,Not Available,Not Available,111270,Not Available,Not Available,Not Available,Not Available,Not Available,Not Available,Not Available,Not Available,Not Available,The meter <b>Water</b> does not have 12 full months of bills for the selected timeframe. Please enter bills for the full 12 months.,81.36108496,No,Not Available,Not Available,3,Not Available,Not Available,Not Available,10621.46,0.09545667,Not Available,1.7,Not Available,Not Available,Not Available,Not Available,Not Available,Not Available,Not Available,Not Available,Not Available,Not Available,Not Available,Not Available,Not Available,0,Not Available,Not Available,Not Available,Not Available,Not Available,Not Available,Not Available,Not Available,Not Available,1
2383312,444 East 75th Street,Not Available,132.0,New York,Not Available,Not Available,142521,Not Available,Not Available,Not Available,Not Available,Not Available,Not Available,Not Available,Not Available,Not Available,Not Available,81.36108496,No,Not Available,Not Available,16,Not Available,Not Available,Not Available,198454.55,1.37795544,Not Available,95.4,Not Available,Not Available,Not Available,Not Available,Unique Building Identifier,Not Available,Not Available,Not Available,Not Available,Not Available,Not Available,Not Available,Not Available,100,1045901,Not Available,Not Available,0,Not Available,Not Available,Not Available,Not Available,Not Available,1
2637474,341-349 W 50 Street,Not Available,133.0,New York,Not Available,Not Available,150001,Not Available,Not Available,Not Available,Not Available,Not Available,Not Available,Not Available,Not Available,Not Available,This property does not have at least one meter for the type of energy or water used in this metric calculation.,81.36108496,100% Yes,Not Available,Not Available,13,Not Available,Not Available,Not Available,243543.43,1.623612,Not Available,97.4,No,Not Available,Not Available,Not Available,Unique Building Identifier,Not Available,Not Available,Not Available,Not Available,Not Available,Not Available,Not Available,Not Available,70,1082646,Not Available,Not Available,Not Available,Not Available,Not Available,Not Available,Not Available,Not Available,1
2559044,20-41 thru 20-45 Seagirt Blvd,Not Available,,Far Rockaway,Not Available,Not Available,107528,Not Available,Not Available,Not Available,Not Available,Not Available,Not Available,Not Available,Not Available,Not Available,This property does not have at least one meter for the type of energy or water used in this metric calculation.,81.36108496,No,Not Available,Not Available,6,Not Available,Not Available,Not Available,0,0,Not Available,63.6,Not Available,Not Available,Not Available,Not Available,Not Available,Not Available,Not Available,Not Available,Not Available,Not Available,Not Available,Not Available,Not Available,90,Not Available,Not Available,Not Available,Not Available,Not Available,Not Available,Not Available,Not Available,Not Available,1
2638690,439 E Fordham Rd,Not Available,397.0,Bronx,Not Available,Not Available,Not Available,Not Available,0.6,Not Available,Not Available,Not Available,Not Available,Not Available,Not Available,Not Available,This property does not have at least one meter for the type of energy or water used in this metric calculation.,81.36108496,Not Available,Not Available,Not Available,Not Available,Not Available,Not Available,Not Available,818300.66,3.3400027,Not Available,124.6,Not Available,Not Available,Not Available,Not Available,Not Available,Not Available,Not Available,Not Available,Not Available,1957.9,Not Available,Not Available,Not Available,Not Available,Not Available,Not Available,Not Available,Not Available,Not Available,Not Available,Not Available,245000,Not Available,1
2560562,666 GREENWICH STREET,Not Available,69.0,NEW YORK,Not Available,Not Available,568757,Not Available,Not Available,Not Available,Not Available,Not Available,Not Available,Not Available,Not Available,Not Available,Not Available,81.36108496,Not Available,Not Available,Not Available,76,Not Available,Not Available,Not Available,0,0,Not Available,Not Available,Not Available,No,Not Available,Not Available,Not Available,Not Available,Not Available,Not Available,0,Not Available,Not Available,142,Not Available,70,Not Available,Not Available,Not Available,Not Available,Not Available,Not Available,Not Available,Not Available,Not Available,1
2614201,610 Park Avenue,Not Available,122.0,New York,Not Available,Not Available,219059,Not Available,Not Available,Not Available,Not Available,Not Available,Not Available,Not Available,Not Available,Not Available,The meter <b>60008-56668-001</b> does not have 12 full months of bills for the selected timeframe. Please enter bills for the full 12 months.,81.36108496,No,Not Available,Not Available,4,Not Available,Not Available,Not Available,574839.84,2.624132,Not Available,75.8,Not Available,Not Available,Not Available,Not Available,Unique Building Identifier,Not Available,Not Available,Not Available,Not Available,Not Available,Not Available,Not Available,Not Available,100,1041086,Not Available,Not Available,Not Available,Not Available,Not Available,Not Available,Not Available,Not Available,1
2595885,3130 Grand Concourse,Not Available,413.0,Bronx,Not Available,Not Available,150135,Not Available,Not Available,Not Available,Not Available,Not Available,Not Available,Not Available,Not Available,Not Available,The meter <b>Water</b> does not have 12 full months of bills for the selected timeframe. Please enter bills for the full 12 months.,81.36108496,Not Available,Not Available,Not Available,Not Available,Not Available,Not Available,Not Available,0,0,Not Available,Not Available,No,Not Available,Not Available,Not Available,Unique Building Identifier,Not Available,Not Available,Not Available,Not Available,Not Available,Not Available,Not Available,Not Available,100,2017347,Not Available,Not Available,Not Available,Not Available,Not Available,Not Available,Not Available,Not Available,0
1789746,160 E 34th Street,Not Available,72.0,New York,Not Available,Not Available,Not Available,Not Available,13.8,Not Available,Not Available,Not Available,Not Available,Not Available,Not Available,Not Available,The meter <b>156-164 E 34TH STREET</b> does not have 12 full months of bills for the selected timeframe. Please enter bills for the full 12 months.,81.36108496,Not Available,Not Available,Not Available,Not Available,Not Available,Not Available,Not Available,0,0,Not Available,173,Not Available,Not Available,100,Not Available,Unique Building Identifier,Not Available,Not Available,Not Available,Not Available,1411.5,Not Available,Not Available,Not Available,Not Available,1018503,Not Available,Not Available,Not Available,Not Available,Not Available,Not Available,Not Available,Not Available,1
2593250,310 West Broadway,Not Available,47.0,New York,Not Available,Not Available,Not Available,Not Available,22.8,Not Available,Not Available,Not Available,Not Available,Not Available,Not Available,1.88345,Not Available,81.36108496,Not Available,Not Available,Not Available,Not Available,Not Available,Not Available,2200,304185.28,1.601093,Not Available,121.1,Not Available,Not Available,Not Available,Not Available,Unique Building Identifier,Not Available,Not Available,Not Available,Not Available,1585.9,0.17122,Not Available,Not Available,Not Available,1087764,Not Available,Not Available,Not Available,Not Available,Not Available,100,Not Available,Not Available,1
2638784,316 W 84 Street,Not Available,171.0,New York,Not Available,Not Available,51450,Not Available,Not Available,Not Available,Not Available,Not Available,Not Available,Not Available,Not Available,Not Available,The meter <b>50001-27194-001</b> does not have 12 full months of bills for the selected timeframe. Please enter bills for the full 12 months.,81.36108496,No,Not Available,Not Available,5,Not Available,Not Available,Not Available,0,0,Not Available,92.2,Not Available,No,Not Available,Not Available,Unique Building Identifier,Not Available,Not Available,Not Available,Not Available,Not Available,Not Available,Not Available,Not Available,100,1033824,Not Available,Not Available,Not Available,Not Available,Not Available,Not Available,Not Available,Not Available,1
1407339,666 Third Avenue,Not Available,92.0,New York,6,Not Available,Not Available,Not Available,-19.6,Not Available,Not Available,Not Available,Not Available,Not Available,Not Available,Not Available,This property does not have at least one meter for the type of energy or water used in this metric calculation.,81.36108496,Not Available,Not Available,Not Available,Not Available,Not Available,Not Available,Not Available,0,0,4686,86.3,Not Available,Not Available,Not Available,Not Available,Unique Building Identifier,Not Available,Not Available,Not Available,Not Available,6892.4,Not Available,1748.64,Not Available,Not Available,1036161,Not Available,Not Available,0,Not Available,Not Available,Not Available,Not Available,Not Available,1
2606288,980 Madison Avenue,Not Available,130.0,New York,Not Available,Not Available,Not Available,Not Available,-18.1,Not Available,Not Available,Not Available,Not Available,Not Available,Not Available,Not Available,The meter <b>7000130823001</b> does not have 12 full months of bills for the selected timeframe. Please enter bills for the full 12 months.,81.36108496,Not Available,Not Available,Not Available,Not Available,Not Available,Not Available,Not Available,615055.15,5.0630158,Not Available,90.3,Not Available,Not Available,Not Available,Not Available,Unique Building Identifier,Not Available,Not Available,Not Available,Not Available,1129.3,Not Available,Not Available,Not Available,Not Available,1041796,Not Available,Not Available,0,Not Available,Not Available,Not Available,Not Available,Not Available,1
2604396,255 West 23rd Street,Not Available,91.0,New  York,9,Not Available,69545,Not Available,Not Available,Not Available,Not Available,Not Available,Not Available,Not Available,Not Available,Not Available,Not Available,81.36108496,No,Not Available,Not Available,16,Not Available,Not Available,Not Available,139628.71,1.77261251,Not Available,102.9,Not Available,Not Available,Not Available,Not Available,Not Available,Not Available,Not Available,Not Available,Not Available,Not Available,Not Available,Not Available,Not Available,90,Not Available,Not Available,Not Available,Not Available,Not Available,Not Available,Not Available,Not Available,Not Available,1
2630982,42 ARLO RD EDF,Not Available,39.0,Staten Island,Not Available,Not Available,22033,Not Available,Not Available,Not Available,Not Available,Not Available,Not Available,Not Available,Not Available,Not Available,The meter <b>Allocated Water</b> does not have 12 full months of bills for the selected timeframe. Please enter bills for the full 12 months.,81.36108496,No,Not Available,Not Available,Not Available,Not Available,Not Available,Not Available,0,0,Not Available,119.2,Not Available,Not Available,Not Available,Not Available,Unique Building Identifier,Not Available,Not Available,Not Available,Not Available,Not Available,Not Available,Not Available,Not Available,100,5117073,Not Available,Not Available,Not Available,Not Available,Not Available,Not Available,Not Available,Not Available,1
2617678,114 Albemarle Road,Not Available,496.0,Brooklyn,Not Available,Not Available,62934,Not Available,Not Available,Not Available,Not Available,Not Available,Not Available,Not Available,Not Available,Not Available,This property does not have at least one meter for the type of energy or water used in this metric calculation.,81.36108496,No,Not Available,Not Available,Not Available,Not Available,Not Available,Not Available,Not Available,Not Available,Not Available,Not Available,Not Available,No,Not Available,Not Available,Unique Building Identifier,Not Available,Not Available,Not Available,Not Available,Not Available,Not Available,Not Available,Not Available,100,3124505,Not Available,Not Available,Not Available,Not Available,Not Available,Not Available,Not Available,Not Available,1
1547924,519 GATEWAY DR,Not Available,1070.0,BROOKLYN,Not Available,Not Available,Not Available,Not Available,-34.6,Not Available,Not Available,Not Available,Not Available,Not Available,Not Available,Not Available,One or more meters has less than 12 full calendar months of bills.,81.36108496,Not Available,Not Available,Not Available,Not Available,Not Available,Not Available,Not Available,441873.41,2.9668079,Not Available,99.8,Not Available,Not Available,Not Available,Not Available,Unique Building Identifier,Not Available,Not Available,Not Available,Not Available,1562.1,Not Available,Not Available,Not Available,Not Available,T1401,Not Available,Not Available,0.047,Not Available,Not Available,Not Available,Not Available,Not Available,1
2604537,250 West 24th Street,Not Available,91.0,New York,Not Available,Not Available,74545,Not Available,Not Available,Not Available,Not Available,Not Available,Not Available,Not Available,Not Available,Not Available,This property does not have at least one meter for the type of energy or water used in this metric calculation.,81.36108496,Not Available,Not Available,Not Available,12,Not Available,Not Available,Not Available,176249.07,2.364331,Not Available,126.5,Not Available,No,Not Available,Not Available,Not Available,Not Available,Not Available,Not Available,Not Available,Not Available,Not Available,Not Available,Not Available,90,Not Available,Not Available,Not Available,Not Available,Not Available,Not Available,Not Available,Not Available,Not Available,1
1329076,599 Lexington,Not Available,,New York,Not Available,Not Available,Not Available,Not Available,-20.6,Not Available,Not Available,Not Available,Not Available,Not Available,541672.7,Not Available,Not Available,81.36108496,Not Available,Not Available,Not Available,Not Available,Not Available,Not Available,Not Available,3942357.12,3.78237,1500,75.5,Not Available,Not Available,Not Available,Not Available,Unique Building Identifier,Not Available,Not Available,Not Available,Not Available,8064.8,Not Available,3420.38,Not Available,Not Available,1036467,Not Available,Not Available,0.47996,Not Available,Not Available,Not Available,Not Available,Not Available,1
2564681,21 East 96th Street,Not Available,16002.0,New York,Not Available,Not Available,35062,Not Available,Not Available,Not Available,Not Available,Not Available,Not Available,Not Available,Not Available,Not Available,The meter <b>Water Meter</b> does not have 12 full months of bills for the selected timeframe. Please enter bills for the full 12 months.,81.36108496,No,Not Available,Not Available,0,Not Available,Not Available,Not Available,42760.53,1.163394,Not Available,140,Not Available,Not Available,Not Available,Not Available,Unique Building Identifier,Not Available,Not Available,Not Available,Not Available,Not Available,Not Available,Not Available,Not Available,100,1051442,Not Available,Not Available,Not Available,Not Available,Not Available,Not Available,Not Available,Not Available,1
2346044,10 Pine St.,Not Available,7.0,New York,Not Available,Not Available,Not Available,Not Available,Not Available,Not Available,Not Available,Not Available,Not Available,Not Available,Not Available,Not Available,The meter <b>Water 2</b> does not have 12 full months of bills for the selected timeframe. Please enter bills for the full 12 months.,81.36108496,Not Available,Not Available,Not Available,Not Available,Not Available,Not Available,Not Available,Not Available,Not Available,Not Available,Not Available,Not Available,No,Not Available,Not Available,Not Available,Not Available,Not Available,Not Available,Not Available,Not Available,Not Available,975,Not Available,Not Available,Not Available,Not Available,Not Available,Not Available,Not Available,Not Available,Not Available,Not Available,Not Available,1
2637424,561 Seventh Ave,Not Available,113.0,New York,Not Available,Not Available,Not Available,Not Available,5.9,Not Available,Not Available,Not Available,Not Available,Not Available,Not Available,Not Available,The meter <b>master water meter  M# K14834208</b> does not have 12 full months of bills for the selected timeframe. Please enter bills for the full 12 months.,81.36108496,Not Available,Not Available,Not Available,Not Available,Not Available,Not Available,Not Available,0,0,Not Available,Not Available,No,Not Available,Not Available,Not Available,BIN,Not Available,Not Available,Not Available,Not Available,458,Not Available,131,Not Available,Not Available,1022558,Not Available,Not Available,0,Not Available,Not Available,Not Available,Not Available,Not Available,1
1758568,55 E 59th Street,Not Available,11401.0,New York,Not Available,Not Available,Not Available,Not Available,-23.9,Not Available,Not Available,Not Available,Not Available,Not Available,Not Available,Not Available,Not Available,81.36108496,Not Available,Not Available,Not Available,Not Available,Not Available,Not Available,Not Available,92356.93,0.312248705,Not Available,75.8,Not Available,Not Available,Not Available,Not Available,Unique Building Identifier,Not Available,Not Available,Not Available,Not Available,2377.5,Not Available,709,Not Available,Not Available,P2#10167,Not Available,Not Available,0,Not Available,Not Available,Not Available,Not Available,Not Available,1
2591141,301 East 69th Street,Not Available,126.0,New York,Not Available,Not Available,218267,Not Available,Not Available,Not Available,Not Available,Not Available,Not Available,Not Available,Not Available,Not Available,This property does not have at least one meter for the type of energy or water used in this metric calculation.,81.36108496,Not Available,Not Available,Not Available,48,Not Available,Not Available,Not Available,355322.95,1.56146788,Not Available,96.7,Not Available,Not Available,Not Available,Not Available,Not Available,Not Available,Not Available,Not Available,Not Available,Not Available,Not Available,Not Available,Not Available,100,Not Available,Not Available,Not Available,Not Available,Not Available,Not Available,Not Available,Not Available,Not Available,1
2.64e+06,230 West 38th Street,Not Available,109.0,New York,Not Available,Not Available,Not Available,Not Available,-72.1,Not Available,Not Available,Not Available,Not Available,Not Available,Not Available,Not Available,Not Available,81.36108496,Not Available,Not Available,Not Available,Not Available,Not Available,Not Available,Not Available,0,0,Not Available,37.6,No,Not Available,Not Available,Not Available,Unique Building Identifier,Not Available,Not Available,Not Available,Not Available,1635.9,Not Available,267,Not Available,Not Available,1014462,Not Available,Not Available,0,Not Available,Not Available,Not Available,Not Available,Not Available,1
2605661,50-35 56th Road,Not Available,219.0,Maspeth,Not Available,Not Available,Not Available,Not Available,49,Not Available,Not Available,Not Available,Not Available,Not Available,Not Available,Not Available,The meter <b>Water</b> does not have 12 full months of bills for the selected timeframe. Please enter bills for the full 12 months.,81.36108496,Not Available,Not Available,Not Available,Not Available,Not Available,Not Available,Not Available,0,0,Not Available,105.1,Not Available,Not Available,Not Available,130000,Unique Building Identifier,Not Available,Not Available,Not Available,Not Available,553.2,Not Available,Not Available,Not Available,Not Available,4058921,Not Available,Not Available,Not Available,Not Available,Not Available,Not Available,Not Available,Not Available,1
2630957,1483 SHORE PKWY ENTM,Not Available,,Brooklyn,Not Available,Not Available,349050,Not Available,Not Available,Not Available,Not Available,Not Available,Not Available,Not Available,Not Available,Not Available,The meter <b>80004-24270-001</b> does not have 12 full months of bills for the selected timeframe. Please enter bills for the full 12 months.,81.36108496,No,Not Available,Not Available,Not Available,Not Available,Not Available,Not Available,481.3,0.001378886,Not Available,87.9,Not Available,Not Available,Not Available,Not Available,Unique Building Identifier,Not Available,Not Available,Not Available,Not Available,Not Available,Not Available,Not Available,Not Available,100,3329118,Not Available,Not Available,Not Available,Not Available,Not Available,Not Available,Not Available,Not Available,1
2606074,1472 Montgomery Avenue,Not Available,21501.0,Bronx,Not Available,Not Available,46424,Not Available,Not Available,Not Available,Not Available,Not Available,Not Available,Not Available,Not Available,Not Available,Not Available,81.36108496,Not Available,Not Available,Not Available,0,Not Available,Not Available,Not Available,19687.28,0.39395048,Not Available,54.4,Not Available,Not Available,Not Available,Not Available,Unique Building Identifier,Not Available,Not Available,Not Available,Not Available,Not Available,Not Available,Not Available,Not Available,70,2008981,Not Available,Not Available,Not Available,Not Available,Not Available,Not Available,Not Available,Not Available,1
2240788,3830 Woodside Ave,5500,169.0,Long Island City,Not Available,Not Available,Not Available,Not Available,9.4,Not Available,Not Available,Not Available,Not Available,Not Available,Not Available,Not Available,This property does not have at least one meter for the type of energy or water used in this metric calculation.,81.36108496,Not Available,Not Available,Not Available,Not Available,Not Available,Not Available,Not Available,361821.45,5.0392963,Not Available,Not Available,No,Not Available,Not Available,Not Available,Unique Building Identifier,Not Available,Not Available,Not Available,Not Available,578.9,Not Available,328,Not Available,Not Available,Unique Building Identifier is 2240788,Not Available,Not Available,Not Available,Not Available,Not Available,Not Available,Not Available,Not Available,1
2591543,71 WEST 23RD STREET,Not Available,58.0,NEW YORK,Not Available,Not Available,Not Available,Not Available,-23.8,Not Available,Not Available,Not Available,Not Available,Not Available,Not Available,Not Available,Not Available,81.36108496,Not Available,Not Available,Not Available,Not Available,Not Available,Not Available,Not Available,0,0,3200,Not Available,Not Available,Not Available,Not Available,Not Available,Not Available,Not Available,Not Available,Not Available,0,2875.4,Not Available,535,Not Available,Not Available,Not Available,Not Available,Not Available,0,Not Available,Not Available,Not Available,Not Available,Not Available,1
2296730,112 West 34th Street,Not Available,101.0,New York,Not Available,Not Available,Not Available,Not Available,-1.6,Not Available,Not Available,Not Available,Not Available,Not Available,Not Available,Not Available,This property does not have at least one meter for the type of energy or water used in this metric calculation.,81.36108496,Not Available,Not Available,Not Available,Not Available,Not Available,Not Available,Not Available,0,0,Not Available,56.3,Not Available,Not Available,Not Available,Not Available,Unique Building Identifier,Not Available,Not Available,Not Available,Not Available,4496.5,Not Available,2520,Not Available,Not Available,1015201,Not Available,Not Available,0,Not Available,Not Available,Not Available,Not Available,Not Available,1
1423084,355 Lexington Avenue,Not Available,80.0,New York,Not Available,Not Available,Not Available,Not Available,-43.9,Not Available,Not Available,Not Available,Not Available,Not Available,Not Available,Not Available,Not Available,81.36108496,Not Available,Not Available,Not Available,Not Available,Not Available,Not Available,Not Available,0,0,6198,58.7,Not Available,Not Available,Not Available,Not Available,Unique Building Identifier,Not Available,Not Available,Not Available,Not Available,2247.5,Not Available,713,Not Available,Not Available,1036147,Not Available,Not Available,Not Available,Not Available,Not Available,Not Available,Not Available,Not Available,1
1357969,320 East 43rd Street,Not Available,88.0,New York,Not Available,Not Available,Not Available,Not Available,23,Not Available,Not Available,Not Available,Not Available,Not Available,Not Available,Not Available,Not Available,81.36108496,Not Available,Not Available,Not Available,Not Available,Not Available,Not Available,Not Available,0,0,Not Available,77.6,Not Available,Not Available,Not Available,Not Available,Not Available,Not Available,Not Available,Not Available,Not Available,1529.3,Not Available,275,Not Available,Not Available,Not Available,Not Available,Not Available,Not Available,Not Available,Not Available,Not Available,Not Available,Not Available,0
2557782,346 E 44th Street,Not Available,88.0,NY,Not Available,Not Available,Not Available,Not Available,Not Available,Not Available,Not Available,Not Available,Not Available,Not Available,Not Available,Not Available,The meter <b>Sewer 3000129237001 (E09010612) quarterly</b> does not have 12 full months of bills for the selected timeframe. Please enter bills for the full 12 months.,81.36108496,Not Available,Not Available,Not Available,Not Available,Not Available,Not Available,Not Available,Not Available,Not Available,Not Available,Not Available,Not Available,Not Available,Not Available,Not Available,Unique Building Identifier,Not Available,Not Available,Not Available,Not Available,Not Available,Not Available,811,Not Available,Not Available,P2#12651,Not Available,Not Available,Not Available,Not Available,Not Available,Not Available,Not Available,Not Available,1
2383987,785 Fifth Avenue,Not Available,11401.0,New York,Not Available,Not Available,184489,Not Available,Not Available,Not Available,Not Available,Not Available,Not Available,Not Available,Not Available,Not Available,The meter <b>Water Meter</b> does not have 12 full months of bills for the selected timeframe. Please enter bills for the full 12 months.,81.36108496,No,Not Available,Not Available,7,Not Available,Not Available,Not Available,134139.77,0.727088169,Not Available,51,Not Available,Not Available,Not Available,Not Available,Unique Building Identifier,Not Available,Not Available,Not Available,Not Available,Not Available,Not Available,Not Available,Not Available,90,1040765,Not Available,Not Available,Not Available,Not Available,Not Available,Not Available,Not Available,Not Available,1
1712194,220 West 19 Street,Not Available,87.0,New York,Not Available,Not Available,Not Available,Not Available,-41.3,Not Available,Not Available,Not Available,Not Available,Not Available,Not Available,Not Available,Not Available,81.36108496,Not Available,Not Available,Not Available,Not Available,Not Available,Not Available,Not Available,268922.68,2.4440406,Not Available,59.8,Not Available,Not Available,Not Available,Not Available,Not Available,Not Available,Not Available,Not Available,Not Available,790.2,Not Available,130,Not Available,Not Available,Not Available,Not Available,Not Available,Not Available,Not Available,Not Available,Not Available,Not Available,Not Available,1
1479144,900 Third Ave,Not Available,100.0,New York,Not Available,Not Available,Not Available,Not Available,-37.4,Not Available,Not Available,Not Available,Not Available,Not Available,264245.2,Not Available,Not Available,81.36108496,Not Available,Not Available,Not Available,Not Available,Not Available,N,Not Available,0,0,Not Available,60.9,Not Available,Not Available,Not Available,Not Available,Unique Building Identifier,Not Available,Not Available,Not Available,Not Available,4774.4,Not Available,1271,Not Available,Not Available,1-01309-0032,Not Available,Not Available,0,Not Available,Not Available,Not Available,Not Available,Not Available,1
2383906,419 East 57th Street,Not Available,10601.0,New York,Not Available,Not Available,136655,Not Available,Not Available,Not Available,Not Available,Not Available,Not Available,Not Available,Not Available,Not Available,Not Available,81.36108496,No,Not Available,Not Available,16,Not Available,Not Available,Not Available,137829.84,1.008596646,Not Available,65.7,Not Available,Not Available,Not Available,Not Available,Unique Building Identifier,Not Available,Not Available,Not Available,Not Available,Not Available,Not Available,Not Available,Not Available,90,1040537,Not Available,Not Available,Not Available,Not Available,Not Available,Not Available,Not Available,Not Available,1
2388675,310 West 56th Street,Not Available,139.0,New York,Not Available,Not Available,69643,Not Available,Not Available,Not Available,Not Available,Not Available,Not Available,Not Available,Not Available,Not Available,The meter <b>Water Meter</b> does not have 12 full months of bills for the selected timeframe. Please enter bills for the full 12 months.,81.36108496,No,Not Available,Not Available,9,Not Available,Not Available,Not Available,116313.63,1.6701406,Not Available,89.3,Not Available,No,Not Available,Not Available,Unique Building Identifier,Not Available,Not Available,Not Available,Not Available,Not Available,Not Available,Not Available,Not Available,90,1025439,Not Available,Not Available,Not Available,Not Available,Not Available,Not Available,Not Available,Not Available,1
1582252,2 United Nations Plaza,Not Available,90.0,New York,Not Available,Not Available,Not Available,Not Available,-18.7,Not Available,Not Available,Not Available,Not Available,Not Available,Not Available,0.81771,Not Available,81.36108496,Not Available,Not Available,Not Available,Not Available,Not Available,Not Available,0,0,0,Not Available,90.4,Not Available,Not Available,Not Available,Not Available,Unique Building Identifier,Not Available,Not Available,Not Available,Not Available,5351.7,0.31771,1900,Not Available,Not Available,1038757,Not Available,Not Available,Not Available,Not Available,Not Available,100,Not Available,Not Available,1
1771506,302 2nd Avenue,Not Available,,New York,Not Available,8,Not Available,Not Available,13.3,Not Available,Not Available,Not Available,Not Available,Not Available,Not Available,Not Available,The meter <b>301 E 17TH STREET</b> does not have 12 full months of bills for the selected timeframe. Please enter bills for the full 12 months.,81.36108496,Not Available,Not Available,153,Not Available,Not Available,Not Available,Not Available,0,0,Not Available,268.3,Not Available,Not Available,Not Available,Not Available,Unique Building Identifier,0.00329,Not Available,Not Available,Not Available,6155.2,Not Available,Not Available,1162,Not Available,1020429,Not Available,Not Available,Not Available,Not Available,Not Available,Not Available,Not Available,378.1,1
1406679,300 Park Avenue,Not Available,102.0,New York City,Not Available,Not Available,Not Available,Not Available,-38.9,Not Available,Not Available,Not Available,Not Available,Not Available,Not Available,Not Available,The meter <b>K14625704</b> does not have 12 full months of bills for the selected timeframe. Please enter bills for the full 12 months.,81.36108496,Not Available,Not Available,Not Available,Not Available,Not Available,Not Available,Not Available,0,0,11952,66.3,Not Available,Not Available,Not Available,Not Available,Unique Building Identifier,Not Available,Not Available,Not Available,Not Available,7133.3,Not Available,1412,Not Available,Not Available,1081146,Not Available,Not Available,Not Available,Not Available,Not Available,Not Available,Not Available,Not Available,1
2.50e+06,150 East 52nd Street,Not Available,100.0,New York,Not Available,Not Available,Not Available,Not Available,8.5,Not Available,Not Available,Not Available,Not Available,Not Available,Not Available,Not Available,Not Available,81.36108496,Not Available,Not Available,Not Available,Not Available,Not Available,Not Available,Not Available,0,0,Not Available,Not Available,Not Available,Not Available,Not Available,Not Available,Unique Building Identifier,Not Available,Not Available,Not Available,Not Available,2233.9,Not Available,608,Not Available,Not Available,1036463,Not Available,Not Available,Not Available,Not Available,Not Available,Not Available,Not Available,Not Available,1
2638817,360 Clinton Ave,Not Available,197.0,Brooklyn,Not Available,Not Available,95960,Not Available,Not Available,Not Available,Not Available,Not Available,Not Available,Not Available,Not Available,Not Available,Not Available,81.36108496,No,Not Available,Not Available,0,Not Available,Not Available,Not Available,0,0,Not Available,81,Not Available,Not Available,Not Available,Not Available,Unique Building Identifier,Not Available,Not Available,Not Available,Not Available,Not Available,Not Available,Not Available,Not Available,100,3379645,Not Available,Not Available,Not Available,Not Available,Not Available,Not Available,Not Available,Not Available,1
1575272,535 Madison Avenue,Not Available,102.0,New York,Not Available,Not Available,Not Available,Not Available,-25.6,Not Available,Not Available,Not Available,Not Available,Not Available,Not Available,Not Available,The meter <b>70001-28229-001</b> does not have 12 full months of bills for the selected timeframe. Please enter bills for the full 12 months.,81.36108496,Not Available,Not Available,Not Available,Not Available,Not Available,Not Available,Not Available,130260.04,0.2751957,261637,75.7,Not Available,Not Available,Not Available,Not Available,Unique Building Identifier,Not Available,Not Available,Not Available,Not Available,4008.2,Not Available,294.19,Not Available,Not Available,1035747,Not Available,Not Available,0,Not Available,Not Available,Not Available,Not Available,Not Available,1
2630961,2612 WEST ST PLPM,Not Available,37402.0,Brooklyn,Not Available,Not Available,194870,Not Available,Not Available,Not Available,Not Available,Not Available,Not Available,Not Available,Not Available,Not Available,The meter <b>40004-52329-001</b> does not have 12 full months of bills for the selected timeframe. Please enter bills for the full 12 months.,81.36108496,No,Not Available,Not Available,Not Available,Not Available,Not Available,Not Available,0,0,Not Available,79.7,Not Available,Not Available,Not Available,Not Available,Unique Building Identifier,Not Available,Not Available,Not Available,Not Available,Not Available,Not Available,Not Available,Not Available,100,3320727,Not Available,Not Available,Not Available,Not Available,Not Available,Not Available,Not Available,Not Available,1
2638025,225 Park Ave South,Not Available,50.0,New York,Not Available,Not Available,Not Available,Not Available,-32,Not Available,Not Available,Not Available,Not Available,Not Available,Not Available,Not Available,Not Available,81.36108496,Not Available,Not Available,Not Available,Not Available,Not Available,Not Available,Not Available,0,0,Not Available,Not Available,Not Available,Not Available,Not Available,Not Available,BIN,Not Available,Not Available,Not Available,0,5792.5,Not Available,2500,Not Available,Not Available,1017861,Not Available,Not Available,Not Available,Not Available,Not Available,Not Available,Not Available,Not Available,1
2611745,272-86 Grand Central Parkway,Not Available,155101.0,Floral Park,0,Not Available,Not Available,Not Available,Not Available,Not Available,Not Available,Not Available,Not Available,Not Available,Not Available,Not Available,The meter <b>Well Water</b> does not have 12 full months of bills for the selected timeframe. Please enter bills for the full 12 months.,81.36108496,Not Available,Not Available,Not Available,Not Available,Not Available,Not Available,Not Available,Not Available,Not Available,Not Available,Not Available,Not Available,Not Available,Not Available,Not Available,Unique Building Identifier,Not Available,Not Available,Not Available,Not Available,Not Available,Not Available,Not Available,Not Available,Not Available,"4456886,4456885,4453535,4456888",Not Available,Not Available,Not Available,Not Available,Not Available,Not Available,Not Available,Not Available,1
1407884,156 West 56th Street,Not Available,137.0,New York,Not Available,Not Available,Not Available,Not Available,-37.3,Sute 200,Not Available,Not Available,Not Available,Not Available,Not Available,Not Available,This property does not have at least one meter for the type of energy or water used in this metric calculation.,81.36108496,Not Available,Not Available,Not Available,Not Available,Not Available,Not Available,Not Available,1303813.03,3.48949,Not Available,56.7,Not Available,Not Available,Not Available,Not Available,Unique Building Identifier,Not Available,Not Available,Not Available,Not Available,2747.4,Not Available,1319,Not Available,Not Available,1076177,Not Available,Not Available,Not Available,Not Available,Not Available,Not Available,Not Available,Not Available,1
2614192,8635 21 AVE PLPM,Not Available,290.0,Brooklyn,Not Available,Not Available,109630,Not Available,Not Available,Not Available,Not Available,Not Available,Not Available,Not Available,Not Available,Not Available,The meter <b>10004-20859-001</b> does not have 12 full months of bills for the selected timeframe. Please enter bills for the full 12 months.,81.36108496,No,Not Available,Not Available,Not Available,Not Available,Not Available,Not Available,0,0,Not Available,75.1,Not Available,Not Available,Not Available,Not Available,Unique Building Identifier,Not Available,Not Available,Not Available,Not Available,Not Available,Not Available,Not Available,Not Available,100,3166996,Not Available,Not Available,Not Available,Not Available,Not Available,Not Available,Not Available,Not Available,1
2639010,299 Riverside Dr,Not Available,187.0,Ny,Not Available,Not Available,94804,Not Available,Not Available,Not Available,Not Available,Not Available,Not Available,Not Available,Not Available,Not Available,Not Available,81.36108496,No,Not Available,Not Available,Not Available,Not Available,Not Available,Not Available,0,0,Not Available,68.7,No,Not Available,Not Available,Not Available,Unique Building Identifier,Not Available,Not Available,Not Available,Not Available,Not Available,Not Available,Not Available,Not Available,100,1057167,Not Available,Not Available,Not Available,Not Available,Not Available,Not Available,Not Available,Not Available,1
2597503,625 WEST 55TH STREET,15000,135.0,NEW YORK,Not Available,Not Available,Not Available,Not Available,-32.2,Not Available,Not Available,Not Available,Not Available,Not Available,Not Available,Not Available,The meter <b>10001-23306-001</b> does not have 12 full months of bills for the selected timeframe. Please enter bills for the full 12 months.,81.36108496,Not Available,Not Available,Not Available,Not Available,Not Available,Not Available,Not Available,0,0,Not Available,Not Available,Not Available,Not Available,Not Available,Not Available,Not Available,Not Available,Not Available,Not Available,Not Available,754,Not Available,110,Not Available,Not Available,Not Available,Not Available,Not Available,Not Available,Not Available,Not Available,Not Available,Not Available,Not Available,1
1577267,689 FIfth Avenue,Not Available,102.0,New York,Not Available,Not Available,Not Available,Not Available,37,Not Available,Not Available,Not Available,Not Available,Not Available,Not Available,Not Available,Not Available,81.36108496,Not Available,Not Available,Not Available,Not Available,Not Available,Not Available,Not Available,414878.32,4.610886,Not Available,129.8,Not Available,Not Available,Not Available,Not Available,Unique Building Identifier,Not Available,Not Available,Not Available,Not Available,722.6,Not Available,200,Not Available,Not Available,1035741,Not Available,Not Available,0,Not Available,Not Available,Not Available,Not Available,Not Available,1
2388674,44 West 62nd Street,Not Available,145.0,New York,Not Available,Not Available,208567,Not Available,Not Available,Not Available,Not Available,Not Available,Not Available,Not Available,Not Available,Not Available,The meter <b>Water Meter</b> does not have 12 full months of bills for the selected timeframe. Please enter bills for the full 12 months.,81.36108496,No,Not Available,Not Available,7,Not Available,Not Available,Not Available,349894.49,1.63658098,Not Available,92.6,Not Available,Not Available,Not Available,Not Available,Unique Building Identifier,Not Available,Not Available,Not Available,Not Available,Not Available,Not Available,3,Not Available,90,1027365,Not Available,Not Available,0,Not Available,Not Available,Not Available,Not Available,Not Available,1
2614195,344 West 38th Street,Not Available,111.0,New York,Not Available,Not Available,80392,Not Available,Not Available,Not Available,Not Available,Not Available,Not Available,Not Available,Not Available,Not Available,The meter <b>20008-32404-001</b> does not have 12 full months of bills for the selected timeframe. Please enter bills for the full 12 months.,81.36108496,No,Not Available,Not Available,Not Available,Not Available,Not Available,Not Available,0,0,Not Available,94.7,Not Available,Not Available,Not Available,Not Available,Unique Building Identifier,Not Available,Not Available,Not Available,Not Available,Not Available,Not Available,42,Not Available,100,1013628,Not Available,Not Available,Not Available,Not Available,Not Available,Not Available,Not Available,Not Available,1
2009074,77 W 24th Street,Not Available,58.0,New York,Not Available,Not Available,269610,Not Available,Not Available,Not Available,Not Available,Not Available,Not Available,Not Available,Not Available,Not Available,The meter <b>Starbucks</b> does not have 12 full months of bills for the selected timeframe. Please enter bills for the full 12 months.,81.36108496,Not Available,Not Available,Not Available,14,Not Available,Not Available,Not Available,282226.42,0.9919702,Not Available,89.6,Not Available,Not Available,Not Available,Not Available,Unique Building Identifier,Not Available,Not Available,Not Available,Not Available,Not Available,Not Available,Not Available,Not Available,100,1085951,Not Available,Not Available,0,Not Available,Not Available,Not Available,Not Available,Not Available,1
2554215,676 Riverside Drive,Not Available,229.0,New York,Not Available,Not Available,102068,Not Available,Not Available,Not Available,Not Available,Not Available,Not Available,Not Available,Not Available,Not Available,Not Available,81.36108496,100% Yes,Not Available,Not Available,7,Not Available,Not Available,Not Available,0,0,Not Available,65.2,No,Not Available,Not Available,Not Available,Not Available,Not Available,Not Available,Not Available,Not Available,Not Available,Not Available,Not Available,Not Available,50,Not Available,Not Available,Not Available,Not Available,Not Available,Not Available,Not Available,Not Available,Not Available,1
2556696,65-75 West 96th Street,Not Available,181.0,Manhattan,Not Available,Not Available,296779,Not Available,Not Available,Not Available,Not Available,Not Available,Not Available,Not Available,Not Available,Not Available,This property does not have at least one meter for the type of energy or water used in this metric calculation.,81.36108496,100% Yes,Not Available,Not Available,16,Not Available,Not Available,Not Available,282962.39,0.9320697,Not Available,70.9,Not Available,Not Available,Not Available,Not Available,Unique Building Identifier,Not Available,Not Available,Not Available,Not Available,Not Available,Not Available,Not Available,Not Available,80,1055254,Not Available,Not Available,0.14693,Not Available,Not Available,Not Available,Not Available,Not Available,1
2595913,111 East 30th St.,Not Available,72.0,New York,Not Available,Not Available,65112,Not Available,Not Available,Not Available,Not Available,Not Available,Not Available,Not Available,Not Available,Not Available,Not Available,81.36108496,Not Available,Not Available,Not Available,Not Available,Not Available,Not Available,Not Available,0,0,Not Available,46.9,Not Available,Not Available,Not Available,Not Available,Unique Building Identifier,Not Available,Not Available,Not Available,Not Available,Not Available,Not Available,Not Available,Not Available,100,1018349,Not Available,Not Available,Not Available,Not Available,Not Available,Not Available,Not Available,Not Available,1
2634011,309 west 104th St,Not Available,191.0,NY,Not Available,Not Available,62605,Not Available,Not Available,Not Available,Not Available,Not Available,Not Available,Not Available,Not Available,Not Available,The meter <b>Public Water</b> does not have 12 full months of bills for the selected timeframe. Please enter bills for the full 12 months.,81.36108496,No,Not Available,Not Available,Not Available,Not Available,Not Available,Not Available,0,0,Not Available,80.8,No,Not Available,Not Available,Not Available,Unique Building Identifier,Not Available,Not Available,Not Available,Not Available,Not Available,Not Available,Not Available,Not Available,100,1057241,Not Available,Not Available,Not Available,Not Available,Not Available,Not Available,Not Available,Not Available,1
1423560,55 Broad Street,Not Available,9.0,New York,10,Not Available,Not Available,Not Available,-18.9,Not Available,Not Available,Not Available,Not Available,Not Available,Not Available,Not Available,Not Available,81.36108496,Not Available,Not Available,Not Available,Not Available,Not Available,Not Available,Not Available,0,0,Not Available,104,Not Available,Not Available,Not Available,Not Available,Unique Building Identifier,Not Available,Not Available,Not Available,Not Available,4403.1,Not Available,1042,Not Available,Not Available,1000821,Not Available,Not Available,Not Available,Not Available,Not Available,Not Available,Not Available,Not Available,1
2612655,174 Hudson Street,Not Available,33.0,New York,Not Available,Not Available,Not Available,Not Available,-26.4,Not Available,Not Available,Not Available,Not Available,Not Available,Not Available,Not Available,Not Available,81.36108496,Not Available,Not Available,Not Available,Not Available,Not Available,Not Available,Not Available,0,0,Not Available,52.2,Not Available,Not Available,Not Available,Not Available,Not Available,Not Available,Not Available,Not Available,Not Available,298.5,Not Available,145,Not Available,Not Available,Not Available,Not Available,Not Available,Not Available,Not Available,Not Available,Not Available,Not Available,Not Available,1
2563032,1919 Williamsbridge Road,Not Available,250.0,Bronx,Not Available,Not Available,144000,Not Available,Not Available,Not Available,Not Available,Not Available,Not Available,Not Available,Not Available,Not Available,This property does not have at least one meter for the type of energy or water used in this metric calculation.,81.36108496,No,Not Available,Not Available,0,Not Available,Not Available,Not Available,0,0,Not Available,133.4,No,Not Available,Not Available,Not Available,Unique Building Identifier,Not Available,Not Available,Not Available,Not Available,Not Available,Not Available,2,Not Available,0,2007988,Not Available,Not Available,0,Not Available,Not Available,Not Available,Not Available,Not Available,1
2610348,2111 Albermarle Rd.,Not Available,51002.0,Brooklyn,Not Available,Not Available,129817,Not Available,Not Available,Not Available,Not Available,Not Available,Not Available,Not Available,Not Available,Not Available,The meter <b>House Meter</b> does not have 12 full months of bills for the selected timeframe. Please enter bills for the full 12 months.,81.36108496,No,Not Available,Not Available,0,Not Available,Not Available,Not Available,86950,0.669789,Not Available,71.3,Not Available,Not Available,Not Available,Not Available,Unique Building Identifier,Not Available,Not Available,Not Available,Not Available,Not Available,Not Available,Not Available,Not Available,0,3117183,Not Available,Not Available,Not Available,Not Available,Not Available,Not Available,Not Available,Not Available,1
2598278,29 W 57th St,Not Available,11201.0,New York,Not Available,Not Available,Not Available,Not Available,0.6,Not Available,Not Available,Not Available,Not Available,Not Available,Not Available,Not Available,This property does not have at least one meter for the type of energy or water used in this metric calculation.,81.36108496,Not Available,Not Available,Not Available,Not Available,Not Available,Not Available,Not Available,122610.72,2.0840826,Not Available,104,Not Available,Not Available,Not Available,Not Available,Unique Building Identifier,Not Available,Not Available,Not Available,Not Available,410.2,Not Available,119.37,Not Available,Not Available,1035070,Not Available,Not Available,0,Not Available,Not Available,Not Available,Not Available,Not Available,1
2638880,66 Overlook Terrace,Not Available,281.0,New York,Not Available,Not Available,133920,Not Available,Not Available,Not Available,Not Available,Not Available,Not Available,Not Available,Not Available,Not Available,The meter <b>70001-53276-001</b> does not have 12 full months of bills for the selected timeframe. Please enter bills for the full 12 months.,81.36108496,No,Not Available,Not Available,10,Not Available,Not Available,Not Available,0,0,Not Available,94.4,Not Available,No,Not Available,Not Available,Unique Building Identifier,Not Available,Not Available,Not Available,Not Available,Not Available,Not Available,Not Available,Not Available,100,1064447,Not Available,Not Available,Not Available,Not Available,Not Available,Not Available,Not Available,Not Available,1
2506979,1015 Gerard Avenue,Not Available,195.0,Bronx,Not Available,Not Available,59446,Not Available,Not Available,Not Available,Not Available,Not Available,Not Available,Not Available,Not Available,Not Available,The meter <b>water 1</b> does not have 12 full months of bills for the selected timeframe. Please enter bills for the full 12 months.,81.36108496,No,Not Available,Not Available,0,Not Available,Not Available,Not Available,0,0,Not Available,107.9,Not Available,No,Not Available,Not Available,Not Available,Not Available,Not Available,Not Available,Not Available,Not Available,Not Available,Not Available,Not Available,0,Not Available,Not Available,Not Available,Not Available,Not Available,Not Available,Not Available,Not Available,Not Available,1
1720205,1250 Broadway,Not Available,76.0,New York,0,Not Available,Not Available,Not Available,-31.9,Not Available,Not Available,Not Available,Not Available,Not Available,Not Available,Not Available,Not Available,81.36108496,Not Available,Not Available,Not Available,Not Available,Not Available,Not Available,Not Available,0,0,5682,98.6,Not Available,Not Available,Not Available,Not Available,Unique Building Identifier,Not Available,Not Available,Not Available,Not Available,8788.1,Not Available,3510,Not Available,Not Available,1015805,Not Available,Not Available,Not Available,Not Available,Not Available,Not Available,Not Available,Not Available,1
2563484,121 EAST 24TH STREET,Not Available,68.0,NEW YORK,Not Available,Not Available,Not Available,Not Available,-40,Not Available,Not Available,Not Available,Not Available,Not Available,Not Available,Not Available,The meter <b>70001-18244-001</b> does not have 12 full months of bills for the selected timeframe. Please enter bills for the full 12 months.,81.36108496,Not Available,Not Available,Not Available,Not Available,Not Available,Not Available,Not Available,0,0,Not Available,Not Available,No,Not Available,Not Available,Not Available,Not Available,Not Available,Not Available,Not Available,Not Available,499.3,Not Available,100,Not Available,Not Available,Not Available,Not Available,Not Available,Not Available,Not Available,Not Available,Not Available,Not Available,Not Available,1
2609568,435 West 238th Street,Not Available,335.0,Bronx,Not Available,Not Available,Not Available,Not Available,-20.3,Not Available,Not Available,Not Available,Not Available,Not Available,Not Available,Not Available,The meter <b>Potable All Meter #3</b> does not have 12 full months of bills for the selected timeframe. Please enter bills for the full 12 months.,81.36108496,Not Available,Not Available,Not Available,Not Available,Not Available,Not Available,Not Available,132802.47,1.1933546,Not Available,71.3,Not Available,Not Available,Not Available,Not Available,Not Available,Not Available,Not Available,Not Available,Not Available,602.4,Not Available,Not Available,Not Available,Not Available,Not Available,Not Available,Not Available,Not Available,Not Available,Not Available,Not Available,Not Available,Not Available,1
2630978,50 ARLO RD ENT,Not Available,39.0,Staten Island,Not Available,Not Available,22033,Not Available,Not Available,Not Available,Not Available,Not Available,Not Available,Not Available,Not Available,Not Available,The meter <b>Allocated Water</b> does not have 12 full months of bills for the selected timeframe. Please enter bills for the full 12 months.,81.36108496,No,Not Available,Not Available,Not Available,Not Available,Not Available,Not Available,0,0,Not Available,113.9,Not Available,Not Available,Not Available,Not Available,Unique Building Identifier,Not Available,Not Available,Not Available,Not Available,Not Available,Not Available,Not Available,Not Available,100,5117074,Not Available,Not Available,Not Available,Not Available,Not Available,Not Available,Not Available,Not Available,1
2605947,49 Fulton Street,Not Available,1501.0,New York,Not Available,Not Available,223674,Not Available,Not Available,Not Available,Not Available,Not Available,Not Available,Not Available,Not Available,Not Available,Not Available,81.36108496,100% Yes,Not Available,Not Available,15,Not Available,Not Available,Not Available,0,0,Not Available,109,Not Available,Not Available,Not Available,Not Available,Unique Building Identifier,Not Available,Not Available,Not Available,Not Available,Not Available,Not Available,Not Available,Not Available,20,1001290,Not Available,Not Available,Not Available,Not Available,Not Available,Not Available,Not Available,Not Available,1
2615091,11 Park Place,Not Available,21.0,New York,Not Available,Not Available,Not Available,Not Available,Not Available,Not Available,Not Available,Not Available,Not Available,Not Available,Not Available,Not Available,Not Available,81.36108496,Not Available,Not Available,Not Available,Not Available,Not Available,Not Available,Not Available,Not Available,Not Available,Not Available,Not Available,Not Available,No,Not Available,Not Available,Unique Building Identifier,Not Available,Not Available,Not Available,Not Available,Not Available,Not Available,300,Not Available,Not Available,Building Identification Number (BIN): 1001399,Not Available,Not Available,0,Not Available,Not Available,Not Available,Not Available,Not Available,1
2595904,288 Lexington Ave.,Not Available,80.0,New York,Not Available,Not Available,65000,Not Available,Not Available,Not Available,Not Available,Not Available,Not Available,Not Available,Not Available,Not Available,Not Available,81.36108496,Not Available,Not Available,Not Available,Not Available,Not Available,Not Available,Not Available,0,0,Not Available,Not Available,Not Available,No,Not Available,Not Available,Unique Building Identifier,Not Available,Not Available,Not Available,Not Available,Not Available,Not Available,Not Available,Not Available,100,1018952,Not Available,Not Available,Not Available,Not Available,Not Available,Not Available,Not Available,Not Available,1
2630958,2038 CROPSEY AVE PLPM,Not Available,286.0,Brooklyn,Not Available,Not Available,316890,Not Available,Not Available,Not Available,Not Available,Not Available,Not Available,Not Available,Not Available,Not Available,The meter <b>00004-24164-001</b> does not have 12 full months of bills for the selected timeframe. Please enter bills for the full 12 months.,81.36108496,No,Not Available,Not Available,Not Available,Not Available,Not Available,Not Available,0,0,Not Available,98.2,Not Available,Not Available,Not Available,Not Available,Unique Building Identifier,Not Available,Not Available,Not Available,Not Available,Not Available,Not Available,Not Available,Not Available,100,3328504,Not Available,Not Available,Not Available,Not Available,Not Available,Not Available,Not Available,Not Available,1
2639045,255-257 Clinton St,Not Available,6.0,New York,Not Available,Not Available,273601,Not Available,Not Available,Not Available,Not Available,Not Available,Not Available,Not Available,Not Available,Not Available,The meter <b>257 Water AMR</b> does not have 12 full months of bills for the selected timeframe. Please enter bills for the full 12 months.,81.36108496,100% Yes,Not Available,Not Available,24,Not Available,Not Available,Not Available,238104.38,0.8702614,Not Available,83.2,Not Available,No,Not Available,Not Available,Unique Building Identifier,Not Available,Not Available,Not Available,Not Available,Not Available,Not Available,Not Available,Not Available,60,1084530,Not Available,Not Available,Not Available,Not Available,Not Available,Not Available,Not Available,Not Available,1
2608157,2112 Starling Ave,Not Available,222.0,Bronx,Not Available,Not Available,51565,Not Available,Not Available,Not Available,Not Available,Not Available,Not Available,Not Available,Not Available,Not Available,This property does not have at least one meter for the type of energy or water used in this metric calculation.,81.36108496,No,Not Available,Not Available,8,Not Available,Not Available,Not Available,0,0,Not Available,87.9,No,Not Available,Not Available,Not Available,Unique Building Identifier,Not Available,Not Available,0,Not Available,Not Available,Not Available,Not Available,Not Available,0,2028977,Not Available,Not Available,Not Available,Not Available,Not Available,Not Available,Not Available,Not Available,1
2608484,647-651 West 171st St.,Not Available,253.0,New York,Not Available,Not Available,33605,Not Available,Not Available,Not Available,Not Available,Not Available,Not Available,Not Available,Not Available,Not Available,The meter <b>647-651 West 171st Street Water</b> does not have 12 full months of bills for the selected timeframe. Please enter bills for the full 12 months.,81.36108496,No,Not Available,Not Available,0,Not Available,Not Available,Not Available,0,0,Not Available,121.1,No,Not Available,Not Available,Not Available,Unique Building Identifier,Not Available,Not Available,0,Not Available,Not Available,Not Available,Not Available,Not Available,0,1063482,Not Available,Not Available,Not Available,Not Available,Not Available,Not Available,Not Available,Not Available,1
1356549,470 Park Avenue South,Not Available,74.0,New York,Not Available,Not Available,Not Available,Not Available,Not Available,Not Available,Not Available,Not Available,Not Available,Not Available,Not Available,Not Available,Not Available,81.36108496,Not Available,Not Available,Not Available,Not Available,Not Available,Not Available,Not Available,Not Available,Not Available,52510,Not Available,No,Not Available,Not Available,Not Available,Not Available,Not Available,Not Available,Not Available,Not Available,Not Available,Not Available,741,Not Available,Not Available,Not Available,Not Available,Not Available,Not Available,Not Available,Not Available,Not Available,Not Available,Not Available,1
2598414,51 West 81st Street,Not Available,165.0,New York,Not Available,Not Available,94145,Not Available,Not Available,Not Available,Not Available,Not Available,Not Available,Not Available,Not Available,Not Available,Not Available,81.36108496,No,Not Available,Not Available,Not Available,Not Available,Not Available,Not Available,59082.1,0.5841326,1750,80.4,Not Available,Not Available,Not Available,Not Available,Not Available,Not Available,Not Available,Not Available,Not Available,Not Available,Not Available,Not Available,Not Available,100,Not Available,Not Available,Not Available,0,Not Available,Not Available,Not Available,Not Available,Not Available,1
2608476,3085-3097 Brighton 13th St.,Not Available,61004.0,Brooklyn,Not Available,Not Available,32175,Not Available,Not Available,Not Available,Not Available,Not Available,Not Available,Not Available,Not Available,Not Available,This property does not have at least one meter for the type of energy or water used in this metric calculation.,81.36108496,No,Not Available,Not Available,0,Not Available,Not Available,Not Available,0,0,Not Available,154.9,Not Available,Not Available,Not Available,Not Available,Unique Building Identifier,Not Available,Not Available,0,Not Available,Not Available,Not Available,Not Available,Not Available,0,3245643,Not Available,Not Available,0.43478,Not Available,Not Available,Not Available,Not Available,Not Available,1
2595881,209 Lincoln Place,Not Available,159.0,Brooklyn,Not Available,Not Available,57700,Not Available,Not Available,Not Available,Not Available,Not Available,Not Available,Not Available,Not Available,Not Available,Not Available,81.36108496,Not Available,Not Available,Not Available,Not Available,Not Available,Not Available,Not Available,0,0,Not Available,86,Not Available,Not Available,Not Available,Not Available,Unique Building Identifier,Not Available,Not Available,Not Available,Not Available,Not Available,Not Available,Not Available,Not Available,100,3024466,Not Available,Not Available,Not Available,Not Available,Not Available,Not Available,Not Available,Not Available,1
2384169,50 Park Avenue,Not Available,82.0,New York,Not Available,Not Available,129565,Not Available,Not Available,Not Available,Not Available,Not Available,Not Available,Not Available,Not Available,Not Available,Not Available,81.36108496,No,Not Available,Not Available,6,Not Available,Not Available,Not Available,Not Available,Not Available,Not Available,Not Available,Not Available,Not Available,100,Not Available,Unique Building Identifier,Not Available,Not Available,Not Available,Not Available,Not Available,Not Available,Not Available,Not Available,90,1017205,Not Available,Not Available,Not Available,Not Available,Not Available,Not Available,Not Available,Not Available,1
2383146,30 East 37th Street,Not Available,82.0,New York,Not Available,Not Available,92697,Not Available,Not Available,Not Available,Not Available,Not Available,Not Available,Not Available,Not Available,Not Available,Not Available,81.36108496,No,Not Available,Not Available,10,Not Available,Not Available,Not Available,109679.43,1.18320343,Not Available,68.7,Not Available,No,Not Available,Not Available,Unique Building Identifier,Not Available,Not Available,Not Available,Not Available,Not Available,Not Available,Not Available,Not Available,90,1017185,Not Available,Not Available,Not Available,Not Available,Not Available,Not Available,Not Available,Not Available,1
2386826,215 East 73rd Street,Not Available,126.0,New York,Not Available,Not Available,82199,Not Available,Not Available,Not Available,Not Available,Not Available,Not Available,Not Available,Not Available,Not Available,Not Available,81.36108496,No,Not Available,Not Available,16,Not Available,Not Available,Not Available,120834.51,1.47002404,Not Available,90.6,Not Available,Not Available,Not Available,Not Available,Unique Building Identifier,Not Available,Not Available,Not Available,Not Available,Not Available,Not Available,Not Available,Not Available,100,1043990,Not Available,Not Available,Not Available,Not Available,Not Available,Not Available,Not Available,Not Available,1
2586431,16 West 36th Street,Not Available,84.0,NEW YORK,Not Available,Not Available,Not Available,Not Available,-25.8,Not Available,Not Available,Not Available,Not Available,Not Available,Not Available,Not Available,Not Available,81.36108496,Not Available,Not Available,Not Available,Not Available,Not Available,Not Available,Not Available,0,0,Not Available,Not Available,Not Available,No,Not Available,Not Available,Not Available,Not Available,Not Available,Not Available,0,506.3,Not Available,136,Not Available,Not Available,Not Available,Not Available,Not Available,Not Available,Not Available,Not Available,Not Available,Not Available,Not Available,0
2546474,20 East 92 Street,Not Available,16001.0,New York,Not Available,Not Available,Not Available,Not Available,9.8,Not Available,Not Available,Not Available,Not Available,Not Available,Not Available,Not Available,This property does not have at least one meter for the type of energy or water used in this metric calculation.,81.36108496,Not Available,Not Available,Not Available,Not Available,Not Available,Not Available,Not Available,134832.25,1.586262,Not Available,76.3,Not Available,Not Available,Not Available,Not Available,Unique Building Identifier,Not Available,Not Available,Not Available,Not Available,406.8,Not Available,Not Available,Not Available,Not Available,1083912,Not Available,Not Available,Not Available,Not Available,Not Available,Not Available,Not Available,Not Available,1
2555557,1370 Dr M.L. King JR Blvd,Not Available,201.0,Bronx,Not Available,Not Available,58560,Not Available,Not Available,Not Available,Not Available,Not Available,Not Available,Not Available,Not Available,Not Available,The meter <b>Water</b> does not have 12 full months of bills for the selected timeframe. Please enter bills for the full 12 months.,81.36108496,Not Available,Not Available,Not Available,Not Available,Not Available,Not Available,Not Available,7807.05,0.133317,Not Available,1.8,Not Available,Not Available,Not Available,Not Available,Not Available,Not Available,Not Available,Not Available,Not Available,Not Available,Not Available,Not Available,Not Available,100,Not Available,Not Available,Not Available,Not Available,Not Available,Not Available,Not Available,Not Available,Not Available,1
1839071,315 Hudson St,Not Available,37.0,New York,Not Available,Not Available,Not Available,Not Available,-41.8,Not Available,Not Available,Not Available,Not Available,Not Available,Not Available,Not Available,The meter <b>Firewater and Sewer (H04209229)</b> does not have 12 full months of bills for the selected timeframe. Please enter bills for the full 12 months.,81.36108496,Not Available,Not Available,Not Available,Not Available,Not Available,Not Available,Not Available,0,0,Not Available,Not Available,No,Not Available,Not Available,Not Available,Unique Building Identifier,Not Available,Not Available,Not Available,Not Available,2712.2,Not Available,793,Not Available,Not Available,1010362,Not Available,Not Available,0,Not Available,Not Available,Not Available,Not Available,Not Available,1
2637863,101 Clark St,Not Available,1.0,Brooklyn,Not Available,Not Available,516000,Not Available,Not Available,aka 10 Clinton St,Not Available,Not Available,Not Available,Not Available,Not Available,Not Available,The meter <b>80002-41044-001</b> does not have 12 full months of bills for the selected timeframe. Please enter bills for the full 12 months.,81.36108496,100% Yes,Not Available,Not Available,23,Not Available,Not Available,Not Available,Not Available,Not Available,Not Available,Not Available,Not Available,Not Available,Not Available,Not Available,Unique Building Identifier,Not Available,Not Available,Not Available,Not Available,Not Available,Not Available,Not Available,Not Available,100,3001727;3319420,Not Available,Not Available,Not Available,Not Available,Not Available,Not Available,Not Available,Not Available,1
2638789,322 W 72 Street,Not Available,159.0,New York,Not Available,Not Available,107376,Not Available,Not Available,Not Available,Not Available,Not Available,Not Available,Not Available,Not Available,Not Available,Not Available,81.36108496,No,Not Available,Not Available,4,Not Available,Not Available,Not Available,0,0,Not Available,71.7,Not Available,No,Not Available,Not Available,Unique Building Identifier,Not Available,Not Available,Not Available,Not Available,Not Available,Not Available,Not Available,Not Available,100,1030969,Not Available,Not Available,Not Available,Not Available,Not Available,Not Available,Not Available,Not Available,1
2565405,365 West 28th st.,Not Available,97.0,New York,Not Available,Not Available,50000,Not Available,Not Available,Not Available,Not Available,Not Available,Not Available,Not Available,Not Available,Not Available,This property does not have at least one meter for the type of energy or water used in this metric calculation.,81.36108496,No,Not Available,Not Available,Not Available,Not Available,Not Available,Not Available,Not Available,Not Available,Not Available,Not Available,Not Available,Not Available,Not Available,Not Available,Not Available,Not Available,Not Available,Not Available,Not Available,Not Available,Not Available,50,Not Available,100,Not Available,Not Available,Not Available,Not Available,Not Available,Not Available,Not Available,Not Available,Not Available,1
2.63e+06,23 ARLO RD OM,Not Available,39.0,Staten Island,Not Available,Not Available,39667,Not Available,Not Available,Not Available,Not Available,Not Available,Not Available,Not Available,Not Available,Not Available,The meter <b>Allocated Water</b> does not have 12 full months of bills for the selected timeframe. Please enter bills for the full 12 months.,81.36108496,No,Not Available,Not Available,Not Available,Not Available,Not Available,Not Available,33549.89,0.8457884,Not Available,124.9,Not Available,Not Available,Not Available,Not Available,Unique Building Identifier,Not Available,Not Available,Not Available,Not Available,Not Available,Not Available,Not Available,Not Available,100,5117034,Not Available,Not Available,Not Available,Not Available,Not Available,Not Available,Not Available,Not Available,1
2638808,350 E 77 Street,Not Available,134.0,New York,Not Available,Not Available,66162,Not Available,Not Available,Not Available,Not Available,Not Available,Not Available,Not Available,Not Available,Not Available,The meter <b>40001-33178-001</b> does not have 12 full months of bills for the selected timeframe. Please enter bills for the full 12 months.,81.36108496,No,Not Available,Not Available,6,Not Available,Not Available,Not Available,0,0,Not Available,99,Not Available,No,Not Available,Not Available,Unique Building Identifier,Not Available,Not Available,Not Available,Not Available,Not Available,Not Available,Not Available,Not Available,100,1045178,Not Available,Not Available,Not Available,Not Available,Not Available,Not Available,Not Available,Not Available,1
2266206,39 Park Row,Not Available,1501.0,New York,Not Available,Not Available,Not Available,Not Available,-29.5,Not Available,128572,Not Available,Not Available,Not Available,Not Available,Not Available,Not Available,81.36108496,Not Available,Not Available,Not Available,Not Available,Not Available,Not Available,Not Available,0,0,Not Available,73.6,Not Available,Not Available,Not Available,Not Available,Not Available,Not Available,Not Available,Not Available,0,1130.4,Not Available,Not Available,Not Available,Not Available,Not Available,Not Available,Not Available,Not Available,Not Available,Not Available,Not Available,Not Available,Not Available,1
2638778,29 Tiffany Place,Not Available,47.0,Brooklyn,Not Available,Not Available,83954,Not Available,Not Available,Not Available,Not Available,Not Available,Not Available,Not Available,Not Available,Not Available,The meter <b>10002-43090-001</b> does not have 12 full months of bills for the selected timeframe. Please enter bills for the full 12 months.,81.36108496,No,Not Available,Not Available,4,Not Available,Not Available,Not Available,0,0,Not Available,83,Not Available,Not Available,Not Available,Not Available,Unique Building Identifier,Not Available,Not Available,Not Available,Not Available,Not Available,Not Available,Not Available,Not Available,100,3345585,Not Available,Not Available,Not Available,Not Available,Not Available,Not Available,Not Available,Not Available,1
2546572,1160 5th Avenue,Not Available,16002.0,New York,Not Available,Not Available,90849,Not Available,Not Available,Not Available,Not Available,Not Available,Not Available,Not Available,Not Available,Not Available,Not Available,81.36108496,No,Not Available,Not Available,6,Not Available,Not Available,Not Available,0,0,Not Available,83.2,No,Not Available,Not Available,Not Available,Not Available,Not Available,Not Available,Not Available,Not Available,Not Available,Not Available,30,Not Available,90,Not Available,Not Available,Not Available,Not Available,Not Available,Not Available,Not Available,Not Available,Not Available,1
2364085,620 Fifth Avenue,Not Available,104.0,New York,Not Available,Not Available,Not Available,Not Available,137.9,Not Available,Not Available,Not Available,Not Available,Not Available,Not Available,Not Available,This property does not have at least one meter for the type of energy or water used in this metric calculation.,81.36108496,Not Available,Not Available,Not Available,Not Available,Not Available,Not Available,Not Available,0,0,Not Available,221.6,Not Available,Not Available,Not Available,Not Available,Unique Building Identifier,Not Available,Not Available,Not Available,Not Available,1001.3,Not Available,53,Not Available,Not Available,1075692,Not Available,Not Available,0,Not Available,Not Available,Not Available,Not Available,Not Available,1
1217055,11 Madison Avenue,41483,56.0,New York,Not Available,Not Available,Not Available,Not Available,Not Available,Not Available,Not Available,Not Available,Not Available,Not Available,Not Available,Not Available,The meter <b>Base Building Water Consumption</b> does not have 12 full months of bills for the selected timeframe. Please enter bills for the full 12 months.,81.36108496,Not Available,Not Available,Not Available,Not Available,Not Available,Not Available,Not Available,Not Available,Not Available,Not Available,Not Available,Not Available,Not Available,Not Available,Not Available,Not Available,Not Available,Not Available,Not Available,Not Available,Not Available,Not Available,9147,Not Available,Not Available,Not Available,Not Available,Not Available,Not Available,Not Available,Not Available,Not Available,Not Available,Not Available,1
2440099,209 East 23rd Street,Not Available,64.0,New York,Not Available,Not Available,Not Available,Not Available,Not Available,Not Available,74105,Not Available,Not Available,Not Available,Not Available,Not Available,This property does not have at least one meter for the type of energy or water used in this metric calculation.,81.36108496,Not Available,Not Available,Not Available,Not Available,Not Available,Not Available,Not Available,Not Available,Not Available,Not Available,Not Available,No,Not Available,Not Available,Not Available,Unique Building Identifier,Not Available,Not Available,Not Available,Not Available,Not Available,Not Available,60,Not Available,Not Available,1019770,Not Available,Not Available,Not Available,Not Available,Not Available,Not Available,Not Available,Not Available,1
2388616,120 East 36th Street,Not Available,80.0,New York,Not Available,Not Available,83130,Not Available,Not Available,Not Available,Not Available,Not Available,Not Available,Not Available,Not Available,Not Available,Not Available,81.36108496,No,Not Available,Not Available,5,Not Available,Not Available,Not Available,138224.1,1.66274667,Not Available,87.4,Not Available,No,Not Available,Not Available,Unique Building Identifier,Not Available,Not Available,Not Available,Not Available,Not Available,Not Available,Not Available,Not Available,90,1018931,Not Available,Not Available,Not Available,Not Available,Not Available,Not Available,Not Available,Not Available,1
2564688,838 Fifth Avenue,Not Available,122.0,New York,Not Available,Not Available,62857,Not Available,Not Available,Not Available,Not Available,Not Available,Not Available,Not Available,Not Available,Not Available,The meter <b>Water Meter</b> does not have 12 full months of bills for the selected timeframe. Please enter bills for the full 12 months.,81.36108496,No,Not Available,Not Available,4,Not Available,Not Available,Not Available,102210.17,1.62607434,Not Available,114.2,Not Available,Not Available,Not Available,Not Available,Unique Building Identifier,Not Available,Not Available,Not Available,Not Available,Not Available,Not Available,Not Available,Not Available,100,1041101,Not Available,Not Available,Not Available,Not Available,Not Available,Not Available,Not Available,Not Available,1
1413685,175 Water Street,Not Available,1502.0,New York,Not Available,Not Available,Not Available,Not Available,-13.4,Not Available,Not Available,Not Available,Not Available,Not Available,Not Available,Not Available,The meter <b>V84001380</b> does not have 12 full months of bills for the selected timeframe. Please enter bills for the full 12 months.,81.36108496,Not Available,Not Available,Not Available,Not Available,Not Available,Not Available,Not Available,1456360.08,2.85081215,Not Available,Not Available,Not Available,No,Not Available,Not Available,Unique Building Identifier,Not Available,Not Available,Not Available,Not Available,4187.1,Not Available,1598,Not Available,Not Available,"1001137

1804058",Not Available,Not Available,0.15437,Not Available,Not Available,Not Available,Not Available,Not Available,1
2564814,45 East 25th Street,1500,56.0,New York,Not Available,Not Available,96674,Not Available,Not Available,Not Available,Not Available,Not Available,Not Available,Not Available,Not Available,Not Available,The meter <b>Water Meter</b> does not have 12 full months of bills for the selected timeframe. Please enter bills for the full 12 months.,81.36108496,No,Not Available,Not Available,8,Not Available,Not Available,Not Available,194471.49,1.56423175,Not Available,Not Available,Not Available,Not Available,Not Available,Not Available,Unique Building Identifier,Not Available,Not Available,Not Available,Not Available,Not Available,Not Available,49,Not Available,100,1000000,Not Available,Not Available,Not Available,Not Available,Not Available,Not Available,Not Available,Not Available,1
2605879,650 Brush Ave,Not Available,90.0,Bronx,Not Available,Not Available,Not Available,Not Available,82.6,Not Available,Not Available,Not Available,Not Available,Not Available,Not Available,Not Available,The meter <b>Water</b> does not have 12 full months of bills for the selected timeframe. Please enter bills for the full 12 months.,81.36108496,Not Available,Not Available,Not Available,Not Available,Not Available,Not Available,Not Available,0,0,Not Available,119.1,Not Available,Not Available,Not Available,207000,Unique Building Identifier,Not Available,Not Available,Not Available,Not Available,976.7,Not Available,50,Not Available,Not Available,2831413,Not Available,Not Available,Not Available,Not Available,Not Available,Not Available,Not Available,Not Available,1
1454910,301 Park Avenue,Not Available,100.0,New York,Not Available,Not Available,Not Available,Not Available,26.1,Not Available,Not Available,Not Available,Not Available,Not Available,Not Available,0.88312,This property does not have at least one meter for the type of energy or water used in this metric calculation.,81.36108496,Not Available,Not Available,Not Available,Not Available,Not Available,Not Available,Not Available,0,0,Not Available,132.9,Not Available,Not Available,Not Available,Not Available,Unique Building Identifier,Not Available,Not Available,Not Available,Not Available,14202.2,0.5,Not Available,Not Available,Not Available,1084771,Not Available,Not Available,Not Available,Not Available,Not Available,80,Not Available,Not Available,1
2611862,111 8th Avenue,Not Available,83.0,New York,Not Available,Not Available,Not Available,Not Available,14612.8,Not Available,Not Available,Not Available,Not Available,Not Available,Not Available,Not Available,Not Available,81.36108496,Not Available,Not Available,Not Available,Not Available,Not Available,Not Available,Not Available,0,0,Not Available,17496.1,Not Available,Not Available,100,Not Available,Not Available,Not Available,Not Available,Not Available,Not Available,29572.7,Not Available,5000,Not Available,Not Available,Not Available,Not Available,Not Available,0,Not Available,Not Available,Not Available,Not Available,Not Available,0
2638956,305-311 Cherry Street,Not Available,6.0,New York,Not Available,Not Available,66649,Not Available,Not Available,Not Available,Not Available,Not Available,Not Available,Not Available,Not Available,Not Available,The meter <b>2010-.03967-001 (A05000481)</b> does not have 12 full months of bills for the selected timeframe. Please enter bills for the full 12 months.,81.36108496,No,Not Available,Not Available,3,Not Available,Not Available,Not Available,0,0,Not Available,84.6,Not Available,Not Available,Not Available,Not Available,Unique Building Identifier,Not Available,Not Available,Not Available,Not Available,Not Available,Not Available,Not Available,Not Available,100,1083383;1083382;1084524,Not Available,Not Available,Not Available,Not Available,Not Available,Not Available,Not Available,Not Available,1
2546299,628 West 151st Street,Not Available,237.0,New York,Not Available,Not Available,62604,Not Available,Not Available,Not Available,Not Available,Not Available,Not Available,Not Available,Not Available,Not Available,This property does not have at least one meter for the type of energy or water used in this metric calculation.,81.36108496,No,Not Available,Not Available,4,Not Available,Not Available,Not Available,0,0,Not Available,85.7,No,Not Available,Not Available,Not Available,Not Available,Not Available,Not Available,Not Available,Not Available,Not Available,Not Available,Not Available,Not Available,90,Not Available,Not Available,Not Available,Not Available,Not Available,Not Available,Not Available,Not Available,Not Available,1
2561951,1919 Williamsbridge Road,Not Available,250.0,Bronx,6,Not Available,86425,Not Available,Not Available,Not Available,Not Available,Not Available,Not Available,Not Available,Not Available,Not Available,This property does not have at least one meter for the type of energy or water used in this metric calculation.,81.36108496,No,Not Available,Not Available,0,Not Available,Not Available,Not Available,0,0,Not Available,125.9,Not Available,No,100,Not Available,Unique Building Identifier,Not Available,Not Available,Not Available,Not Available,Not Available,Not Available,Not Available,Not Available,0,2001939,Not Available,Not Available,Not Available,Not Available,Not Available,Not Available,Not Available,Not Available,1
2598266,333 East 66th Street,Not Available,118.0,New York,Not Available,Not Available,151009,Not Available,Not Available,Not Available,Not Available,Not Available,Not Available,Not Available,Not Available,Not Available,This property does not have at least one meter for the type of energy or water used in this metric calculation.,81.36108496,Not Available,Not Available,Not Available,16,Not Available,Not Available,Not Available,326635.23,2.163018,Not Available,120.7,No,Not Available,Not Available,Not Available,Not Available,Not Available,Not Available,Not Available,Not Available,Not Available,Not Available,Not Available,Not Available,100,Not Available,Not Available,Not Available,Not Available,Not Available,Not Available,Not Available,Not Available,Not Available,1
