address_1,senior_care_community_gross,performing_arts_gross_floor,estimated_data_flag,annual_maximum_demand_kw,estimated_data_flag_fuel_1,nyc_borough_block_and_lot,multifamily_housing_number_5,difference_from_national_1,supermarket_grocery_gross,estimated_values_energy,convenience_store_with_gas,medical_office_gross_floor,fuel_oil_2_use_kbtu,site_eui_kbtu_ft,electricity_use_generated,office_weekly_operating_hours,last_modified_date_gas_meters,default_values,office_gross_floor_area_ft,annual_maximum_demand_mm,weather_normalized_site_3,financial_office_number_of,indoor_water_use_all_water,postcode,weather_normalized_site_2,district_chilled_water_use,last_modified_date_property,address_2,source_energy_use_adjusted,retail_store_number_of_walk,property_gfa_calculated,other_weekly_operating_hours,source_energy_use_kbtu,multifamily_housing_gross,multifamily_housing_number_1,_2nd_largest_property_use,retail_store_gross_floor,outdoor_water_use_all_water,other_number_of_computers,_2nd_largest_property_use_1,multifamily_housing_percent,ambulatory_surgical_center,other_gross_floor_area_ft,automobile_dealership_gross,electricity_use_generated_2,fuel_oil_5_6_use_kbtu,pre_school_daycare_gross,multifamily_housing_number_6,alert_gross_floor_area_is,college_university_number,food_service_gross_floor,hotel_percent_that_can_be,third_party_certification_2,k_12_school_gross_floor_area,outpatient_rehabilitation
98-01 159th Avenue,Not Available,Not Available,No,334.4,Not Available,4141680016,Not Available,-2.8,Not Available,No,Not Available,Not Available,731400.1,68.9,Not Available,Not Available,04/11/2019 11:57 AM EDT,No,Not Available,07/2018,556359.9,Not Available,Not Available,11414,41033.7,Not Available,04/11/2019 11:58 AM EDT,Not Available,10417229.9,Not Available,98460.0,Not Available,10417229.9,Not Available,Not Available,Not Available,Not Available,Not Available,Not Available,Not Available,Not Available,Not Available,Not Available,Not Available,Not Available,Not Available,Not Available,Not Available,Ok,Not Available,Not Available,Not Available,Not Available,98460,Not Available
51 Christopher Avenue,Not Available,Not Available,No,312,No,3036930001,Not Available,-24,Not Available,No,Not Available,Not Available,Not Available,68.9,Not Available,Not Available,04/09/2019 04:46 PM EDT,No,Not Available,09/2018,476799.9,Not Available,Not Available,11212,881,Not Available,04/09/2019 04:47 PM EDT,Not Available,10848884.8,Not Available,114000.0,Not Available,10848884.8,Not Available,Not Available,Not Available,Not Available,Not Available,Not Available,Not Available,Not Available,Not Available,Not Available,Not Available,Not Available,Not Available,Not Available,Not Available,Ok,Not Available,Not Available,Not Available,Not Available,114000,Not Available
28-01 41st Avenue,Not Available,Not Available,No,520,No,4004040001,Not Available,-31.5,Not Available,No,Not Available,Not Available,Not Available,64.2,Not Available,Not Available,04/09/2019 02:09 PM EDT,No,Not Available,09/2018,755599.9,Not Available,Not Available,11101,3827,Not Available,04/09/2019 02:10 PM EDT,Not Available,14143236.4,Not Available,146778.0,Not Available,14143236.4,Not Available,Not Available,Not Available,Not Available,Not Available,Not Available,Not Available,Not Available,Not Available,Not Available,Not Available,Not Available,Not Available,Not Available,Not Available,Ok,Not Available,Not Available,Not Available,Not Available,146778,Not Available
225 West 24th Street,Not Available,Not Available,No,660.1,Not Available,1007740019,Not Available,-0.3,Not Available,No,Not Available,Not Available,Not Available,68.4,Not Available,Not Available,04/09/2019 04:46 PM EDT,No,Not Available,09/2018,1569292.9,Not Available,Not Available,10003,1,Not Available,04/09/2019 04:46 PM EDT,Not Available,38450858.7,Not Available,363130.0,Not Available,38450858.7,Not Available,Not Available,Not Available,Not Available,Not Available,Not Available,Not Available,Not Available,Not Available,Not Available,Not Available,Not Available,Not Available,Not Available,Not Available,Ok,Not Available,Not Available,Not Available,Not Available,363130,Not Available
1RA,Not Available,Not Available,No,777.6,Not Available,4065070150,Not Available,11.9,Not Available,No,Not Available,Not Available,897000,71.5,Not Available,Not Available,04/09/2019 02:09 PM EDT,No,Not Available,09/2018,1429949.7,Not Available,Not Available,11367,38737.3,Not Available,04/09/2019 02:10 PM EDT,Not Available,19026803.4,Not Available,136900.0,Not Available,19026803.4,Not Available,Not Available,Not Available,Not Available,Not Available,Not Available,Not Available,Not Available,Not Available,Not Available,Not Available,Not Available,Not Available,Not Available,Not Available,Ok,Not Available,Not Available,Not Available,Not Available,136900,Not Available
314 Pacific Street,Not Available,Not Available,No,252,No,3001880014,Not Available,-34.5,Not Available,No,Not Available,Not Available,Not Available,58.5,Not Available,Not Available,04/09/2019 04:46 PM EDT,No,Not Available,09/2018,500561.1,Not Available,Not Available,11201,727,Not Available,04/09/2019 04:47 PM EDT,Not Available,9528891.4,Not Available,109200.0,Not Available,9528891.4,Not Available,Not Available,Not Available,Not Available,Not Available,Not Available,Not Available,Not Available,Not Available,Not Available,Not Available,Not Available,Not Available,Not Available,Not Available,Ok,Not Available,Not Available,Not Available,Not Available,109200,Not Available
100 West 84th Street,Not Available,Not Available,No,219.2,No,1012140029,Not Available,-28.2,Not Available,No,Not Available,Not Available,Not Available,69.5,Not Available,Not Available,04/09/2019 04:46 PM EDT,No,Not Available,09/2018,359359.9,Not Available,Not Available,10024,3133,Not Available,04/09/2019 04:47 PM EDT,Not Available,9632898,Not Available,105725.0,Not Available,9632898,Not Available,Not Available,Not Available,Not Available,Not Available,Not Available,Not Available,Not Available,Not Available,Not Available,Not Available,Not Available,Not Available,Not Available,Not Available,Ok,Not Available,Not Available,Not Available,Not Available,105725,Not Available
3010 Briggs Avenue,Not Available,Not Available,No,222.4,Not Available,2032990060,Not Available,-32.3,Not Available,No,Not Available,Not Available,3381551.8,63.2,Not Available,Not Available,04/09/2019 02:09 PM EDT,No,Not Available,06/2018,480208.9,Not Available,Not Available,10458,8305.7,Not Available,04/09/2019 02:10 PM EDT,Not Available,8889878.4,Not Available,92480.0,Not Available,8889878.4,Not Available,Not Available,Not Available,Not Available,Not Available,Not Available,Not Available,Not Available,Not Available,Not Available,Not Available,Not Available,Not Available,Not Available,Not Available,Ok,Not Available,Not Available,Not Available,Not Available,92480,Not Available
2707 Albermarle Road,Not Available,Not Available,No,248,Not Available,3051110001,Not Available,37.1,Not Available,No,Not Available,Not Available,1780641.5,102.1,Not Available,Not Available,04/11/2019 11:56 AM EDT,No,Not Available,07/2018,591019.7,Not Available,Not Available,11226,66.8,Not Available,04/11/2019 11:58 AM EDT,Not Available,7782004.9,Not Available,38400.0,Not Available,7782004.9,Not Available,Not Available,Not Available,Not Available,Not Available,Not Available,Not Available,Not Available,Not Available,Not Available,Not Available,Not Available,Not Available,Not Available,Not Available,Ok,Not Available,Not Available,Not Available,Not Available,38400,Not Available
71 Sand Lane,Not Available,Not Available,No,176,Not Available,5030970014,Not Available,-13.3,Not Available,No,Not Available,Not Available,787013.7,81.3,Not Available,Not Available,04/11/2019 11:56 AM EDT,No,Not Available,09/2018,336030.4,Not Available,Not Available,10305,23662.2,Not Available,04/11/2019 11:58 AM EDT,Not Available,6370043.6,Not Available,51680.0,Not Available,6370043.6,Not Available,Not Available,Not Available,Not Available,Not Available,Not Available,Not Available,Not Available,Not Available,Not Available,Not Available,Not Available,Not Available,Not Available,Not Available,Ok,Not Available,Not Available,Not Available,Not Available,51680,Not Available
2351 1st Avenue,Not Available,Not Available,No,700,Not Available,1017970100,Not Available,-42.3,Not Available,No,Not Available,Not Available,Not Available,61.1,Not Available,Not Available,04/09/2019 04:46 PM EDT,No,Not Available,08/2018,946811.4,Not Available,Not Available,10035,96225,Not Available,04/09/2019 04:46 PM EDT,Not Available,19150167,Not Available,210000.0,Not Available,19150167,Not Available,Not Available,Swimming Pool,Not Available,Not Available,Not Available,0,Not Available,Not Available,Not Available,Not Available,Not Available,Not Available,Not Available,Not Available,Ok,Not Available,Not Available,Not Available,Not Available,210000,Not Available
80 Underhill Avenue,Not Available,Not Available,No,246,No,3011450026,Not Available,-33.4,Not Available,No,Not Available,Not Available,Not Available,55.8,Not Available,Not Available,04/09/2019 04:46 PM EDT,No,Not Available,09/2018,523399.9,Not Available,Not Available,11238,683,Not Available,04/09/2019 04:47 PM EDT,Not Available,11043804.3,Not Available,139200.0,Not Available,11043804.3,Not Available,Not Available,Not Available,Not Available,Not Available,Not Available,Not Available,Not Available,Not Available,Not Available,Not Available,Not Available,Not Available,Not Available,Not Available,Ok,Not Available,Not Available,Not Available,Not Available,139200,Not Available
33 Ferndale Avenue,Not Available,Not Available,No,460.8,No,5023640001,Not Available,-41.9,Not Available,No,Not Available,Not Available,Not Available,39.5,Not Available,Not Available,04/11/2019 11:56 AM EDT,No,Not Available,09/2018,1026293.8,Not Available,Not Available,10314,1,Not Available,04/11/2019 11:58 AM EDT,Not Available,14709298.5,Not Available,209050.0,Not Available,14709298.5,Not Available,Not Available,Not Available,Not Available,Not Available,Not Available,Not Available,Not Available,Not Available,Not Available,Not Available,Not Available,Not Available,Not Available,Not Available,Ok,Not Available,Not Available,Not Available,Not Available,209050,Not Available
400 Empire Boulevard,Not Available,Not Available,No,187.2,Not Available,3013160015,Not Available,-10.6,Not Available,No,Not Available,Not Available,Not Available,62.4,Not Available,Not Available,04/11/2019 11:57 AM EDT,No,Not Available,06/2018,801919.9,Not Available,Not Available,11225,80190,Not Available,04/11/2019 11:57 AM EDT,Not Available,15803867.9,Not Available,168000.0,Not Available,15803867.9,Not Available,Not Available,Not Available,Not Available,Not Available,Not Available,Not Available,Not Available,Not Available,Not Available,Not Available,Not Available,Not Available,Not Available,Not Available,Ok,Not Available,Not Available,Not Available,Not Available,168000,Not Available
64-20 175th Street,Not Available,Not Available,No,282,No,4069030001,Not Available,-37.3,Not Available,No,Not Available,Not Available,6412445.9,56.3,Not Available,Not Available,04/09/2019 02:09 PM EDT,No,Not Available,09/2018,591119.9,Not Available,Not Available,11365,906.9,Not Available,04/09/2019 02:10 PM EDT,Not Available,12217869.3,Not Available,151325.0,Not Available,12217869.3,Not Available,Not Available,Not Available,Not Available,Not Available,Not Available,Not Available,Not Available,Not Available,Not Available,Not Available,Not Available,Not Available,Not Available,Not Available,Ok,Not Available,Not Available,Not Available,Not Available,151325,Not Available
345 Brook Avenue,Not Available,Not Available,No,331.2,Not Available,2022860036,Not Available,-36.1,Not Available,No,Not Available,Not Available,6141275.8,54.8,Not Available,Not Available,04/09/2019 02:09 PM EDT,No,Not Available,09/2018,754154.7,Not Available,Not Available,10454,2949,Not Available,04/09/2019 02:10 PM EDT,Not Available,13737912.3,Not Available,164525.0,Not Available,13737912.3,Not Available,Not Available,Not Available,Not Available,Not Available,Not Available,Not Available,Not Available,Not Available,Not Available,Not Available,Not Available,Not Available,Not Available,Not Available,Ok,Not Available,Not Available,Not Available,Not Available,164525,Not Available
2151 Washington Avenue,Not Available,Not Available,No,328,Not Available,2030370079,Not Available,6.5,Not Available,No,Not Available,Not Available,3726414.1,97.9,Not Available,Not Available,04/09/2019 02:09 PM EDT,No,Not Available,10/2018,650618.3,Not Available,Not Available,10457,28049,Not Available,04/09/2019 02:10 PM EDT,Not Available,13098270.8,Not Available,90031.0,Not Available,13098270.8,Not Available,Not Available,Not Available,Not Available,Not Available,Not Available,Not Available,Not Available,Not Available,Not Available,Not Available,Not Available,Not Available,Not Available,Not Available,Ok,Not Available,Not Available,Not Available,Not Available,90031,Not Available
1220 Gerard Avenue,Not Available,Not Available,No,440,Not Available,2024800008,Not Available,37.7,Not Available,No,Not Available,Not Available,414000,96.2,Not Available,Not Available,04/09/2019 02:09 PM EDT,No,Not Available,05/2018,1256065.3,Not Available,Not Available,10452,74682.3,Not Available,04/09/2019 02:10 PM EDT,Not Available,20266609.2,Not Available,125583.0,Not Available,20266609.2,Not Available,Not Available,Not Available,Not Available,Not Available,Not Available,Not Available,Not Available,Not Available,Not Available,Not Available,Not Available,Not Available,Not Available,Not Available,Ok,Not Available,Not Available,Not Available,Not Available,125583,Not Available
167-02 45th Avenue,Not Available,Not Available,No,240,No,4054460018,Not Available,-17.6,Not Available,No,Not Available,Not Available,Not Available,69.5,Not Available,Not Available,04/09/2019 02:09 PM EDT,No,Not Available,09/2018,545599.9,Not Available,Not Available,11358,7431.7,Not Available,04/09/2019 02:10 PM EDT,Not Available,12627998.1,Not Available,132060.0,Not Available,12627998.1,Not Available,Not Available,Not Available,Not Available,Not Available,Not Available,Not Available,Not Available,Not Available,Not Available,Not Available,Not Available,Not Available,Not Available,Not Available,Ok,Not Available,Not Available,Not Available,Not Available,132060,Not Available
17-15 Weirfield Street,Not Available,Not Available,No,610.3,Not Available,4035610001,Not Available,16.1,Not Available,No,Not Available,Not Available,621419.5,63.4,Not Available,Not Available,04/09/2019 02:09 PM EDT,No,Not Available,07/2018,1258148,Not Available,Not Available,11385,23907.2,Not Available,04/09/2019 02:10 PM EDT,Not Available,15545640.5,Not Available,117126.0,Not Available,15545640.5,Not Available,Not Available,Not Available,Not Available,Not Available,Not Available,Not Available,Not Available,Not Available,Not Available,Not Available,Not Available,Not Available,Not Available,Not Available,Ok,Not Available,Not Available,Not Available,Not Available,117126,Not Available
555 Fifth Avenue,Not Available,Not Available,No,Not Available,Not Available,1-01281-0069,Not Available,-2.2,Not Available,No,Not Available,Not Available,Not Available,75.5,Not Available,57.99,Not Available,No,207357,Not Available,4337131.2,Not Available,Not Available,10017,Not Available,Not Available,03/12/2019 01:25 PM EDT,Not Available,45760039.2,2,243294.0,Not Available,45760039.2,Not Available,Not Available,Retail Store,34137,Not Available,Not Available,34137,Not Available,Not Available,Not Available,Not Available,Not Available,Not Available,Not Available,Not Available,Ok,Not Available,Not Available,Not Available,Not Available,Not Available,Not Available
1000 East Tremont Avenue,Not Available,Not Available,No,202.4,Not Available,2030050010,Not Available,-10.5,Not Available,No,Not Available,Not Available,2646426.1,65.1,Not Available,Not Available,04/09/2019 02:09 PM EDT,No,Not Available,09/2018,591978.2,Not Available,Not Available,10460,24247.9,Not Available,04/09/2019 02:10 PM EDT,Not Available,10814277.7,Not Available,108480.0,Not Available,10814277.7,Not Available,Not Available,Not Available,Not Available,Not Available,Not Available,Not Available,Not Available,Not Available,Not Available,Not Available,Not Available,Not Available,Not Available,Not Available,Ok,Not Available,Not Available,Not Available,Not Available,108480,Not Available
2703 Webster Avenue,Not Available,Not Available,No,328,Not Available,2032780014,Not Available,12.4,Not Available,No,Not Available,Not Available,331337.9,76.2,Not Available,Not Available,04/09/2019 02:09 PM EDT,No,Not Available,06/2018,974902.2,Not Available,Not Available,10458,33412.6,Not Available,04/09/2019 02:10 PM EDT,Not Available,13146782.3,Not Available,91200.0,Not Available,13146782.3,Not Available,Not Available,Not Available,Not Available,Not Available,Not Available,Not Available,Not Available,Not Available,Not Available,Not Available,Not Available,Not Available,Not Available,Not Available,Ok,Not Available,Not Available,Not Available,Not Available,91200,Not Available
468 East 140th Street,Not Available,Not Available,No,204,Not Available,2022840034,Not Available,-37.1,Not Available,No,Not Available,Not Available,Not Available,44.3,Not Available,Not Available,04/09/2019 02:09 PM EDT,No,Not Available,09/2018,456399.9,Not Available,Not Available,10454,32319.4,Not Available,04/09/2019 02:09 PM EDT,Not Available,7748508,Not Available,108000.0,Not Available,7748508,Not Available,Not Available,Not Available,Not Available,Not Available,Not Available,Not Available,Not Available,Not Available,Not Available,Not Available,Not Available,Not Available,Not Available,Not Available,Ok,Not Available,Not Available,Not Available,Not Available,108000,Not Available
2163 Dean Street,Not Available,Not Available,No,148.8,Not Available,3014400056,Not Available,36.7,Not Available,No,Not Available,Not Available,823169.9,92.6,Not Available,Not Available,04/09/2019 04:46 PM EDT,No,Not Available,09/2018,542639.9,Not Available,Not Available,11233,61829.6,Not Available,04/09/2019 04:47 PM EDT,Not Available,12304122.3,Not Available,93600.0,Not Available,12304122.3,Not Available,Not Available,Not Available,Not Available,Not Available,Not Available,Not Available,Not Available,Not Available,Not Available,Not Available,Not Available,Not Available,Not Available,Not Available,Ok,Not Available,Not Available,Not Available,Not Available,93600,Not Available
19 East 103rd Street,Not Available,Not Available,No,206.4,Not Available,1016090007,Not Available,-6.1,Not Available,No,Not Available,Not Available,0,84.2,Not Available,Not Available,04/09/2019 04:46 PM EDT,No,Not Available,09/2018,541919.9,Not Available,Not Available,10029,78889.2,Not Available,04/09/2019 04:47 PM EDT,Not Available,13321821.8,Not Available,114100.0,Not Available,13321821.8,Not Available,Not Available,Not Available,Not Available,Not Available,Not Available,Not Available,Not Available,Not Available,Not Available,Not Available,Not Available,Not Available,Not Available,Not Available,Ok,Not Available,Not Available,Not Available,Not Available,114100,Not Available
735 West End Avenue,Not Available,Not Available,No,260,No,1012530065,Not Available,-36.5,Not Available,No,Not Available,Not Available,3309239.8,49.3,Not Available,Not Available,04/09/2019 04:46 PM EDT,No,Not Available,06/2018,603372.2,Not Available,Not Available,10025,754,Not Available,04/09/2019 04:47 PM EDT,Not Available,9210983.8,Not Available,110575.0,Not Available,9210983.8,Not Available,Not Available,Not Available,Not Available,Not Available,Not Available,Not Available,Not Available,Not Available,Not Available,Not Available,Not Available,Not Available,Not Available,Not Available,Ok,Not Available,Not Available,Not Available,Not Available,110575,Not Available
341 East 207th Street,Not Available,Not Available,No,328,Not Available,2033510001,Not Available,11.3,Not Available,No,Not Available,Not Available,0,87.7,Not Available,Not Available,04/09/2019 02:09 PM EDT,No,Not Available,08/2018,980799.9,Not Available,Not Available,10467,50084.5,Not Available,04/09/2019 02:10 PM EDT,Not Available,14694300.7,Not Available,96000.0,Not Available,14694300.7,Not Available,Not Available,Not Available,Not Available,Not Available,Not Available,Not Available,Not Available,Not Available,Not Available,Not Available,Not Available,Not Available,Not Available,Not Available,Ok,Not Available,Not Available,Not Available,Not Available,96000,Not Available
475 West 155th Street,Not Available,Not Available,No,266,No,1021070026,Not Available,-34.6,Not Available,No,Not Available,Not Available,Not Available,50.5,Not Available,Not Available,04/09/2019 04:46 PM EDT,No,Not Available,09/2018,479199.9,Not Available,Not Available,10032,4131.1,Not Available,04/09/2019 04:47 PM EDT,Not Available,9186833.2,Not Available,122525.0,Not Available,9186833.2,Not Available,Not Available,Not Available,Not Available,Not Available,Not Available,Not Available,Not Available,Not Available,Not Available,Not Available,Not Available,Not Available,Not Available,Not Available,Ok,Not Available,Not Available,Not Available,Not Available,122525,Not Available
982 Hegeman Avenue,Not Available,Not Available,No,319.2,Not Available,3044770001,Not Available,56.3,Not Available,No,Not Available,Not Available,1868520,112.5,Not Available,Not Available,04/09/2019 04:46 PM EDT,No,Not Available,11/2018,721827.3,Not Available,Not Available,11208,108860.7,Not Available,04/09/2019 04:47 PM EDT,Not Available,20451807.6,Not Available,136800.0,Not Available,20451807.6,Not Available,Not Available,Not Available,Not Available,Not Available,Not Available,Not Available,Not Available,Not Available,Not Available,Not Available,Not Available,Not Available,Not Available,Not Available,Ok,Not Available,Not Available,Not Available,Not Available,136800,Not Available
34 West 118th Street,Not Available,Not Available,No,425.8,Not Available,1016010001,Not Available,-9,Not Available,No,Not Available,Not Available,Not Available,78,Not Available,Not Available,04/09/2019 04:46 PM EDT,No,Not Available,09/2018,1115950.6,Not Available,Not Available,10026,80026.1,Not Available,04/09/2019 04:46 PM EDT,41 West 117th Street,19085452.9,Not Available,151200.0,Not Available,19085452.9,Not Available,Not Available,Not Available,Not Available,Not Available,Not Available,Not Available,Not Available,Not Available,Not Available,Not Available,Not Available,Not Available,Not Available,Not Available,Ok,Not Available,Not Available,Not Available,Not Available,151200,Not Available
41 Madison Ave,Not Available,Not Available,No,Not Available,Not Available,1008550037,Not Available,19.8,Not Available,No,Not Available,Not Available,Not Available,119.1,Not Available,62.99,04/11/2019 09:06 AM EDT,No,518623,Not Available,6253431.2,Not Available,8321.3,10010,77.1,Not Available,04/30/2019 04:40 PM EDT,Not Available,109931703.2,Not Available,527815.0,40,109931703.2,Not Available,Not Available,Restaurant,Not Available,Not Available,2,5192,Not Available,Not Available,4000,Not Available,Not Available,Not Available,Not Available,Not Available,Ok,Not Available,Not Available,Not Available,Not Available,Not Available,Not Available
121-10 Rockaway Boulevard,Not Available,Not Available,No,464.4,Not Available,4117140100,Not Available,-15.4,Not Available,No,Not Available,Not Available,1193700,65.1,510548.8,Not Available,04/11/2019 11:56 AM EDT,No,Not Available,09/2018,1455617.4,Not Available,Not Available,11420,95346.4,Not Available,04/16/2019 03:14 PM EDT,Not Available,25764943.3,Not Available,250800.0,Not Available,25764943.3,Not Available,Not Available,Not Available,Not Available,Not Available,Not Available,Not Available,Not Available,Not Available,Not Available,Not Available,217.4,Not Available,Not Available,Not Available,Ok,Not Available,Not Available,Not Available,Not Available,250800,Not Available
196-35 Peck Avenue,Not Available,Not Available,No,156,Not Available,4071280010,Not Available,-66.4,Not Available,No,Not Available,Not Available,2276999.9,24.8,Not Available,Not Available,04/09/2019 02:09 PM EDT,No,Not Available,08/2018,267153.9,Not Available,Not Available,11365,218,Not Available,04/09/2019 02:10 PM EDT,Not Available,4886846.1,Not Available,129725.0,Not Available,4886846.1,Not Available,Not Available,Not Available,Not Available,Not Available,Not Available,Not Available,Not Available,Not Available,Not Available,Not Available,Not Available,Not Available,Not Available,Not Available,Ok,Not Available,Not Available,Not Available,Not Available,129725,Not Available
32 West 92nd Street,Not Available,Not Available,No,132,Not Available,1012050006,Not Available,-25.7,Not Available,No,Not Available,Not Available,4768976.1,59.3,Not Available,Not Available,04/09/2019 04:46 PM EDT,No,Not Available,06/2018,396799.9,Not Available,Not Available,10025,752,Not Available,04/09/2019 04:47 PM EDT,Not Available,8686494.3,Not Available,104525.0,Not Available,8686494.3,Not Available,Not Available,Not Available,Not Available,Not Available,Not Available,Not Available,Not Available,Not Available,Not Available,Not Available,Not Available,Not Available,Not Available,Not Available,Ok,Not Available,Not Available,Not Available,Not Available,104525,Not Available
1750 Amsterdam Avenue,Not Available,Not Available,No,395.5,Not Available,1020780019,Not Available,-28.5,Not Available,No,Not Available,Not Available,760380.1,56.7,Not Available,Not Available,04/09/2019 04:46 PM EDT,No,Not Available,09/2018,787599.9,Not Available,Not Available,10031,58871.6,Not Available,04/09/2019 04:47 PM EDT,Not Available,14327379.4,Not Available,162125.0,Not Available,14327379.4,Not Available,Not Available,Not Available,Not Available,Not Available,Not Available,Not Available,Not Available,Not Available,Not Available,Not Available,Not Available,Not Available,Not Available,Not Available,Ok,Not Available,Not Available,Not Available,Not Available,162125,Not Available
510 Clermont Avenue,Not Available,Not Available,No,153,No,3020080001,Not Available,69,Not Available,No,Not Available,Not Available,Not Available,243.9,Not Available,Not Available,04/09/2019 04:46 PM EDT,No,Not Available,08/2018,401100,Not Available,Not Available,11238,144,Not Available,04/09/2019 04:47 PM EDT,Not Available,17524081.4,Not Available,61200.0,Not Available,17524081.4,Not Available,Not Available,Not Available,Not Available,Not Available,Not Available,Not Available,Not Available,Not Available,Not Available,Not Available,Not Available,Not Available,Not Available,Not Available,Ok,Not Available,Not Available,Not Available,Not Available,61200,Not Available
605 3rd Avenue,Not Available,Not Available,No,Not Available,Not Available,1009200012,Not Available,-22.5,Not Available,No,Not Available,Not Available,Not Available,64.3,Not Available,32.81,Not Available,No,677630,Not Available,11206622.2,1673,15287.5,10016,Not Available,Not Available,04/04/2019 05:10 PM EDT,Not Available,142814322,Not Available,1056389.0,Not Available,142814322,Not Available,Not Available,Financial Office,Not Available,Not Available,Not Available,378759,Not Available,Not Available,Not Available,Not Available,Not Available,Not Available,Not Available,Not Available,Ok,Not Available,Not Available,Not Available,Not Available,Not Available,Not Available
560 Theriot Avenue,Not Available,Not Available,No,128,Not Available,2035240020,Not Available,-20.9,Not Available,No,Not Available,Not Available,1173000,55.5,Not Available,Not Available,04/09/2019 02:09 PM EDT,No,Not Available,09/2018,260800,Not Available,Not Available,10473,9518.8,Not Available,04/09/2019 02:10 PM EDT,Not Available,4654489,Not Available,54000.0,Not Available,4654489,Not Available,Not Available,Not Available,Not Available,Not Available,Not Available,Not Available,Not Available,Not Available,Not Available,Not Available,Not Available,Not Available,Not Available,Not Available,Ok,Not Available,Not Available,Not Available,Not Available,54000,Not Available
420 East 12th Street,Not Available,Not Available,No,244,Not Available,1004390017,Not Available,-14.4,Not Available,No,Not Available,Not Available,0,70.8,Not Available,Not Available,04/09/2019 04:46 PM EDT,No,Not Available,10/2018,702399.9,Not Available,Not Available,10009,78415.2,Not Available,04/09/2019 04:47 PM EDT,Not Available,14911788.7,Not Available,144175.0,Not Available,14911788.7,Not Available,Not Available,Not Available,Not Available,Not Available,Not Available,Not Available,Not Available,Not Available,Not Available,Not Available,Not Available,Not Available,Not Available,Not Available,Ok,Not Available,Not Available,Not Available,Not Available,144175,Not Available
1449 Shakespeare Avenue,Not Available,Not Available,No,180.8,Not Available,2028730027,Not Available,-1.5,Not Available,No,Not Available,Not Available,623484.1,79.1,Not Available,Not Available,04/09/2019 02:09 PM EDT,No,Not Available,06/2018,473759.9,Not Available,Not Available,10452,78843.1,Not Available,04/09/2019 02:10 PM EDT,Not Available,13177622.7,Not Available,124900.0,Not Available,13177622.7,Not Available,Not Available,Not Available,Not Available,Not Available,Not Available,Not Available,Not Available,Not Available,Not Available,Not Available,Not Available,Not Available,Not Available,Not Available,Ok,Not Available,Not Available,Not Available,Not Available,124900,Not Available
284 Baltic Street,Not Available,Not Available,No,424,No,3004020001,Not Available,-34.5,Not Available,No,Not Available,Not Available,Not Available,53.1,Not Available,Not Available,04/09/2019 04:46 PM EDT,No,Not Available,09/2018,834399.9,Not Available,Not Available,11201,3607,Not Available,04/09/2019 04:47 PM EDT,Not Available,15278990.8,Not Available,189600.0,Not Available,15278990.8,Not Available,Not Available,Not Available,Not Available,Not Available,Not Available,Not Available,Not Available,Not Available,Not Available,Not Available,Not Available,Not Available,Not Available,Not Available,Ok,Not Available,Not Available,Not Available,Not Available,189600,Not Available
551 Madison Avenue,Not Available,Not Available,No,Not Available,Not Available,1012910021,Not Available,1.8,Not Available,No,Not Available,Not Available,Not Available,67.2,Not Available,45.02,04/08/2019 11:26 AM EDT,No,127158,Not Available,1977631,Not Available,2645.2,10022,17407.8,Not Available,04/08/2019 11:29 AM EDT,Not Available,20862253.4,Not Available,127158.0,Not Available,20862253.4,Not Available,Not Available,Not Available,Not Available,Not Available,Not Available,Not Available,Not Available,Not Available,Not Available,Not Available,Not Available,Not Available,Not Available,Not Available,Ok,Not Available,Not Available,Not Available,Not Available,Not Available,Not Available
154 West 93rd Street,Not Available,Not Available,No,336,No,1012230005,Not Available,-5.1,Not Available,No,Not Available,Not Available,Not Available,82.6,Not Available,Not Available,04/09/2019 04:46 PM EDT,No,Not Available,09/2018,843692,Not Available,Not Available,10025,4983.7,Not Available,04/09/2019 04:47 PM EDT,Not Available,19165236.9,Not Available,168175.0,Not Available,19165236.9,Not Available,Not Available,Not Available,Not Available,Not Available,Not Available,Not Available,Not Available,Not Available,Not Available,Not Available,Not Available,Not Available,Not Available,Not Available,Ok,Not Available,Not Available,Not Available,Not Available,168175,Not Available
100 Trinity Place!,Not Available,Not Available,No,316,Not Available,1000520001,Not Available,80.5,Not Available,No,Not Available,Not Available,Not Available,136.8,Not Available,Not Available,04/09/2019 04:46 PM EDT,No,Not Available,09/2018,1307599.8,Not Available,Not Available,10006,467,Not Available,04/09/2019 04:46 PM EDT,Not Available,26066757.7,Not Available,115125.0,Not Available,26066757.7,Not Available,Not Available,Not Available,Not Available,Not Available,Not Available,Not Available,Not Available,Not Available,Not Available,Not Available,Not Available,Not Available,Not Available,Not Available,Ok,Not Available,Not Available,Not Available,Not Available,115125,Not Available
1633 East 8th Street,Not Available,Not Available,No,264,Not Available,3066400013,Not Available,-14.2,Not Available,No,Not Available,Not Available,393300.1,71.1,Not Available,Not Available,04/11/2019 11:56 AM EDT,No,Not Available,07/2018,632639.9,Not Available,Not Available,11223,48732.8,Not Available,04/11/2019 11:57 AM EDT,Not Available,11642187.5,Not Available,105600.0,Not Available,11642187.5,Not Available,Not Available,Not Available,Not Available,Not Available,Not Available,Not Available,Not Available,Not Available,Not Available,Not Available,Not Available,Not Available,Not Available,Not Available,Ok,Not Available,Not Available,Not Available,Not Available,105600,Not Available
85-52 85th Street,Not Available,Not Available,No,172,Not Available,4088550020,Not Available,9.8,Not Available,No,Not Available,Not Available,703938.1,63.5,Not Available,Not Available,04/11/2019 11:56 AM EDT,No,Not Available,09/2018,495279.1,Not Available,Not Available,11421,33199.9,Not Available,04/11/2019 11:57 AM EDT,Not Available,8970508.8,Not Available,90665.0,Not Available,8970508.8,Not Available,Not Available,Not Available,Not Available,Not Available,Not Available,Not Available,Not Available,Not Available,Not Available,Not Available,Not Available,Not Available,Not Available,Not Available,Ok,Not Available,Not Available,Not Available,Not Available,90665,Not Available
499 West 133rd Street,Not Available,Not Available,No,240,Not Available,1019710001,Not Available,-41.7,Not Available,No,Not Available,Not Available,3493607.7,47.5,Not Available,Not Available,04/09/2019 04:46 PM EDT,No,Not Available,09/2018,534799.9,Not Available,Not Available,10027,1017,Not Available,04/09/2019 04:47 PM EDT,Not Available,8744594.1,Not Available,114125.0,Not Available,8744594.1,Not Available,Not Available,Not Available,Not Available,Not Available,Not Available,Not Available,Not Available,Not Available,Not Available,Not Available,Not Available,Not Available,Not Available,Not Available,Ok,Not Available,Not Available,Not Available,Not Available,114125,Not Available
2475 Southern Boulevard,Not Available,Not Available,No,168,No,2031150021,Not Available,-14.7,Not Available,No,Not Available,Not Available,Not Available,49,Not Available,Not Available,04/09/2019 02:09 PM EDT,No,Not Available,06/2018,371200,Not Available,Not Available,10458,31.1,Not Available,04/09/2019 02:10 PM EDT,Not Available,5540805.3,Not Available,66080.0,Not Available,5540805.3,Not Available,Not Available,Not Available,Not Available,Not Available,Not Available,Not Available,Not Available,Not Available,Not Available,Not Available,Not Available,Not Available,Not Available,Not Available,Ok,Not Available,Not Available,Not Available,Not Available,66080,Not Available
1111 Pugsley Avehue,Not Available,Not Available,No,228,No,2037900040,Not Available,-34.5,Not Available,No,Not Available,Not Available,Not Available,56.4,Not Available,Not Available,04/09/2019 02:09 PM EDT,No,Not Available,09/2018,550799.9,Not Available,Not Available,10472,800,Not Available,04/09/2019 02:10 PM EDT,Not Available,13347302.9,Not Available,175325.0,Not Available,13347302.9,Not Available,Not Available,Not Available,Not Available,Not Available,Not Available,Not Available,Not Available,Not Available,Not Available,Not Available,Not Available,Not Available,Not Available,Not Available,Ok,Not Available,Not Available,Not Available,Not Available,175325,Not Available
145 Stanton Street,Not Available,Not Available,No,537.4,Not Available,1003540080,Not Available,-38,Not Available,No,Not Available,Not Available,4950612.1,47.8,Not Available,Not Available,04/09/2019 04:46 PM EDT,No,Not Available,09/2018,1200848.1,Not Available,Not Available,10002,546.1,Not Available,04/09/2019 04:47 PM EDT,Not Available,16604685.5,Not Available,190975.0,Not Available,16604685.5,Not Available,Not Available,Not Available,Not Available,Not Available,Not Available,Not Available,Not Available,Not Available,Not Available,Not Available,Not Available,Not Available,Not Available,Not Available,Ok,Not Available,Not Available,Not Available,Not Available,190975,Not Available
101 Walton Street,Not Available,Not Available,No,432,No,3022460001,Not Available,-20.1,Not Available,No,Not Available,Not Available,Not Available,73.8,Not Available,Not Available,04/09/2019 04:46 PM EDT,No,Not Available,09/2018,711999.9,Not Available,Not Available,11206,523,Not Available,04/09/2019 04:47 PM EDT,Not Available,17852581.5,Not Available,181200.0,Not Available,17852581.5,Not Available,Not Available,Not Available,Not Available,Not Available,Not Available,Not Available,Not Available,Not Available,Not Available,Not Available,Not Available,Not Available,Not Available,Not Available,Ok,Not Available,Not Available,Not Available,Not Available,181200,Not Available
36-41 28th Street,Not Available,Not Available,No,200,Not Available,4003430001,Not Available,-54.4,Not Available,No,Not Available,Not Available,785220,38.1,460987.5,Not Available,04/09/2019 02:09 PM EDT,No,Not Available,09/2018,444399.9,Not Available,Not Available,11106,43349.6,Not Available,04/15/2019 02:43 PM EDT,Not Available,9940129.2,Not Available,183725.0,Not Available,9940129.2,Not Available,Not Available,Not Available,Not Available,Not Available,Not Available,Not Available,Not Available,Not Available,Not Available,Not Available,0,Not Available,Not Available,Not Available,Ok,Not Available,Not Available,Not Available,Not Available,183725,Not Available
800 Gates Avenue,Not Available,Not Available,No,571.2,Not Available,3016360001,Not Available,-15.2,Not Available,No,Not Available,Not Available,4620101.9,51,431187.7,Not Available,04/09/2019 04:46 PM EDT,No,Not Available,09/2018,1578026,Not Available,Not Available,11221,6,Not Available,04/16/2019 01:13 PM EDT,Not Available,20246308.7,Not Available,205200.0,Not Available,20246308.7,Not Available,Not Available,Not Available,Not Available,Not Available,Not Available,Not Available,Not Available,Not Available,Not Available,Not Available,0,Not Available,Not Available,Not Available,Ok,Not Available,Not Available,Not Available,Not Available,205200,Not Available
265 Ralph Avenue,Not Available,Not Available,No,216,No,3015180001,Not Available,-30.8,Not Available,No,Not Available,Not Available,Not Available,61.7,Not Available,Not Available,04/09/2019 04:46 PM EDT,No,Not Available,06/2018,482999.9,Not Available,Not Available,11233,5282,Not Available,04/09/2019 04:47 PM EDT,Not Available,10524716.6,Not Available,121200.0,Not Available,10524716.6,Not Available,Not Available,Not Available,Not Available,Not Available,Not Available,Not Available,Not Available,Not Available,Not Available,Not Available,Not Available,Not Available,Not Available,Not Available,Ok,Not Available,Not Available,Not Available,Not Available,121200,Not Available
355 37th Street,Not Available,Not Available,No,107,No,3006960031,Not Available,-42.7,Not Available,No,Not Available,Not Available,Not Available,59.4,Not Available,Not Available,04/09/2019 04:46 PM EDT,No,Not Available,11/2018,366948.2,Not Available,Not Available,11232,304,Not Available,04/09/2019 04:47 PM EDT,360 36th Street,8673435.5,Not Available,106800.0,Not Available,8673435.5,Not Available,Not Available,Not Available,Not Available,Not Available,Not Available,Not Available,Not Available,Not Available,Not Available,Not Available,Not Available,Not Available,Not Available,Not Available,Ok,Not Available,Not Available,Not Available,Not Available,106800,Not Available
170-45 84th Avenue,Not Available,Not Available,No,112.8,Not Available,4098750001,Not Available,13.6,Not Available,No,Not Available,Not Available,3413568,74.7,Not Available,Not Available,04/11/2019 11:57 AM EDT,No,Not Available,06/2018,399394.3,Not Available,Not Available,11432,6997,Not Available,04/11/2019 11:58 AM EDT,Not Available,7993216.5,Not Available,73232.0,Not Available,7993216.5,Not Available,Not Available,Not Available,Not Available,Not Available,Not Available,Not Available,Not Available,Not Available,Not Available,Not Available,Not Available,Not Available,Not Available,Not Available,Ok,Not Available,Not Available,Not Available,Not Available,73232,Not Available
640 West 42nd Street,Not Available,Not Available,Yes,Not Available,Not Available,1-01089-0001,1.13105,-17.3,Not Available,Yes,Not Available,Not Available,3598280.7,80.3,Not Available,Not Available,03/08/2019 08:36 PM EST,No,Not Available,Not Available,5250906.9,Not Available,32133.8,10036,506304.1,Not Available,03/08/2019 08:36 PM EST,Not Available,107571705.9,Not Available,927469.0,Not Available,107571705.9,814289,0,Parking,Not Available,Not Available,Not Available,39590,100,Not Available,Not Available,Not Available,Not Available,Not Available,Not Available,0,Ok,Not Available,Not Available,Not Available,Not Available,Not Available,Not Available
1122 East 180th Street,Not Available,Not Available,No,275.3,Not Available,2040060003,Not Available,7.5,Not Available,No,Not Available,Not Available,Not Available,77.4,Not Available,Not Available,04/09/2019 02:09 PM EDT,No,Not Available,09/2018,862848.6,Not Available,Not Available,10460,23858.3,Not Available,04/09/2019 02:09 PM EDT,Not Available,10811050.6,Not Available,69080.0,Not Available,10811050.6,Not Available,Not Available,Not Available,Not Available,Not Available,Not Available,Not Available,Not Available,Not Available,Not Available,Not Available,Not Available,Not Available,Not Available,Not Available,Ok,Not Available,Not Available,Not Available,Not Available,69080,Not Available
120-45 235th Street,Not Available,Not Available,No,372,No,4128200001,Not Available,56.2,Not Available,No,Not Available,Not Available,Not Available,76.2,Not Available,Not Available,04/11/2019 11:56 AM EDT,No,Not Available,11/2018,1185199.9,Not Available,Not Available,11411,16472,Not Available,04/11/2019 11:58 AM EDT,Not Available,17279846.4,Not Available,129600.0,Not Available,17279846.4,Not Available,Not Available,Not Available,Not Available,Not Available,Not Available,Not Available,Not Available,Not Available,Not Available,Not Available,Not Available,Not Available,Not Available,Not Available,Ok,Not Available,Not Available,Not Available,Not Available,129600,Not Available
1180 Tinton Avenue,Not Available,Not Available,No,360,Not Available,2026720001,Not Available,-26.6,Not Available,No,Not Available,Not Available,4692138.1,60.6,Not Available,Not Available,04/09/2019 02:09 PM EDT,No,Not Available,09/2018,783999.9,Not Available,Not Available,10456,538,Not Available,04/09/2019 02:10 PM EDT,Not Available,12285572,Not Available,122400.0,Not Available,12285572,Not Available,Not Available,Not Available,Not Available,Not Available,Not Available,Not Available,Not Available,Not Available,Not Available,Not Available,Not Available,Not Available,Not Available,Not Available,Ok,Not Available,Not Available,Not Available,Not Available,122400,Not Available
1328 Putnam Avenue,Not Available,Not Available,No,183.6,Not Available,3033770001,Not Available,-29,Not Available,No,Not Available,Not Available,1054872,63.9,Not Available,Not Available,04/09/2019 04:46 PM EDT,No,Not Available,07/2018,400403.2,Not Available,Not Available,11221,40458.7,Not Available,04/09/2019 04:47 PM EDT,Not Available,9049610.8,Not Available,99600.0,Not Available,9049610.8,Not Available,Not Available,Not Available,Not Available,Not Available,Not Available,Not Available,Not Available,Not Available,Not Available,Not Available,Not Available,Not Available,Not Available,Not Available,Ok,Not Available,Not Available,Not Available,Not Available,99600,Not Available
977 Fox Street,Not Available,Not Available,No,594.2,Not Available,2027140004,Not Available,-20,Not Available,No,Not Available,Not Available,Not Available,52.1,Not Available,Not Available,04/09/2019 02:09 PM EDT,No,Not Available,09/2018,1644168.8,Not Available,Not Available,10459,53171.3,Not Available,04/09/2019 02:09 PM EDT,Not Available,21330170.3,Not Available,208800.0,Not Available,21330170.3,Not Available,Not Available,Not Available,Not Available,Not Available,Not Available,Not Available,Not Available,Not Available,Not Available,Not Available,Not Available,Not Available,Not Available,Not Available,Ok,Not Available,Not Available,Not Available,Not Available,208800,Not Available
144-39 Gravett Road,Not Available,Not Available,No,296,No,4065070001,Not Available,22.7,Not Available,No,Not Available,Not Available,Not Available,80.3,Not Available,Not Available,04/09/2019 02:09 PM EDT,No,Not Available,09/2018,626799.9,Not Available,Not Available,11367,537,Not Available,04/09/2019 02:10 PM EDT,Not Available,13199113,Not Available,115450.0,Not Available,13199113,Not Available,Not Available,Not Available,Not Available,Not Available,Not Available,Not Available,Not Available,Not Available,Not Available,Not Available,Not Available,Not Available,Not Available,Not Available,Ok,Not Available,Not Available,Not Available,Not Available,115450,Not Available
1245 washington avenue,Not Available,Not Available,No,129.6,No,2023900001,Not Available,-10.2,Not Available,No,Not Available,Not Available,Not Available,71.2,Not Available,Not Available,04/09/2019 02:09 PM EDT,No,Not Available,09/2018,462879.9,Not Available,Not Available,10456,588,Not Available,04/09/2019 02:10 PM EDT,Not Available,11297462,Not Available,117725.0,Not Available,11297462,Not Available,Not Available,Not Available,Not Available,Not Available,Not Available,Not Available,Not Available,Not Available,Not Available,Not Available,Not Available,Not Available,Not Available,Not Available,Ok,Not Available,Not Available,Not Available,Not Available,117725,Not Available
46-35 Oceania Street,Not Available,Not Available,No,219.2,No,4073120001,Not Available,-40,Not Available,No,Not Available,Not Available,Not Available,43.3,Not Available,Not Available,04/09/2019 02:09 PM EDT,No,Not Available,09/2018,506239.9,Not Available,Not Available,11361,1815.8,Not Available,04/09/2019 02:10 PM EDT,Not Available,10287569.8,Not Available,164525.0,Not Available,10287569.8,Not Available,Not Available,Not Available,Not Available,Not Available,Not Available,Not Available,Not Available,Not Available,Not Available,Not Available,Not Available,Not Available,Not Available,Not Available,Ok,Not Available,Not Available,Not Available,Not Available,164525,Not Available
201-15 115th Avenue,Not Available,Not Available,No,108.8,Not Available,4110180021,Not Available,-13.6,Not Available,No,Not Available,Not Available,884028.2,58.7,Not Available,Not Available,04/11/2019 11:57 AM EDT,No,Not Available,06/2018,253644.4,Not Available,Not Available,11412,32110.5,Not Available,04/11/2019 11:58 AM EDT,Not Available,6739232.8,Not Available,85300.0,Not Available,6739232.8,Not Available,Not Available,Not Available,Not Available,Not Available,Not Available,Not Available,Not Available,Not Available,Not Available,Not Available,Not Available,Not Available,Not Available,Not Available,Ok,Not Available,Not Available,Not Available,Not Available,85300,Not Available
1601 80th Street,Not Available,Not Available,No,712.8,Not Available,3062710001,Not Available,-21.7,Not Available,No,Not Available,Not Available,1043970,72.6,Not Available,Not Available,04/11/2019 11:56 AM EDT,No,Not Available,09/2018,2097441.9,Not Available,Not Available,11214,129047.8,Not Available,04/11/2019 11:57 AM EDT,Not Available,34364334,Not Available,286800.0,Not Available,34364334,Not Available,Not Available,Swimming Pool,Not Available,Not Available,Not Available,0,Not Available,Not Available,Not Available,Not Available,Not Available,Not Available,Not Available,Not Available,Ok,Not Available,Not Available,Not Available,Not Available,286800,Not Available
39-20 48th Avenue,Not Available,Not Available,No,132,No,4002060003,Not Available,-18.2,Not Available,No,Not Available,Not Available,Not Available,67.6,Not Available,Not Available,04/09/2019 02:09 PM EDT,No,Not Available,09/2018,425939.9,Not Available,Not Available,11104,190,Not Available,04/09/2019 02:10 PM EDT,Not Available,8508026.4,Not Available,86518.0,Not Available,8508026.4,Not Available,Not Available,Not Available,Not Available,Not Available,Not Available,Not Available,Not Available,Not Available,Not Available,Not Available,Not Available,Not Available,Not Available,Not Available,Ok,Not Available,Not Available,Not Available,Not Available,86518,Not Available
116-01 116 Avenue,Not Available,Not Available,No,111.6,Not Available,4123410031,Not Available,-14.2,Not Available,No,Not Available,Not Available,938123.9,77.1,Not Available,Not Available,04/11/2019 11:56 AM EDT,No,Not Available,09/2018,321600,Not Available,Not Available,11434,48625.5,Not Available,04/11/2019 11:57 AM EDT,Not Available,9204632.6,Not Available,90480.0,Not Available,9204632.6,Not Available,Not Available,Not Available,Not Available,Not Available,Not Available,Not Available,Not Available,Not Available,Not Available,Not Available,Not Available,Not Available,Not Available,Not Available,Ok,Not Available,Not Available,Not Available,Not Available,90480,Not Available
1007 Evergreen Avenue,Not Available,Not Available,No,288,No,2037110001,Not Available,-18.5,Not Available,No,Not Available,Not Available,Not Available,72.3,Not Available,Not Available,04/09/2019 02:09 PM EDT,No,Not Available,09/2018,485599.9,Not Available,Not Available,10472,841,Not Available,04/09/2019 02:10 PM EDT,Not Available,10940833.9,Not Available,109200.0,Not Available,10940833.9,Not Available,Not Available,Not Available,Not Available,Not Available,Not Available,Not Available,Not Available,Not Available,Not Available,Not Available,Not Available,Not Available,Not Available,Not Available,Ok,Not Available,Not Available,Not Available,Not Available,109200,Not Available
1691 Weeks Avenue,Not Available,Not Available,No,472,Not Available,2027930028,Not Available,0.1,Not Available,No,Not Available,Not Available,6371183.9,62.2,Not Available,Not Available,04/09/2019 02:09 PM EDT,No,Not Available,01/2018,957599.8,Not Available,Not Available,10457,12135.8,Not Available,04/09/2019 02:10 PM EDT,Not Available,16805202.6,Not Available,173789.0,Not Available,16805202.6,Not Available,Not Available,Not Available,Not Available,Not Available,Not Available,Not Available,Not Available,Not Available,Not Available,Not Available,Not Available,Not Available,Not Available,Not Available,Ok,Not Available,Not Available,Not Available,Not Available,173789,Not Available
1537 Washington Avenue,Not Available,Not Available,No,179.2,Not Available,2029030023,Not Available,-32.9,Not Available,No,Not Available,Not Available,0,42.2,Not Available,Not Available,04/09/2019 02:09 PM EDT,No,Not Available,09/2018,318874.6,Not Available,Not Available,10457,22416.7,Not Available,04/09/2019 02:10 PM EDT,Not Available,5403093.2,Not Available,78175.0,Not Available,5403093.2,Not Available,Not Available,Not Available,Not Available,Not Available,Not Available,Not Available,Not Available,Not Available,Not Available,Not Available,Not Available,Not Available,Not Available,Not Available,Ok,Not Available,Not Available,Not Available,Not Available,78175,Not Available
21-27 Himrod Street,Not Available,Not Available,No,280,Not Available,4033630001,Not Available,-30.7,Not Available,No,Not Available,Not Available,1728587.9,64.4,Not Available,Not Available,04/09/2019 02:09 PM EDT,No,Not Available,09/2018,1041599.8,Not Available,Not Available,11385,148596.2,Not Available,04/09/2019 02:10 PM EDT,Not Available,26933033.1,Not Available,307200.0,Not Available,26933033.1,Not Available,Not Available,Swimming Pool,Not Available,Not Available,Not Available,0,Not Available,Not Available,Not Available,Not Available,Not Available,Not Available,Not Available,Not Available,Ok,Not Available,Not Available,Not Available,Not Available,307200,Not Available
650 Hollywood Avenue,Not Available,Not Available,No,320,No,2054380001,Not Available,-18,Not Available,No,Not Available,Not Available,Not Available,71.5,443614.9,Not Available,04/09/2019 02:09 PM EDT,No,Not Available,09/2018,855999.9,Not Available,Not Available,10465,556,Not Available,04/15/2019 02:43 PM EDT,Not Available,17890579.1,Not Available,175325.0,Not Available,17890579.1,Not Available,Not Available,Not Available,Not Available,Not Available,Not Available,Not Available,Not Available,Not Available,Not Available,Not Available,0,Not Available,Not Available,Not Available,Ok,Not Available,Not Available,Not Available,Not Available,175325,Not Available
4125 Carpenter Avenue,Not Available,Not Available,No,236.8,Not Available,2048230001,Not Available,12.4,Not Available,No,Not Available,Not Available,841938,78.9,Not Available,Not Available,04/09/2019 02:09 PM EDT,No,Not Available,01/2018,516966.3,Not Available,Not Available,10466,56934.9,Not Available,04/09/2019 02:10 PM EDT,Not Available,11578015.3,Not Available,103280.0,Not Available,11578015.3,Not Available,Not Available,Not Available,Not Available,Not Available,Not Available,Not Available,Not Available,Not Available,Not Available,Not Available,Not Available,Not Available,Not Available,Not Available,Ok,Not Available,Not Available,Not Available,Not Available,103280,Not Available
250 Hudson Street,Not Available,Not Available,No,Not Available,Not Available,1005780047,Not Available,-38.2,Not Available,No,Not Available,Not Available,0,81.2,Not Available,118.9,02/08/2019 03:00 PM EST,No,323600,Not Available,4789977.9,Not Available,4443.6,10013,Not Available,Not Available,04/12/2019 02:22 PM EDT,Not Available,57329497.1,Not Available,332960.0,84,57329497.1,Not Available,Not Available,Other,Not Available,Not Available,10,9360,Not Available,Not Available,9360,Not Available,Not Available,Not Available,Not Available,Not Available,Ok,Not Available,Not Available,Not Available,05/16/2016,Not Available,Not Available
525 East 68th Street,Not Available,Not Available,No,Not Available,Not Available,1014800001; 1014820040,Not Available,6.5,Not Available,No,Not Available,Not Available,41558500.9,379.9,Not Available,Not Available,02/08/2019 03:34 PM EST,No,Not Available,Not Available,27919188.6,Not Available,99433.3,10021,15585923.5,Not Available,05/01/2019 09:41 AM EDT,Not Available,1402080928,Not Available,3274756.0,Not Available,1402080928,Not Available,Not Available,Other,Not Available,Not Available,Not Available,302882,Not Available,Not Available,302882,Not Available,Not Available,Not Available,Not Available,Not Available,Ok,Not Available,Not Available,Not Available,Not Available,Not Available,Not Available
141 Macon Street,Not Available,Not Available,No,372.8,No,3018450001,Not Available,-20.2,Not Available,No,Not Available,Not Available,Not Available,71,Not Available,Not Available,04/09/2019 04:46 PM EDT,No,Not Available,09/2018,821737,Not Available,Not Available,11216,4482,Not Available,04/09/2019 04:47 PM EDT,Not Available,17281141.5,Not Available,170400.0,Not Available,17281141.5,Not Available,Not Available,Not Available,Not Available,Not Available,Not Available,Not Available,Not Available,Not Available,Not Available,Not Available,Not Available,Not Available,Not Available,Not Available,Ok,Not Available,Not Available,Not Available,Not Available,170400,Not Available
529 Fifth Avenue,Not Available,Not Available,Yes,Not Available,Not Available,1-01278-0069,Not Available,-25.9,Not Available,Yes,Not Available,Not Available,Not Available,75.5,Not Available,60,Not Available,No,242426,Not Available,4789467.5,Not Available,4444.2,10036,Not Available,Not Available,03/08/2019 08:15 PM EST,Not Available,50844230.1,0,271266.0,Not Available,50844230.1,Not Available,Not Available,Retail Store,28840,Not Available,Not Available,28840,Not Available,Not Available,Not Available,Not Available,Not Available,Not Available,Not Available,Not Available,Ok,Not Available,Not Available,Not Available,Not Available,Not Available,Not Available
450 Buel Avenue,Not Available,Not Available,No,260,Not Available,5037050001,Not Available,-10.8,Not Available,No,Not Available,Not Available,Not Available,56.6,Not Available,Not Available,04/11/2019 11:56 AM EDT,No,Not Available,09/2018,605999.9,Not Available,Not Available,10305,27534,Not Available,04/11/2019 11:56 AM EDT,Not Available,8680551.6,Not Available,85200.0,Not Available,8680551.6,Not Available,Not Available,Not Available,Not Available,Not Available,Not Available,Not Available,Not Available,Not Available,Not Available,Not Available,Not Available,Not Available,Not Available,Not Available,Ok,Not Available,Not Available,Not Available,Not Available,85200,Not Available
1560 Purdy Street,Not Available,Not Available,No,298,No,2039480055,Not Available,-12.5,Not Available,No,Not Available,Not Available,Not Available,78.6,Not Available,Not Available,04/09/2019 02:09 PM EDT,No,Not Available,08/2018,658559.9,Not Available,Not Available,10462,4686,Not Available,04/09/2019 02:10 PM EDT,Not Available,16240420.6,Not Available,153725.0,Not Available,16240420.6,Not Available,Not Available,Not Available,Not Available,Not Available,Not Available,Not Available,Not Available,Not Available,Not Available,Not Available,Not Available,Not Available,Not Available,Not Available,Ok,Not Available,Not Available,Not Available,Not Available,153725,Not Available
666 Third Avenue,Not Available,Not Available,No,Not Available,Not Available,1-01297-0033,Not Available,-16.9,Not Available,No,Not Available,Not Available,Not Available,72.2,Not Available,61.69,Not Available,No,759638,Not Available,9657622.9,18,Not Available,10017,Not Available,Not Available,04/24/2019 06:05 PM EDT,Not Available,119472584.6,Not Available,769421.0,0,119472584.6,Not Available,Not Available,Other,Not Available,Not Available,0,5097,Not Available,Not Available,5097,Not Available,Not Available,Not Available,Not Available,Not Available,Ok,Not Available,Not Available,Not Available,Not Available,Not Available,Not Available
869 Cypress Avenue,Not Available,Not Available,No,80.8,Not Available,4035600004,Not Available,52.2,Not Available,No,Not Available,Not Available,Not Available,112.9,Not Available,Not Available,04/09/2019 02:09 PM EDT,No,Not Available,09/2018,184927.2,Not Available,Not Available,11385,11579.8,Not Available,04/09/2019 02:09 PM EDT,Not Available,3101837.7,Not Available,16160.0,Not Available,3101837.7,Not Available,Not Available,Not Available,Not Available,Not Available,Not Available,Not Available,Not Available,Not Available,Not Available,Not Available,Not Available,Not Available,Not Available,Not Available,Ok,Not Available,Not Available,Not Available,Not Available,16160,Not Available
641 Lexington Avenue,Not Available,Not Available,No,Not Available,Not Available,1013090023,Not Available,43,Not Available,No,Not Available,Not Available,Not Available,154.2,Not Available,55.92,Not Available,No,420888,Not Available,5112718,Not Available,4433.3,10022,Not Available,Not Available,04/29/2019 03:20 PM EDT,Not Available,107595540.2,0,429866.0,Not Available,107595540.2,Not Available,Not Available,Retail Store,8978,Not Available,Not Available,8978,Not Available,Not Available,Not Available,Not Available,Not Available,Not Available,Not Available,Not Available,Ok,Not Available,Not Available,Not Available,Not Available,Not Available,Not Available
427 38th Street,Not Available,Not Available,No,492,Not Available,3007010001,Not Available,-2.6,Not Available,No,Not Available,Not Available,1357243.9,68.7,Not Available,Not Available,04/09/2019 04:46 PM EDT,No,Not Available,08/2018,945053.9,Not Available,Not Available,11232,29800,Not Available,04/09/2019 04:47 PM EDT,Not Available,13707439.9,Not Available,110400.0,Not Available,13707439.9,Not Available,Not Available,Not Available,Not Available,Not Available,Not Available,Not Available,Not Available,Not Available,Not Available,Not Available,Not Available,Not Available,Not Available,Not Available,Ok,Not Available,Not Available,Not Available,Not Available,110400,Not Available
442 East Houston Street,Not Available,Not Available,No,353.6,Not Available,1003560100,Not Available,-26.2,Not Available,No,Not Available,Not Available,648875.9,52.7,Not Available,Not Available,04/09/2019 04:46 PM EDT,No,Not Available,09/2018,737556.4,Not Available,Not Available,10002,51008.1,Not Available,04/09/2019 04:47 PM EDT,Not Available,12990243.5,Not Available,155375.0,Not Available,12990243.5,Not Available,Not Available,Not Available,Not Available,Not Available,Not Available,Not Available,Not Available,Not Available,Not Available,Not Available,Not Available,Not Available,Not Available,Not Available,Ok,Not Available,Not Available,Not Available,Not Available,155375,Not Available
160-05 Highland Avenue,Not Available,Not Available,No,708.8,No,4097740001,Not Available,-52.2,Not Available,No,Not Available,Not Available,Not Available,36,1262518.1,Not Available,04/11/2019 11:56 AM EDT,No,Not Available,09/2018,1757453.8,Not Available,Not Available,11432,1822,Not Available,04/16/2019 03:24 PM EDT,87-41 Parsons Boulevard,32362029,Not Available,595200.0,Not Available,32362029,Not Available,Not Available,Not Available,Not Available,Not Available,Not Available,Not Available,Not Available,Not Available,Not Available,Not Available,32854.1,Not Available,Not Available,Not Available,Ok,Not Available,Not Available,Not Available,Not Available,595200,Not Available
421 East 106th Street,Not Available,Not Available,No,251.2,Not Available,1017000001,Not Available,-39.1,Not Available,No,Not Available,Not Available,0,43.4,Not Available,Not Available,04/09/2019 04:46 PM EDT,No,Not Available,09/2018,436480,Not Available,Not Available,10029,32513,Not Available,04/09/2019 04:47 PM EDT,Not Available,7583820.5,Not Available,109300.0,Not Available,7583820.5,Not Available,Not Available,Not Available,Not Available,Not Available,Not Available,Not Available,Not Available,Not Available,Not Available,Not Available,Not Available,Not Available,Not Available,Not Available,Ok,Not Available,Not Available,Not Available,Not Available,109300,Not Available
200 Jefferson Boulevard,Not Available,Not Available,No,47.2,Not Available,5062620012,Not Available,10.3,Not Available,No,Not Available,Not Available,276138,69.7,Not Available,Not Available,04/11/2019 11:57 AM EDT,No,Not Available,01/2018,82560,Not Available,Not Available,10312,10129.1,Not Available,04/11/2019 11:58 AM EDT,Not Available,2098849.5,Not Available,22080.0,Not Available,2098849.5,Not Available,Not Available,Not Available,Not Available,Not Available,Not Available,Not Available,Not Available,Not Available,Not Available,Not Available,Not Available,Not Available,Not Available,Not Available,Ok,Not Available,Not Available,Not Available,Not Available,22080,Not Available
347 Baltic Street,Not Available,Not Available,No,336,Not Available,3003970011,Not Available,-45.4,Not Available,No,Not Available,Not Available,524400,47.2,Not Available,Not Available,04/09/2019 04:46 PM EDT,No,Not Available,09/2018,499999.9,Not Available,Not Available,11201,33230.9,Not Available,04/09/2019 04:47 PM EDT,Not Available,8681984.1,Not Available,115466.0,Not Available,8681984.1,Not Available,Not Available,Not Available,Not Available,Not Available,Not Available,Not Available,Not Available,Not Available,Not Available,Not Available,Not Available,Not Available,Not Available,Not Available,Ok,Not Available,Not Available,Not Available,Not Available,115466,Not Available
109-20 Union Hall Strset,Not Available,Not Available,No,232,Not Available,4121510001,Not Available,5.3,Not Available,No,Not Available,Not Available,1090338,77.9,Not Available,Not Available,04/11/2019 11:56 AM EDT,No,Not Available,09/2018,661599.9,Not Available,Not Available,11433,64210.3,Not Available,04/11/2019 11:58 AM EDT,Not Available,14259083.4,Not Available,126525.0,Not Available,14259083.4,Not Available,Not Available,Not Available,Not Available,Not Available,Not Available,Not Available,Not Available,Not Available,Not Available,Not Available,Not Available,Not Available,Not Available,Not Available,Ok,Not Available,Not Available,Not Available,Not Available,126525,Not Available
745 Fifth Ave.,Not Available,Not Available,No,Not Available,Not Available,1-01293-0069,Not Available,-11.5,Not Available,No,Not Available,Not Available,Not Available,83,Not Available,60.95,Not Available,No,437870,Not Available,8887403.5,Not Available,Not Available,10151,Not Available,Not Available,03/15/2019 11:32 AM EDT,Not Available,102583855.1,0,537135.0,Not Available,102583855.1,Not Available,Not Available,Retail Store,66076,Not Available,Not Available,66076,Not Available,Not Available,Not Available,Not Available,Not Available,Not Available,Not Available,Not Available,Ok,Not Available,Not Available,Not Available,Not Available,Not Available,Not Available
525 Lenox Road,Not Available,Not Available,No,179.2,Not Available,3048440001,Not Available,18.3,Not Available,No,Not Available,Not Available,1117799.9,79.6,Not Available,Not Available,04/11/2019 11:57 AM EDT,No,Not Available,12/2018,600098.9,Not Available,Not Available,11203,50811.3,Not Available,04/11/2019 11:58 AM EDT,Not Available,12260365.1,Not Available,104400.0,Not Available,12260365.1,Not Available,Not Available,Not Available,Not Available,Not Available,Not Available,Not Available,Not Available,Not Available,Not Available,Not Available,Not Available,Not Available,Not Available,Not Available,Ok,Not Available,Not Available,Not Available,Not Available,104400,Not Available
1970 West Farms Road,Not Available,Not Available,No,472,Not Available,2030210038,Not Available,-41.6,Not Available,No,Not Available,Not Available,Not Available,39.5,Not Available,Not Available,04/09/2019 02:09 PM EDT,No,Not Available,08/2018,1079300.5,Not Available,Not Available,10460,45108.9,Not Available,04/09/2019 02:09 PM EDT,Not Available,15097228.5,Not Available,207600.0,Not Available,15097228.5,Not Available,Not Available,Not Available,Not Available,Not Available,Not Available,Not Available,Not Available,Not Available,Not Available,Not Available,Not Available,Not Available,Not Available,Not Available,Ok,Not Available,Not Available,Not Available,Not Available,207600,Not Available
455 Madison Avenue,Not Available,Not Available,Yes,Not Available,Not Available,1-01286-0021,Not Available,42.3,Not Available,Yes,Not Available,Not Available,Not Available,186.1,Not Available,Not Available,05/29/2019 02:45 PM EDT,No,Not Available,Not Available,10990479.4,Not Available,64003.6,10022,813224.1,Not Available,05/29/2019 04:27 PM EDT,Not Available,247896920.4,Not Available,893750.0,Not Available,247896920.4,Not Available,Not Available,Not Available,Not Available,Not Available,Not Available,Not Available,Not Available,Not Available,Not Available,Not Available,Not Available,Not Available,Not Available,Not Available,Ok,Not Available,Not Available,100,Not Available,Not Available,Not Available
28-04 41st Avenue,Not Available,Not Available,No,49.8,Not Available,4004170016,Not Available,-23.4,Not Available,No,Not Available,Not Available,Not Available,66.8,Not Available,Not Available,04/09/2019 02:10 PM EDT,No,Not Available,09/2018,79080,Not Available,Not Available,11101,5840.9,Not Available,04/09/2019 02:10 PM EDT,Not Available,1363238.7,Not Available,12710.0,Not Available,1363238.7,Not Available,Not Available,Not Available,Not Available,Not Available,Not Available,Not Available,Not Available,Not Available,Not Available,Not Available,Not Available,Not Available,Not Available,Not Available,Ok,Not Available,Not Available,Not Available,Not Available,12710,Not Available
179-01 90th Avenue,Not Available,Not Available,No,192.8,Not Available,4099140001,Not Available,-19.2,Not Available,No,Not Available,Not Available,924738,64.3,Not Available,Not Available,04/11/2019 11:56 AM EDT,No,Not Available,06/2018,520279.9,Not Available,Not Available,11432,45861.6,Not Available,04/11/2019 11:57 AM EDT,Not Available,10790287.7,Not Available,114325.0,Not Available,10790287.7,Not Available,Not Available,Not Available,Not Available,Not Available,Not Available,Not Available,Not Available,Not Available,Not Available,Not Available,Not Available,Not Available,Not Available,Not Available,Ok,Not Available,Not Available,Not Available,Not Available,114325,Not Available
55 East 59th Street,Not Available,Not Available,No,Not Available,Not Available,1-01374-7501,Not Available,-4.7,Not Available,No,Not Available,Not Available,Not Available,69.2,Not Available,64.11,04/25/2019 10:29 AM EDT,No,285562,Not Available,4727941.9,Not Available,4330.8,10022,8740.5,Not Available,04/25/2019 10:54 AM EDT,Not Available,50456514.5,0,295782.0,Not Available,50459436.1,Not Available,Not Available,Fast Food Restaurant,5020,Not Available,Not Available,5200,Not Available,Not Available,Not Available,Not Available,Not Available,Not Available,Not Available,Not Available,Ok,Not Available,Not Available,Not Available,Not Available,Not Available,Not Available
100 Tompkins Avenue,Not Available,Not Available,No,272,Not Available,5005450110,Not Available,-28.2,Not Available,No,Not Available,Not Available,0,64.3,Not Available,Not Available,04/11/2019 11:57 AM EDT,No,Not Available,09/2018,527999.9,Not Available,Not Available,10304,45680.7,Not Available,04/11/2019 11:58 AM EDT,Not Available,9652960.6,Not Available,96327.0,Not Available,9652960.6,Not Available,Not Available,Not Available,Not Available,Not Available,Not Available,Not Available,Not Available,Not Available,Not Available,Not Available,Not Available,Not Available,Not Available,Not Available,Ok,Not Available,Not Available,Not Available,Not Available,96327,Not Available
280 Hart Street,Not Available,Not Available,No,140.8,Not Available,3017730014,Not Available,-14,Not Available,No,Not Available,Not Available,4491486.1,57.6,Not Available,Not Available,04/09/2019 04:46 PM EDT,No,Not Available,09/2018,443679.9,Not Available,Not Available,11206,2799,Not Available,04/09/2019 04:47 PM EDT,Not Available,9069037.2,Not Available,109200.0,Not Available,9069037.2,Not Available,Not Available,Not Available,Not Available,Not Available,Not Available,Not Available,Not Available,Not Available,Not Available,Not Available,Not Available,Not Available,Not Available,Not Available,Ok,Not Available,Not Available,Not Available,Not Available,109200,Not Available
330 madison avenue,Not Available,Not Available,No,Not Available,Not Available,1012770014,Not Available,-24.3,Not Available,No,Not Available,Not Available,Not Available,83,Not Available,65.97,Not Available,No,797649,Not Available,14719120.5,Not Available,Not Available,10017,Not Available,Not Available,04/25/2019 08:11 PM EDT,Not Available,161623520.4,0,810475.0,Not Available,161623520.4,Not Available,Not Available,Retail Store,5863,Not Available,Not Available,5863,Not Available,Not Available,Not Available,Not Available,Not Available,Not Available,Not Available,Not Available,Ok,Not Available,Not Available,Not Available,Not Available,Not Available,Not Available
4305 fort hamilton parkway,Not Available,Not Available,No,268,No,3056030001,Not Available,-18.7,Not Available,No,Not Available,Not Available,Not Available,73.9,Not Available,Not Available,04/09/2019 04:46 PM EDT,No,Not Available,09/2018,480400,Not Available,Not Available,11219,565.3,Not Available,04/09/2019 04:47 PM EDT,Not Available,10637799.9,Not Available,103200.0,Not Available,10637799.9,Not Available,Not Available,Not Available,Not Available,Not Available,Not Available,Not Available,Not Available,Not Available,Not Available,Not Available,Not Available,Not Available,Not Available,Not Available,Ok,Not Available,Not Available,Not Available,Not Available,103200,Not Available
1919 Prospect Avenue,Not Available,Not Available,No,497.8,Not Available,2029510032,Not Available,-35.7,Not Available,No,Not Available,Not Available,6374358.1,49.6,Not Available,Not Available,04/09/2019 02:09 PM EDT,No,Not Available,09/2018,1150986.5,Not Available,Not Available,10457,1082,Not Available,04/09/2019 02:10 PM EDT,Not Available,17610959.4,Not Available,210175.0,Not Available,17610959.4,Not Available,Not Available,Not Available,Not Available,Not Available,Not Available,Not Available,Not Available,Not Available,Not Available,Not Available,Not Available,Not Available,Not Available,Not Available,Ok,Not Available,Not Available,Not Available,Not Available,210175,Not Available
19E 57th Street,Not Available,Not Available,No,Not Available,Not Available,1012930014,Not Available,31.3,Not Available,No,Not Available,Not Available,Not Available,117,Not Available,70,Not Available,No,97821,Not Available,Not Available,Not Available,2043.7,10022,Not Available,Not Available,03/27/2019 03:29 PM EDT,Not Available,26933249.5,Not Available,100994.0,70,26933249.5,Not Available,Not Available,Other,Not Available,Not Available,2,3173,Not Available,Not Available,3173,Not Available,Not Available,Not Available,Not Available,Not Available,Ok,Not Available,Not Available,Not Available,Not Available,Not Available,Not Available
191 Vermont Avenue,Not Available,Not Available,No,300,Not Available,5028520001,Not Available,0.8,Not Available,No,Not Available,Not Available,1725841.8,79.5,Not Available,Not Available,04/11/2019 11:56 AM EDT,No,Not Available,08/2018,609849.9,Not Available,Not Available,10305,18038.4,Not Available,04/11/2019 11:58 AM EDT,Not Available,9421878.2,Not Available,70080.0,Not Available,9421878.2,Not Available,Not Available,Not Available,Not Available,Not Available,Not Available,Not Available,Not Available,Not Available,Not Available,Not Available,Not Available,Not Available,Not Available,Not Available,Ok,Not Available,Not Available,Not Available,Not Available,70080,Not Available
425 McDonald Avenue,Not Available,Not Available,No,187.2,Not Available,3053340064,Not Available,-21.5,Not Available,No,Not Available,Not Available,Not Available,55.7,Not Available,Not Available,04/09/2019 04:46 PM EDT,No,Not Available,09/2018,437859.1,Not Available,Not Available,11218,10867,Not Available,04/09/2019 04:46 PM EDT,Not Available,5318987,Not Available,46060.0,Not Available,5318987,Not Available,Not Available,Not Available,Not Available,Not Available,Not Available,Not Available,Not Available,Not Available,Not Available,Not Available,Not Available,Not Available,Not Available,Not Available,Ok,Not Available,Not Available,Not Available,Not Available,46060,Not Available
125-10 23rd Avenue,Not Available,Not Available,No,304,Not Available,4042290014,Not Available,25.4,Not Available,No,Not Available,Not Available,779286.1,76.1,Not Available,Not Available,04/09/2019 02:09 PM EDT,No,Not Available,09/2018,707199.9,Not Available,Not Available,11356,43919.9,Not Available,04/09/2019 02:10 PM EDT,Not Available,12051244.7,Not Available,98342.0,Not Available,12051244.7,Not Available,Not Available,Not Available,Not Available,Not Available,Not Available,Not Available,Not Available,Not Available,Not Available,Not Available,Not Available,Not Available,Not Available,Not Available,Ok,Not Available,Not Available,Not Available,Not Available,98342,Not Available
1077 Remsen Avenue,Not Available,Not Available,No,300,Not Available,3081600022,Not Available,-14.3,Not Available,No,Not Available,Not Available,497766.1,61.7,Not Available,Not Available,04/11/2019 11:56 AM EDT,No,Not Available,09/2018,761099.9,Not Available,Not Available,11236,45408,Not Available,04/11/2019 11:58 AM EDT,Not Available,12611128.7,Not Available,124800.0,Not Available,12611128.7,Not Available,Not Available,Not Available,Not Available,Not Available,Not Available,Not Available,Not Available,Not Available,Not Available,Not Available,Not Available,Not Available,Not Available,Not Available,Ok,Not Available,Not Available,Not Available,Not Available,124800,Not Available
3710 Barnes Avenue,Not Available,Not Available,No,278,No,2046750020,Not Available,2.6,Not Available,No,Not Available,Not Available,0,83.9,Not Available,Not Available,04/09/2019 02:09 PM EDT,No,Not Available,02/2018,1031599.9,Not Available,Not Available,10467,125043,Not Available,04/09/2019 02:10 PM EDT,Not Available,22568159.9,Not Available,186175.0,Not Available,22568159.9,Not Available,Not Available,Not Available,Not Available,Not Available,Not Available,Not Available,Not Available,Not Available,Not Available,Not Available,Not Available,Not Available,Not Available,Not Available,Ok,Not Available,Not Available,Not Available,Not Available,186175,Not Available
1396 Broadway,Not Available,Not Available,No,316,Not Available,3014820001,Not Available,46.8,Not Available,No,Not Available,Not Available,Not Available,115.7,Not Available,Not Available,04/09/2019 04:46 PM EDT,No,Not Available,02/2018,717743.8,Not Available,Not Available,11221,32395.3,Not Available,04/09/2019 04:46 PM EDT,Not Available,10189302.6,Not Available,48400.0,Not Available,10189302.6,Not Available,Not Available,Not Available,Not Available,Not Available,Not Available,Not Available,Not Available,Not Available,Not Available,Not Available,Not Available,Not Available,Not Available,Not Available,Ok,Not Available,Not Available,Not Available,Not Available,48400,Not Available
1935 Bussing Avenue,Not Available,Not Available,No,188,Not Available,2050180001,Not Available,18.6,Not Available,No,Not Available,Not Available,344999.9,68.3,Not Available,Not Available,04/09/2019 02:09 PM EDT,Yes,Not Available,09/2018,359199.9,Not Available,Not Available,10466,24461,Not Available,04/09/2019 02:10 PM EDT,Not Available,6308502.8,Not Available,58260.0,Not Available,6308502.8,Not Available,Not Available,Not Available,Not Available,Not Available,Not Available,Not Available,Not Available,Not Available,Not Available,Not Available,Not Available,Not Available,Not Available,Not Available,Ok,Not Available,Not Available,Not Available,Not Available,58260,Not Available
333 West 17th Street,Not Available,Not Available,No,462,No,1007410010,Not Available,-33.4,Not Available,No,Not Available,Not Available,Not Available,59.4,450205.2,Not Available,04/09/2019 04:46 PM EDT,No,Not Available,08/2018,623999.9,Not Available,Not Available,10011,672.6,Not Available,04/15/2019 02:43 PM EDT,Not Available,14626032.2,Not Available,180175.0,Not Available,14626032.2,Not Available,Not Available,Not Available,Not Available,Not Available,Not Available,Not Available,Not Available,Not Available,Not Available,Not Available,0,Not Available,Not Available,Not Available,Ok,Not Available,Not Available,Not Available,Not Available,180175,Not Available
22-25 Webster Avenue,Not Available,Not Available,No,772.8,No,2031430043,Not Available,-15.3,Not Available,No,Not Available,Not Available,Not Available,58.6,Not Available,Not Available,04/09/2019 02:09 PM EDT,No,Not Available,10/2018,2191199.7,Not Available,Not Available,10457,64566.6,Not Available,04/09/2019 02:09 PM EDT,Not Available,27696163.1,Not Available,237600.0,Not Available,27696163.1,Not Available,Not Available,Not Available,Not Available,Not Available,Not Available,Not Available,Not Available,Not Available,Not Available,Not Available,Not Available,Not Available,Not Available,Not Available,Ok,Not Available,Not Available,Not Available,Not Available,237600,Not Available
6500 16th Avenue,Not Available,Not Available,No,304,Not Available,3055510018,Not Available,0.6,Not Available,No,Not Available,Not Available,1614737.9,69.7,Not Available,Not Available,04/11/2019 11:56 AM EDT,No,Not Available,06/2018,609599.9,Not Available,Not Available,11204,66947.2,Not Available,04/11/2019 11:58 AM EDT,Not Available,14288789.8,Not Available,146400.0,Not Available,14288789.8,Not Available,Not Available,Not Available,Not Available,Not Available,Not Available,Not Available,Not Available,Not Available,Not Available,Not Available,Not Available,Not Available,Not Available,Not Available,Ok,Not Available,Not Available,Not Available,Not Available,146400,Not Available
79-15 Penelope Avenue,Not Available,Not Available,No,484,Not Available,4029900045,Not Available,46.2,Not Available,No,Not Available,Not Available,483552.1,88.8,Not Available,Not Available,04/09/2019 02:09 PM EDT,No,Not Available,08/2018,1616399.8,Not Available,Not Available,11379,44306.4,Not Available,04/09/2019 02:10 PM EDT,Not Available,20478062.2,Not Available,116323.0,Not Available,20478062.2,Not Available,Not Available,Not Available,Not Available,Not Available,Not Available,Not Available,Not Available,Not Available,Not Available,Not Available,Not Available,Not Available,Not Available,Not Available,Ok,Not Available,Not Available,Not Available,Not Available,116323,Not Available
62 Park Place,Not Available,Not Available,No,254,Not Available,3009410050,Not Available,-9.6,Not Available,No,Not Available,Not Available,0,71.2,Not Available,Not Available,04/09/2019 04:46 PM EDT,No,Not Available,09/2018,620399.9,Not Available,Not Available,11217,46249.6,Not Available,04/09/2019 04:47 PM EDT,Not Available,10615618.6,Not Available,92480.0,Not Available,10615618.6,Not Available,Not Available,Not Available,Not Available,Not Available,Not Available,Not Available,Not Available,Not Available,Not Available,Not Available,Not Available,Not Available,Not Available,Not Available,Ok,Not Available,Not Available,Not Available,Not Available,92480,Not Available
1070 Castle Hill Avenue,Not Available,Not Available,No,214.3,Not Available,2038170001,Not Available,-14.9,Not Available,No,Not Available,Not Available,729882,81.3,Not Available,Not Available,04/09/2019 02:09 PM EDT,No,Not Available,09/2018,399680,Not Available,Not Available,10472,49567.8,Not Available,04/09/2019 02:10 PM EDT,Not Available,9635358.7,Not Available,85260.0,Not Available,9635358.7,Not Available,Not Available,Not Available,Not Available,Not Available,Not Available,Not Available,Not Available,Not Available,Not Available,Not Available,Not Available,Not Available,Not Available,Not Available,Ok,Not Available,Not Available,Not Available,Not Available,85260,Not Available
850 Kent Avenue,Not Available,Not Available,No,81.6,Not Available,3018970013,Not Available,-12.1,Not Available,No,Not Available,Not Available,1565609.9,67.3,Not Available,Not Available,04/09/2019 04:46 PM EDT,No,Not Available,08/2018,222960,Not Available,Not Available,11205,60534.7,Not Available,04/09/2019 04:47 PM EDT,Not Available,9911692.2,Not Available,122400.0,Not Available,9911692.2,Not Available,Not Available,Not Available,Not Available,Not Available,Not Available,Not Available,Not Available,Not Available,Not Available,Not Available,Not Available,Not Available,Not Available,Not Available,Ok,Not Available,Not Available,Not Available,Not Available,122400,Not Available
51 Saint Edwards Street,Not Available,Not Available,No,281.6,Not Available,3020390002,Not Available,7.1,Not Available,No,Not Available,Not Available,1137257.9,98.6,Not Available,Not Available,04/09/2019 04:46 PM EDT,No,Not Available,09/2018,626636.7,Not Available,Not Available,11205,104062.8,Not Available,04/09/2019 04:47 PM EDT,Not Available,18126689.8,Not Available,138125.0,Not Available,18126689.8,Not Available,Not Available,Not Available,Not Available,Not Available,Not Available,Not Available,Not Available,Not Available,Not Available,Not Available,Not Available,Not Available,Not Available,Not Available,Ok,Not Available,Not Available,Not Available,Not Available,138125,Not Available
40-01 43rd Avenue,Not Available,Not Available,No,252,Not Available,4001850001,Not Available,2.7,Not Available,No,Not Available,Not Available,552000,87.1,Not Available,Not Available,04/09/2019 02:09 PM EDT,No,Not Available,07/2018,800130.4,Not Available,Not Available,11104,58768.6,Not Available,04/09/2019 02:10 PM EDT,Not Available,14446850.8,Not Available,104500.0,Not Available,14446850.8,Not Available,Not Available,Not Available,Not Available,Not Available,Not Available,Not Available,Not Available,Not Available,Not Available,Not Available,Not Available,Not Available,Not Available,Not Available,Ok,Not Available,Not Available,Not Available,Not Available,104500,Not Available
120 West 231st Street,Not Available,Not Available,No,228,No,2032530141,Not Available,-17.6,Not Available,No,Not Available,Not Available,Not Available,62.6,Not Available,Not Available,04/09/2019 02:09 PM EDT,No,Not Available,07/2018,730930,Not Available,Not Available,10463,910.6,Not Available,04/09/2019 02:10 PM EDT,Not Available,14537092.9,Not Available,159775.0,Not Available,14537092.9,Not Available,Not Available,Not Available,Not Available,Not Available,Not Available,Not Available,Not Available,Not Available,Not Available,Not Available,Not Available,Not Available,Not Available,Not Available,Ok,Not Available,Not Available,Not Available,Not Available,159775,Not Available
1550 Vyse Avenue,Not Available,Not Available,No,188.8,Not Available,2029960010,Not Available,-9.2,Not Available,No,Not Available,Not Available,4002841.8,64.5,Not Available,Not Available,04/09/2019 02:09 PM EDT,No,Not Available,05/2018,405920,Not Available,Not Available,10460,3433,Not Available,04/09/2019 02:10 PM EDT,Not Available,8281332.6,Not Available,88900.0,Not Available,8281332.6,Not Available,Not Available,Not Available,Not Available,Not Available,Not Available,Not Available,Not Available,Not Available,Not Available,Not Available,Not Available,Not Available,Not Available,Not Available,Ok,Not Available,Not Available,Not Available,Not Available,88900,Not Available
114 Kosciusko Street,Not Available,Not Available,No,136,No,3017480020,Not Available,-26.4,Not Available,No,Not Available,Not Available,Not Available,52,Not Available,Not Available,04/09/2019 04:46 PM EDT,No,Not Available,09/2018,326399.9,Not Available,Not Available,11216,3501,Not Available,04/09/2019 04:47 PM EDT,Not Available,7619498.7,Not Available,106800.0,Not Available,7619498.7,Not Available,Not Available,Not Available,Not Available,Not Available,Not Available,Not Available,Not Available,Not Available,Not Available,Not Available,Not Available,Not Available,Not Available,Not Available,Ok,Not Available,Not Available,Not Available,Not Available,106800,Not Available
1375 Mace Avenue,Not Available,Not Available,No,184,Not Available,2044740001,Not Available,-16.9,Not Available,No,Not Available,Not Available,483000.2,75,Not Available,Not Available,04/09/2019 02:09 PM EDT,No,Not Available,09/2018,357839.9,Not Available,Not Available,10469,24824.7,Not Available,04/09/2019 02:10 PM EDT,Not Available,6454630.1,Not Available,55080.0,Not Available,6454630.1,Not Available,Not Available,Not Available,Not Available,Not Available,Not Available,Not Available,Not Available,Not Available,Not Available,Not Available,Not Available,Not Available,Not Available,Not Available,Ok,Not Available,Not Available,Not Available,Not Available,55080,Not Available
9 Power Road,Not Available,Not Available,No,92,Not Available,4153130485,Not Available,54,Not Available,No,Not Available,Not Available,1680660.7,113.4,Not Available,Not Available,Not Available,No,Not Available,01/2018,299322.6,Not Available,Not Available,11693,Not Available,Not Available,04/11/2019 11:58 AM EDT,Not Available,4610933.1,Not Available,24000.0,Not Available,4610933.1,Not Available,Not Available,Not Available,Not Available,Not Available,Not Available,Not Available,Not Available,Not Available,Not Available,Not Available,Not Available,Not Available,Not Available,Not Available,Ok,Not Available,Not Available,Not Available,Not Available,24000,Not Available
350 5th Avenue,Not Available,Not Available,No,276,No,3009810111,Not Available,-24.7,Not Available,No,Not Available,Not Available,Not Available,53.8,Not Available,Not Available,04/09/2019 04:46 PM EDT,No,Not Available,09/2018,482800,Not Available,Not Available,11215,1343,Not Available,04/09/2019 04:47 PM EDT,Not Available,10324384.5,Not Available,135600.0,Not Available,10324384.5,Not Available,Not Available,Not Available,Not Available,Not Available,Not Available,Not Available,Not Available,Not Available,Not Available,Not Available,Not Available,Not Available,Not Available,Not Available,Ok,Not Available,Not Available,Not Available,Not Available,135600,Not Available
1580 Dean Street,Not Available,Not Available,No,216,No,3013470001,Not Available,-12.3,Not Available,No,Not Available,Not Available,Not Available,70.7,Not Available,Not Available,04/09/2019 04:46 PM EDT,No,Not Available,09/2018,482879.9,Not Available,Not Available,11213,2401,Not Available,04/09/2019 04:47 PM EDT,Not Available,10839983.9,Not Available,110400.0,Not Available,10839983.9,Not Available,Not Available,Not Available,Not Available,Not Available,Not Available,Not Available,Not Available,Not Available,Not Available,Not Available,Not Available,Not Available,Not Available,Not Available,Ok,Not Available,Not Available,Not Available,Not Available,110400,Not Available
430 E 67 St,Not Available,Not Available,No,Not Available,Not Available,1-01461-0013,Not Available,149.9,Not Available,No,Not Available,Not Available,Not Available,396.1,Not Available,Not Available,Not Available,No,Not Available,Not Available,18962494.5,Not Available,Not Available,10065,Not Available,Not Available,04/04/2019 10:10 AM EDT,Not Available,Not Available,Not Available,395857.0,Not Available,260870479.7,Not Available,Not Available,Parking,Not Available,Not Available,Not Available,67864,Not Available,Not Available,Not Available,Not Available,Not Available,Not Available,Not Available,Not Available,Ok,Not Available,Not Available,Not Available,Not Available,Not Available,Not Available
425 West 123rd Street,Not Available,Not Available,No,408,No,1019640012,Not Available,3.2,Not Available,No,Not Available,Not Available,Not Available,96.4,Not Available,Not Available,04/09/2019 04:46 PM EDT,No,Not Available,09/2018,904399.9,Not Available,Not Available,10027,13,Not Available,04/09/2019 04:47 PM EDT,Not Available,21187552,Not Available,160925.0,Not Available,21187552,Not Available,Not Available,Swimming Pool,Not Available,Not Available,Not Available,0,Not Available,Not Available,Not Available,Not Available,Not Available,Not Available,Not Available,Not Available,Ok,Not Available,Not Available,Not Available,Not Available,160925,Not Available
8101 15th Avenue,Not Available,Not Available,No,340,Not Available,3062940001,Not Available,8.7,Not Available,No,Not Available,Not Available,839730,86.1,Not Available,Not Available,04/11/2019 11:57 AM EDT,No,Not Available,09/2018,799199.9,Not Available,Not Available,11228,62453.5,Not Available,04/11/2019 11:58 AM EDT,Not Available,14823789.7,Not Available,111600.0,Not Available,14823789.7,Not Available,Not Available,Not Available,Not Available,Not Available,Not Available,Not Available,Not Available,Not Available,Not Available,Not Available,Not Available,Not Available,Not Available,Not Available,Ok,Not Available,Not Available,Not Available,Not Available,111600,Not Available
1633 Broadway,Not Available,145192,No,Not Available,Not Available,1-01022-0043,Not Available,-10.1,Not Available,No,Not Available,Not Available,Not Available,97.5,Not Available,57.33,Not Available,No,2677596,Not Available,35621781.9,Not Available,62251.6,10019,Not Available,Not Available,04/08/2019 02:53 PM EDT,Not Available,526828129.1,Not Available,2919620.0,Not Available,526828129.1,Not Available,Not Available,Performing Arts,Not Available,Not Available,Not Available,145192,Not Available,Not Available,Not Available,Not Available,Not Available,Not Available,Not Available,Not Available,Ok,Not Available,Not Available,Not Available,Not Available,Not Available,Not Available
200 Park Ave,Not Available,Not Available,No,Not Available,Not Available,1-01280-9010,Not Available,25,Not Available,No,Not Available,Not Available,Not Available,127.8,Not Available,66.05,04/22/2019 03:50 PM EDT,No,2939280.3,Not Available,47346441.4,Not Available,Not Available,10166,72443.7,Not Available,04/23/2019 03:02 PM EDT,Not Available,717160696.8,Not Available,3062623.0,0,717160696.8,Not Available,Not Available,Parking,Not Available,Not Available,0,69235,Not Available,Not Available,8476.7,Not Available,Not Available,Not Available,Not Available,Not Available,Ok,Not Available,Not Available,Not Available,Not Available,6418,Not Available
2750 Lafayette Avenue,Not Available,Not Available,No,396,No,2055470001,Not Available,-36.7,Not Available,No,Not Available,Not Available,Not Available,60.8,Not Available,Not Available,04/09/2019 02:09 PM EDT,No,Not Available,09/2018,789347.5,Not Available,Not Available,10465,1149,Not Available,04/09/2019 02:10 PM EDT,Not Available,16172917.4,Not Available,182525.0,Not Available,16172917.4,Not Available,Not Available,Not Available,Not Available,Not Available,Not Available,Not Available,Not Available,Not Available,Not Available,Not Available,Not Available,Not Available,Not Available,Not Available,Ok,Not Available,Not Available,Not Available,Not Available,182525,Not Available
8 Henry Street,Not Available,Not Available,No,168,Not Available,1002790040,Not Available,-14.3,Not Available,No,Not Available,Not Available,0,75.6,Not Available,Not Available,04/09/2019 04:46 PM EDT,No,Not Available,06/2018,489925,Not Available,Not Available,10038,49443.2,Not Available,04/09/2019 04:47 PM EDT,Not Available,9918025.2,Not Available,87680.0,Not Available,9918025.2,Not Available,Not Available,Not Available,Not Available,Not Available,Not Available,Not Available,Not Available,Not Available,Not Available,Not Available,Not Available,Not Available,Not Available,Not Available,Ok,Not Available,Not Available,Not Available,Not Available,87680,Not Available
80 Pine Street,Not Available,Not Available,No,Not Available,Not Available,1000390012,Not Available,16.4,Not Available,No,Not Available,Not Available,Not Available,118.7,Not Available,70.37,Not Available,No,1064567,Not Available,16302183.9,Not Available,Not Available,10005,Not Available,Not Available,04/10/2019 04:27 PM EDT,Not Available,244383970.5,Not Available,1119642.0,87,244383970.5,Not Available,Not Available,Parking,Not Available,Not Available,1,35532,Not Available,Not Available,2070,Not Available,Not Available,Not Available,Not Available,Not Available,Ok,Not Available,Not Available,Not Available,Not Available,Not Available,Not Available
411 Thatford Avenue,Not Available,Not Available,No,169.6,No,3036040001,Not Available,-3.9,Not Available,No,Not Available,Not Available,Not Available,66,Not Available,Not Available,04/09/2019 04:46 PM EDT,No,Not Available,09/2018,411999.9,Not Available,Not Available,11212,644,Not Available,04/09/2019 04:47 PM EDT,Not Available,9798910.3,Not Available,109200.0,Not Available,9798910.3,Not Available,Not Available,Not Available,Not Available,Not Available,Not Available,Not Available,Not Available,Not Available,Not Available,Not Available,Not Available,Not Available,Not Available,Not Available,Ok,Not Available,Not Available,Not Available,Not Available,109200,Not Available
131 Irwin Street,Not Available,Not Available,No,108.8,Not Available,3087520035,Not Available,-11.3,Not Available,No,Not Available,Not Available,0,72.6,Not Available,Not Available,04/11/2019 11:57 AM EDT,No,Not Available,09/2018,285440,Not Available,Not Available,11235,31224.3,Not Available,04/11/2019 11:58 AM EDT,Not Available,6003399.5,Not Available,56400.0,Not Available,6003399.5,Not Available,Not Available,Not Available,Not Available,Not Available,Not Available,Not Available,Not Available,Not Available,Not Available,Not Available,Not Available,Not Available,Not Available,Not Available,Ok,Not Available,Not Available,Not Available,Not Available,56400,Not Available
2057 Linden Boulevard,Not Available,Not Available,No,Not Available,No,3043280015,Not Available,Not Available,Not Available,No,Not Available,Not Available,Not Available,Not Available,Not Available,Not Available,02/12/2019 02:36 PM EST,No,Not Available,Not Available,Not Available,Not Available,Not Available,11207,Not Available,Not Available,02/12/2019 02:36 PM EST,Not Available,Not Available,Not Available,57010.0,Not Available,Not Available,Not Available,Not Available,Swimming Pool,Not Available,Not Available,Not Available,0,Not Available,Not Available,Not Available,Not Available,Not Available,Not Available,Not Available,Not Available,Ok,Not Available,Not Available,Not Available,Not Available,57010,Not Available
1400 Benson Avenue,Not Available,Not Available,No,508.8,Not Available,3063910024,Not Available,21.5,Not Available,No,Not Available,Not Available,276000,79.9,Not Available,Not Available,04/11/2019 11:57 AM EDT,No,Not Available,09/2018,1592799.8,Not Available,Not Available,11228,41169.2,Not Available,04/11/2019 11:58 AM EDT,Not Available,19668433.5,Not Available,121200.0,Not Available,19668433.5,Not Available,Not Available,Not Available,Not Available,Not Available,Not Available,Not Available,Not Available,Not Available,Not Available,Not Available,Not Available,Not Available,Not Available,Not Available,Ok,Not Available,Not Available,Not Available,Not Available,121200,Not Available
225 Adelphi Street,Not Available,Not Available,No,172.1,No,3020910003,Not Available,-1.5,Not Available,No,Not Available,Not Available,Not Available,76,Not Available,Not Available,04/09/2019 04:46 PM EDT,No,Not Available,08/2018,502307.9,Not Available,Not Available,11205,1859,Not Available,04/09/2019 04:47 PM EDT,Not Available,11552328.2,Not Available,110400.0,Not Available,11552328.2,Not Available,Not Available,Not Available,Not Available,Not Available,Not Available,Not Available,Not Available,Not Available,Not Available,Not Available,Not Available,Not Available,Not Available,Not Available,Ok,Not Available,Not Available,Not Available,Not Available,110400,Not Available
201 warren street,Not Available,Not Available,No,412,Not Available,1000160220,Not Available,10.1,Not Available,No,Not Available,Not Available,Not Available,77.1,Not Available,Not Available,04/09/2019 04:46 PM EDT,No,Not Available,09/2018,1190014.9,Not Available,Not Available,10282,43162.2,Not Available,04/09/2019 04:47 PM EDT,Not Available,16366595,Not Available,114125.0,Not Available,16366595,Not Available,Not Available,Not Available,Not Available,Not Available,Not Available,Not Available,Not Available,Not Available,Not Available,Not Available,Not Available,Not Available,Not Available,Not Available,Ok,Not Available,Not Available,Not Available,Not Available,114125,Not Available
199 Water Street,Not Available,Not Available,No,Not Available,Not Available,1000747501,Not Available,-12.3,Not Available,No,Not Available,Not Available,Not Available,70.2,Not Available,60,02/08/2019 02:23 PM EST,No,966873,Not Available,16520673.4,Not Available,Not Available,10038,241.8,Not Available,02/22/2019 09:57 AM EST,Not Available,173538099.6,0,1008380.0,Not Available,173538099.6,Not Available,Not Available,Parking,16871,Not Available,Not Available,19490,Not Available,Not Available,Not Available,Not Available,Not Available,Not Available,Not Available,Not Available,Ok,Not Available,366,Not Available,Not Available,Not Available,Not Available
640 Fifth Avenue,Not Available,Not Available,No,Not Available,Not Available,1012670034,Not Available,-11.1,Not Available,No,Not Available,Not Available,Not Available,68.3,Not Available,61.06,Not Available,No,288063,Not Available,5486534.7,Not Available,5028.9,10019,Not Available,Not Available,04/22/2019 08:13 PM EDT,Not Available,59214548.2,0,356686.0,Not Available,59214548.2,Not Available,Not Available,Retail Store,68623,Not Available,Not Available,68623,Not Available,Not Available,Not Available,Not Available,Not Available,Not Available,Not Available,Not Available,Ok,Not Available,Not Available,Not Available,Not Available,Not Available,Not Available
58-20 Utopia Parkway,Not Available,Not Available,No,769,No,4068820001,Not Available,-34.2,Not Available,No,Not Available,Not Available,Not Available,58.5,Not Available,Not Available,04/09/2019 02:10 PM EDT,No,Not Available,09/2018,2241469.4,Not Available,Not Available,11365,7418,Not Available,04/09/2019 02:10 PM EDT,Not Available,35370264.9,Not Available,364800.0,Not Available,35370264.9,Not Available,Not Available,Not Available,Not Available,Not Available,Not Available,Not Available,Not Available,Not Available,Not Available,Not Available,Not Available,Not Available,Not Available,Not Available,Ok,Not Available,Not Available,Not Available,Not Available,364800,Not Available
3301 Quentin Road,Not Available,Not Available,No,320,Not Available,3077060001,Not Available,-15,Not Available,No,Not Available,Not Available,972486.1,73.3,Not Available,Not Available,04/11/2019 11:56 AM EDT,No,Not Available,06/2018,520129.7,Not Available,Not Available,11234,54374,Not Available,04/11/2019 11:58 AM EDT,Not Available,11744772,Not Available,112800.0,Not Available,11744772,Not Available,Not Available,Not Available,Not Available,Not Available,Not Available,Not Available,Not Available,Not Available,Not Available,Not Available,Not Available,Not Available,Not Available,Not Available,Ok,Not Available,Not Available,Not Available,Not Available,112800,Not Available
200 Monroe Street,Not Available,Not Available,No,188,Not Available,1002590044,Not Available,-41.2,Not Available,No,Not Available,Not Available,2218281.2,39.8,Not Available,Not Available,04/09/2019 04:46 PM EDT,No,Not Available,09/2018,290800,Not Available,Not Available,10002,0,Not Available,04/09/2019 04:47 PM EDT,Not Available,5018650.8,Not Available,80720.0,Not Available,5018650.8,Not Available,Not Available,Not Available,Not Available,Not Available,Not Available,Not Available,Not Available,Not Available,Not Available,Not Available,Not Available,Not Available,Not Available,Not Available,Ok,Not Available,Not Available,Not Available,Not Available,80720,Not Available
140 West 102nd Street,Not Available,Not Available,No,336,Not Available,1018550009,Not Available,-7.3,Not Available,No,Not Available,Not Available,Not Available,63.8,Not Available,Not Available,04/09/2019 04:46 PM EDT,No,Not Available,09/2018,1108495.1,Not Available,Not Available,10025,26197.4,Not Available,04/09/2019 04:46 PM EDT,Not Available,13650879.2,Not Available,102100.0,Not Available,13650879.2,Not Available,Not Available,Not Available,Not Available,Not Available,Not Available,Not Available,Not Available,Not Available,Not Available,Not Available,Not Available,Not Available,Not Available,Not Available,Ok,Not Available,Not Available,Not Available,Not Available,102100,Not Available
5800 20th Avenue,Not Available,Not Available,No,464,No,3055060006,Not Available,-40.1,Not Available,No,Not Available,Not Available,Not Available,58.9,1376833.8,Not Available,04/11/2019 11:57 AM EDT,No,Not Available,09/2018,893420,Not Available,Not Available,11204,1563.1,Not Available,04/16/2019 02:56 PM EDT,Not Available,25598635.1,Not Available,339600.0,Not Available,25598635.1,Not Available,Not Available,Not Available,Not Available,Not Available,Not Available,Not Available,Not Available,Not Available,Not Available,Not Available,60388.1,Not Available,Not Available,Not Available,Ok,Not Available,Not Available,Not Available,Not Available,339600,Not Available
2697 Westchester Avenue,Not Available,Not Available,No,288,No,2041330200,Not Available,26.7,Not Available,No,Not Available,Not Available,1165961.9,66.9,Not Available,Not Available,04/09/2019 02:09 PM EDT,Yes,Not Available,08/2018,775037.6,Not Available,Not Available,10461,Not Available,Not Available,04/09/2019 02:23 PM EDT,Not Available,10208181.5,Not Available,78000.0,Not Available,10208181.5,Not Available,Not Available,Not Available,Not Available,Not Available,Not Available,Not Available,Not Available,Not Available,Not Available,Not Available,Not Available,Not Available,Not Available,Not Available,Ok,Not Available,Not Available,Not Available,Not Available,78000,Not Available
858 Jamaica Avenue,Not Available,Not Available,No,633.6,Not Available,3041060039,Not Available,33.4,Not Available,No,Not Available,Not Available,786876.1,91.8,Not Available,Not Available,04/09/2019 04:46 PM EDT,No,Not Available,09/2018,1314449.2,Not Available,Not Available,11208,49511.1,Not Available,04/09/2019 04:47 PM EDT,Not Available,19206583.8,Not Available,115200.0,Not Available,19206583.8,Not Available,Not Available,Not Available,Not Available,Not Available,Not Available,Not Available,Not Available,Not Available,Not Available,Not Available,Not Available,Not Available,Not Available,Not Available,Ok,Not Available,Not Available,Not Available,Not Available,115200,Not Available
1301 8th Avenue,Not Available,Not Available,No,153.6,Not Available,3011010001,Not Available,-23.1,Not Available,No,Not Available,Not Available,Not Available,59.6,Not Available,Not Available,04/09/2019 04:46 PM EDT,No,Not Available,09/2018,278399.9,Not Available,Not Available,11215,19609.8,Not Available,04/09/2019 04:46 PM EDT,Not Available,4671732.1,Not Available,48060.0,Not Available,4671732.1,Not Available,Not Available,Not Available,Not Available,Not Available,Not Available,Not Available,Not Available,Not Available,Not Available,Not Available,Not Available,Not Available,Not Available,Not Available,Ok,Not Available,Not Available,Not Available,Not Available,48060,Not Available
561 Grand Avenue,Not Available,Not Available,No,300,Not Available,3011410005,Not Available,-37.8,Not Available,No,Not Available,Not Available,621000,40.7,Not Available,Not Available,04/09/2019 04:46 PM EDT,No,Not Available,09/2018,683778.9,Not Available,Not Available,11238,5542.7,Not Available,04/09/2019 04:47 PM EDT,Not Available,7764778.3,Not Available,86330.0,Not Available,7764778.3,Not Available,Not Available,Not Available,Not Available,Not Available,Not Available,Not Available,Not Available,Not Available,Not Available,Not Available,Not Available,Not Available,Not Available,Not Available,Ok,Not Available,Not Available,Not Available,Not Available,86330,Not Available
279 East 196th Street,Not Available,Not Available,No,216,Not Available,2032950001,Not Available,-17.5,Not Available,No,Not Available,Not Available,0,66.6,Not Available,Not Available,04/09/2019 02:09 PM EDT,No,Not Available,06/2018,479199.9,Not Available,Not Available,10458,53536.9,Not Available,04/09/2019 02:10 PM EDT,Not Available,10085754.7,Not Available,103300.0,Not Available,10085754.7,Not Available,Not Available,Not Available,Not Available,Not Available,Not Available,Not Available,Not Available,Not Available,Not Available,Not Available,Not Available,Not Available,Not Available,Not Available,Ok,Not Available,Not Available,Not Available,Not Available,103300,Not Available
48-01 90th Street,Not Available,Not Available,No,395.2,Not Available,4018490001,Not Available,-28.3,Not Available,No,Not Available,Not Available,0,60.5,Not Available,Not Available,04/09/2019 02:09 PM EDT,No,Not Available,09/2018,1038720,Not Available,Not Available,11373,127781.8,Not Available,04/09/2019 02:10 PM EDT,Not Available,23045156,Not Available,265325.0,Not Available,23045156,Not Available,Not Available,Not Available,Not Available,Not Available,Not Available,Not Available,Not Available,Not Available,Not Available,Not Available,Not Available,Not Available,Not Available,Not Available,Ok,Not Available,Not Available,Not Available,Not Available,265325,Not Available
720 Livonia Avenue,Not Available,Not Available,No,Not Available,Not Available,3038260021,Not Available,Not Available,Not Available,No,Not Available,Not Available,Not Available,Not Available,Not Available,Not Available,02/07/2018 12:34 PM EST,Yes,Not Available,Not Available,Not Available,Not Available,Not Available,11207,Not Available,Not Available,08/26/2018 01:52 PM EDT,Not Available,Not Available,Not Available,46060.0,Not Available,Not Available,Not Available,Not Available,Not Available,Not Available,Not Available,Not Available,Not Available,Not Available,Not Available,Not Available,Not Available,Not Available,Not Available,Not Available,Not Available,Ok,Not Available,Not Available,Not Available,Not Available,46060,Not Available
1700 Fulton Street,Not Available,Not Available,No,723.4,Not Available,3017010001,Not Available,-27.5,Not Available,No,Not Available,Not Available,0,62.5,1270940.3,Not Available,04/09/2019 04:46 PM EDT,No,Not Available,09/2018,2554309.2,Not Available,Not Available,11213,193749.5,Not Available,04/16/2019 01:16 PM EDT,Not Available,45444241.2,Not Available,460800.0,Not Available,45444241.2,Not Available,Not Available,Not Available,Not Available,Not Available,Not Available,Not Available,Not Available,Not Available,Not Available,Not Available,186309.6,Not Available,Not Available,Not Available,Ok,Not Available,Not Available,Not Available,Not Available,460800,Not Available
103 West 107th Street,Not Available,Not Available,No,260,No,1018620011,Not Available,-37.5,Not Available,No,Not Available,Not Available,Not Available,47.7,Not Available,Not Available,04/09/2019 04:46 PM EDT,No,Not Available,09/2018,562087.4,Not Available,Not Available,10025,1867.4,Not Available,04/09/2019 04:47 PM EDT,Not Available,10054251.7,Not Available,136800.0,Not Available,10054251.7,Not Available,Not Available,Not Available,Not Available,Not Available,Not Available,Not Available,Not Available,Not Available,Not Available,Not Available,Not Available,Not Available,Not Available,Not Available,Ok,Not Available,Not Available,Not Available,Not Available,136800,Not Available
126-10 109th Avenue,Not Available,Not Available,No,150.4,Not Available,4116070001,Not Available,-2.6,Not Available,No,Not Available,Not Available,Not Available,69.5,Not Available,Not Available,04/11/2019 11:56 AM EDT,No,Not Available,09/2018,340800,Not Available,Not Available,11420,54684.7,Not Available,04/11/2019 11:56 AM EDT,Not Available,9085256.9,Not Available,96575.0,Not Available,9085256.9,Not Available,Not Available,Not Available,Not Available,Not Available,Not Available,Not Available,Not Available,Not Available,Not Available,Not Available,Not Available,Not Available,Not Available,Not Available,Ok,Not Available,Not Available,Not Available,Not Available,96575,Not Available
89-02 32nd Avenue,Not Available,Not Available,No,304,Not Available,4014190001,Not Available,-16.7,Not Available,No,Not Available,Not Available,1007400.1,66.3,Not Available,Not Available,04/09/2019 02:09 PM EDT,No,Not Available,09/2018,486719.9,Not Available,Not Available,11369,47658.4,Not Available,04/09/2019 02:10 PM EDT,Not Available,10558931.8,Not Available,110525.0,Not Available,10558931.8,Not Available,Not Available,Not Available,Not Available,Not Available,Not Available,Not Available,Not Available,Not Available,Not Available,Not Available,Not Available,Not Available,Not Available,Not Available,Ok,Not Available,Not Available,Not Available,Not Available,110525,Not Available
2840 West 12th Street,Not Available,Not Available,No,116,Not Available,3072660040,Not Available,-13.4,Not Available,No,Not Available,Not Available,0,57.5,Not Available,Not Available,04/11/2019 11:56 AM EDT,No,Not Available,06/2018,353600,Not Available,Not Available,11224,40749,Not Available,04/11/2019 11:57 AM EDT,Not Available,7475462.9,Not Available,88800.0,Not Available,7475462.9,Not Available,Not Available,Not Available,Not Available,Not Available,Not Available,Not Available,Not Available,Not Available,Not Available,Not Available,Not Available,Not Available,Not Available,Not Available,Ok,Not Available,Not Available,Not Available,Not Available,88800,Not Available
1865 Morris Avenue,Not Available,Not Available,No,246,No,2028270001,Not Available,1,Not Available,No,Not Available,Not Available,Not Available,80.8,Not Available,Not Available,04/09/2019 02:09 PM EDT,No,Not Available,05/2018,726599.9,Not Available,Not Available,10453,909.9,Not Available,04/09/2019 02:10 PM EDT,Not Available,15541303.1,Not Available,136025.0,Not Available,15541303.1,Not Available,Not Available,Not Available,Not Available,Not Available,Not Available,Not Available,Not Available,Not Available,Not Available,Not Available,Not Available,Not Available,Not Available,Not Available,Ok,Not Available,Not Available,Not Available,Not Available,136025,Not Available
273 Newport Street,Not Available,Not Available,No,118.4,Not Available,3036060001,Not Available,18.7,Not Available,No,Not Available,Not Available,805505.9,113.9,Not Available,Not Available,04/09/2019 04:46 PM EDT,No,Not Available,09/2018,332319.9,Not Available,Not Available,11212,87425.6,Not Available,04/09/2019 04:47 PM EDT,Not Available,13288578.1,Not Available,94800.0,Not Available,13288578.1,Not Available,Not Available,Not Available,Not Available,Not Available,Not Available,Not Available,Not Available,Not Available,Not Available,Not Available,Not Available,Not Available,Not Available,Not Available,Ok,Not Available,Not Available,Not Available,Not Available,94800,Not Available
100 Attorney Street,Not Available,Not Available,No,270,Not Available,1003430001,Not Available,-27.9,Not Available,No,Not Available,Not Available,3521897.8,51.3,Not Available,Not Available,04/09/2019 04:46 PM EDT,No,Not Available,10/2018,672236.8,Not Available,Not Available,10002,2542,Not Available,04/09/2019 04:47 PM EDT,Not Available,10427475.1,Not Available,119519.0,Not Available,10427475.1,Not Available,Not Available,Not Available,Not Available,Not Available,Not Available,Not Available,Not Available,Not Available,Not Available,Not Available,Not Available,Not Available,Not Available,Not Available,Ok,Not Available,Not Available,Not Available,Not Available,119519,Not Available
Eleven Penn Plaza,Not Available,Not Available,No,Not Available,Not Available,1008070001,Not Available,-16.4,Not Available,No,Not Available,Not Available,Not Available,76.5,Not Available,61.7,Not Available,No,1117695,Not Available,Not Available,Not Available,16025.9,10001,Not Available,Not Available,04/19/2019 08:23 PM EDT,Not Available,187546565.4,Not Available,1130275.0,89.44,187546565.4,Not Available,Not Available,Bank Branch,Not Available,Not Available,3,4972,Not Available,Not Available,4847,Not Available,Not Available,Not Available,Not Available,Not Available,Ok,Not Available,Not Available,Not Available,Not Available,Not Available,Not Available
599 Lexington,Not Available,Not Available,Yes,Not Available,Not Available,1013070023,Not Available,-5.7,Not Available,Yes,Not Available,Not Available,Not Available,70.4,Not Available,83.28,02/12/2019 10:37 AM EST,No,1059041,Not Available,18550321.5,Not Available,15170.4,10022,3654.5,Not Available,03/19/2019 03:22 PM EDT,Not Available,191197002.9,Not Available,1059041.0,Not Available,191197002.9,Not Available,Not Available,Not Available,Not Available,Not Available,Not Available,Not Available,Not Available,Not Available,Not Available,Not Available,Not Available,Not Available,Not Available,Not Available,Ok,Not Available,Not Available,Not Available,Not Available,Not Available,Not Available
2893 Bedford Avenue,Not Available,Not Available,No,435,Not Available,3075530041,Not Available,-53.9,Not Available,No,Not Available,Not Available,Not Available,29.4,Not Available,Not Available,04/11/2019 11:56 AM EDT,No,Not Available,09/2018,1300799.8,Not Available,Not Available,11210,985.5,Not Available,04/11/2019 11:56 AM EDT,Not Available,15245152.8,Not Available,231000.0,Not Available,15245152.8,Not Available,Not Available,Not Available,Not Available,Not Available,Not Available,Not Available,Not Available,Not Available,Not Available,Not Available,Not Available,Not Available,Not Available,Not Available,Ok,Not Available,Not Available,Not Available,Not Available,231000,Not Available
222 West 134th Street,Not Available,Not Available,No,266,Not Available,1019390011,Not Available,-39.8,Not Available,No,Not Available,Not Available,0,46.8,Not Available,Not Available,04/09/2019 04:46 PM EDT,No,Not Available,09/2018,553399.9,Not Available,Not Available,10030,43718.9,Not Available,04/09/2019 04:47 PM EDT,Not Available,9859292.1,Not Available,133325.0,Not Available,9859292.1,Not Available,Not Available,Not Available,Not Available,Not Available,Not Available,Not Available,Not Available,Not Available,Not Available,Not Available,Not Available,Not Available,Not Available,Not Available,Ok,Not Available,Not Available,Not Available,Not Available,133325,Not Available
77-02 37th Avenue,Not Available,Not Available,No,582.7,Not Available,4012880001,Not Available,29.7,Not Available,No,Not Available,Not Available,868020,84.2,Not Available,Not Available,04/09/2019 02:10 PM EDT,No,Not Available,09/2018,1299999.9,Not Available,Not Available,11372,43020.2,Not Available,04/09/2019 02:10 PM EDT,Not Available,17710581.4,Not Available,112900.0,Not Available,17710581.4,Not Available,Not Available,Not Available,Not Available,Not Available,Not Available,Not Available,Not Available,Not Available,Not Available,Not Available,Not Available,Not Available,Not Available,Not Available,Ok,Not Available,Not Available,Not Available,Not Available,112900,Not Available
123 Morningside Drive,Not Available,Not Available,No,228.8,Not Available,1018500002,Not Available,-3.6,Not Available,No,Not Available,Not Available,Not Available,83.5,Not Available,Not Available,04/09/2019 04:46 PM EDT,No,Not Available,09/2018,506906.3,Not Available,Not Available,10027,54841.9,Not Available,04/09/2019 04:46 PM EDT,Not Available,10562965.9,Not Available,85280.0,Not Available,10562965.9,Not Available,Not Available,Not Available,Not Available,Not Available,Not Available,Not Available,Not Available,Not Available,Not Available,Not Available,Not Available,Not Available,Not Available,Not Available,Ok,Not Available,Not Available,Not Available,Not Available,85280,Not Available
1260 Franklin Avenue,Not Available,Not Available,No,246.4,Not Available,2026150014,Not Available,37.8,Not Available,No,Not Available,Not Available,790877.9,87,Not Available,Not Available,04/09/2019 02:09 PM EDT,No,Not Available,08/2018,784167.3,Not Available,Not Available,10456,54923.1,Not Available,04/09/2019 02:10 PM EDT,Not Available,13946428.3,Not Available,101669.0,Not Available,13946428.3,Not Available,Not Available,Not Available,Not Available,Not Available,Not Available,Not Available,Not Available,Not Available,Not Available,Not Available,Not Available,Not Available,Not Available,Not Available,Ok,Not Available,Not Available,Not Available,Not Available,101669,Not Available
1594-98 Townsend Avenue,Not Available,Not Available,No,204,Not Available,2028470041,Not Available,-10.8,Not Available,No,Not Available,Not Available,248400,61,Not Available,Not Available,04/09/2019 02:10 PM EDT,No,Not Available,10/2018,460799.9,Not Available,Not Available,10452,12815.7,Not Available,04/09/2019 02:10 PM EDT,Not Available,5980487.9,Not Available,50570.0,Not Available,5980487.9,Not Available,Not Available,Not Available,Not Available,Not Available,Not Available,Not Available,Not Available,Not Available,Not Available,Not Available,Not Available,Not Available,Not Available,Not Available,Ok,Not Available,Not Available,Not Available,Not Available,50570,Not Available
124 Monitor Street,Not Available,Not Available,No,104.4,Not Available,3026880042,Not Available,-17.7,Not Available,No,Not Available,Not Available,897138.1,53,Not Available,Not Available,04/09/2019 04:46 PM EDT,No,Not Available,09/2018,283680,Not Available,Not Available,11222,24511.3,Not Available,04/09/2019 04:47 PM EDT,Not Available,6134489.6,Not Available,80400.0,Not Available,6134489.6,Not Available,Not Available,Not Available,Not Available,Not Available,Not Available,Not Available,Not Available,Not Available,Not Available,Not Available,Not Available,Not Available,Not Available,Not Available,Ok,Not Available,Not Available,Not Available,Not Available,80400,Not Available
2630 Benson Avenue,Not Available,Not Available,No,311.4,Not Available,3068830001,Not Available,-40,Not Available,No,Not Available,Not Available,0,58.1,Not Available,Not Available,04/11/2019 11:56 AM EDT,No,Not Available,07/2018,1042399.8,Not Available,Not Available,11214,155506.2,Not Available,04/11/2019 11:58 AM EDT,Not Available,25987131.5,Not Available,324000.0,Not Available,25987131.5,Not Available,Not Available,Not Available,Not Available,Not Available,Not Available,Not Available,Not Available,Not Available,Not Available,Not Available,Not Available,Not Available,Not Available,Not Available,Ok,Not Available,Not Available,Not Available,Not Available,324000,Not Available
345 Chambers Street,Not Available,Not Available,No,1433.8,Not Available,1000160215,Not Available,24.9,Not Available,No,Not Available,Not Available,0,87,Not Available,Not Available,04/09/2019 04:46 PM EDT,No,Not Available,09/2018,6892799.2,Not Available,Not Available,10282,186354.5,Not Available,04/09/2019 04:47 PM EDT,Not Available,85324562.8,Not Available,483250.0,Not Available,85324562.8,Not Available,Not Available,Swimming Pool,Not Available,Not Available,Not Available,0,Not Available,Not Available,Not Available,Not Available,Not Available,Not Available,Not Available,Not Available,Ok,Not Available,Not Available,Not Available,Not Available,483250,Not Available
1 Albermarle Road,Not Available,Not Available,No,142.4,Not Available,3053230032,Not Available,-17.7,Not Available,No,Not Available,Not Available,1007261.9,68.3,Not Available,Not Available,04/09/2019 04:46 PM EDT,No,Not Available,09/2018,325440,Not Available,Not Available,11218,39921,Not Available,04/09/2019 04:47 PM EDT,Not Available,8174207.8,Not Available,87440.0,Not Available,8174207.8,Not Available,Not Available,Not Available,Not Available,Not Available,Not Available,Not Available,Not Available,Not Available,Not Available,Not Available,Not Available,Not Available,Not Available,Not Available,Ok,Not Available,Not Available,Not Available,Not Available,87440,Not Available
564 Jackson Avenue,Not Available,Not Available,No,256,No,2026420001,Not Available,-19.8,Not Available,No,Not Available,Not Available,Not Available,60.8,Not Available,Not Available,04/09/2019 02:09 PM EDT,No,Not Available,05/2018,474775,Not Available,Not Available,10455,384.9,Not Available,04/09/2019 02:10 PM EDT,Not Available,9263884.6,Not Available,103280.0,Not Available,9263884.6,Not Available,Not Available,Not Available,Not Available,Not Available,Not Available,Not Available,Not Available,Not Available,Not Available,Not Available,Not Available,Not Available,Not Available,Not Available,Ok,Not Available,Not Available,Not Available,Not Available,103280,Not Available
111 Columbia Street,Not Available,Not Available,No,392,Not Available,1003350001,Not Available,-0.8,Not Available,Yes,Not Available,Not Available,Not Available,92.6,416081.5,Not Available,04/09/2019 04:46 PM EDT,No,Not Available,09/2018,772312.7,Not Available,Not Available,10002,647.3,Not Available,04/16/2019 03:05 PM EDT,Not Available,24306509.2,Not Available,181200.0,Not Available,24306509.2,Not Available,Not Available,Not Available,Not Available,Not Available,Not Available,Not Available,Not Available,Not Available,Not Available,Not Available,3112.8,Not Available,Not Available,Not Available,Ok,Not Available,Not Available,Not Available,Not Available,181200,Not Available
35 Starr Street,Not Available,Not Available,No,376,No,3031850001,Not Available,-9.9,Not Available,No,Not Available,Not Available,Not Available,57.3,Not Available,Not Available,04/09/2019 04:46 PM EDT,No,Not Available,09/2018,811759.4,Not Available,Not Available,11221,722,Not Available,04/09/2019 04:47 PM EDT,Not Available,16170756.2,Not Available,193200.0,Not Available,16170756.2,Not Available,Not Available,Not Available,Not Available,Not Available,Not Available,Not Available,Not Available,Not Available,Not Available,Not Available,Not Available,Not Available,Not Available,Not Available,Ok,Not Available,Not Available,Not Available,Not Available,193200,Not Available
2185 Bathgate Avenue,Not Available,Not Available,No,128.8,Not Available,2030490037,Not Available,-6.5,Not Available,No,Not Available,Not Available,759275.9,82,Not Available,Not Available,04/09/2019 02:09 PM EDT,No,Not Available,09/2018,258240,Not Available,Not Available,10457,52755,Not Available,04/09/2019 02:10 PM EDT,Not Available,8649470,Not Available,82880.0,Not Available,8649470,Not Available,Not Available,Not Available,Not Available,Not Available,Not Available,Not Available,Not Available,Not Available,Not Available,Not Available,Not Available,Not Available,Not Available,Not Available,Ok,Not Available,Not Available,Not Available,Not Available,82880,Not Available
5550 Riverdale Avenue,Not Available,Not Available,No,187.5,Not Available,2058501550,Not Available,-15.3,Not Available,No,Not Available,Not Available,344999.9,74.8,Not Available,Not Available,04/09/2019 02:09 PM EDT,No,Not Available,06/2018,430439.9,Not Available,Not Available,10471,38214.3,Not Available,04/09/2019 02:10 PM EDT,Not Available,8400827,Not Available,74460.0,Not Available,8400827,Not Available,Not Available,Not Available,Not Available,Not Available,Not Available,Not Available,Not Available,Not Available,Not Available,Not Available,Not Available,Not Available,Not Available,Not Available,Ok,Not Available,Not Available,Not Available,Not Available,74460,Not Available
424 Leonard Street,Not Available,Not Available,No,296,No,3027120001,Not Available,-43.1,Not Available,No,Not Available,Not Available,Not Available,50.1,Not Available,Not Available,04/09/2019 04:46 PM EDT,No,Not Available,06/2018,751063.9,Not Available,Not Available,11222,55725.3,Not Available,04/09/2019 04:46 PM EDT,Not Available,12969317.7,Not Available,160800.0,Not Available,12969317.7,Not Available,Not Available,Not Available,Not Available,Not Available,Not Available,Not Available,Not Available,Not Available,Not Available,Not Available,Not Available,Not Available,Not Available,Not Available,Ok,Not Available,Not Available,Not Available,Not Available,160800,Not Available
900 Adee Avenue,Not Available,Not Available,No,214.4,Not Available,2045520010,Not Available,-1,Not Available,No,Not Available,Not Available,621000.1,85.5,Not Available,Not Available,04/09/2019 02:09 PM EDT,No,Not Available,01/2018,407120,Not Available,Not Available,10469,48871,Not Available,04/09/2019 02:10 PM EDT,Not Available,9527691.5,Not Available,79300.0,Not Available,9527691.5,Not Available,Not Available,Not Available,Not Available,Not Available,Not Available,Not Available,Not Available,Not Available,Not Available,Not Available,Not Available,Not Available,Not Available,Not Available,Ok,Not Available,Not Available,Not Available,Not Available,79300,Not Available
3530 Kings College Place,Not Available,Not Available,No,172.8,Not Available,2033560042,Not Available,-6.5,Not Available,No,Not Available,Not Available,0,70.2,Not Available,Not Available,04/09/2019 02:09 PM EDT,No,Not Available,09/2018,376318.4,Not Available,Not Available,10467,49546.2,Not Available,04/09/2019 02:10 PM EDT,Not Available,8800482.9,Not Available,88739.0,Not Available,8800482.9,Not Available,Not Available,Not Available,Not Available,Not Available,Not Available,Not Available,Not Available,Not Available,Not Available,Not Available,Not Available,Not Available,Not Available,Not Available,Ok,Not Available,Not Available,Not Available,Not Available,88739,Not Available
800 Taylor Avenue,Not Available,Not Available,No,188,No,2036410001,Not Available,-16.6,Not Available,No,Not Available,Not Available,Not Available,52.2,Not Available,Not Available,04/09/2019 02:09 PM EDT,No,Not Available,06/2018,361800,Not Available,Not Available,10473,441.7,Not Available,04/09/2019 02:10 PM EDT,Not Available,7336907.3,Not Available,97280.0,Not Available,7336907.3,Not Available,Not Available,Not Available,Not Available,Not Available,Not Available,Not Available,Not Available,Not Available,Not Available,Not Available,Not Available,Not Available,Not Available,Not Available,Ok,Not Available,Not Available,Not Available,Not Available,97280,Not Available
225 Liberty Street,Not Available,Not Available,No,Not Available,Not Available,1-00016-0125,Not Available,-13.1,Not Available,No,Not Available,Not Available,Not Available,117,Not Available,65,04/17/2019 10:39 AM EDT,No,2366683,Not Available,41905045.8,Not Available,50945.1,10281,10794.8,92972895.9,04/17/2019 03:52 PM EDT,Not Available,563649520.1,0,2577575.0,Not Available,563649520.1,Not Available,Not Available,Retail Store,85652,Not Available,Not Available,85652,Not Available,Not Available,Not Available,Not Available,Not Available,Not Available,Not Available,Not Available,Ok,Not Available,Not Available,Not Available,Not Available,Not Available,Not Available
925 Astor Avenue,Not Available,Not Available,No,533.3,Not Available,2043580001,Not Available,-24.1,Not Available,No,Not Available,Not Available,2761104,78.4,Not Available,Not Available,04/09/2019 02:09 PM EDT,No,Not Available,09/2018,1584799.8,Not Available,Not Available,10469,166256.4,Not Available,04/09/2019 02:10 PM EDT,Not Available,35239666.2,Not Available,314575.0,Not Available,35239666.2,Not Available,Not Available,Not Available,Not Available,Not Available,Not Available,Not Available,Not Available,Not Available,Not Available,Not Available,Not Available,Not Available,Not Available,Not Available,Ok,Not Available,Not Available,Not Available,Not Available,314575,Not Available
344 Monroe Street,Not Available,Not Available,No,177.6,Not Available,3018190014,Not Available,-41.8,Not Available,No,Not Available,Not Available,621000.1,52.1,Not Available,Not Available,04/09/2019 04:46 PM EDT,No,Not Available,09/2018,324000,Not Available,Not Available,11216,39322.3,Not Available,04/09/2019 04:47 PM EDT,Not Available,7757516.3,Not Available,106800.0,Not Available,7757516.3,Not Available,Not Available,Not Available,Not Available,Not Available,Not Available,Not Available,Not Available,Not Available,Not Available,Not Available,Not Available,Not Available,Not Available,Not Available,Ok,Not Available,Not Available,Not Available,Not Available,106800,Not Available
750 Prospect Avenue,Not Available,Not Available,No,126.4,No,2026880001,Not Available,-8.5,Not Available,No,Not Available,Not Available,Not Available,78.2,Not Available,Not Available,04/09/2019 02:09 PM EDT,No,Not Available,09/2018,342400,Not Available,Not Available,10455,14.4,Not Available,04/09/2019 02:10 PM EDT,Not Available,8539598.8,Not Available,81680.0,Not Available,8539598.8,Not Available,Not Available,Not Available,Not Available,Not Available,Not Available,Not Available,Not Available,Not Available,Not Available,Not Available,Not Available,Not Available,Not Available,Not Available,Ok,Not Available,Not Available,Not Available,Not Available,81680,Not Available
300 Willoughby Avenue,Not Available,Not Available,No,268,Not Available,3019260010,Not Available,-28.9,Not Available,No,Not Available,Not Available,7884630,58.1,Not Available,Not Available,04/09/2019 04:46 PM EDT,No,Not Available,09/2018,630799.9,Not Available,Not Available,11205,2215.3,Not Available,04/09/2019 04:47 PM EDT,Not Available,14219627.3,Not Available,176400.0,Not Available,14219627.3,Not Available,Not Available,Not Available,Not Available,Not Available,Not Available,Not Available,Not Available,Not Available,Not Available,Not Available,Not Available,Not Available,Not Available,Not Available,Ok,Not Available,Not Available,Not Available,Not Available,176400,Not Available
388 GREENWICH STREET,Not Available,Not Available,No,Not Available,Not Available,1002160001,Not Available,-22.2,Not Available,No,Not Available,Not Available,11724.5,69.8,Not Available,67.59,04/11/2019 09:03 AM EDT,No,1869756,Not Available,26962492.2,Not Available,44022,10013,137896,Not Available,04/30/2019 08:57 AM EDT,Not Available,301785209.3,Not Available,1869756.0,Not Available,301785209.3,Not Available,Not Available,Not Available,Not Available,Not Available,Not Available,Not Available,Not Available,Not Available,Not Available,Not Available,Not Available,Not Available,Not Available,Not Available,Ok,Not Available,Not Available,Not Available,Not Available,Not Available,Not Available
205-01 33rd Avenue,Not Available,Not Available,No,155.2,Not Available,4060380013,Not Available,-16.2,Not Available,No,Not Available,Not Available,3061116.2,58.5,Not Available,Not Available,04/09/2019 02:09 PM EDT,No,Not Available,09/2018,319039.9,Not Available,Not Available,11361,2817,Not Available,04/09/2019 02:10 PM EDT,Not Available,6435492.8,Not Available,75700.0,Not Available,6435492.8,Not Available,Not Available,Not Available,Not Available,Not Available,Not Available,Not Available,Not Available,Not Available,Not Available,Not Available,Not Available,Not Available,Not Available,Not Available,Ok,Not Available,Not Available,Not Available,Not Available,75700,Not Available
135-21 241st Street,Not Available,Not Available,No,70.8,Not Available,4132220001,Not Available,24.5,Not Available,No,Not Available,Not Available,814199.8,88.5,Not Available,Not Available,04/11/2019 11:56 AM EDT,No,Not Available,11/2018,182680,Not Available,Not Available,11422,20728.2,Not Available,04/11/2019 11:57 AM EDT,Not Available,4773538.7,Not Available,39960.0,Not Available,4773538.7,Not Available,Not Available,Not Available,Not Available,Not Available,Not Available,Not Available,Not Available,Not Available,Not Available,Not Available,Not Available,Not Available,Not Available,Not Available,Ok,Not Available,Not Available,Not Available,Not Available,39960,Not Available
3750 Baychester Avenue,Not Available,Not Available,No,224,No,2049350001,Not Available,-26.1,Not Available,No,Not Available,Not Available,8271996.3,62.3,Not Available,Not Available,04/09/2019 02:09 PM EDT,No,Not Available,09/2018,547999.9,Not Available,Not Available,10466,1293.8,Not Available,04/09/2019 02:10 PM EDT,Not Available,13724384.1,Not Available,164751.0,Not Available,13724384.1,Not Available,Not Available,Not Available,Not Available,Not Available,Not Available,Not Available,Not Available,Not Available,Not Available,Not Available,Not Available,Not Available,Not Available,Not Available,Ok,Not Available,Not Available,Not Available,Not Available,164751,Not Available
650 Waring Avenue,Not Available,Not Available,No,385.4,Not Available,2043410013,Not Available,54.9,Not Available,No,Not Available,Not Available,910800.2,75.8,Not Available,Not Available,04/09/2019 02:09 PM EDT,Yes,Not Available,09/2018,1289199.9,Not Available,Not Available,10467,61905.3,Not Available,04/09/2019 02:10 PM EDT,2385 Olinville Avenue,19494934.8,Not Available,148666.0,Not Available,19494934.8,Not Available,Not Available,Not Available,Not Available,Not Available,Not Available,Not Available,Not Available,Not Available,Not Available,Not Available,Not Available,Not Available,Not Available,Not Available,Ok,Not Available,Not Available,Not Available,Not Available,148666,Not Available
1025 Eastern Parkway,Not Available,Not Available,No,118.4,Not Available,3013890035,Not Available,-9.3,Not Available,No,Not Available,Not Available,2108364,64.9,Not Available,Not Available,04/11/2019 11:56 AM EDT,No,Not Available,11/2018,424319.9,Not Available,Not Available,11213,22856,Not Available,04/11/2019 11:58 AM EDT,Not Available,8583111.1,Not Available,90000.0,Not Available,8583111.1,Not Available,Not Available,Not Available,Not Available,Not Available,Not Available,Not Available,Not Available,Not Available,Not Available,Not Available,Not Available,Not Available,Not Available,Not Available,Ok,Not Available,Not Available,Not Available,Not Available,90000,Not Available
888 Seventh Ave,Not Available,Not Available,No,Not Available,Not Available,1010280029,Not Available,-6.9,Not Available,No,Not Available,Not Available,Not Available,88.4,Not Available,70,03/14/2019 12:50 PM EDT,No,833901,Not Available,13717837.3,Not Available,18389,10019,290,Not Available,04/24/2019 08:35 PM EDT,Not Available,165103748.8,Not Available,920762.0,Not Available,165103748.8,Not Available,Not Available,Parking,Not Available,Not Available,Not Available,72752,Not Available,Not Available,Not Available,Not Available,Not Available,Not Available,Not Available,Not Available,Ok,Not Available,Not Available,Not Available,Not Available,Not Available,Not Available
544 7th Avenue,Not Available,Not Available,No,300,No,3008800001,Not Available,-21.8,Not Available,No,Not Available,Not Available,5664693.1,59.7,Not Available,Not Available,04/09/2019 04:46 PM EDT,No,Not Available,06/2018,788799.9,Not Available,Not Available,11215,18127,Not Available,04/09/2019 04:47 PM EDT,Not Available,15160554.8,Not Available,170400.0,Not Available,15160554.8,Not Available,Not Available,Not Available,Not Available,Not Available,Not Available,Not Available,Not Available,Not Available,Not Available,Not Available,Not Available,Not Available,Not Available,Not Available,Ok,Not Available,Not Available,Not Available,Not Available,170400,Not Available
56-45 Main Street,Not Available,Not Available,No,Not Available,Not Available,4-05165-0001,Not Available,-0.4,Not Available,No,Not Available,Not Available,4738092,334.6,Not Available,Not Available,03/06/2019 12:13 PM EST,No,Not Available,Not Available,18690674.8,Not Available,101781.8,11355,1282099.8,Not Available,04/18/2019 12:27 PM EDT,Not Available,318821556.1,Not Available,590371.0,Not Available,318821556.1,Not Available,Not Available,Not Available,Not Available,Not Available,Not Available,Not Available,Not Available,Not Available,Not Available,Not Available,Not Available,Not Available,Not Available,Not Available,Ok,Not Available,Not Available,Not Available,Not Available,Not Available,Not Available
188 Rochester Avenue,Not Available,Not Available,No,324,Not Available,3013670022,Not Available,-12.1,Not Available,No,Not Available,Not Available,6220626,68.7,Not Available,Not Available,04/11/2019 11:56 AM EDT,No,Not Available,09/2018,675199.9,Not Available,Not Available,11213,3810,Not Available,04/11/2019 11:58 AM EDT,Not Available,13133473.1,Not Available,129600.0,Not Available,13133473.1,Not Available,Not Available,Not Available,Not Available,Not Available,Not Available,Not Available,Not Available,Not Available,Not Available,Not Available,Not Available,Not Available,Not Available,Not Available,Ok,Not Available,Not Available,Not Available,Not Available,129600,Not Available
150 East 58th Street,Not Available,Not Available,No,Not Available,Not Available,1013120041,Not Available,-16.9,Not Available,No,Not Available,Not Available,Not Available,93,Not Available,70,Not Available,No,538101,Not Available,6703073.2,Not Available,8177.3,10155,Not Available,Not Available,04/15/2019 08:26 PM EDT,Not Available,100938288.6,0,573338.0,50.37,100938288.6,Not Available,Not Available,Retail Store,30614,Not Available,5,30614,Not Available,Not Available,4623,Not Available,Not Available,Not Available,Not Available,Not Available,Ok,Not Available,Not Available,Not Available,Not Available,Not Available,Not Available
1434 Longfellow Avenue,Not Available,Not Available,No,510.7,Not Available,2030070008,Not Available,-57.6,Not Available,No,Not Available,Not Available,5372063.8,41.1,Not Available,Not Available,04/09/2019 02:09 PM EDT,No,Not Available,08/2018,926738.5,Not Available,Not Available,10459,831.9,Not Available,04/09/2019 02:10 PM EDT,Not Available,14561159.7,Not Available,211200.0,Not Available,14561159.7,Not Available,Not Available,Not Available,Not Available,Not Available,Not Available,Not Available,Not Available,Not Available,Not Available,Not Available,Not Available,Not Available,Not Available,Not Available,Ok,Not Available,Not Available,Not Available,Not Available,211200,Not Available
7000 21st Avenue,Not Available,Not Available,No,252.8,Not Available,3061740036,Not Available,-15.4,Not Available,No,Not Available,Not Available,552000,75,Not Available,Not Available,04/11/2019 11:56 AM EDT,No,Not Available,09/2018,473599.9,Not Available,Not Available,11204,28668.6,Not Available,04/11/2019 11:58 AM EDT,Not Available,8000370,Not Available,66000.0,Not Available,8000370,Not Available,Not Available,Not Available,Not Available,Not Available,Not Available,Not Available,Not Available,Not Available,Not Available,Not Available,Not Available,Not Available,Not Available,Not Available,Ok,Not Available,Not Available,Not Available,Not Available,66000,Not Available
2750 Throop Avenue,Not Available,Not Available,No,252.8,No,2045260001,Not Available,-11.3,Not Available,No,Not Available,Not Available,Not Available,63.6,Not Available,Not Available,04/09/2019 02:09 PM EDT,No,Not Available,09/2018,534339.9,Not Available,Not Available,10469,13,Not Available,04/09/2019 02:10 PM EDT,Not Available,10434997.7,Not Available,111700.0,Not Available,10434997.7,Not Available,Not Available,Not Available,Not Available,Not Available,Not Available,Not Available,Not Available,Not Available,Not Available,Not Available,Not Available,Not Available,Not Available,Not Available,Ok,Not Available,Not Available,Not Available,Not Available,111700,Not Available
165 Brown Place,Not Available,Not Available,No,200,Not Available,2022800040,Not Available,-35.4,Not Available,No,Not Available,Not Available,4726941.7,55,Not Available,Not Available,04/09/2019 02:09 PM EDT,No,Not Available,09/2018,473725.1,Not Available,Not Available,10454,525,Not Available,04/09/2019 02:10 PM EDT,Not Available,9380671.4,Not Available,116460.0,Not Available,9380671.4,Not Available,Not Available,Not Available,Not Available,Not Available,Not Available,Not Available,Not Available,Not Available,Not Available,Not Available,Not Available,Not Available,Not Available,Not Available,Ok,Not Available,Not Available,Not Available,Not Available,116460,Not Available
212 West 120th Street,Not Available,Not Available,No,248,Not Available,1019250019,Not Available,-13.9,Not Available,No,Not Available,Not Available,5265390.2,64.1,Not Available,Not Available,04/09/2019 04:46 PM EDT,No,Not Available,08/2018,516914.1,Not Available,Not Available,10027,383.1,Not Available,04/09/2019 04:47 PM EDT,Not Available,10336574.6,Not Available,110480.0,Not Available,10336574.6,Not Available,Not Available,Not Available,Not Available,Not Available,Not Available,Not Available,Not Available,Not Available,Not Available,Not Available,Not Available,Not Available,Not Available,Not Available,Ok,Not Available,Not Available,Not Available,Not Available,110480,Not Available
345 Park Ave,Not Available,Not Available,No,Not Available,Not Available,1013060001,Not Available,7,Not Available,Yes,Not Available,Not Available,Not Available,150.9,Not Available,65.53,04/12/2019 10:51 AM EDT,No,1798735,Not Available,34674406.4,17,39526.8,10154,15722.1,Not Available,04/29/2019 12:36 PM EDT,Not Available,523223906.1,Not Available,1889571.0,Not Available,523223906.1,Not Available,Not Available,Parking,Not Available,Not Available,Not Available,47077,Not Available,Not Available,Not Available,Not Available,Not Available,Not Available,Not Available,Not Available,Ok,Not Available,11750,Not Available,Not Available,Not Available,Not Available
76 Lott Avenue,Not Available,Not Available,No,94.4,Not Available,3036220023,Not Available,-6.6,Not Available,No,Not Available,Not Available,759000,86.8,Not Available,Not Available,04/09/2019 04:46 PM EDT,No,Not Available,01/2018,346118.1,Not Available,Not Available,11212,44546,Not Available,04/09/2019 04:47 PM EDT,Not Available,8815061.4,Not Available,74400.0,Not Available,8815061.4,Not Available,Not Available,Not Available,Not Available,Not Available,Not Available,Not Available,Not Available,Not Available,Not Available,Not Available,Not Available,Not Available,Not Available,Not Available,Ok,Not Available,Not Available,Not Available,Not Available,74400,Not Available
1861 Anthony Avenue,Not Available,Not Available,No,204.8,Not Available,2028040031,Not Available,-4.5,Not Available,No,Not Available,Not Available,4247088.2,63.2,Not Available,Not Available,04/09/2019 02:09 PM EDT,No,Not Available,09/2018,435920,Not Available,Not Available,10457,2685,Not Available,04/09/2019 02:10 PM EDT,Not Available,8736089.4,Not Available,94980.0,Not Available,8736089.4,Not Available,Not Available,Not Available,Not Available,Not Available,Not Available,Not Available,Not Available,Not Available,Not Available,Not Available,Not Available,Not Available,Not Available,Not Available,Ok,Not Available,Not Available,Not Available,Not Available,94980,Not Available
4124 9th Avenue,Not Available,Not Available,No,91.2,Not Available,1022150824,Not Available,-56,Not Available,No,Not Available,Not Available,Not Available,58.4,Not Available,Not Available,04/09/2019 04:46 PM EDT,No,Not Available,05/2018,177520,Not Available,Not Available,10034,7428.1,Not Available,04/09/2019 04:46 PM EDT,Not Available,2474110,Not Available,23080.0,Not Available,2474110,Not Available,Not Available,Not Available,Not Available,Not Available,Not Available,Not Available,Not Available,Not Available,Not Available,Not Available,Not Available,Not Available,Not Available,Not Available,Ok,Not Available,Not Available,Not Available,Not Available,23080,Not Available
866 UN Plaza,Not Available,Not Available,Yes,Not Available,Not Available,1-01360-7501,Not Available,-16.9,Not Available,Yes,Not Available,Not Available,Not Available,68.8,Not Available,54.12,Not Available,No,370842,Not Available,5057517.2,12,5897.8,10017,Not Available,Not Available,04/12/2019 07:58 PM EDT,Not Available,58980097.7,Not Available,419000.0,Not Available,58980097.7,Not Available,Not Available,Parking,Not Available,Not Available,Not Available,42674,Not Available,Not Available,Not Available,Not Available,Not Available,Not Available,Not Available,Not Available,Ok,Not Available,Not Available,Not Available,Not Available,Not Available,Not Available
350 Gerard Avenue,Not Available,Not Available,No,578.6,Not Available,2023440096,Not Available,-8.2,Not Available,No,Not Available,Not Available,Not Available,69.8,Not Available,Not Available,04/09/2019 02:09 PM EDT,No,Not Available,06/2018,1277529,Not Available,Not Available,10451,44131.7,Not Available,04/09/2019 02:09 PM EDT,Not Available,17046861.2,Not Available,126600.0,Not Available,17046861.2,Not Available,Not Available,Not Available,Not Available,Not Available,Not Available,Not Available,Not Available,Not Available,Not Available,Not Available,Not Available,Not Available,Not Available,Not Available,Ok,Not Available,Not Available,Not Available,Not Available,126600,Not Available
80 Monroe Avenue,Not Available,Not Available,No,196,Not Available,5000180015,Not Available,-18.6,Not Available,No,Not Available,Not Available,4092527.9,53.4,Not Available,Not Available,04/11/2019 11:57 AM EDT,No,Not Available,09/2018,531479.9,Not Available,Not Available,10301,21,Not Available,04/11/2019 11:58 AM EDT,Not Available,9213205.5,Not Available,110600.0,Not Available,9213205.5,Not Available,Not Available,Not Available,Not Available,Not Available,Not Available,Not Available,Not Available,Not Available,Not Available,Not Available,Not Available,Not Available,Not Available,Not Available,Ok,Not Available,Not Available,Not Available,Not Available,110600,Not Available
333 East 151st Street,Not Available,Not Available,No,672,No,2024110022,Not Available,-13.3,Not Available,No,Not Available,Not Available,Not Available,76.5,Not Available,Not Available,04/09/2019 02:09 PM EDT,No,Not Available,08/2018,1480799.9,Not Available,Not Available,10451,1127,Not Available,04/09/2019 02:10 PM EDT,Not Available,30891553.7,Not Available,282668.0,Not Available,30891553.7,Not Available,Not Available,Not Available,Not Available,Not Available,Not Available,Not Available,Not Available,Not Available,Not Available,Not Available,Not Available,Not Available,Not Available,Not Available,Ok,Not Available,Not Available,Not Available,Not Available,282668,Not Available
3000 West 1st Street,Not Available,Not Available,No,234,Not Available,3072740107,Not Available,-4.6,Not Available,No,Not Available,Not Available,151800,80.6,Not Available,Not Available,04/11/2019 11:56 AM EDT,No,Not Available,08/2018,469541.8,Not Available,Not Available,11224,24980.9,Not Available,04/11/2019 11:58 AM EDT,Not Available,7333868.1,Not Available,52800.0,Not Available,7333868.1,Not Available,Not Available,Not Available,Not Available,Not Available,Not Available,Not Available,Not Available,Not Available,Not Available,Not Available,Not Available,Not Available,Not Available,Not Available,Ok,Not Available,Not Available,Not Available,Not Available,52800,Not Available
1071 Fifth Avenue,Not Available,Not Available,No,Not Available,Not Available,1-01500-0001,Not Available,305.9,Not Available,No,Not Available,Not Available,Not Available,253.2,Not Available,Not Available,04/17/2019 01:26 PM EDT,No,Not Available,Not Available,3459483,Not Available,Not Available,10128,3241.5,Not Available,04/19/2019 10:39 AM EDT,Not Available,Not Available,Not Available,125362.0,Not Available,56990037,Not Available,Not Available,Not Available,Not Available,Not Available,Not Available,Not Available,Not Available,Not Available,Not Available,Not Available,Not Available,Not Available,Not Available,Not Available,Ok,Not Available,Not Available,Not Available,Not Available,Not Available,Not Available
1855 Stillwell Avenue,Not Available,Not Available,No,228.8,No,3066670024,Not Available,-19.6,Not Available,No,Not Available,Not Available,Not Available,61.8,Not Available,Not Available,04/11/2019 11:56 AM EDT,No,Not Available,09/2018,432477.6,Not Available,Not Available,11223,1386.4,Not Available,04/11/2019 11:58 AM EDT,Not Available,7844006.3,Not Available,82800.0,Not Available,7844006.3,Not Available,Not Available,Not Available,Not Available,Not Available,Not Available,Not Available,Not Available,Not Available,Not Available,Not Available,Not Available,Not Available,Not Available,Not Available,Ok,Not Available,Not Available,Not Available,Not Available,82800,Not Available
2950 West 25th Street,Not Available,Not Available,No,164,No,3070540045,Not Available,-5.2,Not Available,No,Not Available,Not Available,Not Available,70.3,Not Available,Not Available,04/11/2019 11:56 AM EDT,No,Not Available,10/2018,418799.9,Not Available,Not Available,11224,56598.7,Not Available,04/29/2019 04:38 PM EDT,Not Available,9763027.9,Not Available,98400.0,Not Available,9763027.9,Not Available,Not Available,Not Available,Not Available,Not Available,Not Available,Not Available,Not Available,Not Available,Not Available,Not Available,Not Available,Not Available,Not Available,Not Available,Ok,Not Available,Not Available,Not Available,Not Available,98400,Not Available
2230 5th Avenue,Not Available,Not Available,No,200,Not Available,1017330017,Not Available,-36.5,Not Available,No,Not Available,Not Available,0,57.3,Not Available,Not Available,04/09/2019 04:46 PM EDT,No,Not Available,09/2018,497599.9,Not Available,Not Available,10037,42219.8,Not Available,04/09/2019 04:47 PM EDT,Not Available,9038606.4,Not Available,100925.0,Not Available,9038606.4,Not Available,Not Available,Not Available,Not Available,Not Available,Not Available,Not Available,Not Available,Not Available,Not Available,Not Available,Not Available,Not Available,Not Available,Not Available,Ok,Not Available,Not Available,Not Available,Not Available,100925,Not Available
306 Fort Washington Avenue,Not Available,Not Available,No,164,Not Available,1021420154,Not Available,60.4,Not Available,No,Not Available,Not Available,0,139.6,Not Available,Not Available,04/09/2019 04:46 PM EDT,No,Not Available,09/2018,524199.3,Not Available,Not Available,10033,173557.3,Not Available,04/09/2019 04:47 PM EDT,Not Available,23044558.7,Not Available,135965.0,Not Available,23044558.7,Not Available,Not Available,Not Available,Not Available,Not Available,Not Available,Not Available,Not Available,Not Available,Not Available,Not Available,Not Available,Not Available,Not Available,Not Available,Ok,Not Available,Not Available,Not Available,Not Available,135965,Not Available
115 East 57th Street,Not Available,Not Available,No,Not Available,Not Available,1013127501,0.67293,40.6,Not Available,No,Not Available,105208,Not Available,82.6,Not Available,47.23,04/22/2019 10:50 AM EDT,Yes,32868,Not Available,6279643.9,Not Available,Not Available,10022,10509.1,Not Available,04/30/2019 12:14 PM EDT,Not Available,Not Available,1,544244.0,Not Available,86634006.8,368540,248,Medical Office,15161,Not Available,Not Available,105208,90,Not Available,Not Available,Not Available,Not Available,Not Available,Not Available,0,Ok,Not Available,Not Available,Not Available,Not Available,Not Available,Not Available
82-01 101st Avenue,Not Available,Not Available,No,204.8,No,4090530014,Not Available,0.3,Not Available,No,Not Available,Not Available,3733507.2,74.3,Not Available,Not Available,04/11/2019 11:56 AM EDT,No,Not Available,09/2018,404640,Not Available,Not Available,11416,35,Not Available,04/11/2019 11:58 AM EDT,Not Available,7640286,Not Available,68908.0,Not Available,7640286,Not Available,Not Available,Not Available,Not Available,Not Available,Not Available,Not Available,Not Available,Not Available,Not Available,Not Available,Not Available,Not Available,Not Available,Not Available,Ok,Not Available,Not Available,Not Available,Not Available,68908,Not Available
3787 Bedford Avenue,Not Available,Not Available,No,408,No,3067880001,Not Available,0.2,Not Available,No,Not Available,Not Available,250608,106.5,Not Available,Not Available,04/11/2019 11:56 AM EDT,No,Not Available,09/2018,1541599.7,Not Available,Not Available,11229,1291,Not Available,04/11/2019 11:57 AM EDT,Not Available,42075356.3,Not Available,303600.0,Not Available,42075356.3,Not Available,Not Available,Swimming Pool,Not Available,Not Available,Not Available,0,Not Available,Not Available,Not Available,Not Available,Not Available,Not Available,Not Available,Not Available,Ok,Not Available,Not Available,Not Available,Not Available,303600,Not Available
80-55 Cornish Avenue,Not Available,Not Available,No,743,Not Available,4015380075,Not Available,26.1,Not Available,No,Not Available,Not Available,940207.7,89.8,Not Available,Not Available,04/09/2019 02:09 PM EDT,No,Not Available,06/2018,1743199.7,Not Available,Not Available,11373,67217.9,Not Available,04/09/2019 02:10 PM EDT,Not Available,24535544.8,Not Available,150175.0,Not Available,24535544.8,Not Available,Not Available,Not Available,Not Available,Not Available,Not Available,Not Available,Not Available,Not Available,Not Available,Not Available,Not Available,Not Available,Not Available,Not Available,Ok,Not Available,Not Available,Not Available,Not Available,150175,Not Available
1021 Jennings Avenue,Not Available,Not Available,No,276,Not Available,2030130001,Not Available,-0.7,Not Available,No,Not Available,Not Available,Not Available,80.9,Not Available,Not Available,04/09/2019 02:10 PM EDT,No,Not Available,05/2018,565964.8,Not Available,Not Available,10460,27068.5,Not Available,04/09/2019 02:10 PM EDT,Not Available,8319816.2,Not Available,57580.0,Not Available,8319816.2,Not Available,Not Available,Not Available,Not Available,Not Available,Not Available,Not Available,Not Available,Not Available,Not Available,Not Available,Not Available,Not Available,Not Available,Not Available,Ok,Not Available,Not Available,Not Available,Not Available,57580,Not Available
88-15 182nd Street,Not Available,Not Available,No,272,No,4099190006,Not Available,-37.7,Not Available,No,Not Available,Not Available,Not Available,44.9,Not Available,Not Available,04/11/2019 11:56 AM EDT,No,Not Available,05/2018,848799.9,Not Available,Not Available,11423,3939.4,Not Available,04/16/2019 03:15 PM EDT,Not Available,16076205.2,Not Available,240055.0,Not Available,16076205.2,Not Available,Not Available,Not Available,Not Available,Not Available,Not Available,Not Available,Not Available,Not Available,Not Available,Not Available,Not Available,Not Available,Not Available,Not Available,Ok,Not Available,Not Available,Not Available,Not Available,240055,Not Available
730 Third Avenue,Not Available,Not Available,No,Not Available,Not Available,1013000033,Not Available,-17.7,Not Available,No,Not Available,Not Available,Not Available,84.6,Not Available,51.38,Not Available,No,636215,Not Available,10079385.9,10,Not Available,10017,Not Available,Not Available,04/04/2019 08:39 PM EDT,Not Available,124688897.4,0,678947.0,Not Available,124688897.4,Not Available,Not Available,Data Center,10644,Not Available,Not Available,15400,Not Available,Not Available,Not Available,Not Available,Not Available,Not Available,Not Available,Not Available,Ok,Not Available,Not Available,Not Available,Not Available,Not Available,Not Available
1 Whitehall Street,Not Available,Not Available,No,Not Available,Not Available,1000100023,Not Available,-4.4,Not Available,No,Not Available,Not Available,Not Available,103.5,Not Available,65,Not Available,No,322760,Not Available,4066714.3,Not Available,4265.5,10004,Not Available,Not Available,04/30/2019 09:06 AM EDT,Not Available,63093110.1,Not Available,329991.0,Not Available,63093110.1,Not Available,Not Available,Convenience Store without Gas Station,Not Available,Not Available,Not Available,7231,Not Available,Not Available,Not Available,Not Available,Not Available,Not Available,Not Available,Not Available,Ok,Not Available,Not Available,Not Available,Not Available,Not Available,Not Available
2929 West 30th Street,Not Available,Not Available,No,320,No,3070510001,Not Available,-29.3,Not Available,No,Not Available,Not Available,0,56,Not Available,Not Available,04/11/2019 11:56 AM EDT,No,Not Available,10/2018,741599.9,Not Available,Not Available,11224,53597.9,Not Available,04/11/2019 11:58 AM EDT,Not Available,12476070.1,Not Available,136800.0,Not Available,12476070.1,Not Available,Not Available,Not Available,Not Available,Not Available,Not Available,Not Available,Not Available,Not Available,Not Available,Not Available,Not Available,Not Available,Not Available,Not Available,Ok,Not Available,Not Available,Not Available,Not Available,136800,Not Available
34-85 82nd Street,Not Available,Not Available,No,488,Not Available,4014430019,Not Available,24.8,Not Available,No,Not Available,Not Available,593400,78.8,Not Available,Not Available,04/09/2019 02:09 PM EDT,No,Not Available,09/2018,1085689,Not Available,Not Available,11372,32276,Not Available,04/09/2019 02:10 PM EDT,Not Available,14342641.2,Not Available,94900.0,Not Available,14342641.2,Not Available,Not Available,Not Available,Not Available,Not Available,Not Available,Not Available,Not Available,Not Available,Not Available,Not Available,Not Available,Not Available,Not Available,Not Available,Ok,Not Available,Not Available,Not Available,Not Available,94900,Not Available
445 Southern Boulevard,Not Available,Not Available,No,472,Not Available,2025760026,Not Available,-26,Not Available,No,Not Available,Not Available,Not Available,67.2,Not Available,Not Available,04/09/2019 02:09 PM EDT,No,Not Available,09/2018,1055999.9,Not Available,Not Available,10455,96460.7,Not Available,04/09/2019 02:09 PM EDT,Not Available,20199681.8,Not Available,196860.0,Not Available,20199681.8,Not Available,Not Available,Not Available,Not Available,Not Available,Not Available,Not Available,Not Available,Not Available,Not Available,Not Available,Not Available,Not Available,Not Available,Not Available,Ok,Not Available,Not Available,Not Available,Not Available,196860,Not Available
2975 tibbett avenue,Not Available,Not Available,No,1066.4,Not Available,2057160725,Not Available,5.3,Not Available,No,Not Available,Not Available,678960.1,86,Not Available,Not Available,04/09/2019 02:09 PM EDT,No,Not Available,09/2018,1847367.7,Not Available,Not Available,10463,66634.3,Not Available,04/09/2019 02:10 PM EDT,Not Available,26321791,Not Available,162677.0,Not Available,26321791,Not Available,Not Available,Not Available,Not Available,Not Available,Not Available,Not Available,Not Available,Not Available,Not Available,Not Available,Not Available,Not Available,Not Available,Not Available,Ok,Not Available,Not Available,Not Available,Not Available,162677,Not Available
187-01 Foch Boulevard,Not Available,Not Available,No,136,No,4124390032,Not Available,2.5,Not Available,No,Not Available,Not Available,Not Available,59.4,Not Available,Not Available,04/11/2019 11:56 AM EDT,No,Not Available,12/2018,375354.4,Not Available,Not Available,11412,1091.3,Not Available,04/11/2019 11:57 AM EDT,Not Available,5442494.5,Not Available,51660.0,Not Available,5442494.5,Not Available,Not Available,Not Available,Not Available,Not Available,Not Available,Not Available,Not Available,Not Available,Not Available,Not Available,Not Available,Not Available,Not Available,Not Available,Ok,Not Available,Not Available,Not Available,Not Available,51660,Not Available
30-45 42nd Street,Not Available,Not Available,No,404,Not Available,4006960014,Not Available,9.9,Not Available,No,Not Available,Not Available,0,67.1,Not Available,Not Available,04/09/2019 02:09 PM EDT,No,Not Available,06/2018,1548799.8,Not Available,Not Available,11103,58328.8,Not Available,04/09/2019 02:10 PM EDT,Not Available,20906881,Not Available,165393.0,Not Available,20906881,Not Available,Not Available,Not Available,Not Available,Not Available,Not Available,Not Available,Not Available,Not Available,Not Available,Not Available,Not Available,Not Available,Not Available,Not Available,Ok,Not Available,Not Available,Not Available,Not Available,165393,Not Available
120 Broadway,Not Available,Not Available,No,Not Available,Not Available,1-00047-7501,Not Available,-33.1,Not Available,No,Not Available,Not Available,Not Available,65.6,Not Available,49.95,02/19/2019 10:58 AM EST,No,1858900,Not Available,21357597.4,Not Available,20831.7,10271,17098.2,Not Available,03/08/2019 08:05 PM EST,Not Available,266812530.9,Not Available,1910503.0,Not Available,266812530.9,Not Available,Not Available,Bank Branch,Not Available,Not Available,Not Available,32063,Not Available,Not Available,Not Available,Not Available,Not Available,Not Available,Not Available,Not Available,Ok,Not Available,Not Available,Not Available,Not Available,Not Available,Not Available
129-15 150th Avenue,Not Available,Not Available,No,416,No,4118820001,Not Available,10,Not Available,No,Not Available,Not Available,Not Available,82.5,Not Available,Not Available,04/11/2019 11:56 AM EDT,No,Not Available,08/2018,1167839.1,Not Available,Not Available,11420,4191,Not Available,04/11/2019 11:58 AM EDT,Not Available,17092022.9,Not Available,117680.0,Not Available,17092022.9,Not Available,Not Available,Not Available,Not Available,Not Available,Not Available,Not Available,Not Available,Not Available,Not Available,Not Available,Not Available,Not Available,Not Available,Not Available,Ok,Not Available,Not Available,Not Available,Not Available,117680,Not Available
1114 Avenue of the Americas,Not Available,Not Available,No,Not Available,Not Available,1-01258-0009,Not Available,-11.9,Not Available,No,Not Available,Not Available,Not Available,109.7,Not Available,56.93,04/13/2019 01:52 PM EDT,No,1497125,Not Available,26668956.7,Not Available,30619.2,10036,46920.7,Not Available,04/17/2019 10:07 PM EDT,Not Available,348954736.2,Not Available,1557491.0,Not Available,349301557.7,Not Available,Not Available,Restaurant,Not Available,Not Available,Not Available,25369,Not Available,Not Available,Not Available,Not Available,Not Available,Not Available,Not Available,Not Available,Ok,Not Available,Not Available,Not Available,Not Available,Not Available,Not Available
2400 Marion Avenue,Not Available,Not Available,No,204,Not Available,2030240021,Not Available,-9.7,Not Available,No,Not Available,Not Available,1021200.1,71.8,Not Available,Not Available,04/09/2019 02:09 PM EDT,No,Not Available,05/2018,628799.9,Not Available,Not Available,10458,64380.6,Not Available,04/09/2019 02:10 PM EDT,Not Available,13643530.9,Not Available,131644.0,Not Available,13643530.9,Not Available,Not Available,Not Available,Not Available,Not Available,Not Available,Not Available,Not Available,Not Available,Not Available,Not Available,Not Available,Not Available,Not Available,Not Available,Ok,Not Available,Not Available,Not Available,Not Available,131644,Not Available
349 Cabrini Boulevard,Not Available,Not Available,No,137.6,Not Available,1021790365,Not Available,22.9,Not Available,No,Not Available,Not Available,937572.1,85,Not Available,Not Available,04/09/2019 04:46 PM EDT,No,Not Available,10/2018,357120,Not Available,Not Available,10040,47288.4,Not Available,04/09/2019 04:47 PM EDT,Not Available,9279344.4,Not Available,80480.0,Not Available,9279344.4,Not Available,Not Available,Not Available,Not Available,Not Available,Not Available,Not Available,Not Available,Not Available,Not Available,Not Available,Not Available,Not Available,Not Available,Not Available,Ok,Not Available,Not Available,Not Available,Not Available,80480,Not Available
200  East  42nd  St.,Not Available,Not Available,No,Not Available,Not Available,1013150001,Not Available,-15.3,Not Available,No,Not Available,Not Available,Not Available,101,Not Available,65,Not Available,No,366528,Not Available,5055495,Not Available,7252.6,10017,Not Available,Not Available,04/26/2019 02:21 PM EDT,Not Available,74360654.6,0,384432.0,Not Available,74360654.6,Not Available,Not Available,Retail Store,15789,Not Available,Not Available,15789,Not Available,Not Available,Not Available,Not Available,Not Available,Not Available,Not Available,Not Available,Ok,Not Available,Not Available,Not Available,Not Available,Not Available,Not Available
