property_name,refrigerated_warehouse_gross,courthouse_gross_floor_area,distribution_center_gross,weather_normalized_site_eui,hospital_general_medical_3,hospital_general_medical_4,largest_property_use_type_1,medical_office_percent_that_1,water_use_all_water_sources,electricity_use_grid_purchase,egrid_output_emissions_rate,fitness_center_health_club,hospital_general_medical_12,indoor_water_use_all_water,difference_from_national_1,nta,estimated_data_flag_1,property_gfa_calculated_2,energy_star_certification_2,district_hot_water_use_kbtu,propane_use_kbtu,avoided_emissions_onsite,multifamily_housing_percent_1,borough,data_center_cooling_equipment,electricity_use_generated_3,site_eui_kbtu_ft,electricity_use_generated_1,financial_office_gross_floor,green_power_onsite_and_offsite,address_2,senior_care_community_gross,energy_star_certification_1,_2nd_largest_property_use_1,alert_energy_meter_has_less,residence_hall_dormitory,multifamily_housing_resident,hospital_general_medical_1,property_gfa_self_reported,financial_office_number_of,office_percent_that_can_be_1,national_median_energy_star,multifamily_housing_number_6,third_party_certification_1,multifamily_housing_number_5,multifamily_housing_number_4,estimated_data_flag,green_power_offsite_kwh,indoor_water_use_intensity,energy_star_certification,alert_energy_meter_has_gaps,multifamily_housing_number,green_power_onsite_kwh,nyc_building_identification,food_service_gross_floor
X171-0201229,Not Available,Not Available,Not Available,91.3,Not Available,Not Available,40375.0,Not Available,Not Available,1536764.8,79.5,Not Available,Not Available,Not Available,46.9,Claremont-Bathgate,Not Available,Not Available,No,Not Available,Not Available,Not Available,Not Available,BRONX,Not Available,Not Available,92.7,Not Available,Not Available,0,Not Available,Not Available,Not Available,Not Available,Ok,Not Available,Not Available,Not Available,40375,Not Available,Not Available,50,Not Available,Not Available,Not Available,Not Available,No,0,Not Available,Not Available,Ok,Not Available,Not Available,2100071,Not Available
X040-0200076,Not Available,Not Available,Not Available,54.3,Not Available,Not Available,108000.0,Not Available,0,1629571.3,79.5,Not Available,Not Available,0,-31.3,Mott Haven-Port Morris,Not Available,Not Available,Yes,Not Available,Not Available,Not Available,Not Available,BRONX,Not Available,Not Available,54,Not Available,Not Available,0,Not Available,Not Available,Not Available,Not Available,Ok,Not Available,Not Available,Not Available,108000,Not Available,Not Available,50,Not Available,Not Available,Not Available,Not Available,No,0,0,Not Available,Ok,Not Available,Not Available,2000308,Not Available
X138-0200182,Not Available,Not Available,Not Available,82.1,Not Available,Not Available,88375.0,Not Available,24607.6,1562423.1,79.5,Not Available,Not Available,24607.6,1.6,Soundview-Castle Hill-Clason Point-Harding Park,Not Available,Not Available,No,Not Available,Not Available,Not Available,Not Available,BRONX,Not Available,Not Available,82.4,Not Available,Not Available,0,Not Available,Not Available,Not Available,Not Available,Ok,Not Available,Not Available,Not Available,88375,Not Available,Not Available,50,Not Available,Not Available,Not Available,Not Available,No,0,278.45,Not Available,Ok,Not Available,Not Available,2022289,Not Available
X074-0200112,Not Available,Not Available,Not Available,70.1,Not Available,Not Available,166975.0,Not Available,Not Available,4288201.8,79.5,Not Available,Not Available,Not Available,-32,Hunts Point,Not Available,Not Available,Yes,Not Available,Not Available,Not Available,Not Available,BRONX,Not Available,Not Available,71.8,Not Available,Not Available,0,Not Available,Not Available,Not Available,Not Available,Ok,Not Available,Not Available,Not Available,166975,Not Available,Not Available,50,Not Available,Not Available,Not Available,Not Available,No,0,Not Available,Not Available,Ok,Not Available,Not Available,2006566,Not Available
NE - 111 WALL STREET,Not Available,Not Available,Not Available,69.6,Not Available,Not Available,885474.0,Not Available,4235.5,35213678.3,84.7,Not Available,Not Available,4235.5,-20.5,Battery Park City-Lower Manhattan,Not Available,Not Available,No,Not Available,Not Available,Not Available,Not Available,MANHATTAN,Not Available,Not Available,69.6,Not Available,Not Available,0,Not Available,Not Available,Not Available,Not Available,Ok,Not Available,Not Available,Not Available,885474,Not Available,73.99,50,Not Available,Not Available,Not Available,Not Available,No,0,4.78,Not Available,Ok,Not Available,Not Available,1000868,Not Available
K175-0300178,Not Available,Not Available,Not Available,78.6,Not Available,Not Available,106800.0,Not Available,17099.9,1799352.3,79.5,Not Available,Not Available,17099.9,-15.3,Brownsville,Not Available,Not Available,No,Not Available,Not Available,Not Available,Not Available,BROOKLYN,Not Available,Not Available,79,Not Available,Not Available,0,Not Available,Not Available,Not Available,Not Available,Ok,Not Available,Not Available,Not Available,106800,Not Available,Not Available,50,Not Available,Not Available,Not Available,Not Available,No,0,160.11,Not Available,Ok,Not Available,Not Available,3081419,Not Available
Q038-0400036,Not Available,Not Available,Not Available,101.9,Not Available,Not Available,39960.0,Not Available,Not Available,639545.3,79.5,Not Available,Not Available,Not Available,19.8,Rosedale,Not Available,Not Available,No,Not Available,Not Available,Not Available,Not Available,QUEENS,Not Available,Not Available,101.8,Not Available,Not Available,0,Not Available,Not Available,Not Available,Not Available,Ok,Not Available,Not Available,Not Available,39960,Not Available,Not Available,50,Not Available,Not Available,Not Available,Not Available,No,0,Not Available,Not Available,Ok,Not Available,Not Available,4284236,Not Available
K104-0300114,Not Available,Not Available,Not Available,62.5,Not Available,Not Available,116400.0,Not Available,1656.4,1868411.2,79.5,Not Available,Not Available,1656.4,-26.4,Bay Ridge,Not Available,Not Available,Yes,Not Available,Not Available,Not Available,Not Available,BROOKLYN,Not Available,Not Available,60.7,Not Available,Not Available,0,Not Available,Not Available,Not Available,Not Available,Ok,Not Available,Not Available,Not Available,116400,Not Available,Not Available,50,Not Available,Not Available,Not Available,Not Available,No,0,14.23,Not Available,Ok,Not Available,Not Available,3154775,Not Available
K151-0300153,Not Available,Not Available,Not Available,86.4,Not Available,Not Available,67200.0,Not Available,Not Available,1071095,79.5,Not Available,Not Available,Not Available,24.6,Bushwick North,Not Available,Not Available,No,Not Available,Not Available,Not Available,Not Available,BROOKLYN,Not Available,Not Available,85.7,Not Available,Not Available,0,Not Available,Not Available,Not Available,Not Available,Ok,Not Available,Not Available,Not Available,67200,Not Available,Not Available,50,Not Available,Not Available,Not Available,Not Available,No,0,Not Available,Not Available,Ok,Not Available,Not Available,3078654,Not Available
K100-0300111,Not Available,Not Available,Not Available,80.6,Not Available,Not Available,93600.0,Not Available,8248.2,1208666.9,79.5,Not Available,Not Available,8248.2,-19.4,West Brighton,Not Available,Not Available,No,Not Available,Not Available,Not Available,Not Available,BROOKLYN,Not Available,Not Available,77.8,Not Available,Not Available,0,Not Available,Not Available,Not Available,Not Available,Ok,Not Available,Not Available,Not Available,93600,Not Available,Not Available,50,Not Available,Not Available,Not Available,Not Available,No,0,88.12,Not Available,Ok,Not Available,Not Available,3196595,Not Available
K227-0300232,Not Available,Not Available,Not Available,65.9,Not Available,Not Available,146400.0,Not Available,8326.7,2380211.2,79.5,Not Available,Not Available,8326.7,-14.5,Bensonhurst West,Not Available,Not Available,No,Not Available,Not Available,Not Available,Not Available,BROOKLYN,Not Available,Not Available,64.2,Not Available,Not Available,0,Not Available,Not Available,Not Available,Not Available,Ok,Not Available,Not Available,Not Available,146400,Not Available,Not Available,50,Not Available,Not Available,Not Available,Not Available,No,0,56.88,Not Available,Ok,Not Available,Not Available,3133741,Not Available
Court Square Place,Not Available,Not Available,Not Available,67.6,Not Available,Not Available,271937.0,Not Available,3908.8,12632076.4,84.7,Not Available,Not Available,3908.8,-39.6,Hunters Point-Sunnyside-West Maspeth,Not Available,Not Available,Yes,Not Available,Not Available,Not Available,Not Available,QUEENS,N+1,Not Available,67.7,Not Available,Not Available,3702250,Not Available,Not Available,12/27/2019,3315,Ok,Not Available,Not Available,Not Available,275252,Not Available,100,50,Not Available,Not Available,Not Available,Not Available,No,3702250,14.2,"2019, 2018, 2016, 2013, 2012, 2010",Ok,Not Available,Not Available,4005157,Not Available
K209-0300212,Not Available,Not Available,Not Available,81.2,Not Available,Not Available,82800.0,Not Available,Not Available,1231595.5,79.5,Not Available,Not Available,Not Available,-15,Brighton Beach,Not Available,Not Available,No,Not Available,Not Available,Not Available,Not Available,BROOKLYN,Not Available,Not Available,80.7,Not Available,Not Available,0,Not Available,Not Available,Not Available,Not Available,Ok,Not Available,Not Available,Not Available,82800,Not Available,Not Available,50,Not Available,Not Available,Not Available,Not Available,No,0,Not Available,Not Available,Ok,Not Available,Not Available,3196224,Not Available
Q816-0401635,Not Available,Not Available,Not Available,79.1,Not Available,Not Available,28800.0,Not Available,Not Available,433733.4,79.5,Not Available,Not Available,Not Available,-25.9,Breezy Point-Belle Harbor-Rockaway Park-Broad Channel,Not Available,Not Available,Yes,Not Available,Not Available,Not Available,Not Available,QUEENS,Not Available,Not Available,79.3,Not Available,Not Available,0,Not Available,Not Available,Not Available,Not Available,Ok,Not Available,Not Available,Not Available,28800,Not Available,Not Available,50,Not Available,Not Available,Not Available,Not Available,No,0,Not Available,Not Available,Ok,Not Available,Not Available,4305631,Not Available
Q111-0400098,Not Available,Not Available,Not Available,75.1,Not Available,Not Available,104500.0,Not Available,20282.9,1770145.6,79.5,Not Available,Not Available,20282.9,-14.9,Queensbridge-Ravenswood-Long Island City,Not Available,Not Available,No,Not Available,Not Available,Not Available,Not Available,QUEENS,Not Available,Not Available,75.5,Not Available,Not Available,0,Not Available,Not Available,Not Available,Not Available,Ok,Not Available,Not Available,Not Available,104500,Not Available,Not Available,50,Not Available,Not Available,Not Available,Not Available,No,0,194.09,Not Available,Ok,Not Available,Not Available,4004419,Not Available
1155,Not Available,Not Available,Not Available,49.9,Not Available,Not Available,679759.0,Not Available,Not Available,25517772.4,84.7,Not Available,Not Available,Not Available,-38.2,Midtown-Midtown South,Not Available,Not Available,Yes,Not Available,Not Available,Not Available,Not Available,MANHATTAN,Not Available,Not Available,50.1,Not Available,Not Available,0,Not Available,Not Available,10/04/2017,5227,Ok,Not Available,Not Available,Not Available,686838,Not Available,100,50,Not Available,Not Available,Not Available,Not Available,No,0,Not Available,"2017, 2015, 2010, 2008, 2006, 2005, 2003, 2002, 2001",Ok,Not Available,Not Available,1022631,Not Available
Q012-0400012,Not Available,Not Available,Not Available,89.5,Not Available,Not Available,116105.0,Not Available,9126.7,3981121.7,79.5,Not Available,Not Available,9126.7,16.7,Elmhurst-Maspeth,Not Available,Not Available,No,Not Available,Not Available,Not Available,Not Available,QUEENS,Not Available,Not Available,89.5,Not Available,Not Available,0,Not Available,Not Available,Not Available,Not Available,Ok,Not Available,Not Available,Not Available,116105,Not Available,Not Available,50,Not Available,Not Available,Not Available,Not Available,No,0,78.61,Not Available,Ok,Not Available,Not Available,4031853,Not Available
K015-0300019,Not Available,Not Available,Not Available,61.9,Not Available,Not Available,96000.0,Not Available,1046.4,1622747.3,79.5,Not Available,Not Available,1046.4,-32.7,Carroll Gardens-Columbia Street-Red Hook,Not Available,Not Available,Yes,Not Available,Not Available,Not Available,Not Available,BROOKLYN,Not Available,Not Available,60.3,Not Available,Not Available,0,Not Available,Not Available,Not Available,Not Available,Ok,Not Available,Not Available,Not Available,96000,Not Available,Not Available,50,Not Available,Not Available,Not Available,Not Available,No,0,10.9,Not Available,Ok,Not Available,Not Available,3008585,Not Available
K321-0300309,Not Available,Not Available,Not Available,59.9,Not Available,Not Available,109200.0,Not Available,Not Available,2017856.8,79.5,Not Available,Not Available,Not Available,-32.8,Park Slope-Gowanus,Not Available,Not Available,Yes,Not Available,Not Available,Not Available,Not Available,BROOKLYN,Not Available,Not Available,59.6,Not Available,Not Available,0,Not Available,Not Available,Not Available,Not Available,Ok,Not Available,Not Available,Not Available,109200,Not Available,Not Available,50,Not Available,Not Available,Not Available,Not Available,No,0,Not Available,Not Available,Ok,Not Available,Not Available,3337516,Not Available
K026-0300051,Not Available,Not Available,Not Available,45.6,Not Available,Not Available,148800.0,Not Available,6125.9,1920273.6,84.7,Not Available,Not Available,6125.9,-39.9,Stuyvesant Heights,Not Available,Not Available,Yes,Not Available,Not Available,Not Available,Not Available,BROOKLYN,Not Available,Not Available,45.7,Not Available,Not Available,0,Not Available,Not Available,Not Available,Not Available,Ok,Not Available,Not Available,Not Available,148800,Not Available,Not Available,50,Not Available,Not Available,Not Available,Not Available,No,0,41.17,Not Available,Ok,Not Available,Not Available,3393805,Not Available
X048-0200085,Not Available,Not Available,Not Available,79.7,Not Available,Not Available,102060.0,Not Available,3.6,1350333.1,79.5,Not Available,Not Available,3.6,4.5,Hunts Point,Not Available,Not Available,No,Not Available,Not Available,Not Available,Not Available,BRONX,Not Available,Not Available,80,Not Available,Not Available,0,Not Available,Not Available,Not Available,Not Available,Ok,Not Available,Not Available,Not Available,102060,Not Available,Not Available,50,Not Available,Not Available,Not Available,Not Available,No,0,0.04,Not Available,Ok,Not Available,Not Available,2006680,Not Available
Q207-0400179,Not Available,Not Available,Not Available,46.6,Not Available,Not Available,105050.0,Not Available,5453.8,1192289.3,84.7,Not Available,Not Available,5453.8,-34,Lindenwood-Howard Beach,Not Available,Not Available,Yes,Not Available,Not Available,Not Available,Not Available,QUEENS,Not Available,Not Available,46.6,Not Available,Not Available,0,Not Available,Not Available,Not Available,Not Available,Ok,Not Available,Not Available,Not Available,105050,Not Available,Not Available,50,Not Available,Not Available,Not Available,Not Available,No,0,51.92,Not Available,Ok,Not Available,Not Available,4293311,Not Available
K135-0300142,Not Available,Not Available,Not Available,107.4,Not Available,Not Available,69600.0,Not Available,56.1,1223406.7,79.5,Not Available,Not Available,56.1,30.8,East Flatbush-Farragut,Not Available,Not Available,No,Not Available,Not Available,Not Available,Not Available,BROOKLYN,Not Available,Not Available,106.2,Not Available,Not Available,0,Not Available,Not Available,Not Available,Not Available,Ok,Not Available,Not Available,Not Available,69600,Not Available,Not Available,50,Not Available,Not Available,Not Available,Not Available,No,0,0.81,Not Available,Ok,Not Available,Not Available,3102005,Not Available
K430-0300346,Not Available,Not Available,Not Available,Not Available,Not Available,Not Available,712800.0,Not Available,97613.8,10781920,79.5,Not Available,Not Available,97613.8,-3.6,Fort Greene,Not Available,Not Available,No,Not Available,Not Available,Not Available,Not Available,BROOKLYN,Not Available,Not Available,88.4,Not Available,Not Available,0,Not Available,Not Available,Not Available,Not Available,Ok,Not Available,Not Available,Not Available,712800,Not Available,Not Available,50,Not Available,Not Available,Not Available,Not Available,No,0,136.94,Not Available,Ok,Not Available,Not Available,3058752,Not Available
K166-0300169,Not Available,Not Available,Not Available,66.2,Not Available,Not Available,171600.0,Not Available,7326.9,2964345.6,79.5,Not Available,Not Available,7326.9,-34.3,,Not Available,Not Available,Yes,Not Available,Not Available,Not Available,Not Available,,Not Available,Not Available,64.2,Not Available,Not Available,0,Not Available,Not Available,Not Available,Not Available,Ok,Not Available,Not Available,Not Available,171600,Not Available,Not Available,50,Not Available,Not Available,Not Available,Not Available,No,0,42.7,Not Available,Ok,Not Available,Not Available,3097675,Not Available
M108-0100099,Not Available,Not Available,Not Available,56.8,Not Available,Not Available,105725.0,Not Available,Not Available,1157691.6,79.5,Not Available,Not Available,Not Available,-39.4,East Harlem South,Not Available,Not Available,Yes,Not Available,Not Available,Not Available,Not Available,MANHATTAN,Not Available,Not Available,57,Not Available,Not Available,0,Not Available,Not Available,Not Available,Not Available,Ok,Not Available,Not Available,Not Available,105725,Not Available,Not Available,50,Not Available,Not Available,Not Available,Not Available,No,0,Not Available,Not Available,Ok,Not Available,Not Available,1051584,Not Available
X166-0200207,Not Available,Not Available,Not Available,65.6,Not Available,Not Available,188575.0,Not Available,4347789.8,3267331.3,84.7,Not Available,Not Available,4347789.8,-25.7,East Concourse-Concourse Village,Not Available,Not Available,Yes,Not Available,Not Available,Not Available,Not Available,BRONX,Not Available,Not Available,65.1,Not Available,Not Available,0,Not Available,Not Available,Not Available,Not Available,Ok,Not Available,Not Available,Not Available,188575,Not Available,Not Available,50,Not Available,Not Available,Not Available,Not Available,No,0,23056.02,Not Available,Ok,Not Available,Not Available,2002497,Not Available
K989-0301732,Not Available,Not Available,Not Available,137.5,Not Available,Not Available,62180.0,Not Available,8656.7,2842878.4,79.5,Not Available,Not Available,8656.7,53.4,Bay Ridge,Not Available,Not Available,No,Not Available,Not Available,Not Available,Not Available,BROOKLYN,Not Available,Not Available,140.4,Not Available,Not Available,0,Not Available,Not Available,Not Available,Not Available,Ok,Not Available,Not Available,Not Available,62180,Not Available,Not Available,50,Not Available,Not Available,Not Available,Not Available,No,0,139.22,Not Available,Ok,Not Available,Not Available,3154215,Not Available
X131-0200174,Not Available,Not Available,Not Available,43.1,Not Available,Not Available,184975.0,Not Available,41114.5,2271027.2,84.7,Not Available,Not Available,41114.5,-38.5,Soundview-Castle Hill-Clason Point-Harding Park,Not Available,Not Available,Yes,Not Available,Not Available,91.9,Not Available,BRONX,Not Available,20188.8,43.1,190717.3,Not Available,190717.3,Not Available,Not Available,Not Available,Not Available,Ok,Not Available,Not Available,Not Available,184975,Not Available,Not Available,50,Not Available,Not Available,Not Available,Not Available,No,0,222.27,Not Available,Ok,Not Available,190717.3,2103869,Not Available
X090-0200131,Not Available,Not Available,Not Available,65.8,Not Available,Not Available,124900.0,Not Available,10620.8,2066307.3,79.5,Not Available,Not Available,10620.8,-27.6,East Concourse-Concourse Village,Not Available,Not Available,Yes,Not Available,Not Available,Not Available,Not Available,BRONX,Not Available,Not Available,65.5,Not Available,Not Available,0,Not Available,Not Available,Not Available,Not Available,Ok,Not Available,Not Available,Not Available,124900,Not Available,Not Available,50,Not Available,Not Available,Not Available,Not Available,No,0,85.03,Not Available,Ok,Not Available,Not Available,2002745,Not Available
Q169-0400153,Not Available,Not Available,Not Available,69.9,Not Available,Not Available,92575.0,Not Available,Not Available,1372750,79.5,Not Available,Not Available,Not Available,-8.3,Ft. Totten-Bay Terrace-Clearview,Not Available,Not Available,No,Not Available,Not Available,Not Available,Not Available,QUEENS,Not Available,Not Available,70.1,Not Available,Not Available,0,Not Available,Not Available,Not Available,Not Available,Ok,Not Available,Not Available,Not Available,92575,Not Available,Not Available,50,Not Available,Not Available,Not Available,Not Available,No,0,Not Available,Not Available,Ok,Not Available,Not Available,4131147,Not Available
K095-0300106,Not Available,Not Available,Not Available,73.8,Not Available,Not Available,106800.0,Not Available,Not Available,1826648.3,79.5,Not Available,Not Available,Not Available,-25.4,Gravesend,Not Available,Not Available,Yes,Not Available,Not Available,Not Available,Not Available,BROOKLYN,Not Available,Not Available,74.3,Not Available,Not Available,0,Not Available,Not Available,Not Available,Not Available,Ok,Not Available,Not Available,Not Available,106800,Not Available,Not Available,50,Not Available,Not Available,Not Available,Not Available,No,0,Not Available,Not Available,Ok,Not Available,Not Available,3192661,Not Available
K306-0300301,Not Available,Not Available,Not Available,82.3,Not Available,Not Available,112800.0,Not Available,Not Available,1787888,84.7,Not Available,Not Available,Not Available,1.8,East New York,Not Available,Not Available,No,Not Available,Not Available,Not Available,Not Available,BROOKLYN,Not Available,Not Available,82.4,Not Available,Not Available,0,Not Available,Not Available,Not Available,Not Available,Ok,Not Available,Not Available,Not Available,112800,Not Available,Not Available,50,Not Available,Not Available,Not Available,Not Available,No,0,Not Available,Not Available,Ok,Not Available,Not Available,3097873,Not Available
909 Third Avenue,Not Available,Not Available,Not Available,68.1,Not Available,Not Available,1110632.0,Not Available,15438.1,49874273.8,84.7,Not Available,Not Available,15438.1,-34.2,Turtle Bay-East Midtown,Not Available,Not Available,No,Not Available,Not Available,Not Available,Not Available,MANHATTAN,N+1,Not Available,69.6,Not Available,Not Available,0,Not Available,Not Available,09/12/2019,1000,Ok,Not Available,Not Available,Not Available,1111632,Not Available,100,50,Not Available,Not Available,Not Available,Not Available,No,0,13.89,"2019, 2018, 2017, 2016, 2015, 2012, 2008",Ok,Not Available,Not Available,1038570,Not Available
Q196-0400172,Not Available,Not Available,Not Available,70.8,Not Available,Not Available,112800.0,Not Available,17582.8,3038045,84.7,Not Available,Not Available,17582.8,16.9,Forest Hills,Not Available,Not Available,No,Not Available,Not Available,Not Available,Not Available,QUEENS,Not Available,Not Available,70.8,Not Available,Not Available,0,Not Available,Not Available,Not Available,Not Available,Ok,Not Available,Not Available,Not Available,112800,Not Available,Not Available,50,Not Available,Not Available,Not Available,Not Available,No,0,155.88,Not Available,Ok,Not Available,Not Available,4052713,Not Available
Q127-0400113,Not Available,Not Available,Not Available,87.9,Not Available,Not Available,111725.0,Not Available,8072.4,1766051.2,84.7,Not Available,Not Available,8072.4,6.6,East Elmhurst,Not Available,Not Available,No,Not Available,Not Available,Not Available,Not Available,QUEENS,Not Available,Not Available,87.8,Not Available,Not Available,0,Not Available,Not Available,Not Available,Not Available,Ok,Not Available,Not Available,Not Available,111725,Not Available,Not Available,50,Not Available,Not Available,Not Available,Not Available,No,0,72.25,Not Available,Ok,Not Available,Not Available,4024487,Not Available
R020-0500043,Not Available,Not Available,Not Available,96,Not Available,Not Available,34880.0,Not Available,0,985931.5,79.5,Not Available,Not Available,0,-10.5,Port Richmond,Not Available,Not Available,No,Not Available,Not Available,Not Available,Not Available,STATEN IS,Not Available,Not Available,93.4,Not Available,Not Available,0,Not Available,Not Available,Not Available,Not Available,Ok,Not Available,Not Available,Not Available,34880,Not Available,Not Available,50,Not Available,Not Available,Not Available,Not Available,No,0,0,Not Available,Ok,Not Available,Not Available,5106979,Not Available
K615-0300350,Not Available,Not Available,Not Available,74,Not Available,Not Available,212400.0,Not Available,Not Available,3830993.7,79.5,Not Available,Not Available,Not Available,-17.9,East New York,Not Available,Not Available,No,Not Available,Not Available,Not Available,Not Available,BROOKLYN,Not Available,Not Available,75,Not Available,Not Available,0,Not Available,Not Available,Not Available,Not Available,Ok,Not Available,Not Available,Not Available,212400,Not Available,Not Available,50,Not Available,Not Available,Not Available,Not Available,No,0,Not Available,Not Available,Ok,Not Available,Not Available,3327249,Not Available
K217-0300221,Not Available,Not Available,Not Available,88.9,Not Available,Not Available,132000.0,Not Available,9157.1,3709526.7,79.5,Not Available,Not Available,9157.1,25.4,Flatbush,Not Available,Not Available,No,Not Available,Not Available,Not Available,Not Available,BROOKLYN,Not Available,Not Available,87.9,Not Available,Not Available,0,Not Available,Not Available,Not Available,Not Available,Ok,Not Available,Not Available,Not Available,132000,Not Available,Not Available,50,Not Available,Not Available,Not Available,Not Available,No,0,69.37,Not Available,Ok,Not Available,Not Available,3121072,Not Available
Q048-0400043,Not Available,Not Available,Not Available,80.4,Not Available,Not Available,44460.0,Not Available,5590.2,764833.9,79.5,Not Available,Not Available,5590.2,-19.1,South Jamaica,Not Available,Not Available,No,Not Available,Not Available,Not Available,Not Available,QUEENS,Not Available,Not Available,80.8,Not Available,Not Available,0,Not Available,Not Available,Not Available,Not Available,Ok,Not Available,Not Available,Not Available,44460,Not Available,Not Available,50,Not Available,Not Available,Not Available,Not Available,No,0,125.74,Not Available,Ok,Not Available,Not Available,4216099,Not Available
51 Madison,Not Available,Not Available,Not Available,74.2,Not Available,Not Available,1513807.0,Not Available,Not Available,60402782,84.7,Not Available,Not Available,Not Available,-36.4,Hudson Yards-Chelsea-Flatiron-Union Square,Not Available,Not Available,No,Not Available,Not Available,Not Available,Not Available,MANHATTAN,Not Available,Not Available,74.3,Not Available,Not Available,0,Not Available,Not Available,11/26/2019,Not Available,Ok,Not Available,Not Available,Not Available,1513807,Not Available,99.57,50,Not Available,Not Available,Not Available,Not Available,No,0,Not Available,"2019, 2018, 2017, 2016, 2015, 2014, 2013, 2012, 2011, 2010, 2009, 2008, 2007",Ok,Not Available,Not Available,1016880,Not Available
RIVERDALE (1798),Not Available,Not Available,Not Available,81.4,Not Available,Not Available,157011.0,Not Available,1048,10069180.9,79.5,Not Available,Not Available,1048,-12.4,Marble Hill-Inwood,Not Available,129638,No,Not Available,Not Available,Not Available,Not Available,BRONX,Not Available,Not Available,82.2,Not Available,Not Available,0,Not Available,Not Available,Not Available,0,Ok,Not Available,Not Available,Not Available,157011,Not Available,Not Available,50,Not Available,Not Available,Not Available,Not Available,No,0,6.67,Not Available,Ok,Not Available,Not Available,2109471,Not Available
X460-0201311,Not Available,Not Available,Not Available,97.4,Not Available,Not Available,135600.0,Not Available,21341.7,8422181,79.5,Not Available,Not Available,21341.7,47.8,East Concourse-Concourse Village,Not Available,Not Available,No,Not Available,Not Available,Not Available,Not Available,BRONX,Not Available,Not Available,96.1,Not Available,Not Available,0,Not Available,Not Available,Not Available,Not Available,Ok,Not Available,Not Available,Not Available,135600,Not Available,Not Available,50,Not Available,Not Available,Not Available,Not Available,No,0,157.39,Not Available,Ok,Not Available,Not Available,2109459,Not Available
X060-0200095,Not Available,Not Available,Not Available,50.4,Not Available,Not Available,135700.0,Not Available,Not Available,1596816,79.5,Not Available,Not Available,Not Available,-45.4,Longwood,Not Available,Not Available,Yes,Not Available,Not Available,Not Available,Not Available,BRONX,Not Available,Not Available,50.1,Not Available,Not Available,0,Not Available,Not Available,Not Available,Not Available,Ok,Not Available,Not Available,Not Available,135700,Not Available,Not Available,50,Not Available,Not Available,Not Available,Not Available,No,0,Not Available,Not Available,Ok,Not Available,Not Available,2005348,Not Available
K044-0300066,Not Available,Not Available,Not Available,57.3,Not Available,Not Available,98400.0,Not Available,5084.3,1660961.6,79.5,Not Available,Not Available,5084.3,-36.4,Stuyvesant Heights,Not Available,Not Available,Yes,Not Available,Not Available,Not Available,Not Available,BROOKLYN,Not Available,Not Available,56.8,Not Available,Not Available,0,Not Available,Not Available,Not Available,Not Available,Ok,Not Available,Not Available,Not Available,98400,Not Available,Not Available,50,Not Available,Not Available,Not Available,Not Available,No,0,51.67,Not Available,Ok,Not Available,Not Available,3051540,Not Available
K247-0300250,Not Available,Not Available,Not Available,73.5,Not Available,Not Available,66000.0,Not Available,3194.3,1731112.3,79.5,Not Available,Not Available,3194.3,-20,Bensonhurst West,Not Available,Not Available,No,Not Available,Not Available,Not Available,Not Available,BROOKLYN,Not Available,Not Available,72.3,Not Available,Not Available,0,Not Available,Not Available,Not Available,Not Available,Ok,Not Available,Not Available,Not Available,66000,Not Available,Not Available,50,Not Available,Not Available,Not Available,Not Available,No,0,48.4,Not Available,Ok,Not Available,Not Available,3157466,Not Available
X087-0200127,Not Available,Not Available,Not Available,71.7,Not Available,Not Available,58260.0,Not Available,4616.6,1161171.9,79.5,Not Available,Not Available,4616.6,-12.5,Woodlawn-Wakefield,Not Available,Not Available,No,Not Available,Not Available,Not Available,Not Available,BRONX,Not Available,Not Available,71.8,Not Available,Not Available,0,Not Available,Not Available,Not Available,Not Available,Ok,Not Available,Not Available,Not Available,58260,Not Available,Not Available,50,Not Available,Not Available,Not Available,Not Available,No,0,79.24,Not Available,Ok,Not Available,Not Available,2069061,Not Available
200,Not Available,Not Available,Not Available,93.7,Not Available,Not Available,366528.0,Not Available,7310.6,17555048.6,84.7,Not Available,Not Available,7310.6,-22.6,Turtle Bay-East Midtown,Not Available,Not Available,No,Not Available,Not Available,Not Available,Not Available,MANHATTAN,Not Available,Not Available,95.2,Not Available,Not Available,0,Not Available,Not Available,07/02/2018,15789,Ok,Not Available,Not Available,Not Available,384432,Not Available,100,50,Not Available,Not Available,Not Available,Not Available,No,0,19.02,"2018, 2017, 2015, 2010, 2008, 2001",Ok,Not Available,Not Available,1037545,Not Available
M140-0100125,Not Available,Not Available,Not Available,44.9,Not Available,Not Available,99481.0,Not Available,6686.4,1543315.8,79.5,Not Available,Not Available,6686.4,-25.7,Lower East Side,Not Available,Not Available,Yes,Not Available,Not Available,Not Available,Not Available,MANHATTAN,Not Available,Not Available,44.9,Not Available,Not Available,0,Not Available,Not Available,Not Available,Not Available,Ok,Not Available,Not Available,Not Available,99481,Not Available,Not Available,50,Not Available,Not Available,Not Available,Not Available,No,0,67.21,Not Available,Ok,Not Available,Not Available,1004091,Not Available
X127-0200170,Not Available,Not Available,Not Available,81.3,Not Available,Not Available,153725.0,Not Available,1970.1,2655354.8,84.7,Not Available,Not Available,1970.1,-4.5,Parkchester,Not Available,Not Available,No,Not Available,Not Available,Not Available,Not Available,BRONX,Not Available,Not Available,81.2,Not Available,Not Available,0,Not Available,Not Available,Not Available,Not Available,Ok,Not Available,Not Available,Not Available,153725,Not Available,Not Available,50,Not Available,Not Available,Not Available,Not Available,No,0,12.82,Not Available,Ok,Not Available,Not Available,2041247,Not Available
K232-0300236,Not Available,Not Available,Not Available,70.1,Not Available,Not Available,146400.0,Not Available,Not Available,3072164.8,79.5,Not Available,Not Available,Not Available,-15.3,Prospect Lefferts Gardens-Wingate,Not Available,Not Available,No,Not Available,Not Available,Not Available,Not Available,BROOKLYN,Not Available,Not Available,70.5,Not Available,Not Available,0,Not Available,Not Available,Not Available,Not Available,Ok,Not Available,Not Available,Not Available,146400,Not Available,Not Available,50,Not Available,Not Available,Not Available,Not Available,No,0,Not Available,Not Available,Ok,Not Available,Not Available,3099733,Not Available
Q097-0400089,Not Available,Not Available,Not Available,60.9,Not Available,Not Available,90665.0,Not Available,933.4,1644584,79.5,Not Available,Not Available,933.4,-2.6,Woodhaven,Not Available,Not Available,No,Not Available,Not Available,Not Available,Not Available,QUEENS,Not Available,Not Available,61.1,Not Available,Not Available,0,Not Available,Not Available,Not Available,Not Available,Ok,Not Available,Not Available,Not Available,90665,Not Available,Not Available,50,Not Available,Not Available,Not Available,Not Available,No,0,10.29,Not Available,Ok,Not Available,Not Available,4181565,Not Available
Q154-0400141,Not Available,Not Available,Not Available,64.2,Not Available,Not Available,91260.0,Not Available,5482.5,1497458.5,84.7,Not Available,Not Available,5482.5,-14.5,Kew Gardens Hills,Not Available,Not Available,No,Not Available,Not Available,Not Available,Not Available,QUEENS,Not Available,Not Available,64.6,Not Available,Not Available,0,Not Available,Not Available,Not Available,Not Available,Ok,Not Available,Not Available,Not Available,91260,Not Available,Not Available,50,Not Available,Not Available,Not Available,Not Available,No,0,60.08,Not Available,Ok,Not Available,Not Available,4148003,Not Available
Q112-0400099,Not Available,Not Available,Not Available,78.3,Not Available,Not Available,79325.0,Not Available,15606.5,1252886.4,79.5,Not Available,Not Available,15606.5,-5.7,Queensbridge-Ravenswood-Long Island City,Not Available,Not Available,No,Not Available,Not Available,Not Available,Not Available,QUEENS,Not Available,Not Available,78.3,Not Available,Not Available,0,Not Available,Not Available,Not Available,Not Available,Ok,Not Available,Not Available,Not Available,79325,Not Available,Not Available,50,Not Available,Not Available,Not Available,Not Available,No,0,196.74,Not Available,Ok,Not Available,Not Available,4004170,Not Available
10167 - 55 East 59th Street,Not Available,Not Available,Not Available,Not Available,Not Available,Not Available,285562.0,Not Available,3810.3,14291873.8,84.7,Not Available,Not Available,3810.3,-26.7,Upper East Side-Carnegie Hill,Not Available,Not Available,No,Not Available,Not Available,Not Available,Not Available,MANHATTAN,Not Available,Not Available,53.7,Not Available,Not Available,0,Not Available,Not Available,Not Available,5200,Ok,Not Available,Not Available,Not Available,295782,Not Available,100,50,Not Available,Not Available,Not Available,Not Available,No,0,12.88,Not Available,Ok,Not Available,Not Available,1040766,Not Available
K003-0300031,Not Available,Not Available,Not Available,66.6,Not Available,Not Available,100800.0,Not Available,Not Available,1173455,79.5,Not Available,Not Available,Not Available,-18.7,Clinton Hill,Not Available,Not Available,No,Not Available,Not Available,Not Available,Not Available,BROOKLYN,Not Available,Not Available,65.9,Not Available,Not Available,0,Not Available,Not Available,Not Available,Not Available,Ok,Not Available,Not Available,Not Available,100800,Not Available,Not Available,50,Not Available,Not Available,Not Available,Not Available,No,0,Not Available,Not Available,Ok,Not Available,Not Available,3057406,Not Available
Q445-0400212,Not Available,Not Available,Not Available,77,Not Available,Not Available,334220.0,Not Available,20519.8,3565622,79.5,Not Available,Not Available,20519.8,-17.2,Astoria,Not Available,Not Available,No,Not Available,Not Available,89.3,Not Available,QUEENS,Not Available,36796.1,77.2,184158,Not Available,184158,Not Available,Not Available,Not Available,Not Available,Ok,Not Available,Not Available,Not Available,334220,Not Available,Not Available,50,Not Available,Not Available,Not Available,Not Available,No,0,61.4,Not Available,Ok,Not Available,184158,4013655,Not Available
731 Lexington Avenue,Not Available,Not Available,Not Available,138.9,Not Available,Not Available,940848.0,Not Available,34419.2,154452217.4,84.7,Not Available,Not Available,34419.2,-14.6,Turtle Bay-East Midtown,Not Available,Not Available,No,Not Available,Not Available,Not Available,100,MANHATTAN,2N,Not Available,139.7,Not Available,Not Available,0,Not Available,Not Available,Not Available,247991,Ok,Not Available,No specific resident population,Not Available,1339563,Not Available,100,50,0,Not Available,0.4234,105,No,0,25.69,Not Available,Ok,264,Not Available,1086160;1037168;1037169;1037171,Not Available
K256-0300260,Not Available,Not Available,Not Available,41.7,Not Available,Not Available,106800.0,Not Available,Not Available,1101393.6,79.5,Not Available,Not Available,Not Available,-45.8,Bedford,Not Available,Not Available,Yes,Not Available,Not Available,Not Available,Not Available,BROOKLYN,Not Available,Not Available,42.4,Not Available,Not Available,0,Not Available,Not Available,Not Available,Not Available,Ok,Not Available,Not Available,Not Available,106800,Not Available,Not Available,50,Not Available,Not Available,Not Available,Not Available,No,0,Not Available,Not Available,Ok,Not Available,Not Available,3049769,Not Available
K201-0300204,Not Available,Not Available,Not Available,59.2,Not Available,Not Available,128400.0,Not Available,17362.9,2155019.1,79.5,Not Available,Not Available,17362.9,-33.6,Dyker Heights,Not Available,Not Available,Yes,Not Available,Not Available,Not Available,Not Available,BROOKLYN,Not Available,Not Available,58,Not Available,Not Available,0,Not Available,Not Available,Not Available,Not Available,Ok,Not Available,Not Available,Not Available,128400,Not Available,Not Available,50,Not Available,Not Available,Not Available,Not Available,No,0,135.23,Not Available,Ok,Not Available,Not Available,3162973,Not Available
X147-0200190,Not Available,Not Available,Not Available,41.1,Not Available,Not Available,199200.0,Not Available,Not Available,3712255.7,79.5,Not Available,Not Available,Not Available,-44.1,Claremont-Bathgate,Not Available,Not Available,Yes,Not Available,Not Available,Not Available,Not Available,BRONX,Not Available,Not Available,40.9,Not Available,Not Available,0,Not Available,Not Available,Not Available,Not Available,Ok,Not Available,Not Available,Not Available,199200,Not Available,Not Available,50,Not Available,Not Available,Not Available,Not Available,No,0,Not Available,Not Available,Ok,Not Available,Not Available,2009400,Not Available
Q866-0401237,Not Available,Not Available,Not Available,90,Not Available,Not Available,38030.0,Not Available,14033.5,1550412.8,79.5,Not Available,Not Available,14033.5,30.3,Kew Gardens,Not Available,Not Available,No,Not Available,Not Available,Not Available,Not Available,QUEENS,Not Available,Not Available,89.7,Not Available,Not Available,0,Not Available,Not Available,Not Available,Not Available,Ok,Not Available,Not Available,Not Available,38030,Not Available,Not Available,50,Not Available,Not Available,Not Available,Not Available,No,0,369.01,Not Available,Ok,Not Available,Not Available,4437660,Not Available
Q206-0400178,Not Available,Not Available,Not Available,79.3,Not Available,Not Available,78280.0,Not Available,4872.8,1655502.4,79.5,Not Available,Not Available,4872.8,-9.7,Rego Park,Not Available,Not Available,No,Not Available,Not Available,Not Available,Not Available,QUEENS,Not Available,Not Available,78.4,Not Available,Not Available,0,Not Available,Not Available,Not Available,Not Available,Ok,Not Available,Not Available,Not Available,78280,Not Available,Not Available,50,Not Available,Not Available,Not Available,Not Available,No,0,62.25,Not Available,Ok,Not Available,Not Available,4050414,Not Available
X077-0200115,Not Available,Not Available,Not Available,75.5,Not Available,Not Available,130975.0,Not Available,7104.7,3285619.6,79.5,Not Available,Not Available,7104.7,-8.5,West Farms-Bronx River,Not Available,Not Available,No,Not Available,Not Available,Not Available,Not Available,BRONX,Not Available,Not Available,75.6,Not Available,Not Available,0,Not Available,Not Available,Not Available,Not Available,Ok,Not Available,Not Available,Not Available,130975,Not Available,Not Available,50,Not Available,Not Available,Not Available,Not Available,No,0,54.24,Not Available,Ok,Not Available,Not Available,2088553,Not Available
X089-0200129,Not Available,Not Available,Not Available,64.9,Not Available,Not Available,117680.0,Not Available,Not Available,2140552.3,79.5,Not Available,Not Available,Not Available,-32.9,Bronxdale,Not Available,Not Available,Yes,Not Available,Not Available,Not Available,Not Available,BRONX,Not Available,Not Available,65,Not Available,Not Available,0,Not Available,Not Available,Not Available,Not Available,Ok,Not Available,Not Available,Not Available,117680,Not Available,Not Available,50,Not Available,Not Available,Not Available,Not Available,No,0,Not Available,Not Available,Ok,Not Available,Not Available,2051571,Not Available
M079-0100082,Not Available,Not Available,Not Available,69.1,Not Available,Not Available,105700.0,Not Available,Not Available,1589992,79.5,Not Available,Not Available,Not Available,-30.7,East Harlem North,Not Available,Not Available,Yes,Not Available,Not Available,Not Available,Not Available,MANHATTAN,Not Available,Not Available,68.7,Not Available,Not Available,0,Not Available,Not Available,Not Available,Not Available,Ok,Not Available,Not Available,Not Available,105700,Not Available,Not Available,50,Not Available,Not Available,Not Available,Not Available,No,0,Not Available,Not Available,Ok,Not Available,Not Available,1053968,Not Available
M002-0100027,Not Available,Not Available,Not Available,39.4,Not Available,Not Available,109300.0,Not Available,7511,1733296,79.5,Not Available,Not Available,7511,-43.6,Lower East Side,Not Available,Not Available,Yes,Not Available,Not Available,Not Available,Not Available,MANHATTAN,Not Available,Not Available,39.5,Not Available,Not Available,0,Not Available,Not Available,Not Available,Not Available,Ok,Not Available,Not Available,Not Available,109300,Not Available,Not Available,50,Not Available,Not Available,Not Available,Not Available,No,0,68.72,Not Available,Ok,Not Available,Not Available,1003248,Not Available
Q201-0400175,Not Available,Not Available,Not Available,Not Available,Not Available,Not Available,87725.0,Not Available,1016.9,996167.5,79.5,Not Available,Not Available,1016.9,-40.4,Pomonok-Flushing Heights-Hillcrest,Not Available,Not Available,Yes,Not Available,Not Available,Not Available,Not Available,QUEENS,Not Available,Not Available,40.4,Not Available,Not Available,0,Not Available,Not Available,Not Available,Not Available,Ok,Not Available,Not Available,Not Available,87725,Not Available,Not Available,50,Not Available,Not Available,Not Available,Not Available,No,0,11.59,Not Available,Ok,Not Available,Not Available,4146992,Not Available
Q141-0400127,Not Available,Not Available,Not Available,58.8,Not Available,Not Available,142925.0,Not Available,9078.4,1301336.8,79.5,Not Available,Not Available,9078.4,-30.3,Steinway,Not Available,Not Available,Yes,Not Available,Not Available,Not Available,Not Available,QUEENS,Not Available,Not Available,59,Not Available,Not Available,0,Not Available,Not Available,Not Available,Not Available,Ok,Not Available,Not Available,Not Available,142925,Not Available,Not Available,50,Not Available,Not Available,Not Available,Not Available,No,0,63.52,Not Available,Ok,Not Available,Not Available,4016102,Not Available
K159-0300161,Not Available,Not Available,Not Available,59,Not Available,Not Available,66000.0,Not Available,0,1103986.7,79.5,Not Available,Not Available,0,-14.1,East New York,Not Available,Not Available,No,Not Available,Not Available,Not Available,Not Available,BROOKLYN,Not Available,Not Available,59.3,Not Available,Not Available,0,Not Available,Not Available,Not Available,Not Available,Ok,Not Available,Not Available,Not Available,66000,Not Available,Not Available,50,Not Available,Not Available,Not Available,Not Available,No,0,0,Not Available,Ok,Not Available,Not Available,3094735,Not Available
K198-0300200,Not Available,Not Available,Not Available,72.4,Not Available,Not Available,80400.0,Not Available,Not Available,1557236.8,79.5,Not Available,Not Available,Not Available,12.5,East Flatbush-Farragut,Not Available,Not Available,No,Not Available,Not Available,Not Available,Not Available,BROOKLYN,Not Available,Not Available,72.7,Not Available,Not Available,0,Not Available,Not Available,Not Available,Not Available,Ok,Not Available,Not Available,Not Available,80400,Not Available,Not Available,50,Not Available,Not Available,Not Available,Not Available,No,0,Not Available,Not Available,Ok,Not Available,Not Available,3113388,Not Available
X864-0200233,Not Available,Not Available,Not Available,48.3,Not Available,Not Available,25260.0,Not Available,Not Available,1222860.8,79.5,Not Available,Not Available,Not Available,-1,Belmont,Not Available,Not Available,No,Not Available,Not Available,Not Available,Not Available,BRONX,Not Available,Not Available,48.4,Not Available,Not Available,0,Not Available,Not Available,Not Available,Not Available,Ok,Not Available,Not Available,Not Available,25260,Not Available,Not Available,50,Not Available,Not Available,Not Available,Not Available,No,0,Not Available,Not Available,Ok,Not Available,Not Available,2013047,Not Available
K137-0300144,Not Available,Not Available,Not Available,64.7,Not Available,Not Available,55200.0,Not Available,Not Available,795405.5,79.5,Not Available,Not Available,Not Available,-30.1,Ocean Hill,Not Available,Not Available,Yes,Not Available,Not Available,Not Available,Not Available,BROOKLYN,Not Available,Not Available,64.9,Not Available,Not Available,0,Not Available,Not Available,Not Available,Not Available,Ok,Not Available,Not Available,Not Available,55200,Not Available,Not Available,50,Not Available,Not Available,Not Available,Not Available,No,0,Not Available,Not Available,Ok,Not Available,Not Available,3040878,Not Available
K152-0300154,Not Available,Not Available,Not Available,98.5,Not Available,Not Available,184800.0,Not Available,1463,5251750.5,79.5,Not Available,Not Available,1463,26.2,Flatbush,Not Available,Not Available,No,Not Available,Not Available,Not Available,Not Available,BROOKLYN,Not Available,Not Available,97.7,Not Available,Not Available,0,Not Available,Not Available,Not Available,Not Available,Ok,Not Available,Not Available,Not Available,184800,Not Available,Not Available,50,Not Available,Not Available,Not Available,Not Available,No,0,7.92,Not Available,Ok,Not Available,Not Available,3205780,Not Available
Q020-0400021,Not Available,Not Available,Not Available,87.4,Not Available,Not Available,156175.0,Not Available,6619.2,3641286.1,84.7,Not Available,Not Available,6619.2,4.9,Flushing,Not Available,Not Available,No,Not Available,Not Available,Not Available,Not Available,QUEENS,Not Available,Not Available,87.7,Not Available,Not Available,0,Not Available,Not Available,Not Available,Not Available,Ok,Not Available,Not Available,Not Available,156175,Not Available,Not Available,50,Not Available,Not Available,Not Available,Not Available,No,0,42.38,Not Available,Ok,Not Available,Not Available,4114657,Not Available
M046-0100062,Not Available,Not Available,Not Available,17.2,Not Available,Not Available,112800.0,Not Available,3905.9,1421029.8,79.5,Not Available,Not Available,3905.9,-59,Central Harlem North-Polo Grounds,Not Available,Not Available,Yes,Not Available,Not Available,Not Available,Not Available,MANHATTAN,Not Available,Not Available,17.3,Not Available,Not Available,0,Not Available,Not Available,Not Available,Not Available,Ok,Not Available,Not Available,Not Available,112800,Not Available,Not Available,50,Not Available,Not Available,Not Available,Not Available,No,0,34.63,Not Available,Ok,Not Available,Not Available,1082090,Not Available
X094-0200136,Not Available,Not Available,Not Available,71.5,Not Available,Not Available,88739.0,Not Available,10003.9,1287825.3,79.5,Not Available,Not Available,10003.9,-29.2,Norwood,Not Available,Not Available,Yes,Not Available,Not Available,Not Available,Not Available,BRONX,Not Available,Not Available,71.8,Not Available,Not Available,0,Not Available,Not Available,Not Available,Not Available,Ok,Not Available,Not Available,Not Available,88739,Not Available,Not Available,50,Not Available,Not Available,Not Available,Not Available,No,0,112.73,Not Available,Ok,Not Available,Not Available,2018628,Not Available
1177 Avenue of the Americas,Not Available,Not Available,Not Available,74.6,Not Available,Not Available,997901.0,Not Available,12476.9,56817185.9,84.7,Not Available,Not Available,Not Available,-25.7,Midtown-Midtown South,No,Not Available,No,Not Available,Not Available,Not Available,Not Available,MANHATTAN,Not Available,Not Available,74.7,Not Available,Not Available,0,Not Available,Not Available,11/14/2019,Not Available,Ok,Not Available,Not Available,Not Available,997901,Not Available,100,50,Not Available,Not Available,Not Available,Not Available,Yes,0,Not Available,"2019, 2018, 2017",Ok,Not Available,Not Available,1076173,Not Available
M017-0100039,Not Available,Not Available,Not Available,52.3,Not Available,Not Available,121300.0,Not Available,0,1720193.9,79.5,Not Available,Not Available,0,-53.5,Clinton,Not Available,Not Available,Yes,Not Available,Not Available,Not Available,Not Available,MANHATTAN,Not Available,Not Available,52.2,Not Available,Not Available,0,Not Available,Not Available,Not Available,Not Available,Ok,Not Available,Not Available,Not Available,121300,Not Available,Not Available,50,Not Available,Not Available,Not Available,Not Available,No,0,0,Not Available,Ok,Not Available,Not Available,1025092,Not Available
Q034-0400032,Not Available,Not Available,Not Available,70,Not Available,Not Available,72260.0,Not Available,9773.7,1277998.8,79.5,Not Available,Not Available,9773.7,-5.5,Queens Village,Not Available,Not Available,No,Not Available,Not Available,Not Available,Not Available,QUEENS,Not Available,Not Available,70.3,Not Available,Not Available,0,Not Available,Not Available,Not Available,Not Available,Ok,Not Available,Not Available,Not Available,72260,Not Available,Not Available,50,Not Available,Not Available,Not Available,Not Available,No,0,135.26,Not Available,Ok,Not Available,Not Available,4240503,Not Available
M152-0100134,Not Available,Not Available,Not Available,77.4,Not Available,Not Available,122684.0,Not Available,8321,1910760.9,79.5,Not Available,Not Available,8321,-17.5,Washington Heights North,Not Available,Not Available,No,Not Available,Not Available,Not Available,Not Available,MANHATTAN,Not Available,Not Available,79.9,Not Available,Not Available,0,Not Available,Not Available,Not Available,Not Available,Ok,Not Available,Not Available,Not Available,122684,Not Available,Not Available,50,Not Available,Not Available,Not Available,Not Available,No,0,67.82,Not Available,Ok,Not Available,Not Available,1064149,Not Available
Q199-0400173,Not Available,Not Available,Not Available,83.4,Not Available,Not Available,86518.0,Not Available,Not Available,1864794.5,79.5,Not Available,Not Available,Not Available,-8.4,Hunters Point-Sunnyside-West Maspeth,Not Available,Not Available,No,Not Available,Not Available,Not Available,Not Available,QUEENS,Not Available,Not Available,84.9,Not Available,Not Available,0,Not Available,Not Available,Not Available,Not Available,Ok,Not Available,Not Available,Not Available,86518,Not Available,Not Available,50,Not Available,Not Available,Not Available,Not Available,No,0,Not Available,Not Available,Ok,Not Available,Not Available,4002915,Not Available
Q227-0400204,Not Available,Not Available,Not Available,43.7,Not Available,Not Available,212575.0,Not Available,9498.5,3895139.4,79.5,Not Available,Not Available,9498.5,-40.2,East Elmhurst,Not Available,Not Available,Yes,Not Available,Not Available,Not Available,Not Available,QUEENS,Not Available,Not Available,43.9,Not Available,Not Available,0,Not Available,Not Available,Not Available,Not Available,Ok,Not Available,Not Available,Not Available,212575,Not Available,Not Available,50,Not Available,Not Available,Not Available,Not Available,No,0,44.68,Not Available,Ok,Not Available,Not Available,4034891,Not Available
Q455-0400222,Not Available,Not Available,Not Available,68.4,Not Available,Not Available,265325.0,Not Available,7571.1,3739551.8,79.5,Not Available,Not Available,7571.1,-32,Elmhurst,Not Available,Not Available,Yes,Not Available,Not Available,Not Available,Not Available,QUEENS,Not Available,Not Available,68.6,Not Available,Not Available,0,Not Available,Not Available,Not Available,Not Available,Ok,Not Available,Not Available,Not Available,265325,Not Available,Not Available,50,Not Available,Not Available,Not Available,Not Available,No,0,28.54,Not Available,Ok,Not Available,Not Available,4045629,Not Available
K038-0300060,Not Available,Not Available,Not Available,60.5,Not Available,Not Available,104400.0,Not Available,11442.3,803867.2,79.5,Not Available,Not Available,11442.3,-31.2,DUMBO-Vinegar Hill-Downtown Brooklyn-Boerum Hill,Not Available,Not Available,Yes,Not Available,Not Available,Not Available,Not Available,BROOKLYN,Not Available,Not Available,61.7,Not Available,Not Available,0,Not Available,Not Available,Not Available,Not Available,Ok,Not Available,Not Available,Not Available,104400,Not Available,Not Available,50,Not Available,Not Available,Not Available,Not Available,No,0,109.6,Not Available,Ok,Not Available,Not Available,3001183,Not Available
X008-0200047,Not Available,Not Available,Not Available,65.5,Not Available,Not Available,92480.0,Not Available,Not Available,1639397.8,84.7,Not Available,Not Available,Not Available,-29.9,Bedford Park-Fordham North,Not Available,Not Available,Yes,Not Available,Not Available,Not Available,Not Available,BRONX,Not Available,Not Available,65.2,Not Available,Not Available,0,Not Available,Not Available,Not Available,Not Available,Ok,Not Available,Not Available,Not Available,92480,Not Available,Not Available,50,Not Available,Not Available,Not Available,Not Available,No,0,Not Available,Not Available,Ok,Not Available,Not Available,2094734,Not Available
K067-0300086,Not Available,Not Available,Not Available,88.1,Not Available,Not Available,138125.0,Not Available,1986.5,2097424.6,79.5,Not Available,Not Available,1986.5,-18.4,Fort Greene,Not Available,Not Available,No,Not Available,Not Available,Not Available,Not Available,BROOKLYN,Not Available,Not Available,88.6,Not Available,Not Available,0,Not Available,Not Available,Not Available,Not Available,Ok,Not Available,Not Available,Not Available,138125,Not Available,Not Available,50,Not Available,Not Available,Not Available,Not Available,No,0,14.38,Not Available,Ok,Not Available,Not Available,3332507,Not Available
Q109-0400097,Not Available,Not Available,Not Available,63.4,Not Available,Not Available,128777.0,Not Available,4234.9,1645948.8,79.5,Not Available,Not Available,4234.9,-30.2,Queens Village,Not Available,Not Available,Yes,Not Available,Not Available,Not Available,Not Available,QUEENS,Not Available,Not Available,63.7,Not Available,Not Available,0,Not Available,Not Available,Not Available,Not Available,Ok,Not Available,Not Available,Not Available,128777,Not Available,Not Available,50,Not Available,Not Available,Not Available,Not Available,No,0,32.89,Not Available,Ok,Not Available,Not Available,4226839,Not Available
Q025-0400025,Not Available,Not Available,Not Available,70.3,Not Available,Not Available,161175.0,Not Available,1380.9,3302816.2,79.5,Not Available,Not Available,1380.9,-25.8,Auburndale,Not Available,Not Available,Yes,Not Available,Not Available,Not Available,Not Available,QUEENS,Not Available,Not Available,70.6,Not Available,Not Available,0,Not Available,Not Available,Not Available,Not Available,Ok,Not Available,Not Available,Not Available,161175,Not Available,Not Available,50,Not Available,Not Available,Not Available,Not Available,No,0,8.57,Not Available,Ok,Not Available,Not Available,4119139,Not Available
K035-0300058,Not Available,Not Available,Not Available,77.5,Not Available,Not Available,135600.0,Not Available,249,1681433.6,79.5,Not Available,Not Available,249,-29.6,Stuyvesant Heights,Not Available,Not Available,Yes,Not Available,Not Available,Not Available,Not Available,BROOKLYN,Not Available,Not Available,77.7,Not Available,Not Available,0,Not Available,Not Available,Not Available,Not Available,Ok,Not Available,Not Available,Not Available,135600,Not Available,Not Available,50,Not Available,Not Available,Not Available,Not Available,No,0,1.84,Not Available,Ok,Not Available,Not Available,3047054,Not Available
"Q134, Q835-0400120",Not Available,Not Available,Not Available,62.9,Not Available,Not Available,109200.0,Not Available,268.6,1693034.4,79.5,Not Available,Not Available,268.6,-20.5,Hollis,Not Available,Not Available,No,Not Available,Not Available,Not Available,Not Available,QUEENS,Not Available,Not Available,63.1,Not Available,Not Available,0,109-36 204th Street,Not Available,Not Available,Not Available,Ok,Not Available,Not Available,Not Available,109200,Not Available,Not Available,50,Not Available,Not Available,Not Available,Not Available,No,0,2.46,Not Available,Ok,Not Available,Not Available,"Q134-4440330, Q835-4438829",Not Available
K225-0300230,Not Available,Not Available,Not Available,90.5,Not Available,Not Available,122400.0,Not Available,8638.5,2254649.6,79.5,Not Available,Not Available,8638.5,-23.2,Brighton Beach,Not Available,Not Available,No,Not Available,Not Available,Not Available,Not Available,BROOKLYN,Not Available,Not Available,91.1,Not Available,Not Available,0,Not Available,Not Available,Not Available,Not Available,Ok,Not Available,Not Available,Not Available,122400,Not Available,Not Available,50,Not Available,Not Available,Not Available,Not Available,No,0,70.58,Not Available,Ok,Not Available,Not Available,3245498,Not Available
K191-0300193,Not Available,Not Available,Not Available,90.2,Not Available,Not Available,86400.0,Not Available,4834.2,1228865.9,79.5,Not Available,Not Available,4834.2,-3.1,Crown Heights North,Not Available,Not Available,No,Not Available,Not Available,Not Available,Not Available,BROOKLYN,Not Available,Not Available,89,Not Available,Not Available,0,Not Available,Not Available,Not Available,Not Available,Ok,Not Available,Not Available,Not Available,86400,Not Available,Not Available,50,Not Available,Not Available,Not Available,Not Available,No,0,55.95,Not Available,Ok,Not Available,Not Available,3036635,Not Available
M011-0100034,Not Available,Not Available,Not Available,76.2,Not Available,Not Available,115300.0,Not Available,Not Available,2048837.8,79.5,Not Available,Not Available,Not Available,-23.7,Hudson Yards-Chelsea-Flatiron-Union Square,Not Available,Not Available,Yes,Not Available,Not Available,Not Available,Not Available,MANHATTAN,Not Available,Not Available,75.3,Not Available,Not Available,0,Not Available,Not Available,Not Available,0,Ok,Not Available,Not Available,Not Available,115300,Not Available,Not Available,50,Not Available,Not Available,Not Available,Not Available,No,0,Not Available,Not Available,Ok,Not Available,Not Available,1013260,Not Available
K110-0300119,Not Available,Not Available,Not Available,45.7,Not Available,Not Available,80400.0,Not Available,6445.2,945397,79.5,Not Available,Not Available,6445.2,-27.7,Greenpoint,Not Available,Not Available,Yes,Not Available,Not Available,Not Available,Not Available,BROOKLYN,Not Available,Not Available,45.8,Not Available,Not Available,0,Not Available,Not Available,Not Available,Not Available,Ok,Not Available,Not Available,Not Available,80400,Not Available,Not Available,50,Not Available,Not Available,Not Available,Not Available,No,0,80.16,Not Available,Ok,Not Available,Not Available,3067144,Not Available
K212-0300215,Not Available,Not Available,Not Available,60,Not Available,Not Available,96000.0,Not Available,5137.5,1472619.2,79.5,Not Available,Not Available,5137.5,-25.8,Gravesend,Not Available,Not Available,Yes,Not Available,Not Available,Not Available,Not Available,BROOKLYN,Not Available,Not Available,58.3,Not Available,Not Available,0,Not Available,Not Available,Not Available,Not Available,Ok,Not Available,Not Available,Not Available,96000,Not Available,Not Available,50,Not Available,Not Available,Not Available,Not Available,No,0,53.52,Not Available,Ok,Not Available,Not Available,3187407,Not Available
K308-0300303,Not Available,Not Available,Not Available,52.1,Not Available,Not Available,141600.0,Not Available,11444.6,2296276,79.5,Not Available,Not Available,11444.6,-37.9,Stuyvesant Heights,Not Available,Not Available,Yes,Not Available,Not Available,Not Available,Not Available,BROOKLYN,Not Available,Not Available,51.8,Not Available,Not Available,0,Not Available,Not Available,Not Available,Not Available,Ok,Not Available,Not Available,Not Available,141600,Not Available,Not Available,50,Not Available,Not Available,Not Available,Not Available,No,0,80.82,Not Available,Ok,Not Available,Not Available,3044493,Not Available
K176-0300179,Not Available,Not Available,Not Available,61.8,Not Available,Not Available,110400.0,Not Available,6083.3,1589719,79.5,Not Available,Not Available,6083.3,-30.2,Dyker Heights,Not Available,Not Available,Yes,Not Available,Not Available,Not Available,Not Available,BROOKLYN,Not Available,Not Available,60.2,Not Available,Not Available,0,Not Available,Not Available,Not Available,Not Available,Ok,Not Available,Not Available,Not Available,110400,Not Available,Not Available,50,Not Available,Not Available,Not Available,Not Available,No,0,55.1,Not Available,Ok,Not Available,Not Available,3143190,Not Available
K055-0300074,Not Available,Not Available,Not Available,43.8,Not Available,Not Available,196800.0,Not Available,40543.9,3376515.3,79.5,Not Available,Not Available,40543.9,-47.9,Ocean Hill,Not Available,Not Available,Yes,Not Available,Not Available,Not Available,Not Available,BROOKLYN,Not Available,Not Available,43.9,Not Available,Not Available,0,Not Available,Not Available,Not Available,Not Available,Ok,Not Available,Not Available,Not Available,196800,Not Available,Not Available,50,Not Available,Not Available,Not Available,Not Available,No,0,206.02,Not Available,Ok,Not Available,Not Available,3038939,Not Available
M855-0101504,Not Available,Not Available,Not Available,70,Not Available,Not Available,75980.0,Not Available,10130,3750470.1,79.5,Not Available,Not Available,10130,15.6,Lenox Hill-Roosevelt Island,Not Available,Not Available,No,Not Available,Not Available,Not Available,Not Available,MANHATTAN,Not Available,Not Available,70.5,Not Available,Not Available,0,Not Available,Not Available,Not Available,Not Available,Ok,Not Available,Not Available,Not Available,75980,Not Available,Not Available,50,Not Available,Not Available,Not Available,Not Available,No,0,133.32,Not Available,Ok,Not Available,Not Available,1045949,Not Available
K220-0300225,Not Available,Not Available,Not Available,81,Not Available,Not Available,130800.0,Not Available,0,1854763.2,79.5,Not Available,Not Available,0,-24.2,Sunset Park East,Not Available,Not Available,No,Not Available,Not Available,Not Available,Not Available,BROOKLYN,Not Available,Not Available,76.8,Not Available,Not Available,0,Not Available,Not Available,Not Available,Not Available,Ok,Not Available,Not Available,Not Available,130800,Not Available,Not Available,50,Not Available,Not Available,Not Available,Not Available,No,0,0,Not Available,Ok,Not Available,Not Available,3012824,Not Available
NYP Cornell (East Campus),Not Available,Not Available,Not Available,342.4,2050.6,5,2405480.0,Not Available,Not Available,83477409.1,79.5,Not Available,100,Not Available,-12.1,Lenox Hill-Roosevelt Island,Not Available,Not Available,Yes,Not Available,Not Available,Not Available,Not Available,MANHATTAN,Not Available,Not Available,340.1,Not Available,Not Available,0,Not Available,Not Available,07/19/2011,396315,Ok,Not Available,Not Available,2405480,2801796,Not Available,Not Available,50,Not Available,Not Available,Not Available,Not Available,No,0,Not Available,2011,Ok,Not Available,Not Available,1084781; 1084780; 1081252,Not Available
X167-0200211,Not Available,Not Available,Not Available,46.2,Not Available,Not Available,207600.0,Not Available,1218.7,3665852.8,79.5,Not Available,Not Available,1218.7,-36.4,Crotona Park East,Not Available,Not Available,Yes,Not Available,Not Available,Not Available,Not Available,BRONX,Not Available,Not Available,46.7,Not Available,Not Available,0,Not Available,Not Available,Not Available,Not Available,Ok,Not Available,Not Available,Not Available,207600,Not Available,Not Available,50,Not Available,Not Available,Not Available,Not Available,No,0,5.87,Not Available,Ok,Not Available,Not Available,2094603,Not Available
M898-0101303,Not Available,Not Available,Not Available,49.3,Not Available,Not Available,23080.0,Not Available,Not Available,585772.2,79.5,Not Available,Not Available,Not Available,-59.9,Marble Hill-Inwood,Not Available,Not Available,Yes,Not Available,Not Available,Not Available,Not Available,MANHATTAN,Not Available,Not Available,49.4,Not Available,Not Available,0,Not Available,Not Available,Not Available,Not Available,Ok,Not Available,Not Available,Not Available,23080,Not Available,Not Available,50,Not Available,Not Available,Not Available,Not Available,No,0,Not Available,Not Available,Ok,Not Available,Not Available,1082045,Not Available
K288-0300287,Not Available,Not Available,Not Available,55.8,Not Available,Not Available,98400.0,Not Available,Not Available,1756497.6,84.7,Not Available,Not Available,Not Available,-13,Seagate-Coney Island,Not Available,Not Available,No,Not Available,Not Available,Not Available,Not Available,BROOKLYN,Not Available,Not Available,55.8,Not Available,Not Available,0,Not Available,Not Available,Not Available,Not Available,Ok,Not Available,Not Available,Not Available,98400,Not Available,Not Available,50,Not Available,Not Available,Not Available,Not Available,No,0,Not Available,Not Available,Ok,Not Available,Not Available,3189538,Not Available
M132-0100119,Not Available,Not Available,Not Available,86.4,Not Available,Not Available,97300.0,Not Available,Not Available,1236836.4,79.5,Not Available,Not Available,Not Available,-19.6,Washington Heights North,Not Available,Not Available,No,Not Available,Not Available,Not Available,Not Available,MANHATTAN,Not Available,Not Available,86.7,Not Available,Not Available,0,Not Available,Not Available,Not Available,Not Available,Ok,Not Available,Not Available,Not Available,97300,Not Available,Not Available,50,Not Available,Not Available,Not Available,Not Available,No,0,Not Available,Not Available,Ok,Not Available,Not Available,1063947,Not Available
2 Park Avenue,Not Available,Not Available,Not Available,60.3,Not Available,Not Available,897723.0,Not Available,12762.4,39647816.7,84.7,Not Available,Not Available,12762.4,-32,Midtown-Midtown South,Not Available,9177,No,Not Available,Not Available,Not Available,Not Available,MANHATTAN,Not Available,Not Available,60.7,Not Available,Not Available,0,Not Available,Not Available,09/19/2019,13106,Ok,Not Available,Not Available,Not Available,916666,Not Available,100,50,Not Available,Not Available,Not Available,Not Available,No,0,13.92,"2019, 2018, 2017, 2016, 2015, 2014, 2013, 2012, 2011, 2010, 2009",Ok,Not Available,Not Available,1017019,Not Available
Times Square Tower,Not Available,Not Available,Not Available,Not Available,Not Available,Not Available,1164662.0,Not Available,20885,58891459.7,84.7,Not Available,Not Available,20885,-22.5,Midtown-Midtown South,Not Available,Not Available,No,Not Available,Not Available,Not Available,Not Available,MANHATTAN,Not Available,Not Available,60.7,Not Available,Not Available,0,Not Available,Not Available,06/12/2018,12247,Ok,Not Available,Not Available,Not Available,1184834,Not Available,100,50,Not Available,Not Available,Not Available,Not Available,Yes,0,17.63,"2018, 2017, 2016, 2015, 2014, 2013, 2012, 2011, 2010, 2008",Ok,Not Available,Not Available,1086069,Not Available
Q075-0400067,Not Available,Not Available,Not Available,48.7,Not Available,Not Available,70860.0,Not Available,Not Available,1101393.6,79.5,Not Available,Not Available,Not Available,-45,Ridgewood,Not Available,Not Available,Yes,Not Available,Not Available,Not Available,Not Available,QUEENS,Not Available,Not Available,48.9,Not Available,Not Available,0,Not Available,Not Available,Not Available,Not Available,Ok,Not Available,Not Available,Not Available,70860,Not Available,Not Available,50,Not Available,Not Available,Not Available,Not Available,No,0,Not Available,Not Available,Ok,Not Available,Not Available,4085584,Not Available
X036-0200073,Not Available,Not Available,Not Available,66.1,Not Available,Not Available,85260.0,Not Available,0,1277452.8,79.5,Not Available,Not Available,0,-32.3,Westchester-Unionport,Not Available,Not Available,Yes,Not Available,Not Available,Not Available,Not Available,BRONX,Not Available,Not Available,66.3,Not Available,Not Available,0,Not Available,Not Available,Not Available,Not Available,Ok,Not Available,Not Available,Not Available,85260,Not Available,Not Available,50,Not Available,Not Available,Not Available,Not Available,No,0,0,Not Available,Ok,Not Available,Not Available,2026706,Not Available
K183-0300185,Not Available,Not Available,Not Available,103.7,Not Available,Not Available,93600.0,Not Available,9243.7,1779699.2,79.5,Not Available,Not Available,9243.7,10,Brownsville,Not Available,Not Available,No,Not Available,Not Available,Not Available,Not Available,BROOKLYN,Not Available,Not Available,104.2,Not Available,Not Available,0,Not Available,Not Available,Not Available,Not Available,Ok,Not Available,Not Available,Not Available,93600,Not Available,Not Available,50,Not Available,Not Available,Not Available,Not Available,No,0,98.76,Not Available,Ok,Not Available,Not Available,3082253,Not Available
X859-0200057,Not Available,Not Available,Not Available,49.4,Not Available,Not Available,40310.0,Not Available,10707.3,958635.6,79.5,Not Available,Not Available,10707.3,-29.7,Fordham South,Not Available,Not Available,Yes,Not Available,Not Available,Not Available,Not Available,BRONX,Not Available,Not Available,50.5,Not Available,Not Available,0,Not Available,Not Available,Not Available,Not Available,Ok,Not Available,Not Available,Not Available,40310,Not Available,Not Available,50,Not Available,Not Available,Not Available,Not Available,No,0,265.62,Not Available,Ok,Not Available,Not Available,2014062,Not Available
Q064-0400057,Not Available,Not Available,Not Available,68.6,Not Available,Not Available,68908.0,Not Available,Not Available,1377356.2,84.7,Not Available,Not Available,Not Available,-2.5,Woodhaven,Not Available,Not Available,No,Not Available,Not Available,Not Available,Not Available,QUEENS,Not Available,Not Available,69.1,Not Available,Not Available,0,Not Available,Not Available,Not Available,Not Available,Ok,Not Available,Not Available,Not Available,68908,Not Available,Not Available,50,Not Available,Not Available,Not Available,Not Available,No,0,Not Available,Not Available,Ok,Not Available,Not Available,4188214,Not Available
K195-0300197,Not Available,Not Available,Not Available,71.2,Not Available,Not Available,56400.0,Not Available,Not Available,970099.8,79.5,Not Available,Not Available,Not Available,-4.8,Sheepshead Bay-Gerritsen Beach-Manhattan Beach,Not Available,Not Available,No,Not Available,Not Available,Not Available,Not Available,BROOKLYN,Not Available,Not Available,71.2,Not Available,Not Available,0,Not Available,Not Available,Not Available,Not Available,Ok,Not Available,Not Available,Not Available,56400,Not Available,Not Available,50,Not Available,Not Available,Not Available,Not Available,No,0,Not Available,Not Available,Ok,Not Available,Not Available,3246519,Not Available
X843-0200267,Not Available,Not Available,Not Available,72.2,Not Available,Not Available,74480.0,Not Available,Not Available,1465795.2,79.5,Not Available,Not Available,Not Available,-29.5,Bedford Park-Fordham North,Not Available,Not Available,Yes,Not Available,Not Available,Not Available,Not Available,BRONX,Not Available,Not Available,72.4,Not Available,Not Available,0,Not Available,Not Available,Not Available,Not Available,Ok,Not Available,Not Available,Not Available,74480,Not Available,Not Available,50,Not Available,Not Available,Not Available,Not Available,No,0,Not Available,Not Available,Ok,Not Available,Not Available,2013830,Not Available
Q136-0400122,Not Available,Not Available,Not Available,59.3,Not Available,Not Available,85300.0,Not Available,1324.7,830890.2,84.7,Not Available,Not Available,1324.7,-12.2,St. Albans,Not Available,Not Available,No,Not Available,Not Available,Not Available,Not Available,QUEENS,Not Available,Not Available,59.6,Not Available,Not Available,0,Not Available,Not Available,Not Available,Not Available,Ok,Not Available,Not Available,Not Available,85300,Not Available,Not Available,50,Not Available,Not Available,Not Available,Not Available,No,0,15.53,Not Available,Ok,Not Available,Not Available,4236757,Not Available
M199-0100166,Not Available,Not Available,Not Available,58.7,Not Available,Not Available,105700.0,Not Available,Not Available,1629571.3,84.7,Not Available,Not Available,Not Available,-18.1,Lincoln Square,Not Available,Not Available,No,Not Available,Not Available,Not Available,Not Available,MANHATTAN,Not Available,Not Available,59,Not Available,Not Available,0,Not Available,Not Available,Not Available,Not Available,Ok,Not Available,Not Available,Not Available,105700,Not Available,Not Available,50,Not Available,Not Available,Not Available,Not Available,No,0,Not Available,Not Available,Ok,Not Available,Not Available,1030351,Not Available
M475-0100173,Not Available,Not Available,Not Available,52.7,Not Available,Not Available,218562.0,Not Available,Not Available,3350583.8,79.5,Not Available,Not Available,Not Available,-42.4,Gramercy,Not Available,Not Available,Yes,Not Available,Not Available,Not Available,Not Available,MANHATTAN,Not Available,Not Available,53.6,Not Available,Not Available,0,Not Available,Not Available,Not Available,Not Available,Ok,Not Available,Not Available,Not Available,218562,Not Available,Not Available,50,Not Available,Not Available,Not Available,Not Available,No,0,Not Available,Not Available,Ok,Not Available,Not Available,1020419,Not Available
M485-0100994,Not Available,Not Available,Not Available,88.6,Not Available,Not Available,401020.0,Not Available,Not Available,13132106.3,79.5,Not Available,Not Available,Not Available,18.3,Lincoln Square,Not Available,Not Available,No,Not Available,Not Available,Not Available,Not Available,MANHATTAN,Not Available,Not Available,89.7,Not Available,Not Available,0,Not Available,Not Available,Not Available,Not Available,Ok,Not Available,Not Available,Not Available,401020,Not Available,Not Available,50,Not Available,Not Available,Not Available,Not Available,No,0,Not Available,Not Available,Ok,Not Available,Not Available,1030341,Not Available
Q087-0400078,Not Available,Not Available,Not Available,73.4,Not Available,Not Available,96765.0,Not Available,Not Available,2754166.3,79.5,Not Available,Not Available,Not Available,6,Middle Village,Not Available,Not Available,No,Not Available,Not Available,Not Available,Not Available,QUEENS,Not Available,Not Available,73.5,Not Available,Not Available,0,Not Available,Not Available,Not Available,Not Available,Ok,Not Available,Not Available,Not Available,96765,Not Available,Not Available,50,Not Available,Not Available,Not Available,Not Available,No,0,Not Available,Not Available,Ok,Not Available,Not Available,4091737,Not Available
X034-0201216,Not Available,Not Available,Not Available,25.3,Not Available,Not Available,117400.0,Not Available,Not Available,2313336,79.5,Not Available,Not Available,Not Available,-54.9,Belmont,Not Available,Not Available,Yes,Not Available,Not Available,Not Available,Not Available,BRONX,Not Available,Not Available,26,Not Available,Not Available,0,Not Available,Not Available,Not Available,Not Available,Ok,Not Available,Not Available,Not Available,117400,Not Available,Not Available,50,Not Available,Not Available,Not Available,Not Available,No,0,Not Available,Not Available,Ok,Not Available,Not Available,2098380,Not Available
M175-0100151,Not Available,Not Available,Not Available,101.2,Not Available,Not Available,102175.0,Not Available,1.7,1653318.7,79.5,Not Available,Not Available,1.7,-8.1,Central Harlem North-Polo Grounds,Not Available,Not Available,No,Not Available,Not Available,Not Available,Not Available,MANHATTAN,Not Available,Not Available,100.1,Not Available,Not Available,0,Not Available,Not Available,Not Available,Not Available,Ok,Not Available,Not Available,Not Available,102175,Not Available,Not Available,50,Not Available,Not Available,Not Available,Not Available,No,0,0.02,Not Available,Ok,Not Available,Not Available,1058248,Not Available
Zuckerman Research Center,Not Available,Not Available,Not Available,406.9,Not Available,Not Available,685314.0,Not Available,Not Available,153870512.9,84.7,Not Available,Not Available,Not Available,160.8,Lenox Hill-Roosevelt Island,Not Available,Not Available,No,Not Available,Not Available,Not Available,Not Available,MANHATTAN,Not Available,Not Available,409.4,Not Available,Not Available,0,Not Available,Not Available,Not Available,42925,Ok,Not Available,Not Available,Not Available,728239,Not Available,Not Available,50,Not Available,Not Available,Not Available,Not Available,No,0,Not Available,Not Available,Ok,Not Available,Not Available,1045575,Not Available
K001-0300029,Not Available,Not Available,Not Available,48.2,Not Available,Not Available,120000.0,Not Available,2110.1,2184225.9,79.5,Not Available,Not Available,2110.1,-35.1,Sunset Park West,Not Available,Not Available,Yes,Not Available,Not Available,Not Available,Not Available,BROOKLYN,Not Available,Not Available,47.2,Not Available,Not Available,0,Not Available,Not Available,Not Available,Not Available,Ok,Not Available,Not Available,Not Available,120000,Not Available,Not Available,50,Not Available,Not Available,Not Available,Not Available,No,0,17.58,Not Available,Ok,Not Available,Not Available,3011821,Not Available
M153-0100135,Not Available,Not Available,Not Available,48.7,Not Available,Not Available,162125.0,Not Available,Not Available,2650441.6,79.5,Not Available,Not Available,Not Available,-31.7,Hamilton Heights,Not Available,Not Available,Yes,Not Available,Not Available,Not Available,Not Available,MANHATTAN,Not Available,Not Available,49.2,Not Available,Not Available,0,Not Available,Not Available,Not Available,Not Available,Ok,Not Available,Not Available,Not Available,162125,Not Available,Not Available,50,Not Available,Not Available,Not Available,Not Available,No,0,Not Available,Not Available,Ok,Not Available,Not Available,1081834,Not Available
Q239-0401471,Not Available,Not Available,Not Available,56.2,Not Available,Not Available,117126.0,Not Available,11187.4,3641286.4,79.5,Not Available,Not Available,11187.4,1.3,Ridgewood,Not Available,Not Available,No,Not Available,Not Available,Not Available,Not Available,QUEENS,Not Available,Not Available,56.9,Not Available,Not Available,0,Not Available,Not Available,Not Available,Not Available,Ok,Not Available,Not Available,Not Available,117126,Not Available,Not Available,50,Not Available,Not Available,Not Available,Not Available,No,0,95.52,Not Available,Ok,Not Available,Not Available,4435561,Not Available
Q185-0400196,Not Available,Not Available,Not Available,44.5,Not Available,Not Available,152525.0,Not Available,10330.7,2012390.8,79.5,Not Available,Not Available,10330.7,-47.6,Murray Hill,Not Available,Not Available,Yes,Not Available,Not Available,Not Available,Not Available,QUEENS,Not Available,Not Available,44.3,Not Available,Not Available,0,Not Available,Not Available,Not Available,Not Available,Ok,Not Available,Not Available,Not Available,152525,Not Available,Not Available,50,Not Available,Not Available,Not Available,Not Available,No,0,67.73,Not Available,Ok,Not Available,Not Available,4108664,Not Available
K907-0301596,Not Available,Not Available,Not Available,51.3,Not Available,Not Available,95530.0,Not Available,2641.2,2906341.5,79.5,Not Available,Not Available,2641.2,-4.9,Brownsville,Not Available,Not Available,No,Not Available,Not Available,Not Available,Not Available,BROOKLYN,Not Available,Not Available,51.5,Not Available,Not Available,0,Not Available,Not Available,Not Available,Not Available,Ok,Not Available,Not Available,Not Available,95530,Not Available,Not Available,50,Not Available,Not Available,Not Available,Not Available,No,0,27.65,Not Available,Ok,Not Available,Not Available,3080779,Not Available
CW/METLIFE 27-01 QPN,Not Available,Not Available,Not Available,52.1,Not Available,Not Available,767029.0,Not Available,9052.9,32693146.4,215.7,Not Available,Not Available,9052.9,-41.9,Queensbridge-Ravenswood-Long Island City,Not Available,Not Available,No,Not Available,Not Available,Not Available,Not Available,QUEENS,Not Available,Not Available,52.5,Not Available,Not Available,0,Not Available,Not Available,12/20/2019,8270,Ok,Not Available,Not Available,Not Available,782359,Not Available,100,50,Not Available,Not Available,Not Available,Not Available,No,0,11.57,"2019, 2018, 2017, 2016, 2015, 2014, 2013, 2012, 2011, 2010, 2009, 2008, 2007",Ok,Not Available,Not Available,4005016;4005018,Not Available
K229-0300234,Not Available,Not Available,Not Available,76.1,Not Available,Not Available,121200.0,Not Available,7364.6,4795907.2,79.5,Not Available,Not Available,7364.6,13.2,Bath Beach,Not Available,Not Available,No,Not Available,Not Available,Not Available,Not Available,BROOKLYN,Not Available,Not Available,75.1,Not Available,Not Available,0,Not Available,Not Available,Not Available,Not Available,Ok,Not Available,Not Available,Not Available,121200,Not Available,Not Available,50,Not Available,Not Available,Not Available,Not Available,No,0,60.76,Not Available,Ok,Not Available,Not Available,3167212,Not Available
551 Madison,Not Available,Not Available,Not Available,64.6,Not Available,Not Available,127158.0,Not Available,2018.5,6598977.7,84.7,Not Available,Not Available,2018.5,-15.1,Midtown-Midtown South,Not Available,Not Available,No,Not Available,Not Available,Not Available,Not Available,MANHATTAN,Not Available,Not Available,65.4,Not Available,Not Available,0,Not Available,Not Available,12/09/2008,Not Available,Ok,Not Available,Not Available,Not Available,127158,Not Available,100,50,Not Available,Not Available,Not Available,Not Available,No,0,15.87,2008,Ok,Not Available,Not Available,1035770,Not Available
"M054-I.S. 54, Manhattan (0100067)",Not Available,Not Available,Not Available,51.4,Not Available,Not Available,136800.0,Not Available,0,1894478.8,79.5,Not Available,Not Available,0,-39.7,Morningside Heights,Not Available,Not Available,Yes,Not Available,Not Available,Not Available,Not Available,MANHATTAN,Not Available,Not Available,51.1,Not Available,Not Available,0,Not Available,Not Available,07/30/2018,Not Available,Ok,Not Available,Not Available,Not Available,136800,Not Available,Not Available,50,Not Available,Not Available,Not Available,Not Available,No,0,0,"2018, 2016, 2014",Ok,Not Available,Not Available,1055990,Not Available
M131-0101005,Not Available,Not Available,Not Available,57.8,Not Available,Not Available,207109.0,Not Available,4829.2,4902361.5,79.5,Not Available,Not Available,4829.2,-28.9,Chinatown,Not Available,Not Available,Yes,Not Available,Not Available,Not Available,Not Available,MANHATTAN,Not Available,Not Available,57.5,Not Available,Not Available,0,Not Available,Not Available,Not Available,Not Available,Ok,Not Available,Not Available,Not Available,207109,Not Available,Not Available,50,Not Available,Not Available,Not Available,Not Available,No,0,23.32,Not Available,Ok,Not Available,Not Available,1082489,Not Available
X158-0200201,Not Available,Not Available,Not Available,66.8,Not Available,Not Available,224575.0,Not Available,Not Available,4539324.8,84.7,Not Available,Not Available,Not Available,-24,Longwood,Not Available,Not Available,No,Not Available,Not Available,Not Available,Not Available,BRONX,Not Available,Not Available,67.5,Not Available,Not Available,0,Not Available,Not Available,Not Available,Not Available,Ok,Not Available,Not Available,Not Available,224575,Not Available,Not Available,50,Not Available,Not Available,Not Available,Not Available,No,0,Not Available,Not Available,Ok,Not Available,Not Available,2004868,Not Available
K214-0300218,Not Available,Not Available,Not Available,59.3,Not Available,Not Available,104400.0,Not Available,6518.8,1256980.8,79.5,Not Available,Not Available,6518.8,-31.1,Cypress Hills-City Line,Not Available,Not Available,Yes,Not Available,Not Available,Not Available,Not Available,BROOKLYN,Not Available,Not Available,59.6,Not Available,Not Available,0,Not Available,Not Available,Not Available,Not Available,Ok,Not Available,Not Available,Not Available,104400,Not Available,Not Available,50,Not Available,Not Available,Not Available,Not Available,No,0,62.44,Not Available,Ok,Not Available,Not Available,3095254,Not Available
M501-0100190,Not Available,Not Available,Not Available,103.6,Not Available,Not Available,195675.0,Not Available,Not Available,5355475,79.5,Not Available,Not Available,Not Available,16.7,Central Harlem North-Polo Grounds,Not Available,Not Available,No,Not Available,Not Available,Not Available,Not Available,MANHATTAN,Not Available,Not Available,103.8,Not Available,Not Available,0,Not Available,Not Available,Not Available,Not Available,Ok,Not Available,Not Available,Not Available,195675,Not Available,Not Available,50,Not Available,Not Available,Not Available,Not Available,No,0,Not Available,Not Available,Ok,Not Available,Not Available,1054156,Not Available
K034-0300057,Not Available,Not Available,Not Available,61.3,Not Available,Not Available,38400.0,Not Available,346.4,762377.3,79.5,Not Available,Not Available,346.4,-16.5,Greenpoint,Not Available,Not Available,No,Not Available,Not Available,Not Available,Not Available,BROOKLYN,Not Available,Not Available,60.9,Not Available,Not Available,0,Not Available,Not Available,Not Available,Not Available,Ok,Not Available,Not Available,Not Available,38400,Not Available,Not Available,50,Not Available,Not Available,Not Available,Not Available,No,0,9.02,Not Available,Ok,Not Available,Not Available,3065733,Not Available
K149-0300151,Not Available,Not Available,Not Available,71.1,Not Available,Not Available,111600.0,Not Available,5824.4,1390731.2,79.5,Not Available,Not Available,5824.4,-6,East New York (Pennsylvania Ave),Not Available,Not Available,No,Not Available,Not Available,Not Available,Not Available,BROOKLYN,Not Available,Not Available,71.3,Not Available,Not Available,0,Not Available,Not Available,Not Available,Not Available,Ok,Not Available,Not Available,Not Available,111600,Not Available,Not Available,50,Not Available,Not Available,Not Available,Not Available,No,0,52.19,Not Available,Ok,Not Available,Not Available,3084348,Not Available
M025-0100029,Not Available,Not Available,Not Available,47.8,Not Available,Not Available,190975.0,Not Available,7882,3990675.1,79.5,Not Available,Not Available,7882,-38.8,Chinatown,Not Available,Not Available,Yes,Not Available,Not Available,Not Available,Not Available,MANHATTAN,Not Available,Not Available,47.8,Not Available,Not Available,0,Not Available,Not Available,Not Available,Not Available,Ok,Not Available,Not Available,Not Available,190975,Not Available,Not Available,50,Not Available,Not Available,Not Available,Not Available,No,0,41.27,Not Available,Ok,Not Available,Not Available,1004323,Not Available
K450-0301161,Not Available,Not Available,Not Available,48,Not Available,Not Available,504000.0,Not Available,0,6946831.9,79.5,Not Available,Not Available,0,-43.5,Bushwick South,Not Available,Not Available,Yes,Not Available,Not Available,Not Available,Not Available,BROOKLYN,Not Available,Not Available,48.2,Not Available,Not Available,0,Not Available,Not Available,Not Available,Not Available,Ok,Not Available,Not Available,Not Available,504000,Not Available,Not Available,50,Not Available,Not Available,Not Available,Not Available,No,0,0,Not Available,Ok,Not Available,Not Available,3325733,Not Available
K376-0301609,Not Available,Not Available,Not Available,63.9,Not Available,Not Available,90100.0,Not Available,Not Available,3249930.2,79.5,Not Available,Not Available,Not Available,5.8,Bushwick North,Not Available,Not Available,No,Not Available,Not Available,Not Available,Not Available,BROOKLYN,Not Available,Not Available,64.5,Not Available,Not Available,0,Not Available,Not Available,Not Available,Not Available,Ok,Not Available,Not Available,Not Available,90100,Not Available,Not Available,50,Not Available,Not Available,Not Available,Not Available,No,0,Not Available,Not Available,Ok,Not Available,Not Available,3075074,Not Available
M045-0100061,Not Available,Not Available,Not Available,58.3,Not Available,Not Available,210000.0,Not Available,Not Available,3492523.1,79.5,Not Available,Not Available,Not Available,-45.9,East Harlem North,Not Available,Not Available,Yes,Not Available,Not Available,Not Available,Not Available,MANHATTAN,Not Available,Not Available,59.1,Not Available,Not Available,0,Not Available,Not Available,Not Available,0,Ok,Not Available,Not Available,Not Available,210000,Not Available,Not Available,50,Not Available,Not Available,Not Available,Not Available,No,0,Not Available,Not Available,Ok,Not Available,Not Available,1054786,Not Available
R003-0500343,Not Available,Not Available,Not Available,59.4,Not Available,Not Available,83850.0,Not Available,486.8,1496639.7,79.5,Not Available,Not Available,486.8,-30.2,Annadale-Huguenot-Prince's Bay-Eltingville,Not Available,Not Available,Yes,Not Available,Not Available,Not Available,Not Available,STATEN IS,Not Available,Not Available,57.8,Not Available,Not Available,0,Not Available,Not Available,Not Available,Not Available,Ok,Not Available,Not Available,Not Available,83850,Not Available,Not Available,50,Not Available,Not Available,Not Available,Not Available,No,0,5.81,Not Available,Ok,Not Available,Not Available,5083311,Not Available
R032-0500055,Not Available,Not Available,Not Available,45.7,Not Available,Not Available,110400.0,Not Available,2672.2,1556144.9,79.5,Not Available,Not Available,2672.2,-37.7,Great Kills,Not Available,Not Available,Yes,Not Available,Not Available,Not Available,Not Available,STATEN IS,Not Available,Not Available,44.6,Not Available,Not Available,0,Not Available,Not Available,Not Available,Not Available,Ok,Not Available,Not Available,Not Available,110400,Not Available,Not Available,50,Not Available,Not Available,Not Available,Not Available,No,0,24.2,Not Available,Ok,Not Available,Not Available,5070651,Not Available
X085-0200124,Not Available,Not Available,Not Available,66.7,Not Available,Not Available,131644.0,Not Available,Not Available,2235542.5,79.5,Not Available,Not Available,Not Available,-11.8,Fordham South,Not Available,Not Available,No,Not Available,Not Available,Not Available,Not Available,BRONX,Not Available,Not Available,66.9,Not Available,Not Available,0,Not Available,Not Available,Not Available,Not Available,Ok,Not Available,Not Available,Not Available,131644,Not Available,Not Available,50,Not Available,Not Available,Not Available,Not Available,No,0,Not Available,Not Available,Ok,Not Available,Not Available,2011054,Not Available
K383-0300356,Not Available,Not Available,Not Available,52.5,Not Available,Not Available,211200.0,Not Available,13193.8,3788684.9,79.5,Not Available,Not Available,13193.8,-29.9,Bushwick North,Not Available,Not Available,Yes,Not Available,Not Available,Not Available,Not Available,BROOKLYN,Not Available,Not Available,52.6,Not Available,Not Available,0,Not Available,Not Available,Not Available,Not Available,Ok,Not Available,Not Available,Not Available,211200,Not Available,Not Available,50,Not Available,Not Available,Not Available,Not Available,No,0,62.47,Not Available,Ok,Not Available,Not Available,3075413,Not Available
X445-0200227,Not Available,Not Available,Not Available,44.2,Not Available,Not Available,345850.0,Not Available,9640.7,5104352.4,84.7,Not Available,Not Available,9640.7,-48.8,Van Cortlandt Village,Not Available,Not Available,Yes,Not Available,Not Available,Not Available,Not Available,BRONX,Not Available,Not Available,44.1,Not Available,Not Available,0,Not Available,Not Available,Not Available,Not Available,Ok,Not Available,Not Available,Not Available,345850,Not Available,Not Available,50,Not Available,Not Available,Not Available,Not Available,No,0,27.88,Not Available,Ok,Not Available,Not Available,2094706,Not Available
R024-0500089,Not Available,Not Available,Not Available,44.7,Not Available,Not Available,206951.0,Not Available,7213.8,2286040,79.5,Not Available,Not Available,7213.8,-46.2,Great Kills,Not Available,Not Available,Yes,Not Available,Not Available,Not Available,Not Available,STATEN IS,Not Available,Not Available,43.5,Not Available,Not Available,0,Not Available,Not Available,Not Available,Not Available,Ok,Not Available,Not Available,Not Available,206951,Not Available,Not Available,50,Not Available,Not Available,Not Available,Not Available,No,0,34.86,Not Available,Ok,Not Available,Not Available,5065854,Not Available
K039-0300061,Not Available,Not Available,Not Available,69.8,Not Available,Not Available,31200.0,Not Available,Not Available,564754.3,79.5,Not Available,Not Available,Not Available,-23,Park Slope-Gowanus,Not Available,Not Available,No,Not Available,Not Available,Not Available,Not Available,BROOKLYN,Not Available,Not Available,70,Not Available,Not Available,0,Not Available,Not Available,Not Available,Not Available,Ok,Not Available,Not Available,Not Available,31200,Not Available,Not Available,50,Not Available,Not Available,Not Available,Not Available,No,0,Not Available,Not Available,Ok,Not Available,Not Available,3021932,Not Available
Q096-0400088,Not Available,Not Available,Not Available,60,Not Available,Not Available,37360.0,Not Available,2539.4,790628.6,79.5,Not Available,Not Available,2539.4,-15.2,South Ozone Park,Not Available,Not Available,No,Not Available,Not Available,Not Available,Not Available,QUEENS,Not Available,Not Available,60.3,Not Available,Not Available,0,Not Available,Not Available,Not Available,Not Available,Ok,Not Available,Not Available,Not Available,37360,Not Available,Not Available,50,Not Available,Not Available,Not Available,Not Available,No,0,67.97,Not Available,Ok,Not Available,Not Available,4253028,Not Available
M104-0100098,Not Available,Not Available,Not Available,37.7,Not Available,Not Available,146575.0,Not Available,4222.5,2120899.2,84.7,Not Available,Not Available,4222.5,-44.7,Gramercy,Not Available,Not Available,Yes,Not Available,Not Available,Not Available,Not Available,MANHATTAN,Not Available,Not Available,37.8,Not Available,Not Available,0,Not Available,Not Available,Not Available,Not Available,Ok,Not Available,Not Available,Not Available,146575,Not Available,Not Available,50,Not Available,Not Available,Not Available,Not Available,No,0,28.81,Not Available,Ok,Not Available,Not Available,1081671,Not Available
M006-0100030,Not Available,Not Available,Not Available,52.1,Not Available,Not Available,91300.0,Not Available,677.1,1402195.5,79.5,Not Available,Not Available,677.1,-31.9,Upper East Side-Carnegie Hill,Not Available,Not Available,Yes,Not Available,Not Available,Not Available,Not Available,MANHATTAN,Not Available,Not Available,52.9,Not Available,Not Available,0,Not Available,Not Available,Not Available,Not Available,Ok,Not Available,Not Available,Not Available,91300,Not Available,Not Available,50,Not Available,Not Available,Not Available,Not Available,No,0,7.42,Not Available,Ok,Not Available,Not Available,1046668,Not Available
Q067-0400059,Not Available,Not Available,Not Available,39.5,Not Available,Not Available,178860.0,Not Available,Not Available,1925732.8,84.7,Not Available,Not Available,Not Available,-43.9,Douglas Manor-Douglaston-Little Neck,Not Available,Not Available,Yes,Not Available,Not Available,Not Available,Not Available,QUEENS,Not Available,Not Available,39.7,Not Available,Not Available,0,Not Available,Not Available,Not Available,Not Available,Ok,Not Available,Not Available,Not Available,178860,Not Available,Not Available,50,Not Available,Not Available,Not Available,Not Available,No,0,Not Available,Not Available,Ok,Not Available,Not Available,4170797,Not Available
M015-0100037,Not Available,Not Available,Not Available,73.8,Not Available,Not Available,72080.0,Not Available,3852.6,1020324.5,222.9,Not Available,Not Available,3852.6,-34.4,Lower East Side,Not Available,Not Available,Yes,Not Available,Not Available,Not Available,Not Available,MANHATTAN,Not Available,Not Available,73.8,Not Available,Not Available,0,Not Available,Not Available,Not Available,Not Available,Ok,Not Available,Not Available,Not Available,72080,Not Available,Not Available,50,Not Available,Not Available,Not Available,Not Available,No,0,53.45,Not Available,Ok,Not Available,Not Available,1004415,Not Available
Q690-0401483,Not Available,Not Available,Not Available,80,Not Available,Not Available,197423.0,Not Available,8815.9,10814675.1,79.5,Not Available,Not Available,8815.9,61.4,Baisley Park,Not Available,Not Available,No,Not Available,Not Available,Not Available,Not Available,QUEENS,Not Available,Not Available,80.4,Not Available,Not Available,0,Not Available,Not Available,Not Available,Not Available,Ok,Not Available,Not Available,Not Available,197423,Not Available,Not Available,50,Not Available,Not Available,Not Available,Not Available,No,0,44.65,Not Available,Ok,Not Available,Not Available,4464077,Not Available
330 Madison Avenue,Not Available,Not Available,Not Available,77,Not Available,Not Available,798718.4,Not Available,11013.1,48004166.7,84.7,Not Available,Not Available,Not Available,-31.4,Midtown-Midtown South,No,Not Available,No,Not Available,Not Available,Not Available,Not Available,MANHATTAN,N+1,Not Available,77.2,Not Available,Not Available,0,Not Available,Not Available,07/26/2018,5863,Ok,Not Available,Not Available,Not Available,810475,Not Available,100,50,Not Available,Not Available,Not Available,Not Available,No,0,Not Available,"2018, 2017, 2016, 2015, 2013, 2008",Ok,Not Available,Not Available,1035348,Not Available
Q415-0400242,Not Available,Not Available,Not Available,67.9,Not Available,Not Available,348000.0,Not Available,22506.4,5382771.1,79.5,Not Available,Not Available,22506.4,-32.9,Oakland Gardens,Not Available,Not Available,Yes,Not Available,Not Available,Not Available,Not Available,QUEENS,Not Available,Not Available,67.8,Not Available,Not Available,0,Not Available,Not Available,Not Available,Not Available,Ok,Not Available,Not Available,Not Available,348000,Not Available,Not Available,50,Not Available,Not Available,Not Available,Not Available,No,0,64.67,Not Available,Ok,Not Available,Not Available,4161735,Not Available
R002-0500060,Not Available,Not Available,Not Available,36.7,Not Available,Not Available,182575.0,Not Available,6094.4,1894342.4,79.5,Not Available,Not Available,6094.4,-56.9,New Dorp-Midland Beach,Not Available,Not Available,Yes,Not Available,Not Available,Not Available,Not Available,STATEN IS,Not Available,Not Available,35.7,Not Available,Not Available,0,Not Available,Not Available,Not Available,Not Available,Ok,Not Available,Not Available,Not Available,182575,Not Available,Not Available,50,Not Available,Not Available,Not Available,Not Available,No,0,33.38,Not Available,Ok,Not Available,Not Available,5053571,Not Available
K013-0300040,Not Available,Not Available,Not Available,58.2,Not Available,Not Available,144000.0,Not Available,Not Available,2684561.7,79.5,Not Available,Not Available,Not Available,-33.7,East New York (Pennsylvania Ave),Not Available,Not Available,Yes,Not Available,Not Available,Not Available,Not Available,BROOKLYN,Not Available,Not Available,58.5,Not Available,Not Available,0,Not Available,Not Available,Not Available,Not Available,Ok,Not Available,Not Available,Not Available,144000,Not Available,Not Available,50,Not Available,Not Available,Not Available,Not Available,No,0,Not Available,Not Available,Ok,Not Available,Not Available,3085070,Not Available
M460-0100181,Not Available,Not Available,Not Available,71.1,Not Available,Not Available,450200.0,Not Available,16910.5,5983283,79.5,Not Available,Not Available,16910.5,-17.7,Gramercy,Not Available,Not Available,No,Not Available,Not Available,Not Available,Not Available,MANHATTAN,Not Available,Not Available,72.3,Not Available,Not Available,0,Not Available,Not Available,Not Available,Not Available,Ok,Not Available,Not Available,Not Available,450200,Not Available,Not Available,50,Not Available,Not Available,Not Available,Not Available,No,0,37.56,Not Available,Ok,Not Available,Not Available,1017828,Not Available
X006-0200044,Not Available,Not Available,Not Available,60.5,Not Available,Not Available,108480.0,Not Available,16019.7,1467160,79.5,Not Available,Not Available,16019.7,-35.9,East Tremont,Not Available,Not Available,Yes,Not Available,Not Available,Not Available,Not Available,BRONX,Not Available,Not Available,60.2,Not Available,Not Available,0,Not Available,Not Available,Not Available,Not Available,Ok,Not Available,Not Available,Not Available,108480,Not Available,Not Available,50,Not Available,Not Available,Not Available,Not Available,No,0,147.67,Not Available,Ok,Not Available,Not Available,2010892,Not Available
X235-0201267,Not Available,Not Available,Not Available,88.6,Not Available,Not Available,125583.0,Not Available,93249,3993404.4,79.5,Not Available,Not Available,93249,-1.1,West Concourse,Not Available,Not Available,No,Not Available,Not Available,Not Available,Not Available,BRONX,Not Available,Not Available,90.1,Not Available,Not Available,0,Not Available,Not Available,Not Available,Not Available,Ok,Not Available,Not Available,Not Available,125583,Not Available,Not Available,50,Not Available,Not Available,Not Available,Not Available,No,0,742.53,Not Available,Ok,Not Available,Not Available,2097130,Not Available
K230-0300235,Not Available,Not Available,Not Available,59.9,Not Available,Not Available,87440.0,Not Available,21506.1,848905.6,84.7,Not Available,Not Available,21506.1,-30.1,Kensington-Ocean Parkway,Not Available,Not Available,Yes,Not Available,Not Available,Not Available,Not Available,BROOKLYN,Not Available,Not Available,58.6,Not Available,Not Available,0,Not Available,Not Available,Not Available,Not Available,Ok,Not Available,Not Available,Not Available,87440,Not Available,Not Available,50,Not Available,Not Available,Not Available,Not Available,No,0,245.95,Not Available,Ok,Not Available,Not Available,3124109,Not Available
M028-0100048,Not Available,Not Available,Not Available,52,Not Available,Not Available,122525.0,Not Available,4705.4,1611828.8,84.7,Not Available,Not Available,4705.4,-31.8,Washington Heights South,Not Available,Not Available,Yes,Not Available,Not Available,Not Available,Not Available,MANHATTAN,Not Available,Not Available,51.9,Not Available,Not Available,0,Not Available,Not Available,Not Available,Not Available,Ok,Not Available,Not Available,Not Available,122525,Not Available,Not Available,50,Not Available,Not Available,Not Available,Not Available,No,0,38.4,Not Available,Ok,Not Available,Not Available,1076739,Not Available
X083-0200122,Not Available,Not Available,Not Available,59.5,Not Available,Not Available,96100.0,Not Available,Not Available,1416662.4,79.5,Not Available,Not Available,Not Available,-33.5,Van Nest-Morris Park-Westchester Square,Not Available,Not Available,Yes,Not Available,Not Available,Not Available,Not Available,BRONX,Not Available,Not Available,59.1,Not Available,Not Available,0,Not Available,Not Available,Not Available,Not Available,Ok,Not Available,Not Available,Not Available,96100,Not Available,Not Available,50,Not Available,Not Available,Not Available,Not Available,No,0,Not Available,Not Available,Ok,Not Available,Not Available,2045344,Not Available
NE - COURT SQUARE I,Not Available,Not Available,Not Available,Not Available,Not Available,Not Available,1414803.0,Not Available,20972.5,Not Available,84.7,Not Available,Not Available,20972.5,-23,Hunters Point-Sunnyside-West Maspeth,Not Available,Not Available,No,Not Available,Not Available,Not Available,Not Available,QUEENS,Not Available,Not Available,56.6,Not Available,10561,Not Available,Long Island City,Not Available,12/09/2019,10561,Ok,Not Available,Not Available,Not Available,1436950,18,92.33,50,Not Available,Not Available,Not Available,Not Available,No,Not Available,14.6,"2019, 2010, 2009, 2008",Ok,Not Available,Not Available,4307108,Not Available
K205-0300208,Not Available,Not Available,Not Available,55.7,Not Available,Not Available,129600.0,Not Available,87.3,2475747.2,79.5,Not Available,Not Available,87.3,-30.3,Bensonhurst West,Not Available,Not Available,Yes,Not Available,Not Available,Not Available,Not Available,BROOKLYN,Not Available,Not Available,54.7,Not Available,Not Available,0,Not Available,Not Available,Not Available,Not Available,Ok,Not Available,Not Available,Not Available,129600,Not Available,Not Available,50,Not Available,Not Available,Not Available,Not Available,No,0,0.67,Not Available,Ok,Not Available,Not Available,3134749,Not Available
Q490-0400216,Not Available,Not Available,Not Available,57.1,Not Available,Not Available,312200.0,Not Available,12557,4192665.6,79.5,Not Available,Not Available,12557,-34.4,Cambria Heights,Not Available,Not Available,Yes,Not Available,Not Available,Not Available,Not Available,QUEENS,Not Available,Not Available,57.5,Not Available,Not Available,0,Not Available,Not Available,Not Available,0,Ok,Not Available,Not Available,Not Available,312200,Not Available,Not Available,50,Not Available,Not Available,Not Available,Not Available,No,0,40.22,Not Available,Ok,Not Available,Not Available,4238003,Not Available
R031-0500054,Not Available,Not Available,Not Available,63.1,Not Available,Not Available,92600.0,Not Available,Not Available,994120.3,84.7,Not Available,Not Available,Not Available,-4.3,West New Brighton-New Brighton-St. George,Not Available,Not Available,No,Not Available,Not Available,Not Available,Not Available,STATEN IS,Not Available,Not Available,61.2,Not Available,Not Available,0,Not Available,Not Available,Not Available,Not Available,Ok,Not Available,Not Available,Not Available,92600,Not Available,Not Available,50,Not Available,Not Available,Not Available,Not Available,No,0,Not Available,Not Available,Ok,Not Available,Not Available,5001150,Not Available
Q099-0400091,Not Available,Not Available,Not Available,144,Not Available,Not Available,74500.0,Not Available,Not Available,1843844.8,79.5,Not Available,Not Available,Not Available,94.7,Kew Gardens,Not Available,Not Available,No,Not Available,Not Available,Not Available,Not Available,QUEENS,Not Available,Not Available,146.1,Not Available,Not Available,0,Not Available,Not Available,Not Available,Not Available,Ok,Not Available,Not Available,Not Available,74500,Not Available,Not Available,50,Not Available,Not Available,Not Available,Not Available,No,0,Not Available,Not Available,Ok,Not Available,Not Available,4080168,Not Available
Q208-0401481,Not Available,Not Available,Not Available,110.7,Not Available,Not Available,87600.0,Not Available,8785.4,4604834.9,79.5,Not Available,Not Available,8785.4,20.6,Bellerose,Not Available,Not Available,No,Not Available,Not Available,Not Available,Not Available,QUEENS,Not Available,Not Available,111.9,Not Available,Not Available,0,Not Available,Not Available,Not Available,Not Available,Ok,Not Available,Not Available,Not Available,87600,Not Available,Not Available,50,Not Available,Not Available,Not Available,Not Available,No,0,100.29,Not Available,Ok,Not Available,Not Available,4529898,Not Available
M090-0101345,Not Available,Not Available,Not Available,55.4,Not Available,Not Available,193375.0,Not Available,15929,4821838.6,79.5,Not Available,Not Available,15929,-22.1,Washington Heights South,Not Available,Not Available,No,Not Available,Not Available,Not Available,Not Available,MANHATTAN,Not Available,Not Available,56.3,Not Available,Not Available,0,Not Available,Not Available,Not Available,Not Available,Ok,Not Available,Not Available,Not Available,193375,Not Available,Not Available,50,Not Available,Not Available,Not Available,Not Available,No,0,82.37,Not Available,Ok,Not Available,Not Available,1076741,Not Available
K091-0300102,Not Available,Not Available,Not Available,83.9,Not Available,Not Available,100800.0,Not Available,8226,1324947.8,79.5,Not Available,Not Available,8226,18.2,Prospect Lefferts Gardens-Wingate,Not Available,Not Available,No,Not Available,Not Available,Not Available,Not Available,BROOKLYN,Not Available,Not Available,84.3,Not Available,Not Available,0,Not Available,Not Available,Not Available,Not Available,Ok,Not Available,Not Available,Not Available,100800,Not Available,Not Available,50,Not Available,Not Available,Not Available,Not Available,No,0,81.61,Not Available,Ok,Not Available,Not Available,3106599,Not Available
X420-0200221,Not Available,Not Available,Not Available,58.6,Not Available,Not Available,304800.0,Not Available,20882.9,5190334.4,79.5,Not Available,Not Available,20882.9,-34.3,West Farms-Bronx River,Not Available,Not Available,Yes,Not Available,Not Available,Not Available,Not Available,BRONX,Not Available,Not Available,58.6,Not Available,Not Available,0,Not Available,Not Available,Not Available,0,Ok,Not Available,Not Available,Not Available,304800,Not Available,Not Available,50,Not Available,Not Available,Not Available,Not Available,No,0,68.51,Not Available,Ok,Not Available,Not Available,2027459,Not Available
Q219-0400187,Not Available,Not Available,Not Available,74.5,Not Available,Not Available,115450.0,Not Available,28756.8,2292863.9,84.7,Not Available,Not Available,28756.8,19.6,Kew Gardens Hills,Not Available,Not Available,No,Not Available,Not Available,Not Available,Not Available,QUEENS,Not Available,Not Available,74.1,Not Available,Not Available,0,Not Available,Not Available,Not Available,Not Available,Ok,Not Available,Not Available,Not Available,115450,Not Available,Not Available,50,Not Available,Not Available,Not Available,Not Available,No,0,249.08,Not Available,Ok,Not Available,Not Available,4448708,Not Available
Q475-0400225,Not Available,Not Available,Not Available,76.9,Not Available,Not Available,256800.0,Not Available,0,3332841.6,79.5,Not Available,Not Available,0,-20.9,Richmond Hill,Not Available,Not Available,No,Not Available,Not Available,Not Available,Not Available,QUEENS,Not Available,Not Available,86.5,Not Available,Not Available,0,Not Available,Not Available,Not Available,0,Ok,Not Available,Not Available,Not Available,256800,Not Available,Not Available,50,Not Available,Not Available,Not Available,Not Available,No,0,0,Not Available,Ok,Not Available,Not Available,4195688,Not Available
K180-0300183,Not Available,Not Available,Not Available,79.2,Not Available,Not Available,145200.0,Not Available,639,2128405.7,79.5,Not Available,Not Available,639,-16.7,Borough Park,Not Available,Not Available,No,Not Available,Not Available,Not Available,Not Available,BROOKLYN,Not Available,Not Available,77.4,Not Available,Not Available,0,Not Available,Not Available,Not Available,Not Available,Ok,Not Available,Not Available,Not Available,145200,Not Available,Not Available,50,Not Available,Not Available,Not Available,Not Available,No,0,4.4,Not Available,Ok,Not Available,Not Available,3130809,Not Available
R072-0500100,Not Available,Not Available,Not Available,34.9,Not Available,Not Available,209050.0,Not Available,1902.9,3324652.6,79.5,Not Available,Not Available,1902.9,-46.3,Todt Hill-Emerson Hill-Heartland Village-Lighthouse Hill,Not Available,Not Available,Yes,Not Available,Not Available,Not Available,Not Available,STATEN IS,Not Available,Not Available,35.1,Not Available,Not Available,0,Not Available,Not Available,Not Available,Not Available,Ok,Not Available,Not Available,Not Available,209050,Not Available,Not Available,50,Not Available,Not Available,Not Available,Not Available,No,0,9.1,Not Available,Ok,Not Available,Not Available,5037524,Not Available
R435-0500302,Not Available,Not Available,Not Available,51.1,Not Available,Not Available,505780.0,Not Available,30951.7,9889340.9,79.5,Not Available,Not Available,30951.7,-38,New Dorp-Midland Beach,Not Available,Not Available,Yes,Not Available,Not Available,Not Available,Not Available,STATEN IS,Not Available,Not Available,51.1,Not Available,Not Available,0,Not Available,Not Available,Not Available,Not Available,Ok,Not Available,Not Available,Not Available,505780,Not Available,Not Available,50,Not Available,Not Available,Not Available,Not Available,No,0,61.2,Not Available,Ok,Not Available,Not Available,5055367,Not Available
Q884-0401336,Not Available,Not Available,Not Available,67.9,Not Available,Not Available,57560.0,Not Available,2126.4,2432114.5,79.5,Not Available,Not Available,2126.4,23.8,Ozone Park,Not Available,Not Available,No,Not Available,Not Available,Not Available,Not Available,QUEENS,Not Available,Not Available,68.1,Not Available,Not Available,0,Not Available,Not Available,Not Available,Not Available,Ok,Not Available,Not Available,Not Available,57560,Not Available,Not Available,50,Not Available,Not Available,Not Available,Not Available,No,0,36.94,Not Available,Ok,Not Available,Not Available,4438525,Not Available
X045-0200081,Not Available,Not Available,Not Available,54.6,Not Available,Not Available,144125.0,Not Available,5161,1664510.1,79.5,Not Available,Not Available,5161,-24.9,Belmont,Not Available,Not Available,Yes,Not Available,Not Available,Not Available,Not Available,BRONX,Not Available,Not Available,54.8,Not Available,Not Available,0,Not Available,Not Available,Not Available,Not Available,Ok,Not Available,Not Available,Not Available,144125,Not Available,Not Available,50,Not Available,Not Available,Not Available,Not Available,No,0,35.81,Not Available,Ok,Not Available,Not Available,2011937,Not Available
M113-0100104,Not Available,Not Available,Not Available,27.4,Not Available,Not Available,105100.0,Not Available,4506.7,2479841.7,79.5,Not Available,Not Available,4506.7,-57.8,Central Harlem South,Not Available,Not Available,Yes,Not Available,Not Available,Not Available,Not Available,MANHATTAN,Not Available,Not Available,27.4,Not Available,Not Available,0,Not Available,Not Available,Not Available,Not Available,Ok,Not Available,Not Available,Not Available,105100,Not Available,Not Available,50,Not Available,Not Available,Not Available,Not Available,No,0,42.88,Not Available,Ok,Not Available,Not Available,1055111,Not Available
X722-0200254,Not Available,Not Available,Not Available,63,Not Available,Not Available,78000.0,Not Available,2143.2,2677737.6,79.5,Not Available,Not Available,2143.2,-19.5,Van Nest-Morris Park-Westchester Square,Not Available,Not Available,No,Not Available,Not Available,Not Available,Not Available,BRONX,Not Available,Not Available,61.7,Not Available,Not Available,0,Not Available,Not Available,Not Available,Not Available,Ok,Not Available,Not Available,Not Available,78000,Not Available,Not Available,50,Not Available,Not Available,Not Available,Not Available,No,0,27.48,Not Available,Ok,Not Available,Not Available,2045725,Not Available
101 Barclay,Not Available,Not Available,Not Available,Not Available,Not Available,Not Available,1081558.0,Not Available,14997.6,74184142.6,107.7,Not Available,Not Available,14997.6,-28.1,SoHo-TriBeCa-Civic Center-Little Italy,Not Available,Not Available,Yes,Not Available,Not Available,Not Available,Not Available,MANHATTAN,N+1,Not Available,93.6,Not Available,1081558,0,Not Available,Not Available,11/05/2012,57413,Ok,Not Available,Not Available,Not Available,1176421,5203.84,Not Available,50,Not Available,07/01/2011,Not Available,Not Available,No,0,12.75,"2012, 2011, 2010, 2009, 2008",Ok,Not Available,Not Available,1001416,57413
M022-0100044,Not Available,Not Available,Not Available,45,Not Available,Not Available,181200.0,Not Available,3128.1,2521450.9,79.5,Not Available,Not Available,3128.1,-45.3,Lower East Side,Not Available,Not Available,No,Not Available,Not Available,50.7,Not Available,MANHATTAN,Not Available,4195,44.8,104569.1,Not Available,104569.1,Not Available,Not Available,Not Available,Not Available,Ok,Not Available,Not Available,Not Available,181200,Not Available,Not Available,50,Not Available,Not Available,Not Available,Not Available,No,0,17.26,Not Available,Ok,Not Available,104569.1,1004070,Not Available
R023-0500342,Not Available,Not Available,Not Available,52.6,Not Available,Not Available,79375.0,Not Available,5055.2,1343782,79.5,Not Available,Not Available,5055.2,-39.7,Oakwood-Oakwood Beach,Not Available,Not Available,Yes,Not Available,Not Available,Not Available,Not Available,STATEN IS,Not Available,Not Available,51.3,Not Available,Not Available,0,Not Available,Not Available,Not Available,Not Available,Ok,Not Available,Not Available,Not Available,79375,Not Available,Not Available,50,Not Available,Not Available,Not Available,Not Available,No,0,63.69,Not Available,Ok,Not Available,Not Available,5059927,Not Available
K335-0300315,Not Available,Not Available,Not Available,59.2,Not Available,Not Available,122400.0,Not Available,7817.3,1688940,84.7,Not Available,Not Available,7817.3,-0.1,Crown Heights North,Not Available,Not Available,No,Not Available,Not Available,Not Available,Not Available,BROOKLYN,Not Available,Not Available,59.4,Not Available,Not Available,0,Not Available,Not Available,Not Available,Not Available,Ok,Not Available,Not Available,Not Available,122400,Not Available,Not Available,50,Not Available,Not Available,Not Available,Not Available,No,0,63.87,Not Available,Ok,Not Available,Not Available,3035887,Not Available
Q220-0400188,Not Available,Not Available,Not Available,61.5,Not Available,Not Available,76975.0,Not Available,9845.6,1488177.9,84.7,Not Available,Not Available,9845.6,-18.9,Forest Hills,Not Available,Not Available,No,Not Available,Not Available,Not Available,Not Available,QUEENS,Not Available,Not Available,62.6,Not Available,Not Available,0,Not Available,Not Available,Not Available,Not Available,Ok,Not Available,Not Available,Not Available,76975,Not Available,Not Available,50,Not Available,Not Available,Not Available,Not Available,No,0,127.91,Not Available,Ok,Not Available,Not Available,4051290,Not Available
K066-0301758,Not Available,Not Available,Not Available,78.2,Not Available,Not Available,127200.0,Not Available,15418.4,5707594,79.5,Not Available,Not Available,15418.4,20.2,Canarsie,Not Available,Not Available,No,Not Available,Not Available,Not Available,Not Available,BROOKLYN,Not Available,Not Available,79.4,Not Available,Not Available,0,Not Available,Not Available,Not Available,Not Available,Ok,Not Available,Not Available,Not Available,127200,Not Available,Not Available,50,Not Available,Not Available,Not Available,Not Available,No,0,121.21,Not Available,Ok,Not Available,Not Available,3325418,Not Available
K048-0300068,Not Available,Not Available,Not Available,91.1,Not Available,Not Available,72000.0,Not Available,1461.6,1523662.7,79.5,Not Available,Not Available,1461.6,6.4,Borough Park,Not Available,Not Available,No,Not Available,Not Available,Not Available,Not Available,BROOKLYN,Not Available,Not Available,86.5,Not Available,Not Available,0,Not Available,Not Available,Not Available,Not Available,Ok,Not Available,Not Available,Not Available,72000,Not Available,Not Available,50,Not Available,Not Available,Not Available,Not Available,No,0,20.3,Not Available,Ok,Not Available,Not Available,3132140,Not Available
NE - COURT SQUARE II,Not Available,Not Available,Not Available,33.1,Not Available,Not Available,437571.0,Not Available,2356.2,13759302,84.7,Not Available,Not Available,2356.2,-64.9,Hunters Point-Sunnyside-West Maspeth,Not Available,Not Available,No,Not Available,Not Available,Not Available,Not Available,QUEENS,Not Available,Not Available,32.9,Not Available,Not Available,0,Long Island City,Not Available,12/06/2019,90489,Ok,Not Available,Not Available,Not Available,528060,Not Available,100,50,Not Available,Not Available,Not Available,Not Available,No,0,4.46,"2019, 2018, 2017, 2016, 2015, 2014, 2013, 2012, 2011, 2010, 2009",Ok,Not Available,Not Available,4000000,Not Available
X170-0201172,Not Available,Not Available,Not Available,61.5,Not Available,Not Available,50570.0,Not Available,Not Available,1914814.4,79.5,Not Available,Not Available,Not Available,-6.6,Mount Hope,Not Available,Not Available,No,Not Available,Not Available,Not Available,Not Available,BRONX,Not Available,Not Available,61.6,Not Available,Not Available,0,Not Available,Not Available,Not Available,Not Available,Ok,Not Available,Not Available,Not Available,50570,Not Available,Not Available,50,Not Available,Not Available,Not Available,Not Available,No,0,Not Available,Not Available,Ok,Not Available,Not Available,2103870,Not Available
Q069-0400061,Not Available,Not Available,Not Available,95.9,Not Available,Not Available,112900.0,Not Available,15645.9,4831391.7,79.5,Not Available,Not Available,15645.9,48.2,Jackson Heights,Not Available,Not Available,No,Not Available,Not Available,Not Available,Not Available,QUEENS,Not Available,Not Available,97.1,Not Available,Not Available,0,Not Available,Not Available,Not Available,Not Available,Ok,Not Available,Not Available,Not Available,112900,Not Available,Not Available,50,Not Available,Not Available,Not Available,Not Available,No,0,138.58,Not Available,Ok,Not Available,Not Available,4029892,Not Available
M145-0100127,Not Available,Not Available,Not Available,40.5,Not Available,Not Available,93680.0,Not Available,Not Available,1469889.6,84.7,Not Available,Not Available,Not Available,-46.6,Upper West Side,Not Available,Not Available,Yes,Not Available,Not Available,Not Available,Not Available,MANHATTAN,Not Available,Not Available,40.3,Not Available,Not Available,0,Not Available,Not Available,Not Available,Not Available,Ok,Not Available,Not Available,Not Available,93680,Not Available,Not Available,50,Not Available,Not Available,Not Available,Not Available,No,0,Not Available,Not Available,Ok,Not Available,Not Available,1076625,Not Available
K161-0300164,Not Available,Not Available,Not Available,70,Not Available,Not Available,93600.0,Not Available,4980.3,1888883.2,79.5,Not Available,Not Available,4980.3,-8.8,Crown Heights South,Not Available,Not Available,No,Not Available,Not Available,Not Available,Not Available,BROOKLYN,Not Available,Not Available,69.8,Not Available,Not Available,0,Not Available,Not Available,Not Available,Not Available,Ok,Not Available,Not Available,Not Available,93600,Not Available,Not Available,50,Not Available,Not Available,Not Available,Not Available,No,0,53.21,Not Available,Ok,Not Available,Not Available,3034181,Not Available
X004-0200042,Not Available,Not Available,Not Available,71.8,Not Available,Not Available,127325.0,Not Available,Not Available,2043924.4,79.5,Not Available,Not Available,Not Available,9.5,Claremont-Bathgate,Not Available,Not Available,No,Not Available,Not Available,Not Available,Not Available,BRONX,Not Available,Not Available,70.7,Not Available,Not Available,0,Not Available,Not Available,Not Available,Not Available,Ok,Not Available,Not Available,Not Available,127325,Not Available,Not Available,50,Not Available,Not Available,Not Available,Not Available,No,0,Not Available,Not Available,Ok,Not Available,Not Available,2009659,Not Available
K380-0301169,Not Available,Not Available,Not Available,53.7,Not Available,Not Available,141600.0,Not Available,Not Available,2013080,79.5,Not Available,Not Available,Not Available,-43.4,Bedford,Not Available,Not Available,Yes,Not Available,Not Available,55.1,Not Available,BROOKLYN,Not Available,0,53.9,113573.2,Not Available,113573.2,Not Available,Not Available,Not Available,Not Available,Ok,Not Available,Not Available,Not Available,141600,Not Available,Not Available,50,Not Available,Not Available,Not Available,Not Available,No,0,Not Available,Not Available,Ok,Not Available,113573.2,3061235,Not Available
X100-0200142,Not Available,Not Available,Not Available,61.2,Not Available,Not Available,97280.0,Not Available,Not Available,1175092.8,84.7,Not Available,Not Available,Not Available,-6.8,Soundview-Castle Hill-Clason Point-Harding Park,Not Available,Not Available,No,Not Available,Not Available,Not Available,Not Available,BRONX,Not Available,Not Available,61.2,Not Available,Not Available,0,Not Available,Not Available,Not Available,Not Available,Ok,Not Available,Not Available,Not Available,97280,Not Available,Not Available,50,Not Available,Not Available,Not Available,Not Available,No,0,Not Available,Not Available,Ok,Not Available,Not Available,2022550,Not Available
K221-0300226,Not Available,Not Available,Not Available,75.8,Not Available,Not Available,96000.0,Not Available,782,1446688,79.5,Not Available,Not Available,782,-5.2,Crown Heights South,Not Available,Not Available,No,Not Available,Not Available,Not Available,Not Available,BROOKLYN,Not Available,Not Available,75.2,Not Available,Not Available,0,Not Available,Not Available,Not Available,Not Available,Ok,Not Available,Not Available,Not Available,96000,Not Available,Not Available,50,Not Available,Not Available,Not Available,Not Available,No,0,8.15,Not Available,Ok,Not Available,Not Available,3038372,Not Available
R054-0500091,Not Available,Not Available,Not Available,61.8,Not Available,Not Available,88800.0,Not Available,5613,1215354.4,79.5,Not Available,Not Available,5613,-29.2,New Springville-Bloomfield-Travis,Not Available,Not Available,Yes,Not Available,Not Available,Not Available,Not Available,STATEN IS,Not Available,Not Available,60,Not Available,Not Available,0,Not Available,Not Available,Not Available,Not Available,Ok,Not Available,Not Available,Not Available,88800,Not Available,Not Available,50,Not Available,Not Available,Not Available,Not Available,No,0,63.21,Not Available,Ok,Not Available,Not Available,5034476,Not Available
114,Not Available,Not Available,Not Available,67.2,Not Available,Not Available,577534.0,Not Available,Not Available,25434413.5,84.7,Not Available,Not Available,Not Available,-27.6,Midtown-Midtown South,Not Available,Not Available,No,Not Available,Not Available,Not Available,Not Available,MANHATTAN,Not Available,Not Available,67.4,Not Available,577534,0,Not Available,Not Available,05/02/2018,Not Available,Ok,Not Available,Not Available,Not Available,577534,1280,Not Available,50,Not Available,Not Available,Not Available,Not Available,No,0,Not Available,"2018, 2016, 2015, 2010, 2008, 2006, 2005, 2003, 2002, 2001",Ok,Not Available,Not Available,1022667,Not Available
X198-0200212,Not Available,Not Available,Not Available,64.1,Not Available,Not Available,122400.0,Not Available,Not Available,2560364.8,79.5,Not Available,Not Available,Not Available,-23.4,Morrisania-Melrose,Not Available,Not Available,No,Not Available,Not Available,Not Available,Not Available,BRONX,Not Available,Not Available,64,Not Available,Not Available,0,Not Available,Not Available,Not Available,Not Available,Ok,Not Available,Not Available,Not Available,122400,Not Available,Not Available,50,Not Available,Not Available,Not Available,Not Available,No,0,Not Available,Not Available,Ok,Not Available,Not Available,2004869,Not Available
X015-0200274,Not Available,Not Available,Not Available,101.1,Not Available,Not Available,162125.0,Not Available,Not Available,8674669.1,79.5,Not Available,Not Available,Not Available,46.6,Kingsbridge Heights,Not Available,Not Available,No,Not Available,Not Available,Not Available,Not Available,BRONX,Not Available,Not Available,102.7,Not Available,Not Available,0,Not Available,Not Available,Not Available,Not Available,Ok,Not Available,Not Available,Not Available,162125,Not Available,Not Available,50,Not Available,Not Available,Not Available,Not Available,No,0,Not Available,Not Available,Ok,Not Available,Not Available,2096013,Not Available
"R052-P.S. 52, Staten Island (0500086)",Not Available,Not Available,Not Available,53.2,Not Available,Not Available,85200.0,Not Available,5623.8,1879329.6,84.7,Not Available,Not Available,5623.8,-16.6,Old Town-Dongan Hills-South Beach,Not Available,Not Available,No,Not Available,Not Available,Not Available,Not Available,STATEN IS,Not Available,Not Available,52,Not Available,Not Available,0,Not Available,Not Available,07/20/2018,Not Available,Ok,Not Available,Not Available,Not Available,85200,Not Available,Not Available,50,Not Available,Not Available,Not Available,Not Available,No,0,66.01,"2018, 2014",Ok,Not Available,Not Available,5053746,Not Available
K410-0300335,Not Available,Not Available,Not Available,63.3,Not Available,Not Available,298800.0,Not Available,11007.7,4563891.3,79.5,Not Available,Not Available,11007.7,-24.5,West Brighton,Not Available,Not Available,Yes,Not Available,Not Available,Not Available,Not Available,BROOKLYN,Not Available,Not Available,63.9,Not Available,Not Available,0,Not Available,Not Available,Not Available,0,Ok,Not Available,Not Available,Not Available,298800,Not Available,Not Available,50,Not Available,Not Available,Not Available,Not Available,No,0,36.84,Not Available,Ok,Not Available,Not Available,3196293,Not Available
K097-0300108,Not Available,Not Available,Not Available,58.7,Not Available,Not Available,82800.0,Not Available,799.6,1409565.4,79.5,Not Available,Not Available,799.6,-26.4,Bensonhurst East,Not Available,Not Available,Yes,Not Available,Not Available,Not Available,Not Available,BROOKLYN,Not Available,Not Available,58.9,Not Available,Not Available,0,Not Available,Not Available,Not Available,Not Available,Ok,Not Available,Not Available,Not Available,82800,Not Available,Not Available,50,Not Available,Not Available,Not Available,Not Available,No,0,9.66,Not Available,Ok,Not Available,Not Available,3177680,Not Available
K172-0300175,Not Available,Not Available,Not Available,74.2,Not Available,Not Available,56400.0,Not Available,7928.1,1065089.9,79.5,Not Available,Not Available,7928.1,-22.5,Sunset Park West,Not Available,Not Available,No,Not Available,Not Available,Not Available,Not Available,BROOKLYN,Not Available,Not Available,72.6,Not Available,Not Available,0,Not Available,Not Available,Not Available,Not Available,Ok,Not Available,Not Available,Not Available,56400,Not Available,Not Available,50,Not Available,Not Available,Not Available,Not Available,No,0,140.57,Not Available,Ok,Not Available,Not Available,3009847,Not Available
X254-0201263,Not Available,Not Available,Not Available,64.8,Not Available,Not Available,82880.0,Not Available,3408.4,3349901.7,79.5,Not Available,Not Available,3408.4,16.2,Belmont,Not Available,Not Available,No,Not Available,Not Available,Not Available,Not Available,BRONX,Not Available,Not Available,65.7,Not Available,Not Available,0,Not Available,Not Available,Not Available,Not Available,Ok,Not Available,Not Available,Not Available,82880,Not Available,Not Available,50,Not Available,Not Available,Not Available,Not Available,No,0,41.12,Not Available,Ok,Not Available,Not Available,2103863,Not Available
63059-Sunrise at Sheepshead Bay,Not Available,Not Available,Not Available,94.1,Not Available,Not Available,93000.0,Not Available,7453.1,3709526.5,79.5,Not Available,Not Available,7453.1,-3.5,Sheepshead Bay-Gerritsen Beach-Manhattan Beach,Not Available,Not Available,No,Not Available,Not Available,Not Available,Not Available,BROOKLYN,Not Available,Not Available,94.4,Not Available,Not Available,0,Not Available,93000,Not Available,Not Available,Ok,Not Available,Not Available,Not Available,93000,Not Available,Not Available,50,Not Available,Not Available,Not Available,Not Available,No,0,80.14,Not Available,Ok,Not Available,Not Available,3347721,Not Available
K235-0300240,Not Available,Not Available,Not Available,72.7,Not Available,Not Available,104400.0,Not Available,18354.2,2114348.2,79.5,Not Available,Not Available,18354.2,13,East Flatbush-Farragut,Not Available,Not Available,No,Not Available,Not Available,Not Available,Not Available,BROOKLYN,Not Available,Not Available,73,Not Available,Not Available,0,Not Available,Not Available,Not Available,Not Available,Ok,Not Available,Not Available,Not Available,104400,Not Available,Not Available,50,Not Available,Not Available,Not Available,Not Available,No,0,175.81,Not Available,Ok,Not Available,Not Available,3107846,Not Available
Q085-0400076,Not Available,Not Available,Not Available,60.3,Not Available,Not Available,76080.0,Not Available,2431.4,554927.7,79.5,Not Available,Not Available,2431.4,-37.9,Steinway,Not Available,Not Available,Yes,Not Available,Not Available,Not Available,Not Available,QUEENS,Not Available,Not Available,60.5,Not Available,Not Available,0,Not Available,Not Available,Not Available,Not Available,Ok,Not Available,Not Available,Not Available,76080,Not Available,Not Available,50,Not Available,Not Available,Not Available,Not Available,No,0,31.96,Not Available,Ok,Not Available,Not Available,4017485,Not Available
M075-0100080,Not Available,Not Available,Not Available,45.5,Not Available,Not Available,110575.0,Not Available,11381.9,1892977.6,79.5,Not Available,Not Available,11381.9,-43.5,Upper West Side,Not Available,Not Available,Yes,Not Available,Not Available,Not Available,Not Available,MANHATTAN,Not Available,Not Available,45.6,Not Available,Not Available,0,Not Available,Not Available,Not Available,Not Available,Ok,Not Available,Not Available,Not Available,110575,Not Available,Not Available,50,Not Available,Not Available,Not Available,Not Available,No,0,102.93,Not Available,Ok,Not Available,Not Available,1034190,Not Available
M440-0100175,Not Available,Not Available,Not Available,68,Not Available,Not Available,318200.0,Not Available,52645.3,5030652.9,79.5,Not Available,Not Available,52645.3,-29.8,Hudson Yards-Chelsea-Flatiron-Union Square,Not Available,Not Available,Yes,Not Available,Not Available,Not Available,Not Available,MANHATTAN,Not Available,Not Available,68.2,Not Available,Not Available,0,Not Available,Not Available,Not Available,Not Available,Ok,Not Available,Not Available,Not Available,318200,Not Available,Not Available,50,Not Available,Not Available,Not Available,Not Available,No,0,165.45,Not Available,Ok,Not Available,Not Available,1013096,Not Available
K189-0300191,Not Available,Not Available,Not Available,56.9,Not Available,Not Available,118800.0,Not Available,Not Available,1540859.2,79.5,Not Available,Not Available,Not Available,-38.5,Brownsville,Not Available,Not Available,Yes,Not Available,Not Available,Not Available,Not Available,BROOKLYN,Not Available,Not Available,57.4,Not Available,Not Available,0,Not Available,Not Available,Not Available,Not Available,Ok,Not Available,Not Available,Not Available,118800,Not Available,Not Available,50,Not Available,Not Available,Not Available,Not Available,No,0,Not Available,Not Available,Ok,Not Available,Not Available,3099537,Not Available
M600-0100183,Not Available,Not Available,Not Available,59.3,Not Available,Not Available,363130.0,Not Available,32086.3,5151345.9,79.5,Not Available,Not Available,32086.3,-28.3,Hudson Yards-Chelsea-Flatiron-Union Square,Not Available,Not Available,Yes,Not Available,Not Available,Not Available,Not Available,MANHATTAN,Not Available,Not Available,59.5,Not Available,Not Available,0,Not Available,Not Available,Not Available,Not Available,Ok,Not Available,Not Available,Not Available,363130,Not Available,Not Available,50,Not Available,Not Available,Not Available,Not Available,No,0,88.36,Not Available,Ok,Not Available,Not Available,1014174,Not Available
M445-0100172,Not Available,Not Available,Not Available,58.4,Not Available,Not Available,313980.0,Not Available,13574.5,4459262.3,79.5,Not Available,Not Available,13574.5,-33.7,Chinatown,Not Available,Not Available,Yes,Not Available,Not Available,Not Available,Not Available,MANHATTAN,Not Available,Not Available,58.7,Not Available,Not Available,0,Not Available,Not Available,Not Available,0,Ok,Not Available,Not Available,Not Available,313980,Not Available,Not Available,50,Not Available,Not Available,Not Available,Not Available,No,0,43.23,Not Available,Ok,Not Available,Not Available,1005283,Not Available
M087-0100087,Not Available,Not Available,Not Available,50.8,Not Available,Not Available,106800.0,Not Available,Not Available,1300381.5,79.5,Not Available,Not Available,Not Available,-42.6,Upper West Side,Not Available,Not Available,Yes,Not Available,Not Available,Not Available,Not Available,MANHATTAN,Not Available,Not Available,50.5,Not Available,Not Available,0,Not Available,Not Available,Not Available,Not Available,Ok,Not Available,Not Available,Not Available,106800,Not Available,Not Available,50,Not Available,Not Available,Not Available,Not Available,No,0,Not Available,Not Available,Ok,Not Available,Not Available,1030196,Not Available
1 Madison,Not Available,Not Available,Not Available,56.9,Not Available,Not Available,1151354.0,Not Available,Not Available,42859181.9,84.7,Not Available,Not Available,Not Available,-54.9,,Not Available,Not Available,Yes,Not Available,Not Available,Not Available,Not Available,,Not Available,Not Available,57,Not Available,4517,0,Not Available,Not Available,01/05/2017,13540,Ok,Not Available,Not Available,Not Available,1176911,25,100,50,Not Available,Not Available,Not Available,Not Available,No,0,Not Available,"2017, 2015, 2014, 2013, 2012, 2011, 2009",Ok,Not Available,Not Available,1088749,Not Available
M446-0100051,Not Available,Not Available,Not Available,38.3,Not Available,Not Available,80720.0,Not Available,Not Available,1054990.4,79.5,Not Available,Not Available,Not Available,-51.2,Lower East Side,Not Available,Not Available,Yes,Not Available,Not Available,Not Available,Not Available,MANHATTAN,Not Available,Not Available,38.1,Not Available,Not Available,0,Not Available,Not Available,Not Available,Not Available,Ok,Not Available,Not Available,Not Available,80720,Not Available,Not Available,50,Not Available,Not Available,Not Available,Not Available,No,0,Not Available,Not Available,Ok,Not Available,Not Available,1003214,Not Available
M042-0100058,Not Available,Not Available,Not Available,68,Not Available,Not Available,74080.0,Not Available,1010,1420756.8,79.5,Not Available,Not Available,1010,-23.3,Chinatown,Not Available,Not Available,No,Not Available,Not Available,Not Available,Not Available,MANHATTAN,Not Available,Not Available,68.2,Not Available,Not Available,0,Not Available,Not Available,Not Available,Not Available,Ok,Not Available,Not Available,Not Available,74080,Not Available,Not Available,50,Not Available,Not Available,Not Available,Not Available,No,0,13.63,Not Available,Ok,Not Available,Not Available,1003998,Not Available
Q811-0400165,Not Available,Not Available,Not Available,87,Not Available,Not Available,70925.0,Not Available,7294.1,1946750.7,84.7,Not Available,Not Available,7294.1,-26.9,Douglas Manor-Douglaston-Little Neck,Not Available,Not Available,Yes,Not Available,Not Available,Not Available,Not Available,QUEENS,Not Available,Not Available,86.5,Not Available,Not Available,0,Not Available,Not Available,Not Available,Not Available,Ok,Not Available,Not Available,Not Available,70925,Not Available,Not Available,50,Not Available,Not Available,Not Available,Not Available,No,0,102.84,Not Available,Ok,Not Available,Not Available,4173060,Not Available
05WJG-The St. Regis New York,Not Available,Not Available,Not Available,207.7,Not Available,Not Available,323504.0,Not Available,34912,26603330.1,84.7,Not Available,Not Available,34912,72.2,Midtown-Midtown South,Not Available,Not Available,No,Not Available,Not Available,Not Available,Not Available,MANHATTAN,Not Available,Not Available,207.6,Not Available,Not Available,0,Not Available,Not Available,Not Available,Not Available,Ok,Not Available,Not Available,Not Available,323504,Not Available,Not Available,50,Not Available,Not Available,Not Available,Not Available,No,0,107.92,Not Available,Ok,Not Available,Not Available,1035762,Not Available
Q217-0400185,Not Available,Not Available,Not Available,72.9,Not Available,Not Available,152525.0,Not Available,10042.4,2854615.7,79.5,Not Available,Not Available,10042.4,-13.6,Briarwood-Jamaica Hills,Not Available,Not Available,No,Not Available,Not Available,Not Available,Not Available,QUEENS,Not Available,Not Available,73.3,Not Available,Not Available,0,Not Available,Not Available,Not Available,Not Available,Ok,Not Available,Not Available,Not Available,152525,Not Available,Not Available,50,Not Available,Not Available,Not Available,Not Available,No,0,65.84,Not Available,Ok,Not Available,Not Available,4208124,Not Available
Grace Building,Not Available,Not Available,Not Available,88.3,Not Available,Not Available,1497125.0,Not Available,31824.6,76393420.7,84.7,Not Available,Not Available,31824.6,-29.4,Midtown-Midtown South,Not Available,20204,No,Not Available,Not Available,Not Available,Not Available,MANHATTAN,Not Available,Not Available,90.1,Not Available,Not Available,0,Not Available,Not Available,06/27/2018,25369,Ok,Not Available,Not Available,Not Available,1537287,Not Available,100,50,Not Available,Not Available,Not Available,Not Available,No,0,20.7,"2018, 2017, 2010, 2009",Ok,Not Available,Not Available,1034196,Not Available
X101-0200143,Not Available,Not Available,Not Available,53.6,Not Available,Not Available,182525.0,Not Available,0,3006654.4,79.5,Not Available,Not Available,0,-41,Schuylerville-Throgs Neck-Edgewater Park,Not Available,Not Available,Yes,Not Available,Not Available,Not Available,Not Available,BRONX,Not Available,Not Available,53.8,Not Available,Not Available,0,Not Available,Not Available,Not Available,Not Available,Ok,Not Available,Not Available,Not Available,182525,Not Available,Not Available,50,Not Available,Not Available,Not Available,Not Available,No,0,0,Not Available,Ok,Not Available,Not Available,2080231,Not Available
K084-0300096,Not Available,Not Available,Not Available,41.2,Not Available,Not Available,114000.0,Not Available,12520.7,1532329.2,84.7,Not Available,Not Available,12520.7,-44.7,North Side-South Side,Not Available,Not Available,Yes,Not Available,Not Available,Not Available,Not Available,BROOKLYN,Not Available,Not Available,40.9,Not Available,Not Available,0,Not Available,Not Available,Not Available,Not Available,Ok,Not Available,Not Available,Not Available,114000,Not Available,Not Available,50,Not Available,Not Available,Not Available,Not Available,No,0,109.83,Not Available,Ok,Not Available,Not Available,3062766,Not Available
M661-0100185,Not Available,Not Available,Not Available,69.1,Not Available,Not Available,55260.0,Not Available,14098,1987148.8,79.5,Not Available,Not Available,14098,-14.9,Gramercy,Not Available,Not Available,No,Not Available,Not Available,Not Available,Not Available,MANHATTAN,Not Available,Not Available,69.3,Not Available,Not Available,0,Not Available,Not Available,Not Available,Not Available,Ok,Not Available,Not Available,Not Available,55260,Not Available,Not Available,50,Not Available,Not Available,Not Available,Not Available,No,0,255.12,Not Available,Ok,Not Available,Not Available,1020416,Not Available
K199-0300201,Not Available,Not Available,Not Available,67.3,Not Available,Not Available,82800.0,Not Available,11092.8,1317714.4,79.5,Not Available,Not Available,11092.8,-15.9,Midwood,Not Available,Not Available,No,Not Available,Not Available,Not Available,Not Available,BROOKLYN,Not Available,Not Available,67.6,Not Available,Not Available,0,Not Available,Not Available,Not Available,Not Available,Ok,Not Available,Not Available,Not Available,82800,Not Available,Not Available,50,Not Available,Not Available,Not Available,Not Available,No,0,133.97,Not Available,Ok,Not Available,Not Available,3180761,Not Available
M130-0100118,Not Available,Not Available,Not Available,92.8,Not Available,Not Available,95145.0,Not Available,6812.1,2868809.6,79.5,Not Available,Not Available,6812.1,12.8,SoHo-TriBeCa-Civic Center-Little Italy,Not Available,Not Available,No,Not Available,Not Available,Not Available,Not Available,MANHATTAN,Not Available,Not Available,93.2,Not Available,Not Available,0,Not Available,Not Available,Not Available,Not Available,Ok,Not Available,Not Available,Not Available,95145,Not Available,Not Available,50,Not Available,Not Available,Not Available,Not Available,No,0,71.6,Not Available,Ok,Not Available,Not Available,1003086,Not Available
One Liberty Plaza,Not Available,Not Available,Not Available,79.2,Not Available,Not Available,2281918.0,Not Available,27739.6,104674505.7,84.7,Not Available,Not Available,27739.6,-33.6,Battery Park City-Lower Manhattan,Not Available,Not Available,No,Not Available,Not Available,Not Available,Not Available,MANHATTAN,N+1,Not Available,81.4,Not Available,Not Available,0,Not Available,Not Available,01/27/2020,41501,Ok,Not Available,Not Available,Not Available,2346193,Not Available,100,50,Not Available,Not Available,Not Available,Not Available,No,0,11.82,"2019, 2018, 2017, 2016, 2015, 2014",Ok,Not Available,Not Available,1001068,Not Available
Q162-0400147,Not Available,Not Available,Not Available,85.6,Not Available,Not Available,73200.0,Not Available,5580.1,1812454.4,84.7,Not Available,Not Available,5580.1,49.7,Bayside-Bayside Hills,Not Available,Not Available,No,Not Available,Not Available,Not Available,Not Available,QUEENS,Not Available,Not Available,85.8,Not Available,Not Available,0,Not Available,Not Available,Not Available,Not Available,Ok,Not Available,Not Available,Not Available,73200,Not Available,Not Available,50,Not Available,Not Available,Not Available,Not Available,No,0,76.23,Not Available,Ok,Not Available,Not Available,4159363,Not Available
640 Fifth Avenue,Not Available,Not Available,Not Available,77.2,Not Available,Not Available,205104.0,Not Available,5579.8,18383880.5,84.7,Not Available,Not Available,5579.8,-10,Midtown-Midtown South,Not Available,Not Available,No,Not Available,Not Available,Not Available,Not Available,MANHATTAN,Not Available,Not Available,77.9,Not Available,Not Available,0,Not Available,Not Available,07/30/2018,92334,Ok,Not Available,Not Available,Not Available,297438,Not Available,100,50,Not Available,Not Available,Not Available,Not Available,No,0,18.76,"2018, 2017, 2016, 2011, 2008",Ok,Not Available,Not Available,1034516,Not Available
Q600-0400224,Not Available,Not Available,Not Available,50.5,Not Available,Not Available,195785.0,Not Available,10772.5,5199888.3,79.5,Not Available,Not Available,10772.5,-26.1,Hunters Point-Sunnyside-West Maspeth,Not Available,Not Available,Yes,Not Available,Not Available,Not Available,Not Available,QUEENS,Not Available,Not Available,51,Not Available,Not Available,0,Not Available,Not Available,Not Available,Not Available,Ok,Not Available,Not Available,Not Available,195785,Not Available,Not Available,50,Not Available,Not Available,Not Available,Not Available,No,0,55.02,Not Available,Ok,Not Available,Not Available,4003259,Not Available
X103-0200145,Not Available,Not Available,Not Available,77.3,Not Available,Not Available,103280.0,Not Available,Not Available,2132090.6,79.5,Not Available,Not Available,Not Available,7.5,Williamsbridge-Olinville,Not Available,Not Available,No,Not Available,Not Available,Not Available,Not Available,BRONX,Not Available,Not Available,77.5,Not Available,Not Available,0,Not Available,Not Available,Not Available,Not Available,Ok,Not Available,Not Available,Not Available,103280,Not Available,Not Available,50,Not Available,Not Available,Not Available,Not Available,No,0,Not Available,Not Available,Ok,Not Available,Not Available,2062883,Not Available
X137-0200181,Not Available,Not Available,Not Available,50.5,Not Available,Not Available,237600.0,Not Available,41899.6,7517318.1,79.5,Not Available,Not Available,41899.6,-21,Mount Hope,Not Available,Not Available,No,Not Available,Not Available,Not Available,Not Available,BRONX,Not Available,Not Available,51,Not Available,Not Available,0,Not Available,Not Available,Not Available,Not Available,Ok,Not Available,Not Available,Not Available,237600,Not Available,Not Available,50,Not Available,Not Available,Not Available,Not Available,No,0,176.34,Not Available,Ok,Not Available,Not Available,2013307,Not Available
River Place One,Not Available,Not Available,Not Available,Not Available,Not Available,Not Available,814289.0,Not Available,Not Available,21694657.5,84.7,34000,Not Available,Not Available,-7.6,Hudson Yards-Chelsea-Flatiron-Union Square,Not Available,39590,No,Not Available,Not Available,Not Available,100,MANHATTAN,Not Available,Not Available,86.2,Not Available,Not Available,0,Not Available,Not Available,01/04/2020,39590,Ok,Not Available,Not Available,Not Available,887879,Not Available,Not Available,50,0,Not Available,1.13105,921,No,0,Not Available,"2019, 2018",Ok,1700,Not Available,1085803,Not Available
R011-0500036,Not Available,Not Available,Not Available,59.5,Not Available,Not Available,46880.0,Not Available,Not Available,710105.5,79.5,Not Available,Not Available,Not Available,-25.8,Old Town-Dongan Hills-South Beach,Not Available,Not Available,Yes,Not Available,Not Available,Not Available,Not Available,STATEN IS,Not Available,Not Available,58,Not Available,Not Available,0,Not Available,Not Available,Not Available,Not Available,Ok,Not Available,Not Available,Not Available,46880,Not Available,Not Available,50,Not Available,Not Available,Not Available,Not Available,No,0,Not Available,Not Available,Ok,Not Available,Not Available,5048647,Not Available
K050-0300070,Not Available,Not Available,Not Available,73,Not Available,Not Available,138000.0,Not Available,10551.4,2246460.8,79.5,Not Available,Not Available,10551.4,-18.6,North Side-South Side,Not Available,Not Available,No,Not Available,Not Available,Not Available,Not Available,BROOKLYN,Not Available,Not Available,72.5,Not Available,Not Available,0,Not Available,Not Available,Not Available,Not Available,Ok,Not Available,Not Available,Not Available,138000,Not Available,Not Available,50,Not Available,Not Available,Not Available,Not Available,No,0,76.46,Not Available,Ok,Not Available,Not Available,3063128,Not Available
Q210-0400203,Not Available,Not Available,Not Available,42.7,Not Available,Not Available,187325.0,Not Available,324.6,3066705.7,79.5,Not Available,Not Available,324.6,-35.2,,Not Available,Not Available,Yes,Not Available,Not Available,Not Available,Not Available,,Not Available,Not Available,42.7,Not Available,Not Available,0,Not Available,Not Available,Not Available,Not Available,Ok,Not Available,Not Available,Not Available,187325,Not Available,Not Available,50,Not Available,Not Available,Not Available,Not Available,No,0,1.73,Not Available,Ok,Not Available,Not Available,4188567,Not Available
Q058-0401459,Not Available,Not Available,Not Available,72.6,Not Available,Not Available,121000.0,Not Available,Not Available,4503840.2,79.5,Not Available,Not Available,Not Available,-16,Maspeth,Not Available,Not Available,No,Not Available,Not Available,Not Available,Not Available,QUEENS,Not Available,Not Available,72.7,Not Available,Not Available,0,Not Available,Not Available,Not Available,Not Available,Ok,Not Available,Not Available,Not Available,121000,Not Available,Not Available,50,Not Available,Not Available,Not Available,Not Available,No,0,Not Available,Not Available,Ok,Not Available,Not Available,4062851,Not Available
