q0_dbn,q17_c12_r1,q16_c9_r2,q15_c4_r3,q13_c6_r1,q17_c12_r3,q37_4,q27_r4_c1,q15_c5_r1,q13_c5_r4,q27_r3_c4,q14_c5_r2,q20_1,q8_r2_c2,q29_1,q35_3,q24_r3_c4,q32_4,q38_r3_c1,q25_r3_c3,q11_r2_c3,q42_r1_c2,q17_c4_r4,q11_r1_c3,q25_r1_c3,q14_c2_r3,q19_c1_r4,q15_c10_r4,q21_r3_c3,q25_r6_c4,q27_r6_c4,q14_c10_r2,q24_r4_c3,q13_c3_r1,q13_c6_r2,q13_c9_r1,q9_4,q24_r1_c2,q29_5,q26_r4_c2,q16_c12_r4,q21_r4_c3,q27_r3_c3,q27_r2_c3,q17_c5_r1,q14_c8_r1,q27_r4_c2,q28_5,q26_r4_c1,q24_r5_c4,q25_r5_c2,q21_r6_c2,q38_r6_c1,q13_c11_r3,q17_c6_r1,q13_c4_r2,q11_r3_c4,q10_r5_c1,q26_r5_c1,q13_c3_r3,q11_r3_c3,q8_r4_c2,q27_r3_c1,q9_16,q26_r4_c3,q23_4,q43_7,q13_c7_r1,q14_c9_r2,q16_c9_r4,q16_c3_r1,q26_r5_c2,q17_c2_r4,q38_r1_c1,q14_c9_r3,q43_9,q34_r5_c1,q15_c8_r4,q25_r1_c1,q14_c1_r3,q24_r4_c2,q16_c6_r2,q11_r3_c1,q43_2,q28_3,q22_r2_c2,q26_r5_c3,q15_c4_r2,q14_c1_r4,q14_c4_r3,q4_2,q15_c4_r1,q25_r6_c3,q15_c10_r3,q13_c1_r4,q14_c6_r1,q43_8,q14_c13_r1,q27_r5_c1,q14_c8_r2,q34_r4_c2,q14_c4_r4,q16_c9_r1,q16_c13_r2,q24_r4_c1,q17_c8_r2,q24_r5_c3,q9_3,q42_r1_c7,q24_r6_c2,q16_c9_r3,q10_r4_c2,q9_18,q8_r5_c2,q14_c4_r2,q16_c5_r1,q17_c11_r3,q21_r6_c4,q17_c7_r3,q17_c7_r1,q16_c11_r1,q9_20,q10_r3_c2,q21_r4_c1,q31_1,q14_c10_r3,q41_4,q16_c7_r3,q17_c7_r4,q38_r2_c2,q14_c10_r4,q16_c11_r2,q15_c7_r2,q15_c11_r3,q16_c4_r1,q26_r3_c4,q16_c13_r1,q16_c12_r2,q14_c11_r4,q27_r1_c3,q17_c10_r3,q9_19,q13_c6_r3,q12_c1_r2,q21_r1_c3,q9_12,q22_r4_c1,q39_1,q26_r1_c1,q41_3,q25_r2_c3,q14_c12_r1,q16_c12_r1,q24_r3_c2,q21_r5_c4,q28_2,q9_11,q14_c11_r2,q15_c5_r2,q31_3,q13_c8_r1,q1_1,q19_c1_r3,q9_14,q13_c2_r1,q14_c12_r2,q16_c3_r3,q3_2,q15_c8_r2,q16_c2_r1,q15_c11_r4,q34_r5_c2,q15_c1_r4,q26_r5_c4,q33_1,q38_r3_c2,q16_c10_r2,q14_c10_r1,q15_c1_r3,q21_r2_c1,q14_c11_r1,q16_c2_r2,q17_c11_r1,q22_r1_c2,q38_r2_c1,q17_c4_r1,q20_2,q10_r2_c1,q17_c4_r3,q15_c8_r3,q17_c5_r3,q6_2,q33_4,q26_r2_c2,q21_r1_c4,q29_3,q17_c6_r2,q14_c2_r2,q16_c10_r3,q16_c8_r3,q22_r5_c1,q14_c11_r3,q13_c2_r3,q17_c1_r4,q14_c2_r4,q13_c8_r4,q15_c12_r4,q5_2,q9_5,q14_c9_r1,q32_3,q13_c6_r4,q16_c10_r1,q13_c8_r3,q9_22,q27_r3_c2,q21_r3_c2,q15_c7_r4,q15_c6_r4
19K615,,,,,,0,0,,,0,,0,0.0,,1,0,,4.0,0,0,,,0,0,,,,0,0,0,,0,,,,0,0,,0,,0,0,0,,,0,0.0,0,0,0,0,0.0,,,,0,0,0,,0,0.0,0,0,0,,1,,,,,0,,1.0,,1,0,,0,,0,,0,1,0.0,0,0,,,,1,,0,,,,1,,0,,1,,,,0,,0,0,,0,,0,1,1.0,,,,0,,,,0,0,0,0.0,,1,,,0.0,,,,,,0,,,,0,,0,,,0,0,0,0,0,0,0,,,0,0,0.0,1,,,0.0,,Torianna,,0,,,,1,,,,1,,0,0,0.0,,,,0,,,,0,0.0,,0,0,,,,0.0,0,0,0,,,,,,0,,,,,,,1,0,,,,,,0,0,0,,
17K524,,,,,,0,0,,,0,,0,1.0,,1,0,7-12 hrs,,0,0,,,0,0,,,,0,0,0,,0,,,,0,0,,0,,0,0,0,,,0,1.0,0,0,0,0,,,,,0,0,0,,0,1.0,0,0,0,,0,,,,,0,,1.0,,0,0,,0,,0,,0,0,1.0,0,0,,,,1,,0,,,,1,,0,,1,,,,0,,0,0,,0,,0,0,,,,,0,,,,0,0,0,,,0,,,,,,,,,0,,,,0,,0,,,0,0,0,1,0,0,0,,,0,0,0.0,1,,,,,Nedda,,0,,,,1,,,,1,,0,0,,,,,0,,,,0,1.0,,0,0,,,,0.0,0,0,0,,,,,,0,,,,,,,0,1,,,,,,0,0,0,,
11X181,,,,,,0,0,,,0,,0,0.0,,0,0,,0.0,0,0,,,0,0,,0.0,,0,0,0,,0,,,,0,0,19-23 hrs,0,,0,0,0,,,0,1.0,0,0,0,0,0.0,,,,0,0,0,,0,0.0,0,0,0,,1,,,,,0,,0.0,,0,0,,0,,0,,0,1,0.0,1,0,,,,1,,0,,,,0,,0,,1,,,,0,,0,0,60.0,0,,0,1,1.0,,,,0,,,,0,0,0,0.0,,0,,,1.0,,,,,,0,,,,0,,0,,,0,0,0,1,0,0,0,,,0,0,0.0,1,,,0.0,,Rachel,0.0,1,,,,1,,,,1,,0,0,0.0,,,,0,,,,1,2.0,,1,0,,,,0.0,0,0,0,,,,,,0,,,,,,,0,0,,,,,,1,0,0,,
10X033,,,,,,0,0,,,0,,0,1.0,,0,0,,,0,0,,,0,0,,,,0,0,0,,0,,,,0,0,,0,,0,0,0,,,0,,0,0,0,0,,,,,1,0,0,,0,0.0,0,0,0,,0,,,,,0,,,,0,0,,0,,0,,0,0,,0,0,,,,0,,0,,,,0,,0,,0,,,,0,,0,0,,0,,0,1,0.0,,,,0,,,,1,0,0,,,0,,,,,,,,,0,,,,0,,0,,0.0,0,0,0,0,0,0,0,,,0,0,,1,,,,,Jessica,,0,,,,0,,,,0,,0,0,,,,,0,,,,0,,,0,0,,,,0.0,0,0,0,,,,,,0,,,,,,,0,0,,,,,,0,0,0,,
06M018,,,,,,0,0,,,0,,0,20.0,,1,0,,4.0,0,0,,,0,0,0.0,2.0,,0,0,0,,0,0.0,,,0,0,19-23 hrs,0,,0,0,0,,,0,1.0,0,0,0,0,0.0,,,,0,0,0,0.0,0,20.0,0,1,0,,1,,,,0.0,0,1.0,3.0,,0,0,,0,0.0,0,,0,0,1.0,1,0,,2.0,,1,,0,,4.0,,1,,0,,1,,,,0,,0,0,25.0,0,,0,1,15.0,,,,0,,,,0,0,0,0.0,,0,,,2.0,,,,,,0,,,,0,,0,,5.0,0,0,0,1,0,0,0,,,0,0,0.0,1,,,3.0,,Erik,0.0,1,0.0,,0.0,1,,0.0,,1,3.0,0,1,3.0,,,0.0,0,,1.0,,1,3.0,,1,0,,,,1.0,1,0,0,19-23 hrs,,2.0,,,0,,0.0,1.0,5.0,,,0,0,,13-18 hrs,,,,1,0,0,,
12X129,,,,,,0,0,,,0,,0,1.0,,1,0,,2.0,0,0,,,0,0,,0.0,,0,0,0,,0,,,,0,0,31+ hrs,0,,0,0,0,,,0,1.0,0,0,0,0,0.0,,,,0,0,0,,0,1.0,0,1,0,,1,,,,,0,,1.0,,1,0,,0,,0,,0,1,1.0,1,0,,,,0,,0,,,,1,,0,,1,,,,0,,0,0,120.0,0,,0,1,1.0,,,,0,,,,0,0,0,0.0,,0,,,0.0,,,,,,0,,,,0,,0,,,0,0,0,0,0,0,0,,,0,0,0.0,1,,,0.0,,Agnes Joy,20.0,1,,,,1,,,,1,,0,0,0.0,,,,0,,,,1,4.0,,1,0,,,,0.0,0,0,0,31+ hrs,,,,,1,,,,,,,0,1,,,,,,0,0,0,,
07X548,,,,,,0,0,,,0,,0,1.0,,0,0,,1.0,0,0,Shakespeare and company,,0,0,,,,0,0,0,,0,,,,0,0,7-12 hrs,0,,0,0,0,,,0,1.0,0,0,0,0,,,,,0,0,0,,0,1.0,0,0,0,,0,,,,,0,,1.0,,0,0,,0,,0,,0,1,0.0,0,0,,,,0,,0,,,,0,,0,,1,,,,0,,0,0,4.0,0,,0,1,1.0,,,,0,,,,0,0,0,0.0,,0,,,0.0,,,,,,0,,,,0,,0,,,0,0,0,0,0,0,0,,,0,0,0.0,1,,,0.0,,Daniel,,0,,,,0,,,,1,,0,0,1.0,,,,0,,,,0,0.0,,0,0,,,,0.0,0,0,0,,,,,,0,,,,,,,1,1,,,,,,1,0,0,,
02M449,,,,,,0,0,,,0,,0,1.0,,1,0,13-18 hrs,3.0,0,0,,,0,0,,,,0,0,0,,0,,,,0,0,24-30 hrs,0,,0,0,0,,,0,1.0,0,0,0,0,,,,,0,0,0,,0,0.0,0,1,0,,1,,,,,0,,1.0,,0,0,,0,,0,,0,0,,0,0,,,,0,,0,,,,1,,0,,1,,,,0,,0,0,25.0,0,,0,1,1.0,,,,0,,,,0,0,0,,,1,,,,,,,,,0,,,,0,,0,,,0,0,0,0,0,0,0,,,0,0,,1,,,,,Zhenya,,1,,,,0,,,,1,,0,0,0.0,,,,0,,,,0,,,0,0,,,,1.0,1,0,0,,,,,,0,,,,,,,0,1,,,,,,1,0,0,,
06M463,,,,,,0,0,,,0,,0,,,0,0,,,0,0,,,0,0,,,,0,0,0,,0,,,,0,0,,0,,0,0,0,,,0,,0,0,0,0,,,,,0,0,0,,0,,0,0,0,,0,,,,,0,,,,0,0,,0,,0,,0,0,,0,0,,,,0,,0,,,,0,,0,,0,,,,0,,0,0,,0,,0,0,,,,,0,,,,0,0,0,,,0,,,,,,,,,0,,,,0,,0,,,0,0,0,0,0,0,0,,,0,0,,0,,,,,Emel,,0,,,,0,,,,0,,0,0,,,,,0,,,,0,,,0,0,,,,,0,0,0,,,,,,0,,,,,,,0,0,,,,,,0,0,0,,
12X511,,,,,,Chaperoning arts education trips,0,,,0,,0,1.0,19-23 hrs,0,0,1-6 hrs,5.0,0,0,,,0,0,,,,0,0,0,,0,,,,0,0,13-18 hrs,0,,0,0,0,,,0,1.0,0,0,0,0,2.0,,,,0,0,0,,0,0.0,0,1,0,,1,,,,,0,,5.0,,1,0,,0,,0,,0,1,1.0,0,0,,,,0,,0,,,,1,,0,,1,,,,0,,0,0,10.0,0,,0,1,0.0,,,,0,,,,0,0,0,1.0,,0,,,3.0,,,,,,0,,,,0,,0,,,0,0,0,1,0,0,0,,,0,0,0.0,1,,,0.0,,Abbee,,1,,,,1,,,,1,,0,0,6.0,,,,0,,,,0,5.0,,0,0,,,,1.0,1,0,0,13-18 hrs,,,,,0,,,,,,,0,1,,,,,,1,0,0,,
02M011,,,22.0,20.0,,Parents lead young artist program during lunch,0,10.0,0.0,0,0.0,0,1.0,31+ hrs,0,0,,16.0,0,0,,0.0,0,0,0.0,,,1,0,0,,0,20.0,0.0,,0,0,31+ hrs,0,,1,0,0,20.0,,0,1.0,0,0,0,1,2.0,,,0.0,0,0,0,0.0,0,,0,1,0,,1,,,,22.0,0,0.0,1.0,,1,0,,0,0.0,0,0.0,1,0,1.0,0,0,0.0,0.0,0.0,1,10.0,0,,0.0,,1,,0,,1,0.0,,,0,,0,0,20.0,0,,0,1,,0.0,22.0,,1,,,,0,0,1,10.0,,0,0.0,,0.0,,,,,22.0,0,,,,0,,0,0.0,0.0,1,0,0,1,0,0,0,,,0,1,0.0,1,,0.0,0.0,,Serena,,0,20.0,,0.0,1,,22.0,,1,0.0,0,0,6.0,,,22.0,1,,0.0,,0,0.0,20.0,0,0,19.0,,19.0,0.0,1,0,1,31+ hrs,,0.0,,,0,,0.0,0.0,0.0,,,0,0,,,0.0,,,0,0,1,,0.0
14K196,,,,,,0,0,,,0,,0,1.0,,1,0,,0.0,0,0,,,0,0,0.0,,,0,0,0,,0,0.0,,,0,0,,0,,0,0,0,,,0,0.0,0,0,0,0,,,,,0,0,0,0.0,0,1.0,0,1,0,,0,,,,0.0,0,10.0,1.0,,0,1,,0,0.0,0,,0,0,0.0,0,0,,10.0,,0,,0,,10.0,,0,,0,,1,,,,0,,0,0,15.0,0,,0,1,1.0,,,,0,,,,0,0,0,0.0,,0,,,1.0,,,,,,0,,,,0,,1,,10.0,0,0,0,1,0,0,0,,,0,0,0.0,1,,,0.0,,,,0,0.0,,0.0,0,,0.0,,0,10.0,0,0,0.0,,,0.0,0,,0.0,,0,1.0,,0,0,,,,0.0,0,0,0,,,10.0,,,0,,0.0,10.0,10.0,,,0,1,,,,,,1,0,0,,
19K507,,,,,,0,0,,,0,,0,1.0,19-23 hrs,1,0,,9.0,0,0,,,0,0,,,,0,0,0,,0,,,,0,0,,0,,0,0,0,,,0,0.0,0,0,0,0,9.0,,,,0,0,0,,0,1.0,0,1,0,,1,,,,,0,,0.0,,1,0,,0,,0,,0,1,2.0,0,0,,,,1,,0,,,,1,,0,,1,,,,0,,0,0,,0,,0,0,1.0,,,,0,,,,0,0,0,0.0,,0,,,0.0,,,,,,0,,,,0,,0,,,0,1,0,1,0,0,0,,,0,0,0.0,1,,,0.0,,Franklin,,1,,,,1,,,,1,,0,0,3.0,,,,0,,,,0,0.0,,0,0,,,,0.0,0,0,0,19-23 hrs,,,,,0,,,,,,,0,0,,,,,,1,0,0,,
06M098,,,0.0,,,0,0,0.0,,0,,0,0.0,,1,0,,3.0,0,0,,0.0,0,0,0.0,,,0,0,0,,0,0.0,,,0,0,,0,,0,0,0,,,0,0.0,0,0,0,0,,,,0.0,0,0,0,0.0,0,0.0,0,0,0,,1,,,,0.0,0,0.0,3.0,,0,1,,0,0.0,0,,0,0,0.0,0,0,0.0,0.0,0.0,0,0.0,0,,0.0,,0,,0,,1,0.0,,,0,,0,0,690.0,0,,0,0,0.0,0.0,,,0,,,,0,0,0,0.0,,1,,,,,,,,0.0,0,,,,0,,0,,0.0,0,0,0,0,0,0,0,,,0,0,,0,,0.0,0.0,,Dafne,,0,0.0,,0.0,1,,0.0,,0,0.0,0,0,,,,0.0,0,,0.0,,0,,0.0,0,0,680.0,,,0.0,0,0,0,,,0.0,,,0,,0.0,0.0,0.0,,,0,0,,,,,,0,0,0,,
13K674,,,,,,0,0,,,0,,0,1.0,,1,0,,4.0,0,0,,,0,0,,,,0,0,0,,0,,,,0,0,,0,,0,0,0,,,0,0.0,0,0,0,0,0.0,,,,0,0,0,,0,3.0,0,0,0,,1,,,,,0,,2.0,,0,0,,0,,0,,0,0,0.0,0,0,,,,1,,0,,,,0,,0,,1,,,,0,,0,0,,0,,0,1,4.0,,,,0,,,,0,0,0,0.0,,0,,,0.0,,,,,,0,,,,0,,0,,,0,0,0,0,0,0,0,,,0,0,0.0,1,,,0.0,,,,0,,,,1,,,,1,,0,0,3.0,,,,0,,,,0,0.0,,0,0,,,,0.0,1,0,0,,,,,,0,,,,,,,0,0,,,,,,0,0,0,,
10X246,,,0.0,0.0,,0,0,0.0,0.0,0,0.0,0,25.0,,1,0,,1.0,0,0,,0.0,0,0,0.0,,,0,0,0,,0,0.0,0.0,,0,0,13-18 hrs,0,,0,0,0,0.0,,0,1.0,0,0,0,0,,,0.0,0.0,0,0,0,0.0,0,25.0,0,0,0,,1,0.0,,,0.0,0,0.0,1.0,,0,0,,0,0.0,0,0.0,0,1,0.0,0,0,0.0,0.0,0.0,1,0.0,0,,0.0,0.0,1,,0,,1,0.0,,,0,,0,0,18.0,0,,0,1,25.0,0.0,0.0,,0,,,,0,0,0,0.0,,0,,,2.0,,,0.0,,0.0,0,,,,0,,0,0.0,0.0,0,0,0,1,0,0,0,,,0,0,0.0,1,,0.0,0.0,,Andrea,,0,0.0,,0.0,1,,0.0,,1,20.0,0,0,1.0,,,0.0,0,,0.0,,0,2.0,0.0,0,0,0.0,,0.0,0.0,0,0,0,,0.0,0.0,,,0,,0.0,0.0,0.0,,,1,0,,,0.0,,,1,0,0,0.0,0.0
02M565,,,,,,0,0,,,0,,0,1.0,,0,0,1-6 hrs,1.0,0,0,,,0,0,,,,0,0,0,,0,,,,0,0,1-6 hrs,0,,0,0,0,,,0,2.0,0,0,0,0,0.0,,,,0,0,0,,0,2.0,0,1,0,,1,,,,,0,,30.0,,1,1,,0,,0,,0,1,0.0,0,0,,,,0,,0,,,,1,,0,,1,,,,0,,0,1,30.0,0,,0,1,2.0,,,,0,,,,0,0,0,,,1,,,0.0,,,,,,0,,,,0,,1,,,0,1,0,0,0,0,0,,,0,0,1.0,1,,,,,Adam,,1,,,,0,,,,0,,0,0,1.0,,,,0,,,,0,1.0,,0,0,,,,0.0,0,0,0,,,,,,0,,,,,,,1,1,,,,,,1,0,0,,
20K187,,,,,,0,0,,,0,,0,1.0,,1,0,1-6 hrs,1.0,0,0,,,0,0,,135.0,,0,0,0,,0,,,,0,0,7-12 hrs,0,,0,0,0,,,0,2.0,0,0,0,0,,,,,0,0,0,,0,,0,1,0,,1,,,,,0,,1.0,,1,0,,0,,0,,0,1,2.0,1,0,,,,0,,0,,,,1,,0,,1,,,,0,,0,0,5.0,0,,0,1,,,,,0,,,,1,0,0,0.0,,0,,,2.0,,,,,,0,,,,0,,0,,,0,1,0,0,0,0,0,,,0,0,1.0,1,,,2.0,,Wilhemina,0.0,1,,,,1,,,,0,,0,1,0.0,,,,0,,,,1,2.0,,1,0,,,,2.0,1,0,0,1-6 hrs,,,,,1,,,,,,,0,1,,1-6 hrs,,,,0,0,0,,
14K380,,,0.0,0.0,,0,0,0.0,0.0,0,0.0,0,,,1,0,,3.0,0,0,,0.0,0,0,0.0,,,0,0,0,,0,0.0,0.0,,0,0,,0,,0,0,0,0.0,0.0,0,0.0,0,0,0,0,0.0,,,0.0,0,0,0,0.0,0,,0,1,0,,0,0.0,,,0.0,0,0.0,10.0,,0,0,,0,0.0,0,0.0,1,1,0.0,0,0,0.0,0.0,0.0,1,0.0,0,,0.0,0.0,1,,0,0.0,1,0.0,,,0,,0,0,50.0,0,,0,1,,0.0,0.0,,0,,,,1,0,0,0.0,,0,0.0,,2.0,,,0.0,,0.0,0,,,,0,,0,0.0,0.0,0,0,0,0,0,0,0,,,0,0,0.0,1,,0.0,0.0,,Patricia,,0,0.0,,0.0,1,,0.0,,1,0.0,0,0,0.0,,,0.0,0,,0.0,,0,0.0,0.0,0,0,0.0,,0.0,0.0,0,0,0,,,0.0,,,0,,0.0,0.0,0.0,,,1,1,,,0.0,,,1,0,0,0.0,0.0
17K181,,,0.0,,,0,0,,,0,,0,,,1,0,,2.0,0,0,,0.0,0,0,2.0,0.0,,0,0,0,,0,0.0,,,0,0,1-6 hrs,0,,0,0,0,26.0,,0,1.0,0,0,0,1,0.0,,,0.0,0,0,0,2.0,0,,0,0,0,,0,,,,0.0,0,0.0,0.0,,0,0,,0,2.0,0,,0,0,1.0,1,0,26.0,0.0,2.0,1,0.0,0,,2.0,,0,,0,,1,0.0,,,0,,0,0,26.0,0,,0,0,,2.0,0.0,,0,,,,0,0,0,0.0,,0,,,0.0,,,,,0.0,0,,,,0,,0,,0.0,0,0,0,0,0,0,0,,,0,0,,0,,,0.0,,,0.0,0,0.0,,0.0,1,,0.0,,1,0.0,0,0,0.0,,,0.0,0,,26.0,,1,0.0,26.0,1,0,0.0,,0.0,2.0,0,0,0,1-6 hrs,,2.0,,,1,,2.0,0.0,0.0,,,0,0,,,,,,0,0,1,,
08X062,,,36.0,12.0,,0,0,21.0,36.0,0,30.0,0,0.0,,1,0,,15.0,0,1,,10.0,1,0,31.0,,,0,0,0,,0,24.0,6.0,,0,0,7-12 hrs,0,,0,0,0,10.0,,0,2.0,0,0,0,0,13.0,,10.0,24.0,0,0,0,26.0,1,1.0,0,0,0,,0,12.0,,,10.0,0,10.0,1.0,,0,0,,0,34.0,0,,1,0,0.0,0,0,30.0,21.0,31.0,1,21.0,0,,36.0,22.0,1,,0,,1,21.0,,,0,,0,0,40.0,0,,0,0,0.0,30.0,10.0,,1,,,,0,0,0,0.0,,0,,,0.0,,,,,10.0,0,,,,0,,0,26.0,85.0,0,0,0,1,0,0,0,,,0,1,0.0,1,,30.0,0.0,,Camille,,0,24.0,,20.0,1,,10.0,,1,20.0,0,0,4.0,,,36.0,0,,22.0,,0,0.0,10.0,0,0,16.0,,16.0,0.0,1,0,1,,19.0,30.0,,,0,,26.0,10.0,21.0,,,1,0,,,36.0,,,1,0,0,,20.0
10X094,,0.0,0.0,0.0,,0,0,0.0,0.0,0,0.0,0,0.0,,1,0,,2.0,0,0,,50.0,0,0,0.0,,20.0,0,0,0,,0,0.0,0.0,0.0,0,0,19-23 hrs,0,,0,0,0,0.0,0.0,0,1.0,0,0,0,0,0.0,,0.0,0.0,0,0,0,0.0,0,0.0,0,0,0,,0,0.0,0.0,50.0,0.0,0,50.0,2.0,0.0,0,0,20.0,0,0.0,0,0.0,0,0,0.0,0,0,0.0,0.0,0.0,1,0.0,0,0.0,0.0,0.0,0,,0,0.0,1,0.0,0.0,,0,0.0,0,0,50.0,0,0.0,0,0,0.0,0.0,0.0,,0,0.0,0.0,,0,0,0,0.0,,0,0.0,50.0,0.0,,,0.0,,0.0,0,,,,0,,0,0.0,0.0,0,0,0,1,0,0,0,,,0,0,0.0,0,,0.0,0.0,0.0,Ellie,,0,0.0,,0.0,0,0.0,0.0,,1,20.0,0,0,0.0,,,0.0,0,,0.0,,0,0.0,0.0,0,0,0.0,0.0,0.0,0.0,1,0,0,,0.0,0.0,,0.0,0,,0.0,50.0,0.0,0.0,,1,0,0.0,,0.0,,0.0,0,0,0,20.0,20.0
01M839,,,,,,0,0,,,0,,0,1.0,,1,0,,2.0,0,0,,,0,0,,0.0,,0,0,0,,0,,,,0,0,,0,,0,0,0,,,0,0.0,0,0,0,0,6.0,,,,0,0,0,,0,0.0,0,1,0,124.0,1,,,,,0,,1.0,,0,1,,0,,0,,0,1,0.0,1,0,,,,0,,0,,,,1,,0,,1,,,,0,,0,0,4.0,0,,0,0,0.0,,,,0,,,,0,0,0,0.0,,0,,,0.0,,,,,,0,,,,0,,0,,,0,0,1,1,0,0,0,,,0,0,0.0,1,,,0.0,,Lisa,0.0,0,,,,0,,,,0,,0,0,0.0,,,,0,,,,0,1.0,,1,0,,,,0.0,0,0,0,,,,,,1,,,,,,,1,0,,,,,,0,0,0,,
09X329,,,,,,0,0,,,0,,0,1.0,,1,0,,5.0,0,0,,,0,0,,,,0,0,0,,0,,,,0,0,7-12 hrs,0,,0,0,0,,,0,1.0,0,0,0,0,,,,,0,0,0,,0,0.0,0,0,0,,1,,,,,0,,5.0,,1,0,,0,,0,,0,1,0.0,0,0,,,,0,,0,,,,0,,0,,1,,,,0,,0,0,90.0,0,,0,0,1.0,,,,0,,,,0,0,0,0.0,,0,,,2.0,,,,,,0,,,,0,,0,,,0,1,0,1,0,0,0,,,0,0,0.0,1,,,0.0,,Alicia,,1,,,,1,,,,1,,0,0,4.0,,,,0,,,,0,5.0,,0,0,,,,1.0,1,0,0,,,,,,0,,,,,,,0,0,,,,,,0,0,0,,
13K046,,,,,,0,0,,,0,,0,,,0,0,1-6 hrs,0.0,0,0,,,0,0,0.0,,,0,0,0,,0,10.0,,,1,0,31+ hrs,0,,0,0,0,,,0,1.0,0,0,0,1,0.0,,,,0,0,0,0.0,1,,0,0,0,,1,,,,0.0,0,0.0,6.0,,1,1,,0,0.0,0,,0,1,1.0,0,0,,0.0,,0,,0,,0.0,,1,,0,,0,,,,0,,0,0,10.0,0,,0,1,,,,,1,,,,0,0,0,2.0,,0,,,1.0,,,,,,0,,,,0,,1,,0.0,0,1,0,0,0,0,0,,,0,1,1.0,1,,,25.0,,Elizabeth,,1,10.0,,0.0,0,,0.0,,0,0.0,0,0,0.0,,,0.0,0,,17.0,,0,2.0,,0,0,,,,1.0,0,0,1,31+ hrs,,0.0,,,0,,0.0,0.0,0.0,,,0,1,,7-12 hrs,,,,1,0,1,,
09X132,,,,,,0,0,,,0,,0,0.0,,1,0,,3.0,0,0,,,0,0,0.0,,,0,0,0,,0,0.0,,,0,0,,0,,0,0,0,,,0,0.0,0,0,0,0,0.0,,,0.0,0,0,0,0.0,0,0.0,0,0,0,,1,,,,0.0,0,0.0,0.0,,0,0,,0,0.0,0,,0,0,0.0,0,0,,0.0,0.0,1,,0,,80.0,,1,,0,,1,0.0,,,0,,0,0,80.0,0,,0,0,0.0,0.0,0.0,,0,,,,0,0,0,0.0,,0,,,10.0,,,,,0.0,0,,,,0,,0,,0.0,0,0,0,1,0,0,0,,,0,0,0.0,0,,,0.0,,Dionisia,,0,0.0,,0.0,1,,0.0,,1,0.0,0,0,10.0,,,0.0,0,,0.0,,0,0.0,,0,0,,,,0.0,0,0,0,,,0.0,,,0,,0.0,0.0,0.0,,,0,0,,,,,,0,0,0,,
13K616,,,,,,0,0,,,0,,0,1.0,,1,0,,0.0,0,0,,,0,0,,,,0,0,0,,0,,,,0,0,19-23 hrs,0,,0,0,0,,,0,1.0,0,0,0,0,4.0,,,,0,0,0,,0,1.0,0,1,0,,1,,,,,0,,1.0,,1,0,,0,,0,,0,1,0.0,0,0,,,,1,,0,,,,0,,0,,1,,,,0,,0,0,3.0,0,,0,1,2.0,,,,0,,,,0,0,0,0.0,,0,,,0.0,,,,,,0,,,,0,,0,,,0,1,0,1,0,0,0,,,0,0,0.0,1,,,0.0,,Janan,,0,,,,1,,,,1,,0,0,0.0,,,,0,,,,0,0.0,,0,0,,,,0.0,1,0,0,,,,,,0,,,,,,,0,1,,,,,,1,0,0,,
02M546,,,,,,0,0,,,0,,0,,,0,0,,0.0,0,0,Little Kids rock,,0,0,,,,0,0,0,,0,,,,0,0,,0,,0,0,0,,,0,0.0,0,0,0,0,1.0,,,,0,0,0,,0,,0,1,0,,1,,,,,0,,0.0,,0,0,,0,,0,,0,1,1.0,0,0,,,,0,,0,,,,0,,0,,1,,,,0,,0,0,1.0,0,,0,1,0.0,,,,0,,,,1,0,0,0.0,,0,,,1.0,,,,,,0,,,,0,,0,,,0,0,0,0,0,0,0,,,0,0,0.0,1,,,0.0,,Seung,,1,,,,1,,,,1,,0,1,0.0,,,,0,,,,0,2.0,,0,0,,,,0.0,1,0,0,1-6 hrs,,,,,0,,,,,,,1,0,,,,,,1,0,0,,
19K660,,,,,,0,0,,,0,,0,0.0,,1,0,24-30 hrs,1.0,0,0,,,0,0,,,,0,0,0,,0,,,,1,0,1-6 hrs,0,,0,0,0,,,0,1.0,0,0,0,0,0.0,,,,0,0,0,,0,0.0,0,1,0,,1,,,,,0,,1.0,,1,0,,0,,0,,0,1,1.0,0,0,,,,1,,0,,,,1,,0,,1,,,,0,,0,0,8.0,0,,0,1,0.0,,,,0,,,,0,0,0,3.0,,0,,,0.0,,,,,,0,,,,0,,0,,,0,1,0,1,0,0,0,,,0,0,0.0,1,,,0.0,,Karen,,1,,,,1,,,,1,,0,0,0.0,,,,0,,,,0,0.0,,0,0,,,,1.0,0,0,0,7-12 hrs,,,,,0,,,,,,,0,1,,,,,,1,0,0,,
19K510,,,,,,0,0,,,0,,0,,,0,0,,0.0,0,0,,,0,0,,,,0,0,0,,0,,,,0,0,19-23 hrs,0,,0,0,0,,,0,1.0,0,0,0,0,0.0,,,,0,0,0,,0,,0,0,0,,1,,,,,0,,1.0,,1,0,,0,,0,,0,1,0.0,0,0,,,,0,,0,,,,0,,0,,1,,,,0,,0,0,16.0,0,,0,0,,,,,0,,,,0,0,0,0.0,,1,,,0.0,,,,,,0,,,,0,,0,,,0,0,0,0,0,0,0,,,0,0,0.0,0,,,0.0,,Tina,,0,,,,0,,,,1,,0,0,0.0,,,,0,,,,0,0.0,,0,0,,,,0.0,0,0,0,,,,,,0,,,,,,,1,1,,,,,,0,0,0,,
08X349,,,,,,0,0,,,0,,0,,,1,0,,4.0,0,0,,,0,0,,,,0,0,0,,0,,,,0,0,1-6 hrs,0,,0,0,0,,,0,1.0,0,0,0,0,,,,,0,0,0,,0,,0,0,0,,1,,,,,0,,0.0,,0,0,,0,,0,,0,1,0.0,0,0,,,,1,,0,,,,1,,0,,1,,,,0,,0,0,,0,,0,0,,,,,0,,,,0,0,0,0.0,,1,,,0.0,,,,,,0,,,,0,,0,,,0,0,0,0,0,0,0,,,0,0,0.0,1,,,0.0,,Gregory,,0,,,,1,,,,1,,0,0,0.0,,,,0,,,,0,0.0,,0,0,,,,0.0,0,0,0,,,,,,0,,,,,,,0,0,,,,,,1,0,0,,
14K685,,,,,,0,0,,,0,,0,1.0,,0,0,,3.0,0,0,El Puente,,0,0,,,,0,0,0,,0,,,,1,0,7-12 hrs,0,,0,0,0,,,0,1.0,0,0,0,0,,,,,0,0,0,,0,0.0,0,1,0,,1,,,,,0,,3.0,,1,0,,0,,0,,0,0,,0,0,,,,0,,0,,,,1,,0,,1,,,,0,,0,0,80.0,0,,0,1,1.0,,,,0,,,,0,0,0,,,1,,,0.0,,,,,,0,,,,0,,0,,,0,0,0,0,0,0,0,,,0,0,,1,,,,,Joe,,0,,,,0,,,,1,,0,0,2.0,,,,0,,,,0,3.0,,0,0,,,,0.0,1,0,0,,,,,,0,,,,,,,1,1,,,,,,1,0,0,,
06M192,,,,,,0,0,,,0,,0,0.0,,1,0,,1.0,0,0,CAW,,0,0,0.0,,,0,0,0,,0,0.0,,,0,0,,0,,0,0,0,,,0,0.0,0,0,0,0,0.0,,,,0,0,0,0.0,0,1.0,0,0,0,,1,,,,0.0,0,0.0,2.0,,0,0,,0,0.0,0,,0,1,1.0,0,0,,0.0,,1,,0,,0.0,,1,,0,,1,,,,0,,0,0,20.0,0,,0,1,0.0,,,,0,,,,1,0,0,0.0,,0,,,0.0,,,,,,0,,,,0,,0,,0.0,0,0,0,1,0,0,0,,,0,0,0.0,0,,,0.0,,Justin,,0,0.0,,0.0,1,,0.0,,1,0.0,0,0,0.0,,,0.0,0,,0.0,,0,2.0,,0,0,,,,0.0,0,0,0,31+ hrs,,0.0,,,0,,0.0,0.0,20.0,,,0,0,,,,,,1,0,0,,
10X434,,,,,,0,0,,,0,,0,1.0,,0,0,,2.0,0,0,,,0,0,,,,0,0,0,,0,,,,0,0,1-6 hrs,0,,0,0,0,,,0,1.0,0,0,0,0,,,,,0,0,0,,0,1.0,0,0,0,,1,,,,,0,,2.0,,1,0,,0,,0,,0,0,1.0,0,0,,,,1,,0,,,,1,,0,,0,,,,0,,0,0,10.0,0,,0,0,1.0,,,,0,,,,0,0,0,,,0,,,4.0,,,,,,0,,,,0,,0,,,0,0,0,1,0,0,0,,,0,0,,1,,,1.0,,Marc,,1,,,,1,,,,0,,0,0,0.0,,,,0,,,,0,4.0,,0,0,,,,0.0,1,0,0,13-18 hrs,,,,,0,,,,,,,0,1,,1-6 hrs,,,,0,0,0,,
02M393,,,,,,0,0,,,0,,0,0.0,,0,0,1-6 hrs,0.0,0,0,,,0,0,,,,0,0,0,,0,,,,0,0,0 hrs,0,,0,0,0,,,0,1.0,0,0,0,0,0.0,,,,0,0,0,,0,0.0,0,0,0,,0,,,,,0,,0.0,,1,0,,0,,0,,0,1,0.0,0,0,,,,0,,0,,,,0,,0,,1,,,,0,,0,0,,0,,0,0,0.0,,,,0,,,,0,0,0,0.0,,0,,,0.0,,,,,,0,,,,0,,0,,,0,0,0,0,0,0,0,,,0,0,0.0,0,,,0.0,,Jillian,,0,,,,0,,,,1,,0,0,0.0,,,,0,,,,0,0.0,,0,0,,,,0.0,0,0,0,,,,,,0,,,,,,,1,1,,,,,,0,0,0,,
10X080,,,,,,0,0,,,0,,0,,,0,0,,3.0,0,0,Scarsdale Strings,,0,0,,160.0,,0,0,0,,0,,,,0,0,,0,,0,0,0,,,0,0.0,0,0,0,0,,,,,0,0,0,,0,,0,0,0,25.0,1,,,,,0,,3.0,,0,0,,0,,0,,0,0,0.0,1,0,,,,0,,0,,,,1,,0,,1,,,,0,,0,0,60.0,0,,0,0,,,,,0,,,,0,0,0,0.0,,0,,,,,,,,,0,,,,0,,0,,,0,0,1,1,0,0,0,,,0,0,0.0,0,,,0.0,,Kenyatta,0.0,0,,,,1,,,,1,,0,0,,,,,0,,,,0,3.0,,1,0,,,,0.0,0,0,0,,,,,,1,,,,,,,0,0,,,,,,0,0,0,,
03M256,,,,,,0,0,,,0,,0,3.0,,1,0,,3.0,0,0,,,0,0,,35.0,,0,0,0,,0,,,,0,0,7-12 hrs,0,,0,0,0,,,0,1.0,0,0,0,0,,,,,0,0,0,,0,1.0,0,0,0,,1,,,,,0,,0.0,,0,0,,0,,0,,0,0,1.0,1,0,,,,0,,0,,,,1,,0,,1,,,,0,,0,0,20.0,0,,0,1,2.0,,,,0,,,,0,0,0,0.0,,1,,,2.0,,,,,,0,,,,0,,0,,,0,0,0,0,0,0,0,,,0,0,0.0,1,,,0.0,,Marde,40.0,1,,,,0,,,,1,,0,0,1.0,,,,0,,,,1,3.0,,1,0,,,,1.0,0,0,0,7-12 hrs,,,,,1,,,,,,,1,1,,,,,,1,0,0,,
03M087,,,50.0,50.0,,"Grant team, art show committee, drama production volunteers, musical performance volunteers, dance performance volunteers",0,50.0,50.0,0,50.0,0,,7-12 hrs,0,0,7-12 hrs,20.0,0,0,,0.0,1,0,0.0,,,0,0,0,,0,50.0,50.0,,0,0,19-23 hrs,0,,0,0,0,,,0,1.0,0,0,0,1,10.0,,,50.0,0,0,0,0.0,0,,0,1,0,,1,,,,50.0,0,0.0,1.0,,1,0,,0,0.0,0,,1,1,1.0,0,0,50.0,50.0,0.0,0,50.0,0,,50.0,,1,,0,,0,50.0,,,0,,0,0,12.0,0,,0,1,0.0,50.0,50.0,,0,,,,1,0,1,5.0,,0,,,5.0,,,,,50.0,0,,,,0,,0,0.0,120.0,0,1,0,0,0,1,0,,,0,0,0.0,1,,50.0,5.0,,Lucy,,1,50.0,,50.0,0,,50.0,,0,50.0,0,1,0.0,,,50.0,0,,50.0,,0,30.0,50.0,0,0,50.0,,,1.0,1,0,1,7-12 hrs,,50.0,,,0,,0.0,0.0,50.0,,,0,1,,7-12 hrs,50.0,,,1,0,0,,50.0
08X130,,,0.0,,,0,0,0.0,,0,0.0,0,1.0,,1,0,,2.0,0,0,,8.0,0,0,0.0,,,0,0,0,,0,0.0,,,0,0,24-30 hrs,0,,0,0,0,0.0,,0,1.0,0,0,0,1,0.0,,,0.0,0,0,0,0.0,1,0.0,0,0,0,,1,,,,0.0,0,8.0,12.0,,1,0,,0,0.0,0,,0,1,,0,0,0.0,8.0,0.0,1,0.0,0,,8.0,,1,,0,,1,8.0,,,0,,0,0,4.0,0,,0,1,1.0,0.0,,,0,,,,0,0,0,0.0,,0,,,1.0,,,,,0.0,0,,,,0,,0,,0.0,0,1,0,0,0,0,0,,,0,0,,1,,0.0,0.0,,Sheila,,0,0.0,,0.0,1,,0.0,,1,8.0,0,0,2.0,,,0.0,0,,0.0,,0,9.0,0.0,0,0,0.0,,0.0,0.0,0,0,0,,,0.0,,,0,,0.0,8.0,8.0,,,0,0,,,,,,1,0,0,,
07X221,,,,,,0,0,,,0,,0,4.0,,1,0,1-6 hrs,0.0,0,0,,,0,0,,0.0,,0,0,0,,0,,,,0,0,1-6 hrs,0,,0,0,0,,,0,2.0,0,0,0,0,0.0,,,,0,0,0,,0,4.0,0,0,0,,1,,,,,0,,1.0,,0,0,,0,,0,,0,0,1.0,1,0,,,,0,,0,,,,1,,0,,1,,,,0,,0,0,6.0,0,,0,0,0.0,,,,0,,,,0,0,0,0.0,,0,,,0.0,,,,,,0,,,,0,,0,,,0,0,0,1,0,0,0,,,0,0,0.0,1,,,0.0,,Binta,25.0,0,,,,0,,,,1,,0,0,0.0,,,,0,,,,1,0.0,,1,0,,,,0.0,1,0,0,1-6 hrs,,,,,0,,,,,,,0,0,,,,,,0,0,0,,
17K091,,,,,,0,0,,,0,,0,0.0,,1,0,,1.0,0,0,Pupperty in Practice,,0,0,0.0,,,0,0,0,,0,0.0,,,0,0,,0,,0,0,0,,,0,0.0,0,0,0,0,0.0,,,,0,0,0,0.0,0,0.0,0,1,0,,1,,,,0.0,0,16.0,1.0,,0,0,,0,0.0,0,,0,1,0.0,0,0,,20.0,0.0,0,,0,,20.0,,1,,0,,1,20.0,,,0,,0,0,17.0,0,,0,1,0.0,0.0,,,0,,,,0,0,0,0.0,,0,,,0.0,,,,,,0,,,,0,,1,,40.0,0,0,0,1,0,0,0,,,0,0,0.0,1,,,0.0,,Jonnie,,0,0.0,,0.0,0,,0.0,,1,0.0,0,0,0.0,,,0.0,0,,0.0,,0,2.0,,0,0,,,,0.0,1,0,0,,,0.0,,,0,,0.0,16.0,20.0,,,0,0,,,,,,1,0,0,,
11X108,,,0.0,,,0,0,,27.0,0,0.0,0,0.0,,0,0,,4.0,0,0,Inside Broadway,,0,0,0.0,,,0,0,0,,0,0.0,,,0,0,19-23 hrs,0,,0,0,0,,,0,1.0,0,0,0,0,0.0,,,0.0,1,0,0,0.0,0,0.0,0,0,0,,1,,,,0.0,0,30.0,2.0,,0,0,,0,0.0,0,,0,1,0.0,0,0,0.0,30.0,0.0,1,0.0,0,,27.0,,1,,0,,1,30.0,,,0,,0,0,32.0,0,,0,0,0.0,0.0,0.0,,1,,,,0,0,0,0.0,,0,,,0.0,,,,,0.0,0,,,,0,,0,,0.0,0,0,0,1,0,0,0,,,0,1,0.0,1,,,0.0,,Susan,,0,0.0,,0.0,1,,0.0,,1,30.0,0,1,0.0,,,0.0,0,,0.0,,0,2.0,,0,0,,,,0.0,0,0,1,,,0.0,,,0,,0.0,30.0,30.0,,,0,0,,,,,,0,0,0,,
07X277,,,,,,0,0,,,0,,0,1.0,,1,0,1-6 hrs,1.0,0,1,,,1,0,0.0,,,0,0,0,,0,0.0,,,0,0,,0,,0,0,0,,,0,0.0,0,0,0,0,0.0,,,,1,0,0,0.0,0,0.0,0,0,0,,1,,,,0.0,0,20.0,2.0,,0,1,,0,0.0,0,,0,1,1.0,0,0,,20.0,,0,,0,,20.0,,1,,0,,1,,,,0,,0,0,30.0,0,,0,1,0.0,,,,0,,,,0,0,0,1.0,,0,,,0.0,,,,,,0,,,,0,,0,,120.0,0,0,0,1,0,0,0,,,0,0,0.0,0,,,,,,,0,0.0,,0.0,0,,0.0,,0,20.0,0,0,1.0,,,0.0,0,,0.0,,0,3.0,,0,0,,,,0.0,1,0,0,19-23 hrs,,0.0,,,0,,0.0,20.0,20.0,,,0,0,,,,,,0,0,0,,
03M245,,,,,,0,0,,,0,,0,,,1,0,1-6 hrs,1.0,0,0,Ballroom Basix,,0,0,,10.0,,0,0,0,,0,,,,0,0,7-12 hrs,0,,0,0,0,,,0,3.0,0,0,0,0,,,,,0,0,0,,0,,0,0,0,,1,,,,,0,,1.0,,0,0,,0,,0,,0,1,0.0,1,0,,,,1,,0,,,,1,,0,,1,,,,0,,0,0,10.0,0,,0,1,,,,,0,,,,0,0,0,10.0,,0,,,1.0,,,,,,0,,,,0,,0,,,0,0,0,1,0,0,0,,,0,0,0.0,1,,,10.0,,Jessica,10.0,0,,,,1,,,,1,,0,0,0.0,,,,0,,,,1,2.0,,1,0,,,,0.0,1,0,0,,,,,,1,,,,,,,0,1,,1-6 hrs,,,,0,0,0,,
17K532,,,,,,We have Parent Arts Nights in which the parents learn Art/Music/Dance skills.,0,,,0,,0,0.0,13-18 hrs,0,0,,3.0,0,0,,,0,0,0.0,,,0,0,0,,0,0.0,,,0,0,13-18 hrs,0,,0,0,0,,,0,1.0,0,0,0,1,0.0,,,,0,0,0,0.0,0,0.0,0,0,0,,0,,,,0.0,0,0.0,3.0,,0,0,,0,0.0,0,,0,1,2.0,0,0,,0.0,,0,,0,,0.0,,1,,0,,1,,,,0,,0,0,,0,,0,0,0.0,,,,1,,,,0,0,0,,,0,,,3.0,,,,,,0,,,,0,,0,,0.0,0,0,0,0,0,0,0,,,0,1,0.0,0,,,25.0,,Kevyn,,0,0.0,,0.0,0,,0.0,,1,0.0,0,0,2.0,,,0.0,0,,0.0,,0,3.0,,0,0,,,,2.0,0,0,0,13-18 hrs,,0.0,,,0,,0.0,0.0,0.0,,,1,1,,1-6 hrs,,,,0,0,0,,
15K443,,,,,,0,0,,,0,,0,,1-6 hrs,1,0,,4.0,0,0,,,0,0,,0.0,,0,0,0,,0,,,,1,0,1-6 hrs,0,,0,0,0,,,0,2.0,0,0,0,0,1.0,,,,0,0,0,,0,,0,1,0,30.0,1,,,,,0,,2.0,,1,0,,0,,0,,0,1,2.0,0,0,,,,1,,0,,,,1,,0,,1,,,,0,,0,0,5.0,0,,0,1,,,,,0,,,,0,0,0,0.0,,1,,,1.0,,,,,,0,,,,0,,0,,,0,1,1,0,0,0,0,,,0,0,,1,,,0.0,,Laurie,0.0,1,,,,1,,,,1,,0,0,2.0,,,,0,,,,0,4.0,,1,0,,,,2.0,0,0,0,1-6 hrs,,,,,1,,,,,,,0,1,,,,,,0,0,0,,
02M296,,,,,,0,0,,,0,,0,0.0,,0,0,,0.0,0,0,,,0,0,,,,0,0,0,,0,,,,0,0,19-23 hrs,0,,0,0,0,,,0,2.0,0,0,0,0,0.0,,,,0,0,0,,0,0.0,0,0,0,,1,,,,,0,,1.0,,1,0,,0,,0,,0,1,0.0,0,0,,,,1,,0,,,,1,,0,,0,,,,0,,0,0,3.0,0,,0,0,0.0,,,,0,,,,0,0,0,0.0,,1,,,0.0,,,,,,0,,,,0,,0,,,0,1,0,0,0,0,0,,,0,0,0.0,1,,,0.0,,Bridget,,0,,,,1,,,,1,,0,0,0.0,,,,0,,,,0,0.0,,0,0,,,,0.0,0,0,0,,,,,,0,,,,,,,0,1,,,,,,1,0,0,,
02M500,,,,,,0,0,,,0,,0,1.0,,1,0,,2.0,0,0,,,0,0,,,,0,0,0,,0,,,,1,0,31+ hrs,0,,0,0,0,,,0,1.0,0,0,0,0,0.0,,,,0,0,0,,0,0.0,0,1,0,,0,,,,,0,,1.0,,0,0,,0,,0,,0,0,1.0,0,0,,,,1,,0,,,,0,,0,,1,,,,0,,0,0,40.0,0,,0,1,0.0,,,,0,,,,1,0,0,0.0,,1,,,0.0,,,,,,0,,,,0,,0,,,0,0,0,0,0,0,0,,,0,0,0.0,1,,,1.0,,Alicia,,1,,,,1,,,,1,,0,1,0.0,,,,0,,,,0,2.0,,0,0,,,,1.0,0,0,0,31+ hrs,,,,,0,,,,,,,0,1,,31+ hrs,,,,0,0,0,,
21K281,,,,,,0,0,,,0,,1,0.0,19-23 hrs,1,0,7-12 hrs,5.0,0,0,,,0,0,,125.0,,0,0,0,,0,,,,0,0,19-23 hrs,0,,0,0,0,,,0,1.0,0,0,0,0,0.0,,,,0,0,0,,0,0.0,0,1,0,,1,,,,,0,,2.0,,1,0,,0,,0,,0,1,2.0,1,0,,,,1,,0,,,,1,,0,,1,,,,0,,0,0,30.0,0,,0,1,0.0,,,,0,,,,0,0,0,0.0,,0,,,5.0,,,,,,0,,,,0,,0,,,0,0,0,1,0,0,0,,,0,0,0.0,1,,,0.0,,Kevin,0.0,1,,,,1,,,,1,,0,1,5.0,,,,0,,,,0,5.0,,0,0,,,,2.0,0,0,0,19-23 hrs,,,,,1,,,,,,,0,1,,,,,,1,0,0,,
14K147,,,,,,0,0,,,0,,0,0.0,,1,0,,3.0,0,0,,,0,0,0.0,,,0,0,0,,0,14.0,,,0,0,7-12 hrs,0,,0,0,0,,,0,1.0,0,0,0,1,0.0,,,,1,0,0,0.0,0,1.0,0,0,0,,1,,,,8.0,0,0.0,2.0,,0,1,,0,0.0,0,,0,1,1.0,0,0,,0.0,,1,,0,,0.0,,1,,0,,1,,,,0,,0,0,8.0,0,,0,1,1.0,,,,1,,,,0,0,0,,,1,,,0.0,,,,,,0,,,,0,,0,,0.0,0,0,0,0,0,0,0,,,0,1,,1,,,,,Nadine,,0,9.0,,12.0,0,,8.0,,0,31.0,0,0,3.0,,,0.0,0,,0.0,,0,5.0,,0,0,,,,0.0,1,0,1,0 hrs,,0.0,,,0,,0.0,0.0,0.0,,,1,0,,,,,,0,0,1,,
10X310,,,0.0,4.0,,0,0,0.0,0.0,0,0.0,0,0.0,,1,0,,7.0,0,0,New York City children's theater,8.0,0,0,0.0,,,0,0,0,,0,4.0,4.0,,0,0,,0,,1,0,0,,,0,0.0,0,0,0,1,0.0,,,4.0,0,0,0,4.0,0,0.0,0,1,0,,1,,,,0.0,0,8.0,3.0,,1,0,,0,0.0,0,,1,1,1.0,0,0,6.0,4.0,0.0,1,0.0,0,,0.0,0.0,1,,0,,1,4.0,,,0,,0,1,6.0,0,,0,1,0.0,0.0,,,1,,,,0,0,1,0.0,,1,,,3.0,,,,,0.0,0,,,,0,,0,4.0,4.0,0,0,0,0,0,0,0,,,0,1,0.0,1,,6.0,0.0,,Jill,,0,4.0,,0.0,1,,0.0,,1,8.0,0,0,0.0,,,0.0,0,,6.0,,0,5.0,0.0,0,0,0.0,,,0.0,1,0,0,,,0.0,,,0,,4.0,8.0,4.0,,,0,1,,,0.0,,,1,0,0,,
04M112,,,,0.0,,0,0,,40.0,0,0.0,0,23.0,1-6 hrs,0,0,,3.0,0,0,,,0,0,0.0,,,0,0,0,,0,0.0,0.0,,0,0,,0,,0,0,0,,,0,0.0,0,0,0,0,0.0,,,0.0,0,0,0,0.0,0,23.0,0,0,0,,1,0.0,,,,0,,3.0,,0,0,,0,0.0,0,,0,0,1.0,0,0,,40.0,0.0,1,,0,,40.0,0.0,1,,0,,0,40.0,,,0,,0,0,40.0,0,,0,0,,0.0,,,0,,,,0,0,0,,,0,,,3.0,,,,,,0,,,,0,,0,0.0,0.0,0,0,0,1,0,0,0,,,0,0,0.0,1,,,0.0,,Hannah,,0,0.0,,,1,,,,0,,0,0,2.0,,,,0,,,,0,2.0,,0,0,,,,0.0,0,0,0,1-6 hrs,,0.0,,,0,,0.0,,40.0,,,1,0,,,40.0,,,1,0,0,,
22K207,,,0.0,,,0,0,0.0,0.0,0,0.0,0,1.0,,1,0,31+ hrs,1.0,0,1,Millennium,0.0,1,0,0.0,0.0,,0,0,0,,0,0.0,,,0,0,31+ hrs,0,,0,0,0,0.0,,0,1.0,0,0,0,1,0.0,,0.0,0.0,0,0,0,0.0,1,1.0,0,1,0,,1,,,,0.0,0,0.0,1.0,,1,0,,0,0.0,0,0.0,0,1,1.0,1,0,0.0,0.0,0.0,0,0.0,0,,0.0,,1,,0,,1,0.0,,,0,,0,0,500.0,0,,0,1,1.0,0.0,0.0,,0,,,,0,0,1,0.0,,1,,,3.0,,,,,0.0,0,,,,0,,0,,0.0,0,1,0,0,0,0,0,,,0,0,0.0,1,,0.0,0.0,,Michele,0.0,1,0.0,,0.0,0,,0.0,,1,0.0,0,1,0.0,,,0.0,1,,0.0,,1,2.0,0.0,1,0,0.0,,0.0,0.0,1,0,0,31+ hrs,0.0,0.0,,,1,,0.0,0.0,0.0,,,1,1,,,,,,1,0,1,,
10X331,,,,,,0,0,,,0,,0,1.0,24-30 hrs,1,0,,6.0,0,0,,,0,0,,0.0,,0,0,0,,0,,,,0,0,24-30 hrs,0,,0,0,0,,,0,1.0,0,0,0,0,,,,,0,0,0,,0,0.0,0,1,0,,1,,,,,0,,4.0,,1,0,,0,,0,,0,1,0.0,1,0,,,,1,,0,,,,1,,0,,1,,,,0,,0,0,100.0,0,,0,1,1.0,,,,0,,,,0,0,0,0.0,,0,,,2.0,,,,,,0,,,,0,,0,,,0,1,0,1,0,0,0,,,0,0,0.0,1,,,0.0,,Serapha,160.0,1,,,,1,,,,1,,0,0,3.0,,,,0,,,,0,0.0,,1,0,,,,0.0,0,0,0,,,,,,1,,,,,,,0,1,,,,,,1,0,0,,
07X551,,,,,,0,0,,,0,,0,,,1,0,,8.0,0,0,,,0,0,,0.0,,0,0,0,,0,,,,0,0,1-6 hrs,0,,0,0,0,,,0,1.0,0,0,0,0,6.0,,,,0,0,0,,0,,0,1,0,,0,,,,,0,,2.0,,1,1,,0,,0,,0,0,0.0,1,0,,,,1,,0,,,,1,,0,,1,,,,0,,0,0,5.0,0,,0,1,,,,,0,,,,1,0,0,0.0,,0,,,2.0,,,,,,0,,,,0,,1,,,0,0,0,1,0,0,0,,,0,0,0.0,1,,,0.0,,Brandon,20.0,0,,,,1,,,,0,,0,0,6.0,,,,0,,,,1,3.0,,1,0,,,,0.0,0,0,0,,,,,,0,,,,,,,0,0,,,,,,1,0,0,,
22K240,,,,,,0,0,,,0,,0,,,1,0,1-6 hrs,1.0,0,0,,,0,0,,15.0,,0,0,0,,0,,,,0,0,19-23 hrs,0,,0,0,0,,,0,1.0,0,0,0,0,0.0,,,,0,0,0,,0,1.0,0,0,0,,0,,,,,0,,0.0,,0,0,,0,,0,,0,0,2.0,1,0,,,,1,,0,,,,1,,0,,1,,,,0,,0,0,1.0,0,,0,0,,,,,0,,,,0,0,0,0.0,,0,,,0.0,,,,,,0,,,,0,,0,,,0,0,0,1,0,0,0,,,0,0,0.0,1,,,0.0,,Denise,0.0,0,,,,1,,,,1,,0,0,0.0,,,,0,,,,1,0.0,,1,0,,,,0.0,0,0,0,19-23 hrs,,,,,0,,,,,,,0,0,,,,,,1,0,0,,
12X383,,,,,,0,0,,,0,,0,,,1,0,,1.0,0,0,,,0,0,,0.0,,0,0,0,,0,,,,1,0,1-6 hrs,0,,0,0,0,,,0,1.0,0,0,0,0,,,,,0,0,0,,0,0.0,0,1,0,,1,,,,,0,,1.0,,1,0,,0,,0,,0,1,1.0,1,0,,,,0,,0,,,,1,,0,,0,,,,0,,0,0,,0,,0,0,1.0,,,,0,,,,0,0,0,,,1,,,1.0,,,,,,0,,,,0,,1,,,0,0,0,0,0,0,0,,,0,0,0.0,1,,,,,Tracey,0.0,0,,,,0,,,,0,,0,0,1.0,,,,0,,,,1,,,1,0,,,,1.0,0,0,0,7-12 hrs,,,,,0,,,,,,,0,1,,,,,,0,0,0,,
13K483,,,,,,0,0,,,0,,0,1.0,,1,0,,3.0,0,0,,,0,0,,,,0,0,0,,0,,,,0,0,,0,,0,0,0,,,0,0.0,0,0,0,0,2.0,,,,0,0,0,,0,1.0,0,1,0,,1,,,,,0,,4.0,,1,1,,0,,0,,0,1,0.0,0,0,,,,1,,0,,,,1,,0,,0,,,,0,,0,0,20.0,0,,0,1,2.0,,,,0,,,,1,0,0,0.0,,0,,,9.0,,,,,,0,,,,0,,0,,,0,0,0,1,0,0,0,,,0,0,0.0,1,,,0.0,,Suzette,,0,,,,1,,,,0,,0,0,6.0,,,,0,,,,0,3.0,,0,0,,,,0.0,1,0,0,,,,,,0,,,,,,,0,1,,,,,,1,0,0,,
14K016,,,,,,0,0,,,0,,0,15.0,,1,0,,5.0,0,0,,,0,0,0.0,,,0,0,0,,0,0.0,,,0,0,,0,,0,0,0,,,0,,0,0,0,0,,,,,0,0,0,0.0,1,0.0,0,0,0,,0,,,,20.0,0,0.0,5.0,,0,0,,0,0.0,0,,0,0,1.0,0,0,,0.0,,0,,0,,0.0,,0,,0,,1,,,,0,,0,0,,0,,0,1,1.0,,,,0,,,,0,0,0,,,1,,,5.0,,,,,,0,,,,0,,0,,0.0,0,0,0,0,0,0,0,,,0,0,,0,,,,,Priscilla,,0,0.0,,0.0,0,,20.0,,1,0.0,0,0,0.0,,,0.0,0,,0.0,,0,10.0,,0,0,,,,1.0,0,0,0,7-12 hrs,,0.0,,,0,,0.0,0.0,0.0,,,0,0,,,,,,0,0,0,,
06M348,,,,,,0,0,,,0,,0,1.0,1-6 hrs,1,0,,2.0,0,0,,,0,0,0.0,0.0,,0,0,0,,0,,,,0,0,31+ hrs,0,,0,0,0,,,0,2.0,0,0,0,0,0.0,,,,0,0,0,,0,0.0,0,1,0,,1,,,,,0,,5.0,,1,1,,0,0.0,0,,0,1,2.0,1,0,,0.0,,0,,0,,0.0,,1,,0,,0,,,,0,,0,0,60.0,0,,0,1,1.0,,,,0,,,,0,0,0,,,1,,,13.0,,,,,,0,,,,0,,1,,1.0,0,0,0,0,0,0,0,,,0,0,,1,,,,,Graham,1.0,1,0.0,,,0,,,,0,,0,0,0.0,,,,0,,,,1,15.0,,1,0,,,,0.0,0,0,0,31+ hrs,,1.0,,,0,,0.0,,0.0,,,0,1,,,,,,1,0,0,,
05M514,,,,,,0,0,,,0,,0,,7-12 hrs,1,0,1-6 hrs,3.0,0,0,Girl Be Heard,,0,0,,10.0,,0,0,0,,0,,,,0,0,,0,,0,0,0,,,0,0.0,0,0,0,0,0.0,,,,0,0,0,,0,,0,1,0,,0,,,,,0,,1.0,,0,0,,0,,0,,0,1,0.0,1,0,,,,1,,0,,,,0,,0,,1,,,,0,,0,0,80.0,0,,0,1,,,,,0,,,,0,0,0,0.0,,0,,,0.0,,,,,,0,,,,0,,0,,,0,1,0,0,0,0,0,,,0,0,0.0,1,,,0.0,,Francesca,54.0,0,,,,1,,,,1,,0,0,0.0,,,,0,,,,0,0.0,,1,0,,,,0.0,1,0,0,,,,,,0,,,,,,,0,0,,,,,,0,0,0,,
16K005,,,,,,0,0,,,0,,0,1.0,,1,0,,4.0,0,1,Chris Cooper,,1,0,0.0,,,0,0,0,,0,,,,0,0,,0,,0,0,0,,,0,0.0,0,0,0,0,0.0,,,,1,0,0,,0,1.0,0,1,0,,0,,,,,0,40.0,3.0,,0,0,,0,0.0,0,,0,0,0.0,0,0,,0.0,,0,,0,,0.0,,0,,0,,0,,,,0,,0,0,40.0,0,,0,1,0.0,,,,0,,,,1,0,0,0.0,,1,,,0.0,,,,,,0,,,,0,,0,,0.0,0,0,0,0,0,0,0,,,0,0,0.0,1,,,0.0,,Kesha,,0,40.0,,,0,,40.0,,0,0.0,0,0,2.0,,,0.0,0,,0.0,,0,2.0,,0,0,,,,0.0,0,0,0,,,0.0,,,0,,0.0,40.0,0.0,,,0,1,,,,,,1,0,0,,
10X226,,,50.0,,,0,0,50.0,70.0,0,90.0,0,2.0,,0,0,,6.0,0,1,,50.0,1,0,70.0,,,0,0,0,,0,80.0,,,0,0,13-18 hrs,0,,0,0,0,,,0,1.0,0,0,0,0,0.0,,,80.0,0,0,0,70.0,1,1.0,0,1,0,,0,,,,50.0,0,50.0,1.0,,0,0,,0,70.0,0,,0,1,0.0,0,0,50.0,80.0,70.0,0,50.0,0,,70.0,,0,,0,,1,80.0,,,0,,0,0,30.0,0,,0,0,1.0,90.0,50.0,,0,,,,0,0,1,0.0,,0,,,0.0,,,,,50.0,0,,,,0,,0,,80.0,0,0,0,1,0,0,0,,,0,0,0.0,1,,50.0,0.0,,Geraldine,,0,80.0,,30.0,0,,50.0,,1,60.0,0,0,0.0,,,50.0,1,,30.0,,0,0.0,45.0,0,0,15.0,,,1.0,0,0,1,,,90.0,,,0,,70.0,50.0,80.0,,,0,1,,,,,,0,0,0,,
05M286,,,,,,0,0,,,0,,0,0.0,,1,0,7-12 hrs,0.0,0,0,,,0,0,,180.0,,0,0,0,,0,,,,1,0,7-12 hrs,0,,0,0,0,,,0,1.0,0,0,0,0,,,,,0,0,0,,0,1.0,0,0,0,,1,,,,,0,,1.0,,0,0,,0,,0,,0,1,0.0,1,0,,,,1,,0,,,,0,,0,,1,,,,0,,0,0,20.0,0,,0,1,1.0,,,,0,,,,0,0,0,0.0,,1,,,6.0,,,,,,0,,,,0,,0,,,0,0,0,0,0,0,0,,,0,0,0.0,1,,,0.0,,Gaudi,0.0,0,,,,1,,,,1,,0,0,1.0,,,,0,,,,1,3.0,,1,0,,,,0.0,1,0,0,,,,,,1,,,,,,,0,0,,,,,,0,0,0,,
14K084,,,0.0,,,0,0,0.0,,0,,0,0.0,,1,0,,3.0,0,1,,,1,0,0.0,0.0,,0,0,0,,0,0.0,,,0,0,31+ hrs,0,,0,0,0,,,0,2.0,0,0,0,1,0.0,,,0.0,0,0,0,10.0,1,25.0,0,0,0,,1,,,,20.0,0,0.0,1.0,,1,0,,0,0.0,0,,0,1,2.0,1,0,0.0,0.0,0.0,1,0.0,0,,0.0,,1,,0,,1,0.0,,,0,,0,0,35.0,0,,0,1,1.0,0.0,20.0,,0,,,,0,0,0,12.0,,0,,,2.0,,,0.0,,20.0,0,,,,0,,0,,0.0,0,1,0,1,0,0,0,,,0,0,,1,,0.0,,,Gina,0.0,0,0.0,,0.0,1,,20.0,,1,35.0,0,0,4.0,,,0.0,0,,0.0,,1,6.0,,1,0,,,,0.0,1,0,0,31+ hrs,,0.0,,,0,,10.0,0.0,0.0,,,0,1,,,,,,0,0,0,35.0,35.0
09X413,,,,,,0,0,,,0,,0,0.0,,0,0,,,0,0,Arthur Miller Fellowship,,0,0,,0.0,,0,0,0,,0,,,,0,0,7-12 hrs,0,,0,0,0,,,0,1.0,0,0,0,0,,,,,0,0,0,,0,1.0,0,0,0,,0,,,,,0,,1.0,,1,0,,0,,0,,0,0,0.0,1,0,,,,1,,0,,,,1,,0,,1,,,,0,,0,0,10.0,0,,0,1,0.0,,,,0,,,,0,0,0,,,0,,,,,,,,,0,,,,0,,0,,,0,0,0,0,0,1,0,,,0,0,0.0,1,,,,,Shirley,0.0,0,,,,1,,,,1,,0,0,,,,,0,,,,1,,,1,0,,,,0.0,0,0,0,,,,,,0,,,,,,,0,1,,,,,,1,0,0,,
18K567,,,,,,Attended professional arts events alongside their students,0,,,0,,0,1.0,,1,0,1-6 hrs,0.0,0,0,,,0,0,,,,0,0,0,,0,,,,0,0,,0,,0,0,0,,,0,0.0,0,0,0,0,1.0,,,,0,0,0,,0,2.0,0,0,0,,1,,,,,0,,1.0,,1,0,,0,,0,,0,1,0.0,0,0,,,,0,,0,,,,1,,0,,1,,,,0,,0,0,25.0,0,,0,0,1.0,,,,0,,,,0,0,0,0.0,,0,,,0.0,,,,,,0,,,,0,,0,,,0,1,0,1,0,0,0,,,0,0,0.0,1,,,0.0,,Danielle,,0,,,,1,,,,1,,0,0,1.0,,,,0,,,,0,0.0,,0,0,,,,0.0,1,0,0,,,,,,0,,,,,,,1,0,,,,,,0,0,0,,
09X204,,,0.0,,,0,0,0.0,11.0,0,0.0,0,0.0,,1,0,,1.0,0,0,,11.0,0,0,0.0,,,0,0,0,,0,0.0,,,0,0,,0,,0,0,0,,,0,0.0,0,0,0,0,0.0,,,0.0,0,0,0,0.0,0,0.0,0,0,0,,1,,,,15.0,0,11.0,25.0,,0,0,,0,0.0,0,0.0,0,1,1.0,0,0,0.0,11.0,0.0,1,0.0,0,,11.0,,0,,0,,1,11.0,,,0,,0,0,11.0,0,,0,0,0.0,0.0,15.0,,0,,,,0,0,0,12.0,,0,,,2.0,,,,,15.0,0,,,,0,,0,,0.0,0,0,0,1,0,0,0,,,0,0,0.0,0,,0.0,,,Patricia,,0,0.0,,0.0,1,,15.0,,1,11.0,0,0,0.0,,,0.0,0,,0.0,,0,0.0,15.0,0,0,0.0,,,0.0,1,0,0,1-6 hrs,,0.0,,,0,,0.0,11.0,11.0,,,0,1,,,,,,0,0,0,,11.0
10X368,,,,,,PTA art workshops,0,,,0,,0,,,1,0,,0.0,0,0,,,0,0,,0.0,,0,0,0,,0,,,,0,0,7-12 hrs,0,,0,0,0,,,0,2.0,0,0,0,0,1.0,,,,0,0,0,,0,0.0,0,1,0,,0,,,,,0,,4.0,,1,0,,0,,0,,0,1,1.0,1,0,,,,1,,0,,,,1,,0,,1,,,,0,,0,0,12.0,0,,0,1,1.0,,,,0,,,,0,0,0,0.0,,0,,,0.0,,,,,,0,,,,0,,0,,,0,1,0,0,0,0,0,,,0,0,,1,,,0.0,,James,0.0,1,,,,1,,,,1,,0,0,1.0,,,,0,,,,1,2.0,,1,0,,,,0.0,0,0,0,7-12 hrs,,,,,0,,,,,,,0,1,,,,,,1,0,0,,
08X304,,,10.0,,,0,0,,,0,,0,12.0,,1,0,,4.0,0,1,,0.0,0,0,10.0,,,0,0,0,,0,0.0,,,0,0,1-6 hrs,0,,1,0,0,,,0,1.0,0,0,0,1,,,,20.0,0,0,0,10.0,0,12.0,0,1,0,,1,,,,0.0,0,0.0,1.0,,0,0,,0,10.0,0,,1,1,0.0,0,0,20.0,0.0,10.0,1,0.0,0,,0.0,,1,,0,,0,0.0,,,0,,0,0,40.0,0,,0,1,0.0,20.0,,,1,,,,0,0,1,0.0,,1,,,4.0,,,,,0.0,0,,,,0,,0,,20.0,0,0,0,0,0,0,0,,,0,1,0.0,1,,,0.0,,Joseph,,0,0.0,,10.0,1,,0.0,,0,0.0,0,0,2.0,,,10.0,0,,20.0,,0,4.0,0.0,0,0,10.0,,,1.0,0,0,0,,,20.0,,,0,,10.0,0.0,0.0,,,0,1,,,,,,0,0,0,,
10X081,,,0.0,8.0,,0,0,0.0,0.0,0,0.0,0,0.0,,1,0,,3.0,0,0,,0.0,0,0,10.0,,,0,0,0,,0,10.0,0.0,,0,0,,0,,0,0,0,16.0,,0,0.0,0,0,0,0,,,,0.0,0,0,0,0.0,0,0.0,0,0,0,,0,,,,0.0,0,0.0,1.0,,0,0,,0,10.0,0,22.0,0,0,0.0,0,0,22.0,0.0,10.0,1,0.0,0,,0.0,0.0,0,,0,,0,0.0,,,0,,0,0,8.0,0,,0,0,0.0,0.0,0.0,,0,,,,0,0,0,6.0,,1,,,1.0,,,,,0.0,0,,,,0,,0,0.0,0.0,0,0,0,0,0,0,0,,,0,0,0.0,1,,22.0,18.0,,Amy,,0,10.0,,17.0,1,,0.0,,1,0.0,0,0,1.0,,,0.0,0,,22.0,,0,1.0,16.0,0,0,0.0,,0.0,0.0,1,0,0,,,0.0,,,0,,0.0,0.0,0.0,,,0,0,,1-6 hrs,0.0,,,0,0,0,,0.0
17K092,,,0.0,,,0,0,,,0,,0,23.0,,1,0,,3.0,0,0,,,1,0,0.0,,,0,0,0,,0,3.0,,,0,0,7-12 hrs,0,,0,0,0,,,0,1.0,0,0,0,0,,,,9.0,0,0,0,0.0,0,23.0,0,0,0,,1,,,,3.0,0,9.0,2.0,,0,0,,0,0.0,0,,0,1,1.0,0,0,9.0,9.0,0.0,1,3.0,0,,9.0,,1,,0,,1,9.0,,,0,,0,0,21.0,0,,0,1,23.0,9.0,,,0,,,,1,0,0,0.0,,1,,,,,,,,3.0,0,,,,0,,0,,9.0,0,0,0,0,0,0,0,,,0,0,0.0,1,,,0.0,,Valerie,,0,3.0,,0.0,1,,3.0,,1,9.0,0,0,,,,0.0,0,,9.0,,0,2.0,,0,0,,,,1.0,0,0,0,7-12 hrs,,9.0,,,0,,0.0,9.0,9.0,,,0,0,,,,,,1,0,0,,
05M161,,,10.0,,,0,0,0.0,30.0,0,5.0,0,4.0,,1,0,,4.0,0,0,,5.0,0,0,10.0,0.0,,0,0,0,,0,0.0,,,1,0,19-23 hrs,0,,0,0,0,15.0,,0,2.0,0,0,0,1,,,,0.0,0,0,0,10.0,0,0.0,0,0,0,,1,,,,35.0,0,20.0,2.0,,0,0,,0,10.0,0,,0,1,2.0,1,0,15.0,20.0,10.0,1,0.0,0,,30.0,,0,,0,,0,20.0,,,0,,0,0,15.0,0,,0,1,6.0,5.0,,,0,,,,1,0,0,,,0,,,4.0,,,,,35.0,0,,,,0,,0,,0.0,0,0,0,1,0,0,0,,,0,0,0.0,1,,15.0,,,Lindsay,30.0,1,0.0,,10.0,0,,35.0,,0,0.0,0,0,2.0,,,10.0,0,,20.0,,1,3.0,15.0,1,0,5.0,,5.0,0.0,1,0,0,19-23 hrs,,5.0,,,1,,10.0,5.0,20.0,,,1,1,,,,,,0,0,1,,
18K588,,,,,,0,0,,,0,,0,1.0,,1,0,,3.0,0,0,,,0,0,,80.0,,0,0,0,,0,,,,0,0,1-6 hrs,0,,0,0,0,,,0,1.0,0,0,0,0,0.0,,,,0,0,0,,0,1.0,0,0,0,,1,,,,,0,,2.0,,1,0,,0,,0,,0,1,0.0,1,0,,,,1,,0,,,,1,,0,,0,,,,0,,0,0,70.0,0,,0,0,0.0,,,,0,,,,0,0,0,0.0,,0,,,2.0,,,,,,0,,,,0,,0,,,0,0,0,0,0,0,0,,,0,0,0.0,1,,,0.0,,Robert,0.0,0,,,,1,,,,0,,0,0,2.0,,,,0,,,,1,3.0,,1,0,,,,0.0,0,0,0,,,,,,1,,,,,,,0,1,,,,,,0,0,0,,
02M280,,,,,,0,0,,,0,,0,0.0,,0,0,,1.0,0,0,,,0,0,,,,0,0,0,,0,,,,1,0,13-18 hrs,0,,0,0,0,,,0,2.0,0,0,0,0,,,,,0,0,0,,0,0.0,0,1,0,,1,,,,,0,,4.0,,0,0,,0,,0,,0,0,0.0,0,0,,,,1,,0,,,,1,,0,,1,,,,0,,0,0,5.0,0,,0,0,0.0,,,,0,,,,0,0,0,0.0,,0,,,2.0,,,,,,0,,,,0,,0,,,0,0,0,1,0,0,0,,,0,0,0.0,1,,,0.0,,Lora,,0,,,,1,,,,1,,0,0,1.0,,,,0,,,,0,1.0,,0,0,,,,0.0,0,0,0,,,,,,0,,,,,,,0,0,,,,,,1,0,0,,
12X480,,,,,,Art Displayed (on-going),0,,,0,,0,0.0,,0,0,,0.0,0,0,Opening Act,,0,0,,,,0,0,0,,0,,,,0,0,13-18 hrs,0,,0,0,0,,,0,1.0,0,0,0,0,0.0,,,,0,0,0,,0,1.0,0,0,0,,1,,,,,0,,0.0,,0,0,,0,,0,,0,0,0.0,0,0,,,,1,,0,,,,1,,0,,1,,,,0,,0,0,30.0,0,,0,0,1.0,,,,0,,,,0,0,0,0.0,,0,,,0.0,,,,,,0,,,,0,,0,,,0,0,0,0,0,0,0,,,0,0,0.0,1,,,0.0,,,,0,,,,1,,,,1,,0,0,0.0,,,,0,,,,0,0.0,,0,0,,,,0.0,0,0,0,,,,,,0,,,,,,,0,0,,,,,,1,0,0,,
03M166,,,14.0,,,"Setting up, and filming/video taping & photographing performances, volunteering for weekend theatre productions, helping with props and costumes, volunteering with school and outside school arts fairs.",0,,3.0,0,,0,0.0,19-23 hrs,1,0,,4.0,0,0,,,0,0,0.0,,,0,0,0,,0,0.0,,,0,0,31+ hrs,0,,1,0,0,,,0,1.0,0,0,0,1,,,,0.0,0,0,0,0.0,0,0.0,0,1,0,,1,,,,5.0,0,6.0,1.0,,1,0,,0,0.0,0,,0,1,1.0,0,0,0.0,3.0,0.0,1,0.0,0,,3.0,,1,,0,,0,3.0,,,0,,0,0,15.0,0,,0,1,0.0,0.0,,,1,,,,0,0,0,,,0,,,2.0,,,,,5.0,0,,,,0,,0,,0.0,1,1,0,1,0,0,0,,,0,0,,1,,,,,Rachelle,,0,0.0,,14.0,1,,5.0,,1,0.0,0,0,4.0,,,14.0,0,,0.0,,0,2.0,,0,0,,,,0.0,1,0,0,13-18 hrs,,0.0,,,0,,0.0,6.0,3.0,,,0,0,,,,,,0,0,0,,
22K234,,,,,,0,0,,,0,,0,1.0,24-30 hrs,1,0,1-6 hrs,6.0,0,0,,,0,0,,0.0,,0,0,0,,0,,,,1,0,19-23 hrs,0,,0,0,0,,,0,1.0,0,0,0,0,1.0,,,,0,0,0,,0,0.0,0,1,0,,1,,,,,0,,2.0,,1,0,,0,,0,,0,1,3.0,1,0,,,,1,,0,,,,1,,0,,1,,,,0,,0,1,18.0,0,,0,1,0.0,,,,0,,,,1,0,0,0.0,,0,,,1.0,,,,,,0,,,,0,,0,,,0,1,0,0,0,0,0,,,0,0,0.0,1,,,0.0,,Jennifer,0.0,1,,,,1,,,,1,,0,0,3.0,,,,0,,,,0,3.0,,1,0,,,,0.0,0,0,0,24-30 hrs,,,,,0,,,,,,,0,1,,,,,,0,0,0,,
17K191,,,,,,0,0,,,0,,0,1.0,19-23 hrs,0,0,,10.0,0,0,,,0,0,6.0,,,0,0,0,,0,,,,0,0,19-23 hrs,0,,0,0,0,,,0,1.0,0,0,0,0,,,,,0,0,0,,0,1.0,0,0,0,,0,,,,,0,,,,0,0,,0,6.0,0,,1,0,1.0,0,0,,6.0,,0,,0,,6.0,,1,,0,,0,,,,0,,0,0,,0,,0,0,1.0,,,,0,,,,0,0,1,1.0,,1,,,,,,,,,0,,,,0,,0,,6.0,0,0,0,0,0,0,0,,,0,0,0.0,1,,,,,Beata,,0,,,,1,,,,0,6.0,0,0,3.0,,,6.0,1,,,,0,,,0,0,,,,1.0,0,0,0,19-23 hrs,,6.0,,,0,,,6.0,6.0,,,0,0,,,,,,0,0,0,,
14K126,,,,,,0,0,,,0,,0,1.0,,1,0,,1.0,0,0,,,0,0,,200.0,,0,0,0,,0,,,,0,0,24-30 hrs,0,,0,0,0,,,0,2.0,0,0,0,0,1.0,,,,0,0,0,,0,0.0,0,0,0,,1,,,,,0,,1.0,,0,0,,0,,0,,0,1,0.0,1,0,,,,1,,0,,,,1,,0,,0,,,,0,,0,0,35.0,0,,0,1,0.0,,,,0,,,,0,0,0,0.0,,0,,,0.0,,,,,,0,,,,0,,0,,,0,0,0,1,0,0,0,,,0,0,0.0,1,,,0.0,,Nina,120.0,0,,,,1,,,,0,,0,0,0.0,,,,0,,,,1,0.0,,1,0,,,,0.0,0,0,0,,,,,,0,,,,,,,0,0,,,,,,1,0,0,,
20K176,,0.0,10.0,10.0,,0,0,10.0,10.0,0,10.0,0,1.0,31+ hrs,0,0,,8.0,0,0,,10.0,0,0,10.0,,10.0,0,0,0,10.0,0,10.0,10.0,,1,0,31+ hrs,0,,0,0,0,0.0,10.0,0,2.0,0,0,0,1,0.0,,0.0,10.0,0,0,0,10.0,0,0.0,0,0,0,,1,10.0,10.0,10.0,0.0,0,10.0,1.0,10.0,1,0,10.0,0,10.0,0,0.0,0,1,0.0,0,0,10.0,10.0,10.0,1,10.0,0,10.0,10.0,10.0,1,,0,10.0,1,10.0,0.0,,0,0.0,0,0,10.0,0,0.0,0,0,0.0,10.0,0.0,,1,0.0,0.0,0.0,0,0,1,0.0,10.0,0,0.0,10.0,1.0,10.0,0.0,10.0,10.0,0.0,0,,,,0,0.0,0,10.0,10.0,0,0,0,1,0,0,0,,,0,1,0.0,1,,10.0,0.0,10.0,KellyAnne,,0,10.0,,0.0,1,10.0,0.0,10.0,1,10.0,0,0,3.0,0.0,10.0,10.0,0,,0.0,,0,4.0,0.0,0,0,0.0,10.0,0.0,0.0,0,0,0,,0.0,10.0,0.0,0.0,0,,10.0,10.0,10.0,10.0,,0,0,10.0,,10.0,0.0,10.0,0,0,1,10.0,10.0
20K170,,,0.0,0.0,,0,0,0.0,0.0,0,6.0,0,25.0,,0,0,,1.0,0,0,Inside Broadway,0.0,0,0,0.0,,,0,0,0,,0,0.0,1.0,,0,0,1-6 hrs,0,,0,0,0,0.0,,0,1.0,0,0,0,1,0.0,,12.0,1.0,0,0,0,0.0,0,25.0,0,1,0,,1,0.0,,,12.0,0,0.0,0.0,,1,0,,0,0.0,0,3.0,0,1,2.0,0,0,3.0,0.0,0.0,1,0.0,0,,0.0,0.0,1,,0,,1,0.0,,,0,,0,0,6.0,0,,0,1,25.0,6.0,0.0,,0,0.0,0.0,,1,0,0,9.0,,0,0.0,0.0,3.0,,,3.0,,0.0,0,,,,0,,0,0.0,3.0,0,0,0,0,0,0,0,,,0,0,0.0,1,,3.0,0.0,,Therese,,1,12.0,,0.0,1,,12.0,,1,3.0,0,0,2.0,,,0.0,0,,3.0,,0,7.0,12.0,0,0,0.0,,0.0,0.0,1,0,0,13-18 hrs,0.0,6.0,,,0,,0.0,0.0,0.0,,,0,1,,,0.0,,,1,0,1,3.0,3.0
22K052,,,0.0,0.0,,0,0,0.0,0.0,0,0.0,0,1.0,31+ hrs,0,0,1-6 hrs,12.0,0,1,,0.0,0,0,0.0,,,0,0,0,,0,0.0,0.0,,0,0,31+ hrs,0,,1,0,0,0.0,,0,1.0,0,0,0,1,,,,0.0,0,0,0,0.0,1,1.0,0,0,0,,1,,,,0.0,0,0.0,2.0,,1,1,,0,0.0,0,0.0,1,1,1.0,0,0,0.0,0.0,0.0,0,0.0,0,,3.0,,1,,0,,1,0.0,,,0,,0,0,8.0,0,,0,1,1.0,0.0,0.0,,1,,,,0,0,1,0.0,,0,0.0,,6.0,,,,,0.0,0,,,,0,,0,0.0,0.0,1,0,0,1,0,0,0,,,0,1,2.0,1,,0.0,0.0,,Jennifer,,0,0.0,,0.0,0,,0.0,,0,0.0,0,0,1.0,,,0.0,1,,0.0,,0,15.0,0.0,0,0,0.0,,0.0,0.0,1,0,0,19-23 hrs,,0.0,,,0,,0.0,8.0,0.0,,,0,0,,,0.0,,,0,0,0,,8.0
13K492,,,,,,0,0,,,0,,0,1.0,,1,0,,2.0,0,0,,,0,0,0.0,0.0,,0,0,0,,0,,,,0,0,19-23 hrs,0,,1,0,0,,,0,2.0,0,0,0,1,0.0,,,,0,0,0,,0,,0,0,0,30.0,0,,,,,0,0.0,3.0,,0,0,,0,0.0,0,,0,1,1.0,1,0,,0.0,,0,,0,,0.0,,0,,0,,1,,,,0,,0,0,108.0,0,,0,1,7.0,,,,1,,,,1,0,1,0.0,,1,,,,,,,,,0,,,,0,,1,,0.0,0,0,1,0,0,0,0,,,0,1,0.0,0,,,0.0,,John,0.0,0,0.0,,,0,,18.0,,1,0.0,0,0,,,,0.0,1,,0.0,,1,3.0,,1,0,,,,1.0,0,0,1,7-12 hrs,,36.0,,,1,,0.0,0.0,0.0,,,0,1,,,,,,0,0,0,,
16K021,,,0.0,,,0,0,0.0,,0,0.0,0,1.0,,0,0,,1.0,0,0,ALLEY PARK QUEENSFESTIVAL OF CULTURES,0.0,0,0,0.0,,,0,0,0,,0,0.0,,,0,0,,0,,0,0,0,,,0,0.0,0,0,0,1,1.0,,,5.0,1,0,0,0.0,0,0.0,0,1,0,,1,,,,0.0,0,0.0,1.0,,0,0,,0,0.0,0,,0,0,0.0,0,0,0.0,0.0,0.0,0,0.0,0,,0.0,,0,,0,,1,0.0,,,0,,0,0,3.0,0,,0,0,1.0,0.0,0.0,,1,,,,0,0,0,0.0,,0,,,,,,,,0.0,0,,,,0,,0,,0.0,0,0,0,0,0,0,0,,,0,1,0.0,1,,0.0,0.0,,Lisa,,0,0.0,,0.0,0,,0.0,,1,0.0,0,0,,,,0.0,0,,0.0,,0,1.0,0.0,0,0,0.0,,,0.0,0,0,0,,,0.0,,,0,,0.0,0.0,0.0,,,1,0,,,,,,0,0,0,,
09X128,,,,,,0,0,,,0,,0,1.0,,1,0,,2.0,0,0,,,0,0,,0.0,,0,0,0,,0,,,,0,0,,0,,0,0,0,,,0,0.0,0,0,0,0,,,,,0,0,0,,0,2.0,0,0,0,,0,,,,,0,,0.0,,0,0,,0,,0,,0,0,0.0,1,0,,,,0,,0,,,,0,,0,,1,,,,0,,0,0,10.0,0,,0,1,1.0,,,,0,,,,0,0,0,0.0,,1,,,1.0,,,,,,0,,,,0,,0,,,0,1,0,0,0,0,0,,,0,0,0.0,1,,,0.0,,,0.0,0,,,,0,,,,1,,0,0,1.0,,,,0,,,,1,4.0,,1,0,,,,0.0,0,0,0,,,,,,0,,,,,,,0,0,,,,,,0,0,0,,
10X086,,87.0,0.0,4.0,,Responded to outside arts programming,0,6.0,3.0,0,87.0,0,2.0,1-6 hrs,0,0,,2.0,0,1,Symphony Space,2.0,1,0,0.0,52.0,6.0,0,0,0,87.0,0,4.0,90.0,0.0,1,0,31+ hrs,0,,0,0,0,0.0,4.0,0,3.0,0,0,0,1,10.0,,0.0,90.0,0,0,0,0.0,1,25.0,0,1,0,,1,4.0,87.0,24.0,0.0,0,2.0,30.0,0.0,1,0,25.0,0,0.0,0,87.0,0,1,1.0,0,0,87.0,6.0,0.0,0,6.0,0,0.0,2.0,0.0,1,,0,87.0,1,2.0,0.0,,0,87.0,0,1,180.0,0,1.0,0,1,25.0,87.0,0.0,1.0,1,1.0,0.0,,1,0,0,0.0,0.0,0,1.0,2.0,3.0,6.0,,87.0,,0.0,0,,,7.0,0,1.0,0,0.0,170.0,0,1,0,1,0,0,0,,,0,1,2.0,1,87.0,87.0,2.0,4.0,Margaret,8.0,1,4.0,,1.0,0,87.0,0.0,,1,24.0,0,0,2.0,,4.0,0.0,1,0.0,87.0,0.0,0,18.0,0.0,1,0,1.0,0.0,1.0,4.0,1,0,0,1-6 hrs,87.0,87.0,,1.0,0,0.0,0.0,4.0,3.0,2.0,,1,1,0.0,1-6 hrs,3.0,,0.0,1,0,1,4.0,2.0
01M378,,,,,,0,0,,,0,,0,0.0,,1,0,1-6 hrs,1.0,0,0,,,0,0,,810.0,,0,0,0,,0,,,,0,0,13-18 hrs,0,,0,0,0,,,0,1.0,0,0,0,0,0.0,,,,0,0,0,,0,0.0,0,1,0,,1,,,,,0,,1.0,,1,1,,0,,0,,0,0,0.0,1,0,,,,1,,0,,,,1,,0,,1,,,,0,,0,0,60.0,0,,0,1,0.0,,,,0,,,,0,0,0,,,0,,,,,,,,,0,,,,0,,0,,,0,0,0,1,0,0,0,,,0,0,0.0,1,,,,,Cheryl,60.0,0,,,,1,,,,0,,0,0,,,,,0,,,,1,1.0,,1,0,,,,0.0,1,0,0,,,,,,1,,,,,,,1,1,,,,,,0,0,0,,
12X217,,,,,,0,0,,,0,,0,1.0,1-6 hrs,1,0,,3.0,0,0,,,0,0,,2.0,,0,0,0,,0,,,,0,0,,0,,0,0,0,,,0,,0,0,0,0,,,,,0,0,0,,0,,0,1,0,,0,,,,,0,,,,0,0,,0,,0,,0,0,,1,0,,,,1,,0,,,,0,,0,,1,,,,0,,0,0,,0,,0,0,,,,,0,,,,0,0,0,0.0,,0,,,,,,,,,0,,,,0,,0,,,0,0,0,1,0,0,0,,,0,0,,1,,,0.0,,Dionne,1.0,0,,,,1,,,,1,,0,0,2.0,,,,0,,,,1,,,1,0,,,,0.0,0,0,0,,,,,,0,,,,,,,0,0,,,,,,0,0,0,,
10X243,,,,,,0,0,,,0,,0,0.0,,0,0,7-12 hrs,0.0,0,0,,,0,0,,0.0,,0,0,0,,0,,,,0,0,19-23 hrs,0,,0,0,0,,,0,1.0,0,0,0,0,0.0,,,,0,0,0,,0,0.0,0,1,0,,1,,,,,0,,1.0,,1,0,,0,,0,,0,1,1.0,1,0,,,,0,,0,,,,1,,0,,0,,,,0,,0,0,25.0,0,,0,0,0.0,,,,0,,,,0,0,0,0.0,,1,,,1.0,,,,,,0,,,,0,,0,,,0,0,0,0,0,0,0,,,0,0,0.0,1,,,0.0,,Kathleen,0.0,1,,,,1,,,,0,,0,0,0.0,,,,0,,,,1,2.0,,1,0,,,,1.0,1,0,0,19-23 hrs,,,,,0,,,,,,,0,1,,,,,,1,0,0,,
19K159,,,20.0,0.0,,0,0,20.0,0.0,0,0.0,0,25.0,,0,0,1-6 hrs,5.0,0,0,,0.0,0,0,0.0,,,1,0,0,,0,0.0,0.0,,1,0,1-6 hrs,0,,1,0,0,20.0,,0,1.0,0,0,0,1,4.0,,,0.0,0,0,0,0.0,0,25.0,0,1,0,,1,0.0,,,20.0,0,0.0,12.0,,1,1,,0,0.0,0,0.0,0,1,1.0,0,0,0.0,0.0,0.0,1,20.0,0,,0.0,,1,,0,,1,0.0,,,0,,0,0,12.0,0,,0,1,25.0,0.0,20.0,,1,,,,1,0,0,15.0,,0,0.0,,0.0,,,,,20.0,0,,,,0,,0,0.0,0.0,1,1,0,0,0,0,0,,,0,1,0.0,1,,0.0,,,Neffertiti,,1,0.0,,0.0,1,,20.0,,0,0.0,0,0,1.0,,,20.0,0,,0.0,,0,4.0,20.0,0,0,0.0,,0.0,0.0,0,0,1,1-6 hrs,,0.0,,0.0,0,,0.0,0.0,0.0,,,0,1,,,0.0,,,1,0,1,,0.0
16K028,,,,,,0,0,,,0,,0,1.0,,0,0,,3.0,0,0,,,0,0,0.0,,,0,0,0,,0,,,,0,0,,0,,0,0,0,,,0,,0,0,0,0,,,,,0,0,0,,0,,0,0,0,,1,,,,,0,0.0,,,1,0,,0,0.0,0,,0,1,1.0,0,0,,0.0,,0,,0,,0.0,,1,,0,,0,,,,0,,0,0,,0,,0,0,,,,,0,,,,0,0,0,,,1,,,1.0,,,,,,0,,,,0,,0,,12.0,0,1,0,0,0,0,0,,,0,0,,0,,,,,David,,0,12.0,,,0,,20.0,,0,0.0,0,0,1.0,,,0.0,0,,20.0,,0,3.0,,0,0,,,,1.0,0,0,0,13-18 hrs,,15.0,,,0,,0.0,0.0,0.0,,,1,0,,,,,,0,0,0,,
21K226,,,0.0,,,0,0,0.0,10.0,0,0.0,0,1.0,,1,0,,0.0,0,0,,10.0,0,0,0.0,0.0,,0,0,0,,0,0.0,,,0,0,13-18 hrs,0,,0,0,0,0.0,,0,1.0,0,0,0,0,1.0,,0.0,0.0,0,0,0,0.0,0,0.0,0,1,0,,1,,,,0.0,0,10.0,1.0,,1,0,,0,0.0,0,,0,1,2.0,1,0,3.0,10.0,0.0,1,0.0,0,,10.0,0.0,1,,0,,1,10.0,,,0,,0,0,10.0,0,,0,1,2.0,0.0,0.0,,0,,,,1,0,0,0.0,,0,,,0.0,,,,,0.0,0,,,,0,,0,,0.0,0,1,0,1,0,0,0,,,0,0,0.0,1,,4.0,0.0,,Soledad,0.0,1,0.0,,0.0,1,,0.0,,1,10.0,0,0,0.0,,,0.0,0,,4.0,,1,11.0,0.0,1,0,0.0,,0.0,0.0,1,0,0,31+ hrs,0.0,0.0,,,1,,0.0,10.0,10.0,,,0,1,,,,,,1,0,0,,
02M347,,,,,,0,0,,,0,,0,0.0,7-12 hrs,1,0,1-6 hrs,0.0,0,1,,,0,0,,0.0,,0,0,0,,0,,,,0,0,7-12 hrs,0,,0,0,0,,,0,1.0,0,0,0,0,0.0,,,,1,0,0,,0,0.0,0,0,0,,0,,,,,0,,0.0,,0,0,,0,0.0,0,,0,1,0.0,1,0,,8.0,,0,,0,,8.0,,1,,0,,1,,,,0,,0,0,85.0,0,,0,0,0.0,,,,1,,,,0,0,1,0.0,,1,,,0.0,,,,,,0,,,,0,,0,,0.0,0,0,0,0,0,0,0,,,0,1,0.0,0,,,0.0,,Maryanne,0.0,0,,,,0,,,,1,8.0,0,0,0.0,,,0.0,0,,,,1,0.0,,1,0,,,,0.0,1,0,1,,,,,,0,,,8.0,,,,0,0,,,,,,0,0,0,,
20K180,,,0.0,,,0,0,0.0,,0,0.0,1,25.0,,0,0,,4.0,0,0,,0.0,0,0,0.0,0.0,,0,0,0,,0,0.0,,,0,0,,0,,0,0,0,,,0,0.0,0,0,0,1,0.0,,,0.0,0,0,0,0.0,0,12.0,0,1,0,,1,,,,0.0,0,0.0,2.0,,1,0,,0,0.0,0,,0,1,1.0,1,0,0.0,0.0,0.0,1,0.0,0,,0.0,,1,,0,,0,0.0,,,0,,0,0,,0,,0,1,2.0,0.0,,,0,,,,1,0,0,0.0,,0,,,2.0,,,,,0.0,0,,,,0,,0,,0.0,0,1,0,0,0,1,0,,,0,0,0.0,1,,0.0,0.0,,Eric,0.0,0,0.0,,0.0,1,,0.0,,1,0.0,0,0,9.0,,,0.0,0,,0.0,,1,3.0,0.0,0,0,0.0,,,0.0,0,0,0,1-6 hrs,,0.0,,,1,,0.0,0.0,0.0,,,0,1,,,,,,1,0,1,,
02M407,,,,,,fundraising/ donations,0,,,0,,0,1.0,13-18 hrs,1,0,,4.0,0,0,,,0,0,,0.0,,0,0,0,,0,,,,0,0,13-18 hrs,0,,0,0,0,,,0,1.0,0,0,0,0,0.0,,,,0,0,0,,0,1.0,0,1,0,25.0,0,,,,,0,,1.0,,1,1,,0,,0,,0,0,1.0,1,0,,,,0,,0,,,,1,,0,,1,,,,0,,0,1,,0,,0,1,1.0,,,,0,,,,0,0,0,0.0,,1,,,2.0,,,,,,0,,,,0,,1,,,0,1,1,0,0,0,0,,,0,0,0.0,1,,,0.0,,Paul,30.0,1,,,,0,,,,0,,0,0,4.0,,,,0,,,,1,4.0,,1,0,,,,1.0,0,0,0,13-18 hrs,,,,,1,,,,,,,1,1,,,,,,1,0,0,,
04M964,,,,,,0,0,,,0,,0,0.0,,0,0,1-6 hrs,3.0,0,1,,,1,0,2.0,0.0,,0,0,0,,0,,,,0,0,1-6 hrs,0,,0,0,0,,,0,1.0,0,0,0,1,,,,,1,0,0,,0,0.0,0,0,0,,0,,,,,0,0.0,4.0,,0,0,,0,2.0,0,,0,0,0.0,0,0,,0.0,,0,,0,,0.0,,1,,0,,1,,,,0,,0,0,16.0,0,,0,0,0.0,,,,0,,,,0,0,0,0.0,,0,,,8.0,,,,,,0,,,,0,,0,,32.0,0,0,0,0,0,1,0,,,0,0,1.0,0,,,6.0,,Vida,0.0,1,8.0,,,0,,0.0,,1,0.0,0,0,2.0,,,2.0,0,,36.0,,0,8.0,,1,0,,,,0.0,1,0,0,,,16.0,,,0,,4.0,0.0,0.0,,,0,0,,1-6 hrs,,,,0,0,1,,
12X521,,,,,,0,0,,,0,,0,0.0,,1,0,,0.0,0,0,,,0,0,,,,0,0,0,,0,,,,0,0,1-6 hrs,0,,0,0,0,,,0,1.0,0,0,0,0,1.0,,,,0,0,0,,0,0.0,0,1,0,,0,,,,,0,,1.0,,0,0,,0,,0,,0,1,0.0,0,0,,,,1,,0,,,,0,,0,,1,,,,0,,0,0,,0,,0,0,0.0,,,,0,,,,0,0,0,0.0,,0,,,0.0,,,,,,0,,,,0,,1,,,0,0,0,0,0,1,0,,,0,0,0.0,1,,,0.0,,Cheriece,,1,,,,0,,,,1,,0,0,0.0,,,,0,,,,0,0.0,,0,0,,,,0.0,0,0,0,,,,,,0,,,,,,,0,0,,,,,,0,0,0,,
02M077,,,,,,0,0,,,0,,0,0.0,,1,0,,1.0,0,0,,,0,0,0.0,,,0,0,0,,0,,,,1,0,,0,,0,0,0,,,0,0.0,0,0,0,1,,,,,0,0,0,,0,0.0,0,0,0,,1,,,,,0,0.0,1.0,,1,0,,0,0.0,0,,0,1,0.0,0,0,,0.0,,0,,0,,0.0,,1,,0,,1,,,,0,,0,0,30.0,0,,0,1,0.0,,,,1,,,,0,0,0,0.0,,0,,,1.0,,,,,,0,,,,0,,0,,0.0,0,0,0,1,0,0,0,,,0,1,0.0,1,,,0.0,,Michelle,,0,0.0,,,0,,0.0,,1,0.0,0,0,,,,0.0,0,,0.0,,0,3.0,,0,0,,,,1.0,0,0,1,,,0.0,,,0,,0.0,0.0,0.0,,,0,0,,,,,,0,0,1,,
01M650,,,,,,0,0,,,0,,0,,,1,0,,2.0,0,0,,,0,0,,,,0,0,0,,0,,,,0,0,19-23 hrs,0,,0,0,0,,,0,1.0,0,0,0,0,,,,,0,0,0,,0,,0,1,0,,1,,,,,0,,,,1,0,,0,,0,,0,0,,0,0,,,,1,,0,,,,1,,0,,0,,,,0,,0,0,10.0,0,,0,1,,,,,0,,,,0,0,0,0.0,,0,,,2.0,,,,,,0,,,,0,,1,,,0,1,0,0,0,1,0,,,0,0,,1,,,0.0,,Adriana,,1,,,,1,,,,0,,0,0,,,,,0,,,,0,,,0,0,,,,0.0,0,0,0,,,,,,0,,,,,,,1,1,,,,,,1,0,0,,
17K548,,,,,,0,0,,,0,,0,0.0,,1,0,7-12 hrs,4.0,0,0,,,0,0,,,,0,0,0,,0,,,,0,0,,0,,0,0,0,,,0,0.0,0,0,0,0,0.0,,,,0,0,0,,0,0.0,0,1,0,,1,,,,,0,,1.0,,0,0,,0,,0,,0,0,1.0,0,0,,,,0,,0,,,,1,,0,,1,,,,0,,0,0,10.0,0,,0,1,0.0,,,,0,,,,0,0,0,0.0,,0,,,2.0,,,,,,0,,,,0,,0,,,0,1,0,1,0,0,0,,,0,0,0.0,1,,,1.0,,Pamela,,0,,,,1,,,,1,,0,0,2.0,,,,0,,,,0,4.0,,0,0,,,,1.0,1,0,0,24-30 hrs,,,,,0,,,,,,,0,0,,1-6 hrs,,,,1,0,0,,
10X342,,,,,,0,0,,,0,,0,0.0,,1,0,,1.0,0,0,,,0,0,,30.0,,0,0,0,,0,,,,0,0,7-12 hrs,0,,0,0,0,,,0,2.0,0,0,0,0,1.0,,,,0,0,0,,0,0.0,0,0,0,,1,,,,,0,,2.0,,1,0,,0,,0,,0,1,0.0,1,0,,,,1,,0,,,,1,,0,,1,,,,0,,0,0,20.0,0,,0,0,0.0,,,,0,,,,0,0,0,0.0,,0,,,2.0,,,,,,0,,,,0,,0,,,0,0,0,1,0,0,0,,,0,0,0.0,1,,,0.0,,Beatriz,0.0,0,,,,1,,,,1,,0,0,0.0,,,,0,,,,1,0.0,,1,0,,,,0.0,0,0,0,,,,,,1,,,,,,,1,0,,,,,,0,0,0,,
11X514,,,,,,0,0,,,0,,0,0.0,,0,0,,0.0,0,0,Rockerfeller Foundation-Gilder Lehman Organization,,0,0,,,,0,0,0,,0,,,,0,0,1-6 hrs,0,,0,0,0,,,0,1.0,0,0,0,0,0.0,,,,0,0,0,,0,0.0,0,0,0,,1,,,,,0,,1.0,,1,0,,0,,0,,0,0,0.0,0,0,,,,0,,0,,,,1,,0,,1,,,,0,,0,0,10.0,0,,0,0,0.0,,,,0,,,,0,0,0,0.0,,0,,,0.0,,,,,,0,,,,0,,0,,,0,0,0,0,0,0,0,,,0,0,0.0,1,,,0.0,,Ada,,0,,,,0,,,,1,,0,0,0.0,,,,0,,,,0,2.0,,0,0,,,,0.0,0,0,0,,,,,,0,,,,,,,0,0,,,,,,0,0,0,,
25Q294,,,,,,0,0,,,0,,0,1.0,,0,0,,0.0,0,0,,,0,0,,24.0,,0,0,0,,0,,,,0,0,31+ hrs,0,,0,0,0,,,0,1.0,0,0,0,0,0.0,,,,0,0,0,,0,0.0,0,0,0,,1,,,,,0,,4.0,,0,0,,0,,0,,0,1,1.0,1,0,,,,1,,0,,,,1,,0,,1,,,,0,,0,0,24.0,0,,0,1,0.0,,,,0,,,,0,0,0,0.0,,1,,,0.0,,,,,,0,,,,0,,0,,,0,0,0,0,0,0,0,,,0,0,0.0,1,,,0.0,,Liam,0.0,0,,,,1,,,,1,,0,0,0.0,,,,0,,,,1,2.0,,1,0,,,,0.0,0,0,0,7-12 hrs,,,,,0,,,,,,,0,1,,,,,,0,0,0,,
09X070,,2.0,1.0,2.0,,0,0,2.0,0.0,0,2.0,0,1.0,,0,0,,16.0,0,0,,0.0,0,0,0.0,,,0,0,0,2.0,0,2.0,2.0,2.0,0,0,7-12 hrs,0,,0,0,0,2.0,2.0,0,1.0,0,0,0,0,0.0,,2.0,2.0,0,0,0,0.0,0,1.0,0,1,0,,1,2.0,2.0,0.0,2.0,0,0.0,1.0,0.0,0,0,0.0,0,0.0,0,2.0,0,1,0.0,0,0,2.0,0.0,0.0,0,2.0,0,,0.0,2.0,0,,0,2.0,0,0.0,2.0,,0,2.0,0,0,50.0,0,1.0,0,1,1.0,2.0,2.0,1.0,0,1.0,2.0,,0,0,1,0.0,0.0,0,1.0,0.0,0.0,0.0,,2.0,,2.0,0,,,,0,1.0,0,0.0,2.0,0,1,0,0,0,0,0,,,0,0,0.0,1,,2.0,0.0,2.0,Melinda,,1,2.0,,1.0,0,2.0,2.0,,0,0.0,0,0,0.0,2.0,2.0,1.0,1,,2.0,2.0,0,1.0,2.0,0,0,1.0,1.0,1.0,0.0,0,0,0,,2.0,2.0,1.0,1.0,0,,0.0,0.0,0.0,0.0,,0,1,2.0,,0.0,2.0,0.0,1,0,0,0.0,0.0
03M258,,,,,,0,0,,,0,,0,0.0,,1,0,,,0,0,,,0,0,,135.0,,0,0,0,,0,,,,0,0,7-12 hrs,0,,0,0,0,,,0,1.0,0,0,0,0,,,,,0,0,0,,0,,0,1,0,,0,,,,,0,,1.0,,0,0,,0,,0,,0,0,0.0,1,0,,,,0,,0,,,,0,,0,,1,,,,0,,0,0,30.0,0,,0,1,0.0,,,,0,,,,0,0,0,0.0,,0,,,2.0,,,,,,0,,,,0,,0,,,0,0,0,1,0,0,0,,,0,0,0.0,1,,,0.0,,John,0.0,0,,,,0,,,,1,,0,0,2.0,,,,0,,,,1,,,1,0,,,,0.0,0,0,0,,,,,,0,,,,,,,1,1,,,,,,1,0,0,,
22K326,,,,,,0,0,,,0,,0,1.0,,1,0,,4.0,0,0,,,0,0,1.0,,,0,0,0,,0,1.0,,,0,0,13-18 hrs,0,,0,0,0,,,0,1.0,0,0,0,0,0.0,,,0.0,0,0,0,1.0,0,0.0,0,0,0,,1,,,,,0,,2.0,,0,0,,0,1.0,0,,0,1,0.0,0,0,,1.0,1.0,1,,0,,0.0,,1,,0,,0,1.0,,,0,,0,0,2.0,0,,0,0,0.0,1.0,,,0,,,,0,0,0,0.0,,1,,,2.0,,,,,,0,,,,0,,0,,0.0,0,0,0,0,0,0,0,,,0,0,0.0,1,,,0.0,,Barbara,,0,1.0,,,1,,,,1,,0,0,1.0,,,,1,,,,0,4.0,,0,0,,,,0.0,0,0,1,,,1.0,,,0,,1.0,,1.0,,,0,1,,,,,,0,0,1,,
01M134,,,,,,0,0,,,0,,0,,1-6 hrs,1,0,,2.0,0,0,,20.0,0,0,0.0,,,0,0,0,,0,0.0,,,0,0,,0,,0,0,0,0.0,,0,,0,0,0,1,,,,,1,0,0,0.0,0,,0,0,0,,1,,,,0.0,0,20.0,5.0,,0,0,,0,0.0,0,,0,1,5.0,0,0,,20.0,,0,,0,,20.0,,0,,0,,1,,,,0,,0,0,20.0,0,,0,0,,,,,0,,,,0,0,1,,,0,,,,,,,,0.0,0,,,,0,,0,,0.0,0,0,0,1,0,0,0,,,0,0,,0,,,,,Daniel,,0,0.0,,0.0,0,,0.0,,1,20.0,0,0,,,,0.0,1,,0.0,,0,2.0,0.0,0,0,0.0,,0.0,1.0,1,0,0,1-6 hrs,,0.0,,,0,,0.0,20.0,20.0,,,0,0,,,,,,0,0,1,,
19K108,,,0.0,0.0,,Help with theater performance,0,0.0,0.0,0,0.0,0,0.0,31+ hrs,1,0,,4.0,0,0,,0.0,0,0,0.0,,,0,0,0,,0,0.0,0.0,,0,0,31+ hrs,0,,1,0,0,0.0,,0,2.0,0,0,0,1,0.0,,0.0,0.0,0,0,0,0.0,0,25.0,0,1,0,,1,,,,0.0,0,0.0,4.0,,1,0,,0,0.0,0,0.0,0,1,2.0,0,0,0.0,0.0,0.0,1,0.0,0,,0.0,0.0,1,,0,,0,0.0,,,0,,0,0,28.0,0,,0,1,0.0,0.0,0.0,,1,0.0,0.0,,0,0,1,0.0,,1,,0.0,0.0,,,,,0.0,0,,,,0,,0,0.0,0.0,0,1,0,0,0,0,0,,,0,1,0.0,1,,0.0,0.0,,mary,,0,0.0,,0.0,1,,0.0,,0,0.0,0,0,3.0,,,0.0,0,,0.0,,0,6.0,0.0,0,0,0.0,,0.0,0.0,0,0,0,31+ hrs,0.0,0.0,,,0,,0.0,0.0,0.0,,,0,1,,,0.0,,,1,0,0,,0.0
19K345,,,40.0,,,Shadow Box Theatre Grant - Puppet Making Workshops for Parents & their Children in Grade K - 5,0,20.0,30.0,0,20.0,0,1.0,,1,0,1-6 hrs,6.0,0,1,,40.0,1,0,40.0,,,0,0,0,,0,25.0,,,0,0,1-6 hrs,0,,0,0,0,30.0,,0,1.0,0,0,0,0,3.0,,,25.0,0,0,0,40.0,1,0.0,0,1,0,,1,,,,20.0,0,45.0,1.0,,0,0,,0,40.0,0,30.0,0,1,0.0,0,0,25.0,30.0,40.0,1,20.0,0,,30.0,,1,,0,,1,30.0,,,0,,0,0,3.0,0,,0,1,1.0,20.0,20.0,,1,,,,0,0,0,0.0,,0,,,6.0,,,,,25.0,0,,,,0,,0,,25.0,0,1,0,1,0,0,0,,,0,1,0.0,1,,25.0,5.0,,Dianna,,0,25.0,,40.0,1,,20.0,,1,35.0,0,0,4.0,,,40.0,0,,25.0,,0,9.0,30.0,0,0,50.0,,45.0,0.0,0,0,1,,,20.0,,,0,,40.0,40.0,30.0,,,0,0,,1-6 hrs,,,,1,0,0,,
15K094,,0.0,0.0,1800.0,,0,0,1800.0,1800.0,0,0.0,0,0.0,31+ hrs,1,0,,3.0,0,0,,1800.0,0,0,0.0,,,0,0,0,1800.0,0,0.0,18000.0,,0,0,31+ hrs,0,,0,0,0,1800.0,1800.0,0,2.0,0,0,0,0,0.0,,0.0,0.0,0,0,0,0.0,0,1.0,0,1,0,,1,1800.0,1800.0,0.0,0.0,0,0.0,2.0,0.0,1,0,1800.0,0,0.0,0,0.0,0,1,2.0,0,0,0.0,1800.0,0.0,1,0.0,0,,1800.0,0.0,1,,0,0.0,1,1800.0,1800.0,,0,0.0,0,0,50.0,0,0.0,0,1,0.0,0.0,0.0,,1,0.0,0.0,,0,0,1,0.0,0.0,0,0.0,1800.0,0.0,1800.0,,1800.0,,1800.0,0,,,,0,0.0,0,0.0,1800.0,1,0,0,1,0,0,0,,,0,1,0.0,1,,0.0,0.0,0.0,Scott,,0,0.0,,0.0,1,1800.0,0.0,,1,1800.0,0,0,0.0,0.0,0.0,0.0,0,,1800.0,,0,2.0,0.0,0,0,0.0,0.0,0.0,0.0,0,0,0,31+ hrs,1800.0,0.0,0.0,0.0,0,,0.0,1800.0,0.0,1800.0,,0,0,0.0,,0.0,0.0,0.0,0,0,0,1800.0,1800.0
11X144,,,,,,0,0,,,0,,0,0.0,,0,0,1-6 hrs,0.0,0,0,,,0,0,,12.0,,0,0,0,,0,,,,0,0,24-30 hrs,0,,0,0,0,,,0,1.0,0,0,0,0,,,,,0,0,0,,0,0.0,0,0,0,,1,,,,,0,,1.0,,1,0,,0,,0,,0,1,1.0,1,0,,,,1,,0,,,,1,,0,,1,,,,0,,0,0,12.0,0,,0,1,0.0,,,,0,,,,0,0,0,0.0,,0,,,1.0,,,,,,0,,,,0,,0,,,0,1,0,0,0,0,0,,,0,0,0.0,1,,,0.0,,Lee,0.0,0,,,,1,,,,1,,0,0,0.0,,,,0,,,,1,3.0,,1,0,,,,0.0,1,0,0,19-23 hrs,,,,,0,,,,,,,0,0,,,,,,1,0,0,,
01M020,,,0.0,,,0,0,0.0,1.0,0,1.0,0,4.0,,1,0,,3.0,0,0,,1.0,1,0,0.0,,,0,0,0,,0,1.0,,,0,0,24-30 hrs,0,,0,0,0,,,0,5.0,0,0,0,0,0.0,,,1.0,0,0,0,0.0,0,1.0,0,1,0,,1,,,,1.0,0,1.0,1.0,,0,0,,0,0.0,0,,0,1,4.0,0,0,0.0,1.0,0.0,0,0.0,0,,1.0,1.0,1,,0,,1,1.0,,,0,,0,0,20.0,0,,0,1,0.0,1.0,,,0,,,,1,0,0,,,0,,,5.0,,,,,1.0,0,,,,0,,0,,1.0,0,0,0,1,0,0,0,,,0,0,,1,,0.0,,,Carrie,,0,1.0,,0.0,0,,1.0,,1,1.0,0,0,3.0,,,0.0,0,,1.0,,0,7.0,2.0,0,0,1.0,,,0.0,0,0,0,19-23 hrs,,1.0,,,0,,0.0,1.0,1.0,,,0,0,,,,,,0,0,0,,
08X519,,,,,,0,0,,,0,,0,0.0,,1,0,,0.0,0,0,Educational Alchemy,,0,0,,,,0,0,0,,0,,,,0,0,31+ hrs,0,,0,0,0,,,0,1.0,0,0,0,0,0.0,,,,0,0,0,,0,1.0,0,0,0,,0,,,,,0,,0.0,,0,0,,0,,0,,0,0,0.0,0,0,,,,0,,0,,,,0,,0,,1,,,,0,,0,0,2.0,0,,0,0,1.0,,,,0,,,,0,0,0,0.0,,1,,,0.0,,,,,,0,,,,0,,0,,,0,0,0,0,0,0,0,,,0,0,0.0,1,,,0.0,,Cheryle,,0,,,,0,,,,1,,0,0,0.0,,,,0,,,,0,0.0,,0,0,,,,0.0,0,0,0,,,,,,0,,,,,,,0,0,,,,,,1,0,0,,
10X442,,,,,,0,0,,,0,,0,0.0,,1,0,1-6 hrs,0.0,0,0,,,0,0,,,,0,0,0,,0,,,,0,0,0 hrs,0,,0,0,0,,,0,1.0,0,0,0,0,0.0,,,,0,0,0,,0,0.0,0,0,0,,0,,,,,0,,0.0,,0,1,,0,,0,,0,0,4.0,0,0,,,,1,,0,,,,1,,0,,1,,,,0,,0,0,20.0,0,,0,1,1.0,,,,0,,,,0,0,0,0.0,,1,,,6.0,,,,,,0,,,,0,,0,,,0,0,0,0,0,0,0,,,0,0,0.0,1,,,0.0,,David,,1,,,,1,,,,0,,0,1,0.0,,,,0,,,,0,12.0,,0,0,,,,4.0,0,0,0,13-18 hrs,,,,,0,,,,,,,1,1,,,,,,0,0,0,,
02M003,,,9.0,,,0,0,0.0,0.0,0,40.0,0,0.0,,0,0,,20.0,0,0,,25.0,0,0,0.0,,,0,0,0,,0,0.0,,,1,0,,0,,0,0,0,24.0,0.0,0,0.0,0,0,0,0,,,,18.0,0,0,0,0.0,0,0.0,0,0,0,,1,,40.0,,4.0,0,25.0,1.0,0.0,1,1,12.0,0,8.0,0,,0,1,0.0,0,0,40.0,8.0,8.0,0,0.0,0,,6.0,0.0,1,,0,40.0,1,8.0,,,0,,0,0,2.0,0,,0,1,0.0,40.0,4.0,,1,,,,0,0,1,,,0,,,2.0,,,40.0,,4.0,0,,,,0,,0,,80.0,0,1,0,1,0,0,0,,,0,1,0.0,1,,40.0,,,LISA,,1,0.0,,1.0,0,40.0,4.0,,0,8.0,0,0,4.0,,,1.0,1,,41.0,,0,10.0,0.0,0,0,3.0,1.0,55.0,0.0,1,0,1,,,40.0,,,0,,0.0,2.0,12.0,,,0,1,0.0,,,,,0,0,0,19.0,8.0
21K559,,,,,,chaperoning on arts and culture related excursions,0,,,0,,0,1.0,,1,0,0 hrs,,0,0,,,0,0,,,,0,0,0,,0,,,,0,0,1-6 hrs,0,,0,0,0,,,0,2.0,0,0,0,0,,,,,0,0,0,,0,2.0,0,1,0,,1,,,,,0,,1.0,,1,0,,0,,0,,0,1,1.0,0,0,,,,0,,0,,,,1,,0,,0,,,,0,,0,0,2.0,0,,0,1,2.0,,,,0,,,,0,0,0,0.0,,0,,,,,,,,,0,,,,0,,1,,,0,1,0,1,0,0,0,,,0,0,2.0,1,,,1.0,,William,,1,,,,0,,,,1,,0,1,1.0,,,,0,,,,0,,,0,0,,,,1.0,0,0,0,1-6 hrs,,,,,0,,,,,,,0,1,,1-6 hrs,,,,1,0,0,,
17K539,,,,,,0,0,,,0,,0,,,1,0,,,0,0,,,0,0,,,,0,0,0,,0,,,,0,0,31+ hrs,0,,0,0,0,,,0,1.0,0,0,0,0,,,,,0,0,0,,0,,0,0,0,,1,,,,,0,,,,1,0,,0,,0,,0,1,,0,0,,,,1,,0,,,,1,,0,,0,,,,0,,0,0,,0,,0,0,,,,,0,,,,0,0,0,,,0,,,,,,,,,0,,,,0,,0,,,0,0,0,0,0,0,0,,,0,0,,1,,,,,Judy,,0,,,,1,,,,0,,0,0,,,,,0,,,,0,,,0,0,,,,0.0,0,0,0,,,,,,0,,,,,,,0,0,,,,,,0,0,0,,
16K455,,,,,,0,0,,,0,,0,0.0,,1,0,,1.0,0,0,,,0,0,,,,0,0,0,,0,,,,0,0,1-6 hrs,0,,0,0,0,,,0,1.0,0,0,0,0,0.0,,,,0,0,0,,0,0.0,0,0,0,,1,,,,,0,,0.0,,1,0,,0,,0,,0,1,0.0,0,0,,,,1,,0,,,,1,,0,,1,,,,0,,0,0,3.0,0,,0,0,0.0,,,,0,,,,0,0,0,0.0,,0,,,0.0,,,,,,0,,,,0,,0,,,0,1,0,0,0,0,0,,,0,0,0.0,1,,,0.0,,Donald,,0,,,,1,,,,1,,0,0,0.0,,,,0,,,,0,0.0,,0,0,,,,0.0,0,0,0,,,,,,0,,,,,,,0,0,,,,,,0,0,0,,
02M308,,,,,,0,0,,,0,,0,1.0,24-30 hrs,0,0,,2.0,0,0,,,0,0,,,,0,0,0,,0,,,,0,0,31+ hrs,0,,0,0,0,,,0,1.0,0,0,0,0,,,,,0,0,0,,0,0.0,0,0,0,,1,,,,,0,,3.0,,1,1,,0,,0,,0,1,1.0,0,0,,,,0,,0,,,,1,,0,,1,,,,0,,0,0,25.0,0,,0,1,0.0,,,,0,,,,0,0,0,0.0,,0,,,3.0,,,,,,0,,,,0,,0,,,0,1,0,1,0,0,0,,,0,0,0.0,1,,,0.0,,Yetta,,0,,,,0,,,,0,,0,0,2.0,,,,0,,,,0,2.0,,0,0,,,,0.0,1,0,0,13-18 hrs,,,,,0,,,,,,,0,0,,,,,,1,0,0,,
22K203,,,3.0,,,art related trips,0,,2.0,0,,0,0.0,24-30 hrs,1,0,,10.0,0,1,,2.0,1,0,3.0,,,0,0,0,,0,2.0,,,0,0,31+ hrs,0,,0,0,0,2.0,,0,1.0,0,0,0,0,3.0,,2.0,2.0,0,0,0,3.0,1,0.0,0,0,0,,1,,,,2.0,0,2.0,8.0,,0,0,,0,3.0,0,2.0,0,1,1.0,0,0,2.0,2.0,3.0,1,2.0,0,,2.0,,1,,0,,1,2.0,,,0,,0,0,30.0,0,,0,1,0.0,2.0,2.0,,1,,,,0,0,0,0.0,,0,3.0,,3.0,,,,,2.0,0,,,,0,,0,,2.0,0,0,0,1,0,0,0,,,0,1,0.0,1,,,0.0,,Dana,,0,2.0,,3.0,1,,2.0,,1,2.0,0,0,0.0,,,3.0,1,,2.0,,0,16.0,2.0,0,0,3.0,,3.0,0.0,0,0,1,24-30 hrs,2.0,2.0,,,0,,3.0,2.0,2.0,,,0,0,,,,,,1,0,1,,
11X355,,,,,,0,0,,,0,,0,0.0,,1,0,,2.0,0,0,,,0,0,,0.0,,0,0,0,,0,,,,0,0,,0,,0,0,0,,,0,0.0,0,0,0,0,0.0,,,,0,0,0,,0,0.0,0,0,0,,0,,,,,0,,0.0,,1,0,,0,,0,,0,0,0.0,1,0,,,,0,,0,,,,0,,0,,1,,,,0,,0,0,35.0,0,,0,1,0.0,,,,0,,,,0,0,0,0.0,,1,,,0.0,,,,,,0,,,,0,,0,,,0,0,0,0,0,0,0,,,0,0,0.0,0,,,25.0,,,0.0,0,,,,0,,,,1,,0,0,2.0,,,,0,,,,1,2.0,,1,0,,,,0.0,1,0,0,,,,,,0,,,,,,,0,0,,1-6 hrs,,,,0,0,0,,
22K255,,,0.0,0.0,,"Fundraising, accompanying classes on museum trips",0,10.0,2.0,0,0.0,0,25.0,31+ hrs,0,0,,30.0,0,0,,2.0,1,0,5.0,,,0,0,0,,0,0.0,0.0,,0,0,31+ hrs,0,,0,0,0,0.0,,0,2.0,0,0,0,1,0.0,,0.0,0.0,0,0,0,0.0,0,25.0,0,0,0,,1,0.0,,,10.0,0,2.0,30.0,,1,1,,0,5.0,0,0.0,0,1,1.0,0,0,0.0,2.0,5.0,0,10.0,0,,2.0,0.0,1,,0,,0,2.0,,,0,,0,0,10.0,0,,0,1,25.0,0.0,10.0,,0,,,,0,0,1,0.0,,0,0.0,,0.0,,,,,10.0,0,,,,0,,0,0.0,0.0,0,1,0,0,0,1,0,,,0,0,0.0,1,,0.0,0.0,,Miriam,,0,0.0,,0.0,0,,10.0,,0,2.0,0,0,1.0,,,0.0,0,,0.0,,0,30.0,0.0,0,0,0.0,,0.0,0.0,0,0,0,31+ hrs,0.0,0.0,,0.0,0,,0.0,2.0,2.0,,,0,1,,,2.0,,,1,0,1,,2.0
21K153,,,0.0,,,0,0,,,0,,0,5.0,7-12 hrs,1,0,,1.0,0,0,,0.0,0,0,0.0,,,1,0,0,,0,0.0,,,0,0,0 hrs,0,,1,0,0,,,0,1.0,0,0,0,0,0.0,,,0.0,0,0,0,0.0,0,3.0,0,1,0,,1,,,,0.0,0,0.0,1.0,,0,0,,0,0.0,0,,1,0,1.0,0,0,0.0,0.0,0.0,1,0.0,0,,0.0,,0,,0,,1,0.0,,,0,,0,0,36.0,0,,0,0,,0.0,,,0,,,,0,0,1,0.0,,1,,,1.0,,,,,0.0,0,,,,0,,0,,0.0,1,0,0,0,0,0,0,,,0,0,0.0,1,,,0.0,,Maria,,0,0.0,,0.0,1,,0.0,,1,0.0,0,0,1.0,,,0.0,1,,0.0,,0,1.0,0.0,0,0,0.0,,,0.0,0,0,1,0 hrs,,0.0,,,0,,0.0,0.0,0.0,,,1,0,,,,,,1,0,0,,
14K110,,,,,,0,0,,,0,,0,0.0,,1,0,,7.0,0,0,,,0,0,10.0,,,0,0,0,,0,9.0,,,0,0,,0,,0,0,0,,,0,0.0,0,0,0,1,0.0,,,10.0,0,0,0,0.0,0,0.0,0,0,0,,1,,,,,0,0.0,5.0,,0,0,,0,10.0,0,,0,1,1.0,0,0,,0.0,,1,,0,,0.0,,1,,0,,1,,,,0,,0,0,10.0,0,,0,0,0.0,,,,1,,,,0,0,0,0.0,,0,,,2.0,,,,,,0,,,,0,,0,,0.0,0,0,0,1,0,0,0,,,0,1,0.0,0,,,0.0,,Dana,,0,9.0,,,1,,17.0,,1,0.0,0,0,2.0,,,10.0,0,,0.0,,0,5.0,,0,0,,,,0.0,0,0,0,1-6 hrs,,10.0,,,0,,0.0,0.0,0.0,,,0,0,,,,,,0,0,0,,
12X098,,,,,,0,0,,,0,,0,1.0,,1,0,,2.0,0,0,Sports and Arts in Schools Foundation,,0,0,,81.0,,0,0,0,,0,,,,0,0,7-12 hrs,0,,0,0,0,,,0,1.0,0,0,0,0,0.0,,,,0,0,0,,0,0.0,0,0,0,,1,,,,,0,,10.0,,1,0,,0,,0,,0,1,1.0,1,0,,,,1,,0,,,,1,,0,,1,,,,0,,0,0,120.0,0,,0,0,2.0,,,,0,,,,0,0,0,0.0,,0,,,0.0,,,,,,0,,,,0,,0,,,0,0,0,1,0,0,0,,,0,0,0.0,1,,,0.0,,Sean,0.0,0,,,,1,,,,1,,0,0,0.0,,,,0,,,,1,0.0,,1,0,,,,1.0,0,0,0,31+ hrs,,,,,0,,,,,,,0,1,,,,,,1,0,0,,
10X264,,,,,,0,0,,,0,,0,0.0,,1,0,,0.0,0,0,,,0,0,,,,0,0,0,,0,,,,0,0,13-18 hrs,0,,0,0,0,,,0,1.0,0,0,0,0,,,,,0,0,0,,0,0.0,0,0,0,,1,,,,,0,,2.0,,1,0,,0,,0,,0,1,0.0,0,0,,,,1,,0,,,,1,,0,,1,,,,0,,0,0,,0,,0,0,1.0,,,,0,,,,0,0,0,0.0,,0,,,0.0,,,,,,0,,,,0,,0,,,0,0,0,0,0,0,0,,,0,0,0.0,1,,,0.0,,Christopher,,0,,,,1,,,,1,,0,0,0.0,,,,0,,,,0,0.0,,0,0,,,,0.0,0,0,0,,,,,,0,,,,,,,0,0,,,,,,0,0,0,,
10X003,,,,,,0,0,,,0,,0,12.0,,1,0,,1.0,0,0,SOBRO,,0,0,60.0,160.0,,0,0,0,,0,,,,0,0,31+ hrs,0,,0,0,0,,,0,1.0,0,0,0,0,0.0,,,,0,0,0,,0,12.0,0,1,0,,1,,,,60.0,0,,1.0,,0,0,,0,60.0,0,,0,1,0.0,1,0,,130.0,,1,,0,,130.0,,1,,0,,1,,,,0,,0,0,160.0,0,,0,1,12.0,,,,0,,,,1,0,0,0.0,,1,,,0.0,,,,,,0,,,,0,,0,,60.0,0,0,0,0,0,0,0,,,0,0,0.0,1,,,0.0,,Richard,160.0,0,60.0,,60.0,1,,60.0,,1,130.0,0,0,0.0,,,60.0,0,,60.0,,1,1.0,,1,0,,,,0.0,0,0,0,,,60.0,,,1,,60.0,160.0,130.0,,,0,0,,,,,,1,0,0,,
03M243,,,,,,0,0,,,0,,0,1.0,1-6 hrs,1,0,,3.0,0,0,film society of Lincoln Center,1.0,0,0,,2.0,,0,0,0,,0,,,,0,0,7-12 hrs,0,,0,0,0,0.0,,0,1.0,0,0,0,1,0.0,,0.0,,0,0,0,,0,1.0,0,1,0,115.0,1,,,,,0,1.0,6.0,,1,0,,0,,0,,0,1,1.0,1,0,,,,1,,0,,,,1,,0,,1,,,,0,0.0,0,0,20.0,0,,0,1,1.0,,,,1,0.0,0.0,,0,0,0,0.0,,1,,2.0,0.0,,,,,,0,,,,0,,1,,,0,1,1,0,0,0,0,,,0,0,2.0,1,,,0.0,,Suzanne,0.0,0,,,,0,,,,1,,0,0,0.0,,,,0,,,,0,0.0,0.0,1,0,0.0,,0.0,0.0,1,0,0,13-18 hrs,0.0,,,,1,,,1.0,,,,1,1,,,,,,1,0,0,,
03M403,,,,,,0,0,,,0,,0,0.0,,1,0,,0.0,0,0,,,0,0,,,,0,0,0,,0,,,,0,0,,0,,0,0,0,,,0,0.0,0,0,0,0,0.0,,,,0,0,0,,0,0.0,0,0,0,,0,,,,,0,,0.0,,1,0,,0,,0,,0,1,0.0,0,0,,,,0,,0,,,,1,,0,,1,,,,0,,0,0,2.0,0,,0,1,0.0,,,,0,,,,0,0,0,0.0,,0,,,0.0,,,,,,0,,,,0,,0,,,0,1,0,0,0,1,0,,,0,0,0.0,1,,,0.0,,Angel,,0,,,,0,,,,1,,0,0,0.0,,,,0,,,,0,0.0,,0,0,,,,0.0,0,0,0,,,,,,0,,,,,,,0,0,,,,,,0,0,0,,
11X370,,,,,,0,0,,,0,,0,0.0,,1,0,13-18 hrs,2.0,0,0,Stella Adler Studio,,0,0,,30.0,,0,0,0,,0,,,,0,0,,0,,0,0,0,,,0,0.0,0,0,0,0,,,,,0,0,0,,0,1.0,0,1,0,,0,,,,,0,,2.0,,0,0,,0,,0,,0,0,1.0,1,0,,,,0,,0,,,,0,,0,,1,,,,0,,0,0,80.0,0,,0,0,3.0,,,,0,,,,0,0,0,4.0,,1,,,0.0,,,,,,0,,,,0,,0,,,0,0,0,0,0,0,0,,,0,0,0.0,1,,,0.0,,Sean,50.0,0,,,,0,,,,1,,0,0,0.0,,,,0,,,,1,1.0,,1,0,,,,0.0,1,0,0,19-23 hrs,,,,,0,,,,,,,1,1,,,,,,1,0,0,,
19K346,,,0.0,0.0,,0,0,0.0,0.0,0,0.0,0,,24-30 hrs,0,0,,3.0,0,0,,0.0,0,0,0.0,,,0,0,0,,0,0.0,0.0,,0,0,31+ hrs,0,,0,0,0,0.0,,0,1.0,0,0,0,1,0.0,,,0.0,0,0,0,0.0,0,,0,0,0,,0,,,,0.0,0,0.0,0.0,,0,0,,0,0.0,0,,0,0,1.0,0,0,0.0,0.0,0.0,1,0.0,0,,0.0,0.0,1,,0,,1,0.0,,,0,,0,0,3.0,0,,0,1,,0.0,,,0,,,,0,0,0,0.0,,0,,,0.0,,,,,0.0,0,,,,0,,0,0.0,0.0,0,0,0,0,0,0,0,,,0,0,0.0,0,,0.0,0.0,,Brittni,,0,0.0,,0.0,1,,0.0,,1,0.0,0,0,0.0,,,0.0,0,,0.0,,0,3.0,0.0,0,0,0.0,,0.0,0.0,0,0,0,24-30 hrs,,0.0,,,0,,0.0,0.0,0.0,,,0,0,,,0.0,,,0,0,0,,
09X170,,,,,,attending family arts workshops,0,,,0,,0,12.0,31+ hrs,0,0,,8.0,0,0,,,0,0,11.0,,,0,0,0,,0,0.0,,,0,0,24-30 hrs,0,,0,0,0,,,0,1.0,0,0,0,0,0.0,,,23.0,0,0,0,11.0,0,12.0,0,0,0,,1,,,,,0,,1.0,,1,1,,0,11.0,0,,0,1,,0,0,,11.0,11.0,1,,0,,11.0,,1,,0,,1,11.0,,,0,,0,0,23.0,0,,0,1,0.0,23.0,,,0,,,,0,0,0,0.0,,0,,,0.0,,,,,,0,,,,0,,0,,90.0,0,0,0,1,0,0,0,,,0,0,,0,,,0.0,,Amanda,,1,0.0,,,1,,,,0,,0,0,2.0,,,,1,,,,0,10.0,,0,0,,,,0.0,0,0,0,,,23.0,,,0,,11.0,,11.0,,,0,0,,,,,,1,0,0,,
03M404,,,,,,0,0,,,0,,0,,,1,0,,,0,0,Young Life,,0,0,,,,0,0,0,,0,,,,0,0,,0,,0,0,0,,,0,0.0,0,0,0,0,,,,,0,0,0,,0,1.0,0,0,0,,1,,,,,0,,1.0,,1,0,,0,,0,,0,1,0.0,0,0,,,,0,,0,,,,1,,0,,1,,,,0,,0,0,150.0,0,,0,1,1.0,,,,0,,,,0,0,0,0.0,,1,,,2.0,,,,,,0,,,,0,,0,,,0,1,0,0,0,0,0,,,0,0,0.0,1,,,0.0,,Sean,,1,,,,0,,,,1,,0,0,,,,,0,,,,0,0.0,,0,0,,,,0.0,1,0,0,,,,,,0,,,,,,,1,1,,,,,,0,0,0,,
10X280,,,20.0,,,0,0,,,0,,0,1.0,,0,0,1-6 hrs,0.0,0,0,,50.0,0,0,20.0,50.0,,0,0,0,,0,20.0,,,1,0,,0,,0,0,0,,,0,,0,0,0,0,0.0,,,20.0,0,0,0,20.0,0,3.0,0,1,0,,1,,,,20.0,0,50.0,1.0,,0,0,,0,20.0,0,,0,1,,1,0,20.0,50.0,20.0,1,20.0,0,,50.0,,1,,0,,1,50.0,,,0,,0,0,120.0,0,,0,0,0.0,20.0,,,0,,,,1,0,0,1.0,,0,,,5.0,,,,,20.0,0,,,,0,,0,,20.0,0,0,0,0,0,0,0,,,0,0,,1,,,1.0,,Christina,20.0,0,20.0,,20.0,1,,20.0,,1,50.0,0,1,5.0,,,20.0,0,,20.0,,1,1.0,20.0,1,0,20.0,,,0.0,1,0,0,,,20.0,,,1,,20.0,50.0,50.0,,,0,1,,1-6 hrs,,,,0,0,0,,
09X117,,,,,,0,0,,,0,,0,0.0,13-18 hrs,1,0,,3.0,0,0,,,0,0,,100.0,,0,0,0,,0,,,,0,0,13-18 hrs,0,,0,0,0,,,0,1.0,0,0,0,0,0.0,,,,0,0,0,,0,1.0,0,0,0,,0,,,,,0,,2.0,,1,0,,0,,0,,0,1,,1,0,,,,1,,0,,,,1,,0,,1,,,,0,,0,0,18.0,0,,0,0,0.0,,,,0,,,,1,0,0,0.0,,0,,,0.0,,,,,,0,,,,0,,0,,,0,0,0,0,0,1,0,,,0,0,,1,,,0.0,,Darryl,100.0,0,,,,1,,,,1,,0,0,0.0,,,,0,,,,1,0.0,,1,0,,,,0.0,0,0,0,,,,,,0,,,,,,,0,0,,,,,,0,0,0,,
22K251,,,2.0,,,0,0,3.0,,0,,0,,31+ hrs,1,0,,3.0,0,0,Bureau of Lectures and concerts African drum and dance,2.0,0,0,2.0,,,0,0,0,,0,2.0,,,0,0,31+ hrs,0,,0,0,0,,,0,1.0,0,0,0,0,,,,2.0,0,0,0,2.0,1,,0,0,0,,1,,,,3.0,0,2.0,1.0,,1,0,,0,2.0,0,,0,1,1.0,0,0,2.0,2.0,2.0,1,3.0,0,,2.0,,1,,0,,0,2.0,,,0,,0,0,1.0,0,,0,0,0.0,2.0,,,0,,,,0,0,0,,,1,,,0.0,,,,,3.0,0,,,,0,,0,,2.0,0,0,0,0,0,0,0,,,0,0,,1,,2.0,,,Jessica,,0,2.0,,3.0,1,,3.0,,0,2.0,0,0,1.0,,,2.0,0,,2.0,,0,0.0,2.0,0,0,2.0,,,0.0,0,0,0,31+ hrs,,2.0,,,0,,2.0,2.0,2.0,,,0,0,,,,,,0,0,0,,
02M534,,,,,,Learning with their children,0,,,0,,0,,31+ hrs,0,0,,4.0,0,0,,,0,0,,,,0,0,0,,0,,,,0,0,,0,,0,0,0,,,0,,0,0,0,0,,,,,0,0,0,,0,2.0,0,0,0,,1,,,,,0,,2.0,,0,1,,0,,0,,0,1,2.0,0,0,,,,0,,0,,,,1,,0,,0,,,,0,,0,0,,0,,0,1,1.0,,,,0,,,,0,0,0,2.0,,0,,,0.0,,,,,,0,,,,0,,0,,,0,0,0,0,0,1,0,,,0,0,,1,,,1.0,,Colin,,1,,,,0,,,,0,,0,0,1.0,,,,0,,,,0,5.0,,0,0,,,,0.0,0,0,0,7-12 hrs,,,,,0,,,,,,,1,0,,1-6 hrs,,,,0,0,0,,
01M292,,,,,,0,0,,,0,,0,0.0,,1,0,,1.0,0,0,,,0,0,,,,0,0,0,,0,,,,0,0,,0,,0,0,0,,,0,0.0,0,0,0,0,0.0,,,,0,0,0,,0,1.0,0,0,0,,1,,,,,0,,1.0,,0,1,,0,,0,,0,1,1.0,0,0,,,,0,,0,,,,0,,0,,0,,,,0,,0,0,,0,,0,1,1.0,,,,0,,,,0,0,0,0.0,,1,,,1.0,,,,,,0,,,,0,,0,,,0,0,0,0,0,0,0,,,0,0,0.0,1,,,0.0,,,,0,,,,0,,,,0,,0,0,0.0,,,,0,,,,0,1.0,,0,0,,,,0.0,0,0,0,1-6 hrs,,,,,0,,,,,,,0,0,,,,,,0,0,0,,
09X022,,,,,,participate in parent art workshops/classes,0,,,0,,0,6.0,,0,0,,5.0,0,0,,,0,0,,0.0,,0,0,0,,0,,,,0,0,24-30 hrs,0,,0,0,0,,,0,1.0,0,0,0,0,,,,,0,0,0,,0,6.0,0,0,0,,1,,,,,0,,2.0,,1,0,,0,,0,,0,1,0.0,1,0,,,,1,,0,,,,1,,0,,1,,,,0,,0,0,360.0,0,,0,1,6.0,,,,0,,,,0,0,0,0.0,,0,,,,,,,,,0,,,,0,,0,,,0,0,0,0,0,0,0,,,0,0,0.0,1,,,0.0,,Jose,0.0,0,,,,1,,,,1,,0,0,,,,,0,,,,1,5.0,,1,0,,,,0.0,0,0,0,,,,,,0,,,,,,,0,0,,,,,,1,0,0,,
10X459,,,,,,0,0,,,0,,0,0.0,7-12 hrs,1,0,,2.0,0,0,,,0,0,,0.0,,0,0,0,,0,,,,0,0,31+ hrs,0,,0,0,0,,,0,1.0,0,0,0,0,,,,,0,0,0,,0,0.0,0,1,0,,1,,,,,0,,2.0,,1,0,,0,,0,,0,1,1.0,1,0,,,,1,,0,,,,1,,0,,1,,,,0,,0,0,30.0,0,,0,1,0.0,,,,0,,,,0,0,0,0.0,,0,,,3.0,,,,,,0,,,,0,,1,,,0,0,0,1,0,0,0,,,0,0,,1,,,0.0,,,0.0,0,,,,1,,,,1,,0,0,1.0,,,,0,,,,0,1.0,,1,0,,,,1.0,0,0,0,1-6 hrs,,,,,1,,,,,,,1,0,,,,,,0,0,0,,
19K149,,,10.0,10.0,,0,0,10.0,10.0,0,10.0,0,6.0,,1,0,,2.0,0,0,Dancing with Hope,10.0,0,0,10.0,,,0,0,0,,0,10.0,10.0,,0,0,19-23 hrs,0,,0,0,0,10.0,,0,1.0,0,0,0,0,,,10.0,10.0,0,0,0,10.0,0,1.0,0,1,0,,0,,,,10.0,0,10.0,3.0,,0,0,,0,10.0,0,10.0,0,1,1.0,0,0,10.0,10.0,10.0,1,10.0,0,,10.0,10.0,0,,0,,0,10.0,,,0,,0,0,100.0,0,,0,0,5.0,10.0,10.0,,0,,,,0,0,0,4.0,,1,10.0,,3.0,,,,,10.0,0,,,,0,,0,10.0,120.0,0,0,0,0,0,0,0,,,0,0,,1,,10.0,4.0,,Karen,,0,10.0,,10.0,1,,10.0,,0,10.0,0,1,2.0,,,10.0,0,,10.0,,0,3.0,10.0,0,0,10.0,,10.0,0.0,1,0,0,19-23 hrs,10.0,10.0,,,0,,10.0,10.0,10.0,,,0,0,,7-12 hrs,10.0,,,0,0,0,,10.0
12X006,,,0.0,48.0,,0,0,48.0,0.0,0,48.0,0,2.0,7-12 hrs,1,0,,2.0,0,0,,0.0,0,0,0.0,,,1,0,0,,0,48.0,48.0,,0,0,,0,,1,0,0,48.0,,0,0.0,0,0,0,0,0.0,,,48.0,0,0,0,0.0,0,2.0,0,1,0,,1,,,,48.0,0,0.0,0.0,,0,0,,0,0.0,0,,0,1,0.0,0,0,48.0,0.0,0.0,1,48.0,0,,0.0,48.0,1,,0,,1,0.0,,,0,,0,0,4.0,0,,0,1,2.0,48.0,48.0,,0,,,,1,0,0,2.0,,1,,,0.0,,,,,48.0,0,,,,0,,0,0.0,48.0,1,0,0,0,0,0,0,,,0,0,0.0,1,,48.0,0.0,,Susan,,0,48.0,,0.0,1,,48.0,,1,0.0,0,1,3.0,,,0.0,0,,48.0,,0,0.0,48.0,0,0,0.0,,0.0,0.0,0,0,0,,,48.0,,,0,,0.0,0.0,0.0,,,0,0,,,0.0,,,1,0,0,,
06M143,,,,,,0,0,,,0,,0,1.0,,1,0,,1.0,0,0,NONE,,0,0,,0.0,,0,0,0,,0,,,,0,0,1-6 hrs,0,,0,0,0,,,0,1.0,0,0,0,0,0.0,,,,0,0,0,,0,1.0,0,0,0,,1,,,,,0,,0.0,,1,0,,0,,0,,0,1,0.0,1,0,,,,1,,0,,,,1,,0,,1,,,,0,,0,0,,0,,0,0,0.0,,,,0,,,,0,0,0,0.0,,1,,,0.0,,,,,,0,,,,0,,0,,,0,0,0,0,0,0,0,,,0,0,0.0,1,,,0.0,,Patricia,0.0,0,,,,1,,,,1,,0,0,0.0,,,,0,,,,1,0.0,,1,0,,,,0.0,0,0,0,,,,,,0,,,,,,,0,1,,,,,,0,0,0,,
21K468,,,,,,0,0,,,0,,0,1.0,13-18 hrs,1,0,,1.0,0,0,Literature to Life,,0,0,,0.0,,0,0,0,,0,,,,0,0,19-23 hrs,0,,0,0,0,,,0,1.0,0,0,0,0,1.0,,,,0,0,0,,0,0.0,0,1,0,,0,,,,,0,,1.0,,1,0,,0,,0,,0,0,0.0,1,0,,,,0,,0,,,,1,,0,,1,,,,0,,0,0,3.0,0,,0,1,1.0,,,,0,,,,1,0,0,0.0,,1,,,0.0,,,,,,0,,,,0,,1,,,0,1,0,0,0,0,0,,,0,0,0.0,1,,,0.0,,Karen,0.0,0,,,,0,,,,1,,0,0,0.0,,,,0,,,,1,0.0,,1,0,,,,0.0,0,0,0,,,,,,0,,,,,,,0,1,,,,,,1,0,0,,
19K273,,,,,,0,0,,,0,,0,0.0,,1,0,,0.0,0,0,,,0,0,0.0,,,0,0,0,,0,0.0,,,0,0,,0,,0,0,0,,,0,,0,0,0,0,0.0,,,,1,0,0,0.0,0,0.0,0,0,0,,0,,,,0.0,0,0.0,0.0,,0,0,,0,0.0,0,,0,0,,0,0,,0.0,,0,,0,,0.0,,0,,0,,1,,,,0,,0,0,,0,,0,0,0.0,,,,0,,,,0,0,0,0.0,,1,,,0.0,,,,,,0,,,,0,,0,,0.0,0,0,0,0,0,0,0,,,0,0,,0,,,0.0,,Maria,,0,0.0,,0.0,0,,0.0,,1,0.0,0,0,0.0,,,0.0,0,,0.0,,0,0.0,,0,0,,,,0.0,0,0,0,,,0.0,,,0,,0.0,0.0,0.0,,,0,0,,,,,,0,0,0,,
17K543,,,,,,0,0,,,0,,0,0.0,,1,0,,3.0,0,0,,,0,0,,50.0,,0,0,0,,0,,,,0,0,1-6 hrs,0,,0,0,0,,,0,1.0,0,0,0,0,0.0,,,,0,0,0,,0,0.0,0,1,0,,1,,,,,0,,2.0,,1,0,,0,,0,,0,1,1.0,1,0,,,,1,,0,,,,0,,0,,1,,,,0,,0,0,90.0,0,,0,1,1.0,,,,0,,,,0,0,0,1.0,,0,,,1.0,,,,,,0,,,,0,,0,,,0,0,0,1,0,0,0,,,0,0,,1,,,,,Judith,50.0,0,,,,1,,,,1,,0,0,1.0,,,,0,,,,1,2.0,,1,0,,,,0.0,1,0,0,1-6 hrs,,,,,0,,,,,,,0,1,,,,,,0,0,0,,
10X141,,,,,,0,0,,,0,,0,0.0,,0,0,,0.0,0,0,,,0,0,,0.0,,0,0,0,,0,,,,0,0,1-6 hrs,0,,0,0,0,,,0,3.0,0,0,0,0,0.0,,,,0,0,0,,0,0.0,0,0,0,,1,,,,,0,,2.0,,0,0,,0,,0,,0,1,2.0,1,0,,,,1,,0,,,,1,,0,,1,,,,0,,0,0,,0,,0,0,0.0,,,,0,,,,0,0,0,0.0,,0,,,0.0,,,,,,0,,,,0,,0,,,0,0,0,0,0,0,0,,,0,0,0.0,0,,,0.0,,Thomas,0.0,0,,,,1,,,,1,,0,0,0.0,,,,0,,,,1,2.0,,1,0,,,,2.0,0,0,0,1-6 hrs,,,,,0,,,,,,,0,0,,,,,,0,0,0,,
17K061,,,,,,0,0,,,0,,0,1.0,,1,0,,1.0,0,0,,,0,0,,7.0,,0,0,0,,0,,,,0,0,7-12 hrs,0,,0,0,0,,,0,1.0,0,0,0,0,0.0,,,,0,0,0,,0,1.0,0,0,0,,1,,,,,0,,1.0,,1,0,,0,,0,,0,1,0.0,1,0,,,,1,,0,,,,1,,0,,1,,,,0,,0,0,2.0,0,,0,0,0.0,,,,0,,,,0,0,0,0.0,,0,,,0.0,,,,,,0,,,,0,,0,,,0,0,0,1,0,0,0,,,0,0,0.0,0,,,0.0,,Shantay,0.0,0,,,,1,,,,1,,0,0,0.0,,,,0,,,,1,0.0,,1,0,,,,2.0,0,0,0,,,,,,0,,,,,,,0,0,,,,,,0,0,0,,
02M933,,,,,,0,0,,,0,,0,,,0,0,,0.0,0,0,,,0,0,,0.0,,0,0,0,,0,,,,0,0,31+ hrs,0,,0,0,0,,,0,1.0,0,0,0,0,0.0,,,,0,0,0,,0,,0,0,0,,1,,,,,0,,1.0,,1,0,,0,,0,,0,0,1.0,1,0,,,,0,,0,,,,1,,0,,1,,,,0,,0,0,1.0,0,,0,1,,,,,0,,,,0,0,0,0.0,,0,,,0.0,,,,,,0,,,,0,,0,,,0,0,0,0,0,0,0,,,0,0,0.0,1,,,0.0,,Jessica,12.0,0,,,,1,,,,1,,0,0,0.0,,,,0,,,,1,2.0,,1,0,,,,0.0,0,0,0,24-30 hrs,,,,,1,,,,,,,0,1,,,,,,0,0,0,,
05M362,,,,,,Teaching arts electives,0,,,0,,0,3.0,,1,0,,3.0,0,0,,,0,0,,450.0,,0,0,0,,0,,,,0,0,1-6 hrs,0,,0,0,0,,,0,1.0,0,0,0,0,0.0,,,,0,0,0,,0,1.0,0,0,0,,1,,,,,0,,4.0,,1,0,,0,,0,,0,1,1.0,1,0,,,,1,,0,,,,1,,0,,0,,,,0,,0,0,450.0,0,,0,0,1.0,,,,0,,,,0,0,0,0.0,,0,,,1.0,,,,,,0,,,,0,,0,,,0,0,0,1,0,0,0,,,0,0,0.0,1,,,0.0,,Lenice,450.0,0,,,,1,,,,1,,0,0,0.0,,,,0,,,,1,3.0,,1,0,,,,0.0,0,0,0,7-12 hrs,,,,,1,,,,,,,0,0,,,,,,0,0,0,,
09X241,,,,,,0,0,,,0,,0,,,1,0,,2.0,0,0,,,0,0,,0.0,,0,0,0,,0,,,,0,0,7-12 hrs,0,,0,0,0,,,0,1.0,0,0,0,0,0.0,,,,0,0,0,,0,,0,0,0,,1,,,,,0,,1.0,,0,0,,0,,0,,0,1,0.0,1,0,,,,1,,0,,,,1,,0,,1,,,,0,,0,0,120.0,0,,0,0,,,,,0,,,,0,0,0,0.0,,0,,,0.0,,,,,,0,,,,0,,0,,,0,0,0,1,0,0,0,,,0,0,0.0,1,,,0.0,,Eric,0.0,0,,,,1,,,,1,,0,0,2.0,,,,0,,,,1,0.0,,1,0,,,,0.0,0,0,0,,,,,,0,,,,,,,0,1,,,,,,1,0,0,,
03M541,,,,,,0,0,,,0,,0,0.0,,1,0,,0.0,0,0,,,0,0,,,,0,0,0,,0,,,,0,0,13-18 hrs,0,,0,0,0,,,0,1.0,0,0,0,0,0.0,,,,0,0,0,,0,0.0,0,0,0,,1,,,,,0,,0.0,,0,0,,0,,0,,0,0,1.0,0,0,,,,0,,0,,,,0,,0,,1,,,,0,,0,0,4.0,0,,0,1,1.0,,,,0,,,,0,0,0,0.0,,0,,,0.0,,,,,,0,,,,0,,0,,,0,0,0,0,0,0,0,,,0,0,0.0,1,,,0.0,,Pamela,,0,,,,0,,,,1,,0,0,0.0,,,,0,,,,0,0.0,,0,0,,,,0.0,0,0,0,7-12 hrs,,,,,0,,,,,,,0,1,,,,,,0,0,0,,
02M150,,,,,,0,0,,,0,,0,1.0,,0,0,,0.0,0,0,,,1,0,,,,0,0,0,,0,,,,0,0,1-6 hrs,0,,0,0,0,,,0,1.0,0,0,0,0,0.0,,,,1,0,0,,0,0.0,0,0,0,,1,,,,,0,,2.0,,0,0,,0,0.0,0,,0,0,1.0,0,0,,0.0,,1,,0,,0.0,,0,,0,,1,,,,0,,0,0,40.0,0,,0,1,0.0,,,,0,,,,0,0,0,0.0,,0,,,7.0,,,,,,0,,,,0,,0,,0.0,0,0,0,1,0,0,0,,,0,0,,0,,,0.0,,Jennifer,,0,,,,1,,,,1,0.0,0,0,7.0,,,0.0,0,,,,0,12.0,,0,0,,,,0.0,0,0,0,1-6 hrs,,,,,0,,,0.0,,,,0,0,,,,,,0,0,0,,
03M421,,,,,,0,0,,,0,,0,1.0,,1,0,0 hrs,4.0,0,0,,,0,0,,60.0,,0,0,0,,0,,,,0,0,7-12 hrs,0,,0,0,0,,,0,2.0,0,0,0,0,1.0,,,,0,0,0,,0,1.0,0,0,0,30.0,0,,,,,0,,3.0,,0,1,,0,,0,,0,0,0.0,1,0,,,,0,,0,,,,1,,0,,1,,,,0,,0,0,120.0,0,,0,0,1.0,,,,0,,,,0,0,0,0.0,,0,,,4.0,,,,,,0,,,,0,,0,,,0,0,1,1,0,0,0,,,0,0,0.0,1,,,0.0,,Cidalia,30.0,0,,,,1,,,,0,,0,1,4.0,,,,0,,,,0,3.0,,1,0,,,,0.0,1,0,0,,,,,,1,,,,,,,1,1,,,,,,1,0,0,,
06M468,,,,,,0,0,,,0,,0,0.0,,1,0,,2.0,0,0,,,0,0,,,,0,0,0,,0,,,,0,0,19-23 hrs,0,,0,0,0,,,0,1.0,0,0,0,0,0.0,,,,0,0,0,,0,0.0,0,0,0,,1,,,,,0,,1.0,,1,0,,0,,0,,0,1,1.0,0,0,,,,0,,0,,,,1,,0,,1,,,,0,,0,0,69.0,0,,0,0,0.0,,,,0,,,,0,0,0,0.0,,0,,,1.0,,,,,,0,,,,0,,0,,,0,0,0,1,0,0,0,,,0,0,0.0,1,,,0.0,,Iana,,0,,,,1,,,,1,,0,1,0.0,,,,0,,,,0,0.0,,0,0,,,,0.0,0,0,0,19-23 hrs,,,,,0,,,,,,,0,0,,,,,,0,0,0,,
03M199,,,0.0,12.0,,0,0,0.0,0.0,0,0.0,0,0.0,,1,0,,3.0,0,0,,0.0,0,0,14.0,,,0,0,0,,0,12.0,0.0,,0,0,7-12 hrs,0,,0,0,0,0.0,,0,2.0,0,0,0,0,,,0.0,0.0,0,0,0,7.0,0,2.0,0,0,0,,0,,,,50.0,0,0.0,0.0,,0,1,,0,14.0,0,50.0,0,0,1.0,0,0,50.0,8.0,14.0,1,0.0,0,,0.0,0.0,1,,0,,1,8.0,,,0,,0,0,45.0,0,,0,1,0.0,0.0,50.0,,0,,,,0,0,0,0.0,,0,,,2.0,,,,,50.0,0,,,,0,,0,7.0,0.0,0,0,0,1,0,0,0,,,0,0,0.0,1,,50.0,0.0,,Mila,,0,12.0,,0.0,1,,50.0,,0,8.0,0,0,0.0,,,0.0,0,,50.0,,0,6.0,0.0,0,0,0.0,,0.0,1.0,0,0,0,1-6 hrs,50.0,0.0,,,0,,7.0,0.0,8.0,,,0,1,,,0.0,,,0,0,0,,8.0
21K095,,,1.0,1.0,,0,0,1.0,2.0,0,2.0,0,1.0,13-18 hrs,1,0,,5.0,0,1,,2.0,1,0,1.0,2.0,,0,0,0,,0,1.0,2.0,,0,0,19-23 hrs,0,,0,0,0,6.0,,0,1.0,0,0,0,1,10.0,,,2.0,1,0,0,1.0,0,1.0,0,0,0,,1,,,,1.0,0,2.0,1.0,,0,0,,0,1.0,0,2.0,0,1,1.0,1,0,2.0,2.0,1.0,1,1.0,0,,2.0,,1,,0,,1,2.0,,,0,,0,0,25.0,0,,0,1,1.0,2.0,1.0,,1,,,,0,0,0,5.0,,0,,,2.0,,,2.0,,1.0,0,,,,0,,1,1.0,4.0,0,1,0,0,0,0,0,,,0,0,,1,,2.0,3.0,,Dermott,1.0,1,1.0,,1.0,1,,1.0,,1,2.0,0,0,2.0,,,1.0,0,,2.0,,1,6.0,6.0,1,0,6.0,,6.0,0.0,1,0,0,19-23 hrs,,2.0,,,1,,1.0,2.0,2.0,,,0,1,,1-6 hrs,2.0,,,1,0,0,2.0,2.0
07X043,,,45.0,,,0,0,45.0,,0,,0,1.0,1-6 hrs,1,0,,2.0,0,0,,45.0,0,0,60.0,,,0,0,0,,0,90.0,,,0,0,,0,,0,0,0,,,0,0.0,0,0,0,0,0.0,,,45.0,0,0,0,90.0,0,0.0,0,0,0,,1,,,,45.0,0,45.0,1.0,,0,0,,0,60.0,0,,0,1,0.0,0,0,45.0,150.0,60.0,1,45.0,0,,160.0,,1,,0,,1,150.0,,,0,,0,0,38.0,0,,0,0,1.0,45.0,45.0,,0,,,,0,0,0,0.0,,0,,,0.0,,,,,45.0,0,,,,0,,0,,135.0,0,0,0,1,0,0,0,,,0,0,0.0,1,,45.0,22.0,,Nathaniel,,0,90.0,,45.0,1,,45.0,,1,165.0,0,0,0.0,,,45.0,0,,45.0,,0,2.0,90.0,0,0,45.0,,,0.0,0,0,0,,,45.0,,,0,,90.0,45.0,150.0,,,0,0,,1-6 hrs,,,,0,0,0,,
15K821,,,,,,0,0,,,0,,0,1.0,,1,0,1-6 hrs,,0,0,South Brooklyn Shakespeare Company,,0,0,,10.0,,0,0,0,,0,,,,0,0,1-6 hrs,0,,0,0,0,,,0,1.0,0,0,0,0,,,,,0,0,0,,0,1.0,0,0,0,,1,,,,,0,,6.0,,1,0,,0,,0,,0,0,0.0,1,0,,,,0,,0,,,,1,,0,,0,,,,0,,0,0,25.0,0,,0,1,1.0,,,,0,,,,0,0,0,,,0,,,,,,,,,0,,,,0,,0,,,0,0,0,1,0,0,0,,,0,0,0.0,1,,,,,Cecile,10.0,1,,,,0,,,,0,,0,1,,,,,0,,,,1,,,1,0,,,,0.0,0,0,0,,,,,,0,,,,,,,0,0,,,,,,0,0,0,,
18K366,,,,,,0,0,,,0,,0,0.0,19-23 hrs,0,0,,2.0,0,0,McDonald's Gospel Fest,,0,0,,0.0,,0,0,0,,0,,,,0,0,7-12 hrs,0,,0,0,0,,,0,2.0,0,0,0,0,0.0,,,,0,0,0,,0,0.0,0,0,0,,1,,,,,0,,0.0,,0,0,,0,,0,,0,1,0.0,1,0,,,,1,,0,,,,1,,0,,1,,,,0,,0,0,2.0,0,,0,0,0.0,,,,0,,,,0,0,0,0.0,,0,,,0.0,,,,,,0,,,,0,,0,,,0,0,0,0,0,1,0,,,0,0,0.0,1,,,0.0,,Kimberly,0.0,0,,,,1,,,,1,,0,0,1.0,,,,0,,,,1,1.0,,1,0,,,,0.0,0,0,0,,,,,,0,,,,,,,0,0,,,,,,0,0,0,,
03M241,,,,,,0,0,,,0,,0,4.0,,1,0,,1.0,0,0,,,0,0,34.0,,,0,0,0,,0,,,,0,0,,0,,0,0,0,,,0,,0,0,0,0,0.0,,,,0,0,0,,0,8.0,0,0,0,,0,,,,,0,43.0,0.0,,0,0,,0,34.0,0,,0,0,,0,0,,35.0,,1,,0,,35.0,,0,,0,,1,,,,0,,0,0,8.0,0,,0,0,1.0,,,,0,,,,0,0,0,,,0,,,0.0,,,,,,0,,,,0,,0,,8.0,0,0,0,1,0,0,0,,,0,0,,1,,,,,Marcia,,0,,,,1,,0.0,,1,35.0,0,0,0.0,,,34.0,0,,0.0,,0,0.0,,0,0,,,,0.0,0,0,0,,,8.0,,,0,,,43.0,35.0,,,0,0,,,,,,0,0,0,,
19K764,,,,,,0,0,,,0,,0,0.0,,1,0,31+ hrs,0.0,0,0,,,0,0,,,,0,0,0,,0,,,,0,0,,0,,0,0,0,,,0,0.0,0,0,0,0,0.0,,,,0,0,0,,0,0.0,0,0,0,,0,,,,,0,,0.0,,0,0,,0,,0,,0,0,0.0,0,0,,,,0,,0,,,,0,,0,,1,,,,0,,0,0,,0,,0,0,0.0,,,,0,,,,0,0,0,0.0,,0,,,0.0,,,,,,0,,,,0,,0,,,0,0,0,1,0,0,0,,,0,0,0.0,1,,,0.0,,Candace,,0,,,,0,,,,1,,0,1,0.0,,,,0,,,,0,0.0,,0,0,,,,0.0,0,0,0,,,,,,0,,,,,,,0,0,,,,,,0,0,0,,
19K190,,,,,,0,0,,,0,,0,1.0,,0,0,,2.0,0,0,,,0,0,0.0,,,0,0,0,,0,,,,0,0,,0,,1,0,0,,,0,0.0,0,0,0,1,,,,,1,0,0,,0,0.0,0,0,0,,0,,,,,0,0.0,,,0,0,,0,0.0,0,,0,0,0.0,0,0,,0.0,,0,,0,,0.0,,0,,0,,1,,,,0,,0,0,,0,,0,0,0.0,,,,0,,,,0,0,1,0.0,,1,,,1.0,,,,,,0,,,,0,,0,,0.0,0,0,0,0,0,0,0,,,0,0,0.0,0,,,0.0,,Laura,,0,0.0,,,0,,0.0,,1,0.0,0,0,1.0,,,0.0,0,,0.0,,0,2.0,,0,0,,,,0.0,0,0,0,,,0.0,,,0,,0.0,0.0,0.0,,,0,0,,,,,,0,0,0,,
14K318,,,,,,0,0,,,0,,1,1.0,1-6 hrs,1,0,,2.0,0,0,Salute to Music,,0,0,,,,0,0,0,,0,,,,0,0,0 hrs,0,,0,0,0,,,0,1.0,0,0,0,0,0.0,,,,0,0,0,,0,0.0,0,1,0,,0,,,,,0,,2.0,,0,0,,0,,0,,0,1,2.0,1,0,,,,1,,0,,,,1,,0,,1,,,,0,,0,1,80.0,0,,0,1,2.0,,,,0,,,,0,0,0,0.0,,1,,,3.0,,,,,,0,,,,0,,1,,,0,1,0,0,0,0,0,,,0,0,1.0,0,,,0.0,,Eungsoo,,1,,,,1,,,,1,,0,0,0.0,,,,0,,,,0,2.0,,0,0,,,,1.0,0,0,0,13-18 hrs,,,,,0,,,,,,,0,1,,,,,,1,0,0,,
02M288,,,,,,0,0,,,0,,0,0.0,,1,0,,2.0,0,0,,,0,0,,,,0,0,0,,0,,,,0,0,,0,,0,0,0,,,0,0.0,0,0,0,0,0.0,,,,0,0,0,,0,0.0,0,0,0,,0,,,,,0,,0.0,,1,1,,0,,0,,0,1,1.0,0,0,,,,0,,0,,,,1,,0,,1,,,,0,,0,0,,0,,0,1,0.0,,,,0,,,,0,0,0,0.0,,1,,,0.0,,,,,,0,,,,0,,0,,,0,0,0,0,0,0,0,,,0,0,0.0,1,,,0.0,,Stephen,,0,,,,0,,,,0,,0,0,0.0,,,,0,,,,0,3.0,,0,0,,,,0.0,0,0,0,1-6 hrs,,,,,0,,,,,,,1,0,,,,,,0,0,0,,
01M110,,,,,,0,0,,,0,,0,1.0,,1,0,,4.0,0,1,,,0,0,0.0,,,0,0,0,,0,,,,0,0,31+ hrs,0,,0,0,0,,,0,1.0,0,0,0,0,0.0,,,,1,0,0,,0,0.0,0,1,0,,0,,,,24.0,0,0.0,1.0,,0,0,,0,0.0,0,,0,0,0.0,0,0,,0.0,,0,,0,,0.0,,0,,0,,1,,,,0,,0,0,24.0,0,,0,1,0.0,,,,1,,,,0,0,0,0.0,,0,,,0.0,,,,,24.0,0,,,,0,,0,,84.0,0,0,0,0,0,0,0,,,0,1,0.0,1,,,0.0,,Jordana,,1,20.0,,0.0,1,,24.0,,1,0.0,0,0,2.0,,,0.0,0,,28.0,,0,0.0,,0,0,,,,0.0,0,0,1,,,28.0,,,0,,0.0,0.0,0.0,,,0,1,,,,,,0,0,0,,
19K214,,,0.0,0.0,,0,0,270.0,0.0,0,0.0,0,6.0,7-12 hrs,0,0,,0.0,0,0,Music for Many,0.0,0,0,540.0,,,0,0,0,,0,0.0,0.0,,0,0,7-12 hrs,0,,0,0,0,585.0,,0,1.0,0,0,0,1,0.0,,585.0,0.0,0,0,0,0.0,0,25.0,0,1,0,,1,,,,270.0,0,0.0,0.0,,1,1,,0,540.0,0,0.0,1,1,1.0,0,0,0.0,0.0,540.0,1,270.0,0,,0.0,0.0,1,,0,,0,0.0,,,0,,0,0,10.0,0,,0,1,6.0,0.0,270.0,,0,,,,1,0,0,0.0,,0,0.0,,1.0,,,0.0,,270.0,0,,,,0,,0,0.0,0.0,0,1,0,0,0,1,0,,,0,0,0.0,1,,0.0,0.0,,Sharon,,0,0.0,,0.0,1,,270.0,,0,0.0,0,0,0.0,,,0.0,0,,0.0,,0,0.0,585.0,0,0,0.0,,0.0,0.0,0,0,0,7-12 hrs,0.0,0.0,,,0,,0.0,0.0,0.0,,,0,1,,,0.0,,,1,0,0,0.0,0.0
09X517,,,,,,0,0,,,0,,0,0.0,,0,0,,1.0,0,0,,,0,0,,,,0,0,0,,0,,,,0,0,24-30 hrs,0,,0,0,0,,,0,1.0,0,0,0,0,0.0,,,,0,0,0,,0,1.0,0,1,0,,1,,,,,0,,2.0,,0,0,,0,,0,,0,0,0.0,0,0,,,,1,,0,,,,1,,0,,1,,,,0,,0,0,,0,,0,0,0.0,,,,0,,,,0,0,0,0.0,,0,,,0.0,,,,,,0,,,,0,,0,,,0,0,0,0,0,0,0,,,0,0,0.0,1,,,0.0,,Dacia,,0,,,,1,,,,1,,0,0,0.0,,,,0,,,,0,0.0,,0,0,,,,0.0,0,0,0,,,,,,0,,,,,,,0,0,,,,,,0,0,0,,
19K292,,,,,,0,0,,,0,,0,0.0,,1,0,,2.0,0,0,,,0,0,,10.0,,0,0,0,,0,,,,0,0,1-6 hrs,0,,0,0,0,,,0,1.0,0,0,0,0,,,,,0,0,0,,0,1.0,0,1,0,,1,,,,,0,,2.0,,0,0,,0,,0,,0,0,0.0,1,0,,,,1,,0,,,,1,,0,,1,,,,0,,0,0,,0,,0,0,1.0,,,,0,,,,0,0,0,0.0,,0,,,,,,,,,0,,,,0,,0,,,0,0,0,1,0,0,0,,,0,0,0.0,0,,,0.0,,Jennifer,0.0,1,,,,1,,,,1,,0,0,,,,,0,,,,1,2.0,,1,0,,,,0.0,0,0,0,,,,,,0,,,,,,,0,1,,,,,,1,0,0,,
03M076,,,,,,0,0,,,0,,0,0.0,,1,0,,1.0,0,0,,,0,0,35.0,16.0,,0,0,0,,0,,,,0,0,1-6 hrs,0,,0,0,0,,,0,1.0,0,0,0,0,,,,,0,0,0,,0,1.0,0,1,0,,0,,,,20.0,0,28.0,2.0,,0,0,,0,35.0,0,,1,1,0.0,1,0,,30.0,,1,,0,,20.0,,1,,0,,1,,,,0,,0,0,12.0,0,,0,0,1.0,,,,0,,,,1,0,0,0.0,,1,,,2.0,,,,,,0,,,,0,,1,,30.0,0,0,0,0,0,0,0,,,0,0,0.0,1,,,0.0,,Nickia,18.0,0,30.0,,26.0,1,,20.0,,1,28.0,0,0,0.0,,,30.0,0,,20.0,,1,1.0,,1,0,,,,0.0,0,0,0,,,35.0,,,0,,20.0,28.0,30.0,,,0,0,,,,,,0,0,0,,
04M377,,,,,,0,0,,,0,,0,0.0,24-30 hrs,1,0,1-6 hrs,6.0,0,0,Inside Broadway,,0,0,,100.0,,0,0,0,,0,,,,0,0,24-30 hrs,0,,0,0,0,,,0,1.0,0,0,0,0,,,,,0,0,0,,0,0.0,0,1,0,,0,,,,,0,,8.0,,1,0,,0,,0,,0,1,1.0,1,0,,,,0,,0,,,,1,,0,,1,,,,0,,0,0,40.0,0,,0,0,1.0,,,,0,,,,1,0,0,0.0,,0,,,5.0,,,,,,0,,,,0,,0,,,0,0,0,0,0,0,0,,,0,0,0.0,1,,,0.0,,Danielle,200.0,1,,,,0,,,,1,,0,1,5.0,,,,0,,,,0,6.0,,1,0,,,,0.0,1,0,0,24-30 hrs,,,,,1,,,,,,,1,1,,,,,,1,0,0,,
13K527,,,,,,0,0,,,0,,0,0.0,,1,0,,7.0,0,0,,,0,0,,0.0,,0,0,0,,0,,,,0,0,1-6 hrs,0,,0,0,0,,,0,1.0,0,0,0,0,,,,,0,0,0,,0,0.0,0,0,0,,1,,,,,0,,7.0,,0,0,,0,,0,,0,1,0.0,1,0,,,,1,,0,,,,1,,0,,1,,,,0,,0,0,,0,,0,1,0.0,,,,0,,,,0,0,0,0.0,,0,,,0.0,,,,,,0,,,,0,,0,,,0,0,0,0,0,0,0,,,0,0,0.0,0,,,0.0,,Colleen,0.0,0,,,,1,,,,1,,0,0,0.0,,,,0,,,,1,,,1,0,,,,0.0,0,0,0,,,,,,0,,,,,,,0,0,,,,,,1,0,0,,
15K767,,,,,,0,0,,,0,,0,0.0,31+ hrs,1,0,,2.0,0,0,,,0,0,,,,0,0,0,,0,,,,0,0,19-23 hrs,0,,0,0,0,,,0,2.0,0,0,0,0,0.0,,,,1,0,0,,0,1.0,0,1,0,,0,,,,,0,,2.0,,0,0,,0,,0,,0,1,1.0,0,0,,,,0,,0,,,,1,,0,,1,,,,0,,0,0,10.0,0,,0,1,0.0,,,,0,,,,0,0,0,0.0,,0,,,0.0,,,,,,0,,,,0,,0,,,0,0,0,1,0,0,0,,,0,0,0.0,1,,,0.0,,Maria,,0,,,,0,,,,1,,0,0,0.0,,,,0,,,,0,0.0,,0,0,,,,0.0,0,0,0,19-23 hrs,,,,,0,,,,,,,0,0,,,,,,0,0,0,,
15K429,,,,,,0,0,,,0,,1,0.0,,1,0,,0.0,0,0,,,0,0,,,,0,0,0,,0,,,,1,0,13-18 hrs,0,,0,0,0,,,0,1.0,0,0,0,0,,,,,0,0,0,,0,0.0,0,1,0,,1,,,,,0,,1.0,,1,0,,0,,0,,0,1,0.0,0,0,,,,0,,0,,,,1,,0,,1,,,,0,,0,0,20.0,0,,0,1,0.0,,,,0,,,,0,0,0,0.0,,0,,,0.0,,,,,,0,,,,0,,0,,,0,1,0,1,0,0,0,,,0,0,1.0,1,,,0.0,,Naomi,,0,,,,0,,,,1,,0,0,0.0,,,,0,,,,0,0.0,,0,0,,,,0.0,1,0,0,,,,,,0,,,,,,,1,1,,,,,,1,0,0,,
11X096,,,0.0,0.0,,parent/student after school workshops and parent arts nights,0,0.0,0.0,0,0.0,0,2.0,,0,0,,3.0,0,0,,0.0,0,0,20.0,,,0,0,0,,0,0.0,0.0,,1,0,24-30 hrs,0,,0,0,0,20.0,,0,1.0,0,0,0,1,0.0,,20.0,0.0,0,0,0,0.0,0,0.0,0,0,0,,1,0.0,,,20.0,0,0.0,1.0,,1,0,,0,0.0,0,0.0,0,1,,0,0,0.0,0.0,0.0,1,0.0,0,,0.0,0.0,1,,0,,1,0.0,,,0,,0,0,20.0,0,,0,1,2.0,0.0,20.0,,0,,,,1,0,0,6.0,,0,,,0.0,,,0.0,,20.0,0,,,,0,,0,0.0,0.0,0,0,0,0,0,0,0,,,0,0,,0,,0.0,,,Kristen,,0,0.0,,0.0,1,,20.0,,1,0.0,0,0,0.0,,,0.0,0,,0.0,,0,8.0,20.0,0,0,0.0,,0.0,0.0,1,0,0,,20.0,0.0,,,0,,0.0,0.0,0.0,,,0,0,,,0.0,,,0,0,0,0.0,0.0
19K557,,,0.0,,,0,0,,,0,,0,2.0,,1,0,1-6 hrs,3.0,0,0,,,0,0,0.0,,,0,0,0,,0,4.0,,,0,0,,0,,0,0,0,,,0,0.0,0,0,0,0,,,,,0,0,0,6.0,0,12.0,0,1,0,,1,,,,0.0,0,15.0,3.0,,0,0,,0,0.0,0,,0,1,0.0,0,0,30.0,15.0,,0,0.0,0,,15.0,,0,,0,,1,,,,0,,0,0,15.0,0,,0,1,0.0,,,,0,,,,0,0,0,1.0,,0,,,6.0,,,,,,0,,,,0,,0,,60.0,0,0,0,1,0,0,0,,,0,0,0.0,1,,,1.0,,Jason,,0,4.0,,0.0,0,,0.0,,1,0.0,0,0,4.0,,,0.0,0,,15.0,,0,4.0,,0,0,,,,0.0,1,0,0,,,30.0,,,0,,6.0,15.0,15.0,,,0,1,,1-6 hrs,,,,1,0,0,,
04M038,,,,,,0,0,,,0,,0,0.0,,1,0,,5.0,0,1,,,1,0,0.0,,,0,0,0,,0,280.0,,,0,0,19-23 hrs,0,,0,0,0,,,0,1.0,0,0,0,0,,,,,1,0,0,0.0,0,0.0,0,0,0,,0,,,,,0,3240.0,10.0,,0,1,,0,0.0,0,,0,0,0.0,0,0,,280.0,,0,,0,,0.0,,1,,0,,0,,,,0,,0,0,280.0,0,,0,0,0.0,,,,0,,,,0,0,0,0.0,,0,,,0.0,,,,,,0,,,,0,,0,,280.0,0,0,0,1,0,0,0,,,0,0,0.0,1,,,0.0,,Karen,,0,280.0,,,0,,0.0,,0,280.0,0,1,2.0,,,0.0,0,,0.0,,0,0.0,,0,0,,,,0.0,0,0,0,,,280.0,,,0,,0.0,3240.0,280.0,,,0,1,,,,,,1,0,0,,
06M462,,,,,,0,0,,,0,,0,0.0,,1,0,,0.0,0,0,,,0,0,,,,0,0,0,,0,,,,0,0,,0,,0,0,0,,,0,0.0,0,0,0,0,0.0,,,,0,0,0,,0,0.0,0,0,0,,0,,,,,0,,1.0,,0,0,,0,,0,,0,0,0.0,0,0,,,,0,,0,,,,1,,0,,1,,,,0,,0,0,,0,,0,1,0.0,,,,0,,,,0,0,0,0.0,,1,,,0.0,,,,,,0,,,,0,,1,,,0,0,0,0,0,0,0,,,0,0,0.0,0,,,0.0,,Meghan,,0,,,,0,,,,1,,0,0,0.0,,,,0,,,,0,0.0,,0,0,,,,0.0,1,0,0,,,,,,0,,,,,,,1,1,,,,,,0,0,0,,
11X468,,,,,,0,0,,,0,,0,3.0,,1,0,,0.0,0,0,Bronx House,,0,0,,0.0,,0,0,0,,0,,,,0,0,13-18 hrs,0,,0,0,0,,,0,1.0,0,0,0,0,0.0,,,,0,0,0,,0,3.0,0,0,0,,1,,,,,0,,0.0,,0,0,,0,,0,,0,1,1.0,1,0,,,,1,,0,,,,1,,0,,1,,,,0,,0,0,20.0,0,,0,1,0.0,,,,0,,,,0,0,0,,,0,,,0.0,,,,,,0,,,,0,,0,,,0,0,0,0,0,0,0,,,0,0,0.0,1,,,,,Joanna,0.0,0,,,,1,,,,1,,0,0,0.0,,,,0,,,,1,1.0,,1,0,,,,1.0,1,0,0,7-12 hrs,,,,,1,,,,,,,0,0,,,,,,1,0,0,,
08X558,,,,,,0,0,,,0,,0,0.0,7-12 hrs,0,0,,1.0,0,0,,,0,0,,,,0,0,0,,0,,,,0,0,,0,,0,0,0,,,0,0.0,0,0,0,0,0.0,,,,0,0,0,,0,0.0,0,0,0,,0,,,,,0,,0.0,,0,0,,0,,0,,0,0,0.0,0,0,,,,1,,0,,,,0,,0,,1,,,,0,,0,0,,0,,0,1,0.0,,,,0,,,,0,0,0,0.0,,0,,,0.0,,,,,,0,,,,0,,0,,,0,0,0,0,0,0,0,,,0,0,0.0,1,,,0.0,,,,0,,,,1,,,,1,,0,0,0.0,,,,0,,,,0,0.0,,0,0,,,,0.0,0,0,0,,,,,,0,,,,,,,0,1,,,,,,0,0,0,,
12X314,,,,,,0,0,,,0,,0,0.0,,0,0,,0.0,0,0,,0.0,0,0,0.0,,,0,0,0,,0,,,,0,0,24-30 hrs,0,,0,0,0,,,0,1.0,0,0,0,0,0.0,,,,0,0,0,,1,0.0,0,0,0,,1,,,,0.0,0,0.0,0.0,,0,0,,0,0.0,0,0.0,0,0,0.0,0,0,,0.0,,0,,0,,0.0,,0,,0,,1,,,,0,,0,0,15.0,0,,0,0,0.0,,0.0,,0,,,,0,0,0,0.0,,0,,,4.0,,,,,0.0,0,,,,0,,0,,0.0,0,0,0,0,0,0,0,,,0,0,0.0,0,,,0.0,,Abigael,,0,0.0,,15.0,0,,0.0,,1,0.0,0,0,0.0,,,0.0,0,,0.0,,0,1.0,0.0,0,0,0.0,,,0.0,0,0,0,,,12.0,,,0,,0.0,0.0,0.0,,,1,0,,,,,,0,0,0,,
09X564,,,,,,0,0,,,0,,0,0.0,,0,0,,,0,0,,,0,0,,,,0,0,0,,0,,,,0,0,13-18 hrs,0,,0,0,0,,,0,1.0,0,0,0,0,,,,,0,0,0,,0,0.0,0,0,0,,1,,,,,0,,,,0,0,,0,,0,,0,1,,0,0,,,,0,,0,,,,1,,0,,1,,,,0,,0,0,30.0,0,,0,1,2.0,,,,0,,,,0,0,0,,,0,,,,,,,,,0,,,,0,,0,,,0,1,0,1,0,0,0,,,0,0,,1,,,,,Devan,,0,,,,0,,,,1,,0,1,1.0,,,,0,,,,0,,,0,0,,,,0.0,0,0,0,,,,,,0,,,,,,,0,1,,,,,,0,0,0,,
02M316,,,,,,0,0,,,0,,0,1.0,,1,0,,,0,0,Tribeca Education,,0,0,,,,0,0,0,,0,,,,0,0,,0,,0,0,0,,,0,0.0,0,0,0,0,2.0,,,,0,0,0,,0,0.0,0,0,0,,1,,,,,0,,,,0,0,,0,,0,,0,0,0.0,0,0,,,,1,,0,,,,1,,0,,1,,,,0,,0,0,4.0,0,,0,1,1.0,,,,0,,,,0,0,0,0.0,,0,,,,,,,,,0,,,,0,,0,,,0,0,0,1,0,0,0,,,0,0,0.0,1,,,0.0,,Amy,,1,,,,1,,,,1,,0,0,,,,,0,,,,0,,,0,0,,,,0.0,0,0,0,,,,,,0,,,,,,,0,1,,,,,,0,0,0,,
08X432,,,,,,0,0,,,0,,0,0.0,,1,0,,0.0,0,0,Career Visions,,0,0,,,,0,0,0,,0,,,,0,0,,0,,0,0,0,,,0,0.0,0,0,0,0,0.0,,,,0,0,0,,0,1.0,0,0,0,,1,,,,,0,,2.0,,1,0,,0,,0,,0,1,0.0,0,0,,,,0,,0,,,,1,,0,,1,,,,0,,0,0,36.0,0,,0,0,0.0,,,,0,,,,0,0,0,0.0,,0,,,0.0,,,,,,0,,,,0,,0,,,0,0,0,0,0,1,0,,,0,0,0.0,1,,,0.0,,,,0,,,,1,,,,1,,0,0,0.0,,,,0,,,,0,0.0,,0,0,,,,0.0,0,0,0,,,,,,0,,,,,,,1,0,,,,,,1,0,0,,
09X035,,,0.0,,,0,0,0.0,0.0,0,0.0,0,1.0,13-18 hrs,1,0,,1.0,0,0,,0.0,0,0,0.0,,,0,0,0,,0,0.0,,,0,0,0 hrs,0,,0,0,0,0.0,,0,1.0,0,0,0,1,0.0,,,0.0,0,0,0,0.0,0,1.0,0,0,0,,1,,,,0.0,0,0.0,1.0,,0,1,,0,0.0,0,0.0,0,1,2.0,0,0,0.0,0.0,0.0,1,0.0,0,,0.0,0.0,1,,0,,1,0.0,,,0,,0,0,10.0,0,,0,1,0.0,0.0,0.0,,1,,,,0,0,1,0.0,,0,0.0,,1.0,,,,,0.0,0,,,,0,,0,,0.0,0,0,0,0,0,1,0,,,0,1,0.0,1,,0.0,0.0,,Vanessa,,0,0.0,,0.0,1,,0.0,,0,0.0,0,0,1.0,,,0.0,0,,0.0,,0,0.0,0.0,0,0,0.0,,0.0,2.0,0,0,0,13-18 hrs,,0.0,,,0,,0.0,0.0,0.0,,,0,0,,,,,,0,0,0,,0.0
19K618,,,,,,0,0,,,0,,0,0.0,,1,0,,0.0,0,0,Opening Act,,0,0,,,,0,0,0,,0,,,,0,0,,0,,0,0,0,,,0,0.0,0,0,0,0,,,,,0,0,0,,0,0.0,0,0,0,,0,,,,,0,,1.0,,0,0,,0,,0,,0,0,0.0,0,0,,,,0,,0,,,,0,,0,,1,,,,0,,0,0,10.0,0,,0,0,2.0,,,,0,,,,0,0,0,0.0,,1,,,0.0,,,,,,0,,,,0,,0,,,0,0,0,0,0,0,0,,,0,0,0.0,1,,,0.0,,,,0,,,,0,,,,1,,0,0,0.0,,,,0,,,,0,0.0,,0,0,,,,0.0,0,0,0,,,,,,0,,,,,,,0,0,,,,,,0,0,0,,
17K600,,,,,,0,0,,,0,,0,2.0,,0,0,,0.0,0,0,Opening Act,,0,0,,,,0,0,0,,0,,,,0,0,13-18 hrs,0,,0,0,0,,,0,2.0,0,0,0,0,2.0,,,,0,0,0,,0,2.0,0,1,0,,1,,,,,0,,0.0,,1,0,,0,,0,,0,1,1.0,0,0,,,,1,,0,,,,1,,0,,1,,,,0,,0,0,50.0,0,,0,1,0.0,,,,0,,,,0,0,0,0.0,,1,,,0.0,,,,,,0,,,,0,,0,,,0,1,0,0,0,0,0,,,0,0,0.0,1,,,1.0,,Matthew,,0,,,,1,,,,1,,0,1,0.0,,,,0,,,,0,0.0,,0,0,,,,0.0,0,0,0,13-18 hrs,,,,,0,,,,,,,0,0,,1-6 hrs,,,,1,0,0,,
17K590,,,,,,Participating in the arts activities for parents conducted by our visual arts and dance teachers,0,,,0,,0,,1-6 hrs,1,0,1-6 hrs,2.0,0,0,CASA,,0,0,,180.0,,0,0,0,,0,,,,0,0,7-12 hrs,0,,0,0,0,,,0,2.0,0,0,0,0,0.0,,,,0,0,0,,0,0.0,0,0,0,,1,,,,,0,,2.0,,1,0,,0,,0,,0,1,2.0,1,0,,,,1,,0,,,,1,,0,,0,,,,0,,0,0,40.0,0,,0,0,0.0,,,,0,,,,0,0,0,1.0,,0,,,0.0,,,,,,0,,,,0,,0,,,0,0,0,1,0,0,0,,,0,0,0.0,0,,,1.0,,,180.0,0,,,,1,,,,0,,0,0,0.0,,,,0,,,,1,2.0,,1,0,,,,0.0,1,0,0,1-6 hrs,,,,,0,,,,,,,0,0,,1-6 hrs,,,,0,0,0,,
22K277,,,,,,0,0,,,0,,0,1.0,,1,0,,1.0,0,0,,,0,0,0.0,,,0,0,0,,0,18.0,,,0,0,,0,,0,0,0,,,0,,0,0,0,0,,,,,0,0,0,10.0,0,20.0,0,0,0,,1,,,,0.0,0,10.0,0.0,,0,0,,0,0.0,0,,1,1,,0,0,,0.0,0.0,1,,0,,18.0,,1,,0,,1,0.0,,,0,,0,0,18.0,0,,0,1,,0.0,,,0,,,,0,0,0,,,0,,,0.0,,,,,,0,,,,0,,0,,0.0,0,0,0,1,0,0,0,,,0,0,,0,,,,,Dina,,0,18.0,,0.0,1,,0.0,,1,0.0,0,0,0.0,,,0.0,0,,0.0,,0,1.0,,0,0,,,,0.0,0,0,0,,,0.0,,,0,,10.0,10.0,0.0,,,0,0,,,,,,0,0,0,,
18K115,,,0.0,0.0,,0,0,0.0,0.0,0,0.0,0,0.0,31+ hrs,1,0,7-12 hrs,2.0,0,0,,0.0,0,0,0.0,,,0,0,0,,0,0.0,0.0,,0,0,,0,,1,0,0,0.0,,0,0.0,0,0,0,1,2.0,,0.0,0.0,0,0,0,0.0,0,0.0,0,1,0,,1,0.0,,,0.0,0,0.0,1.0,,1,0,,0,0.0,0,0.0,1,1,1.0,0,0,0.0,0.0,0.0,0,0.0,0,,0.0,0.0,1,,0,,1,0.0,,,0,,0,0,75.0,0,,0,1,0.0,0.0,0.0,,0,0.0,0.0,,1,0,1,2.0,,1,0.0,0.0,30.0,,,0.0,,0.0,0,,,,0,,0,0.0,0.0,0,1,0,0,0,0,0,,,0,0,0.0,1,,0.0,2.0,0.0,Patricia,,0,0.0,,0.0,0,,0.0,,1,0.0,0,1,15.0,,,0.0,0,,0.0,,0,2.0,0.0,0,0,0.0,,0.0,0.0,1,0,0,31+ hrs,0.0,0.0,,,0,,0.0,0.0,0.0,0.0,,0,1,,7-12 hrs,0.0,,0.0,0,0,0,0.0,0.0
06M211,,,,,,0,0,,,0,,0,0.0,,1,0,,0.0,0,0,,,0,0,,,,0,0,0,,0,,,,0,0,,0,,0,0,0,,,0,0.0,0,0,0,0,0.0,,,,0,0,0,,0,0.0,0,0,0,,1,,,,,0,,0.0,,0,0,,0,,0,,0,1,0.0,0,0,,,,1,,0,,,,1,,0,,1,,,,0,,0,0,,0,,0,1,0.0,,,,0,,,,0,0,0,0.0,,1,,,0.0,,,,,,0,,,,0,,0,,,0,0,0,0,0,0,0,,,0,0,0.0,1,,,0.0,,Samona Joe,,0,,,,1,,,,1,,0,0,0.0,,,,0,,,,0,0.0,,0,0,,,,0.0,0,0,0,,,,,,0,,,,,,,0,0,,,,,,0,0,0,,
07X018,,,0.0,0.0,,0,0,0.0,0.0,0,0.0,0,0.0,31+ hrs,0,0,13-18 hrs,4.0,0,0,The Metropolitan Museum of Art,0.0,0,0,0.0,,,1,0,0,,0,0.0,0.0,,0,0,31+ hrs,0,,1,0,0,0.0,,0,2.0,0,0,0,0,18.0,,,12.0,1,0,0,0.0,0,0.0,0,0,0,,1,,,,0.0,0,0.0,8.0,,1,0,,0,0.0,0,,0,1,,0,0,0.0,0.0,0.0,0,0.0,0,,0.0,0.0,1,,0,,1,0.0,,,0,,0,0,4.0,0,,0,1,0.0,0.0,0.0,,0,,,,0,0,0,6.0,,0,,,0.0,,,,,0.0,0,,,,0,,0,0.0,21.0,1,0,0,0,0,0,0,,,0,0,,0,,0.0,0.0,,Katherine,,0,0.0,,0.0,0,,0.0,,1,0.0,0,0,1.0,,,0.0,0,,0.0,,0,21.0,0.0,0,0,0.0,,0.0,0.0,0,0,0,,,0.0,,,0,,0.0,0.0,0.0,,,0,0,,,0.0,,,1,0,0,,
15K130,,,0.0,,,0,0,,20.0,0,,0,0.0,,1,0,,2.0,0,0,music and the brain,20.0,0,0,0.0,,,0,0,0,,0,0.0,,,0,0,19-23 hrs,0,,0,0,0,,,0,1.0,0,0,0,0,,,,70.0,1,0,0,0.0,0,1.0,0,0,0,,1,,,,0.0,0,20.0,2.0,,0,1,,0,0.0,0,,0,1,2.0,0,0,20.0,20.0,0.0,0,0.0,0,,20.0,,0,,0,,1,20.0,,,0,,0,0,35.0,0,,0,0,0.0,70.0,,,0,,,,0,0,0,0.0,,1,,,3.0,,,,,0.0,0,,,,0,,0,,42.0,0,0,0,0,0,0,0,,,0,0,0.0,0,,,0.0,,kirsten,,0,0.0,,0.0,0,,0.0,,0,20.0,0,0,0.0,,,0.0,0,,20.0,,0,7.0,0.0,0,0,0.0,,,0.0,1,0,0,19-23 hrs,,70.0,,,0,,0.0,20.0,20.0,,,0,0,,,,,,0,0,0,,
16K057,,,,,,0,0,,,0,,0,0.0,7-12 hrs,1,0,,4.0,0,0,Pierre and Matisse Foundation,,0,0,,210.0,,0,0,0,,0,,,,0,0,7-12 hrs,0,,0,0,0,,,0,1.0,0,0,0,0,0.0,,,,0,0,0,,0,1.0,0,0,0,22.0,0,,,,,0,,2.0,,1,1,,0,,0,,0,1,0.0,1,0,,,,0,,0,,,,1,,0,,1,,,,0,,0,0,210.0,0,,0,1,0.0,,,,0,,,,0,0,0,0.0,,0,,,0.0,,,,,,0,,,,0,,1,,,0,1,1,1,0,0,0,,,0,0,0.0,1,,,0.0,,June,210.0,0,,,,0,,,,0,,0,0,0.0,,,,0,,,,0,0.0,,1,0,,,,0.0,0,0,0,,,,,,1,,,,,,,0,0,,,,,,0,0,0,,
11X111,,,0.0,0.0,,0,0,0.0,0.0,0,12.0,0,20.0,1-6 hrs,1,0,,0.0,0,1,,0.0,1,0,0.0,,,0,0,0,,0,0.0,0.0,,0,0,1-6 hrs,0,,0,0,0,0.0,,0,1.0,0,0,0,0,0.0,,0.0,0.0,1,0,0,0.0,0,24.0,0,0,0,,0,0.0,,,0.0,0,0.0,1.0,,0,0,0.0,0,0.0,0,12.0,0,0,0.0,0,0,12.0,0.0,0.0,1,0.0,0,,0.0,0.0,1,,0,,1,0.0,,,0,,0,0,12.0,0,,0,1,0.0,12.0,0.0,,0,,,,0,0,0,0.0,,0,0.0,,4.0,,,0.0,,0.0,0,,,,0,,0,0.0,0.0,0,0,0,1,0,0,0,,,0,0,0.0,1,,12.0,0.0,,Latanya,,0,0.0,,0.0,1,12.0,0.0,,1,0.0,0,0,0.0,,,0.0,0,,0.0,,0,0.0,0.0,0,0,0.0,0.0,0.0,0.0,0,0,0,,0.0,0.0,,,0,,0.0,0.0,0.0,,,0,0,,,0.0,,,0,0,0,0.0,0.0
04M007,,,,,,0,0,,,0,,0,0.0,,1,0,,2.0,0,0,,,0,0,0.0,0.0,,0,0,0,,0,,,,0,0,,0,,0,0,0,,,0,0.0,0,0,0,0,0.0,,,,0,0,0,,0,0.0,0,0,0,,0,,,,,0,0.0,,,0,0,,0,0.0,0,,0,1,1.0,1,0,,0.0,,0,,0,,0.0,,0,,0,,1,,,,0,,0,0,80.0,0,,0,0,0.0,,,,0,,,,0,0,0,0.0,,0,,,0.0,,,,,,0,,,,0,,0,,0.0,0,0,0,0,0,0,0,,,0,0,0.0,0,,,0.0,,linda,0.0,0,0.0,,,0,,,,1,0.0,0,0,0.0,,,0.0,0,,,,1,2.0,,1,0,,,,1.0,0,0,0,19-23 hrs,,0.0,,,0,,0.0,0.0,0.0,,,0,0,,,,,,0,0,0,,
12X316,,,,,,0,0,,,0,,0,1.0,,0,0,,0.0,0,0,,,0,0,,0.0,,0,0,0,,0,,,,0,0,,0,,0,0,0,,,0,0.0,0,0,0,0,0.0,,,,0,0,0,,0,0.0,0,0,0,,1,,,,,0,,2.0,,1,0,,0,,0,,0,1,1.0,1,0,,,,0,,0,,,,1,,0,,1,,,,0,,0,0,,0,,0,0,0.0,,,,0,,,,0,0,0,0.0,,0,,,0.0,,,,,,0,,,,0,,0,,,0,0,0,0,0,1,0,,,0,0,0.0,1,,,0.0,,Jean,120.0,0,,,,0,,,,1,,0,0,0.0,,,,0,,,,1,0.0,,1,0,,,,0.0,0,0,0,13-18 hrs,,,,,0,,,,,,,0,0,,,,,,0,0,0,,
08X048,,,0.0,0.0,,0,0,0.0,0.0,0,0.0,0,0.0,,0,0,,0.0,0,0,Shakespeare in Schools,0.0,0,0,0.0,,,0,0,0,,0,0.0,0.0,,0,0,1-6 hrs,0,,0,0,0,0.0,,0,1.0,0,0,0,1,,,0.0,0.0,0,0,0,0.0,1,0.0,0,1,0,,0,0.0,,,0.0,0,0.0,2.0,,0,1,0.0,0,0.0,0,0.0,0,0,2.0,0,0,0.0,0.0,0.0,1,0.0,0,,0.0,0.0,1,,0,,1,0.0,,,0,,0,0,4.0,0,,0,1,0.0,0.0,0.0,,1,0.0,0.0,,0,0,0,0.0,,0,,0.0,0.0,,,0.0,,0.0,0,,,,0,,0,0.0,0.0,0,0,0,0,0,0,0,,,0,0,0.0,1,,0.0,0.0,0.0,,,1,0.0,,0.0,1,0.0,0.0,,0,0.0,0,0,0.0,,,0.0,0,,0.0,,0,2.0,0.0,0,0,0.0,0.0,0.0,0.0,0,0,0,31+ hrs,0.0,0.0,,,0,,0.0,0.0,0.0,0.0,,0,1,,,0.0,,0.0,0,0,0,0.0,0.0
05M692,,,,,,0,0,,,0,,0,0.0,1-6 hrs,1,0,,3.0,0,0,,,0,0,,,,0,0,0,,0,,,,1,0,,0,,0,0,0,,,0,0.0,0,0,0,0,1.0,,,,0,0,0,,0,0.0,0,1,0,,0,,,,,0,,2.0,,0,0,,0,,0,,0,0,1.0,0,0,,,,0,,0,,,,0,,0,,1,,,,0,,0,0,,0,,0,1,0.0,,,,0,,,,0,0,0,0.0,,0,,,2.0,,,,,,0,,,,0,,0,,,0,0,0,0,0,1,0,,,0,0,0.0,1,,,0.0,,Wylie,,1,,,,0,,,,1,,0,0,3.0,,,,0,,,,0,1.0,,0,0,,,,0.0,0,0,0,1-6 hrs,,,,,0,,,,,,,0,1,,,,,,0,0,0,,
11X270,,,,,,0,0,,,0,,0,0.0,,1,0,,0.0,0,0,,,0,0,,,,0,0,0,,0,,,,0,0,7-12 hrs,0,,0,0,0,,,0,1.0,0,0,0,0,0.0,,,,0,0,0,,0,1.0,0,0,0,,0,,,,,0,,0.0,,0,0,,0,,0,,0,0,0.0,0,0,,,,1,,0,,,,0,,0,,0,,,,0,,0,0,,0,,0,0,0.0,,,,0,,,,0,0,0,0.0,,1,,,0.0,,,,,,0,,,,0,,0,,,0,0,0,0,0,0,0,,,0,0,0.0,0,,,0.0,,Rufina,,0,,,,1,,,,0,,0,0,0.0,,,,0,,,,0,0.0,,0,0,,,,0.0,0,0,0,,,,,,0,,,,,,,0,0,,,,,,0,0,0,,
04M409,,,,,,0,0,,,0,,0,1.0,,1,0,,2.0,0,0,,,0,0,,,,0,0,0,,0,,,,0,0,1-6 hrs,0,,0,0,0,,,0,1.0,0,0,0,0,0.0,,,,0,0,0,,0,1.0,0,1,0,,1,,,,,0,,0.0,,1,0,,0,,0,,0,1,0.0,0,0,,,,1,,0,,,,1,,0,,0,,,,0,,0,0,3.0,0,,0,0,1.0,,,,0,,,,0,0,0,0.0,,1,,,0.0,,,,,,0,,,,0,,0,,,0,0,0,0,0,0,0,,,0,0,0.0,1,,,0.0,,Shana,,0,,,,1,,,,1,,0,0,1.0,,,,0,,,,0,0.0,,0,0,,,,0.0,0,0,0,,,,,,0,,,,,,,0,1,,,,,,0,0,0,,
15K447,,,,,,0,0,,,0,,0,,31+ hrs,0,0,,2.0,0,0,,,0,0,,20.0,,0,0,0,,0,,,,0,0,31+ hrs,0,,0,0,0,,,0,1.0,0,0,0,0,,,,,0,0,0,,0,,0,0,0,43.0,1,,,,,0,,2.0,,1,0,,0,,0,,0,1,1.0,1,0,,,,1,,0,,,,1,,0,,1,,,,0,,0,0,50.0,0,,0,1,,,,,0,,,,0,0,0,0.0,,0,,,,,,,,,0,,,,0,,0,,,0,0,1,0,0,0,0,,,0,0,,1,,,0.0,,,20.0,1,,,,1,,,,1,,0,0,,,,,0,,,,0,3.0,,1,0,,,,1.0,0,0,0,31+ hrs,,,,,1,,,,,,,0,0,,,,,,1,0,0,,
07X557,,,,,,0,0,,,0,,0,0.0,19-23 hrs,0,0,,1.0,0,0,,,0,0,,,,0,0,0,,0,,,,0,0,19-23 hrs,0,,0,0,0,,,0,1.0,0,0,0,0,,,,,0,0,0,,0,1.0,0,0,0,,0,,,,,0,,1.0,,1,0,,0,,0,,0,1,,0,0,,,,1,,0,,,,1,,0,,1,,,,0,,0,1,,0,,0,1,0.0,,,,0,,,,0,0,0,0.0,,0,,,,,,,,,0,,,,0,,0,,,0,0,0,0,0,1,0,,,0,0,,1,,,1.0,,Helene,,1,,,,1,,,,1,,0,0,2.0,,,,0,,,,0,1.0,,0,0,,,,0.0,0,0,0,,,,,,0,,,,,,,1,1,,19-23 hrs,,,,0,0,0,,
14K610,,,,,,0,0,,,0,,0,,,0,0,,1.0,0,0,,,0,0,,,,0,0,0,,0,,,,1,0,7-12 hrs,0,,0,0,0,,,0,2.0,0,0,0,0,,,,,0,0,0,,0,,0,1,0,,1,,,,,0,,2.0,,0,0,,0,,0,,0,1,,0,0,,,,1,,0,,,,0,,0,,0,,,,0,,0,0,,0,,0,0,,,,,0,,,,0,0,0,0.0,,0,,,,,,,,,0,,,,0,,0,,,0,0,0,0,0,0,0,,,0,0,,1,,,0.0,,Christie,,0,,,,1,,,,1,,0,0,,,,,0,,,,0,0.0,,0,0,,,,0.0,0,0,0,,,,,,0,,,,,,,0,1,,,,,,1,0,0,,
08X301,,,,,,0,0,,,0,,0,0.0,,1,0,,3.0,0,0,,,0,0,,60.0,,0,0,0,,0,,,,0,0,1-6 hrs,0,,0,0,0,,,0,1.0,0,0,0,0,0.0,,,,0,0,0,,0,0.0,0,0,0,,1,,,,,0,,0.0,,0,0,,0,,0,,0,0,0.0,1,0,,,,0,,0,,,,1,,0,,1,,,,0,,0,0,25.0,0,,0,0,0.0,,,,0,,,,0,0,0,0.0,,1,,,2.0,,,,,,0,,,,0,,0,,,0,0,0,0,0,0,0,,,0,0,0.0,1,,,0.0,,Yvonne,20.0,0,,,,0,,,,1,,0,0,0.0,,,,0,,,,1,1.0,,1,0,,,,0.0,0,0,0,,,,,,1,,,,,,,0,1,,,,,,0,0,0,,
12X044,,,,,,0,0,,,0,,0,14.0,,1,0,,4.0,0,0,Carlos Santana Flamenco Vivo,,0,0,0.0,,,0,0,0,,0,,,,0,0,,0,,0,0,0,,,0,0.0,0,0,0,0,3.0,,,,0,0,0,,0,14.0,0,0,0,,0,,,,,0,0.0,0.0,,0,0,,0,0.0,0,,0,1,0.0,0,0,,0.0,,0,,0,,0.0,,0,,0,,1,,,,0,,0,0,30.0,0,,0,0,14.0,,,,0,,,,0,0,0,0.0,,1,,,2.0,,,,,,0,,,,0,,0,,30.0,0,0,0,0,0,0,0,,,0,0,0.0,1,,,0.0,,Cheryl,,0,30.0,,,0,,30.0,,1,0.0,0,0,1.0,,,0.0,0,,30.0,,0,2.0,,0,0,,,,0.0,0,0,0,,,2.0,,,0,,0.0,0.0,0.0,,,0,0,,,,,,1,0,0,,
18K233,,,0.0,,,0,0,,,0,,0,1.0,7-12 hrs,1,0,,5.0,0,0,,0.0,0,0,0.0,,,0,0,0,,0,0.0,,,0,0,,0,,0,0,0,,,0,0.0,0,0,0,1,0.0,,,0.0,1,0,0,0.0,0,0.0,0,0,0,,1,,,,0.0,0,0.0,1.0,,0,0,,0,0.0,0,,0,1,1.0,0,0,12.0,8.0,,1,0.0,0,,0.0,,1,,0,,1,,,,0,,0,0,12.0,0,,0,1,1.0,,,,0,,,,0,0,0,0.0,,1,,,1.0,,,,,0.0,0,,,,0,,0,,0.0,0,0,0,0,0,0,0,,,0,0,0.0,1,,,0.0,,,,1,0.0,,0.0,1,,0.0,,1,0.0,0,0,0.0,,,0.0,0,,12.0,,0,4.0,0.0,0,0,0.0,,,0.0,0,0,0,7-12 hrs,,0.0,,,0,,0.0,0.0,8.0,,,0,0,,,,,,1,0,0,,
11X288,,,,,,0,0,,,0,,0,0.0,,1,0,,3.0,0,0,,,0,0,,,,0,0,0,,0,,,,0,0,,0,,0,0,0,,,0,0.0,0,0,0,0,0.0,,,,0,0,0,,0,1.0,0,0,0,,0,,,,,0,,1.0,,0,0,,0,,0,,0,0,0.0,0,0,,,,0,,0,,,,1,,0,,1,,,,0,,0,0,108.0,0,,0,0,0.0,,,,0,,,,0,0,0,0.0,,0,,,3.0,,,,,,0,,,,0,,0,,,0,0,0,0,0,1,0,,,0,0,0.0,0,,,0.0,,Kim,,0,,,,0,,,,1,,0,0,2.0,,,,0,,,,0,5.0,,0,0,,,,0.0,0,0,0,,,,,,0,,,,,,,0,0,,,,,,0,0,0,,
14K488,,,,,,0,0,,,0,,0,1.0,,0,0,,2.0,0,0,Hamilton Education Foundation,,0,0,,,,0,0,0,,0,,,,0,0,1-6 hrs,0,,0,0,0,,,0,1.0,0,0,0,0,1.0,,,,0,0,0,,0,0.0,0,1,0,,1,,,,,0,,2.0,,1,0,,0,,0,,0,1,1.0,0,0,,,,1,,0,,,,1,,0,,1,,,,0,,0,0,5.0,0,,0,1,1.0,,,,0,,,,0,0,0,0.0,,0,,,0.0,,,,,,0,,,,0,,0,,,0,0,0,0,0,0,0,,,0,0,0.0,1,,,0.0,,Katelyn,,1,,,,1,,,,1,,0,0,1.0,,,,0,,,,0,0.0,,0,0,,,,0.0,0,0,0,1-6 hrs,,,,,0,,,,,,,0,1,,,,,,0,0,0,,
02M600,,,,,,0,0,,,0,,0,0.0,,1,0,1-6 hrs,1.0,0,0,,,0,0,,,,0,0,0,,0,,,,1,0,7-12 hrs,0,,0,0,0,,,0,6.0,0,0,0,0,4.0,,,,0,0,0,,0,0.0,0,1,0,,1,,,,,0,,2.0,,1,0,,0,,0,,0,1,0.0,0,0,,,,0,,0,,,,1,,0,,0,,,,0,,0,1,25.0,0,,0,1,0.0,,,,0,,,,1,0,0,0.0,,0,,,0.0,,,,,,0,,,,0,,1,,,0,1,0,1,0,0,0,,,0,0,2.0,1,,,0.0,,Kate,,0,,,,0,,,,1,,0,0,0.0,,,,0,,,,0,1.0,,0,0,,,,0.0,1,0,0,,,,,,0,,,,,,,0,1,,,,,,1,0,0,,
08X036,,,0.0,0.0,,0,0,0.0,0.0,0,0.0,0,,,1,0,,1.0,0,0,,0.0,0,0,0.0,,,0,0,0,,0,0.0,0.0,,0,0,31+ hrs,0,,0,0,0,0.0,,0,1.0,0,0,0,1,,,,0.0,1,0,0,0.0,0,,0,0,0,,1,,,,0.0,0,0.0,3.0,,0,0,,0,0.0,0,0.0,0,1,1.0,0,0,0.0,0.0,0.0,1,0.0,0,,0.0,0.0,1,,0,,1,0.0,,,0,,0,0,3.0,0,,0,0,,0.0,0.0,,0,,,,0,0,0,,,1,,,3.0,,,,,0.0,0,,,,0,,0,0.0,0.0,0,0,0,0,0,0,0,,,0,0,,1,,0.0,,,Michelle,,0,0.0,,0.0,1,,0.0,,1,0.0,0,0,,,,0.0,0,,3.0,,0,7.0,0.0,0,0,0.0,,0.0,0.0,0,0,0,31+ hrs,,0.0,,,0,,0.0,0.0,0.0,,,0,0,,,0.0,,,0,0,0,,
02M459,,,,,,0,0,,,0,,0,,,1,0,7-12 hrs,8.0,0,0,,,0,0,,,,0,0,0,,0,,,,0,0,13-18 hrs,0,,0,0,0,,,0,1.0,0,0,0,0,,,,,0,0,0,,0,,0,0,0,,1,,,,,0,,5.0,,1,0,,0,,0,,0,1,0.0,0,0,,,,0,,0,,,,1,,0,,1,,,,0,,0,0,40.0,0,,0,1,,,,,0,,,,0,0,0,0.0,,0,,,0.0,,,,,,0,,,,0,,0,,,0,1,0,1,0,0,0,,,0,0,0.0,1,,,0.0,,Jane,,0,,,,0,,,,1,,0,0,0.0,,,,0,,,,0,6.0,,0,0,,,,0.0,1,0,0,,,,,,0,,,,,,,1,1,,,,,,1,0,0,,
14K577,,,,,,0,0,,,0,,0,0.0,,1,0,,1.0,0,0,The American Ballroom Theatre,,0,0,,0.0,,0,0,0,,0,,,,0,0,19-23 hrs,0,,0,0,0,,,0,1.0,0,0,0,0,,,,,0,0,0,,0,0.0,0,0,0,,1,,,,,0,,1.0,,1,1,,0,,0,,0,1,1.0,1,0,,,,1,,0,,,,1,,0,,1,,,,0,,0,0,25.0,0,,0,0,0.0,,,,0,,,,0,0,0,0.0,,0,,,0.0,,,,,,0,,,,0,,0,,,0,0,0,1,0,0,0,,,0,0,0.0,1,,,0.0,,Karen,0.0,0,,,,1,,,,0,,0,0,1.0,,,,0,,,,1,3.0,,1,0,,,,0.0,0,0,0,19-23 hrs,,,,,1,,,,,,,1,0,,,,,,0,0,0,,
01M034,,,,,,0,0,,,0,,0,,,1,0,,,0,0,,,0,0,0.0,2.0,,0,0,0,,0,,,,0,0,,0,,0,0,0,,,0,0.0,0,0,0,0,,,,,0,0,0,,0,,0,0,0,,0,,,,,0,1.0,1.0,,0,0,,0,0.0,0,,0,0,1.0,1,0,,0.0,,0,,0,,0.0,,0,,0,,1,,,,0,,0,0,10.0,0,,0,0,,,,,0,,,,0,0,0,0.0,,1,,,,,,,,,0,,,,0,,0,,2.0,0,0,0,0,0,0,0,,,0,0,0.0,0,,,0.0,,,0.0,0,0.0,,,0,,0.0,,1,0.0,0,0,,,,0.0,0,,1.0,,1,2.0,,1,0,,,,0.0,0,0,0,7-12 hrs,,2.0,,,0,,0.0,1.0,0.0,,,0,0,,,,,,0,0,0,,
02M343,,,,,,0,0,,,0,,0,0.0,,1,0,,1.0,0,0,CFA: Learning By Design,,0,0,10.0,,,1,0,0,,0,0.0,,,0,0,7-12 hrs,0,,0,0,0,,,0,1.0,0,0,0,0,0.0,,,,0,0,0,10.0,1,0.0,0,0,0,,1,,,,,0,,1.0,,0,0,,0,10.0,0,,0,0,1.0,0,0,,0.0,,1,,0,,0.0,,1,,0,,1,,,,0,,0,0,8.0,0,,0,1,0.0,,,,0,,,,0,0,0,0.0,,0,,,0.0,,,,,,0,,,,0,,0,,0.0,0,1,0,0,0,0,0,,,0,0,0.0,1,,,0.0,,Maggie,,0,0.0,,,1,,0.0,,1,8.0,0,0,0.0,,,10.0,0,,0.0,,0,0.0,,0,0,,,,0.0,0,0,0,7-12 hrs,,0.0,,,0,,10.0,,0.0,,,0,1,,,,,,0,0,0,,
02M126,,,,,,fund raising activities,0,,,0,,0,0.0,,1,0,1-6 hrs,2.0,0,0,,,0,0,0.0,0.0,,0,0,0,,0,,,,0,0,1-6 hrs,0,,1,0,0,,,0,2.0,0,0,0,0,0.0,,,,1,0,0,,0,0.0,0,0,0,,0,,,,0.0,0,0.0,2.0,,1,0,,0,0.0,0,,0,1,2.0,1,0,,0.0,,1,,0,,0.0,,1,,0,,1,,,,0,,0,0,5.0,0,,0,1,0.0,,,,0,,,,1,0,0,0.0,,0,,,2.0,,,,,,0,,,,0,,0,,0.0,0,0,0,0,0,0,0,,,0,0,0.0,1,,,2.0,,Robin,0.0,0,40.0,,50.0,1,,0.0,,1,0.0,0,0,2.0,,,50.0,1,,0.0,,1,4.0,,1,0,,,,0.0,1,0,0,1-6 hrs,,0.0,,,1,,0.0,0.0,0.0,,,0,0,,1-6 hrs,,,,1,0,0,,
21K098,,,,,,0,0,,,0,,1,,31+ hrs,1,0,,2.0,0,0,Brighton Ballet,,0,0,,0.0,,0,0,0,,0,,,,0,0,31+ hrs,0,,0,0,0,,,0,2.0,0,0,0,0,,,,,0,0,0,,0,,0,1,0,31.0,1,,,,,0,,8.0,,1,0,,0,,0,,0,1,2.0,0,0,,,,0,,0,,,,1,,0,,0,,,,0,,0,0,90.0,0,,0,1,,,,,0,,,,1,0,0,0.0,,0,,,3.0,,,,,,0,,,,0,,1,,,0,1,1,1,0,0,0,,,0,0,1.0,1,,,0.0,,Nicole,0.0,0,,,,1,,,,0,,0,0,1.0,,,,0,,,,0,7.0,,0,0,,,,0.0,0,0,0,31+ hrs,,,,,1,,,,,,,0,1,,,,,,1,0,0,,
02M300,,,,,,Family Paint Night,0,,,0,,0,0.0,,0,0,,2.0,0,0,,,0,0,,,,0,0,0,,0,,,,0,0,7-12 hrs,0,,0,0,0,,,0,2.0,0,0,0,0,0.0,,,,0,0,0,,0,0.0,0,1,0,,1,,,,,0,,3.0,,0,0,,0,,0,,0,1,0.0,0,0,,,,1,,0,,,,0,,0,,0,,,,0,,0,0,60.0,0,,0,0,2.0,,,,0,,,,0,0,0,0.0,,0,,,1.0,,,,,,0,,,,0,,0,,,0,1,0,1,0,0,0,,,0,0,0.0,1,,,0.0,,Chuck,,0,,,,1,,,,1,,0,0,0.0,,,,0,,,,0,0.0,,0,0,,,,0.0,0,0,0,,,,,,0,,,,,,,0,1,,,,,,1,0,0,,
03M860,,,,,,0,0,,,0,,0,1.0,,1,0,,2.0,0,0,,,0,0,,0.0,,0,0,0,,0,,,,0,0,13-18 hrs,0,,0,0,0,,,0,1.0,0,0,0,0,0.0,,,,0,0,0,,0,1.0,0,1,0,,0,,,,,0,,1.0,,1,0,,0,,0,,0,1,,1,0,,,,1,,0,,,,1,,0,,1,,,,0,,0,0,10.0,0,,0,1,1.0,,,,0,,,,0,0,0,6.0,,0,,,0.0,,,,,,0,,,,0,,0,,,0,0,0,1,0,0,0,,,0,0,,1,,,0.0,,Koranteng,0.0,0,,,,1,,,,1,,0,0,1.0,,,,0,,,,1,0.0,,1,0,,,,0.0,1,0,0,,,,,,1,,,,,,,0,1,,,,,,0,0,0,,
06M008,,,,,,0,0,,0.0,0,,0,1.0,31+ hrs,1,0,,0.0,0,0,,0.0,0,0,0.0,,,0,0,0,,0,3.0,,,0,0,,0,,0,0,0,,,0,0.0,0,0,0,1,0.0,,,0.0,1,0,0,0.0,0,0.0,0,0,0,,1,,,,0.0,0,0.0,0.0,,0,1,,0,0.0,0,,0,0,1.0,0,0,,0.0,0.0,0,,0,,0.0,,1,,0,,1,0.0,,,0,,0,0,9.0,0,,0,0,0.0,0.0,,,0,,,,0,0,0,0.0,,0,,,0.0,,,,,0.0,0,,,,0,,0,,0.0,0,1,0,0,0,0,0,,,0,0,0.0,1,,,0.0,,Erin,,0,6.0,,0.0,0,,0.0,,0,0.0,0,0,0.0,,,0.0,0,,0.0,,0,2.0,0.0,0,0,0.0,,,0.0,0,0,0,1-6 hrs,,0.0,,,0,,0.0,0.0,0.0,,,0,0,,,,,,0,0,0,,
08X335,,,,,,0,0,,,0,,0,1.0,,1,0,,2.0,0,1,,,1,0,7.0,,,0,0,0,,0,7.0,,,0,0,31+ hrs,0,,0,0,0,,,0,1.0,0,0,0,0,0.0,,,7.0,0,0,0,0.0,1,0.0,0,0,0,,0,,,,,0,0.0,0.0,,1,0,,0,7.0,0,,0,0,0.0,0,0,,0.0,,0,,0,,0.0,,0,,0,,1,,,,0,,0,0,10.0,0,,0,0,0.0,,,,0,,,,0,0,0,0.0,,1,,,0.0,,,,,,0,,,,0,,0,,8.0,0,0,0,0,0,0,0,,,0,0,0.0,0,,,0.0,,Ashley,,0,7.0,,,0,,20.0,,1,0.0,0,0,0.0,,,7.0,0,,0.0,,0,0.0,,0,0,,,,0.0,0,0,0,,,0.0,,,0,,0.0,0.0,0.0,,,0,0,,,,,,0,0,0,,
07X369,,,,,,0,0,,,0,,0,,,1,0,,0.0,0,1,,,0,0,3.0,,,0,0,0,,0,,,,0,0,24-30 hrs,0,,0,0,0,,,0,1.0,0,0,0,0,,,,,0,0,0,,0,,0,1,0,,1,,,,,0,35.0,1.0,,0,0,,0,3.0,0,,0,0,,0,0,,0.0,,1,,0,,0.0,,1,,0,,0,,,,0,,0,0,35.0,0,,0,1,1.0,,,,0,,,,0,0,0,,,0,,,,,,,,,0,,,,0,,0,,40.0,0,0,0,1,0,0,0,,,0,0,,1,,,,,Jaleelah,,0,0.0,,,1,,0.0,,0,0.0,0,0,,,,3.0,0,,25.0,,0,3.0,,0,0,,,,0.0,0,0,0,,,25.0,,,0,,3.0,35.0,0.0,,,0,0,,,,,,1,0,0,,
09X263,,,,,,0,0,,,0,,0,1.0,,1,0,,1.0,0,0,,,0,0,,,,0,0,0,,0,,,,0,0,,0,,0,0,0,,,0,1.0,0,0,0,0,,,,,0,0,0,,0,1.0,0,0,0,,0,,,,,0,,1.0,,0,0,,0,,0,,0,0,0.0,0,0,,,,0,,0,,,,1,,0,,1,,,,0,,0,0,,0,,0,0,1.0,,,,0,,,,1,0,0,0.0,,1,,,2.0,,,,,,0,,,,0,,0,,,0,0,0,0,0,0,0,,,0,0,0.0,1,,,0.0,,Tara,,0,,,,0,,,,1,,0,0,0.0,,,,0,,,,0,1.0,,0,0,,,,0.0,0,0,0,,,,,,0,,,,,,,0,0,,,,,,0,0,0,,
09X361,,,,,,0,0,,,0,,0,1.0,,1,0,,3.0,0,0,WHEDco,,0,0,,100.0,,0,0,0,,0,,,,0,0,7-12 hrs,0,,0,0,0,,,0,1.0,0,0,0,0,,,,,0,0,0,,0,0.0,0,1,0,,1,,,,,0,,0.0,,0,0,,0,,0,,0,0,0.0,1,0,,,,1,,0,,,,1,,0,,1,,,,0,,0,0,54.0,0,,0,0,,,,,0,,,,0,0,0,1.0,,1,,,3.0,,,,,,0,,,,0,,1,,,0,0,0,0,0,0,0,,,0,0,0.0,1,,,0.0,,Kyle,54.0,1,,,,1,,,,1,,0,0,1.0,,,,0,,,,1,3.0,,1,0,,,,0.0,1,0,0,,,,,,0,,,,,,,0,0,,,,,,1,0,0,,
08X125,,,,,,Arts through Parent Engagement,0,,,0,,0,1.0,,1,0,,1.0,0,0,,,0,0,,20.0,,0,0,0,,0,,,,0,0,1-6 hrs,0,,0,0,0,,,0,1.0,0,0,0,0,0.0,,,,0,0,0,,0,1.0,0,0,0,,1,,,,,0,,0.0,,1,0,,0,,0,,0,0,1.0,1,0,,,,0,,0,,,,1,,0,,1,,,,0,,0,0,5.0,0,,0,0,0.0,,,,0,,,,0,0,0,0.0,,0,,,0.0,,,,,,0,,,,0,,0,,,0,0,0,0,0,0,0,,,0,0,0.0,0,,,0.0,,Carolyn,0.0,0,,,,0,,,,1,,0,0,0.0,,,,0,,,,1,0.0,,1,0,,,,1.0,0,0,0,1-6 hrs,,,,,0,,,,,,,0,0,,,,,,0,0,0,,
10X549,,,,,,0,0,,,0,,0,0.0,,1,0,,1.0,0,0,,,0,0,,,,0,0,0,,0,,,,0,0,,0,,0,0,0,,,0,0.0,0,0,0,0,,,,,0,0,0,,0,0.0,0,1,0,,1,,,,,0,,0.0,,1,0,,0,,0,,0,1,0.0,0,0,,,,1,,0,,,,1,,0,,1,,,,0,,0,0,,0,,0,0,1.0,,,,0,,,,0,0,0,0.0,,0,,,,,,,,,0,,,,0,,0,,,0,0,0,0,0,1,0,,,0,0,0.0,1,,,0.0,,Lillian,,0,,,,1,,,,1,,0,0,,,,,0,,,,0,0.0,,0,0,,,,0.0,0,0,0,,,,,,0,,,,,,,0,0,,,,,,0,0,0,,
06M132,,,35.0,,,0,0,,,0,,0,21.0,,1,0,,0.0,0,0,,10.0,0,0,10.0,,,0,0,0,,0,20.0,,,0,0,13-18 hrs,0,,0,0,0,10.0,,0,1.0,0,0,0,0,0.0,,,45.0,0,0,0,40.0,0,0.0,0,0,0,,0,,,,10.0,0,10.0,4.0,,0,0,,0,10.0,0,,0,0,1.0,0,0,20.0,30.0,,1,20.0,0,,0.0,,0,,0,,0,,,,0,,0,0,40.0,0,,0,0,0.0,,10.0,,1,,,,1,0,0,0.0,,0,,,3.0,,,,,10.0,0,,,,0,,0,,45.0,0,0,0,1,0,0,0,,,0,1,,0,,,0.0,,Xiomara,,1,20.0,,10.0,1,,10.0,,0,0.0,0,0,0.0,,,0.0,0,,15.0,,0,2.0,10.0,0,0,10.0,,20.0,0.0,0,0,0,19-23 hrs,,15.0,,,0,,0.0,10.0,30.0,,,0,0,,,,,,0,0,0,,
07X522,,,,,,0,0,,,0,,0,0.0,,0,0,,0.0,0,0,,,0,0,,,,0,0,0,,0,,,,0,0,,0,,0,0,0,,,0,0.0,0,0,0,0,2.0,,,,0,0,0,,0,0.0,0,0,0,,0,,,,,0,,0.0,,0,0,,0,,0,,0,1,0.0,0,0,,,,0,,0,,,,0,,0,,1,,,,0,,0,0,,0,,0,0,1.0,,,,0,,,,0,0,0,0.0,,0,,,0.0,,,,,,0,,,,0,,0,,,0,0,0,0,0,0,0,,,0,0,0.0,0,,,0.0,,,,0,,,,0,,,,1,,0,0,0.0,,,,0,,,,0,0.0,,0,0,,,,0.0,0,0,0,,,,,,0,,,,,,,0,0,,,,,,0,0,0,,
02M475,,,,,,0,0,,,0,,0,0.0,,1,0,,4.0,0,0,CASA,,0,0,,,,0,0,0,,0,,,,0,0,31+ hrs,0,,0,0,0,,,0,4.0,0,0,0,0,0.0,,,,0,0,0,,0,1.0,0,0,0,,1,,,,,0,,2.0,,0,1,,0,,0,,0,0,3.0,0,0,,,,0,,0,,,,1,,0,,1,,,,0,,0,1,40.0,0,,0,1,0.0,,,,0,,,,0,0,0,0.0,,0,,,2.0,,,,,,0,,,,0,,1,,,0,1,0,0,0,0,0,,,0,0,0.0,1,,,0.0,,Raymond,,1,,,,0,,,,0,,0,0,0.0,,,,0,,,,0,6.0,,0,0,,,,0.0,0,0,0,31+ hrs,,,,,0,,,,,,,0,1,,,,,,1,0,0,,
04M372,,,,,,0,0,,,0,,0,0.0,7-12 hrs,1,0,7-12 hrs,3.0,0,0,Union Settlement,,0,0,,0.0,,0,0,0,,0,,,,0,0,7-12 hrs,0,,0,0,0,,,0,1.0,0,0,0,0,,,,,0,0,0,,0,1.0,0,1,0,,0,,,,,0,,2.0,,1,0,,0,,0,,0,0,1.0,1,0,,,,0,,0,,,,0,,0,,1,,,,0,,0,0,,0,,0,1,2.0,,,,0,,,,1,0,0,0.0,,0,,,,,,,,,0,,,,0,,1,,,0,1,0,0,0,0,0,,,0,0,,1,,,0.0,,Mohammed,0.0,1,,,,0,,,,1,,0,1,,,,,0,,,,0,3.0,,1,0,,,,0.0,1,0,0,7-12 hrs,,,,,1,,,,,,,0,1,,,,,,1,0,0,,
10X228,,,,,,0,0,,,0,,0,1.0,19-23 hrs,1,0,,9.0,0,0,,,0,0,,1.0,,0,0,0,,0,,,,0,0,13-18 hrs,0,,0,0,0,,,0,1.0,0,0,0,0,2.0,,,,0,0,0,,0,1.0,0,1,0,,1,,,,,0,,1.0,,1,0,,0,,0,,0,1,,1,0,,,,0,,0,,,,1,,0,,1,,,,0,,0,0,70.0,0,,0,0,1.0,,,,0,,,,0,0,0,0.0,,1,,,1.0,,,,,,0,,,,0,,1,,,0,0,0,0,0,0,0,,,0,0,,1,,,0.0,,Daisy,0.0,0,,,,1,,,,1,,0,0,2.0,,,,0,,,,0,2.0,,1,0,,,,0.0,1,0,0,,,,,,1,,,,,,,1,1,,,,,,0,0,0,,
15K029,,,0.0,0.0,,0,0,12.0,1.0,0,0.0,0,0.0,,1,0,,4.0,0,0,,8.0,0,0,0.0,,,1,0,0,,0,0.0,0.0,,0,0,1-6 hrs,0,,1,0,0,0.0,,0,1.0,0,0,0,1,,,,0.0,0,0,0,0.0,0,12.0,0,0,0,,1,,,,24.0,0,8.0,2.0,,0,0,,0,0.0,0,,1,1,1.0,0,0,0.0,0.0,0.0,1,24.0,0,,1.0,0.0,1,,0,,1,0.0,,,0,,0,0,1.0,0,,0,1,0.0,0.0,24.0,,1,,,,1,0,0,0.0,,1,,,1.0,,,,,24.0,0,,,,0,,0,0.0,0.0,0,0,0,0,0,0,0,,,0,1,,1,,12.0,0.0,,Dawn,,0,0.0,,0.0,1,,24.0,,1,0.0,0,0,1.0,,,0.0,0,,0.0,,0,3.0,0.0,0,0,0.0,,0.0,0.0,0,0,0,1-6 hrs,,0.0,,,0,,0.0,8.0,0.0,,,1,0,,,1.0,,,1,0,0,,0.0
09X555,,,,,,0,0,,,0,,0,0.0,,0,0,,3.0,0,0,Alvin Aliey,,0,0,0.0,,,0,0,0,,0,0.0,,,1,0,,0,,0,0,0,,,0,0.0,0,0,0,0,0.0,,,,0,0,0,0.0,0,0.0,0,0,0,,1,,,,0.0,0,0.0,0.0,,0,0,,0,0.0,0,,0,0,0.0,0,0,,0.0,,0,,0,,0.0,,0,,0,,0,,,,0,,0,0,8.0,0,,0,0,0.0,,,,1,,,,0,0,1,0.0,,0,,,0.0,,,,,,0,,,,0,,0,,0.0,0,0,0,1,0,0,0,,,0,1,0.0,0,,,0.0,,Amara,,0,0.0,,0.0,0,,0.0,,0,0.0,0,0,1.0,,,0.0,1,,0.0,,0,0.0,,0,0,,,,0.0,0,0,1,,,0.0,,,0,,0.0,0.0,0.0,,,0,0,,,,,,0,0,0,,
09X055,,,0.0,,,0,0,,,0,0.0,0,2.0,,1,0,,5.0,0,0,,0.0,0,0,0.0,,,0,0,0,,0,0.0,,,0,0,,0,,1,0,0,0.0,,0,0.0,0,0,0,1,,,,0.0,0,0,0,0.0,0,2.0,0,0,0,,0,,,,0.0,0,0.0,2.0,,0,1,,0,0.0,0,,0,0,0.0,0,0,0.0,0.0,0.0,1,0.0,0,,0.0,,0,,0,,0,0.0,,,0,,0,0,100.0,0,,0,0,0.0,0.0,0.0,,1,,,,0,0,1,0.0,,1,,,0.0,,,,,0.0,0,,,,0,,0,,60.0,0,0,0,0,0,0,0,,,0,1,0.0,0,,,0.0,,George,,0,0.0,,0.0,0,,0.0,,0,0.0,0,0,3.0,,,0.0,1,,0.0,,0,1.0,0.0,0,0,0.0,,0.0,0.0,0,0,1,,,0.0,,,0,,0.0,0.0,0.0,,,0,0,,,,,,0,0,1,,
11X357,,,,,,0,0,,,0,,0,,,0,0,,1.0,0,1,,,0,0,0.0,,,0,0,0,,0,1.0,,,0,0,,0,,0,0,0,,,0,,0,0,0,0,,,,,1,0,0,0.0,0,0.0,0,0,0,,0,,,,,0,,,,0,0,,0,0.0,0,,0,0,,0,0,,0.0,,0,,0,,0.0,,0,,0,,0,,,,0,,0,0,,0,,0,1,0.0,,,,0,,,,0,0,0,,,0,,,,,,,,,0,,,,0,,0,,2.0,0,0,0,0,0,0,0,,,0,0,,0,,,,,,,0,1.0,,,0,,,,0,0.0,0,0,,,,0.0,0,,,,0,2.0,,0,0,,,,1.0,0,0,0,,,1.0,,,0,,0.0,,0.0,,,0,0,,,,,,0,0,0,,
03M191,,,,,,0,0,,,0,,0,,1-6 hrs,1,0,,3.0,0,0,,,0,0,0.0,0.0,,0,0,0,,0,,,,0,0,,0,,0,0,0,,,0,0.0,0,0,0,0,0.0,,,,0,0,0,,0,11.0,0,0,0,130.0,1,,,,,0,10.0,2.0,,0,0,,0,0.0,0,,0,0,0.0,1,0,,10.0,,1,,0,,10.0,,0,,0,,0,,,,0,,0,0,10.0,0,,0,1,0.0,,,,0,,,,0,0,0,0.0,,0,,,2.0,,,,,,0,,,,0,,1,,7.0,0,0,1,1,0,0,0,,,0,0,0.0,1,,,0.0,,Sandra,7.0,0,7.0,,,1,,7.0,,0,10.0,0,0,1.0,,,0.0,0,,7.0,,1,4.0,,1,0,,,,0.0,0,0,0,,,7.0,,,0,,0.0,10.0,10.0,,,0,0,,,,,,0,0,0,,
08X072,,,0.0,0.0,,0,0,0.0,0.0,0,30.0,0,1.0,,1,0,,2.0,0,1,,0.0,1,0,0.0,,,0,0,0,,0,0.0,30.0,,0,0,,0,,0,0,0,0.0,0.0,0,0.0,0,0,0,1,0.0,,0.0,30.0,0,0,0,0.0,1,0.0,0,0,0,,0,0.0,,,0.0,0,0.0,0.0,,1,0,,0,0.0,0,30.0,0,1,2.0,0,0,30.0,0.0,0.0,1,0.0,0,,0.0,0.0,1,,0,30.0,1,0.0,,,0,30.0,0,0,20.0,0,,0,0,0.0,30.0,0.0,,0,0.0,0.0,,0,0,0,6.0,,1,0.0,30.0,1.0,,,30.0,,0.0,0,,,,0,,0,0.0,30.0,0,0,0,0,0,0,0,,,0,0,0.0,0,,30.0,0.0,0.0,Malcolm,,0,0.0,,0.0,1,,0.0,,1,0.0,0,0,0.0,,,0.0,0,,30.0,,0,0.0,0.0,0,0,0.0,,0.0,1.0,1,0,0,19-23 hrs,30.0,30.0,,0.0,0,,0.0,30.0,0.0,0.0,,0,0,,,0.0,,0.0,0,0,0,0.0,0.0
09X126,,,0.0,0.0,,0,0,0.0,0.0,0,0.0,0,2.0,,0,0,,2.0,0,0,,0.0,0,0,0.0,,,0,0,0,,0,0.0,0.0,,0,0,13-18 hrs,0,,0,0,0,0.0,,0,1.0,0,0,0,0,0.0,,,0.0,0,0,0,0.0,0,1.0,0,0,0,,0,,,,0.0,0,0.0,1.0,,1,0,,0,0.0,0,0.0,0,0,0.0,0,0,0.0,0.0,0.0,1,0.0,0,,0.0,,0,,0,,1,0.0,,,0,,0,0,,0,,0,0,1.0,0.0,0.0,,0,,,,0,0,0,0.0,,0,,,4.0,,,,,0.0,0,,,,0,,0,0.0,0.0,0,0,0,0,0,0,0,,,0,0,0.0,1,,0.0,0.0,,Suleikis,,0,0.0,,0.0,1,,0.0,,1,0.0,0,0,5.0,,,0.0,0,,0.0,,0,2.0,0.0,0,0,0.0,,0.0,0.0,0,0,0,,,0.0,,,0,,0.0,0.0,0.0,,,0,0,,,0.0,,,0,0,0,,0.0
12X061,,,,,,Participate in family art workshop,0,,,0,,0,1.0,,1,0,,5.0,0,1,Children's Aid Society,,1,0,0.0,,,0,0,0,,0,30.0,,,0,0,,0,,0,0,0,,,0,0.0,0,0,0,0,0.0,,,,0,0,0,0.0,1,0.0,0,1,0,,0,,,,30.0,0,30.0,10.0,,0,0,,0,0.0,0,,0,1,0.0,0,0,,30.0,,1,,0,,30.0,,1,,0,,1,,,,0,,0,0,30.0,0,,0,1,0.0,,,,0,,,,0,0,0,0.0,,1,,,0.0,,,,,,0,,,,0,,0,,0.0,0,0,0,0,0,0,0,,,0,0,0.0,1,,,0.0,,Meenu,,0,30.0,,30.0,1,,30.0,,1,30.0,0,0,0.0,,,30.0,0,,60.0,,0,1.0,,0,0,,,,0.0,0,0,0,,,0.0,,,0,,0.0,30.0,30.0,,,0,1,,,,,,1,0,0,,
11X418,,,,,,0,0,,,0,,0,0.0,,1,0,,0.0,0,0,,,0,0,,,,0,0,0,,0,,,,0,0,13-18 hrs,0,,0,0,0,,,0,3.0,0,0,0,0,,,,,0,0,0,,0,1.0,0,1,0,,1,,,,,0,,2.0,,0,0,,0,,0,,0,0,0.0,0,0,,,,1,,0,,,,1,,0,,1,,,,0,,0,0,30.0,0,,0,0,1.0,,,,0,,,,0,0,0,0.0,,0,,,1.0,,,,,,0,,,,0,,0,,,0,1,0,0,0,1,0,,,0,0,0.0,1,,,0.0,,Linfa,,0,,,,1,,,,1,,0,0,,,,,0,,,,0,0.0,,0,0,,,,0.0,0,0,0,,,,,,0,,,,,,,0,1,,,,,,0,0,0,,
22K236,,,6.0,,,0,0,,,0,,0,0.0,,0,0,,0.0,0,0,,3.0,0,0,1.0,,,0,0,0,,0,30.0,,,1,0,31+ hrs,0,,0,0,0,,,0,1.0,0,0,0,0,0.0,,,3.0,0,0,0,3.0,1,0.0,0,1,0,,1,,,,10.0,0,3.0,1.0,,0,1,,0,1.0,0,,0,0,0.0,0,0,20.0,1.0,1.0,1,20.0,0,,2.0,,1,,0,,1,1.0,,,0,,0,0,4.0,0,,0,1,0.0,30.0,,,0,,,,1,0,0,0.0,,0,,,0.0,,,,,10.0,0,,,,0,,0,,20.0,0,0,0,1,0,0,0,,,0,0,0.0,1,,,0.0,,Natalie,,0,30.0,,8.0,1,,10.0,,0,10.0,0,0,0.0,,,6.0,0,,20.0,,0,1.0,35.0,0,0,4.0,,,0.0,0,0,0,,,30.0,,,0,,3.0,3.0,1.0,,,0,1,,,,,,0,0,0,,
15K423,,,,,,0,0,,,0,,0,1.0,,1,0,,0.0,0,0,,,0,0,,,,0,0,0,,0,,,,0,0,,0,,0,0,0,,,0,0.0,0,0,0,0,0.0,,,,0,0,0,,0,1.0,0,0,0,,1,,,,,0,,2.0,,1,0,,0,,0,,0,1,0.0,0,0,,,,1,,0,,,,1,,0,,1,,,,0,,0,0,5.0,0,,0,1,0.0,,,,0,,,,0,0,0,0.0,,1,,,1.0,,,,,,0,,,,0,,0,,,0,1,0,0,0,0,0,,,0,0,0.0,1,,,0.0,,Andrew,,1,,,,1,,,,1,,0,0,1.0,,,,0,,,,0,0.0,,0,0,,,,0.0,0,0,0,,,,,,0,,,,,,,0,1,,,,,,0,0,0,,
05M499,,,,,,projects,0,,,0,,0,0.0,31+ hrs,0,0,13-18 hrs,3.0,0,0,Aquila Theater,,0,0,,30.0,,0,0,0,,0,,,,0,0,31+ hrs,0,,0,0,0,,,0,2.0,0,0,0,0,0.0,,,,0,0,0,,0,3.0,0,1,0,,1,,,,,0,,2.0,,1,1,,0,,0,,0,1,2.0,1,0,,,,0,,0,,,,1,,0,,0,,,,0,,0,0,120.0,0,,0,1,0.0,,,,0,,,,0,0,0,1.0,,0,,,8.0,,,,,,0,,,,0,,0,,,0,1,0,1,0,0,0,,,0,0,0.0,1,,,1.0,,Luis,30.0,1,,,,1,,,,0,,0,1,1.0,,,,0,,,,1,6.0,,1,0,,,,0.0,1,0,0,31+ hrs,,,,,0,,,,,,,0,1,,7-12 hrs,,,,1,0,0,,
04M146,,,,,,0,0,,,0,,0,1.0,,1,0,,6.0,0,1,,0.0,1,0,0.0,,,0,0,0,,0,30.0,,,0,0,,0,,0,0,0,,,0,0.0,0,0,0,0,0.0,,,,0,0,0,0.0,1,1.0,0,1,0,,1,,,,0.0,0,0.0,3.0,,1,0,,0,0.0,0,,0,0,0.0,0,0,,0.0,,1,,0,,0.0,,1,,0,,1,,,,0,,0,0,80.0,0,,0,1,1.0,,,,0,,,,1,0,0,0.0,,1,,,10.0,,,,,,0,,,,0,,0,,0.0,0,1,0,0,0,0,0,,,0,0,0.0,1,,,4.0,,Gaynell,,0,30.0,,0.0,1,,0.0,,1,0.0,0,0,8.0,,,0.0,0,,30.0,,0,4.0,0.0,0,0,30.0,,,0.0,1,0,0,,,30.0,,,0,,0.0,0.0,0.0,,,0,1,,7-12 hrs,,,,1,0,0,,
22K197,,,0.0,,,0,0,0.0,5.0,0,5.0,0,1.0,7-12 hrs,1,0,,10.0,0,1,,10.0,1,0,10.0,,,0,0,0,,0,10.0,,,1,0,24-30 hrs,0,,0,0,0,0.0,,0,2.0,0,0,0,1,2.0,,,5.0,0,0,0,10.0,1,1.0,0,1,0,,1,,,,0.0,0,10.0,4.0,,1,0,,0,10.0,0,,0,1,1.0,0,0,0.0,5.0,10.0,0,0.0,0,,5.0,10.0,1,,0,,1,5.0,,,0,,0,0,10.0,0,,0,1,3.0,5.0,0.0,,0,,,,1,0,0,0.0,,0,,,28.0,,,,,0.0,0,,,,0,,1,,10.0,0,1,0,1,0,0,0,,,0,0,0.0,1,,0.0,0.0,,Phil,,1,10.0,,0.0,0,,0.0,,1,10.0,0,0,14.0,,,0.0,0,,0.0,,0,12.0,0.0,0,0,0.0,,0.0,0.0,1,0,0,19-23 hrs,,5.0,,,0,,10.0,10.0,5.0,,,0,1,,,,,,1,0,0,,
01M539,,,0.0,,,0,0,,0.0,0,,0,0.0,,0,0,,3.0,0,0,,20.0,0,0,0.0,0.0,,0,0,0,,0,0.0,,,0,0,13-18 hrs,0,,0,0,0,,,0,3.0,0,0,0,1,2.0,,,0.0,0,0,0,0.0,0,0.0,0,1,0,,1,,,,12.0,0,20.0,3.0,,1,1,,0,0.0,0,,0,1,2.0,1,0,20.0,0.0,0.0,0,0.0,0,,0.0,,1,,0,,1,0.0,,,0,,0,0,20.0,0,,0,1,0.0,0.0,,,1,,,,1,0,0,0.0,,0,,,3.0,,,,,12.0,0,,,,0,,0,,0.0,0,0,0,0,0,0,0,,,0,1,,1,,,0.0,,Pieter,0.0,0,0.0,,0.0,0,,12.0,,0,10.0,0,0,1.0,,,0.0,0,,20.0,,1,15.0,20.0,1,0,0.0,,,0.0,0,0,1,24-30 hrs,,0.0,,,1,,0.0,20.0,0.0,,,0,0,,,,,,1,0,1,,
11X544,,,,,,0,0,,,0,,0,,,0,0,,,0,0,,,0,0,,,,0,0,0,,0,,,,0,0,1-6 hrs,0,,0,0,0,,,0,1.0,0,0,0,0,,,,,0,0,0,,0,,0,0,0,,0,,,,,0,,,,0,0,,0,,0,,0,0,1.0,0,0,,,,1,,0,,,,1,,0,,1,,,,0,,0,0,,0,,0,0,0.0,,,,0,,,,0,0,0,,,0,,,,,,,,,0,,,,0,,0,,,0,0,0,1,0,0,0,,,0,0,,1,,,,,Jacqueline,,0,,,,1,,,,1,,0,0,,,,,0,,,,0,,,0,0,,,,1.0,0,0,0,,,,,,0,,,,,,,0,0,,,,,,0,0,0,,
02M158,,,0.0,,,0,0,10.0,0.0,0,13.0,0,2.0,,1,0,,4.0,0,0,,0.0,1,0,13.0,,,0,0,0,,0,11.0,,,0,0,7-12 hrs,0,,0,0,0,,,0,2.0,0,0,0,1,,,,0.0,0,0,0,11.0,0,1.0,0,1,0,,1,,,,0.0,0,0.0,3.0,,1,0,,0,13.0,0,,0,1,1.0,0,0,10.0,0.0,13.0,0,10.0,0,,0.0,,1,,0,,0,0.0,,,0,,0,0,8.0,0,,0,1,1.0,13.0,,,1,,,,1,0,0,0.0,,0,,,4.0,,,,,0.0,0,,,,0,,0,,0.0,0,1,0,0,0,0,0,,,0,0,,1,,10.0,0.0,,Mary,,1,11.0,,0.0,0,,0.0,,0,0.0,0,0,2.0,,,0.0,0,,12.0,,0,7.0,0.0,0,0,5.0,,,0.0,0,0,0,7-12 hrs,,13.0,,,0,,11.0,0.0,0.0,,,1,1,,,,,,1,0,0,,
19K504,,,,,,0,0,,,0,,0,1.0,,0,0,,0.0,0,0,DCTV,,0,0,,,,0,0,0,,0,,,,0,0,1-6 hrs,0,,0,0,0,,,0,1.0,0,0,0,0,0.0,,,,0,0,0,,0,1.0,0,0,0,,1,,,,,0,,0.0,,0,0,,0,,0,,0,1,1.0,0,0,,,,0,,0,,,,0,,0,,1,,,,0,,0,0,2.0,0,,0,1,1.0,,,,0,,,,0,0,0,0.0,,0,,,0.0,,,,,,0,,,,0,,1,,,0,0,0,0,0,0,0,,,0,0,0.0,1,,,1.0,,Michael,,1,,,,0,,,,1,,0,0,0.0,,,,0,,,,0,2.0,,0,0,,,,1.0,0,0,0,1-6 hrs,,,,,0,,,,,,,0,1,,1-6 hrs,,,,0,0,0,,
06M322,,,,,,0,0,,,0,,0,0.0,,1,0,,2.0,0,0,,,0,0,,85.0,,0,0,0,,0,,,,0,0,1-6 hrs,0,,0,0,0,,,0,1.0,0,0,0,0,,,,,0,0,0,,0,0.0,0,0,0,,0,,,,,0,,,,0,0,,0,,0,,0,0,0.0,1,0,,,,0,,0,,,,1,,0,,1,,,,0,,0,0,40.0,0,,0,0,0.0,,,,0,,,,0,0,0,0.0,,1,,,2.0,,,,,,0,,,,0,,0,,,0,0,0,0,0,0,0,,,0,0,0.0,1,,,0.0,,Anthony,85.0,0,,,,0,,,,1,,0,0,1.0,,,,0,,,,1,2.0,,1,0,,,,0.0,0,0,0,,,,,,1,,,,,,,0,0,,,,,,0,0,0,,
21K128,,,,,,0,0,,,0,,0,0.0,7-12 hrs,1,0,1-6 hrs,7.0,0,0,,,0,0,8.0,,,1,0,0,,0,0.0,,,0,0,7-12 hrs,0,,1,0,0,,,0,1.0,0,0,0,1,2.0,,,0.0,0,0,0,8.0,0,0.0,0,1,0,,1,,,,3.0,0,21.0,14.0,,1,0,,0,8.0,0,,0,1,1.0,0,0,,6.0,8.0,1,,0,,6.0,,1,,0,,1,6.0,,,0,,0,0,8.0,0,,0,1,1.0,0.0,,,1,,,,0,0,1,6.0,,0,,,1.0,,,,,3.0,0,,,,0,,0,,0.0,1,1,0,1,0,0,0,,,0,1,0.0,1,,,0.0,,Jayme,,0,0.0,,8.0,1,,3.0,,1,9.0,0,1,7.0,,,8.0,1,,1.0,,0,2.0,,0,0,,,,0.0,1,0,1,7-12 hrs,,0.0,,,0,,8.0,21.0,6.0,,,0,0,,,,,,0,0,1,,
02M575,,,,,,0,0,,,0,,0,1.0,,0,0,,3.0,0,0,,,0,0,,,,0,0,0,,0,,,,0,0,,0,,0,0,0,,,0,0.0,0,0,0,0,0.0,,,,0,0,0,,0,0.0,0,1,0,,0,,,,,0,,2.0,,0,0,,0,,0,,0,0,0.0,0,0,,,,0,,0,,,,1,,0,,1,,,,0,,0,1,,0,,0,1,0.0,,,,0,,,,0,0,0,0.0,,0,,,0.0,,,,,,0,,,,0,,0,,,0,0,0,0,0,0,0,,,0,0,0.0,0,,,0.0,,Michael,,0,,,,1,,,,1,,0,0,4.0,,,,0,,,,0,0.0,,0,0,,,,0.0,0,0,0,,,,,,0,,,,,,,1,0,,,,,,1,0,0,,
09X073,,,0.0,,,0,0,0.0,31.0,0,0.0,0,0.0,,1,0,,0.0,0,0,Bronx Museum of the Arts,0.0,0,0,0.0,,,0,0,0,,0,0.0,,,0,0,7-12 hrs,0,,0,0,0,0.0,,0,1.0,0,0,0,1,0.0,,0.0,0.0,1,0,0,0.0,0,0.0,0,0,0,,0,,,,0.0,0,0.0,1.0,,1,0,31.0,0,0.0,0,0.0,0,0,1.0,0,0,0.0,21.0,0.0,1,0.0,0,,31.0,0.0,0,,0,,1,21.0,,,0,,0,0,40.0,0,,0,0,0.0,0.0,0.0,,1,,,,0,0,0,0.0,,0,,,3.0,,,0.0,,0.0,0,,,,0,,0,,0.0,0,0,0,1,0,0,0,,,0,1,,1,,0.0,0.0,,Craig,,0,0.0,,0.0,1,0.0,0.0,,1,31.0,0,0,0.0,,,0.0,0,,0.0,,0,3.0,0.0,0,0,0.0,0.0,0.0,0.0,0,0,1,7-12 hrs,0.0,0.0,,,0,,0.0,0.0,21.0,,,0,0,,,,,,0,0,1,31.0,31.0
11X041,,,0.0,270.0,,0,0,0.0,0.0,0,270.0,0,25.0,,1,0,,8.0,0,0,,270.0,0,0,0.0,,,0,0,0,,0,270.0,0.0,,0,0,,0,,0,0,0,0.0,0.0,0,0.0,0,0,0,0,0.0,,0.0,0.0,0,0,0,0.0,0,25.0,0,0,0,,0,270.0,,,0.0,0,270.0,8.0,,0,0,,0,0.0,0,0.0,0,0,0.0,0,0,270.0,0.0,0.0,1,0.0,0,,0.0,0.0,1,,0,270.0,1,0.0,,,0,,0,0,270.0,0,,0,1,25.0,270.0,0.0,,0,0.0,0.0,,1,0,0,0.0,,1,0.0,270.0,4.0,,,270.0,,0.0,0,,,,0,,0,0.0,0.0,0,0,0,0,0,0,0,,,0,0,0.0,1,,270.0,0.0,,Daniel,,0,270.0,,0.0,1,,0.0,,1,0.0,0,0,4.0,,,0.0,0,,0.0,,0,8.0,0.0,0,0,0.0,,0.0,0.0,0,0,0,,0.0,270.0,,,0,,0.0,270.0,0.0,,,0,0,,,0.0,,,0,0,0,0.0,0.0
05M175,,,,,,0,0,,,0,,0,,31+ hrs,1,0,,0.0,0,0,United Cerebal Palsy,,0,0,0.0,,,0,0,0,,0,0.0,,,0,0,,0,,0,0,0,,,0,0.0,0,0,0,0,,,,,0,0,0,0.0,0,,0,0,0,,1,,,,2.0,0,0.0,1.0,,1,0,,0,0.0,0,,0,1,1.0,0,0,,0.0,,1,,0,,0.0,,1,,0,,1,,,,0,,0,0,10.0,0,,0,1,,,,,0,,,,0,0,0,0.0,,1,,,1.0,,,,,0.0,0,,,,0,,0,,2.0,0,0,0,0,0,0,0,,,0,0,0.0,1,,,0.0,,arthur,,0,0.0,,0.0,1,,2.0,,1,0.0,0,0,1.0,,,0.0,1,,2.0,,0,2.0,,0,0,,,,0.0,0,0,0,31+ hrs,,2.0,,,0,,0.0,0.0,0.0,,,1,1,,,,,,0,0,1,,
15K261,,,0.0,0.0,,0,0,10.0,0.0,0,0.0,0,0.0,24-30 hrs,0,0,,2.0,0,0,,0.0,0,0,0.0,,,0,0,0,,0,0.0,0.0,,0,0,24-30 hrs,0,,0,0,0,,,0,1.0,0,0,0,1,0.0,,,0.0,1,0,0,0.0,0,0.0,0,0,0,,1,,,,0.0,0,0.0,0.0,,0,0,,0,0.0,0,,0,0,1.0,0,0,0.0,0.0,0.0,0,10.0,0,,0.0,0.0,1,,0,,1,0.0,,,0,,0,0,10.0,0,,0,0,0.0,0.0,0.0,,1,,,,0,0,1,0.0,,0,,,0.0,,,,,0.0,0,,,,0,,0,0.0,0.0,0,0,0,0,0,0,0,,,0,1,0.0,0,,0.0,0.0,,Rocco,,0,0.0,,0.0,0,,0.0,,0,0.0,0,0,0.0,,,0.0,0,,0.0,,0,2.0,0.0,0,0,0.0,,,0.0,0,0,0,31+ hrs,,0.0,,,0,,0.0,0.0,0.0,,,0,0,,,0.0,,,1,0,0,,
20K048,,,30.0,,,Art Family Night,0,,,0,,0,1.0,,1,0,,1.0,0,1,,10.0,0,0,30.0,,,0,0,0,,0,30.0,,,0,0,19-23 hrs,0,,0,0,0,,,0,1.0,0,0,0,1,0.0,,,30.0,0,0,0,30.0,1,0.0,0,1,0,,0,,,,10.0,0,10.0,0.0,,0,0,,0,30.0,0,10.0,0,0,2.0,0,0,30.0,30.0,30.0,1,30.0,0,,30.0,,1,,0,,1,30.0,,,0,,0,0,12.0,0,,0,1,0.0,30.0,10.0,,0,,,,0,0,0,,,1,,,1.0,,,,,10.0,0,,,,0,,0,,30.0,0,0,0,0,0,0,0,,,0,0,0.0,1,,,,,Teresa,,1,30.0,,10.0,1,,10.0,,1,30.0,0,0,0.0,,,30.0,0,,10.0,,0,2.0,10.0,0,0,10.0,,,1.0,0,0,0,7-12 hrs,,30.0,,,0,,30.0,10.0,30.0,,,0,0,,,,,,1,0,1,,
12X479,,,,,,0,0,,,0,,0,,,1,0,,,0,0,,,0,0,,,,0,0,0,,0,,,,0,0,,0,,0,0,0,,,0,0.0,0,0,0,0,,,,,0,0,0,,0,,0,0,0,,0,,,,,0,,2.0,,0,0,,0,,0,,0,1,0.0,0,0,,,,1,,0,,,,1,,0,,1,,,,0,,0,0,,0,,0,0,,,,,0,,,,0,0,0,0.0,,0,,,,,,,,,0,,,,0,,0,,,0,0,0,0,0,0,0,,,0,0,0.0,0,,,0.0,,Robert,,0,,,,1,,,,1,,0,0,,,,,0,,,,0,,,0,0,,,,0.0,0,0,0,,,,,,0,,,,,,,1,0,,,,,,0,0,0,,
13K301,,,,,,0,0,,,0,,0,0.0,,1,0,,0.0,0,0,,,0,0,,0.0,,0,0,0,,0,,,,0,0,1-6 hrs,0,,0,0,0,,,0,1.0,0,0,0,0,0.0,,,,0,0,0,,0,0.0,0,0,0,,0,,,,,0,,0.0,,0,0,,0,,0,,0,0,0.0,1,0,,,,1,,0,,,,1,,0,,1,,,,0,,0,0,,0,,0,0,0.0,,,,0,,,,0,0,0,0.0,,1,,,0.0,,,,,,0,,,,0,,0,,,0,0,0,0,0,0,0,,,0,0,0.0,1,,,0.0,,Kim,0.0,0,,,,1,,,,1,,0,0,0.0,,,,0,,,,1,0.0,,1,0,,,,0.0,0,0,0,,,,,,0,,,,,,,0,0,,,,,,1,0,0,,
06M004,,,0.0,,,0,0,0.0,0.0,0,0.0,0,1.0,,1,0,13-18 hrs,2.0,0,0,,26.0,0,0,0.0,,,0,0,0,,0,0.0,,,0,0,,0,,0,0,0,0.0,,0,,0,0,0,0,1.0,,,0.0,0,0,0,0.0,0,0.0,0,0,0,,1,,,,0.0,0,29.0,1.0,,0,0,,0,0.0,0,,0,1,1.0,0,0,0.0,0.0,0.0,1,0.0,0,,0.0,,1,,0,,0,0.0,,,0,,0,0,12.0,0,,0,0,1.0,0.0,0.0,,0,,,,0,0,0,,,0,,,2.0,,,,,0.0,0,,,,0,,0,,0.0,0,0,0,1,0,0,0,,,0,0,,0,,0.0,,,Jose,,0,0.0,,0.0,0,,0.0,,0,0.0,0,1,2.0,,,0.0,0,,10.0,,0,6.0,0.0,0,0,0.0,,22.0,0.0,1,0,0,1-6 hrs,,0.0,,,0,,0.0,12.0,0.0,,,1,0,,,,,,0,0,0,,0.0
16K308,,,,,,0,0,,,0,,0,,,1,0,,0.0,0,0,Photography/Video,,0,0,0.0,2.0,,0,0,0,,0,,,,0,0,19-23 hrs,0,,0,0,0,,,0,1.0,0,0,0,1,0.0,,,,0,0,0,,0,,0,0,0,,1,,,,0.0,0,2.0,0.0,,0,0,,0,0.0,0,,0,1,1.0,1,0,,0.0,,0,,0,,3.0,,1,,0,,1,,,,0,,0,0,24.0,0,,0,0,,,,,0,,,,0,0,0,0.0,,0,,,2.0,,,,,,0,,,,0,,0,,2.0,0,0,0,0,0,0,0,,,0,0,,1,,,0.0,,David,0.0,0,0.0,,0.0,0,,0.0,,1,0.0,0,0,0.0,,,0.0,0,,0.0,,1,3.0,,1,0,,,,1.0,0,0,0,19-23 hrs,,0.0,,,0,,0.0,0.0,0.0,,,0,0,,,,,,1,0,1,,
23K298,,,,,,0,0,,,0,,0,1.0,,1,0,,0.0,0,0,,,0,0,0.0,,,0,0,0,,0,0.0,,,0,0,,0,,0,0,0,,,0,0.0,0,0,0,0,0.0,,,,0,0,0,0.0,0,1.0,0,0,0,,1,,,,,0,100.0,3.0,,0,0,,0,0.0,0,,0,0,0.0,0,0,,100.0,,1,,0,,100.0,,0,,0,,1,,,,0,,0,0,,0,,0,0,0.0,,,,1,,,,0,0,0,0.0,,1,,,0.0,,,,,,0,,,,0,,0,,0.0,0,0,0,0,0,0,0,,,0,1,0.0,0,,,0.0,,Siedah,,0,0.0,,,0,,0.0,,1,100.0,0,0,0.0,,,0.0,0,,0.0,,0,0.0,,0,0,,,,0.0,1,0,1,,,0.0,,,0,,0.0,100.0,100.0,,,1,0,,,,,,0,0,0,,
19K677,,,180.0,,,0,0,,0.0,0,180.0,0,0.0,,1,0,,1.0,0,0,,0.0,0,0,180.0,,,0,0,0,,0,0.0,,,0,0,,0,,0,0,0,,,0,0.0,0,0,0,0,0.0,,,180.0,1,0,0,0.0,0,0.0,0,0,0,,0,,,,0.0,0,0.0,0.0,,0,0,,0,180.0,0,,0,1,1.0,0,0,180.0,0.0,180.0,1,0.0,0,,0.0,,0,,0,,1,0.0,,,0,,0,0,1.0,0,,0,1,0.0,180.0,,,0,,,,0,0,0,0.0,,0,,,0.0,,,,,0.0,0,,,,0,,0,,360.0,0,0,0,0,0,0,0,,,0,0,0.0,0,,,0.0,,Janet,,1,0.0,,0.0,1,,0.0,,1,0.0,0,0,0.0,,,180.0,0,,180.0,,0,10.0,0.0,0,0,0.0,,,1.0,0,0,0,,,180.0,,,0,,0.0,0.0,0.0,,,0,0,,,,,,0,0,0,,
02M255,,,,,,assisting in architectural design and grant-writing,0,,,0,,0,0.0,,0,0,,0.0,0,0,Manhattan Youth,,0,0,,0.0,,0,0,0,,0,,,,0,0,24-30 hrs,0,,0,0,0,,,0,1.0,0,0,0,0,,,,,0,0,0,,0,0.0,0,0,0,,1,,,,,0,,2.0,,1,0,,0,,0,,0,1,,1,0,,,,0,,0,,,,1,,0,,0,,,,0,,0,0,270.0,0,,0,1,1.0,,,,0,,,,0,0,0,0.0,,0,,,0.0,,,,,,0,,,,0,,0,,,0,0,0,0,0,0,0,,,0,0,,1,,,0.0,,Aliza,0.0,0,,,,1,,,,0,,0,0,0.0,,,,0,,,,1,0.0,,1,0,,,,0.0,0,0,0,,,,,,0,,,,,,,1,1,,,,,,1,0,0,,
02M374,,,,,,0,0,,,0,,0,0.0,,0,0,,4.0,0,0,,,0,0,,,,0,0,0,,0,,,,0,0,13-18 hrs,0,,0,0,0,,,0,3.0,0,0,0,0,0.0,,,,0,0,0,,0,0.0,0,0,0,,1,,,,,0,,2.0,,1,0,,0,,0,,0,1,0.0,0,0,,,,1,,0,,,,1,,0,,1,,,,0,,0,0,50.0,0,,0,1,0.0,,,,0,,,,0,0,0,0.0,,0,,,2.0,,,,,,0,,,,0,,0,,,0,0,0,1,0,0,0,,,0,0,0.0,1,,,0.0,,Laura,,0,,,,1,,,,1,,0,0,0.0,,,,0,,,,0,2.0,,0,0,,,,0.0,0,0,0,,,,,,0,,,,,,,1,0,,,,,,0,0,0,,
04M555,,,,,,0,0,,,0,,0,0.0,,1,0,,2.0,0,0,,,0,0,,,,0,0,0,,0,,,,1,0,,0,,0,0,0,,,0,0.0,0,0,0,0,0.0,,,,0,0,0,,0,0.0,0,1,0,,0,,,,,0,,1.0,,1,1,,0,,0,,0,1,0.0,0,0,,,,1,,0,,,,1,,0,,1,,,,0,,0,1,65.0,0,,0,1,1.0,,,,0,,,,0,0,0,0.0,,0,,,1.0,,,,,,0,,,,0,,1,,,0,1,0,0,0,0,0,,,0,0,0.0,1,,,0.0,,Domenic,,0,,,,1,,,,0,,0,0,1.0,,,,0,,,,0,1.0,,0,0,,,,0.0,0,0,0,,,,,,0,,,,,,,0,1,,,,,,1,0,0,,
20K310,,,,,,0,0,,,0,,0,10.0,,1,0,1-6 hrs,5.0,0,0,,,0,0,0.0,,,0,0,0,,0,,,,0,0,24-30 hrs,0,,0,0,0,,,0,1.0,0,0,0,0,0.0,,,,0,0,0,,0,1.0,0,1,0,,1,,,,0.0,0,0.0,1.0,,0,0,,0,0.0,0,,0,1,1.0,0,0,,0.0,,1,,0,,0.0,,1,,0,,1,,,,0,,0,0,1.0,0,,0,0,0.0,,,,0,,,,0,0,0,1.0,,0,,,4.0,,,,,0.0,0,,,,0,,0,,0.0,0,0,0,0,0,0,0,,,0,0,0.0,1,,,1.0,,Mariana,,1,0.0,,0.0,1,,0.0,,1,0.0,0,1,0.0,,,0.0,0,,0.0,,0,0.0,,0,0,,,,0.0,0,0,0,24-30 hrs,,0.0,,,0,,0.0,0.0,0.0,,,0,1,,1-6 hrs,,,,1,0,0,,
22K535,,,,,,0,0,,,0,,0,0.0,,1,0,,0.0,0,0,,,0,0,,,,0,0,0,,0,,,,0,0,1-6 hrs,0,,0,0,0,,,0,1.0,0,0,0,0,0.0,,,,0,0,0,,0,0.0,0,0,0,,0,,,,,0,,1.0,,0,0,,0,,0,,0,0,2.0,0,0,,,,0,,0,,,,0,,0,,1,,,,0,,0,0,,0,,0,0,0.0,,,,0,,,,0,0,0,0.0,,1,,,0.0,,,,,,0,,,,0,,0,,,0,0,0,0,0,0,0,,,0,0,0.0,0,,,0.0,,,,0,,,,0,,,,1,,0,0,0.0,,,,0,,,,0,2.0,,0,0,,,,0.0,0,0,0,1-6 hrs,,,,,0,,,,,,,0,0,,,,,,0,0,0,,
06M349,,,,,,0,0,,,0,,0,2.0,,1,0,,0.0,0,0,,,0,0,,29.0,,0,0,0,,0,,,,0,0,1-6 hrs,0,,0,0,0,,,0,1.0,0,0,0,0,0.0,,,,0,0,0,,0,0.0,0,0,0,,0,,,,,0,,1.0,,0,0,,0,,0,,0,1,0.0,1,0,,,,1,,0,,,,1,,0,,1,,,,0,,0,0,20.0,0,,0,1,0.0,,,,0,,,,0,0,0,3.0,,0,,,4.0,,,,,,0,,,,0,,1,,,0,0,0,1,0,0,0,,,0,0,0.0,1,,,0.0,,MONICA,0.0,1,,,,1,,,,1,,0,0,,,,,0,,,,1,,,1,0,,,,0.0,1,0,0,,,,,,1,,,,,,,0,1,,,,,,0,0,0,,
04M224,,,,,,0,0,,,0,,0,,,0,0,,2.0,0,0,,,0,0,,0.0,,0,0,0,,0,,,,0,0,7-12 hrs,0,,0,0,0,,,0,1.0,0,0,0,0,0.0,,,,0,0,0,,0,,0,1,0,,1,,,,,0,,1.0,,0,1,,0,,0,,0,1,1.0,1,0,,,,0,,0,,,,1,,0,,1,,,,0,,0,0,50.0,0,,0,0,1.0,,,,0,,,,0,0,0,0.0,,0,,,2.0,,,,,,0,,,,0,,0,,,0,0,0,1,0,0,0,,,0,0,0.0,0,,,0.0,,David,0.0,0,,,,0,,,,0,,0,0,3.0,,,,0,,,,0,7.0,,1,0,,,,0.0,0,0,0,19-23 hrs,,,,,1,,,,,,,0,1,,,,,,0,0,0,,
13K553,,,,,,0,0,,,0,,0,,,1,0,,0.0,0,0,,,0,0,,,,0,0,0,,0,,,,0,0,31+ hrs,0,,0,0,0,,,0,1.0,0,0,0,0,0.0,,,,0,0,0,,0,,0,0,0,,1,,,,,0,,0.0,,1,0,,0,,0,,0,1,,0,0,,,,0,,0,,,,1,,0,,1,,,,0,,0,0,,0,,0,0,1.0,,,,0,,,,0,0,0,0.0,,1,,,0.0,,,,,,0,,,,0,,0,,,0,0,0,0,0,0,0,,,0,0,,0,,,0.0,,Denise,,0,,,,0,,,,1,,0,0,0.0,,,,0,,,,0,0.0,,0,0,,,,0.0,0,0,0,,,,,,0,,,,,,,0,1,,,,,,1,0,0,,
15K295,,,,,,Attending cultural events,0,,,0,,0,0.0,,1,0,,2.0,0,1,,,1,0,0.0,,,0,0,0,,0,8.0,,,0,0,19-23 hrs,0,,0,0,0,,,0,1.0,0,0,0,0,,,,,0,0,0,0.0,0,0.0,0,0,0,,1,,,,8.0,0,0.0,1.0,,1,1,,0,0.0,0,,1,1,0.0,0,0,,0.0,,1,,0,,0.0,,1,,0,,0,,,,0,,0,0,17.0,0,,0,0,0.0,,,,0,,,,0,0,0,0.0,,0,,,0.0,,,,,,0,,,,0,,0,,17.0,0,0,0,1,0,0,0,,,0,0,0.0,1,,,0.0,,Lisa,,0,8.0,,0.0,1,,8.0,,0,0.0,0,0,0.0,,,0.0,0,,17.0,,0,8.0,,0,0,,,,0.0,0,0,0,,,17.0,,,0,,0.0,0.0,0.0,,,1,0,,,,,,0,0,0,,
08X093,,,,,,0,0,,,0,,0,0.0,,0,0,,0.0,0,0,,1.0,0,0,0.0,,,0,0,0,,0,0.0,,,0,0,7-12 hrs,0,,0,0,0,,,0,1.0,0,0,0,0,0.0,,,,1,0,0,0.0,0,0.0,0,0,0,,0,,,,0.0,0,1.0,1.0,,0,0,,0,0.0,0,,0,0,0.0,0,0,,1.0,,1,,0,,1.0,,1,,0,,1,,,,0,,0,0,,0,,0,0,0.0,,,,1,,,,0,0,0,0.0,,0,,,0.0,,,,,0.0,0,,,,0,,0,,0.0,0,0,0,0,0,0,0,,,0,1,0.0,0,,,0.0,,JacQueline,,0,0.0,,0.0,1,,0.0,,1,1.0,0,0,0.0,,,0.0,0,,0.0,,0,0.0,0.0,0,0,0.0,,,0.0,0,0,1,,,0.0,,,0,,0.0,1.0,1.0,,,1,0,,,,,,1,0,0,,
13K113,,,,,,0,0,,,0,,1,1.0,24-30 hrs,1,0,,3.0,0,0,American Ballet,,0,0,,80.0,,0,0,0,,0,,,,0,0,24-30 hrs,0,,0,0,0,,,0,1.0,0,0,0,0,,,,,0,0,0,,0,1.0,0,0,0,,1,,,,,0,,0.0,,1,0,,0,,0,,0,0,1.0,1,0,,,,1,,0,,,,1,,0,,1,,,,0,,0,0,2.0,0,,0,0,1.0,,,,0,,,,0,0,0,,,0,,,1.0,,,,,,0,,,,0,,0,,,0,0,0,0,0,0,0,,,0,0,,1,,,,,Richard,0.0,0,,,,1,,,,1,,0,1,4.0,,,,0,,,,0,2.0,,0,0,,,,0.0,0,0,0,7-12 hrs,,,,,0,,,,,,,0,0,,,,,,1,0,0,,
02M560,,,,,,0,0,,,0,,0,1.0,,1,0,31+ hrs,0.0,0,0,,,0,0,,,,0,0,0,,0,,,,0,0,31+ hrs,0,,0,0,0,,,0,3.0,0,0,0,0,,,,,0,0,0,,0,1.0,0,0,0,,1,,,,,0,,2.0,,1,0,,0,,0,,0,1,0.0,0,0,,,,1,,0,,,,1,,0,,0,,,,0,,0,0,,0,,0,1,8.0,,,,0,,,,0,0,0,,,1,,,3.0,,,,,,0,,,,0,,0,,,0,1,0,0,0,0,0,,,0,0,1.0,1,,,,,Melissa,,1,,,,1,,,,0,,0,1,0.0,,,,0,,,,0,1.0,,0,0,,,,0.0,1,0,0,,,,,,0,,,,,,,0,1,,,,,,0,0,0,,
12X321,,,,,,0,0,,,0,,0,,,1,0,,10.0,0,0,Roland Guerro Consultant,,0,0,,,,0,0,0,,0,,,,0,0,1-6 hrs,0,,0,0,0,,,0,1.0,0,0,0,0,,,,,0,0,0,,0,,0,1,0,,0,,,,,0,,1.0,,0,0,,0,,0,,0,1,,0,0,,,,1,,0,,,,1,,0,,0,,,,0,,0,0,54.0,0,,0,0,1.0,,,,0,,,,0,0,0,,,0,,,,,,,,,0,,,,0,,0,,,0,0,0,1,0,0,0,,,0,0,,1,,,,,,,0,,,,0,,,,0,,0,0,,,,,0,,,,0,,,0,0,,,,0.0,0,0,0,,,,,,0,,,,,,,0,1,,,,,,0,0,0,,
12X388,,,,,,0,0,,,0,,0,0.0,,0,0,,0.0,0,0,Parsons,,0,0,,,,0,0,0,,0,,,,1,0,24-30 hrs,0,,0,0,0,,,0,1.0,0,0,0,0,0.0,,,,0,0,0,,0,1.0,0,1,0,,1,,,,,0,,1.0,,1,0,,0,,0,,0,1,0.0,0,0,,,,1,,0,,,,1,,0,,1,,,,0,,0,0,100.0,0,,0,1,0.0,,,,0,,,,0,0,0,0.0,,0,,,0.0,,,,,,0,,,,0,,0,,,0,0,0,0,0,0,0,,,0,0,0.0,1,,,0.0,,Mary,,0,,,,1,,,,1,,0,0,0.0,,,,0,,,,0,1.0,,0,0,,,,0.0,1,0,0,,,,,,0,,,,,,,0,1,,,,,,1,0,0,,
02M580,,,,,,Arts Workshop for parents,0,,,0,,0,0.0,,1,0,,2.0,0,0,Metropolitan Museum of Art,,0,0,,,,0,0,0,,0,,,,0,0,19-23 hrs,0,,0,0,0,,,0,1.0,0,0,0,0,2.0,,,,0,0,0,,0,1.0,0,0,0,,1,,,,,0,,1.0,,1,0,,0,,0,,0,1,0.0,0,0,,,,1,,0,,,,1,,0,,1,,,,0,,0,0,3.0,0,,0,0,0.0,,,,0,,,,0,0,0,0.0,,1,,,0.0,,,,,,0,,,,0,,0,,,0,0,0,0,0,0,0,,,0,0,0.0,0,,,0.0,,Jackie,,0,,,,1,,,,1,,0,0,0.0,,,,0,,,,0,1.0,,0,0,,,,0.0,1,0,0,,,,,,0,,,,,,,1,0,,,,,,0,0,0,,
05M304,,,,,,0,0,,,0,,0,1.0,,1,0,,0.0,0,0,,,0,0,,,,0,0,0,,0,,,,0,0,,0,,0,0,0,,,0,0.0,0,0,0,0,,,,,0,0,0,,0,0.0,0,0,0,,1,,,,,0,,0.0,,0,0,,0,,0,,0,1,0.0,0,0,,,,0,,0,,,,0,,0,,1,,,,0,,0,0,25.0,0,,0,0,0.0,,,,0,,,,0,0,0,0.0,,1,,,0.0,,,,,,0,,,,0,,0,,,0,0,0,0,0,0,0,,,0,0,0.0,1,,,0.0,,Glenn,,0,,,,0,,,,1,,0,0,0.0,,,,0,,,,0,0.0,,0,0,,,,0.0,0,0,0,,,,,,0,,,,,,,0,0,,,,,,0,0,0,,
15K464,,,,,,0,0,,,0,,0,0.0,,1,0,,2.0,0,0,Atlantic Theater Company,,0,0,,0.0,,0,0,0,,0,,,,0,0,,0,,0,0,0,,,0,0.0,0,0,0,0,,,,,0,0,0,,0,0.0,0,0,0,,1,,,,,0,,2.0,,0,0,,0,,0,,0,1,0.0,1,0,,,,0,,0,,,,1,,0,,1,,,,0,,0,0,40.0,0,,0,0,0.0,,,,0,,,,0,0,0,0.0,,0,,,,,,,,,0,,,,0,,0,,,0,0,0,1,0,0,0,,,0,0,0.0,0,,,0.0,,Mathew,0.0,0,,,,0,,,,1,,0,0,,,,,0,,,,1,2.0,,1,0,,,,0.0,0,0,0,,,,,,0,,,,,,,0,0,,,,,,0,0,0,,
02M212,,,,,,0,0,,,0,,0,0.0,,0,0,,,0,0,,,0,0,0.0,,,0,0,0,,0,,,,0,0,13-18 hrs,0,,0,0,0,,,0,2.0,0,0,0,0,,,,,0,0,0,,0,0.0,0,1,0,,0,,,,,0,0.0,,,0,0,,0,0.0,0,,0,0,,0,0,,0.0,,1,,0,,0.0,,0,,0,,0,,,,0,,0,0,15.0,0,,0,0,1.0,,,,0,,,,0,0,0,,,0,,,8.0,,,,,,0,,,,0,,0,,0.0,0,0,0,1,0,0,0,,,0,0,,1,,,,,Mark,,1,0.0,,,0,,15.0,,0,0.0,0,0,2.0,,,10.0,0,,15.0,,0,5.0,,0,0,,,,0.0,1,0,0,,,0.0,,,0,,0.0,0.0,0.0,,,1,1,,,,,,0,0,0,,
19K409,,,,,,0,0,,,0,,0,1.0,,1,0,,0.0,0,0,Brooklyn COmmunity Services,,0,0,,4.0,,0,0,0,,0,,,,0,0,,0,,0,0,0,,,0,0.0,0,0,0,0,0.0,,,,0,0,0,,0,0.0,0,0,0,,0,,,,,0,,1.0,,0,0,,0,,0,,0,1,1.0,1,0,,,,0,,0,,,,0,,0,,1,,,,0,,0,0,2.0,0,,0,0,0.0,,,,0,,,,0,0,0,0.0,,0,,,1.0,,,,,,0,,,,0,,0,,,0,0,0,0,0,1,0,,,0,0,,0,,,0.0,,Samuel,0.0,1,,,,0,,,,1,,0,0,1.0,,,,0,,,,1,0.0,,1,0,,,,0.0,0,0,0,1-6 hrs,,,,,1,,,,,,,0,0,,,,,,0,0,0,,
14K059,,,,,,0,0,,,0,,0,0.0,,1,0,,0.0,0,0,,,0,0,0.0,,,0,0,0,,0,0.0,,,0,0,,0,,0,0,0,,,0,0.0,0,0,0,0,,,,0.0,1,0,0,0.0,0,0.0,0,0,0,,0,,,,0.0,0,0.0,0.0,,0,0,,0,0.0,0,,0,0,0.0,0,0,,0.0,,0,,0,,0.0,,0,,0,,1,,,,0,,0,0,,0,,0,1,1.0,,,,0,,,,0,0,0,0.0,,1,,,0.0,,,,,,0,,,,0,,1,,0.0,0,1,0,0,0,0,0,,,0,0,0.0,1,,,0.0,,Christina,,0,0.0,,0.0,0,,0.0,,1,0.0,0,0,0.0,,,0.0,0,,0.0,,0,4.0,,0,0,,,,0.0,0,0,0,,,0.0,,,0,,0.0,0.0,0.0,,,0,1,,,,,,1,0,0,,
08X448,,,,,,0,0,,,0,,0,,,1,0,,5.0,0,0,,,0,0,,0.0,,0,0,0,,0,,,,0,0,,0,,0,0,0,,,0,0.0,0,0,0,0,,,,,0,0,0,,0,,0,1,0,,1,,,,,0,,1.0,,1,0,,0,,0,,0,0,1.0,1,0,,,,0,,0,,,,1,,0,,1,,,,0,,0,0,12.0,0,,0,1,,,,,0,,,,0,0,0,0.0,,1,,,1.0,,,,,,0,,,,0,,0,,,0,1,0,0,0,0,0,,,0,0,0.0,1,,,0.0,,Jeffrey,0.0,1,,,,0,,,,1,,0,0,4.0,,,,0,,,,0,4.0,,1,0,,,,0.0,0,0,0,31+ hrs,,,,,1,,,,,,,1,1,,,,,,0,0,0,,
02M131,,,,,,0,0,,,0,,0,,31+ hrs,1,0,,1.0,0,0,,,0,0,,30.0,,0,0,0,,0,,,,0,0,1-6 hrs,0,,0,0,0,,,0,1.0,0,0,0,0,0.0,,,,0,0,0,,0,,0,1,0,,1,,,,,0,,2.0,,0,0,,0,,0,,0,1,1.0,1,0,,,,1,,0,,,,1,,0,,1,,,,0,,0,0,3.0,0,,0,1,,,,,0,,,,1,0,0,0.0,,1,,,1.0,,,,,,0,,,,0,,1,,,0,1,0,0,0,0,0,,,0,0,0.0,1,,,0.0,,Hilda,0.0,0,,,,1,,,,1,,0,0,1.0,,,,0,,,,0,2.0,,1,0,,,,0.0,0,0,0,1-6 hrs,,,,,1,,,,,,,0,1,,,,,,0,0,0,,
13K691,,,,,,0,0,,,0,,0,0.0,,1,0,13-18 hrs,2.0,0,0,,,0,0,,15.0,,0,0,0,,0,,,,1,0,31+ hrs,0,,0,0,0,,,0,1.0,0,0,0,0,0.0,,,,0,0,0,,0,0.0,0,1,0,,1,,,,,0,,1.0,,1,0,,0,,0,,0,1,0.0,1,0,,,,0,,0,,,,1,,0,,1,,,,0,,0,0,30.0,0,,0,0,1.0,,,,0,,,,0,0,0,0.0,,0,,,0.0,,,,,,0,,,,0,,0,,,0,0,0,0,0,1,0,,,0,0,0.0,1,,,0.0,,Paula,40.0,0,,,,1,,,,1,,0,1,0.0,,,,0,,,,1,0.0,,1,0,,,,0.0,1,0,0,,,,,,1,,,,,,,0,0,,,,,,1,0,0,,
12X463,,,,,,0,0,,,0,,0,0.0,,1,0,,3.0,0,0,,,0,0,0.0,,,0,0,0,,0,0.0,,,0,0,31+ hrs,0,,0,0,0,,,0,1.0,0,0,0,0,,,,,0,0,0,0.0,0,0.0,0,0,0,,1,,,,0.0,0,0.0,1.0,,0,0,,0,0.0,0,,1,0,0.0,0,0,,0.0,0.0,1,,0,,0.0,,1,,0,,1,0.0,,,0,,0,0,30.0,0,,0,1,0.0,0.0,,,1,,,,0,0,0,0.0,,1,,,3.0,,,,,,0,,,,0,,1,,0.0,0,0,0,0,0,0,0,,,0,1,0.0,1,,,0.0,,Debra,,0,0.0,,0.0,1,,0.0,,1,0.0,0,0,5.0,,,0.0,0,,0.0,,0,1.0,,0,0,,,,0.0,0,0,1,,,0.0,,,0,,0.0,0.0,0.0,,,1,1,,,,,,0,0,0,,
03M505,,,,,,0,0,,,0,,0,0.0,,1,0,,1.0,0,0,,,0,0,,,,0,0,0,,0,,,,0,0,,0,,0,0,0,,,0,0.0,0,0,0,0,,,,,0,0,0,,0,0.0,0,0,0,,1,,,,,0,,1.0,,0,0,,0,,0,,0,1,0.0,0,0,,,,1,,0,,,,0,,0,,1,,,,0,,0,0,,0,,0,1,1.0,,,,0,,,,0,0,0,0.0,,1,,,0.0,,,,,,0,,,,0,,0,,,0,1,0,0,0,0,0,,,0,0,0.0,1,,,0.0,,Jeremy,,1,,,,1,,,,1,,0,0,0.0,,,,0,,,,0,2.0,,0,0,,,,1.0,0,0,0,,,,,,0,,,,,,,0,0,,,,,,0,0,0,,
15K010,,,50.0,0.0,,0,0,0.0,40.0,0,0.0,0,1.0,,0,0,0 hrs,0.0,0,0,,40.0,0,0,10.0,,,0,0,0,,0,0.0,40.0,,0,0,7-12 hrs,0,,0,0,0,0.0,,0,1.0,0,0,0,0,,,0.0,40.0,0,0,0,10.0,0,1.0,0,1,0,,1,0.0,,,0.0,0,40.0,0.0,,1,0,,0,10.0,0,50.0,0,1,1.0,0,0,10.0,40.0,10.0,1,0.0,0,,40.0,0.0,1,,0,,0,40.0,,,0,,0,0,20.0,0,,0,1,0.0,40.0,0.0,,0,,,,0,0,0,,,0,,,1.0,,,,,0.0,0,,,,0,,0,10.0,40.0,0,1,0,1,0,0,0,,,0,0,0.0,1,,10.0,,,Freddie,,0,0.0,,10.0,1,,0.0,,0,40.0,0,0,0.0,,,50.0,0,,50.0,,0,4.0,0.0,0,0,40.0,,40.0,1.0,0,0,0,7-12 hrs,50.0,0.0,,,0,,10.0,40.0,60.0,,,0,0,,,60.0,,,1,0,0,,40.0
13K009,,,10.0,10.0,,0,0,,16.0,0,0.0,0,0.0,7-12 hrs,1,0,,5.0,0,0,,30.0,0,0,10.0,,,0,0,0,,0,10.0,0.0,,0,0,7-12 hrs,0,,0,0,0,30.0,,0,1.0,0,0,0,0,,,,0.0,0,0,0,10.0,0,,0,0,0,,1,,,,0.0,0,30.0,6.0,,0,0,,0,10.0,0,,1,1,,0,0,30.0,10.0,10.0,1,0.0,0,,16.0,16.0,1,,0,,1,10.0,,,0,,0,0,30.0,0,,0,1,1.0,0.0,0.0,,0,,,,0,0,0,0.0,,0,,,4.0,,,,,0.0,0,,,,0,,0,10.0,0.0,0,0,0,1,0,0,0,,,0,0,,1,,,0.0,,Iris,,0,10.0,,10.0,1,,0.0,,0,30.0,0,0,2.0,,,10.0,0,,30.0,,0,4.0,30.0,0,0,10.0,,10.0,2.0,0,0,0,,,0.0,,,0,,10.0,30.0,10.0,,,1,0,,,16.0,,,1,0,0,,
09X250,,,,,,0,0,,,0,,0,1.0,1-6 hrs,0,0,,5.0,0,0,,,0,0,,,,0,0,0,,0,,,,1,0,1-6 hrs,0,,0,0,0,,,0,1.0,0,0,0,0,0.0,,,,0,0,0,,0,1.0,0,1,0,,1,,,,,0,,3.0,,1,0,,0,,0,,0,0,1.0,0,0,,,,1,,0,,,,1,,0,,1,,,,0,,0,0,,0,,0,1,1.0,,,,0,,,,1,0,0,0.0,,0,,,0.0,,,,,,0,,,,0,,1,,,0,0,0,0,0,0,0,,,0,0,,1,,,0.0,,Gonzalez,,1,,,,1,,,,1,,0,0,5.0,,,,0,,,,0,0.0,,0,0,,,,0.0,1,0,0,1-6 hrs,,,,,0,,,,,,,0,1,,,,,,1,0,0,,
14K449,,,,,,0,0,,,0,,0,1.0,,0,0,,3.0,0,0,,,0,0,,,,0,0,0,,0,,,,0,0,24-30 hrs,0,,0,0,0,,,0,3.0,0,0,0,0,0.0,,,,0,0,0,,0,3.0,0,1,0,,1,,,,,0,,2.0,,1,0,,0,,0,,0,1,0.0,0,0,,,,0,,0,,,,1,,0,,1,,,,0,,0,0,2.0,0,,0,0,2.0,,,,0,,,,0,0,0,0.0,,0,,,0.0,,,,,,0,,,,0,,0,,,0,1,0,0,0,0,0,,,0,0,0.0,1,,,0.0,,Kelly,,0,,,,0,,,,1,,0,0,0.0,,,,0,,,,0,0.0,,0,0,,,,0.0,0,0,0,,,,,,0,,,,,,,1,1,,,,,,0,0,0,,
10X008,,0.0,1.0,0.0,,0,0,0.0,0.0,0,0.0,0,1.0,,0,0,,30.0,0,0,,0.0,0,0,5.0,,,0,0,0,,0,0.0,0.0,,0,0,13-18 hrs,0,,0,0,0,0.0,,0,2.0,0,0,0,0,0.0,,0.0,0.0,0,0,0,5.0,0,1.0,0,0,0,,0,0.0,,0.0,0.0,0,0.0,30.0,,0,0,0.0,0,5.0,0,0.0,0,1,1.0,0,0,2.0,0.0,5.0,1,0.0,0,,0.0,0.0,1,,0,,1,0.0,0.0,,0,0.0,0,0,4.0,0,1.0,0,0,1.0,0.0,0.0,,1,1.0,0.0,,0,0,0,0.0,,0,1.0,0.0,0.0,,,0.0,,0.0,0,,,,0,,0,5.0,2.0,0,0,0,0,0,0,0,,,0,1,0.0,0,,0.0,0.0,,Nicole,,0,0.0,,1.0,1,0.0,0.0,,1,0.0,0,0,1.0,0.0,,1.0,0,,0.0,,0,1.0,0.0,0,0,1.0,1.0,1.0,1.0,0,0,0,0 hrs,0.0,0.0,1.0,1.0,0,,5.0,0.0,0.0,,,0,0,,,0.0,0.0,,0,0,0,0.0,0.0
11X019,,,,,,0,0,,,0,,0,0.0,,1,0,,0.0,0,0,,,0,0,0.0,0.0,,0,0,0,,0,,,,0,0,1-6 hrs,0,,0,0,0,,,0,1.0,0,0,0,0,,,,,0,0,0,,0,0.0,0,0,0,,0,,,,,0,0.0,1.0,,0,0,,0,0.0,0,,0,0,0.0,1,0,,0.0,,1,,0,,0.0,,0,,0,,1,,,,0,,0,0,12.0,0,,0,0,0.0,,,,0,,,,0,0,0,0.0,,0,,,1.0,,,,,,0,,,,0,,0,,12.0,0,0,0,0,0,1,0,,,0,0,0.0,1,,,0.0,,Ted,0.0,0,12.0,,,1,,0.0,,1,0.0,0,0,1.0,,,0.0,0,,12.0,,1,1.0,,1,0,,,,0.0,0,0,0,,,12.0,,,1,,0.0,0.0,0.0,,,0,0,,,,,,1,0,0,,
09X443,,,0.0,,,0,0,,,0,,0,1.0,,0,0,,0.0,0,0,Outside agency,,0,0,0.0,,,0,0,0,,0,0.0,,,0,0,1-6 hrs,0,,0,0,0,,,0,1.0,0,0,0,1,0.0,,,45.0,1,0,0,0.0,0,1.0,0,0,0,,1,,,,0.0,0,0.0,1.0,,1,0,,0,0.0,0,,0,1,1.0,0,0,45.0,90.0,0.0,0,0.0,0,,45.0,,1,,0,,1,0.0,,,0,,0,0,2.0,0,,0,1,0.0,45.0,,,0,,,,0,0,0,0.0,,0,,,0.0,,,,,0.0,0,,,,0,,0,,50.0,0,0,0,0,0,0,0,,,0,0,0.0,0,,,0.0,,Dalilah,,0,0.0,,0.0,0,,0.0,,1,0.0,0,1,0.0,,,0.0,0,,45.0,,0,1.0,,0,0,,,,1.0,0,0,1,1-6 hrs,,45.0,,,0,,0.0,0.0,90.0,,,0,0,,,,,,0,0,1,,
13K133,,,18.0,10.0,,0,0,0.0,18.0,0,10.0,0,0.0,,0,0,1-6 hrs,1.0,0,0,,20.0,0,0,0.0,,,0,0,0,,0,10.0,0.0,,0,0,,0,,0,0,0,,,0,,0,0,0,1,0.0,,,0.0,0,0,0,3.0,0,0.0,0,0,0,,1,10.0,,,7.0,0,20.0,1.0,,0,0,,0,0.0,0,0.0,1,0,1.0,0,0,0.0,18.0,0.0,0,0.0,0,,18.0,0.0,1,,0,,1,18.0,,,0,,0,0,12.0,0,,0,1,1.0,10.0,7.0,,0,,,,0,0,0,,,0,,,0.0,,,,,7.0,0,,,,0,,0,3.0,0.0,0,0,0,1,0,0,0,,,0,0,,1,,0.0,,,Laurie,,0,10.0,,30.0,0,,7.0,,1,18.0,0,0,,,,18.0,0,,0.0,,0,3.0,0.0,0,0,16.0,,,0.0,1,0,0,31+ hrs,,10.0,,,0,,3.0,20.0,18.0,,,0,0,,,18.0,,,1,0,0,,18.0
05M157,,,,,,0,0,,,0,,0,0.0,,0,0,,,0,0,Apollo Arts Theater Residency,,0,0,,,,0,0,0,,0,,,,0,0,1-6 hrs,0,,0,0,0,,,0,2.0,0,0,0,0,,,,,0,0,0,,0,0.0,0,0,0,,0,,,,,0,,1.0,,0,0,,0,,0,,0,0,0.0,0,0,,,,0,,0,,,,0,,0,,1,,,,0,,0,0,1.0,0,,0,0,2.0,,,,0,,,,0,0,0,0.0,,0,,,,,,,,,0,,,,0,,0,,,0,0,0,1,0,0,0,,,0,0,0.0,1,,,0.0,,Erin,,0,,,,0,,,,1,,0,0,,,,,0,,,,0,,,0,0,,,,0.0,0,0,0,,,,,,0,,,,,,,1,0,,,,,,1,0,0,,
08X561,,,,,,0,0,,,0,,0,0.0,,1,0,,2.0,0,0,,,0,0,,,,0,0,0,,0,,,,1,0,1-6 hrs,0,,0,0,0,,,0,2.0,0,0,0,0,0.0,,,,0,0,0,,0,0.0,0,1,0,,0,,,,,0,,2.0,,0,1,,0,,0,,0,1,2.0,0,0,,,,0,,0,,,,0,,0,,1,,,,0,,0,0,,0,,0,1,0.0,,,,0,,,,0,0,0,0.0,,1,,,,,,,,,0,,,,0,,0,,,0,1,0,0,0,0,0,,,0,0,0.0,1,,,0.0,,,,1,,,,0,,,,0,,0,0,,,,,0,,,,0,2.0,,0,0,,,,2.0,0,0,0,1-6 hrs,,,,,0,,,,,,,0,1,,,,,,1,0,0,,
16K681,,,,,,0,0,,,0,,0,0.0,24-30 hrs,1,0,7-12 hrs,4.0,0,0,,,0,0,,0.0,,0,0,0,,0,,,,0,0,24-30 hrs,0,,0,0,0,,,0,1.0,0,0,0,0,0.0,,,,0,0,0,,0,1.0,0,0,0,,0,,,,,0,,3.0,,0,0,,0,,0,,0,1,0.0,1,0,,,,1,,0,,,,1,,0,,1,,,,0,,0,0,,0,,0,1,0.0,,,,0,,,,0,0,0,0.0,,1,,,3.0,,,,,,0,,,,0,,1,,,0,0,0,0,0,0,0,,,0,0,0.0,1,,,0.0,,Anne-Marie,0.0,1,,,,1,,,,1,,0,1,4.0,,,,0,,,,0,3.0,,1,0,,,,0.0,0,0,0,,,,,,0,,,,,,,0,0,,,,,,1,0,0,,
07X029,,,0.0,,,0,0,0.0,0.0,0,0.0,0,0.0,7-12 hrs,0,0,7-12 hrs,0.0,0,0,Park Avenue Armory,0.0,0,0,0.0,0.0,,0,0,0,,0,0.0,,,0,0,7-12 hrs,0,,0,0,0,,,0,2.0,0,0,0,0,0.0,,,0.0,0,0,0,0.0,0,0.0,0,0,0,,0,,,,0.0,0,0.0,1.0,,0,0,,0,0.0,0,,0,1,1.0,1,0,0.0,0.0,0.0,1,0.0,0,,0.0,,1,,0,,1,0.0,,,0,,0,0,8.0,0,,0,1,0.0,0.0,0.0,,0,,,,0,0,0,0.0,,0,,,3.0,,,,,0.0,0,,,,0,,0,,0.0,0,0,0,0,0,0,0,,,0,0,0.0,1,,0.0,0.0,,Catherine,0.0,0,0.0,,0.0,1,,0.0,,1,0.0,0,1,1.0,,,0.0,0,,0.0,,1,0.0,0.0,1,0,0.0,,,0.0,0,0,0,1-6 hrs,,0.0,,,0,,0.0,0.0,0.0,,,0,0,,,,,,1,0,0,,
21K100,,,0.0,,,0,0,0.0,0.0,0,0.0,0,0.0,31+ hrs,0,0,,3.0,0,0,,0.0,0,0,0.0,,,0,0,0,,0,0.0,,,0,0,31+ hrs,0,,0,0,0,,,0,1.0,0,0,0,1,0.0,,,0.0,0,0,0,0.0,0,22.0,0,0,0,,1,,,,21.0,0,0.0,1.0,,1,0,,0,0.0,0,,0,1,0.0,0,0,0.0,0.0,0.0,1,0.0,0,,0.0,,1,,0,,0,0.0,,,0,,0,0,21.0,0,,0,1,0.0,0.0,21.0,,0,,,,0,0,0,0.0,,0,,,1.0,,,,,21.0,0,,,,0,,0,,0.0,0,1,0,1,0,0,0,,,0,0,,1,,0.0,0.0,,Kim,,0,0.0,,0.0,1,,21.0,,0,0.0,0,0,1.0,,,0.0,0,,0.0,,0,2.0,0.0,0,0,0.0,,,0.0,0,0,0,,,0.0,,,0,,0.0,0.0,0.0,,,0,0,,,,,,0,0,0,,0.0
09X218,,,0.0,,,0,0,,10.0,0,0.0,0,0.0,,0,0,,4.0,0,0,,10.0,0,0,0.0,0.0,,0,0,0,,0,0.0,,,0,0,24-30 hrs,0,,0,0,0,,,0,1.0,0,0,0,0,0.0,,,0.0,0,0,0,0.0,0,0.0,0,1,0,,0,,,,0.0,0,10.0,2.0,,0,1,,0,0.0,0,,0,0,1.0,1,0,0.0,10.0,0.0,0,0.0,0,,10.0,,1,,0,,1,10.0,,,0,,0,0,1.0,0,,0,1,0.0,0.0,,,0,,,,0,0,0,0.0,,0,,,0.0,,,,,0.0,0,,,,0,,0,,0.0,0,0,0,0,0,0,0,,,0,0,,1,,,0.0,,,0.0,0,0.0,,0.0,1,,0.0,,0,10.0,0,0,0.0,,,0.0,0,,0.0,,1,2.0,0.0,1,0,0.0,,,1.0,0,0,0,13-18 hrs,,0.0,,,1,,0.0,10.0,10.0,,,0,1,,,,,,1,0,0,,
14K561,,,,,,0,0,,,0,,0,1.0,13-18 hrs,1,0,7-12 hrs,2.0,0,0,,,0,0,,,,0,0,0,,0,,,,0,0,,0,,0,0,0,,,0,0.0,0,0,0,0,0.0,,,,0,0,0,,0,1.0,0,0,0,,0,,,,,0,,2.0,,0,0,,0,,0,,0,0,0.0,0,0,,,,1,,0,,,,1,,0,,1,,,,0,,0,0,12.0,0,,0,1,1.0,,,,0,,,,0,0,0,0.0,,0,,,1.0,,,,,,0,,,,0,,0,,,0,0,0,1,0,0,0,,,0,0,0.0,1,,,0.0,,Lauren,,0,,,,1,,,,1,,0,1,0.0,,,,0,,,,0,0.0,,0,0,,,,0.0,1,0,0,,,,,,0,,,,,,,0,0,,,,,,0,0,0,,
08X559,,,,,,0,0,,,0,,0,0.0,,1,0,,0.0,0,0,,,0,0,,,,0,0,0,,0,,,,0,0,1-6 hrs,0,,0,0,0,,,0,1.0,0,0,0,0,0.0,,,,0,0,0,,0,1.0,0,0,0,,1,,,,,0,,8.0,,1,0,,0,,0,,0,1,0.0,0,0,,,,1,,0,,,,1,,0,,1,,,,0,,0,0,,0,,0,0,0.0,,,,0,,,,0,0,0,0.0,,1,,,0.0,,,,,,0,,,,0,,0,,,0,0,0,0,0,0,0,,,0,0,0.0,1,,,0.0,,Paula,,0,,,,1,,,,1,,0,0,0.0,,,,0,,,,0,0.0,,0,0,,,,0.0,0,0,0,,,,,,0,,,,,,,0,0,,,,,,0,0,0,,
18K276,,,0.0,,,0,0,0.0,,0,,0,8.0,,1,0,,6.0,0,0,Brooklyn Ballett,0.0,0,0,0.0,,,0,0,0,,0,0.0,,,1,0,,0,,0,0,0,,,0,,0,0,0,0,,,,0.0,0,0,0,0.0,0,0.0,0,0,0,,1,,,,0.0,0,0.0,3.0,,0,0,,0,0.0,0,,0,1,1.0,0,0,0.0,0.0,0.0,1,0.0,0,,0.0,,1,,0,,0,0.0,,,0,,0,0,20.0,0,,0,0,0.0,0.0,,,0,,,,0,0,0,,,1,,,1.0,,,,,0.0,0,,,,0,,0,,0.0,0,1,0,0,0,0,0,,,0,0,,0,,0.0,,,Leslyn,,0,0.0,,0.0,1,,0.0,,0,0.0,0,0,2.0,,,0.0,0,,0.0,,0,6.0,0.0,0,0,0.0,,,1.0,0,0,0,1-6 hrs,,0.0,,,0,,0.0,0.0,0.0,,,0,0,,,,,,0,0,0,,
02M260,,,,,,0,0,,,0,,0,0.0,,1,0,7-12 hrs,0.0,0,0,,,0,0,,15.0,,0,0,0,,0,,,,0,0,1-6 hrs,0,,0,0,0,,,0,2.0,0,0,0,0,,,,,0,0,0,,0,0.0,0,1,0,,0,,,,,0,,2.0,,0,0,,0,,0,,0,1,1.0,0,0,,,,0,,0,,,,1,,0,,0,,,,0,,0,0,10.0,0,,0,1,0.0,,,,0,,,,0,0,0,0.0,,0,,,0.0,,,,,,0,,,,0,,0,,,0,1,0,1,0,0,0,,,0,0,0.0,1,,,0.0,,Jonathan,35.0,1,,,,0,,,,0,,0,0,0.0,,,,0,,,,1,3.0,,1,0,,,,1.0,1,0,0,1-6 hrs,,,,,0,,,,,,,0,1,,,,,,0,0,0,,
16K498,,,,,,0,0,,,0,,0,0.0,,0,0,1-6 hrs,3.0,0,0,,,0,0,,,,0,0,0,,0,,,,1,0,19-23 hrs,0,,0,0,0,,,0,1.0,0,0,0,0,,,,,0,0,0,,0,1.0,0,1,0,,1,,,,,0,,2.0,,1,1,,0,,0,,0,1,0.0,0,0,,,,0,,0,,,,1,,0,,1,,,,0,,0,0,,0,,0,1,1.0,,,,0,,,,1,0,0,1.0,,1,,,0.0,,,,,,0,,,,0,,0,,,0,1,0,0,0,0,0,,,0,0,0.0,1,,,,,Maria,,1,,,,0,,,,0,,0,0,2.0,,,,0,,,,0,0.0,,0,0,,,,0.0,0,0,0,,,,,,0,,,,,,,0,1,,,,,,1,0,0,,
18K581,,,,,,0,0,,,0,,0,1.0,,0,0,13-18 hrs,2.0,0,0,,,0,0,,0.0,,0,0,0,,0,,,,0,0,,0,,0,0,0,,,0,0.0,0,0,0,0,0.0,,,,0,0,0,,0,0.0,0,0,0,,0,,,,,0,,6.0,,0,1,,0,,0,,0,1,1.0,1,0,,,,1,,0,,,,0,,0,,1,,,,0,,0,0,30.0,0,,0,1,0.0,,,,0,,,,0,0,0,0.0,,0,,,0.0,,,,,,0,,,,0,,0,,,0,1,0,1,0,0,0,,,0,0,0.0,1,,,7.0,,Christopher,0.0,1,,,,1,,,,0,,0,0,0.0,,,,0,,,,1,2.0,,1,0,,,,0.0,1,0,0,19-23 hrs,,,,,0,,,,,,,0,0,,7-12 hrs,,,,0,0,0,,
03M149,,,,,,0,0,,,0,,0,,,1,0,,2.0,0,1,,,1,0,0.0,0.0,,0,0,0,,0,,,,0,0,7-12 hrs,0,,0,0,0,,,0,1.0,0,0,0,1,,,,,0,0,0,,0,,0,0,0,,1,,,,,0,0.0,1.0,,0,0,,0,0.0,0,,0,1,0.0,1,0,,0.0,,1,,0,,0.0,,1,,0,,1,,,,0,,0,0,40.0,0,,0,0,,,,,0,,,,0,0,0,0.0,,1,,,1.0,,,,,,0,,,,0,,0,,80.0,0,0,0,0,0,0,0,,,0,0,0.0,1,,,0.0,,Claudia,17.0,0,,,,1,,40.0,,1,0.0,0,0,0.0,,,0.0,0,,20.0,,0,3.0,,1,0,,,,0.0,0,0,0,,,0.0,,,1,,,0.0,0.0,,,0,0,,,,,,0,0,0,,
11X021,,,1.0,1.0,,0,0,1.0,1.0,0,1.0,0,2.0,1-6 hrs,1,0,,3.0,0,0,,1.0,0,0,1.0,,,1,0,0,,0,1.0,1.0,,0,0,1-6 hrs,0,,1,0,0,1.0,,0,1.0,0,0,0,1,,,,1.0,0,0,0,1.0,0,2.0,0,0,0,,1,,,,1.0,0,1.0,3.0,,0,0,,0,1.0,0,,0,1,1.0,0,0,1.0,1.0,1.0,0,1.0,0,,1.0,1.0,1,,0,,1,1.0,,,0,,0,0,24.0,0,,0,0,3.0,1.0,1.0,,1,,,,1,0,1,0.0,,1,,,0.0,,,,,1.0,0,,,,0,,0,1.0,75.0,1,0,0,0,0,0,0,,,0,1,1.0,0,,1.0,0.0,,Nicole,,0,1.0,,1.0,0,,1.0,,1,1.0,0,0,0.0,,,1.0,1,,1.0,,0,3.0,1.0,0,0,1.0,,1.0,1.0,0,0,1,1-6 hrs,,1.0,,,0,,1.0,1.0,1.0,,,0,0,,,1.0,,,0,0,1,,1.0
13K056,,,,,,0,0,,,0,,0,3.0,24-30 hrs,1,0,,4.0,0,1,,,1,0,3.0,,,0,0,0,,0,0.0,,,0,0,,0,,0,0,0,,,0,,0,0,0,0,,,,,0,0,0,3.0,1,3.0,0,0,0,,0,,,,,0,0.0,2.0,,0,1,,0,3.0,0,,0,1,,0,0,,30.0,,0,,0,,30.0,,1,,0,,0,,,,0,,0,0,15.0,0,,0,0,2.0,,,,0,,,,0,0,1,,,0,,,6.0,,,,,,0,,,,0,,0,,30.0,0,0,0,1,0,0,0,,,0,0,,1,,,,,,,0,0.0,,,0,,15.0,,0,30.0,0,0,0.0,,,3.0,0,,30.0,,0,6.0,,0,0,,,,0.0,1,0,0,,,30.0,,,0,,3.0,0.0,30.0,,,0,1,,,,,,1,0,0,,
10X024,,,40.0,0.0,,0,0,0.0,40.0,0,40.0,0,0.0,,1,0,,0.0,0,0,,40.0,0,0,40.0,,,0,0,0,,0,0.0,40.0,,0,0,7-12 hrs,0,,0,0,0,0.0,,0,2.0,0,0,0,1,0.0,,,40.0,0,0,0,40.0,0,0.0,0,0,0,,0,0.0,,,0.0,0,40.0,1.0,,0,0,,0,40.0,0,,0,0,1.0,0,0,40.0,40.0,40.0,0,0.0,0,,40.0,0.0,0,,0,,0,40.0,,,0,,0,0,20.0,0,,0,1,1.0,40.0,0.0,,0,,,,1,0,0,0.0,,1,,,0.0,,,,,0.0,0,,,,0,,0,40.0,40.0,0,0,0,0,0,0,0,,,0,0,0.0,1,,40.0,0.0,,Steven,,0,0.0,,40.0,0,,0.0,,0,40.0,0,0,0.0,,,40.0,0,,40.0,,0,2.0,0.0,0,0,40.0,,40.0,1.0,0,0,0,7-12 hrs,,40.0,,,0,,40.0,40.0,40.0,,,0,0,,,40.0,,,0,0,1,,40.0
02M376,,,,,,0,0,,,0,,0,1.0,,1,0,,0.0,0,0,,,0,0,,,,0,0,0,,0,,,,0,0,,0,,0,0,0,,,0,0.0,0,0,0,0,0.0,,,,0,0,0,,0,1.0,0,1,0,,1,,,,,0,,4.0,,0,0,,0,,0,,0,1,1.0,0,0,,,,1,,0,,,,1,,0,,1,,,,0,,0,0,,0,,0,1,1.0,,,,0,,,,0,0,0,0.0,,0,,,3.0,,,,,,0,,,,0,,0,,,0,1,0,0,0,0,0,,,0,0,0.0,1,,,0.0,,Michelle,,1,,,,1,,,,1,,0,0,0.0,,,,0,,,,0,3.0,,0,0,,,,1.0,0,0,0,1-6 hrs,,,,,0,,,,,,,0,1,,,,,,1,0,0,,
06M209,,,,,,0,0,,,0,,0,0.0,,1,0,,1.0,0,0,,,0,0,,72.0,,0,0,0,,0,,,,1,0,31+ hrs,0,,0,0,0,,,0,2.0,0,0,0,0,,,,,0,0,0,,0,0.0,0,1,0,,1,,,,,0,,4.0,,0,0,,0,,0,,0,1,1.0,1,0,,,,1,,0,,,,1,,0,,0,,,,0,,0,0,72.0,0,,0,0,0.0,,,,0,,,,0,0,0,0.0,,0,,,0.0,,,,,,0,,,,0,,0,,,0,0,0,0,0,0,0,,,0,0,0.0,1,,,0.0,,,72.0,1,,,,1,,,,0,,0,0,0.0,,,,0,,,,1,1.0,,1,0,,,,1.0,0,0,0,31+ hrs,,,,,1,,,,,,,0,1,,,,,,1,0,0,,
13K412,,,,,,participating in arts projects,0,,,0,,0,1.0,13-18 hrs,1,0,,4.0,0,0,Aperture Photography,,0,0,,,,0,0,0,,0,,,,1,0,31+ hrs,0,,0,0,0,,,0,2.0,0,0,0,0,4.0,,,,0,0,0,,0,2.0,0,1,0,,1,,,,,0,,4.0,,1,1,,0,,0,,0,1,1.0,0,0,,,,1,,0,,,,1,,0,,0,,,,0,,0,0,100.0,0,,0,1,2.0,,,,0,,,,1,0,0,,,0,,,2.0,,,,,,0,,,,0,,1,,,0,1,0,1,0,0,0,,,0,0,1.0,1,,,,,niky,,1,,,,1,,,,0,,0,0,2.0,,,,0,,,,0,2.0,,0,0,,,,1.0,1,0,0,13-18 hrs,,,,,0,,,,,,,0,1,,,,,,1,0,0,,
10X209,,,,,,0,0,,,0,,0,2.0,,0,0,1-6 hrs,3.0,0,1,,,1,0,10.0,,,0,0,0,,0,10.0,,,0,0,,0,,0,0,0,,,0,0.0,0,0,0,0,3.0,,,,0,0,0,10.0,1,2.0,0,0,0,,0,,,,,0,,3.0,,0,0,,0,10.0,0,,0,1,0.0,0,0,,10.0,,1,,0,,10.0,,0,,0,,1,,,,0,,0,0,10.0,0,,0,1,2.0,,,,0,,,,0,0,0,12.0,,0,,,0.0,,,,,,0,,,,0,,0,,40.0,0,0,0,1,0,0,0,,,0,0,0.0,0,,,12.0,,Christine,,0,10.0,,,1,,,,1,,0,0,0.0,,,,0,,,,0,4.0,,0,0,,,,0.0,1,0,0,,,10.0,,,0,,10.0,,10.0,,,0,0,,1-6 hrs,,,,0,0,0,,
20K104,,,1.0,,,0,0,,0.0,0,,0,1.0,,1,0,,3.0,0,0,,0.0,0,0,1.0,0.0,,0,0,0,,0,0.0,,,0,0,7-12 hrs,0,,0,0,0,,,0,1.0,0,0,0,0,,,,0.0,0,0,0,2.0,0,1.0,0,0,0,,1,,,,5.0,0,0.0,2.0,,1,1,,0,1.0,0,5.0,0,1,1.0,1,0,1.0,0.0,1.0,1,1.0,0,,0.0,,1,,0,,0,0.0,,,0,,0,0,24.0,0,,0,1,0.0,1.0,5.0,,0,,,,0,0,0,0.0,,0,,,13.0,,,,,5.0,0,,,,0,,0,,0.0,0,1,0,1,0,0,0,,,0,0,0.0,1,,,0.0,,Courtney,8.0,1,0.0,,5.0,1,,5.0,,0,0.0,0,0,10.0,,,1.0,0,,5.0,,1,5.0,5.0,1,0,5.0,,,0.0,0,0,0,7-12 hrs,,1.0,,,0,,2.0,0.0,0.0,,,0,1,,,,,,1,0,0,,
21K188,,,0.0,,,Family arts Saturdays,0,0.0,10.0,0,0.0,0,0.0,,0,0,,2.0,0,0,,5.0,0,0,0.0,,,0,0,0,,0,0.0,,,0,0,1-6 hrs,0,,0,0,0,,,0,1.0,0,0,0,0,0.0,,,0.0,0,0,0,0.0,1,0.0,0,0,0,,0,,,,0.0,0,5.0,3.0,,1,0,,0,0.0,0,,0,1,,0,0,0.0,10.0,0.0,0,0.0,0,,10.0,,1,,0,,1,10.0,,,0,,0,0,6.0,0,,0,0,0.0,0.0,,,0,,,,0,0,0,0.0,,0,,,0.0,,,,,0.0,0,,,,0,,0,,0.0,0,1,0,0,0,0,0,,,0,0,,1,,0.0,0.0,,Patricia,,0,0.0,,0.0,0,,0.0,,1,18.0,0,0,0.0,,,0.0,0,,0.0,,0,2.0,0.0,0,0,0.0,,,0.0,0,0,0,,,0.0,,,0,,0.0,5.0,10.0,,,1,0,,,,,,0,0,0,,
14K454,,,,,,0,0,,,0,,0,0.0,,0,0,,2.0,0,0,,,0,0,,,,0,0,0,,0,,,,0,0,7-12 hrs,0,,0,0,0,,,0,1.0,0,0,0,0,0.0,,,,0,0,0,,0,0.0,0,0,0,,0,,,,,0,,1.0,,0,1,,0,,0,,0,0,0.0,0,0,,,,0,,0,,,,1,,0,,0,,,,0,,0,0,30.0,0,,0,0,0.0,,,,0,,,,0,0,0,0.0,,0,,,0.0,,,,,,0,,,,0,,0,,,0,0,0,1,0,0,0,,,0,0,1.0,1,,,0.0,,Lola,,0,,,,0,,,,0,,0,0,0.0,,,,0,,,,0,0.0,,0,0,,,,0.0,0,0,0,,,,,,0,,,,,,,1,1,,,,,,1,0,0,,
05M123,,,,,,0,0,,,0,,0,1.0,,1,0,,3.0,0,1,,,1,0,0.0,0.0,,0,0,0,,0,0.0,,,0,0,7-12 hrs,0,,0,0,0,,,0,1.0,0,0,0,0,0.0,,,,0,0,0,18.0,1,1.0,0,0,0,,1,,,,18.0,0,40.0,2.0,,0,0,,0,0.0,0,,0,0,1.0,1,0,,40.0,,1,,0,,40.0,,0,,0,,1,,,,0,,0,0,40.0,0,,0,0,0.0,,,,1,,,,0,0,0,12.0,,0,,,,,,,,,0,,,,0,,0,,0.0,0,0,0,1,0,0,0,,,0,1,0.0,1,,,0.0,,Jennifer,0.0,0,0.0,,0.0,1,,18.0,,1,40.0,0,0,,,,0.0,0,,0.0,,1,2.0,,1,0,,,,0.0,1,0,1,7-12 hrs,,0.0,,,0,,18.0,40.0,40.0,,,0,0,,,,,,1,0,1,,
17K138,,,0.0,,,0,0,,,0,,0,1.0,,1,0,13-18 hrs,0.0,0,0,,,0,0,20.0,0.0,,0,0,0,,0,0.0,,,0,0,13-18 hrs,0,,0,0,0,,,0,1.0,0,0,0,0,0.0,,,,0,0,0,20.0,0,1.0,0,0,0,,1,,,,0.0,0,0.0,1.0,,0,0,,0,20.0,0,,0,1,0.0,1,0,0.0,0.0,20.0,0,0.0,0,,0.0,,1,,0,,1,0.0,,,0,,0,0,20.0,0,,0,0,0.0,0.0,,,0,,,,0,0,0,,,1,,,0.0,,,,,,0,,,,0,,1,,0.0,0,0,0,0,0,0,0,,,0,0,0.0,1,,,,,Pascale,65.0,0,0.0,,0.0,0,,0.0,,1,0.0,0,0,0.0,,,0.0,0,,0.0,,1,0.0,,1,0,,,,0.0,0,0,0,,,0.0,,,1,,20.0,0.0,0.0,,,0,1,,,,,,1,0,0,,
10X396,,,0.0,,,0,0,,,0,,0,2.0,,0,0,7-12 hrs,3.0,0,1,,,1,0,11.0,,,0,0,0,,0,9.0,,,0,0,31+ hrs,0,,0,0,0,,,0,1.0,0,0,0,0,10.0,,,,1,0,0,0.0,0,2.0,0,1,0,,1,,,,15.0,0,0.0,6.0,,1,0,,0,11.0,0,,0,1,1.0,0,0,0.0,0.0,,0,9.0,0,,0.0,,1,,0,,0,,,,0,,0,0,24.0,0,,0,1,2.0,,,,0,,,,0,0,0,,,0,,,2.0,,,,,,0,,,,0,,0,,0.0,0,1,0,1,0,0,0,,,0,0,0.0,1,,,,,Linda,,1,9.0,,0.0,0,,15.0,,0,0.0,0,1,,,,0.0,0,,0.0,,0,9.0,,0,0,,,,0.0,0,0,0,13-18 hrs,,0.0,,,0,,0.0,0.0,0.0,,,1,1,,,,,,1,0,0,,
02M442,,,,,,0,0,,,0,,1,0.0,,0,0,,2.0,0,0,,,0,0,,36.0,,0,0,0,,0,,,,0,0,,0,,0,0,0,,,0,0.0,0,0,0,0,0.0,,,,0,0,0,,0,1.0,0,0,0,,0,,,,,0,40.0,1.0,,0,0,,0,,0,,0,1,0.0,1,0,,,,1,,0,,,,1,,0,,1,,,,0,,0,0,175.0,0,,0,0,0.0,,,,0,,,,0,0,0,0.0,,0,,,0.0,,,,,,0,,,,0,,0,,,0,0,0,1,0,0,0,,,0,0,0.0,1,,,0.0,,Roy,0.0,0,,,,1,,105.0,,1,,0,0,3.0,,,,0,,0.0,,0,0.0,,0,0,,,,0.0,0,0,0,,,,,,1,,,40.0,,,,0,0,,,,,,1,0,0,,
16K243,,,,,,0,0,,,0,,0,1.0,,1,0,,2.0,0,0,,,0,0,0.0,,,0,0,0,,0,,,,0,0,13-18 hrs,0,,0,0,0,,,0,1.0,0,0,0,0,0.0,,,,0,0,0,,0,1.0,0,1,0,,0,,,,,0,10.0,0.0,,0,0,,0,0.0,0,,0,0,,0,0,,0.0,,1,,0,,0.0,,1,,0,,1,,,,0,,0,0,10.0,0,,0,0,1.0,,,,0,,,,0,0,0,,,1,,,0.0,,,,,,0,,,,0,,0,,0.0,0,0,0,0,0,0,0,,,0,0,,1,,,,,William,,0,10.0,,,1,,0.0,,1,0.0,0,0,0.0,,,0.0,0,,0.0,,0,1.0,,0,0,,,,0.0,0,0,0,,,0.0,,,0,,0.0,10.0,0.0,,,0,1,,,,,,0,0,0,,
13K350,,,,,,0,0,,,0,,0,1.0,,1,0,,2.0,0,0,Hamilton,,0,0,,,,0,0,0,,0,,,,0,0,1-6 hrs,0,,0,0,0,,,0,1.0,0,0,0,0,0.0,,,,0,0,0,,0,1.0,0,1,0,,1,,,,,0,,2.0,,1,0,,0,,0,,0,1,1.0,0,0,,,,1,,0,,,,1,,0,,1,,,,0,,0,0,10.0,0,,0,1,10.0,,,,0,,,,0,0,0,0.0,,1,,,4.0,,,,,,0,,,,0,,0,,,0,0,0,0,0,0,0,,,0,0,0.0,1,,,0.0,,Keri,,1,,,,1,,,,1,,0,1,2.0,,,,0,,,,0,2.0,,0,0,,,,1.0,1,0,0,1-6 hrs,,,,,0,,,,,,,1,1,,,,,,0,0,0,,
14K018,,,,,,0,0,,,0,,0,1.0,,0,0,,0.0,0,0,Afro Latin Jazz,,0,0,0.0,,,0,0,0,,0,,,,0,0,1-6 hrs,0,,0,0,0,,,0,1.0,0,0,0,0,,,,,1,0,0,,0,0.0,0,1,0,,1,,,,,0,0.0,0.0,,0,0,,0,0.0,0,,0,0,0.0,0,0,,0.0,,0,,0,,0.0,,1,,0,,1,,,,0,,0,0,60.0,0,,0,0,1.0,,,,0,,,,0,0,0,0.0,,1,,,1.0,,,,,,0,,,,0,,0,,0.0,0,0,0,0,0,0,0,,,0,0,0.0,1,,,0.0,,Maritza,,0,8.0,,,0,,8.0,,1,0.0,0,0,2.0,,,0.0,0,,0.0,,0,1.0,,0,0,,,,0.0,0,0,0,,,0.0,,,0,,0.0,0.0,0.0,,,0,1,,,,,,0,0,0,,
02M124,,,0.0,,,"Chaperoning theatre club trip to Junior Theater Festival in Atlanta, GA and other arts field trips",0,,,0,,0,1.0,,0,0,,3.0,0,0,American Ballet Theatre,5.0,0,0,0.0,,,0,0,0,,0,0.0,,,0,0,31+ hrs,0,,0,0,0,36.0,,0,1.0,0,0,0,1,0.0,,,0.0,0,0,0,0.0,0,0.0,0,0,0,,1,,,,13.0,0,5.0,2.0,,1,0,,0,0.0,0,,0,1,1.0,0,0,0.0,0.0,0.0,1,0.0,0,,0.0,,1,,0,,1,0.0,,,0,,0,0,4.0,0,,0,1,0.0,0.0,3.0,,1,,,,0,0,0,0.0,,1,,,1.0,,,,,3.0,0,,,,0,,0,,0.0,0,0,0,0,0,0,0,,,0,1,0.0,0,,,0.0,,Ryan,,0,0.0,,0.0,1,,3.0,,1,10.0,0,0,7.0,,,0.0,0,,0.0,,0,3.0,36.0,0,0,0.0,,0.0,0.0,0,0,0,13-18 hrs,,0.0,,,0,,0.0,5.0,0.0,,,0,0,,,,,,0,0,0,,
12X478,,,,,,0,0,,,0,,0,1.0,,1,0,,,0,0,,,0,0,,,,0,0,0,,0,,,,0,0,24-30 hrs,0,,0,0,0,,,0,1.0,0,0,0,0,,,,,0,0,0,,0,,0,1,0,,1,,,,,0,,,,0,0,,0,,0,,0,1,0.0,0,0,,,,0,,0,,,,1,,0,,1,,,,0,,0,0,90.0,0,,0,1,,,,,0,,,,0,0,0,,,1,,,,,,,,,0,,,,0,,0,,,0,1,0,0,0,0,0,,,0,0,0.0,1,,,,,Keisha,,0,,,,0,,,,1,,0,0,,,,,0,,,,0,,,0,0,,,,0.0,1,0,0,,,,,,0,,,,,,,1,1,,,,,,1,0,0,,
02M006,,,0.0,,,0,0,,,0,,0,,,1,0,,4.0,0,1,Applause,0.0,0,0,0.0,,,0,0,0,,0,12.0,,,0,0,7-12 hrs,0,,0,0,0,,,0,1.0,0,0,0,0,1.0,,,0.0,0,0,0,0.0,0,,0,0,0,,1,,,,20.0,0,0.0,2.0,,0,0,,0,0.0,0,,0,0,1.0,0,0,0.0,0.0,0.0,1,12.0,0,,0.0,,0,,0,,1,0.0,,,0,,0,0,11.0,0,,0,1,,0.0,,,0,,,,0,0,0,0.0,,0,,,0.0,,,,,20.0,0,,,,0,,0,,0.0,0,0,0,0,0,0,0,,,0,0,0.0,1,,,0.0,,Lauren,,0,12.0,,0.0,1,,20.0,,1,0.0,0,0,0.0,,,0.0,0,,0.0,,0,1.0,0.0,0,0,18.0,,,0.0,0,0,0,19-23 hrs,,0.0,,,0,,0.0,0.0,0.0,,,0,0,,,,,,0,0,0,,
07X179,,,,,,0,0,,,0,,0,0.0,13-18 hrs,0,0,1-6 hrs,6.0,0,0,,,0,0,0.0,,,1,0,0,,0,0.0,,,0,0,,0,,1,0,0,,,0,0.0,0,0,0,0,,,,0.0,0,0,0,0.0,0,0.0,0,0,0,,0,,,,0.0,0,0.0,2.0,,1,0,,0,0.0,0,,0,0,0.0,0,0,,0.0,0.0,1,,0,,0.0,,0,,0,,1,0.0,,,0,,0,0,12.0,0,,0,0,0.0,0.0,,,0,,,,0,0,1,20.0,,0,,,5.0,,,,,0.0,0,,,,0,,0,,0.0,1,0,0,1,0,0,0,,,0,0,0.0,1,,,,,,,0,0.0,,6.0,1,,0.0,,1,0.0,0,0,2.0,,,6.0,1,,6.0,,0,2.0,,0,0,,,,0.0,1,0,0,,,0.0,,,0,,0.0,0.0,0.0,,,0,0,,,,,,0,0,0,,
20K229,,,0.0,,,0,0,0.0,0.0,0,0.0,0,1.0,,1,0,,0.0,0,1,Pinot's Palette,0.0,1,0,0.0,0.0,,0,0,0,,0,0.0,,,0,0,31+ hrs,0,,0,0,0,0.0,,0,2.0,0,0,0,1,3.0,,0.0,0.0,0,0,0,0.0,1,1.0,0,0,0,,1,,,,0.0,0,0.0,1.0,,1,0,,0,0.0,0,0.0,0,1,2.0,1,0,0.0,0.0,0.0,0,0.0,0,,0.0,0.0,1,,0,,1,0.0,,,0,,0,0,3.0,0,,0,1,0.0,0.0,0.0,,0,0.0,0.0,,0,0,0,,,1,0.0,0.0,2.0,,,0.0,,0.0,0,,,,0,,0,,0.0,0,1,0,0,0,0,0,,,0,0,,0,,0.0,,,Marie,0.0,0,0.0,,0.0,1,,0.0,,1,0.0,0,0,1.0,,,0.0,0,,0.0,,1,4.0,0.0,1,0,0.0,,0.0,1.0,1,0,0,24-30 hrs,0.0,0.0,,,1,,0.0,0.0,0.0,,,0,0,,,,,,0,0,0,0.0,0.0
18K285,,,,,,Outreach,0,,,0,,1,0.0,24-30 hrs,1,0,,1.0,0,0,,,0,0,,0.0,,0,0,0,,0,,,,0,0,,0,,0,0,0,,,0,,0,0,0,0,,,,,0,0,0,,0,0.0,0,0,0,25.0,0,,,,,0,,,,1,0,,0,,0,,0,1,,1,0,,,,0,,0,,,,1,,0,,0,,,,0,,0,0,,0,,0,1,0.0,,,,0,,,,0,0,0,,,1,,,2.0,,,,,,0,,,,0,,1,,,0,1,1,0,0,0,0,,,0,0,,0,,,,,Daisy,80.0,1,,,,0,,,,0,,0,0,1.0,,,,0,,,,0,5.0,,0,0,,,,0.0,0,0,0,,,,,,0,,,,,,,0,1,,,,,,0,0,0,,
